key_named,effect,t_conf,t_disc,status,p_real,p_coincidence
earn_in_week q1,-0.0002489560175028087,-2.308900420875283,2.559155111003186,rejected,0.0,0.010492691272494812
intraday20 q3,0.00026350674242966993,-1.37016953317419,2.9227286114954913,rejected,0.0,0.003469787990114987
mom_12_1 q3,-8.526268837534061e-05,-2.1693631611827997,2.0257285637781757,rejected,0.0,0.04279260791648022
r5_news q4,-0.00025351996414001317,-2.67045200568125,1.5152051954576387,rejected,0.0,0.1297204477797266
news5 q1,-0.00010456825868552875,1.6783096336877938,-2.397273467571302,rejected,0.0,0.016517590949362646
r5_news q2,0.00010699326945721953,2.9316293855355156,-1.1430985764193795,rejected,0.0,0.2529976652908617
news5 q4,-0.00034443542401203764,-2.7610757906751218,1.117874967011702,rejected,0.0,0.2636203978201798
rel_ind60 q2,0.0006951785111756219,2.6294686984010016,0.9961236561311897,rejected,0.01778569218371131,0.3191900671848628
frog q0,-0.0006821777387354439,-2.3211679308305113,-1.0715469216727946,rejected,0.01784626738957255,0.2839235847484716
r1 q2,-0.00020488831545289028,-1.9838550248263214,1.3565639561928164,rejected,0.0,0.17491980089925793
r5 q1,0.0005706602220266688,2.12047933178436,1.0736825423662057,rejected,0.01682341335966063,0.2829649883778411
days_to_earn q1,5.895422333270149e-05,1.5411206680378937,-1.5548627144383609,rejected,0.0,0.1199787690314004
news5 q2,0.00014934146074862262,2.6982850177121644,0.32999066318868336,rejected,0.03165584521386058,0.7414070170368257
range_compress q2,0.0005387810034637937,1.442932449554439,1.5423444834545825,rejected,0.050826374781800646,0.12298990463222338
dist_52wh q1,-0.00033758683182448615,0.3664860600336725,-2.4342296537610872,rejected,0.0,0.014923523241202273
range_compress q3,5.514732269372292e-05,-1.0539020839209419,1.666512905890877,rejected,0.0,0.0956112998297052
ev_agreement q2,9.538909425436974e-05,2.402533445823898,0.3109521562964494,rejected,0.024786020384817843,0.7558369934806124
dist_ma50 q3,0.0001953624342983793,-0.6931934815966866,1.9898700712058366,rejected,0.0,0.0466052500216109
vol_ratio q3,-0.00013862116729203972,-1.6541529694172163,1.0256385139738822,rejected,0.0,0.30506200636303865
skew60 q1,-9.12121619273506e-05,-1.5491145624136007,1.1106006020636625,rejected,0.0,0.2667403035186488
mom_12_1 q0,-0.0004163279489211281,-0.35430225176812497,-2.2486196370122093,rejected,0.0,0.024536705977247983
r20 q3,0.00029016085931888143,-0.43448751646432154,2.1632336247321717,rejected,0.0,0.030523215295612992
ear q1,-0.0004386433638953034,-0.384090300653563,-2.2072134865843034,rejected,0.0,0.027299147993856937
min20 q4,0.0004630599983076201,0.6929009871278965,1.8865061369323022,rejected,0.044835877955264926,0.05922678220303681
vol_surge1 q2,0.0003383616495720439,2.080879263207001,-0.48962753319068286,rejected,0.0,0.6243974896112372
r20 q4,-0.00022960335835557077,0.6128503215051808,-1.930020705205034,rejected,0.0,0.05360427233006041
skew60 q3,-1.3771231523876962e-05,1.0329342779420616,-1.5029952683831211,rejected,0.0,0.13284026414428252
rel_ind60 q1,-0.00048561030674530107,-1.3791749936255724,-1.110433767887322,rejected,0.014929451258199684,0.26681215381963647
days_since_earn q0,-0.00011992182124516137,-1.5842729067180545,0.8848609632744443,rejected,0.0,0.37623162443658464
log_dv q0,-1.6785682251225793e-05,-1.186747683912526,1.2671733673927223,rejected,0.0,0.20509330644733087
ev_offering q2,4.4480421337932454e-05,1.441377398791305,0.9112701813257615,rejected,0.029825322659657164,0.3621530336963524
days_to_earn q4,-0.00011898880790909346,-1.4676456545612164,0.8803198043275847,rejected,0.0,0.37868608699160766
ev_agreement q4,-0.0004008126531359258,-2.080822208297515,-0.2664896061376335,rejected,0.022788129753728837,0.789862163187885
range_compress q0,-0.000390025985904019,-0.7572165300296864,-1.5298989428387433,rejected,0.047822674358443,0.126041745094189
mom_12_1 q2,0.000395610148783398,0.4310893629973494,1.782816105241572,rejected,0.022786180975913152,0.07461624321567022
gap_today q0,0.0003665547821511331,0.14442482647981889,2.039759529330932,rejected,0.0,0.04137428252838839
log_dv q1,0.0003765998188667303,0.36575210639098754,1.8150918086214654,rejected,0.026118976174429678,0.0695098018104252
dist_52wh q3,0.0003922586798442376,0.8124822199613003,1.3640934065935495,rejected,0.033677178574509165,0.17253816966164434
rel_ind60 q0,-0.00028977786005386457,-1.9889593984733058,0.18253113652702693,rejected,0.0,0.8551659213669219
vol_ratio q4,-0.00014088902434734036,0.659875764389683,-1.4987195640710596,rejected,0.0,0.13394639913610276
days_since_earn q1,0.00038601375511881865,0.5039942262948307,1.6100996536802998,rejected,0.012409563275134431,0.1073761026931348
vol_surge5 q2,0.00023753803676653012,1.6680392693433745,-0.44472091934689,rejected,0.0,0.6565214496081073
ind_mom60 q0,-9.703631919679893e-05,0.6749978731139495,-1.4376996828468949,rejected,0.0,0.15051928313601023
ev_red_flag q2,-4.682420156751175e-05,0.20597477675747947,-1.883205399638986,rejected,0.0,0.059672537579039106
log_dv q3,-0.00029281409954388764,0.14622845658120365,-1.9411798099455582,rejected,0.0,0.052236471177047314
ear_volsurge q3,-0.0003839987648639253,-1.0818928331311837,-0.9934604759407215,rejected,0.01609646092997057,0.32048560250708436
r60 q1,-0.0003903808658161338,-1.5251371741724098,-0.534718779000778,rejected,0.03315804149094593,0.592844333952507
overnight20 q2,0.00038211984853784187,1.5252392203655558,0.5170812276354056,rejected,0.03238663897575529,0.605099457436584
days_since_earn q3,-9.81579136434684e-06,0.7856151984108758,-1.222453331263141,rejected,0.0,0.2215362419392516
vol_surge5 q4,-0.00027288280480044835,-1.69117141582563,0.3148282599620245,rejected,0.0,0.7528920536653887
gap_today q3,-0.00023419446423610026,0.20358358782757707,-1.7939519299025934,rejected,0.0,0.07282084172808156
rel_ind20 q4,-0.00017679365120980013,0.4437949263811946,-1.5200509498701622,rejected,0.0,0.12849817093984908
overnight20 q0,-0.00035228498872798904,-1.5484079102586097,-0.404180802071903,rejected,0.02760922691790945,0.6860797699859551
atr_pct q1,-3.866774212606212e-05,-0.9844397060608172,0.9596301759349353,rejected,0.0,0.337241376240355
intraday20 q4,-0.0001648282349952548,0.5083368289286739,-1.408833053341472,rejected,0.0,0.15888453898091
range_compress q1,-5.3720828197166155e-05,0.7485564525305018,-1.1663792029047357,rejected,0.0,0.24346116322773484
intraday20 q2,-0.0003321443050020423,-0.5448112712701078,-1.3698828693715657,rejected,0.03096007368068272,0.17072346800330843
ev_offering q4,-0.00021727961053869522,-1.2470393442347332,-0.6638187821273032,rejected,0.02580187068820037,0.5068063030405321
ev_red_flag q4,7.861382784112596e-05,-0.18819121358483865,1.7215462818956992,rejected,0.0,0.08515174135548065
r5 q3,-0.00037350608136707276,-1.3788495003005157,-0.5240309684988304,rejected,0.030964797753848285,0.6002570004796275
log_dv q4,-0.00015611288819126657,0.38825446007050896,-1.5040128136687694,rejected,0.0,0.13257806746035164
ind_mom20 q4,-0.00017623999898499853,0.37444421190234495,-1.5018696659249915,rejected,0.0,0.13313077203666332
overnight20 q3,-0.00030185117021220496,-0.06756843351991096,-1.795928411723707,rejected,0.022960059323423283,0.07250590316379904
rel_ind20 q2,0.00034507102080969887,1.3799313515166745,0.4766320843187191,rejected,0.03607513139243661,0.6336241324211316
rel_ind60 q4,0.00010631843054320292,1.0731277876128544,-0.7541201329061559,rejected,0.0,0.45077708929282484
frog q2,0.00031370013042985635,1.085058072680987,0.7224912867528751,rejected,0.024397855466298732,0.4699924804776727
r5 q4,-0.00025493899878689154,-1.5836573609798945,0.21804754335116192,rejected,0.0,0.8273920682769759
vol_surge1 q3,-0.00018001558428680885,0.32088146444472415,-1.4614949132271875,rejected,0.0,0.1438796705110094
dist_52wh q0,-0.00029264088993825925,-1.328966661998568,-0.4165547140711171,rejected,0.028766794045662153,0.6770041392629909
r20 q1,1.5911867055065818e-05,0.7187387980577179,-1.0088847637172522,rejected,0.0,0.3130299031177607
ins_buyers30 q2,6.414817717414667e-05,0.8018909572331573,0.9056176980808378,rejected,0.02656646673833033,0.36513823797609246
ins_value30 q2,6.414817717414667e-05,0.8018909572331573,0.9056176980808378,rejected,0.02656646673833033,0.36513823797609246
ind_mom60 q2,-0.00037338091757653036,-1.5558760774027651,-0.143477427489234,rejected,0.018950563800335347,0.8859131370515053
days_to_earn q2,-0.00022355434660842642,0.1450179766322966,-1.5505364524074134,rejected,0.0,0.12101281129210084
atr_pct q0,0.0002925325256850968,0.41763602654243265,1.2778993766129183,rejected,0.0437934697875248,0.2012849079175124
vol_surge1 q0,-8.674180899596274e-05,-1.018450601247216,0.6434783817062294,rejected,0.0,0.5199137379090073
vol20 q0,0.0001915550818986154,-0.20093308769322393,1.4495016667665357,rejected,0.0,0.14719753520284262
close_loc q3,0.00031578842604774554,1.0197634947812646,0.6236955619662276,rejected,0.01503940564732088,0.532827538237169
frog q1,0.0003072746514520132,1.0246303916213453,0.5634366524479983,rejected,0.02622532948681886,0.5731375848217438
r1 q3,0.00020126184479173981,1.2535723239657506,-0.326764251009457,rejected,0.0,0.7438461999770359
atr_pct q2,-0.000280531868287488,-0.5689587298282011,-1.0071182519440043,rejected,0.015555728697206127,0.31387795113734623
r5_nonews q4,-0.0002951653808957563,-1.3466990009844897,-0.22133898804470606,rejected,0.012783804790817237,0.8248284946394414
close_loc q2,-0.0001531239741641092,-1.2106966283236333,0.3525768879674327,rejected,0.0,0.7244056669604977
r120 q0,-0.0002767531404826125,-1.318493648756999,-0.24294274113876282,rejected,0.01859905801293385,0.8080497545836638
ins_officer30 q2,3.698291348412105e-05,0.09830842395192926,1.4587895288312667,rejected,0.028442955761303103,0.14462304550998353
r5 q0,9.123968657953018e-05,1.0059749301576706,-0.5445446581280114,rejected,0.0,0.5860667259853529
r120 q3,0.000295943019851228,1.137295924628011,0.39223170362680826,rejected,0.03338748774055781,0.6948870210189088
r60 q3,0.00026952345711591606,0.40684834228667877,1.1199293563482706,rejected,0.00855322403916849,0.2627438672415923
r5_nonews q0,0.0001886276141154865,1.261973673655375,-0.25881362575532835,rejected,0.0,0.7957790441670947
dist_52wh q4,0.0002788565342375136,0.5557511893862163,0.9523712600125201,rejected,0.018308983204604914,0.3409087296778457
ins_buyers30 q4,-0.00020258183721352357,-0.7452017898194152,-0.7548918368117143,rejected,0.026688949392828138,0.4503138841956303
ins_value30 q4,-0.00020258183721352357,-0.7452017898194152,-0.7548918368117143,rejected,0.026688949392828138,0.4503138841956303
vol_ratio q0,0.00028091092254347466,0.9848360005684458,0.5118579958428051,rejected,0.0284188790554412,0.6087503973627086
ear_volsurge q0,0.00027257112389222985,0.20177872556810392,1.288934076440378,rejected,0.03896989766238381,0.1974210060431053
frog q3,-0.00024106027482244125,-0.19779876467676127,-1.2725928983563366,rejected,0.04035270195878076,0.20316253992652475
vol_surge1 q4,-0.00022622337551348284,-1.2823219167130842,0.18341319607852727,rejected,0.0,0.8544738225242579
rel_ind20 q3,5.688688728015188e-05,-0.47347062547085145,0.9451977166467749,rejected,0.0,0.3445579449717505
days_to_earn q3,0.0002641801068693599,0.00920110979916755,1.4054339770458133,rejected,0.020262391367060564,0.15989226917710533
max20 q2,0.0002672359671489773,1.0727343149101323,0.33428531277134654,rejected,0.02696584254765109,0.7381642723169941
max20 q1,-0.00024331594506002833,-1.3403527118831864,0.05747553813600998,rejected,0.0,0.9541663916289161
r60 q4,0.00017795839605491868,1.0836815586643667,-0.311900053377497,rejected,0.0,0.7551164819375424
dist_ma200 q4,0.00023896404811196226,1.272115312895435,-0.11750250415472792,rejected,0.0,0.9064618597633135
dist_52wh q2,0.00022575368550878407,0.1086320047633015,1.2793739139728744,rejected,0.03343644988150433,0.2007654153856352
vol_surge1 q1,0.00023290002040057378,0.30949589056021515,1.0723121716779023,rejected,0.01144599068134687,0.2835798415855935
frog q4,0.0002586108857613093,0.7179771701313142,0.6538078476705393,rejected,0.020390791058647134,0.5132356098924433
mom_12_1 q4,0.00013688965068414275,0.9348710529801229,-0.4309575508273045,rejected,0.0,0.666499236160599
ins_officer30 q4,-0.00015246179352216345,-0.09046630049887947,-1.2606591152805895,rejected,0.04236764745191736,0.2074316901853215
dist_ma200 q3,7.511284638239572e-05,-0.36112418279510605,0.9813067486771828,rejected,0.0,0.32644149573284403
max20 q0,0.0002318286792227307,0.32712537562241073,0.983665551539935,rejected,0.011495164296874558,0.32527998286649923
ins_opportunistic30 q2,3.5653381004536296e-05,0.9518233130014885,0.3574700244978559,rejected,0.02914014359367947,0.7207399627435999
atr_pct q3,0.00026564085421409284,1.2789644547921142,0.02654063000570999,rejected,0.004055194879618992,0.978826126944128
ind_mom60 q3,0.00012794102470916032,-0.30309728310679274,0.9975151032745645,rejected,0.0,0.31851454648286603
min20 q1,-0.00023005119794742201,-0.32356550895323005,-0.9717122312550294,rejected,0.016300030422573438,0.3311937301485101
r5_news q0,-0.00016346777134509328,-1.138026357612033,0.1443142249155229,rejected,0.0,0.8852523460318322
ind_mom60 q1,0.0002207267879031785,0.12105437463837751,1.1495092083873995,rejected,0.016911581002666338,0.2503460719097186
earn_in_week q4,-9.643350688235823e-06,0.4723660228140095,-0.7849955519016699,rejected,0.0,0.43245617657145086
dist_ma200 q1,-0.00014241416011154137,-0.8743961414925628,0.38244505380696514,rejected,0.0,0.7021312774549922
ear_volsurge q1,-1.9576561458216484e-05,0.5181516237594138,-0.6902445273433963,rejected,0.0,0.49004042604657155
r20 q0,-6.199144619661259e-05,-0.7191170672039483,0.4879796035596218,rejected,0.0,0.6255642882915581
max20 q3,2.6534581912004287e-05,0.5822295974292359,-0.6025573934660416,rejected,0.0,0.5468031714685562
vol_ratio q1,5.536126251799944e-05,-0.4386243920996227,0.741615815116613,rejected,0.0,0.4583201386992542
ind_mom60 q4,0.0001143396288599356,0.8406910614620325,-0.32796685702950923,rejected,0.0,0.7429367221166594
ind_mom20 q3,0.00021265564476703627,0.35504264997082624,0.8015144489987409,rejected,0.017161705149760332,0.4228338826622411
gap_today q4,-0.00020855237087781252,-0.11697533185522037,-1.0302145495736694,rejected,0.006028135361011223,0.3029093012290416
range_compress q4,0.0001992002883906633,0.24984945520196547,0.8957578827641798,rejected,0.019734196668896063,0.3703820885599167
min20 q3,-0.0002162943460775744,-0.7886165027003917,-0.3439550628901739,rejected,0.023826344078428863,0.7308800810737184
ear q3,7.693650493447398e-05,-0.3252955179593689,0.8046151814769446,rejected,0.0,0.4210417787076568
dist_ma50 q4,-9.962631158802365e-05,0.2591760586075164,-0.8581223115735086,rejected,0.0,0.39082492843621797
ins_opportunistic30 q4,-7.960175580203703e-05,-0.843628668290579,-0.2698821248178139,rejected,0.017767301062114736,0.7872509394093616
min20 q2,7.397752037809553e-05,0.674106326628714,-0.43936665487463494,rejected,0.0,0.6603958839366166
overnight20 q1,0.00019065134937604729,0.39812901186318744,0.6794196344357099,rejected,0.017495130810051582,0.4968720126516948
ear q0,0.00019228365340957112,0.33453916350689655,0.7311206057326538,rejected,0.02307497952246649,0.4647054891827052
dist_ma50 q1,6.803648158266902e-05,0.6067356024265197,-0.4242408923482128,rejected,0.0,0.6713901410968203
rel_ind20 q0,-0.00011350305347966857,-0.7359055365543021,0.2895712866243761,rejected,0.0,0.7721442362069256
atr_pct q4,-0.0001633989449044374,-0.32776208593595324,-0.6884668349697847,rejected,0.015444028005890969,0.4911588483723972
ind_mom20 q0,-8.867469323116491e-05,-0.7273136712230893,0.2853523548633155,rejected,0.0,0.7753742059722839
r120 q4,0.0001909113018578175,0.9251880531630359,0.08700382029218955,rejected,0.011336509677062805,0.9306684754708506
vol20 q4,-0.00016731466208008605,-0.39587630151224285,-0.6011650624451952,rejected,0.013573746161189846,0.5477300520567452
vol_surge5 q3,0.00016722547257719836,0.9522089161395859,-0.03642433143332505,rejected,0.0,0.9709440133712928
days_since_earn q4,-0.00013054449981149933,0.08081695798703177,-0.9062300841982792,rejected,0.0,0.3648140827186325
max20 q4,-0.0001707623649698064,-0.5372866540801223,-0.4379494273604433,rejected,0.019075748610632,0.6614229442423882
r1 q4,-0.00017580861740448976,-0.15328193871344387,-0.815124837052759,rejected,0.015200715969995794,0.4150008560329683
r5_nonews q2,0.00016362905381404755,0.20791717358416162,0.7561137362545781,rejected,0.019022385185721833,0.44958100693653724
vol20 q3,5.669515512419053e-05,0.5400662759505156,-0.41836772960751817,rejected,0.0,0.6756782768842922
days_since_earn q2,-0.00012079376907161563,0.07326695110468595,-0.8148158671102494,rejected,0.0,0.4151777170672875
intraday20 q1,0.00015397124684533617,0.810477310619644,-0.07546412343847478,rejected,0.0,0.9398454414617482
close_loc q1,-3.1330196252925484e-05,0.2961240284092354,-0.5898083570209472,rejected,0.0,0.5553191392824697
earn_in_week q2,3.9641045095162964e-05,0.48958733489781026,0.3929063242221452,rejected,0.025835095903880258,0.6943886704077231
skew60 q2,0.00013341083647394172,0.7710560227439117,-0.10913978970898397,rejected,0.0,0.9130916157461038
vol_surge5 q1,4.3595892720007745e-05,-0.30339123476488095,0.5659136638384692,rejected,0.0,0.5714524725274175
r1 q1,7.828588965287013e-05,-0.18347267181034876,0.6648291210223941,rejected,0.0,0.5061597944017396
vol_surge5 q0,-0.0001604691842121276,-0.4830761921805344,-0.36404131189769096,rejected,0.023041721245016085,0.7158271604014546
r60 q0,-0.00014187002261626552,-0.837195984693683,0.009372129683950231,rejected,0.0,0.9925222318940495
dist_ma200 q0,-0.00014253426659360224,-0.5027465924593065,-0.33715474967965453,rejected,0.021511387898371554,0.736000246730548
vol20 q2,6.8255605283914236e-06,0.3838438427875061,-0.45520267947682164,rejected,0.0,0.6489634330021672
rel_ind60 q3,0.00014737157304169017,0.04100996080710409,0.7954000585312467,rejected,0.013896963307916996,0.4263808259100218
r1 q0,8.814619891951627e-05,0.6402610954935064,-0.1708438218619201,rejected,0.0,0.8643465707218473
gap_today q1,-0.00014484984617963847,-0.3504884518540416,-0.4575234761251256,rejected,0.019832333682117335,0.6472948323373573
ind_mom20 q1,-5.600045903426333e-06,-0.3523022393691964,0.45204295188045757,rejected,0.0,0.6512380400419324
r5_nonews q1,4.734156842023465e-05,-0.22884075251346211,0.559134205026805,rejected,0.0,0.5760701322692543
gap_today q2,0.00013989519575700182,0.04184205763278053,0.7277263029620987,rejected,0.018168274022489345,0.4667811457160783
overnight20 q4,0.00014002621987989637,0.009961994531710993,0.7506394977661978,rejected,0.018371881225011488,0.4528696436991353
ear_volsurge q4,0.0001349758261689304,0.20356754479910985,0.5570134886455754,rejected,0.019560117575335476,0.5775182133050447
vol_ratio q2,-8.758875462582633e-05,0.09451920416237344,-0.6610121357019768,rejected,0.0,0.5086045309239335
ear_volsurge q2,-9.540351343257554e-05,0.05833195551827085,-0.684188509822899,rejected,0.0,0.49385613689945446
close_loc q4,-3.096383039987051e-05,-0.40370282077635483,0.3234729172261328,rejected,0.0,0.7463371149069408
dist_ma50 q2,-2.1761485445928146e-05,-0.3615306948634338,0.33147968133234046,rejected,0.0,0.7402821862341208
r60 q2,9.092559093628633e-05,0.5449446677063282,-0.13747964949035998,rejected,0.0,0.8906516773542624
r120 q2,-1.4146312307522687e-05,-0.3508514682182304,0.31897099416315294,rejected,0.0,0.7497485081053091
r5_nonews q3,-0.00011733640345856375,-0.20145365808035123,-0.44880288109098754,rejected,0.015523211000407601,0.6535738602002945
r120 q1,-0.00010205192570067607,-0.14973274878761697,-0.4397897808635854,rejected,0.013052122664034611,0.6600893697263139
dist_ma200 q2,-5.3254474254427934e-05,0.12312750104272357,-0.46232594343672617,rejected,0.0,0.6438475977890257
close_loc q0,-8.822328780256077e-05,0.057478986278750255,-0.5200594084183952,rejected,0.0,0.6030221689555159
min20 q0,-9.100419816033188e-05,-0.3154352452981094,-0.2314905568127287,rejected,0.0120562106528584,0.8169337208024554
ind_mom20 q2,0.00010563681701283976,0.42665873992865616,0.10380781490967601,rejected,0.011447156889956555,0.9173218645783088
mom_12_1 q1,9.960779604160783e-05,0.30294406901518406,0.20408732781299666,rejected,0.008162437205737602,0.8382852568739911
skew60 q4,-3.799255771833542e-06,-0.23411590525183942,0.26241319070514335,rejected,0.0,0.793002904202865
r20 q2,8.763938604592502e-05,-0.017065349029050637,0.4780663043282773,rejected,0.0,0.6326030139073722
days_to_earn q0,4.5253202633618274e-05,-0.05497315242027863,0.40427879262303823,rejected,0.0,0.6860077186517873
log_dv q2,8.075885564173832e-05,0.40530396026049825,0.030189460998861013,rejected,0.0040581875966177435,0.9759159536065248
intraday20 q0,5.093568398486106e-05,0.32824112525950616,-0.07245329020897484,rejected,0.0,0.9422411767355827
ear q4,6.871825960097722e-05,0.03616481585795306,0.3502483305849157,rejected,0.016390168097472017,0.7261523384398979
ear q2,-1.3167803379319182e-05,0.14464596238829802,-0.23799135944855468,rejected,0.0,0.8118877958545078
vol20 q1,5.109851128509912e-05,-0.01179505738186473,0.35151295688079515,rejected,0.0,0.7252035537279353
rel_ind20 q1,-2.4037484010996237e-05,-0.20216750273314943,0.0874274621865007,rejected,0.0,0.9303317412808643
dist_ma50 q0,-4.953203618292756e-05,-0.02654674994370178,-0.2504891966858782,rejected,0.010344623804127234,0.8022090582594631
r5 q2,4.236562016024181e-05,0.13681236201622177,0.10327176684338137,rejected,0.009440817845945793,0.9177472825822858
ev_shelf q2,2.641019881588497e-06,0.16943621713745385,0.051620752211207356,rejected,0.0036486684761962637,0.9588308835100119
skew60 q0,-1.5662198860796604e-05,-0.13171097998499798,0.04980160245794919,rejected,0.0,0.9602804896927927
dist_52wh q2 & earn_in_week q1,4.639447440019559e-05,-2.042986597552438,3.3207188312729485,rejected,0.0,0.0008978594059171005
earn_in_week q1 & ins_officer30 q2,-0.00022758486588357697,-2.3390603240518097,2.7394736685277254,rejected,0.0,0.0061537643946708
dist_52wh q1 & overnight20 q3,-8.275526496085686e-05,1.813870791268376,-3.0442898536592256,rejected,0.0,0.0023323031014923353
log_dv q1 & r5 q1,0.0007845417736577133,2.179522504208108,2.5811143888511974,rejected,0.0,0.00984819440392014
earn_in_week q1 & ev_red_flag q2,-0.00031262589545429234,-2.5193002334475083,2.1756621583562334,rejected,0.0,0.029580531760526215
intraday20 q3 & r1 q2,-5.5445564904200907e-05,-2.0208781610784445,2.474576265532166,rejected,0.0,0.013339433670206013
gap_today q0 & vol_surge1 q1,0.0005736679825534612,2.205947020882713,2.261647595958095,rejected,0.0,0.02371918485382103
log_dv q3 & rel_ind60 q1,-0.0007908226908635206,-2.7149500859746865,-1.7205565516944414,rejected,0.04106345133414307,0.08533132338990405
ind_mom60 q0 & log_dv q4,-0.00039339493447391723,0.7082266991339004,-3.670001176862854,rejected,0.0,0.0002425493518861721
news5 q1 & r20 q3,0.0006225005386233096,2.7614516822209447,1.542791748167886,rejected,0.053041515977278166,0.12288131226930282
ev_red_flag q2 & intraday20 q3,0.0003288001308529778,-1.215751631065247,3.0865472485313243,rejected,0.0,0.0020249576207218554
ev_red_flag q2 & r5_news q2,3.169493363384134e-05,2.2467183207868464,-2.0255834749830783,rejected,0.0,0.04280748636013177
ev_red_flag q2 & mom_12_1 q3,-7.044931845483922e-05,-2.1698526679227355,2.0974854518778034,rejected,0.0,0.0359506236812836
ins_officer30 q2 & intraday20 q3,0.00027241240221575986,-1.3397866031680967,2.924781080342868,rejected,0.0,0.003446986236724664
r1 q2 & range_compress q3,-0.00014258899190954682,-2.2081038880921655,2.0503576648139488,rejected,0.0,0.04032954122796705
gap_today q0 & vol_ratio q3,5.828681579666257e-05,-1.6174325881535265,2.58686505439732,rejected,0.0,0.009685351508650882
days_to_earn q1 & log_dv q4,2.8495640095844395e-05,1.7778830405113155,-2.419299091061851,rejected,0.0,0.01555044828022633
ear_volsurge q0 & news5 q1,-0.00046758119490789517,-0.3212326083497459,-3.873549869571161,rejected,0.0,0.00010726144548251233
ins_officer30 q2 & r5_news q4,-0.0002562814522441875,-2.6538203123439255,1.5389240031320623,rejected,0.0,0.12382285049260619
days_to_earn q4 & intraday20 q3,-1.105629013910731e-05,-2.096496757757846,2.02984413039859,rejected,0.0,0.04237238559469133
skew60 q3 & vol_ratio q4,7.528476490430672e-05,2.2211693117220883,-1.8973454081926397,rejected,0.0,0.057782365640945944
range_compress q4 & skew60 q0,0.0006724565307089722,1.4322660394771272,2.666656894094399,rejected,0.0,0.0076609838742757235
news5 q1 & r5_news q2,-0.00010456825868552875,1.6783096336877938,-2.397273467571302,rejected,0.0,0.016517590949362646
news5 q4 & r20 q3,-0.00023437317606279522,-2.714447100041521,1.3360496775018853,rejected,0.0,0.1815330365151526
ins_officer30 q2 & mom_12_1 q3,-7.422287474176129e-05,-2.064553636265409,1.985931769510986,rejected,0.0,0.047040900552729886
dist_ma50 q3 & mom_12_1 q0,-0.0005263726809972983,-2.582908747816491,-1.4603677525628562,rejected,0.05094270825971225,0.14418903049355095
ins_officer30 q2 & news5 q1,-9.543884857978454e-05,1.651661194254865,-2.368147566601235,rejected,0.0,0.017877403830578655
dist_ma50 q3 & earn_in_week q1,-7.517112174028215e-05,-2.0559475034986483,1.9328900604032395,rejected,0.0,0.05324974258480819
frog q0 & mom_12_1 q0,-0.00048682468576416427,-1.3968465566113317,-2.58451313478341,rejected,0.0,0.0097516590105462
days_to_earn q1 & gap_today q3,-1.1331067127319105e-05,1.305310622817747,-2.612892670177317,rejected,0.0,0.008977949191353612
mom_12_1 q3 & r5_news q2,-0.00010982636015452388,-2.08863802899093,1.8277843962083675,rejected,0.0,0.06758191595176524
ind_mom60 q1 & log_dv q1,0.0005826624921462303,1.6558429875590015,2.252611744771116,rejected,0.0,0.024283639936931303
intraday20 q3 & r5 q1,0.0006366079984025978,1.9371229365243334,1.951110019633083,rejected,0.018237842880013427,0.05104395956662664
earn_in_week q1 & range_compress q3,5.910786830821395e-05,-1.9567150898339887,1.912364742148853,rejected,0.0,0.0558294270162069
frog q0 & gap_today q0,-0.0001133369337742491,-1.8247865120511468,2.0436067235339173,rejected,0.0,0.04099241453183341
r5_nonews q0 & vol_surge5 q3,6.707614730744076e-05,2.184370774530331,-1.642181052455075,rejected,0.0,0.10055248818489915
intraday20 q3 & r5_news q4,-0.00035469979999309584,-3.316696330151601,0.5020678629757227,rejected,0.0,0.6156197852467523
r20 q4 & vol_ratio q4,4.180427377750102e-05,2.0113638673897434,-1.8029932893824396,rejected,0.0,0.07138926858101288
news5 q1 & r20 q1,-0.0001707412318859705,1.114397118611177,-2.6946034142442947,rejected,0.0,0.007047245409194958
frog q0 & mom_12_1 q3,-0.0002391454725592822,-2.4106954492398738,1.3939381696134832,rejected,0.0,0.16333627671222023
mom_12_1 q0 & rel_ind20 q4,-0.00044909763829184936,-0.33821986941821525,-3.449311238117424,rejected,0.0,0.0005620185113344474
gap_today q4 & mom_12_1 q0,-0.00020202883104843402,0.753771080747216,-2.993952601073644,rejected,0.0,0.0027538872283818013
days_since_earn q3 & days_to_earn q1,9.399680216123731e-05,1.7638694190526008,-1.9354197344540511,rejected,0.0,0.05293880956011042
r5_news q4 & range_compress q0,-7.137391279918557e-05,-2.6183352935037445,1.0628258880241026,rejected,0.0,0.28786091717429696
earn_in_week q1 & mom_12_1 q3,8.551764302567237e-05,-1.4462274463616536,2.220663818406263,rejected,0.0,0.026373739797549506
dist_ma50 q3 & news5 q1,0.0005186489064371681,2.806128268883543,0.8490007569749465,rejected,0.028428017181828278,0.39588087106632
dist_52wh q1 & r5_news q2,-0.00019441233082115894,1.1009184425309937,-2.544284211862911,rejected,0.0,0.010950194673206464
intraday20 q3 & vol_ratio q3,-5.751682765225552e-05,-1.963754137081827,1.672631040724593,rejected,0.0,0.09439995226169047
dist_52wh q3 & news5 q1,0.0005145173595574774,3.3076577334551835,0.3201789834382526,rejected,0.027655774449720203,0.7488326540659895
ear q1 & skew60 q1,-0.0006880552984129062,-3.082771514086283,-0.5345513754946918,rejected,0.03617130813182674,0.5929601147140127
atr_pct q2 & rel_ind20 q0,-0.0006157120594206979,-2.3560371236358035,-1.2575672578594181,rejected,0.07268736448100004,0.2085483008330651
intraday20 q3 & r20 q3,0.00021143175302072438,-1.0297978364595517,2.5802933295390558,rejected,0.0,0.009871642468381604
mom_12_1 q2 & r1 q2,-0.0003242124524959561,-2.4668906211309327,1.108989707670038,rejected,0.0,0.26743462206606716
days_to_earn q1 & vol_ratio q4,2.679568718811699e-05,1.4867258324888444,-2.084150184354576,rejected,0.0,0.037146508413727505
mom_12_1 q0 & skew60 q3,-0.00017908129207188538,0.5926003869384903,-2.966969216460552,rejected,0.0,0.0030075106916746543
intraday20 q4 & skew60 q3,0.00013590812072295373,1.9747256727210452,-1.5555583345521198,rejected,0.0,0.11981315292700823
gap_today q0 & news5 q4,3.059583873465278e-05,-1.515382689486617,2.0061466273398842,rejected,0.0,0.0448406063377861
days_since_earn q3 & gap_today q3,4.192414611026452e-05,1.4751293352201946,-2.0449127275964956,rejected,0.0,0.040863462900772515
ev_red_flag q2 & r5_news q4,-0.000254968363761605,-2.3081458418310357,1.2105411604316392,rejected,0.0,0.22607130662139874
dist_ma50 q1 & r120 q3,0.0005829568540216655,3.1705114192379704,0.3144264402015832,rejected,0.02778434089809852,0.7531971773102817
mom_12_1 q0 & news5 q4,-0.00023361353661610678,-2.6604148395881406,0.8161816506248785,rejected,0.0,0.41439624996388813
days_to_earn q2 & range_compress q0,-0.0004409027212485194,-0.051140207737734755,-3.42057550371895,rejected,0.0,0.0006248878696167274
gap_today q3 & intraday20 q2,-0.0006052362619342943,-1.6780179869208385,-1.7880652300156918,rejected,0.03651980358984257,0.07376548446237219
days_to_earn q2 & mom_12_1 q0,-0.00030206415891428093,0.5366160954478837,-2.914079401111531,rejected,0.0,0.003567391593905772
intraday20 q3 & r5_news q2,0.0004042609755448637,-0.5702889213596278,2.865073657412819,rejected,0.0,0.004169122543693591
ev_red_flag q2 & frog q0,-0.0006914548887003827,-2.2270903335832264,-1.1942737605123916,rejected,0.05676940794752313,0.23237089826097668
r20 q4 & skew60 q3,4.024418711663977e-06,1.295749559755222,-2.119958214889887,rejected,0.0,0.03400956928219236
r20 q4 & r5 q1,0.00022847796149212711,2.442186103796354,-0.9711546840764209,rejected,0.0,0.3314712560563323
ind_mom60 q3 & r60 q1,-0.0005306170976531936,-2.1199788626166134,-1.2880215938407058,rejected,0.06573337282405034,0.19773844645474917
ev_red_flag q2 & news5 q1,-0.00019626288515560728,0.9729109232356705,-2.4192191104472527,rejected,0.0,0.01555386809242926
rel_ind20 q4 & vol_ratio q4,9.126709113967253e-06,1.7211469497799332,-1.6625607348385838,rejected,0.0,0.09640039641404581
ev_red_flag q2 & r5 q1,0.000604467946878828,2.3563225213033294,1.0076551300802923,rejected,0.020342201617795014,0.31362005271143384
earn_in_week q1 & intraday20 q4,-0.0002754404084363516,-2.8822866711635124,-0.47896768173271986,rejected,0.03791235468956449,0.6319616202440868
dist_ma50 q3 & r1 q2,-0.0003243397862895989,-2.309062946423648,1.048385813396706,rejected,0.0,0.29446088705778795
ind_mom20 q4 & overnight20 q3,-0.0004203090675327859,0.27030920682517956,-3.082484614834481,rejected,0.0,0.002052803415855472
overnight20 q3 & r5 q1,-8.874887702946931e-05,1.5021540847332058,-1.8482178023184483,rejected,0.0,0.06457084107945847
dist_52wh q1 & r5_news q4,-0.00010991667941283081,-2.1155163424001153,1.2277237437993234,rejected,0.0,0.21955069005222416
earn_in_week q1 & r5_news q2,-0.00024632928906868597,-2.0115637321170095,1.3252188445770485,rejected,0.0,0.1850985768628023
r20 q4 & rel_ind60 q1,0.00011826399548700926,1.775221051628997,-1.559332145659853,rejected,0.0,0.11891778714559736
dist_ma50 q3 & r5_news q4,-0.00046197308798341717,-2.807849878180222,-0.5182719621137724,rejected,0.03463224898821237,0.6042685323185785
log_dv q4 & skew60 q3,-0.00015487929665869408,1.2376042807100496,-2.087337695022254,rejected,0.0,0.03685761965072842
min20 q4 & r1 q2,0.0002795480956705908,-0.9026520953712271,2.412640745681637,rejected,0.0,0.01583742139947895
ins_value30 q2 & r1 q2,-0.00021333816961988913,-1.9937743699920352,1.3083059823678838,rejected,0.0,0.19076954685098338
days_to_earn q3 & earn_in_week q1,-0.00012949115161890536,-1.9480669911077628,1.3479674406788236,rejected,0.0,0.17766885499572696
r20 q3 & r5_news q4,-0.00023681454387171816,-2.3237649725811518,0.9633142950631275,rejected,0.0,0.3353898216055959
r20 q4 & r60 q3,-0.0005372121460862963,-0.883183102798561,-2.3975853385306345,rejected,0.0,0.016503536144707447
days_since_earn q1 & intraday20 q2,5.0306411806790277e-05,-1.3986238374385997,1.8813343122995465,rejected,0.0,0.059926456274397424
intraday20 q3 & log_dv q0,6.0559614473358305e-05,-1.354447311470012,1.9123202246964368,rejected,0.0,0.05583513327189418
ear_volsurge q0 & intraday20 q3,0.00011264481950839085,-1.412943637203742,1.847711051013066,rejected,0.0,0.06464415443333325
r20 q4 & r5_news q2,-0.00012630042275903848,1.2078194337495178,-2.051309043157854,rejected,0.0,0.04023686037834882
ev_red_flag q2 & news5 q4,-0.0002867349513444427,-2.2899519448333945,0.9494874566177992,rejected,0.0,0.34237274859643374
dist_52wh q2 & min20 q4,0.0004492580545689425,-0.0724644003657539,3.164724250511495,rejected,0.0,0.0015522998977715494
gap_today q0 & r1 q2,5.1406409573477905e-05,-1.2848118034837048,1.9361525015629817,rejected,0.0,0.05284902592786319
dist_52wh q1 & ev_red_flag q2,-0.0002569033743817965,0.7533610584444858,-2.464599639660814,rejected,0.0,0.013716642020658235
log_dv q4 & vol_surge1 q3,0.00017134679026387995,1.9715121745625392,-1.2422646390733194,rejected,0.0,0.21413893747808105
dist_52wh q2 & r20 q3,0.00048124624056639374,0.7338732141134474,2.464857323960973,rejected,0.0,0.013706781878267746
intraday20 q4 & r20 q4,-0.0002714897405341156,0.772970770179693,-2.423445698445893,rejected,0.0,0.015374051520338883
intraday20 q4 & mom_12_1 q0,-0.0003601238386025199,-0.3540269435443613,-2.837231525215522,rejected,0.0,0.004550660005171104
mom_12_1 q3 & r1 q2,-0.00023274490272988927,-1.9717363795894738,1.211760579942107,rejected,0.0,0.22560404202980808
gap_today q4 & mom_12_1 q3,-1.952352975557846e-05,-1.6645316390370002,1.5122392255928836,rejected,0.0,0.13047301552370058
mom_12_1 q2 & r60 q3,0.0004884293798509383,1.9974211212642308,1.1717918578983646,rejected,0.03513052281554777,0.2412806324231219
mom_12_1 q2 & range_compress q2,0.00046110914271593094,1.5535940445154757,1.6154572366100546,rejected,0.025470188645327515,0.10621171387111798
log_dv q1 & r5_news q4,0.00012331463537177618,-1.0658509489528558,2.1014987871745037,rejected,0.0,0.03559720434483375
mom_12_1 q3 & r1 q4,-0.0001556673324581281,-1.942167591855906,1.2227000818242773,rejected,0.0,0.22144299607565396
days_to_earn q2 & r20 q4,-9.909592308821918e-05,1.223264321663013,-1.9343965668049323,rejected,0.0,0.05306438825635518
r5_news q4 & r5_nonews q2,6.284174423171402e-05,-1.2354986919502715,1.9097689037242314,rejected,0.0,0.05616297476399546
log_dv q3 & range_compress q0,-0.0003002635820166112,-0.41746494240539295,-2.727410112811198,rejected,0.0,0.006383364670753503
days_to_earn q1 & range_compress q0,-0.00018837392002524317,0.5599877643800203,-2.580613007917979,rejected,0.0,0.009862507088100691
days_since_earn q1 & dist_52wh q3,0.0004573477710385288,0.12774425712504558,2.9996257371922836,rejected,0.0,0.0027031152782821736
log_dv q2 & news5 q1,-0.00010501642130702393,0.981737934954355,-2.1402368898607267,rejected,0.0,0.03233562731659086
frog q3 & r1 q4,-0.00043758916153282553,-1.2764452408966567,-1.8407417844178409,rejected,0.047046831491188296,0.06565940755569813
r1 q2 & r20 q3,-0.00020285353618610088,-1.9008265098065742,1.2126264558869908,rejected,0.0,0.22527266932206594
r5 q2 & r60 q1,-0.00044384008603876675,-2.50208629369207,0.6103950957521836,rejected,0.0,0.5416001160826021
gap_today q3 & rel_ind20 q4,-0.00021410988759364296,0.6862278355692412,-2.423454072235192,rejected,0.0,0.015373697088604421
min20 q4 & r5_news q2,0.0005667298180090202,0.9610409213779102,2.148389087639554,rejected,0.0,0.03168285894645901
log_dv q0 & mom_12_1 q3,-0.00029478587113536284,-2.5489881762213824,0.5528414556702885,rejected,0.0,0.5803719787666061
mom_12_1 q3 & range_compress q3,-0.0002493968131180746,-2.0501600919082623,1.0477063264006705,rejected,0.0,0.29477393190521545
days_to_earn q4 & news5 q4,-0.00024712905331771267,-2.220268045610516,0.8648095022197769,rejected,0.0,0.3871433548521963
ear q2 & ind_mom60 q4,-2.0767107084090862e-05,1.38691442332576,-1.6784813446671873,rejected,0.0,0.09325316933924203
days_since_earn q1 & earn_in_week q1,-0.0001751467803692451,-1.926961583755548,1.1365585670971066,rejected,0.0,0.2557228690109415
days_since_earn q1 & intraday20 q4,-0.00033078508432142706,0.150197805891435,-2.911618268132579,rejected,0.0,0.0035956175914821807
mom_12_1 q3 & r20 q0,2.0056065584376223e-05,-1.3902166693009534,1.668682120318143,rejected,0.0,0.09518039440681739
log_dv q3 & vol_surge1 q3,-0.0002894162430151145,0.35778706408958727,-2.700500790371213,rejected,0.0,0.006923517252096526
intraday20 q3 & r60 q3,0.00011065196080002974,-1.0130778343739368,2.0448738090718783,rejected,0.0,0.04086730064501302
news5 q4 & vol20 q4,-0.0001724863771153022,-2.371635886409817,0.6841551293909559,rejected,0.0,0.4938772128575963
mom_12_1 q3 & range_compress q1,-0.0001091721188970097,-1.6358706955911426,1.4164818563378037,rejected,0.0,0.15663447264937144
days_to_earn q2 & ind_mom20 q4,-0.00013974749273471538,0.7883315143617893,-2.261500321797759,rejected,0.0,0.02372829279009432
mom_12_1 q0 & r20 q3,-0.00041023423565227226,-1.7552613652222728,-1.2902664504109722,rejected,0.06304017644434659,0.19695816121793694
ev_red_flag q2 & r1 q2,-0.00014113934843851812,-1.6848181037550567,1.3544041002073968,rejected,0.0,0.17560749021487057
days_to_earn q2 & rel_ind20 q4,-5.775583676439335e-05,1.3408546937866135,-1.696574496702023,rejected,0.0,0.08977713483176153
ins_opportunistic30 q2 & range_compress q2,0.000546134365277707,1.365555223701023,1.664832189363007,rejected,0.04013607076248894,0.09594623996806881
min20 q4 & range_compress q2,0.0005157470237213993,0.9195162669394116,2.102081048951844,rejected,0.0,0.03554617665610508
earn_in_week q1 & r5_news q4,-5.134855399325386e-05,-1.7647891411476082,1.252830917849952,rejected,0.0,0.2102672471518842
days_to_earn q2 & intraday20 q4,-0.00013537336085352086,1.06114556538068,-1.952321045859225,rejected,0.0,0.05090010030691158
mom_12_1 q0 & r5_news q4,-0.00018009982293867077,-2.6368919037174967,0.3763235439021759,rejected,0.0,0.7066763780939647
mom_12_1 q3 & skew60 q1,-9.22063530764106e-05,-1.6531705561914192,1.3543617861044714,rejected,0.0,0.175620982964842
mom_12_1 q0 & r20 q4,-0.0003091213626068332,0.05546955681635093,-2.948716844167583,rejected,0.0,0.003190961920572107
days_to_earn q1 & ind_mom20 q4,0.00028538900830396666,2.48941904416081,-0.5085159872856385,rejected,0.0,0.6110915301528772
mom_12_1 q4 & vol_surge1 q2,9.090492133574962e-05,1.5412130416261156,-1.4561405881363287,rejected,0.0,0.14535375932048716
mom_12_1 q0 & news5 q1,-0.0002661632826063975,-1.044421224096679,-1.9520732760382868,rejected,0.009105070184692747,0.05092950551929945
mom_12_1 q0 & r5_news q2,-0.0003050153099227837,0.37984069060562997,-2.615541671955105,rejected,0.0,0.008908604970877825
dist_ma50 q3 & ear_volsurge q0,4.2089485862414655e-05,-1.4183355490258807,1.5663773315498144,rejected,0.0,0.1172603066183861
ear q1 & ind_mom60 q1,-0.0004898829967269117,-1.7519707779374762,-1.2304080001493307,rejected,0.061200065744714774,0.21854435902867644
intraday20 q2 & range_compress q0,-0.0002796374257591446,-0.6602788785230964,-2.310108244899924,rejected,0.0,0.020882162096154136
mom_12_1 q0 & range_compress q0,-0.00029015748074668604,-0.23678006670346494,-2.7258966973697594,rejected,0.0,0.006412706500169317
log_dv q4 & min20 q4,0.0005247273078333054,1.0108086913133671,1.9513812168867513,rejected,0.012428396585771865,0.05101171416802665
ins_officer30 q2 & range_compress q2,0.0005333326585503793,1.2968404436987462,1.6625415719974637,rejected,0.04650718481812152,0.0964042351514978
min20 q4 & r60 q3,0.0005254928270463027,1.1453078960189975,1.7981274172244741,rejected,0.038567705194806116,0.07215681834521598
mom_12_1 q3 & rel_ind60 q1,-0.00023668020059180366,-2.1356925805778477,0.8043363852400041,rejected,0.0,0.4212027295811209
earn_in_week q1 & log_dv q1,3.967928889643464e-05,-1.3193393235628181,1.6157849057478768,rejected,0.0,0.10614082614487831
ev_red_flag q2 & intraday20 q4,-0.0002233261710130715,0.8565796564284678,-2.0761368710421038,rejected,0.0,0.037881293900933775
dist_52wh q1 & skew60 q3,-6.871879993826606e-05,1.088071251980688,-1.842402110248349,rejected,0.0,0.06541635335928972
days_to_earn q1 & ins_officer30 q2,0.00010697657175378298,1.598062030180909,-1.3283510254243545,rejected,0.0,0.18406217046316936
log_dv q1 & rel_ind60 q1,0.00047443259280364493,1.259680181522025,1.6663454582193356,rejected,0.03322155083563359,0.095644627448077
rel_ind60 q2 & vol_ratio q2,0.0005056019087993186,1.3604976228354855,1.5641730312164646,rejected,0.03267714769220754,0.11777693879940164
intraday20 q3 & mom_12_1 q3,-0.000183910423048903,-1.8161575005499984,1.1079761374606785,rejected,0.0,0.2678721216260256
ear q1 & log_dv q3,-0.0004738360908125781,-0.6137983965994402,-2.3076203061055387,rejected,0.0,0.021020264089751467
ear q1 & mom_12_1 q0,-0.0003446625510429895,-0.9237116585978834,-1.9911098760436996,rejected,5.744501448294217e-05,0.04646880893426769
news5 q1 & r5 q1,0.0004218679119307994,1.7923301974933672,1.1221794207884312,rejected,0.007212493522227268,0.2617861607399487
dist_52wh q1 & mom_12_1 q2,9.420623007936577e-05,1.5330230469356665,-1.3812626464761235,rejected,0.0,0.16719821891477035
log_dv q1 & range_compress q1,0.00046871647211592257,1.8634424872644597,1.049640968562082,rejected,0.0200068461288321,0.2938832136974587
gap_today q4 & log_dv q3,-0.00033544932131994887,-0.09936941574772243,-2.8084280064736933,rejected,0.0,0.00497840123281183
dist_52wh q2 & mom_12_1 q3,-0.00014323485628699257,-1.563252100065713,1.3442950043623085,rejected,0.0,0.17885301037204954
earn_in_week q1 & frog q0,0.00018402664265136122,-0.30031836804555967,2.6064934302320477,rejected,0.0,0.009147457875115495
gap_today q0 & r60 q3,0.00040020438023363893,1.1446150327029851,1.7608601421027694,rejected,0.028524806229893077,0.0782620774914054
gap_today q0 & r20 q3,0.0003912494978096095,0.2738669371420452,2.6252618408209383,rejected,0.0,0.008658235595258012
dist_ma50 q3 & news5 q4,-0.00044214335661430426,-2.767402562117454,0.13126662512047263,rejected,0.0,0.8955643925965362
dist_52wh q3 & r20 q3,0.00016600387456218796,-0.6802778497438977,2.2120005009410786,rejected,0.0,0.026966630321263462
earn_in_week q1 & r60 q3,-1.003537024472456e-05,-1.5718224811320574,1.3189729973595095,rejected,0.0,0.18717814001499858
intraday20 q3 & news5 q4,-0.00035496258944399856,-2.5080032624871116,0.3748816900388004,rejected,0.0,0.7077484569296866
earn_in_week q1 & skew60 q1,-8.755803141954975e-06,-1.347688502267947,1.5348753368173502,rejected,0.0,0.12481445275398982
ear q1 & vol_ratio q4,-0.0004117531738323646,-0.7112783028411007,-2.170897689363633,rejected,0.0,0.029938907047828138
dist_52wh q1 & vol_surge1 q3,-0.00025611641146870386,0.44893602189217907,-2.4292123845345883,rejected,0.0,0.01513166540564933
days_to_earn q1 & ev_red_flag q2,-6.767874121529934e-05,1.1409431577311833,-1.7333970855879715,rejected,0.0,0.08302511524896167
dist_ma50 q1 & ear_volsurge q3,-0.0004347090568896821,-0.8456308506547632,-2.0266977778590034,rejected,0.0,0.04269332987839757
log_dv q4 & range_compress q0,-0.0002123114588754538,0.5640737008122111,-2.306404623549495,rejected,0.0,0.021088033887152927
ear q1 & gap_today q3,-0.0005020684280607568,-1.6375715939609772,-1.2320882146229573,rejected,0.06271137551747702,0.21791613333659568
days_since_earn q3 & vol_ratio q3,-0.0004893042124269942,-2.1660253234064686,-0.7021170500940646,rejected,0.030390578234540812,0.4826061701547636
gap_today q4 & range_compress q0,-0.000238663485604348,0.364372477960305,-2.5031637343374724,rejected,0.0,0.012308858520406722
r20 q3 & r60 q3,0.0004167596592912187,-0.26882685016899954,2.5946479467641548,rejected,0.0,0.009468785203754743
ind_mom20 q2 & news5 q1,-3.9411889569945164e-05,0.8936587336350001,-1.9682040326877943,rejected,0.0,0.049044566464417336
earn_in_week q1 & ind_mom60 q1,0.0002212160149441321,0.7654024041645802,2.090684145850608,rejected,0.01337208175402072,0.03655638711418204
intraday20 q2 & rel_ind20 q4,-0.0003593311593953095,-0.81212271910921,-2.0364073040907202,rejected,0.0,0.04170947260789035
r20 q3 & range_compress q2,0.0003941410424247823,-0.2197535608237538,2.6214989261212787,rejected,0.0,0.008754403812564988
days_to_earn q3 & r20 q4,-0.00018648603638584413,0.6941907036231577,-2.143992610290843,rejected,0.0,0.032033478894677364
log_dv q4 & news5 q1,0.00042669846111430027,-0.08151967468086857,2.756081332131565,rejected,0.0,0.005849844896484176
ind_mom20 q3 & range_compress q4,0.0004684781786983001,1.249481181894528,1.5683037268302034,rejected,0.028616173886424616,0.11681026659912498
r20 q3 & rel_ind60 q1,-0.0004744338691015102,-1.8387943329144996,-0.9665440235675198,rejected,0.024435015868375903,0.3337720291220586
days_to_earn q3 & log_dv q1,9.911060372436895e-05,-1.119081991868956,1.6850367187644755,rejected,0.0,0.09198148739890893
range_compress q3 & skew60 q3,0.00044865552008071564,0.8196258356119241,1.9837581282359091,rejected,0.005995974644183904,0.047282810016068974
log_dv q3 & r5_news q2,-0.00022081134745660067,0.6444498299171743,-2.1495980326166855,rejected,0.0,0.03158702417811519
intraday20 q3 & rel_ind20 q4,0.00014096809828849987,-0.988018743833645,1.7993899494548455,rejected,0.0,0.07195701830145938
dist_ma50 q3 & r20 q3,0.0005079416572039119,0.3499559101001353,2.4333667790923013,rejected,0.0,0.014959139112950482
days_to_earn q4 & ins_officer30 q2,-5.2942986046212653e-05,-1.5025416376967844,1.2786283006305208,rejected,0.0,0.20102797913410023
earn_in_week q1 & skew60 q3,-0.00031240852672262815,-2.281087920988481,-0.4967603654095555,rejected,0.029958390553362982,0.6193580479799696
gap_today q0 & range_compress q3,-0.00023706384023974852,-2.0648445567551477,0.7113079792985333,rejected,0.0,0.47689340804928293
dist_ma50 q3 & log_dv q0,1.0158671664635162e-05,-1.2964357045058237,1.4796454395995178,rejected,0.0,0.13896789324499076
dist_ma50 q4 & vol_ratio q3,5.602613689199388e-05,-1.2198431003930266,1.5548441724695086,rejected,0.0,0.11998318603161587
ind_mom60 q0 & rel_ind20 q4,0.00019760277181249535,1.9487396433170965,-0.8258987501916776,rejected,0.0,0.4088615296449755
days_to_earn q2 & news5 q1,-0.0004198396359573047,-1.627548213977776,-1.1429827640682086,rejected,0.029273685826791487,0.25304574733860086
min20 q4 & range_compress q3,0.0001594977901768591,-0.8359804905310789,1.9340750598661516,rejected,0.0,0.053103899832436956
days_since_earn q4 & rel_ind20 q2,-0.00010761162609344476,0.8797286055402835,-1.8881249353911822,rejected,0.0,0.05900918004735497
dist_52wh q1 & mom_12_1 q3,-0.0003870928592865974,-1.40647601565598,-1.3496295904662876,rejected,0.049988737992769025,0.17713482761092797
frog q0 & news5 q1,-0.00033084381397511533,-0.8940040687428018,-1.8517582998391027,rejected,0.036591395410319895,0.06406053813564755
dist_ma50 q3 & vol_ratio q4,-0.0002848487911043058,-2.2579541705618866,0.47154182760574925,rejected,0.0,0.6372538572966877
r20 q3 & vol_ratio q3,0.00011762476310301776,-1.0040104488711372,1.7243468343285306,rejected,0.0,0.08464524919600698
atr_pct q1 & r5_nonews q4,3.115923624026512e-05,-1.0508854362492939,1.6763112214096731,rejected,0.0,0.09367724806149387
news5 q1 & r60 q3,0.0003949290675964561,0.9172057957706474,1.808891328007581,rejected,0.03594909170499327,0.0704678879304707
close_loc q4 & days_since_earn q3,-0.00024018231086138635,0.3861944272133395,-2.339738633152269,rejected,0.0,0.019297239212124503
intraday20 q2 & r20 q4,-0.00024223088775110173,-1.6403122859554709,-1.0786889467887246,rejected,0.015557097452391016,0.2807264147014746
news5 q1 & range_compress q0,-0.000226131699706808,0.07639444644622811,-2.639464957215945,rejected,0.0,0.008303700749660876
days_since_earn q4 & news5 q1,-4.7690346716582866e-05,0.8339228898446005,-1.881580582459597,rejected,0.0,0.05989298469389579
ev_red_flag q2 & log_dv q0,-4.539888196629439e-05,-1.4047504073399353,1.3040788387856923,rejected,0.0,0.19220670313057858
ind_mom20 q4 & r5 q4,-0.00037124453429026124,-1.4254790854566306,-1.2760135856273231,rejected,0.06358848259546784,0.20195071665365819
ear q1 & ev_red_flag q2,-0.0004709461555261596,-0.6042671872114184,-2.0948750697811693,rejected,0.005351949053500202,0.0361820995559073
dist_52wh q2 & range_compress q2,0.000366246697784929,0.3503861157613777,2.3486777303648276,rejected,0.0,0.01884020534542802
earn_in_week q1 & r20 q4,-0.00022896506259891214,-2.099350396023085,-0.5924742528873485,rejected,0.02417703794279708,0.5535330569242282
ind_mom60 q4 & rel_ind20 q1,3.331464293677785e-05,1.303268034375031,-1.384770937387336,rejected,0.0,0.16612252022861568
dist_52wh q1 & r20 q4,-0.00010934726062608339,0.8033497154559143,-1.8829215107426172,rejected,0.0,0.05971100561337435
r5_news q4 & skew60 q3,-0.000131808180830666,-1.7290670415205025,0.9541022319190913,rejected,0.0,0.34003189644800574
mom_12_1 q3 & vol_surge1 q1,-0.00017029058654362684,-1.7644598387546633,0.9178206898532848,rejected,0.0,0.3587127485394809
rel_ind20 q4 & skew60 q3,0.0002944489517435495,2.0920751470575523,-0.5860259757376766,rejected,0.0,0.5578580591470907
atr_pct q1 & ear_volsurge q4,-5.4521011189670435e-05,-1.3641510473830083,1.3139102588855225,rejected,0.0,0.188876405941731
atr_pct q0 & days_to_earn q2,0.0003034733234131139,-0.1100074257292733,2.5664828500629655,rejected,0.0,0.01027357054645781
dist_ma200 q4 & mom_12_1 q1,0.0001976188306373791,2.376091877299993,-0.29913642388065115,rejected,0.0,0.7648359556944165
intraday20 q3 & range_compress q3,0.0001328507457856691,-0.8255627880991747,1.84841645497347,rejected,0.0,0.06454212008427537
dist_52wh q3 & min20 q4,0.0005143893207998275,1.7037538349172645,0.9567677467523845,rejected,0.025313107206949643,0.3386844950672245
ind_mom60 q1 & mom_12_1 q3,0.00010988818571162807,-1.015007967383205,1.6410221112723768,rejected,0.0,0.10079282539016202
gap_today q3 & range_compress q3,0.0004830384880933168,1.6317461932030304,1.0238291795613899,rejected,0.011148542579991271,0.30591596542391647
ind_mom20 q4 & r5_news q4,-0.0002578383218744589,-2.1460928775077748,-0.5032349747671763,rejected,0.028656797940887928,0.614799077723007
ind_mom60 q0 & r20 q4,0.0002967941532031878,2.6328624450865017,0.014659015214247308,rejected,0.0027611505798873903,0.9883042169635674
ear q1 & intraday20 q4,-0.00016884242309677576,0.5140393270421117,-2.133089957556781,rejected,0.0,0.03291734743592265
intraday20 q3 & mom_12_1 q0,-0.0001309607340111108,-1.7425792853700168,0.9035841852067937,rejected,0.0,0.3662159302392475
ind_mom20 q4 & ind_mom60 q0,6.474842859545894e-05,1.8322173518910396,-0.8124759619888662,rejected,0.0,0.4165185742730751
ind_mom60 q0 & vol_ratio q4,-2.9999560324019126e-05,1.1517783706849496,-1.4899905596876284,rejected,0.0,0.13622671815699844
dist_52wh q3 & vol_surge1 q3,0.00045036614605101384,0.8829025501321489,1.757797923863006,rejected,0.02890829728711589,0.07878189873498422
ear q1 & range_compress q1,4.910532039816676e-05,1.4412237667061378,-1.1946314471131696,rejected,0.0,0.23223105708456446
ear_volsurge q0 & overnight20 q3,0.00011402115195080647,1.5263410112771805,-1.1051213976469276,rejected,0.0,0.2691069899467507
range_compress q2 & skew60 q3,0.00010104169172775979,1.53773979752721,-1.086588564796618,rejected,0.0,0.2772186809926059
r20 q3 & skew60 q3,0.00043237947500999845,1.1986072821566047,1.4242907179315205,rejected,0.03683778104487539,0.1543623333261924
gap_today q0 & log_dv q0,4.422098893293192e-05,-1.028953334234597,1.5929724120569244,rejected,0.0,0.11116638011684653
dist_ma50 q3 & ins_officer30 q2,0.00019439981599045256,-0.6770104625845668,1.9436061729373688,rejected,0.0,0.05194296086749232
ev_red_flag q2 & mom_12_1 q0,-0.00042391998276653073,-0.3208351913007095,-2.2935280242439418,rejected,0.0,0.021817623844451146
gap_today q3 & r60 q3,-0.0004391024778444646,-1.3276541349105426,-1.286093974227354,rejected,0.0604151864829258,0.1984102668521325
gap_today q3 & log_dv q0,4.815550863173149e-05,1.165546335522801,-1.4477196717504368,rejected,0.0,0.1476954660311406
days_to_earn q1 & news5 q1,0.0002131545844537966,1.8104879467772115,-0.800980385280866,rejected,0.0,0.4231430012817282
ev_red_flag q2 & rel_ind60 q1,-0.000514225885792227,-1.4864248176701609,-1.1211779048732275,rejected,0.009547668823051402,0.2622121427831051
ind_mom20 q2 & overnight20 q2,-9.69755450509515e-05,0.9227016036199007,-1.684562530191457,rejected,0.0,0.09207300568984209
min20 q4 & news5 q1,0.00036135205953430094,1.0083662717243902,1.596062995611188,rejected,0.019354204004684725,0.11047472938053032
dist_ma50 q3 & vol20 q0,1.4157477412193647e-05,-1.1378159519359934,1.4610638678600392,rejected,0.0,0.14399791486410696
earn_in_week q4 & ind_mom20 q2,-0.00014623729597988274,-0.5053640144603424,-2.090842644280944,rejected,0.008527150539765722,0.036542171974750216
atr_pct q0 & skew60 q4,0.0004632721472111675,1.5835409039658563,1.010676807340378,rejected,0.0172390904752796,0.31217114098736914
ev_agreement q2 & vol_ratio q4,-7.828510526838926e-05,1.0454186408863375,-1.547885718567993,rejected,0.0,0.12164981365483607
ev_red_flag q2 & min20 q4,0.00047196888338428653,0.7888317463508538,1.802470346057821,rejected,0.03596619691714437,0.07147143615621201
overnight20 q3 & r20 q4,-0.0001278246759806227,0.8732256713566076,-1.7169199583098063,rejected,0.0,0.08599379769250463
gap_today q4 & intraday20 q3,0.00015880873270939858,-0.8159752577644697,1.7682890051231706,rejected,0.0,0.07701260105034337
ins_officer30 q2 & min20 q4,0.0004665238551557854,0.7402275920683052,1.8428741899605825,rejected,0.03531263188994719,0.06534738148195446
ev_red_flag q2 & range_compress q2,0.00047582919504413437,1.5084397375613763,1.0699298751758013,rejected,0.01527385916802696,0.2846508744728756
log_dv q0 & r20 q3,0.00024352202996516005,-0.4703319849479921,2.10683019582978,rejected,0.0,0.03513230106979398
dist_ma50 q3 & r60 q3,0.00045013284493037356,0.1890642221552011,2.387417147840498,rejected,0.0,0.016967226719802667
days_to_earn q1 & dist_52wh q1,0.00018112916384601874,1.7271535729347607,-0.845155189237864,rejected,0.0,0.3980241978099039
dist_ma50 q3 & vol_ratio q3,-8.580287687874807e-06,-1.2392599220991445,1.3308615688394916,rejected,0.0,0.1832345647037179
ear q1 & range_compress q0,-0.00017818451573825447,-0.07414656372680176,-2.4949614998504672,rejected,0.0,0.01259707972688302
ins_officer30 q2 & skew60 q3,-1.9805246280897613e-06,1.091249751313976,-1.4719651099455369,rejected,0.0,0.14103029954533033
dist_52wh q1 & ins_value30 q2,-0.00033234239002541215,0.30033836622339566,-2.26179844214132,rejected,0.0,0.023709859155895355
frog q0 & skew60 q3,-0.00033925336799862525,-1.3502628202749591,-1.2090138513251374,rejected,0.06665982894168275,0.22665752395518587
close_loc q2 & gap_today q0,0.00025222897887461446,-0.3573768435048366,2.200879205688529,rejected,0.0,0.027744576396785715
ear q1 & r5_news q2,-0.00044584128260322054,-0.3865895354490175,-2.171416265386249,rejected,0.0,0.029899720480574415
ins_buyers30 q4 & vol_surge1 q3,7.905505718483215e-05,1.5673406454754455,-0.9893411944010129,rejected,0.0,0.3224962354949852
ear q0 & frog q2,0.00023697536412011318,0.8955386925744131,1.6599023171283218,rejected,0.03672843091609499,0.09693410525739041
frog q1 & ind_mom20 q4,0.0002739538966994756,1.9889150474789945,-0.5640578466539563,rejected,0.0,0.5727147646681814
log_dv q1 & mom_12_1 q0,-4.099278759465614e-05,-1.2773577454310727,1.2735227719981872,rejected,0.0,0.20283259714444105
mom_12_1 q3 & vol_ratio q3,0.00010639347913327706,-0.8336657124682708,1.714741407682506,rejected,0.0,0.0863926481886345
mom_12_1 q0 & vol_ratio q4,-0.00017330627890031696,0.24380680309613526,-2.3044216583923527,rejected,0.0,0.02119898537247681
ev_red_flag q2 & range_compress q3,2.494896015587217e-05,-1.0938066148936227,1.451814532004346,rejected,0.0,0.1465531821268916
intraday20 q2 & overnight20 q3,-0.0004964422082423464,-1.7683879094538983,-0.7767668956023738,rejected,0.02985271290945301,0.4372963112009795
frog q0 & intraday20 q3,-0.00015925212952826935,-1.7521642339058199,0.7919558792729172,rejected,0.0,0.4283864027897696
range_compress q0 & vol_ratio q4,-9.980521071820352e-05,0.5835519907659132,-1.9584793706019332,rejected,0.0,0.05017378938937909
mom_12_1 q3 & r60 q3,-3.301635810659911e-05,-1.1662895585990354,1.368703264577398,rejected,0.0,0.1710920494419572
log_dv q3 & range_compress q3,-0.0002824244733618899,-2.051275949872902,0.4804066122954378,rejected,0.0,0.6309382934586383
ev_offering q2 & skew60 q1,-0.00013063242964539895,-1.6022861600586196,0.9290735935851222,rejected,0.0,0.3528509483058129
ins_officer30 q2 & r20 q4,-0.00016937510009891162,0.7541942673045421,-1.775511147834925,rejected,0.0,0.07581352651314477
days_to_earn q2 & dist_52wh q3,0.0004428727452988085,0.9732118589836635,1.5504744401417987,rejected,0.04148722322278166,0.12102768369403204
gap_today q3 & log_dv q3,-0.000435554201754147,-1.2746162872668525,-1.2476376173053305,rejected,0.06684324312077575,0.2121637960333015
r1 q1 & r5_news q4,-4.72252775165241e-05,-1.3365669771592543,1.1838960373908842,rejected,0.0,0.23645421897357355
log_dv q1 & r1 q2,6.74691551699159e-05,-0.9967449668021445,1.5227793567427605,rejected,0.0,0.12781391626807767
mom_12_1 q2 & r20 q3,0.000378078994535942,0.5536531677371217,1.9619696549685532,rejected,0.0,0.049766017259908736
days_to_earn q2 & range_compress q2,0.0004357983222526856,0.8620552619172533,1.6532504180842984,rejected,0.03319366356320431,0.09827990927452283
days_to_earn q2 & r120 q0,-0.0003346940039525989,-0.7990573403819956,-1.715864885741314,rejected,0.026483537487041905,0.08618677490139241
mom_12_1 q3 & skew60 q3,0.0002022148699364846,-0.5944735637688344,1.9168383456025162,rejected,0.0,0.05525847176413851
close_loc q3 & frog q3,-0.00037796798481322364,-0.911196391197523,-1.5986181964023878,rejected,0.02134743038729877,0.10990546403233904
r120 q4 & r20 q3,0.0003813148202047164,1.1774205413199565,1.3315201228210785,rejected,0.048495886512466155,0.18301792824965485
gap_today q3 & news5 q1,0.0003890627041767597,2.109947586452971,0.3986077898032515,rejected,0.03303776809520992,0.6901822209096715
dist_52wh q1 & ins_officer30 q2,-0.0002742779396684301,0.4224775099619579,-2.0855517390821565,rejected,0.0,0.03701924684379931
dist_52wh q1 & frog q0,-0.00039676001917716557,-0.8421651034340041,-1.665776759528897,rejected,0.029307197280719573,0.09575788671788424
intraday20 q4 & rel_ind20 q4,-0.000285949468340196,0.3820717193884592,-2.123007283038318,rejected,0.0,0.033753241564212964
frog q3 & gap_today q3,-0.0004012632890410989,-0.39199726039964505,-2.1120412677040714,rejected,0.0,0.03468290983964346
ind_mom60 q0 & mom_12_1 q0,-0.00013263491196190044,0.5541596815245705,-1.9491389690819296,rejected,0.0,0.05127883100263733
intraday20 q2 & log_dv q3,-0.00043344285363171574,-0.5809987009422397,-1.921997900329975,rejected,0.026063030636567078,0.054606021951405535
days_since_earn q0 & ear_volsurge q3,-0.0002550343151074774,-2.1974885023064057,0.30416846260074504,rejected,0.0,0.7609995504104872
days_to_earn q2 & range_compress q3,0.0004215725206111695,0.4011011406985197,2.1003156717290183,rejected,0.0028642247809712437,0.03570108157257907
log_dv q3 & range_compress q1,0.00010493285711219691,1.4035115860202279,-1.0969010229808605,rejected,0.0,0.27268466151942367
gap_today q0 & skew60 q3,-0.00010593237982339285,-1.6871606589012864,0.8100778678780808,rejected,0.0,0.41789542354211995
earn_in_week q1 & rel_ind20 q4,-0.00021054725942228403,-2.2870543149424276,0.20906382412224778,rejected,0.0,0.8343984148213641
r5_news q4 & rel_ind20 q4,-0.0001072926141805335,-1.5342736761792197,0.9601980136643902,rejected,0.0,0.33695556636967233
days_since_earn q3 & range_compress q3,0.0001038388782778398,-0.7592427362215955,1.734947615577795,rejected,0.0,0.08275008418309847
days_since_earn q1 & r20 q4,-0.0002443001764665318,0.26831368262516886,-2.2257007514675484,rejected,0.0,0.026034232400347385
log_dv q3 & mom_12_1 q0,-0.00024569881436978664,0.08368947865311112,-2.410027659271305,rejected,0.0,0.015951311167508087
ins_officer30 q2 & range_compress q3,7.622247023602814e-05,-0.8936890739961335,1.595897376964766,rejected,0.0,0.11051170726830901
dist_ma50 q0 & frog q0,-0.0003425046732093829,-1.0450419355446894,-1.4380799409519616,rejected,0.03424253624277445,0.15041137337364494
dist_ma50 q3 & mom_12_1 q2,0.00039958688864538157,0.6790271422865686,1.799985469486391,rejected,0.03123631560444043,0.07186293262855561
dist_52wh q1 & range_compress q0,-0.0002414620262547764,-0.1266280446923513,-2.3501760695655816,rejected,0.0,0.018764532584595737
log_dv q0 & news5 q2,0.000260893423921097,-0.43690634251168936,2.038056677536532,rejected,0.0,0.04154426503889206
mom_12_1 q2 & r5_news q2,0.0004546966478195999,0.9087928494775489,1.562948149827314,rejected,0.031124859389346136,0.11806479100420866
dist_52wh q1 & log_dv q4,-5.239813503544357e-05,0.8901981450716883,-1.5814801388413713,rejected,0.0,0.11376829664172276
intraday20 q3 & news5 q1,0.000394907329832011,2.1122851781328964,0.35768748176038345,rejected,0.03383525907033104,0.7205772022590213
mom_12_1 q3 & overnight20 q3,-0.00027527771444042776,-1.9062650687347742,0.562835276066922,rejected,0.0,0.5735470568428751
r20 q4 & skew60 q1,-0.0003122365506748842,-2.0245124389570455,-0.4410900563856972,rejected,0.022203441524567265,0.6591478018957648
r20 q3 & vol_surge1 q1,0.000386746649856655,0.2926718647902006,2.1693749389804178,rejected,0.0,0.03005423001889147
dist_52wh q1 & intraday20 q4,-0.00026586512743212285,-0.3560473962244749,-2.105651664631621,rejected,0.0,0.03523462132105687
close_loc q3 & ear q3,0.000380482687604063,0.8369777571267965,1.6188900095069105,rejected,0.016070761105188784,0.10547093081165136
days_to_earn q2 & frog q3,-0.00017409870689603788,0.5222210718193098,-1.930271181030867,rejected,0.0,0.05357324590117952
gap_today q3 & intraday20 q4,-0.00033959049148981935,-0.35272627634079756,-2.0995569608285987,rejected,0.006009418706253758,0.03576783217167087
frog q3 & rel_ind20 q4,-0.0003565221466906801,-1.2139140399891772,-1.2367150310332498,rejected,0.061251930418293896,0.2161928963992217
min20 q4 & r20 q3,0.00040837202557739643,0.5297681707415133,1.9190317108316366,rejected,0.030116331676292435,0.054980320779706535
log_dv q4 & mom_12_1 q0,-0.00020467291721189105,0.40753752010625965,-2.0408441002272215,rejected,0.0,0.04126632555479019
max20 q2 & vol20 q0,-0.00025924096470761874,-1.8173611869778523,0.6293531710170581,rejected,0.0,0.5291178686222779
log_dv q1 & range_compress q0,-3.0349169121764634e-05,-1.2662792060851962,1.180405165650739,rejected,0.0,0.23783910841967099
log_dv q0 & range_compress q2,0.00037301989362801554,0.30382841568675717,2.141743695191801,rejected,0.0,0.03221411249012369
r5_news q2 & range_compress q3,0.00016810915366079652,-0.6221702939111537,1.819275311261461,rejected,0.0,0.06886943803902328
range_compress q3 & vol20 q0,1.280322476327482e-06,-1.1112437839606097,1.3269573555661742,rejected,0.0,0.184522789638171
days_since_earn q3 & ear q1,-0.00041349041661470213,-0.8706083012434168,-1.5662949600604725,rejected,0.02953726139264921,0.11727958035864026
log_dv q0 & r20 q1,-0.00039491283314473097,-1.5799768142067778,-0.8561415258587493,rejected,0.029289116813495733,0.39191950176424895
dist_52wh q3 & vol_ratio q4,0.0003968331961077563,0.8515516543777798,1.5827363114813713,rejected,0.027536692447416498,0.11348157830809336
dist_ma50 q3 & r5_news q2,0.00042772058531708265,0.4376827536123292,1.9928343225515226,rejected,0.0,0.046279592028636594
log_dv q1 & r20 q3,2.5703542766288343e-05,-0.9643002994395378,1.464651983345972,rejected,0.0,0.14301589158587152
days_to_earn q1 & mom_12_1 q0,-0.0002133196065826746,-0.48620455718448335,-1.9413757929891162,rejected,0.017025217125313387,0.052212712280695385
r20 q3 & rel_ind20 q4,0.00015186101188402774,-0.5975686960227697,1.822539592657788,rejected,0.0,0.06837315191385601
dist_52wh q1 & vol_surge1 q1,9.838057592591243e-05,1.3632364808721302,-1.0549131506348628,rejected,0.0,0.29146504722028427
intraday20 q4 & log_dv q3,-0.00021063075736527516,0.2372360859661151,-2.1733716115361896,rejected,0.0,0.029752359674370434
earn_in_week q1 & range_compress q1,-0.00033090309014673915,-1.9601721908084535,-0.4376047583042116,rejected,0.02712973223011179,0.6616728212809716
days_to_earn q1 & rel_ind60 q3,0.00023277150859795124,1.7618114685065938,-0.6337812659749961,rejected,0.0,0.5262235809102652
log_dv q4 & vol_ratio q4,-0.00037336381441908554,-0.729632937904909,-1.665245500618092,rejected,0.03009215173345537,0.09586378663811905
days_since_earn q0 & ind_mom60 q1,-0.00019419433504538395,-1.8792232759028913,0.5118305523508921,rejected,0.0,0.6087696057191936
overnight20 q3 & skew60 q1,-0.0004126610621028119,-0.756336760405089,-1.6339547072123541,rejected,0.03272419634298456,0.10226836127718289
ind_mom60 q0 & log_dv q3,-1.7283662407171557e-06,1.1644787647375239,-1.2247335807668613,rejected,0.0,0.22067561731775318
earn_in_week q1 & gap_today q3,-0.0002705024790779374,-1.5876541990693893,-0.7942546196753553,rejected,0.02618543220156403,0.4270472168534994
days_since_earn q1 & gap_today q0,0.00035063833419580055,0.9023430293973641,1.4789414056923895,rejected,0.047709125618922564,0.13915597574102753
dist_ma50 q3 & range_compress q2,0.00038292505297100627,0.4182528627480244,1.9616742833475542,rejected,0.002748208888089728,0.04980041773015096
days_since_earn q1 & r20 q3,0.0004011137444654537,1.128661080108491,1.2505977714133776,rejected,0.061220542119498726,0.21108126410519007
min20 q4 & r5 q1,0.0003932539225117978,0.3823568525265505,1.993959582757583,rejected,0.0,0.04615647163570422
min20 q4 & vol_surge1 q1,0.0003636549580589471,0.1752056901899212,2.2002356737768025,rejected,0.0,0.027790178498585387
mom_12_1 q0 & overnight20 q3,-0.0002830200044463322,-0.01020779959531061,-2.361981987231453,rejected,0.0,0.018177525396436873
ear q1 & r5 q1,1.5661684544614066e-05,1.1256695288940655,-1.2461226752510701,rejected,0.0,0.21271936131445787
ev_agreement q4 & rel_ind60 q4,-0.0001935028168542927,-1.1422597271707189,-1.2286645941299474,rejected,0.058164908994403595,0.21919758617578777
ind_mom20 q3 & mom_12_1 q2,0.00033196372868151466,0.705915707412585,1.6628711523892508,rejected,0.035307051337458165,0.09633823000361352
intraday20 q3 & range_compress q2,-1.1612759632398793e-05,-1.1465538013358567,1.2195280081414417,rejected,0.0,0.22264385206922774
days_to_earn q2 & skew60 q3,-0.00038243365164170056,-0.7589873082815917,-1.605920781844185,rejected,0.0155060307887319,0.10829131673582335
news5 q1 & r20 q4,-9.241256453239096e-05,0.6885143679196906,-1.668279394266774,rejected,0.0,0.09526027645893326
gap_today q3 & mom_12_1 q0,-0.00017714450055279283,0.13588904350328107,-2.220572431236134,rejected,0.0,0.02637993479013735
ind_mom20 q4 & r20 q4,-0.00023578672185579162,0.33979959327262704,-2.014759438461966,rejected,0.0,0.043929860933469435
earn_in_week q1 & vol_ratio q4,0.000220797474450721,-0.1517883542243571,2.2005259535335644,rejected,0.0,0.027769600634588956
ev_red_flag q2 & r20 q4,-0.00023464085466428733,0.5191277926300362,-1.826576159680391,rejected,0.0,0.06776352060078746
atr_pct q0 & mom_12_1 q2,0.0004385265557087807,1.1163213826665648,1.2276498164583491,rejected,0.058776554638456255,0.21957845249046143
ear q1 & intraday20 q2,-0.0004529259316127525,-1.8158671358991982,-0.527881753602445,rejected,0.03569961416122665,0.5975814097109213
ear q1 & range_compress q2,-0.0003926852701077809,-1.1135157222965881,-1.229558119991073,rejected,0.05652284566110546,0.21886262099846923
ear_volsurge q3 & log_dv q2,-0.00011624425281243,0.7061698404003566,-1.6363355834214004,rejected,0.0,0.1017693727651467
ins_officer30 q2 & r20 q3,0.00026793916254689123,-0.3753378656655377,1.9569538059442142,rejected,0.0,0.050352899666583364
min20 q4 & skew60 q3,0.00040867093676826536,0.7123840763826836,1.618807812710255,rejected,0.017210574941135398,0.10548862062718664
ear_volsurge q0 & r20 q3,0.00020622485841715482,-0.4352768567299456,1.89163694645592,rejected,0.0,0.05853936970382576
dist_52wh q1 & ear q1,-0.0003618160376289532,-0.17702659896881784,-2.1496649917508366,rejected,0.0,0.031581723507603444
ev_red_flag q2 & range_compress q0,-0.0003974531139927512,-0.7371782324514579,-1.5887457541333745,rejected,0.022814077259747278,0.112117804627579
dist_ma50 q3 & gap_today q4,0.0003286308017106886,0.19738933364233552,2.122039240111125,rejected,0.0,0.03383444298292353
ind_mom60 q0 & mom_12_1 q3,-0.0003658784503247527,-1.870884146199491,-0.44812619195666087,rejected,0.02741103303225501,0.6540621262290003
ear q1 & ins_officer30 q2,-0.0003927226748474939,-0.49882217854906247,-1.8166232492580576,rejected,0.025872824732981182,0.06927482102349436
intraday20 q3 & log_dv q3,-1.3569866831959494e-06,-1.052589414521373,1.2610386204841568,rejected,0.0,0.20729493299424945
gap_today q3 & r20 q4,-0.0002443374878467064,0.06089696883137235,-2.247652285936658,rejected,0.0,0.02459837073871272
intraday20 q4 & range_compress q0,-0.00028062272310612046,-0.2076897347956115,-2.0970483501617725,rejected,0.0013810491905868294,0.035989295470568165
dist_ma50 q1 & overnight20 q2,1.8255588830132918e-05,1.0273208937663896,-1.2702975866637085,rejected,0.0,0.2039786475252125
earn_in_week q1 & ind_mom20 q4,-0.00023655632142940923,-1.3352915467317086,-0.9575549797706555,rejected,0.02303077470640276,0.3382872100318393
log_dv q3 & mom_12_1 q3,-0.00018973836613942732,-1.506997361398056,0.777406396016023,rejected,0.0,0.43691904008070326
gap_today q0 & r5_news q4,3.940700605855524e-05,-0.8086892811596321,1.4739363775240584,rejected,0.0,0.1404987220746785
overnight20 q3 & range_compress q0,-0.0002399834575708621,-0.3389604795831852,-1.943161361994867,rejected,0.016075139763039432,0.051996664883247286
overnight20 q3 & rel_ind20 q4,-0.0003606949687445436,-0.32662243283422976,-1.9546341273624017,rejected,0.007432473655676496,0.050626270209105415
r20 q3 & r5_news q2,0.0004098537272440225,0.4110016059448002,1.870219197533621,rejected,0.03607548485163356,0.0614533848755494
dist_ma50 q4 & r5_nonews q0,-3.9804797273439675e-06,0.9920270379118236,-1.2842452048044932,rejected,0.0,0.19905617274930826
days_since_earn q1 & ev_red_flag q2,0.00041768496230418163,0.5725658558977548,1.7013085381608781,rejected,0.01912932134134638,0.08888506553478175
ev_red_flag q2 & log_dv q3,-0.00027082701261434285,0.2931241097375241,-1.9776724450049246,rejected,0.0,0.04796567073633147
ear q1 & skew60 q3,-0.0003284008348564794,-0.5447622988508294,-1.725381438800931,rejected,0.025807014541582803,0.0844587540762843
intraday20 q3 & range_compress q1,0.00015048710887247702,-0.5744713708345611,1.6955032634826503,rejected,0.0,0.08997999169049879
ev_red_flag q2 & intraday20 q2,-0.00040347911995802067,-0.9310845688325835,-1.3346772669932465,rejected,0.04565371540094443,0.18198199699934714
dist_ma50 q3 & skew60 q1,0.0003476209606860638,0.12859476596027652,2.135829607322613,rejected,0.0,0.03269330491788353
range_compress q2 & vol_ratio q4,-0.00011841825938119675,0.6310135456764839,-1.6310409876431435,rejected,0.0,0.10288167118771722
vol20 q0 & vol_surge1 q4,-2.9383149581839672e-06,-0.8918134812315662,1.3695932514465383,rejected,0.0,0.17081390740462926
r5_nonews q0 & vol20 q3,0.000301233222949532,1.0538920730843944,1.207460336465974,rejected,0.060770716121953526,0.227254911197264
gap_today q0 & ins_officer30 q2,0.00038751087482370315,0.2147853812553938,2.0451415481194384,rejected,0.0,0.04084090515250819
mom_12_1 q1 & range_compress q1,3.078598540371934e-05,1.0068107244909648,-1.2526887809315896,rejected,0.0,0.21031899049738786
intraday20 q4 & overnight20 q3,-6.241207404464933e-05,0.8361167348198307,-1.422094482265606,rejected,0.0,0.15499882438968646
ear_volsurge q0 & range_compress q3,0.00023778183075169157,-0.2842888330277847,1.9666592019734417,rejected,0.0,0.049222513323584356
ev_red_flag q2 & log_dv q1,0.0003943505855102648,0.5506692228969017,1.6950205226867876,rejected,0.019950098806075078,0.09007152766670179
mom_12_1 q0 & vol_surge1 q3,-0.0002644519943338246,-0.5099870888663546,-1.7330195758192433,rejected,0.02235660984865555,0.08309218945412176
dist_ma200 q2 & vol_surge1 q3,9.804035181608435e-05,1.1743133843576574,-1.0660539843377845,rejected,0.0,0.2863992391562725
frog q3 & mom_12_1 q2,-5.279705189002391e-05,0.7637141963382456,-1.4759112012353115,rejected,0.0,0.1399677320902532
mom_12_1 q3 & r5_news q4,-0.0001670617251247635,-1.688817775539851,0.5504751685725099,rejected,0.0,0.5819935038885644
log_dv q4 & overnight20 q3,-0.00039084309246712726,-1.3679226461673533,-0.8703827908369817,rejected,0.02773838097166775,0.3840912481130664
intraday20 q3 & min20 q4,0.0002274430904438912,-0.31600287862252746,1.9193297356400396,rejected,0.0,0.05494261708600659
ind_mom20 q4 & rel_ind20 q4,-0.00026984184854473935,-0.4525962373895042,-1.778609818890246,rejected,0.015110597503202537,0.07530375320317244
overnight20 q3 & r5_news q2,-0.00036181581757080807,-0.005197951086731356,-2.2253082054394406,rejected,0.0,0.02606055498704304
dist_ma50 q4 & vol20 q2,-1.0554336993558273e-05,0.9624572921087429,-1.267498973072721,rejected,0.0,0.20497693057347524
atr_pct q0 & ind_mom60 q4,0.00037117075816005675,1.7264852953328729,0.5017543167433052,rejected,0.02852050012928208,0.615840351494763
ev_red_flag q4 & r5_news q2,0.00012287928129795997,0.6592361798775246,1.5646683393003165,rejected,0.02497752817438328,0.11766069582789267
overnight20 q3 & skew60 q3,-0.0002241182457450327,0.32116541125832654,-1.9006582585156775,rejected,0.0,0.05734678929810994
atr_pct q0 & intraday20 q3,0.000363487693810497,0.5809305054983022,1.635781333005943,rejected,0.028907399817077465,0.1018853601724579
days_to_earn q2 & dist_ma50 q3,-9.995423587945112e-05,-1.2839593119890553,0.9254267831262181,rejected,0.0,0.35474395243298074
dist_52wh q2 & range_compress q3,-0.00017798840128161595,-1.4614174512790832,0.7479090413942183,rejected,0.0,0.4545150236159668
news5 q1 & range_compress q2,0.0003365446855155357,1.5984260542181692,0.6087486801485192,rejected,0.014400394742557589,0.5426910347949307
ins_officer30 q2 & mom_12_1 q0,-0.00035540861533068347,-0.3552317267793128,-1.8508540285882429,rejected,0.03082171404486012,0.06419055586813131
days_to_earn q3 & mom_12_1 q3,3.742869879637845e-05,-0.8503183999505162,1.3545267264029286,rejected,0.0,0.17556839261669804
log_dv q3 & overnight20 q3,-0.00011923427839392674,0.6524832005705008,-1.5522101484710857,rejected,0.0,0.12061194861219339
log_dv q1 & skew60 q1,0.00031986508284665446,0.060007514121583734,2.14245035452607,rejected,0.0,0.03215725956950606
days_since_earn q1 & range_compress q2,0.00036518695027785064,1.3701070574989391,0.8310456525253456,rejected,0.023318378993840552,0.4059478398404046
earn_in_week q1 & range_compress q0,-0.00014918002435196102,-1.2483293940756977,-0.9527793189154895,rejected,0.022004019589832655,0.3407018948917731
ev_agreement q4 & ind_mom60 q1,-0.00020505935639766412,-1.2590711043872873,-0.9393743104935292,rejected,0.018821142351548352,0.3475385978510248
mom_12_1 q2 & news5 q4,-9.018411684264282e-05,-1.1260177199017731,1.06474919684925,rejected,0.0,0.28698944056229014
ind_mom60 q1 & intraday20 q3,0.0001779362189841713,-0.40956811185835434,1.7734648454527537,rejected,0.0,0.0761517121359417
dist_52wh q3 & r20 q4,0.0003280078327264602,1.0248617865092113,1.1534979315442409,rejected,0.028081472101170766,0.24870606608008086
intraday20 q4 & mom_12_1 q2,0.00011275730316963502,-0.5440373755096154,1.6298900217460053,rejected,0.0,0.10312474293043294
gap_today q0 & range_compress q1,0.0003055464424716756,1.5203315846627221,0.652513713762503,rejected,0.021025467851955883,0.5140698289761156
ev_red_flag q2 & r20 q3,0.00018534809880388283,-0.4587771216964633,1.7132966960765401,rejected,0.0,0.08665796991749306
log_dv q3 & r1 q2,-0.000398716045986788,-1.0961310413908674,-1.0748316836362983,rejected,0.013650699119380107,0.2824500924985053
days_to_earn q2 & vol20 q0,7.081683150820334e-05,-0.6689541675002305,1.4969120668761067,rejected,0.0,0.13441613996287954
atr_pct q2 & rel_ind20 q2,0.00019269665881271558,1.5106839625563533,-0.654776013329464,rejected,0.0,0.5126119763851634
log_dv q0 & news5 q1,-7.59867684007667e-05,0.4473227474961807,-1.7157161200078614,rejected,0.0,0.08621401289804392
frog q0 & log_dv q3,-0.0003754814590759287,-1.5557394619105298,-0.6053393766331026,rejected,0.015715946573761356,0.5449535228975568
dist_52wh q1 & r20 q3,-0.00031514390911255486,-1.9716903184592145,-0.18670889715673183,rejected,0.017885300996330653,0.8518888798525107
dist_52wh q1 & r60 q3,-0.00010154727412636609,0.5086813832240042,-1.6461054544469549,rejected,0.0,0.09974204966705395
min20 q4 & skew60 q1,-0.0001284673385508664,-1.3861076776905075,0.7677368315217608,rejected,0.0,0.4426435497544662
days_since_earn q3 & min20 q4,0.0003969995835341378,1.103958298007508,1.0490560345406137,rejected,0.018960595422476818,0.294152329442763
ear_volsurge q0 & gap_today q3,-0.00032608136729791624,-1.2907978462482321,-0.8551286752168974,rejected,0.027851119736201996,0.39247991642493846
ev_offering q2 & ind_mom60 q0,-9.381056409882482e-05,0.6912980139025474,-1.453955950142701,rejected,0.0,0.14595851924033823
ins_officer30 q2 & mom_12_1 q2,0.00038472482085918875,0.46839593204735125,1.6763090126437006,rejected,0.025270696330119684,0.09367768047836318
ear_volsurge q0 & earn_in_week q1,-9.444480775210624e-05,-1.5919989529696303,0.551497733442629,rejected,0.0,0.5812925199945933
ev_agreement q4 & ev_shelf q2,-0.00036970584650958315,-2.062920423712374,-0.08055352240111187,rejected,0.011047413773671546,0.935797029775181
r120 q4 & r5 q2,0.000344513841125176,1.5914214751318838,0.550049126609874,rejected,0.033964336144459185,0.5822856786939716
range_compress q0 & rel_ind20 q4,-0.00011563397340368899,0.5307282214557592,-1.6100236727857675,rejected,0.0,0.10739268839994585
ear q1 & vol_ratio q3,-0.0003310566202745461,-0.26374599889196615,-1.8742856307025302,rejected,0.03583947865234537,0.060891066977226356
frog q3 & r20 q4,-0.00031570018366696936,-1.3486684858392541,-0.7885438262662195,rejected,0.02649787533063499,0.4303786738318033
r20 q4 & rel_ind20 q4,-0.00020325660835330417,0.44512924193168474,-1.6894636208356593,rejected,0.0,0.09113061778701127
dist_ma50 q3 & gap_today q3,-0.0004113932045796365,-1.6566343194610602,-0.4752874206391487,rejected,0.039485039600973625,0.6345821239682816
days_to_earn q4 & ins_buyers30 q2,-1.4149110446537552e-05,-1.1184085703029611,1.0115634602416008,rejected,0.0,0.311746824218086
earn_in_week q1 & news5 q4,-2.3931580321443252e-05,-1.2138207741485818,0.9161090077562691,rejected,0.0,0.3596097237354027
dist_ma50 q3 & min20 q4,0.00034485615478186527,0.16057733763613832,1.9690502347923748,rejected,0.0,0.04894732272904312
frog q0 & r20 q4,-3.6133870373189585e-05,0.7300168278216804,-1.3985862248924874,rejected,0.0,0.16193709950750315
r20 q3 & skew60 q1,0.00019000630094410882,-0.43285253113353206,1.693433548252015,rejected,0.0,0.09037297364721823
earn_in_week q1 & intraday20 q3,-3.381297622552766e-05,-1.2823826308597388,0.8400098232778647,rejected,0.0,0.4009028787533203
r5 q2 & vol_surge1 q3,-2.8420329470652016e-05,0.8579827793470365,-1.2611132232571247,rejected,0.0,0.20726805709127852
ind_mom20 q4 & vol_ratio q4,-0.00027884772523748057,-0.19940176718315716,-1.9191482666981612,rejected,0.022738319613782677,0.054965572504284174
frog q3 & news5 q1,-2.312549638118416e-05,0.9527252167760362,-1.165080037448814,rejected,0.0,0.24398659654019675
log_dv q4 & range_compress q3,0.0001819726641573223,-0.37758524393825155,1.734860598444011,rejected,0.0,0.08276549959153513
dist_52wh q2 & news5 q1,0.00022550852232915196,-0.11704743142035832,1.994443544902045,rejected,0.0,0.046103603784439826
ev_red_flag q2 & gap_today q0,0.0003604291752239246,0.20415302647172903,1.9055770193957975,rejected,0.030387309127363375,0.056705106023195444
range_compress q2 & vol20 q0,0.0003460977894102982,0.4717990239596988,1.6376447300605972,rejected,0.02400446819625828,0.10149582639140216
ind_mom60 q0 & news5 q1,-0.00022813047112105384,-0.869963742991344,-1.2390033212901084,rejected,0.05881474572767449,0.21534426808462742
news5 q1 & range_compress q3,0.0002997761419780606,1.464768478762112,0.6414165859536136,rejected,0.0169020205542211,0.5212520597695371
ear q1 & rel_ind20 q4,-0.00020160012778451785,-0.30136714963482325,-1.8036076908966905,rejected,0.024443400549207163,0.07129282955051697
dist_ma200 q2 & rel_ind20 q1,0.00019239211336935928,1.3462885009952013,-0.7545197008274938,rejected,0.0,0.45053722024446025
range_compress q4 & rel_ind60 q3,0.00011526045353297531,-0.6351292844125681,1.4642035671914573,rejected,0.0,0.14313833585983002
dist_52wh q2 & r1 q1,0.00034202585691674614,0.3321628588446395,1.7671230354244511,rejected,0.0189859508850791,0.07720762548562597
days_since_earn q3 & ev_red_flag q2,-0.000109013044865368,0.6115146990926125,-1.4848481008295327,rejected,0.0,0.13758406669638712
r20 q4 & range_compress q0,-0.00021431126746403273,0.10839746371941776,-1.987833947631745,rejected,0.0,0.046830057879085264
intraday20 q3 & vol20 q0,0.00011453083356475305,-0.5827047906971847,1.51311726776401,rejected,0.0,0.13024987414112948
dist_52wh q1 & ind_mom60 q0,-7.849796548381302e-06,0.8828696573526955,-1.212224894973614,rejected,0.0,0.2254263043556112
intraday20 q2 & vol_ratio q4,-0.0002852345882700177,0.14489021303772992,-1.949687990457579,rejected,0.0,0.051213318591917543
ear_volsurge q4 & overnight20 q4,0.000278126048893084,0.08406889041183474,2.010227411003368,rejected,0.0,0.04440712552977029
ind_mom60 q0 & vol_surge1 q3,-0.0002554291948037419,-0.391272132422475,-1.7019079185256043,rejected,0.013763710166348662,0.08877263115164473
gap_today q3 & overnight20 q3,-0.0003794448508901138,-1.0754914753316263,-1.0143931469137453,rejected,0.011621858977897715,0.31039519306683055
days_to_earn q1 & intraday20 q2,-0.00034448868303533077,-0.5465411735216512,-1.5427046705080438,rejected,0.03915573457578415,0.12290244816877295
days_to_earn q3 & r20 q3,0.000363050215871078,1.2200129581518742,0.8672763213178816,rejected,0.028679702380938442,0.3857906273481283
dist_ma200 q1 & ind_mom60 q1,0.0003460591958446479,0.582727530862724,1.4992110268047776,rejected,0.04000951662405598,0.13381889531971253
ins_officer30 q2 & log_dv q3,-0.00027246084203129867,0.19461648385343563,-1.885802622225144,rejected,0.0,0.059321557454089215
intraday20 q4 & log_dv q1,-0.0003079519468742268,-1.3278074952110617,-0.750874982897478,rejected,0.033242070472572584,0.45272789748927644
gap_today q3 & range_compress q0,-0.00011831954712719875,0.34497123335876906,-1.726823626233651,rejected,0.0,0.08419934399551536
ins_opportunistic30 q2 & r60 q1,-0.00039008917705616973,-1.4924066356370453,-0.5765853185897232,rejected,0.022507433947211424,0.5642196192839433
ev_red_flag q2 & ind_mom60 q0,-8.367995827827429e-05,0.6860932297500133,-1.380652750179378,rejected,0.0,0.16738575579422754
dist_52wh q1 & ind_mom20 q4,5.864023305199015e-05,1.1057177661262927,-0.9608391319418814,rejected,0.0,0.3366330594340385
gap_today q3 & ind_mom20 q4,-0.00018292237836961992,0.31324217636407964,-1.7494131521098142,rejected,0.0,0.08021962906256828
ear q1 & log_dv q0,-0.00029330822532987546,-1.0268761615903637,-1.0357737320050084,rejected,0.008581413518617804,0.30030771502104525
frog q0 & r1 q0,-0.0002695358748464072,-1.368621119465965,-0.6938287787151606,rejected,0.021452016156403103,0.48778959245280457
ear q1 & frog q0,-0.00030770444644602095,-1.686252209722637,-0.37107270857668806,rejected,0.03365591436561607,0.7105833775926835
gap_today q0 & r120 q3,0.0003371077365382213,1.3492624613201765,0.7063786327698628,rejected,0.02574673825684518,0.47995270506662135
earn_in_week q1 & gap_today q4,5.0452230527096284e-05,-0.6905244453200376,1.3633113220823705,rejected,0.0,0.17278441526002153
dist_52wh q1 & news5 q4,-0.0002880200472529594,-1.926589395255434,0.12306589856998773,rejected,0.0,0.9020549149637833
log_dv q3 & vol_ratio q3,-0.00034565734747223764,-1.3000495162466188,-0.7483650861217357,rejected,0.03363038539997478,0.45423997578816583
intraday20 q2 & min20 q4,0.0003537116003948917,0.5978201739555182,1.4504810077424486,rejected,0.036672356126573255,0.1469244316263639
ev_red_flag q2 & skew60 q3,-9.461693136336876e-05,0.6220923241504601,-1.4249162181744737,rejected,0.0,0.15418142093964232
gap_today q3 & vol_ratio q4,-1.3946801308615863e-05,0.7033401969009969,-1.3403976250660739,rejected,0.0,0.18011610743622367
dist_52wh q1 & gap_today q4,-0.00028266336371890016,-0.2055948051406392,-1.8375071941204935,rejected,0.030069642305685023,0.06613505541756044
ind_mom20 q4 & intraday20 q4,-0.00020442270160855825,0.2893771106086977,-1.7534541223062783,rejected,0.0,0.07952408786013046
ind_mom60 q1 & r20 q1,0.00035924311639617983,1.2105336819473376,0.8321916159121822,rejected,0.020784560096120567,0.40530079551440823
max20 q3 & r5_nonews q0,0.00026514674358693753,1.4221685021716748,0.616121924017378,rejected,0.015564212410275823,0.5378140532795572
days_since_earn q3 & mom_12_1 q0,-0.00019592982735932898,-0.6460606315314115,-1.387980616178712,rejected,0.03060265120113134,0.16514294768939375
dist_ma50 q3 & range_compress q3,0.00020738504058056938,-0.3317385127811311,1.7018238338890652,rejected,0.0,0.08878839719995818
dist_ma50 q3 & frog q0,-0.00031380097006214415,-1.3753809380515798,-0.6573013318946113,rejected,0.02590420456919556,0.5109871802620658
gap_today q3 & r5_news q4,-0.0002388667173396268,-1.616163499907461,-0.41625157691170683,rejected,0.030692732729519917,0.6772259219973962
intraday20 q4 & vol_ratio q4,-0.00011092250191320161,0.5403132570976007,-1.4903394303353845,rejected,0.0,0.13613500975370205
gap_today q3 & range_compress q1,-0.0003191589661538078,-0.628675358277302,-1.397878543243858,rejected,0.0313100528987424,0.1621495430160945
frog q1 & gap_today q0,0.00028898018917420564,1.197744807652519,0.8209922868947329,rejected,0.021412843571113855,0.4116506616540452
max20 q2 & overnight20 q4,0.0002500580924307702,-0.12706225999026194,1.8911464516358893,rejected,0.0,0.058604797168008316
overnight20 q3 & r20 q3,-0.00016807001000702945,-1.3036092450590981,0.7143998770325579,rejected,0.0,0.47497994800291954
ev_red_flag q2 & range_compress q1,-0.0001049886205480971,0.6545186016467669,-1.3629494381031817,rejected,0.0,0.1728984462321062
earn_in_week q4 & r5 q1,0.0001273284035422081,1.5764563325304548,0.4382041059953226,rejected,0.02411161463065529,0.6612383323922857
range_compress q0 & vol_surge1 q3,-0.00020881150301678064,-1.213157270425357,-0.8009032798466819,rejected,0.02458768480633797,0.42318764120048286
days_since_earn q1 & ins_officer30 q2,0.00036694979423821945,0.487328398516984,1.5240489265550818,rejected,0.045201941084767695,0.1274964896065982
days_to_earn q1 & skew60 q3,0.0002740849624979574,1.759394582121053,-0.2491681458240374,rejected,0.0,0.8032307184317173
dist_ma200 q3 & ind_mom20 q3,-0.00010769799939569239,-1.2045985603924172,0.8019043342147972,rejected,0.0,0.4226082987854836
ins_opportunistic30 q2 & overnight20 q2,0.000382277902661672,1.4674064170092813,0.5345395131718838,rejected,0.034372693650057365,0.5929683194082465
dist_ma200 q0 & gap_today q1,-0.00026653937671493826,-1.3248236959621138,-0.6766308668313944,rejected,0.024116281758694454,0.4986401897561319
dist_ma50 q3 & ev_red_flag q2,4.545473422669846e-05,-0.7549846285061086,1.2456812971413846,rejected,0.0,0.21288142261659504
dist_52wh q3 & log_dv q4,0.00033754094243552735,0.5817521216036252,1.4152181855351011,rejected,0.030355435575903218,0.15700453413647508
ind_mom20 q4 & ins_officer30 q2,-0.0001434646010082174,0.5235868007584797,-1.4713558424773947,rejected,0.0,0.14119490867465614
ins_officer30 q2 & range_compress q0,-0.0003358410440605307,-0.7698002071670517,-1.2249579277028155,rejected,0.050981463743794385,0.2205910727552324
dist_52wh q1 & range_compress q2,2.39023981549526e-05,0.9525455612227579,-1.0415149836261541,rejected,0.0,0.2976366028114701
dist_ma50 q3 & gap_today q0,0.0002843611464366101,0.7244049754408561,1.2687037873279043,rejected,0.05522136872764348,0.20454673117531
days_to_earn q3 & dist_ma200 q0,0.00015844960815675397,-0.26015223151731726,1.7322362031577567,rejected,0.0,0.0832315155947435
dist_52wh q1 & ind_mom60 q1,0.00010665392798902961,1.2785397247143846,-0.7111421445149457,rejected,0.0,0.4769961561239936
gap_today q0 & ind_mom20 q4,0.0002574076708372406,1.6457270651127487,0.34259075802548217,rejected,0.03005888246330677,0.7319063558003943
gap_today q0 & r5_news q2,0.00035848012636959973,0.6769706916033528,1.3113160269693556,rejected,0.048173200807387594,0.1897510158644193
days_to_earn q2 & ins_officer30 q2,-0.00020213549296347274,0.339105782557091,-1.647153601495419,rejected,0.0,0.09952647798340815
days_since_earn q3 & dist_52wh q1,0.00017392971777057566,1.3894213210230104,-0.5931796969070586,rejected,0.0,0.5530608987036149
r1 q1 & vol_surge5 q1,0.00021173585137972915,-0.38119340971783644,1.5988015918681293,rejected,0.0,0.10986469524294183
ind_mom60 q0 & range_compress q0,-0.00017494754722696413,-0.39883399334722625,-1.579553533993575,rejected,0.02196021702391804,0.1142091475450126
dist_52wh q1 & rel_ind20 q4,-0.00010921816089869715,0.4591093548105056,-1.5098591598885438,rejected,0.0,0.13107936559334038
dist_ma50 q3 & vol_surge1 q3,-0.00015735242817651506,-1.2934499371262758,0.6747512026142106,rejected,0.0,0.4998338477458415
atr_pct q1 & dist_ma200 q0,-0.000258381722647308,-0.8766776050726803,-1.0870080844749785,rejected,0.01067935034599037,0.2770332368380047
r20 q3 & vol20 q0,0.000324994014037056,0.5475694303379549,1.4112334657882264,rejected,0.030705684608023226,0.15817578544607644
news5 q1 & rel_ind20 q2,0.00013579937030597792,1.3593025373736891,-0.5990713729767594,rejected,0.0,0.5491252905986667
ins_officer30 q2 & intraday20 q4,-0.00010261327760678554,0.6766718558016837,-1.2773458287961275,rejected,0.0,0.20148018061616024
dist_ma200 q3 & ear q3,0.0001683594869898754,-0.41024424079302974,1.5413597752557617,rejected,0.0,0.12322924820461212
earn_in_week q1 & overnight20 q3,-7.36171344722335e-05,-1.0720732073515602,0.8787780181242096,rejected,0.0,0.3795216471738993
gap_today q0 & log_dv q4,5.410459421809615e-05,1.0794319266509347,-0.8694984794415114,rejected,0.0,0.384574539396431
news5 q1 & vol20 q0,0.00024905495500255313,0.5906567406611748,1.3581382598322187,rejected,0.03674839965970257,0.17441981692875513
log_dv q0 & min20 q4,-0.0002194343047255515,-1.5443277804536661,0.3979699972911212,rejected,0.0,0.6906523017243686
ev_red_flag q4 & ins_officer30 q2,7.783042795119283e-05,-0.18819121358483865,1.7515399418969948,rejected,0.0,0.07985294744472107
dist_52wh q2 & overnight20 q4,1.7367201522681773e-05,0.9551004870892691,-0.9821076953356508,rejected,0.0,0.32604679475397674
ind_mom20 q3 & log_dv q2,0.00022017234020311864,1.4969496955010329,0.43959051057972415,rejected,0.022461862554006267,0.660233714838899
dist_52wh q1 & vol_ratio q4,-0.000226522207936688,0.004796766565997644,-1.931650559137881,rejected,0.0,0.05340265096498882
days_to_earn q2 & log_dv q3,-0.0003041118310160931,-0.044068928999237346,-1.889182871299801,rejected,0.02750326982775124,0.0588673290749388
ev_red_flag q2 & overnight20 q3,-0.00030603156326634064,-0.076718680658457,-1.8553102949850568,rejected,0.02625425244284636,0.0635519289215403
r1 q2 & skew60 q2,0.00020943099138295422,-0.20070052065271834,1.7309810908342738,rejected,0.0,0.08345513709098537
earn_in_week q1 & log_dv q4,8.675084971322937e-05,-0.45714418988360156,1.4739539309356207,rejected,0.0,0.1404939955045382
earn_in_week q1 & range_compress q2,0.00019690660824241225,0.6623511092207415,1.2667317900153023,rejected,0.05690652361198303,0.20525120890706094
ev_red_flag q2 & ind_mom20 q4,-0.00018441983473374652,0.38035069987564774,-1.5471495344870874,rejected,0.0,0.12182719173028779
intraday20 q3 & r20 q4,2.077018026308032e-05,-0.8695605092003591,1.057636522550628,rejected,0.0,0.2902211850341066
dist_52wh q4 & ear_volsurge q2,0.0003412675917088392,0.49654874133801996,1.4294623844688872,rejected,0.02943242966186987,0.1528713789439311
days_to_earn q1 & ear q1,-0.0003363498072125295,-0.7567140642835114,-1.1682204674779255,rejected,0.026424010544557584,0.24271784658000314
frog q1 & log_dv q3,0.00012597626475503742,1.219618058372565,-0.704039817595878,rejected,0.0,0.481407977281485
gap_today q3 & ins_value30 q2,-0.00018406756503837037,0.2984840895745047,-1.6232159475022323,rejected,0.0,0.10454324991670631
intraday20 q2 & vol_surge1 q3,-0.00019424367074118132,0.2554785474011187,-1.665163670428249,rejected,0.0,0.09588010680763567
ev_red_flag q2 & gap_today q3,-0.0002957102989042179,0.031516193485775904,-1.887891395840155,rejected,0.0,0.0590405318787365
log_dv q3 & mom_12_1 q2,0.0002991099937907387,0.5723004594701145,1.3456435148361856,rejected,0.03702667397819809,0.17841751095242694
dist_ma200 q2 & vol_ratio q3,-0.0003198385950714064,-0.57538534513159,-1.3419112410313934,rejected,0.04067430549028881,0.17962477652072192
days_to_earn q1 & log_dv q0,4.355359158790388e-05,0.8813679607323186,-1.035225347237424,rejected,0.0,0.3005636839769633
gap_today q0 & overnight20 q3,0.00026683601129864405,1.3788514249863826,0.537698298469678,rejected,0.031094837770889144,0.590785354145584
r5_news q4 & vol_surge1 q3,3.441852260229967e-05,-0.7497204585475913,1.1649377798935228,rejected,0.0,0.24404417940016243
days_to_earn q2 & min20 q4,0.0002965155892217231,0.30994635094502115,1.6045106755871943,rejected,0.010462965978930715,0.10860153320772137
ear q0 & min20 q2,0.0002268065966065767,1.68652813833804,-0.224618846956199,rejected,0.0,0.8222758017698149
r20 q4 & range_compress q1,-2.1124282687258374e-05,0.8039517337174218,-1.1040331643379477,rejected,0.0,0.26957875166136963
days_since_earn q3 & ind_mom60 q4,0.00030472670034796637,1.3720387070020534,0.5339941555512945,rejected,0.0345861798685602,0.5933455776247423
max20 q4 & range_compress q3,-0.00016627328519895916,-1.7864731757979644,0.11935622090464794,rejected,0.0,0.9049931439437072
ins_officer30 q2 & log_dv q1,0.0003264760606827745,0.269827932059401,1.635283986006788,rejected,0.02585865247380824,0.10198952901767502
dist_52wh q2 & mom_12_1 q2,0.0002814130979692145,0.3042208613843334,1.5998904303075432,rejected,0.0131921356773813,0.10962289265333686
dist_ma50 q3 & ind_mom60 q1,0.00028057588511690753,0.17055317314815435,1.7313719833857062,rejected,0.021562843653234107,0.08338544023029452
days_to_earn q2 & dist_52wh q1,-0.00030294804856544413,-0.25322645354332696,-1.6474069773676248,rejected,0.024186602521374456,0.09947442216763973
ind_mom20 q4 & skew60 q3,1.3825025280914185e-06,0.9177210001744651,-0.98058996674136,rejected,0.0,0.32679498406087953
atr_pct q2 & intraday20 q1,0.00032940007144507976,1.195200334038457,0.7028627462763027,rejected,0.02646801632343723,0.48214128943226436
dist_52wh q3 & r5_nonews q4,0.000260053106226589,0.9932746788192548,0.9030526132205489,rejected,0.028583869350759093,0.3664979720171072
ind_mom20 q4 & r5_nonews q0,-0.00011493540822287168,0.262016314592323,-1.6317304910315082,rejected,0.0,0.10273627380324102
r5 q2 & rel_ind20 q4,-5.488222068291834e-05,0.6546576777585406,-1.2355880895869158,rejected,0.0,0.216611714162425
close_loc q4 & ind_mom20 q0,-0.00024634680175098807,-0.9710451485596813,-0.9187049771406713,rejected,0.02075901161793421,0.35824990580866123
ind_mom20 q0 & vol_surge5 q3,0.00013354264580659936,1.3066189098449028,-0.5822177605318868,rejected,0.0,0.5604200117424004
days_to_earn q3 & rel_ind20 q4,-3.2413981251644855e-05,0.8422080190452216,-1.045113323470125,rejected,0.0,0.29597059693963124
intraday20 q4 & news5 q1,-0.00019383772315671846,0.2959992553667094,-1.5908913899982051,rejected,0.0,0.11163402058107405
dist_ma50 q0 & frog q4,-0.0001462741391864438,-1.8310310412531128,-0.05559537628694014,rejected,0.006531316912892053,0.9556641479983485
min20 q4 & rel_ind20 q4,0.0003354754892867754,0.9133816498110293,0.972129833705674,rejected,0.020351379578770094,0.33098596189240775
ins_officer30 q2 & overnight20 q3,-0.0003029873432217332,-0.09087788367303096,-1.7930660149343582,rejected,0.020827519847740564,0.0729623690061149
ev_red_flag q2 & frog q3,-0.00031249187977344244,-0.3191828196146629,-1.5619908757750127,rejected,0.023539226685152834,0.11829013834070763
days_since_earn q3 & skew60 q3,0.00016271131000472337,1.3726479325797878,-0.5070505927442269,rejected,0.0,0.6121193204590434
gap_today q0 & mom_12_1 q0,5.404143380061841e-05,-0.5638109424559438,1.3155011433096468,rejected,0.0,0.18834153335329257
dist_52wh q1 & news5 q1,-7.154352080797241e-05,0.5957186644612295,-1.2828010159244008,rejected,0.0,0.19956179812482272
gap_today q3 & ins_officer30 q2,-0.00025050370375466984,0.11044214683277401,-1.7643020454563207,rejected,0.0,0.07768113978746286
ear q1 & rel_ind60 q1,-0.0003191569993430422,-0.17190448290211857,-1.698443953377309,rejected,0.014920039421279539,0.08942400236148149
dist_52wh q3 & ev_red_flag q2,0.0003311814151579999,0.6028324264964252,1.2644511140507406,rejected,0.057089129903086906,0.20606815660020358
intraday20 q3 & r20 q1,-0.00019958150747638922,-1.041191588669213,-0.8245189798734086,rejected,0.02000502586182157,0.40964473592910805
ev_red_flag q2 & mom_12_1 q2,0.0003354088698598938,0.5044302528393851,1.3607522984011597,rejected,0.034055576228568994,0.17359198114642235
dist_ma50 q3 & intraday20 q3,6.711259367458928e-05,-0.6626512045723892,1.201536757025968,rejected,0.0,0.22954305708411177
days_since_earn q1 & ear q1,0.00012908467084651813,1.1942430082893418,-0.6695754520049386,rejected,0.0,0.5031284671034864
dist_ma50 q4 & ins_buyers30 q2,-3.599435691886978e-05,0.7736440954724076,-1.0901361112504113,rejected,0.0,0.27565319129718574
ind_mom20 q0 & overnight20 q2,0.00028302633625755107,1.0943899817991423,0.7692400838960956,rejected,0.028052298613395452,0.4417507988109176
ind_mom60 q1 & r20 q4,-0.000176461923045738,-0.326133816994911,-1.5347376757327418,rejected,0.036355900980507574,0.12484827733876844
ear q1 & vol_surge1 q1,-3.6979108629077236e-05,0.7150099153846062,-1.145144380426891,rejected,0.0,0.2521493538178206
log_dv q1 & vol20 q0,0.00027308648109735994,0.2556711359694131,1.6040225273960123,rejected,0.011568018968926622,0.10870908709821346
ear q1 & gap_today q4,-0.00022228546638325313,-0.2716051790230662,-1.5878296859237768,rejected,0.01941351633859796,0.11232485675530532
days_to_earn q3 & gap_today q0,0.00026002709182958156,0.7054967791350961,1.152275715047694,rejected,0.0250056189717661,0.24920779297818157
news5 q1 & rel_ind20 q4,-0.00011792505257806718,0.3770320928781226,-1.4780320038294974,rejected,0.0,0.1393992122626633
ev_agreement q4 & skew60 q0,-0.00016526857226376317,-1.1679691621676884,-0.685701704738631,rejected,0.022264167849204507,0.49290123154572835
dist_52wh q3 & rel_ind20 q4,9.723591283938825e-05,-0.4846733316532075,1.3681987269326912,rejected,0.0,0.17124988000117694
dist_52wh q2 & log_dv q3,3.4847299156083207e-05,-0.5870549861402539,1.2654354856535008,rejected,0.0,0.20571526131638923
ev_red_flag q2 & vol_ratio q4,-0.00020499895179937338,0.3243120399528412,-1.5260860381580932,rejected,0.0,0.1269884386928918
dist_52wh q1 & skew60 q1,-6.914684788268463e-05,0.5818631705019673,-1.2680436387175,rejected,0.0,0.2047823670471138
days_to_earn q2 & vol_surge1 q3,-7.669620786564174e-05,0.5440061984469988,-1.3056890053408825,rejected,0.0,0.1916583384170053
days_to_earn q1 & rel_ind20 q4,-8.086294057959065e-05,0.41604161780962956,-1.4335069129399758,rejected,0.0,0.15171302476589152
gap_today q3 & log_dv q4,-0.0003014665096020931,-0.5781972871170474,-1.2710750111823026,rejected,0.049892192791440915,0.20370196426559506
atr_pct q0 & news5 q1,0.0002226422460076775,0.6842390886847932,1.1599005134337246,rejected,0.026524230511066584,0.24608931367677747
ev_red_flag q2 & vol_surge1 q3,-0.00020636925341482626,0.2686663847031415,-1.5751284023506569,rejected,0.0,0.11522680932611322
days_to_earn q1 & overnight20 q3,-6.339318575128598e-05,0.5784390056109554,-1.2647872399468192,rejected,0.0,0.20594760672140125
frog q0 & r20 q3,-4.7693394472054494e-05,-1.0263340448019795,0.8157792875300566,rejected,0.0,0.4146263816018245
intraday20 q3 & vol_ratio q4,0.00021365455528241228,-0.35546882654259826,1.485865082444982,rejected,0.0,0.1373148111498367
atr_pct q0 & min20 q4,0.0003437890181741467,0.8996219413948814,0.9399062416199123,rejected,0.016210782917357426,0.34726565546272214
r5_nonews q3 & vol_surge5 q4,-0.00023398708157498018,-0.5249904017866329,-1.3130465753447522,rejected,0.04268737360246251,0.18916725438652504
days_since_earn q3 & vol_ratio q2,2.6670483109937384e-05,0.9084561812743944,-0.9274873652219743,rejected,0.0,0.35367354882530266
days_since_earn q1 & ind_mom20 q4,-0.0002476659889567393,-0.48977717996638426,-1.3456290924165464,rejected,0.036701761724047495,0.17842216447293555
days_since_earn q0 & rel_ind60 q3,-2.1836863477028806e-05,-1.0951500496139275,0.7350197139526992,rejected,0.0,0.46232748801301743
mom_12_1 q3 & r20 q1,0.00013764770246342583,-0.42639624019925854,1.4034521830181808,rejected,0.0,0.16048204140738076
ins_officer30 q2 & rel_ind20 q4,-0.00011810103710887637,0.5377999795317187,-1.2915235991634737,rejected,0.0,0.19652217734690508
dist_52wh q3 & ind_mom20 q4,0.00028322899136002245,0.6831920583189334,1.1448378098460645,rejected,0.022378580085319583,0.25227634966080154
mom_12_1 q0 & vol_ratio q3,-0.00021224410656111466,-1.1990112171385856,-0.6284080858836419,rejected,0.014402715014100134,0.5297366414547362
frog q3 & log_dv q1,-0.00024202894042529111,0.13421524947835672,-1.6929372046300224,rejected,0.0,0.09046742064245347
vol20 q3 & vol_surge1 q2,0.000250625029195759,1.6317991006930228,-0.19507568788442387,rejected,0.0,0.845333695186842
dist_52wh q1 & log_dv q0,-0.0002719361439455448,-0.5837928399667986,-1.2418803390367337,rejected,0.05266712925169643,0.2142807151598561
min20 q4 & vol20 q0,0.00032038542959023563,0.4256702455052342,1.3999041722923808,rejected,0.02731967793552788,0.16154201647209893
days_since_earn q1 & r1 q2,4.0078452860255844e-05,-0.6098437310985609,1.215279322563304,rejected,0.0,0.2242595755419654
gap_today q3 & r5_news q2,-0.00017363009312409186,0.3046375940242479,-1.5190029844968878,rejected,0.0,0.12876174474621485
gap_today q0 & min20 q4,0.00025041615822165783,0.4510785297683459,1.3719849831162878,rejected,0.025946559874764498,0.17006811268660071
log_dv q1 & overnight20 q3,0.00028988733936941214,1.1950409180813337,0.625149555906529,rejected,0.01582777431412195,0.5318729058628251
overnight20 q3 & range_compress q1,-5.127792715249888e-05,0.690064417595939,-1.1283653724971274,rejected,0.0,0.25916564549659027
r20 q4 & r5_news q4,-0.00017481994625010263,-1.5563073612954743,0.26205119683703976,rejected,0.0,0.7932819715257253
intraday20 q2 & mom_12_1 q3,-7.669827025089691e-05,-1.1034026268027939,0.7135698850237319,rejected,0.0,0.47549318488700415
ins_value30 q4 & rel_ind20 q2,-0.00019700160005649872,0.10914885480659646,-1.7072193153850634,rejected,0.0,0.08778129620398813
r5_news q4 & range_compress q2,-4.4191059718647946e-05,-1.0383903856382655,0.777666692351473,rejected,0.0,0.4367655328239477
max20 q1 & r20 q0,-0.0003005560568892144,-1.418893168736636,-0.3947146355656131,rejected,0.03420160429480339,0.6930535003930092
ind_mom20 q4 & range_compress q0,-0.00019582336816353725,-0.02968942457239716,-1.7819122469586508,rejected,0.013549158964653335,0.07476354306119475
earn_in_week q1 & rel_ind60 q1,-9.139221671633588e-05,-1.2866813047415682,0.5239955904699585,rejected,0.0,0.6002816068326586
min20 q4 & mom_12_1 q3,0.0003033770912085085,0.7066765195567709,1.097345924219825,rejected,0.013226228810166486,0.272490202583678
gap_today q0 & intraday20 q4,0.0002308794727985706,0.30826330277751796,1.4956409251107958,rejected,0.036519851887135565,0.13474725235067112
gap_today q4 & news5 q1,-0.00019158296496119538,-0.2832858247453106,-1.5204853353415673,rejected,0.04247730133232625,0.12838904164529719
gap_today q0 & mom_12_1 q2,0.0002499811897145672,0.025929251318457462,1.7718621045833116,rejected,0.01613839739288236,0.0764174502964171
log_dv q3 & r5_news q4,1.937281335972725e-05,-0.5747826982154752,1.2203222769340192,rejected,0.0,0.22234272813634992
log_dv q3 & range_compress q2,0.00031262103444081886,1.2398658808266916,0.5527652104122962,rejected,0.031027417688852827,0.5804241936777379
dist_52wh q3 & log_dv q1,0.0002897183007584721,0.8850417767632845,0.9063376626352267,rejected,0.025733713097420185,0.36475715663515507
earn_in_week q1 & vol_surge1 q3,-0.00010582738302823284,-1.2127511449759611,0.577965677423954,rejected,0.0,0.5632872920492218
intraday20 q2 & range_compress q2,0.00030498327813642393,0.6713310630847593,1.1187257228037721,rejected,0.010762260765477,0.26325716792794357
gap_today q3 & rel_ind60 q0,-0.00023102940813116398,-0.1704906401761089,-1.617360680564474,rejected,0.01260894627534202,0.10580044793076028
days_to_earn q3 & mom_12_1 q2,0.00016475466176524856,-0.1748820683724404,1.6124871588432532,rejected,0.0,0.10685597203752899
days_since_earn q1 & mom_12_1 q2,0.00018472460050457043,-0.12408260955519135,1.658186253176159,rejected,0.0,0.09727987858568925
days_to_earn q1 & log_dv q1,0.00016423097915988706,-0.05952460438886129,1.7206175135927948,rejected,0.0,0.08532025328933986
dist_ma50 q2 & rel_ind20 q4,-0.00018462963630998616,0.10815025532729693,-1.668323136422316,rejected,0.0,0.095251597458311
days_to_earn q1 & min20 q4,0.00033042888431341304,0.9707265899610941,0.8006424061123225,rejected,0.023939220517493375,0.4233386935688662
ear_volsurge q0 & mom_12_1 q2,0.00013175268848952386,-0.18577987789390424,1.5785065298954353,rejected,0.0,0.1144492891859205
days_to_earn q3 & ear q1,5.8576594421831835e-05,1.098914138548939,-0.6650425786488436,rejected,0.0,0.5060232599268395
r1 q2 & skew60 q3,-0.000308431310125415,-1.6312039716219067,-0.13201334938868864,rejected,0.022684645397237607,0.8949737328778151
ind_mom60 q0 & overnight20 q3,-0.00024806604671375577,-0.310155585185859,-1.4515730418767858,rejected,0.03167325603027937,0.14662035905233023
days_to_earn q1 & intraday20 q4,-0.0001523549279959077,0.3911988151110057,-1.3703609600798337,rejected,0.0,0.17057425242331847
ear_volsurge q0 & range_compress q2,0.00024485282069515164,0.23704886951626128,1.5238618719545123,rejected,0.040282230764483166,0.12754321973833047
atr_pct q0 & range_compress q2,0.0003323928391862304,1.1487965783367877,0.6111351200145471,rejected,0.011043705856532596,0.5411101311713913
days_to_earn q1 & range_compress q2,0.00031404661669541826,0.9381101105328311,0.8216229685413311,rejected,0.019150643335332344,0.411291512869061
ear_volsurge q0 & rel_ind20 q4,-0.000213879044328595,-0.47302492811347985,-1.2853867914297867,rejected,0.04643257931532581,0.19865715457778352
dist_ma50 q0 & mom_12_1 q3,-3.290964531629577e-05,-0.9821973749936461,0.7751694263110356,rejected,0.0,0.43823955168921275
ind_mom60 q0 & ins_officer30 q2,-9.715252995309323e-05,0.5072254088526323,-1.2486170913583206,rejected,0.0,0.21180515805227113
gap_today q0 & skew60 q1,9.606643659515826e-05,-0.3972977639426878,1.3563155752930458,rejected,0.0,0.17499878192826995
ear q1 & vol_surge1 q3,-0.00028265804493683,-0.8200986653479327,-0.9302985214961974,rejected,0.01689067229713017,0.35221654312978273
days_to_earn q2 & r1 q2,-1.1037686930606613e-05,-0.7530456295087465,0.9950337778092646,rejected,0.0,0.3197198364133667
ind_mom20 q4 & mom_12_1 q0,-3.7068451868026684e-05,0.5693617148294942,-1.178408028249662,rejected,0.0,0.2386339786640086
log_dv q1 & mom_12_1 q2,0.00010308861682489509,1.0088109687481766,-0.7353513906532053,rejected,0.0,0.4621255177552255
min20 q4 & r5_news q4,-0.00026125751014370667,-1.6797430113369352,-0.062355123400715196,rejected,0.008142997908535338,0.9502800317144554
news5 q1 & rel_ind60 q1,-0.00025440213229475266,-1.3066010588064096,-0.43547800971814554,rejected,0.024946920870961554,0.6632154973767682
intraday20 q0 & r5 q0,0.00016805511512090108,1.326530139321011,-0.41461956095890873,rejected,0.0,0.6784204262298414
intraday20 q2 & vol20 q2,0.0002918857701004937,0.8514329142879202,0.8882905659903442,rejected,0.02589264160447068,0.37438447302024236
dist_52wh q2 & gap_today q3,7.694033555448789e-05,0.9299080928213593,-0.809178712131047,rejected,0.0,0.4184123579087286
intraday20 q3 & vol_surge1 q1,0.00029548787832121257,0.2602995861914327,1.4754412744946426,rejected,0.03451209681674539,0.14009394563731628
dist_52wh q1 & gap_today q3,-0.00025195288398160537,-0.17649764278170532,-1.5581014700793017,rejected,0.02378369018607423,0.11920919628122012
intraday20 q0 & news5 q1,-0.0001646697325280006,-0.3029459805144228,-1.4310107537500054,rejected,0.02522931099084846,0.15242713314547127
days_since_earn q1 & ear_volsurge q0,0.0001959890554398043,-0.1310825006073318,1.6023863439586,rejected,0.0,0.1090702027339563
dist_ma50 q3 & r5 q1,0.00033012652442634033,1.4685740904648783,0.262020097964216,rejected,0.02038157273695139,0.7933059474190796
min20 q4 & overnight20 q3,0.00010329311136064887,-0.4371604651507051,1.2927483726037556,rejected,0.0,0.19609810157551869
atr_pct q0 & dist_52wh q1,4.085614071317758e-05,-0.4197257502634725,1.31003768092476,rejected,0.0,0.19018308869234812
ins_officer30 q2 & vol_ratio q4,-7.702731773595676e-05,0.6253172587665665,-1.102448993743276,rejected,0.0,0.2702665216726044
ind_mom20 q4 & vol20 q0,0.00025988536382621716,0.8973052407038089,0.8298657187883649,rejected,0.019682155708883837,0.4066147090020449
ind_mom60 q1 & r20 q3,0.0001576801931846614,-0.3053953099196062,1.4177297294931737,rejected,0.0,0.15626968689604698
overnight20 q0 & skew60 q1,2.1436122556891708e-05,-0.8735327943705574,0.8492676382143968,rejected,0.0,0.3957323839839357
ins_officer30 q2 & vol_surge1 q3,-0.0001204626552790508,0.4571942475401199,-1.2656004767006133,rejected,0.0,0.20565615534369042
r5 q4 & vol20 q3,-0.0002923955365807091,-1.3518262342501421,-0.3703588444951754,rejected,0.0320530426009551,0.7111151343266298
mom_12_1 q3 & vol_ratio q0,0.00028892924139652196,1.4151662412934658,0.30492178389742347,rejected,0.023791199461919536,0.7604257241976038
ev_red_flag q2 & skew60 q1,-0.00026168241002717796,-1.5284631459592664,0.1914138057214343,rejected,0.0,0.8482014046389994
log_dv q0 & vol_surge5 q4,6.265019515244926e-05,-0.4657643279134701,1.253838796997405,rejected,0.0,0.20990060434819824
close_loc q4 & r5_nonews q0,0.00017254554622824771,0.905028870816097,0.8142814212272468,rejected,0.0218846183059013,0.41548375050634295
mom_12_1 q3 & vol_ratio q4,-0.00022647973085791458,-1.4798197976894563,0.23882104144333227,rejected,0.0,0.8112443535586751
days_since_earn q1 & rel_ind20 q4,-6.07922121566655e-05,0.6226350740979759,-1.0933581707158921,rejected,0.0,0.2742365715683828
ear q1 & range_compress q3,0.00024409014863496306,-0.06631977428224695,1.6482984190660666,rejected,0.0,0.09929144900594863
atr_pct q0 & ev_red_flag q2,0.00030169247258050744,0.488330963531073,1.2257172931435272,rejected,0.04516820720585637,0.22030508023205805
ev_agreement q2 & overnight20 q3,-0.0002650069113401216,0.031627730430706366,-1.6745732745281015,rejected,0.0,0.09401798653870401
intraday20 q3 & log_dv q1,0.00012373881544134382,-0.394342891586695,1.311392041089078,rejected,0.0,0.18972534637626845
gap_today q0 & range_compress q2,0.0002532474217296125,0.43146582192081284,1.2740724522680318,rejected,0.045733937427946646,0.20263774028039666
dist_52wh q1 & range_compress q1,-0.0002062791810994117,0.1282515202611789,-1.574230928444541,rejected,0.0,0.11543407153860932
ins_buyers30 q2 & r60 q3,0.000295745753877429,0.380597661086782,1.3197759897419095,rejected,0.03553299157847903,0.1869098202646591
earn_in_week q1 & mom_12_1 q2,0.0001647138497113728,1.6341482621711678,0.06603360652790244,rejected,0.009072277226169741,0.9473510696936982
dist_52wh q1 & intraday20 q2,-0.0002582097825989685,-0.5567077961281172,-1.1421877260602002,rejected,0.021796182325260937,0.25337599671548794
ins_buyers30 q2 & r5 q3,-0.0003338866240709968,-1.3578532236438645,-0.340985103803604,rejected,0.028668307986145756,0.7331147958903328
ev_red_flag q2 & log_dv q4,-0.00016398340006861604,0.2949005967372953,-1.401375901901353,rejected,0.0,0.1611016945633291
days_to_earn q1 & r20 q2,-2.0242918897477186e-05,0.7210565349780933,-0.9725507266121779,rejected,0.0,0.33077664187614125
log_dv q1 & news5 q4,0.00020988942930928479,0.2573484647524003,1.4359477985336677,rejected,0.025119570799228576,0.15101719585103354
dist_ma50 q3 & rel_ind60 q1,-0.0002803861309795145,-0.8536334157352153,-0.8349494511897558,rejected,0.018953863367863075,0.4037461700064733
ind_mom60 q1 & range_compress q3,0.00015925862068550545,-0.31429774937246774,1.3722505991950629,rejected,0.0,0.16998543853583345
min20 q4 & news5 q4,-0.0002721542056115041,-1.177592311807987,-0.5064504149756303,rejected,0.02597641815421505,0.6125404904334766
days_to_earn q2 & mom_12_1 q3,4.744737719648208e-07,-0.869033245224332,0.8141693181862132,rejected,0.0,0.4155479596502117
ins_officer30 q2 & vol20 q0,0.00020486551732633944,-0.18382993866487546,1.4982906796182032,rejected,0.0,0.13405774457141298
mom_12_1 q3 & r20 q4,1.9341066238795076e-06,-0.8001077048609755,0.8812001871920563,rejected,0.0,0.3782094779949823
min20 q4 & rel_ind60 q1,-3.224414520189503e-05,-0.7659915406607744,0.9124979082056702,rejected,0.0,0.3615066701862242
frog q3 & log_dv q3,-0.0002663789170117841,-0.556309153525162,-1.1212085955867415,rejected,0.006306780323944973,0.2621990817710626
days_to_earn q3 & gap_today q3,0.00025777211402627066,0.35260437947870016,1.3245282736138582,rejected,0.03764716442020231,0.18532765941461718
days_since_earn q3 & mom_12_1 q2,0.00028710586451368656,1.5337708219011676,-0.14289426217221485,rejected,0.0,0.8863736901932757
atr_pct q0 & vol_ratio q4,-1.4795957815522743e-05,-0.6724049922541857,1.0029908019507532,rejected,0.0,0.31586529923289586
ear_volsurge q0 & skew60 q0,8.321871507504383e-05,0.6410250835025936,1.029791757300913,rejected,0.009081102907504334,0.30310777091586244
max20 q2 & vol_surge1 q4,5.5345166527872905e-05,-0.5572104484484292,1.112506913017804,rejected,0.0,0.2659202594993756
intraday20 q3 & skew60 q3,-7.404320831526534e-05,-0.9515337171416224,0.7170748970107246,rejected,0.0,0.4733278841154685
mom_12_1 q2 & range_compress q1,0.00016014325448294545,1.2706581844345772,-0.3973341902478655,rejected,0.0,0.6911210379378141
skew60 q3 & vol20 q0,0.0002708955631129977,0.10369088657449474,1.5618897494781712,rejected,0.02159128344957009,0.11831396368921664
r20 q3 & range_compress q3,0.00025302626415720013,-0.000591723887784535,1.6649656637068937,rejected,0.0,0.09591960636452491
days_to_earn q2 & overnight20 q3,-0.00010282697412903401,0.3657283748640333,-1.2989708645191633,rejected,0.0,0.19395392816074755
range_compress q3 & rel_ind20 q4,-3.34897518782236e-05,-0.9590869739036864,0.7047601582626658,rejected,0.0,0.4809595066429697
mom_12_1 q2 & skew60 q3,0.0002797543823519801,0.7581019059540103,0.9052655977005644,rejected,0.02599207122767407,0.3653246972162442
ear q1 & intraday20 q3,-1.7586863981973266e-05,-0.719911213139446,0.9417287024734937,rejected,0.0,0.34633155606160887
ev_red_flag q2 & rel_ind20 q4,-0.0001802948408665723,0.3013109473894467,-1.3563268304970835,rejected,0.0,0.1749952023834485
ear_volsurge q0 & r20 q4,-0.0002030734766829551,-0.21040094187758257,-1.446540075438941,rejected,0.028882603730300726,0.14802578006684242
log_dv q4 & r20 q4,-0.00023742234918003237,-0.8434253486447595,-0.8120749105270895,rejected,0.0245300468148675,0.41674864866633515
dist_52wh q3 & gap_today q0,0.0002339904931050971,0.417022536096986,1.2353548800980796,rejected,0.04755860907010504,0.21669845726417733
min20 q4 & vol_surge1 q3,0.0003017238775422357,0.8403817183962649,0.8109787112641658,rejected,0.025304715526873793,0.4173778963847188
gap_today q0 & log_dv q1,0.00012067216238451585,-0.27643250845870704,1.3738300899566407,rejected,0.0,0.16949443731376437
gap_today q4 & r20 q3,0.00019276391939722953,-0.11642689140259974,1.5299412529031713,rejected,0.0,0.1260312709906409
earn_in_week q2 & ins_buyers30 q2,9.942808169153171e-05,1.0237965207652069,0.6224492237158619,rejected,0.014946421858829436,0.5336465218999569
ind_mom20 q3 & log_dv q3,-0.0002631763089021231,-0.8691381877926404,-0.7748814056168394,rejected,0.02650713884533178,0.4384097405524624
dist_52wh q3 & range_compress q3,0.00019869676409119857,-0.15461436103498194,1.4861876705300097,rejected,0.0,0.1372294878398689
dist_52wh q2 & vol_ratio q2,0.00025851560033605296,0.5514235492912254,1.0889690606640008,rejected,0.01056918315358373,0.27616752959604
close_loc q2 & dist_ma200 q2,-0.00021636376777829248,-1.410929174693388,0.22932650593135928,rejected,0.0,0.818615153607825
days_since_earn q1 & days_to_earn q2,0.00022377902241425623,0.9424904599955858,0.6973242829163823,rejected,0.020752898692128326,0.4855998746938773
log_dv q1 & vol_surge1 q1,0.0002439090456683466,0.25503861324746313,1.3810665548547745,rejected,0.02424129389263899,0.16725849785709804
close_loc q1 & dist_ma50 q4,-0.00019821485637081145,-0.5674541638619855,-1.068349240516599,rejected,0.010487458877104708,0.28536300462567327
log_dv q1 & r5_news q2,0.0002779055515426957,0.27133601771246596,1.3633175343390918,rejected,0.02687281704913144,0.17278245824617575
max20 q2 & r5_nonews q3,-0.0002808328051037221,-1.0121957668994106,-0.6224135591042655,rejected,0.015635663756567497,0.5336699668976503
min20 q1 & r5_news q2,-0.00023559683718189518,0.08514378962732247,-1.5473896185728724,rejected,0.0,0.12176932305067464
ear q1 & earn_in_week q1,-0.00021843307310788314,-0.20815490864003094,-1.422950201631948,rejected,0.025341509847442947,0.15475059177940717
dist_ma50 q3 & skew60 q3,-0.00015449127024321082,0.31081398877760996,-1.3175512775647478,rejected,0.0,0.1876539048646409
earn_in_week q1 & vol20 q0,0.00016969540493004802,1.020562844649375,0.6050675971414636,rejected,0.014877694869279047,0.5451340830650495
frog q3 & mom_12_1 q3,-0.00010757557915099864,-1.079498219491115,0.5451520344297806,rejected,0.0,0.5856489575434369
ind_mom20 q4 & intraday20 q3,-3.5191667917077856e-05,-0.8256573101058338,0.7916792874321473,rejected,0.0,0.42854770247344065
log_dv q4 & rel_ind20 q4,-0.00024295173651281193,-0.2557553386779525,-1.3613100071260609,rejected,0.02849691038807744,0.173415741871786
mom_12_1 q3 & range_compress q4,0.0002809555626073922,0.22277424723589156,1.3939298567038356,rejected,0.025728000631977846,0.16333878723827935
ear q1 & mom_12_1 q3,-0.00029103266502807367,-1.0403374098440847,-0.5759135514682886,rejected,0.021257372117056545,0.5646736154095452
r1 q2 & r20 q4,0.00014348310695878305,1.2080166633601046,-0.4066951797645271,rejected,0.0,0.6842318812203991
overnight20 q3 & r1 q2,-7.942549856478874e-05,-0.9781766115226368,0.6362250198591969,rejected,0.0,0.5246297677847667
overnight20 q3 & vol20 q0,1.6688359806202204e-05,-0.6827876639630925,0.9294259747138531,rejected,0.0,0.3526683717794077
intraday20 q4 & r5_news q4,-0.00016922672121734135,-1.4652813509031148,0.1435271762058754,rejected,0.0,0.8858738499264268
days_since_earn q1 & r5_news q4,-4.547308461717994e-05,-0.9624258935077106,0.6438077365272337,rejected,0.0,0.5197001163350092
dist_52wh q1 & frog q3,-0.0001687917031638264,0.25295241657813344,-1.3500752636433353,rejected,0.0,0.17699184203418183
intraday20 q4 & log_dv q4,-0.00022197714065957139,-0.7713887400051697,-0.8312154719145133,rejected,0.019076578328173992,0.405851915947301
days_to_earn q2 & intraday20 q3,0.00025505852042561093,-0.05743221233837855,1.5421507621188426,rejected,0.0,0.12303696190818406
mom_12_1 q2 & range_compress q3,-0.00011864017546187042,-0.9686980912562256,0.6302046789605359,rejected,0.0,0.5285606783905183
log_dv q3 & r20 q4,-0.00015072884351463063,0.1403510521387146,-1.4583258488689887,rejected,0.0,0.14475074860117093
ind_mom60 q0 & min20 q4,0.0002550330670928024,0.8477876955311605,0.7491498270572593,rejected,0.02998110721834463,0.4537669057657093
earn_in_week q4 & vol20 q3,-5.209066277088251e-05,-0.16253933972639178,-1.4343758280338719,rejected,0.02212715909397044,0.15146504177255735
atr_pct q2 & ind_mom60 q4,4.9647453724272835e-05,0.9011117412797591,-0.6955689446301763,rejected,0.0,0.486698820357274
max20 q2 & vol_ratio q0,0.0002658115877235297,1.530846403746952,-0.06402846007691614,rejected,0.0,0.9489475654321606
ins_buyers30 q4 & intraday20 q2,-0.00013764914032525093,-0.32067265132238876,-1.2703758638782159,rejected,0.04439934692675687,0.20395077650330073
r60 q3 & range_compress q1,0.00017162822328206827,1.2682530555187603,-0.3212664212959901,rejected,0.0,0.7480085006506327
ear q1 & ear_volsurge q0,-2.2433632528585458e-05,0.6843145907551486,-0.9045741537411123,rejected,0.0,0.36569103314802137
days_to_earn q2 & intraday20 q2,-0.00029119106807600485,-1.4851736830106772,0.10261207381825989,rejected,0.0,0.9182708599052771
ind_mom20 q4 & vol_surge1 q1,-0.00021255018768216494,-0.4273293114316321,-1.1604433012111286,rejected,0.022515792219817782,0.2458683656205137
dist_52wh q1 & ear_volsurge q0,2.7015607758690903e-06,0.6888930397248371,-0.8979918960952697,rejected,0.0,0.369189869900385
earn_in_week q1 & r20 q1,-4.871922833613855e-05,-1.0639480063581073,0.521475327074383,rejected,0.0,0.6020356889204707
gap_today q3 & mom_12_1 q3,-5.0434474476582466e-05,-0.8276361373538719,0.754411721739881,rejected,0.0,0.45060203523859466
max20 q0 & vol_surge5 q2,0.00027651966360613215,0.5783878779913721,1.0027755515043828,rejected,0.015358802404799416,0.3159691675101307
days_since_earn q1 & dist_52wh q1,-0.00024627300835169274,-0.8262380467374145,-0.7546581725490491,rejected,0.027382191394313405,0.4504541096201318
ear_volsurge q0 & skew60 q3,-0.00022206310444549828,-0.9821040301945501,-0.597745609808619,rejected,0.018693429394941695,0.5500096873605669
log_dv q1 & range_compress q3,-0.00028903397548535814,-1.5031490364269973,-0.07599401166622037,rejected,0.01012152415557264,0.9394238624206837
frog q3 & max20 q1,-0.0002680539614835615,-0.5917030854751777,-0.986022636771478,rejected,0.011630930861910903,0.32412200475171404
news5 q4 & r20 q4,-0.00020810012721836,-1.5375472475083984,-0.03879403214861136,rejected,0.005759337766376244,0.9690546029100707
log_dv q3 & r20 q1,-0.000127735034785066,0.27372054169404736,-1.2998339355981348,rejected,0.0,0.19365789176054204
frog q4 & r5_nonews q0,-3.95314003213898e-05,0.5944625613876593,-0.9738764823284253,rejected,0.0,0.33011787203996956
atr_pct q0 & range_compress q3,9.736772615466986e-05,-0.44249994095159084,1.1227627814587233,rejected,0.0,0.2615382562365364
dist_52wh q3 & earn_in_week q1,-0.00018986253691473615,-1.201587060252101,-0.3603748432977345,rejected,0.030171707955337152,0.7185668367143863
ind_mom60 q0 & skew60 q3,0.0001917677451556449,1.413389525352972,-0.1482422174206144,rejected,0.0,0.8821516151821858
days_since_earn q0 & ins_value30 q4,-7.54166402243256e-05,-1.322958061913635,-0.23581108286791247,rejected,0.01729295240337793,0.8135792677715789
dist_ma50 q3 & overnight20 q3,-1.8032297589991813e-05,-0.6997453668250484,0.8569834985318485,rejected,0.0,0.39145400435563976
dist_ma50 q3 & ev_agreement q4,-0.0001225024575517869,-1.1323930176408967,0.4223327529470312,rejected,0.0,0.6727821546348883
atr_pct q0 & r20 q3,0.00027733200798289314,0.7411017157440534,0.8129562949016202,rejected,0.022193144233227328,0.41624311650549944
log_dv q1 & rel_ind20 q4,-0.0002026339390993842,-1.2089920118479929,-0.33975839964521126,rejected,0.026930288407198646,0.7340384784229333
mom_12_1 q0 & skew60 q1,-0.00019078917741420463,-0.6956255730393928,-0.8481144441955665,rejected,0.022348336164334386,0.3963742381802233
days_to_earn q3 & ev_red_flag q2,0.0002882123371316713,0.08478788196870238,1.4588536471631879,rejected,0.027131900273279018,0.14460539333953876
intraday20 q4 & min20 q4,0.00026799484061820793,0.7900129083184192,0.7535566077189378,rejected,0.030002642996710897,0.45111550820988916
ear_volsurge q1 & max20 q1,0.00028184811700356744,0.8625165718420846,0.6810275271953078,rejected,0.02080424807935231,0.4958540726222015
mom_12_1 q4 & vol_ratio q4,0.00013889587305249902,1.3666684278124233,-0.16876816527396418,rejected,0.0,0.8659789995213951
days_since_earn q0 & r5_nonews q3,-0.00021365148253551977,-0.6090461649041853,-0.9247067642337118,rejected,0.02026532537957765,0.3551184599322897
min20 q4 & mom_12_1 q2,0.00027862423367273377,0.12255055774168,1.4098607167927193,rejected,0.024807285245544732,0.1585808140741085
intraday20 q4 & r20 q3,0.0002212691438194306,0.4458329199561484,1.084184094484956,rejected,0.011532714721918368,0.2782831824587236
days_to_earn q2 & gap_today q3,-0.0002832385449574867,-1.3537255947086622,-0.1750212279176421,rejected,0.015359988308602095,0.8610629535666685
gap_today q0 & vol20 q0,1.0180093301097194e-05,-0.5928117903729841,0.9340784096309752,rejected,0.0,0.3502634480846974
days_to_earn q2 & earn_in_week q1,-0.00017285636509141206,-0.4780114141165275,-1.0446493595800723,rejected,0.012476482782444676,0.2961850577169404
r1 q2 & r5_news q4,-8.937949542489764e-05,-1.0839311027957703,0.43810906547161776,rejected,0.0,0.6613072231078221
ear_volsurge q4 & vol_surge5 q3,0.00011517446938502182,1.1145044530973538,-0.40743262574154,rejected,0.0,0.6836902686386612
days_to_earn q3 & ind_mom20 q4,-0.00020762175955437793,-0.6314353848556618,-0.8904002323664242,rejected,0.022171411365130525,0.37325101765944485
atr_pct q0 & gap_today q3,0.00025273843299632474,0.5273400548175317,0.994267316208942,rejected,0.012270455811119954,0.32009274316448666
ear q1 & r5_nonews q1,-0.00024401151291899748,-0.46541475861024195,-1.0522099222678705,rejected,0.015147620818377831,0.292703248165547
ear q4 & intraday20 q0,-0.0001452709123802655,-0.9092265917592376,-0.6082627447257173,rejected,0.01388948740117203,0.543013225873195
range_compress q0 & skew60 q3,-2.6316767316663557e-05,0.4795977822561875,-1.0371282666419148,rejected,0.0,0.29967608327187784
frog q0 & min20 q4,0.00021875778108326052,0.21423215421959693,1.3007432050818117,rejected,0.037499293721819024,0.1933463681910069
days_to_earn q1 & r20 q4,9.664740414612601e-05,1.002204394743149,-0.512037570424064,rejected,0.0,0.6086247154772177
ev_red_flag q2 & vol_surge1 q1,0.000261323816910319,0.42828453606285505,1.0844682873842677,rejected,0.010545208780126786,0.2781572204637453
ind_mom60 q1 & r60 q0,0.00018745584394099922,0.5006121504126289,1.0112897216335033,rejected,0.011792202272010395,0.3118777840224248
dist_52wh q2 & intraday20 q3,0.00013189964381714203,-0.23481102585911834,1.2766873982545432,rejected,0.0,0.2017126322040019
days_to_earn q3 & ins_officer30 q2,0.000279072270155017,0.09935603192138408,1.4115869876502842,rejected,0.022406281593362713,0.15807160603009104
ind_mom20 q4 & mom_12_1 q3,2.0548627783261574e-05,0.7178776754789473,-0.7927970962495371,rejected,0.0,0.42789604857743807
dist_52wh q3 & range_compress q2,0.00028036651115691084,1.1415167585150376,0.3681305635548553,rejected,0.029764684681190413,0.7127758822420593
max20 q3 & vol20 q1,-9.867833622475352e-05,-0.9590904925865388,0.5452882301714378,rejected,0.0,0.5855552977237712
min20 q2 & skew60 q2,0.00028299047492180875,1.448782036887396,-0.05479778147186406,rejected,0.0,0.9562995678777226
atr_pct q2 & ev_red_flag q2,-0.0002682248177110404,-0.5686052012506568,-0.9345184906507272,rejected,0.013844054430842807,0.35003650240437245
days_since_earn q1 & days_to_earn q3,0.0002819565240072053,0.12896465707175053,1.3732745167964389,rejected,0.019258997928013246,0.16966702164532887
ind_mom60 q2 & log_dv q4,-0.00025173068507384745,-1.4034460420561536,-0.09660888358401375,rejected,0.016617190305966197,0.9230370014188786
dist_52wh q2 & ear q1,6.030563732511892e-06,-0.5900938821823781,0.9074875672038274,rejected,0.0,0.3641490211916293
mom_12_1 q2 & news5 q1,0.0002107855444529418,1.0583178098847403,0.43740949295523557,rejected,0.024429099532231394,0.6618144008382204
atr_pct q4 & min20 q2,6.937636467596671e-06,0.5653455610868751,-0.9298579608837263,rejected,0.0,0.3524446316759763
days_to_earn q1 & vol_surge1 q3,-0.00012007603497508956,0.4014692891943089,-1.0926653657140595,rejected,0.0,0.2745407516395712
ev_offering q4 & ins_value30 q2,-0.00015844213677480452,-1.2166098416689806,-0.27594448583240483,rejected,0.02016994871977469,0.7825907051154773
r20 q3 & vol_surge1 q3,-0.0001233913245484791,-1.0728019887091806,0.4183586558414156,rejected,0.0,0.6756849100499902
log_dv q0 & overnight20 q3,-0.0002263412490405737,-0.38151571982729465,-1.109566846206645,rejected,0.010441581361983223,0.2671857243984652
dist_52wh q1 & log_dv q1,7.409941195673147e-05,0.8985528937382059,-0.5897836204040513,rejected,0.0,0.5553357253594031
days_to_earn q2 & ev_red_flag q2,-0.0001768274391028826,0.18512677961332547,-1.3029392420835413,rejected,0.0,0.19259550523481148
ind_mom60 q4 & intraday20 q1,-0.00019838384530994785,-0.5482539465267229,-0.9352777704209934,rejected,0.01290572903614027,0.34964516829282344
ind_mom60 q0 & r20 q3,-0.00019185214824443187,0.012826009728640531,-1.4701872549769646,rejected,0.0,0.14151104555111002
intraday20 q3 & log_dv q4,0.00027287226141880296,0.8161517028737152,0.6648013358199256,rejected,0.020766820774747244,0.5061775681508032
days_since_earn q3 & r20 q4,-0.00016966672784679999,-0.18114346408150306,-1.299366112729166,rejected,0.038468278237024714,0.1938183154350781
intraday20 q2 & mom_12_1 q2,-1.2262607217424097e-05,0.6180931739130301,-0.8621961917411703,rejected,0.0,0.38857956498481455
mom_12_1 q2 & r5_news q4,-7.346389776033885e-05,-0.9289848436416077,0.5512460569412322,rejected,0.0,0.5814650114498203
log_dv q1 & mom_12_1 q3,0.0002036092575018835,-0.06764342194993254,1.4118166166305457,rejected,0.0,0.1580039644734363
min20 q4 & mom_12_1 q0,-2.7711020374707755e-06,-0.6662571398662844,0.8121411642770345,rejected,0.0,0.41671063518072315
dist_ma50 q3 & vol_surge1 q1,-0.00024997202231641526,-0.5237141501911149,-0.9518865601199823,rejected,0.017898120366500302,0.3411545163164616
intraday20 q3 & overnight20 q3,-0.0001833780690478657,-1.2160462954719566,0.2581461766511293,rejected,0.0,0.7962940951230371
ind_mom20 q4 & mom_12_1 q2,-0.00011684637543993503,-0.9971859635936243,0.4750183755056167,rejected,0.0,0.6347738759269552
days_to_earn q1 & range_compress q3,0.00015931137570413643,-0.22269569073587842,1.2484299911722783,rejected,0.0,0.2118736315899415
days_to_earn q4 & rel_ind20 q3,0.00019467711703680148,0.06545256974529197,1.4031084724085234,rejected,0.021957625601065366,0.16058449509469377
ear_volsurge q0 & log_dv q4,8.69244801087745e-05,1.0699171587632077,-0.3951439066670019,rejected,0.0,0.6927366870637962
days_to_earn q0 & vol_surge5 q1,-0.0001221241513880349,-1.0309877799863347,0.4330857535043054,rejected,0.0,0.664952472248516
ind_mom20 q0 & ind_mom60 q2,-8.396250392789295e-05,0.32326356873606865,-1.1394787653997374,rejected,0.0,0.25450352010129057
ins_buyers30 q4 & vol_surge5 q4,-7.064532320989504e-05,-0.13075796557346772,-1.3300999022663818,rejected,0.031135656973692378,0.1834853577454194
days_to_earn q3 & range_compress q2,0.0002460175824706549,1.033303706023761,0.42604417548647666,rejected,0.026168346615527364,0.6700756568006764
close_loc q1 & ev_agreement q4,-0.00013155795477549128,-1.1356577989953158,-0.32092902360923586,rejected,0.024221933816430643,0.7482641787127997
ear q4 & news5 q1,-0.00015161174355944712,-0.8379221372844758,-0.6184969951574617,rejected,0.013090206229270776,0.5362477779359183
dist_52wh q1 & range_compress q3,-7.289650109567811e-05,-0.9003303929679466,0.5555233618668179,rejected,0.0,0.5785367352530021
dist_52wh q1 & r20 q1,-9.317878405811728e-05,0.3922243594209694,-1.0635917703958289,rejected,0.0,0.2875136721198355
atr_pct q1 & dist_52wh q2,3.934229053843251e-05,-0.48490499768812867,0.9707649827944433,rejected,0.0,0.3316653238694063
overnight20 q4 & rel_ind60 q4,0.00021724987573976763,0.6992608780958723,0.7534405933572721,rejected,0.02966968400690347,0.4511851972155637
overnight20 q1 & r1 q2,7.35978163345067e-05,-0.44037074990801867,1.0119240664603915,rejected,0.0,0.311574361259179
days_since_earn q1 & ind_mom60 q0,-1.1439651673549731e-05,0.6064976398014137,-0.8450757263621215,rejected,0.0,0.39806856004380087
log_dv q3 & news5 q4,-0.0001679182409774693,-1.189346395244708,0.2589883903924172,rejected,0.0,0.7956441980954387
ear q1 & max20 q3,7.98573902025024e-05,0.9314266803558161,-0.5156849113590729,rejected,0.0,0.6060744946785801
mom_12_1 q3 & news5 q4,4.496420343366151e-05,-0.5937656400017399,0.8528263352382829,rejected,0.0,0.39375561736645853
mom_12_1 q3 & r20 q3,6.40622329793043e-05,-0.4491711413042104,0.9971996616297666,rejected,0.0,0.3186676051781328
days_to_earn q1 & ind_mom20 q0,-0.0001810595623127397,-0.26205022735458555,-1.183791856872285,rejected,0.028087445735807976,0.2364954664755243
ev_red_flag q2 & vol20 q0,0.00021727809995129307,-0.05040288431154904,1.3953754416511503,rejected,0.0,0.1629026530138454
days_to_earn q3 & dist_52wh q1,-0.00021216579523597166,-0.0712377735321924,-1.3739363502780566,rejected,0.017670810714750778,0.16946144340233382
r60 q4 & vol_ratio q3,-0.0001301808752077661,-1.17824638291627,0.2668789307868393,rejected,0.0,0.7895623792640349
gap_today q0 & intraday20 q3,4.6244325589973575e-05,-0.47831189156879417,0.9636909812604252,rejected,0.0,0.3352008772696291
days_to_earn q2 & gap_today q0,-5.5470495717995796e-05,-0.8840567803159909,0.5576532976928221,rejected,0.0,0.5770811543265658
frog q0 & r60 q2,-0.0002081006618334775,-0.942207868350652,-0.49660672283438745,rejected,0.025699275560896826,0.6194664113741057
atr_pct q0 & dist_ma50 q3,0.0001081314288240009,-0.2772259401502622,1.161046300888143,rejected,0.0,0.24562307074333795
ev_red_flag q2 & ind_mom60 q2,-0.0003173235966180212,-1.3067510511513576,-0.13069898439184263,rejected,0.022095503568382933,0.8960134357912577
log_dv q1 & min20 q4,0.0002683568868024047,1.011000216628928,0.4228812034586455,rejected,0.02714616113363844,0.6723819374512956
days_since_earn q1 & vol_surge1 q3,-7.463610661886503e-05,-0.9260270848509831,0.5064714098562911,rejected,0.0,0.612525755281216
log_dv q1 & skew60 q3,-0.00012088725672872085,0.24340005965082995,-1.188273690662629,rejected,0.0,0.23472559946516602
overnight20 q4 & r5 q2,0.0002264910600633926,1.1532231666733275,0.2726223115193641,rejected,0.020383074744778688,0.7851435592784
news5 q1 & skew60 q1,0.0002137084183317066,0.9554608523629995,0.46993372530972144,rejected,0.0324478511791014,0.6384023682981176
days_to_earn q3 & ind_mom20 q3,9.87028683496473e-05,0.9252916099517947,-0.49970036110034155,rejected,0.0,0.6172860781886682
min20 q3 & r5 q2,9.152617328015928e-05,-0.3649301589861185,1.0589168509598974,rejected,0.0,0.28963764925004476
days_since_earn q1 & mom_12_1 q3,-4.943004196562196e-05,-0.7542348516418932,0.664662093506487,rejected,0.0,0.5062666441739899
log_dv q0 & mom_12_1 q2,-0.00014116716015078108,-1.1361294392650703,0.28160657726026744,rejected,0.0,0.7782451963194733
gap_today q0 & log_dv q3,0.00019280860559126462,0.7609152380686524,0.6546526200017785,rejected,0.021644422209136857,0.5126914369030673
dist_52wh q2 & gap_today q0,-3.2886180379389147e-06,-0.5415055133728734,0.8735060246835913,rejected,0.0,0.38238732385291896
ear q3 & vol_ratio q4,0.00022505904386530587,1.0380993463289574,0.3744948901311079,rejected,0.029393414462969218,0.7080361575738507
log_dv q3 & vol_surge1 q1,0.0002570339497509027,1.1447987337062395,0.2652290648035541,rejected,0.019529406394855234,0.7908330059591198
range_compress q1 & vol_surge5 q4,-0.00020694658671277635,-0.7464195412622796,-0.663377320232559,rejected,0.022979599119365052,0.5070889275411754
days_to_earn q3 & range_compress q0,-6.100660292501685e-06,-0.7914038252895148,0.6168506598076972,rejected,0.0,0.537333233655243
rel_ind20 q1 & vol_ratio q4,-0.00020601478346073677,-0.5207528798449347,-0.884075270072824,rejected,0.023775225803834375,0.3766555818900315
dist_52wh q1 & intraday20 q3,-0.00022183458494638274,-1.0597481491262735,-0.34241909816664734,rejected,0.02765677172148203,0.7320355179756521
atr_pct q3 & mom_12_1 q2,0.00021842926306239152,0.8725118361301181,0.5292726375580113,rejected,0.030872077327608945,0.5966163341240039
days_to_earn q4 & vol_ratio q1,0.00018444209018726314,0.28024463652187404,1.1204640469046938,rejected,0.007096757356664054,0.26251606531563537
frog q3 & min20 q4,0.0002496786945477494,0.8098194194768015,0.5894036883156277,rejected,0.019930456422189928,0.5555905029133215
ind_mom60 q1 & news5 q1,0.00015654262109452547,0.6911199110666868,0.7072197998122236,rejected,0.019941026864471648,0.4794298959967347
days_to_earn q1 & ind_mom20 q1,0.00012654478272407108,0.9040530569477676,-0.4932249618611962,rejected,0.0,0.6218536421282144
days_since_earn q1 & intraday20 q3,0.00013289428965928293,-0.02622529787547671,1.3707299332024505,rejected,0.0,0.17045916005086856
days_since_earn q1 & dist_52wh q2,0.00022433365177535887,0.43983622433352765,0.9554240789441674,rejected,0.018512720607123723,0.33936328198977933
ind_mom60 q0 & mom_12_1 q2,0.00022445743031848244,0.8411732201385407,0.5531827465913256,rejected,0.027268328344816833,0.58013828006016
days_to_earn q2 & ind_mom60 q0,-0.00019491694882833066,-0.3271993794035779,-1.0667192592961254,rejected,0.01003202407421711,0.2860986276174117
dist_52wh q2 & ev_red_flag q2,0.00013293983230674435,-0.2452663612672173,1.1466282509151409,rejected,0.0,0.2515352953797031
close_loc q0 & r20 q3,7.910387480927707e-05,-0.37846005327035676,1.0132754007307914,rejected,0.0,0.31092863396409115
days_since_earn q1 & ind_mom60 q1,0.00011626270302733212,-0.31898384993423945,1.0720974655239681,rejected,0.0,0.2836762571291224
dist_52wh q3 & vol_surge5 q1,-0.00026579966688987426,-1.029325740115415,-0.3596502207510825,rejected,0.029511234156422313,0.7191087223694579
days_to_earn q2 & log_dv q1,-0.0001611393144220166,0.1656537671585654,-1.2220544835488913,rejected,0.0,0.2216870240800789
r5_news q4 & vol_ratio q4,-0.00017615974303271688,-1.116348299832754,-0.26820057410911347,rejected,0.01975326242075788,0.7885449331033201
gap_today q3 & log_dv q1,2.1837089897714223e-05,-0.513149758495776,0.8679075377726847,rejected,0.0,0.38544495214897084
dist_ma50 q3 & log_dv q3,-2.404322788748344e-05,0.4864361022534561,-0.8939909919318082,rejected,0.0,0.37132671087516783
atr_pct q0 & log_dv q1,0.00018117722210620458,0.11668695432634803,1.2619619366754706,rejected,0.0417696670727372,0.206962483172422
days_to_earn q1 & r5_nonews q0,2.830222839497232e-05,0.6601702581476036,-0.7149142121024606,rejected,0.0,0.47466205456163424
r20 q4 & vol_ratio q3,-2.2244159973287275e-05,-0.8061326565480788,0.5678625819579586,rejected,0.0,0.5701282813033971
rel_ind20 q0 & vol_surge5 q2,-8.805186183115508e-06,0.4563161289822361,-0.9166352216836409,rejected,0.0,0.3593338212318608
gap_today q3 & news5 q4,-0.0001788455587448076,-0.3303698297179636,-1.0378915225519265,rejected,0.003978123583582328,0.29932056073812413
gap_today q0 & mom_12_1 q3,-0.00018479295003183706,-1.2564190589798179,0.10447300867415255,rejected,0.0,0.9167939870040951
mom_12_1 q0 & range_compress q1,-0.00017344228762911318,-0.021842462223281726,-1.338307940372157,rejected,0.029516074704623002,0.18079607447386126
earn_in_week q1 & ind_mom60 q0,-1.5891073757638673e-05,-0.9027907247131429,0.45673693061428056,rejected,0.0,0.6478601428733586
days_to_earn q1 & range_compress q1,0.0001551417999080668,1.0817342479139864,-0.270031488671605,rejected,0.0,0.787136028674464
dist_ma50 q3 & ind_mom20 q4,-0.00011787284330304034,0.18717411861964361,-1.163694608347575,rejected,0.0,0.24454779519317538
log_dv q3 & skew60 q3,-9.076627983820924e-05,0.26772366623708377,-1.0801816693616573,rejected,0.0,0.28006128947576014
ins_officer30 q2 & r5 q0,0.00012711090278681012,1.0034755932758328,-0.342653050961114,rejected,0.0,0.7318594865513781
earn_in_week q1 & log_dv q0,-0.00014693288245330434,-0.8094609654753159,-0.5359323895503204,rejected,0.02747995440934941,0.5920052783440264
ind_mom60 q1 & intraday20 q2,-7.67170297874527e-06,-0.6306207702569614,0.7138060706483821,rejected,0.0,0.4753471053244396
gap_today q4 & r20 q4,-0.00014315125817442577,0.10930231414308378,-1.2342827026075531,rejected,0.0,0.2170975791490843
close_loc q2 & earn_in_week q4,6.72207467308569e-05,0.8170441460433453,0.5264383504586845,rejected,0.02911443969884347,0.5985836756183383
close_loc q3 & vol_surge1 q3,5.1469566087187134e-05,0.8733366389349625,-0.4695825473256541,rejected,0.0,0.6386532961517517
days_since_earn q3 & news5 q1,0.00020973854854494564,1.120899316604694,0.21815325935793994,rejected,0.012515837192918355,0.8273097015899323
earn_in_week q1 & frog q3,-0.00010438821565112855,-0.4924031571930746,-0.8463925633466279,rejected,0.019285918850519806,0.39733378571157857
earn_in_week q1 & gap_today q0,3.263471072585596e-06,-0.5532721673123883,0.7829262534534026,rejected,0.0,0.43367041960633596
days_to_earn q3 & log_dv q4,-0.00018293996286588906,-0.7334818713021968,-0.6016373910064237,rejected,0.015292129381057763,0.5474155339110679
days_since_earn q1 & range_compress q1,0.00022177189301225616,0.8338946952936211,0.49917399283028985,rejected,0.02427554154572508,0.617656814475525
ev_red_flag q2 & ind_mom60 q1,0.00017051870992541623,-0.16805725906852303,1.164676728617617,rejected,0.0,0.2441498722797257
r1 q2 & range_compress q2,-0.00011210621397075165,-0.9306592581331842,0.4003363283875908,rejected,0.0,0.6889088140413157
mom_12_1 q0 & r5 q1,-0.00014301371852182854,-0.11164603554321441,-1.2151965862709808,rejected,0.039715359971031296,0.22429112212731794
days_to_earn q2 & r20 q3,0.0002325379415033358,0.37806417008498006,0.9477014313390608,rejected,0.01706169030051555,0.3432814720711224
skew60 q3 & vol_surge1 q3,-0.00020791739386681713,-0.5402043739899705,-0.7846412039055584,rejected,0.0194889290833314,0.43266396453886236
frog q4 & vol20 q1,0.0002121743213051417,0.1370985414648192,1.1875513293205935,rejected,0.02701333450511351,0.23501022263037782
dist_52wh q3 & mom_12_1 q3,0.00022701750257988357,0.0274615325797078,1.2945143263032566,rejected,0.03307080382867472,0.19548782401933365
dist_ma50 q4 & r1 q3,0.0001092763027431992,0.9559861705545025,-0.36574429968049876,rejected,0.0,0.7145558866007665
days_since_earn q2 & vol_surge1 q3,-7.720083284303028e-05,0.3743381898876721,-0.9471893131105285,rejected,0.0,0.3435423200530846
news5 q1 & vol_ratio q4,-1.540574172791556e-05,-0.6853059719438369,0.635926977148938,rejected,0.0,0.5248240183902875
ev_red_flag q2 & ins_officer30 q4,-0.00014499825828693803,-0.09046630049887947,-1.2306919730209902,rejected,0.033399013113165045,0.2184380913984467
days_since_earn q1 & log_dv q1,0.00020535758096635817,-0.03824443303629903,1.2793401672803624,rejected,0.0,0.20077729369318395
news5 q1 & range_compress q1,-0.00016866155650274082,-0.3338886607181319,-0.9828334357810302,rejected,0.012291580066299386,0.3256894228890329
ind_mom20 q4 & min20 q4,0.00021326113040125527,0.6527818444000993,0.6623303807650629,rejected,0.02276791333791162,0.5077595104868058
gap_today q3 & vol20 q3,-6.558476699547054e-05,0.37230379305208655,-0.9425651766783988,rejected,0.0,0.3459033588350231
ins_officer30 q2 & log_dv q4,-9.509695832114518e-05,0.2968146889631021,-1.0159892941642277,rejected,0.0,0.3096344846858233
mom_12_1 q2 & overnight20 q3,0.00023175942813856264,0.6051273606305541,0.706591905133149,rejected,0.019879565166004465,0.47982012085823844
ear q1 & r20 q4,-0.0001131517539590088,-0.2991921762636755,-1.0098057550856618,rejected,0.012041341369967547,0.312588362336345
intraday20 q0 & max20 q3,0.0001515880956987015,0.859058473172883,0.44826405493399224,rejected,0.02215414631879327,0.6539626389798827
log_dv q3 & rel_ind20 q4,-2.3931562106475053e-05,0.39454141181237773,-0.9117418937033454,rejected,0.0,0.3619046048559764
log_dv q1 & range_compress q2,0.00023101600365590483,1.2550091336556364,-0.04941817238920915,rejected,0.0,0.9605860463824331
earn_in_week q1 & r1 q2,-0.0001266059552369283,-0.9929451174890397,0.30740013059032456,rejected,0.0,0.7585388288006679
ear q1 & ind_mom60 q0,-0.0001760447758931,-0.05030753336655603,-1.2499311261848307,rejected,0.03733355698734026,0.2113247078954359
days_since_earn q1 & gap_today q3,0.0002007364609449085,0.23380887082004306,1.0662989107248884,rejected,0.01022628656369801,0.28628854176832513
mom_12_1 q3 & news5 q1,7.000178080144078e-05,-0.30402276733748484,0.9924143501144754,rejected,0.0,0.3209954416264798
atr_pct q1 & overnight20 q3,-9.310796631889598e-05,-0.8600255509106286,0.4345035038436375,rejected,0.0,0.6639228509773892
ear q4 & ev_agreement q2,0.00023629304922861546,0.5524230389141,0.7364440878442438,rejected,0.025076411632697523,0.46146048234403825
log_dv q4 & r20 q3,9.968600070101216e-05,0.8519841235408315,-0.43238720763282873,rejected,0.0,0.665460014036291
log_dv q3 & r60 q3,3.654270670944656e-05,0.5913549114332363,-0.6923682427117444,rejected,0.0,0.4887061039403521
frog q1 & rel_ind20 q1,0.00017018112641753385,0.08582762148611109,1.1977968533904269,rejected,0.032051896538390134,0.23099611250573315
gap_today q0 & rel_ind20 q4,8.994782060859888e-05,-0.25203181545081726,1.0304865015731173,rejected,0.0,0.3027816855649295
r20 q4 & vol_surge1 q1,-0.00017589833602981667,-0.2052938752482481,-1.0772187390409242,rejected,0.009301259768019175,0.28138255550999025
dist_52wh q3 & r60 q2,0.00022402366588528507,0.19766070284031628,1.083725568212846,rejected,0.00981095640373816,0.2784864955679784
days_to_earn q1 & ind_mom60 q0,-0.00016710863801412782,-0.1278895414815595,-1.15186366459874,rejected,0.018004889116131583,0.24937710142073943
ind_mom20 q4 & news5 q1,-0.0001410747002535334,-0.5627223199453596,-0.716375208636328,rejected,0.018237920000500677,0.4737596986998333
dist_ma200 q1 & ev_shelf q2,-0.00012895050668406842,-0.8495274429974579,0.4277472571532713,rejected,0.0,0.6688351401738135
overnight20 q3 & vol_ratio q4,-0.0001734844305982123,-0.07318761766550741,-1.2028911208433777,rejected,0.03557661306306617,0.2290184567944867
days_to_earn q1 & mom_12_1 q2,0.00019321709429721934,1.1160031958864347,-0.1590775867734554,rejected,0.0,0.8736077465085986
frog q3 & intraday20 q3,-7.751951475141299e-05,0.328583759027665,-0.945160232558199,rejected,0.0,0.344577078525577
range_compress q3 & vol_ratio q4,-0.00010513634118315267,-0.9233150377660588,0.3500862609196863,rejected,0.0,0.7262739614712255
ear q1 & frog q3,-8.06695642413793e-05,0.30181102480045735,-0.9690533893089958,rejected,0.0,0.3325185518696251
ind_mom60 q0 & log_dv q1,0.0001625970715071236,0.2794048568590525,0.9859126984777615,rejected,0.01054326654476837,0.32417595497166946
r20 q0 & vol_surge1 q0,0.00014641627189898948,0.16653074456146014,1.098399331920956,rejected,0.00996266352721219,0.272030153990671
days_since_earn q1 & dist_ma50 q3,-2.3494898318776735e-05,-0.6140537543724235,0.6470650805824839,rejected,0.0,0.5175898240385243
days_since_earn q1 & vol20 q0,8.345618644402257e-05,-0.29401537628055446,0.9655534011105312,rejected,0.0,0.3342677024403749
dist_ma50 q4 & ins_officer30 q2,-5.59214931251856e-05,0.4380066987065157,-0.8199317143466223,rejected,0.0,0.4122550360494338
dist_ma50 q3 & ind_mom60 q0,-0.00019418049487608208,-0.7141506844007156,-0.5423091613556841,rejected,0.027516035711132876,0.5876055454951119
mom_12_1 q3 & r5 q1,0.00021905843871549978,0.09424695092769685,1.161537578086791,rejected,0.017566457688845984,0.24542335048195943
ear q1 & news5 q1,-7.854503289391741e-05,0.27758556144868873,-0.9764038597093556,rejected,0.0,0.3288643695632208
ind_mom60 q1 & min20 q0,0.00012820188781963935,0.896587711271218,0.3526785277738649,rejected,0.026345758164048223,0.7243294586322886
ear q1 & overnight20 q3,-0.00017961347014830239,-0.03992437220912051,-1.2074556396475753,rejected,0.03742163595430221,0.2272567190080341
frog q2 & log_dv q2,8.82099296064097e-05,-0.18534089378514945,1.0607525104855164,rejected,0.0,0.2888023892949643
mom_12_1 q2 & vol20 q0,0.00019949704905212405,0.022237691619425876,1.2220004018892385,rejected,0.03600720904770079,0.22170747500750043
days_since_earn q3 & overnight20 q3,-2.349903963754548e-06,0.548758911133344,-0.692627657819944,rejected,0.0,0.4885432487418259
log_dv q3 & min20 q4,0.00021385079199135883,0.43605673834137937,0.802120826144566,rejected,0.016628562758678685,0.4224830690632995
news5 q1 & skew60 q3,4.8076461657427346e-05,0.6798018128236416,-0.5565326186371696,rejected,0.0,0.5778468022311682
dist_52wh q1 & mom_12_1 q0,-0.00016365252331039423,-0.19951423167679963,-1.0367895439920376,rejected,0.005129537349725635,0.299833949559305
dist_52wh q3 & r5_news q4,-0.0001104794761208065,-1.0275478314552329,0.20769843859198794,rejected,0.0,0.8354644369174946
r20 q4 & vol20 q0,0.0001505486603020963,0.4058428617544526,0.8269165401044305,rejected,0.01420907035689764,0.40828436784738864
mom_12_1 q0 & range_compress q3,0.000156423857540807,0.2592081216558812,0.9730151943965829,rejected,0.014361648224598268,0.33054575046850654
days_to_earn q1 & frog q3,-3.0371889651928198e-05,0.4717977941603409,-0.7604022854552248,rejected,0.0,0.44701415759368507
days_to_earn q3 & intraday20 q3,9.597354798544676e-05,0.16784781423981235,1.0641249667477894,rejected,0.011967853599086363,0.28727209202319237
dist_52wh q3 & intraday20 q3,0.00011440748675657456,-0.23732873262781493,0.9923868237937974,rejected,0.0,0.32100886398479317
ear q2 & r1 q0,-0.0001925042122823843,-0.525964990216821,-0.7016373973053465,rejected,0.020766259581756933,0.4829053232029373
r20 q4 & rel_ind60 q2,-0.00014536003788229914,-0.16770639794565606,-1.0588286999452405,rejected,0.012968354178602986,0.28967780052880465
ear q1 & r60 q3,-6.607310625690951e-05,-0.7605724592011787,0.4656928285683189,rejected,0.0,0.6414353863285156
ind_mom60 q1 & r5_nonews q0,0.00014008511960248338,0.7848951334280971,0.4401585899619716,rejected,0.01769226062226385,0.6598222494146229
ind_mom60 q1 & r1 q0,0.00011718017974016573,0.3233005451146157,0.8970744026493972,rejected,0.020884794110806588,0.3696792165825996
ear_volsurge q3 & r5_news q2,-0.00017291242481552534,0.10748118646023753,-1.1111865726384347,rejected,0.0,0.26648804966300865
ev_offering q2 & rel_ind20 q3,6.620171189389497e-05,-0.3655302807885203,0.8499772866052633,rejected,0.0,0.3953377143281837
ear q0 & ind_mom60 q0,0.00010129840051022425,0.8891644320819108,-0.3250976292345489,rejected,0.0,0.7451071831887186
overnight20 q1 & skew60 q0,7.32771687851604e-07,-0.5583256236113449,0.6559201638341428,rejected,0.0,0.5118754936595314
overnight20 q3 & r5_news q4,0.00013196788752926328,-0.0667198250541037,1.1461356505122162,rejected,0.0,0.25173902855341707
gap_today q3 & mom_12_1 q2,-0.0002184536445289706,-0.5236701533577935,-0.6886680572994999,rejected,0.01655869551689889,0.4910321820181883
days_to_earn q2 & ear_volsurge q0,-0.0001245578773580065,-0.9210141894994001,0.2897969031319379,rejected,0.0,0.7719716171994926
gap_today q0 & range_compress q0,5.4229790772300396e-05,-0.3201236632908093,0.8863547047883366,rejected,0.0,0.37542641908176555
dist_52wh q1 & r5 q1,0.00019000271319078284,0.5238006970186867,0.6825941664007903,rejected,0.018167286892909373,0.4948633213187556
news5 q1 & overnight20 q3,-9.875435725827716e-05,0.21070052218720542,-0.9932415222878587,rejected,0.0,0.32059226777782834
intraday20 q3 & vol_surge1 q3,-0.00010785740991883364,-0.9134878091603813,0.29034439707332965,rejected,0.0,0.7715527769669736
vol_ratio q4 & vol_surge1 q3,-2.9393710681543916e-05,0.4405271866734157,-0.7628229717047671,rejected,0.0,0.4455689792705315
days_since_earn q1 & r5 q4,-0.00015321847904153408,-1.0296045241466178,-0.1725830485314189,rejected,0.013508496483584195,0.8629791772604127
log_dv q3 & vol20 q0,6.28993412490409e-05,-0.3997779887990454,0.7971138440511172,rejected,0.0,0.4253849168050103
dist_52wh q3 & log_dv q3,-0.0002132124271975392,-0.621667759277726,-0.5750453038590689,rejected,0.019437435283146235,0.5652606579443697
intraday20 q2 & r5_news q4,5.196160366844373e-05,-0.28335982817082866,0.9125514320186825,rejected,0.0,0.3614785078731465
earn_in_week q1 & news5 q1,-0.0001711743611896924,0.0,1.1955368852463388,rejected,0.0,0.23187733393936175
dist_ma200 q1 & max20 q2,0.0002273114361374864,0.9722878038224274,0.2208390961427094,rejected,0.01100578775880255,0.8252177207104543
dist_ma50 q0 & vol_ratio q4,-0.00011141714222217721,0.20787049824051862,-0.9838217513159976,rejected,0.0,0.32520316258669807
ind_mom60 q3 & news5 q2,0.00021016861798330797,0.03717444599026827,1.1544942282505424,rejected,0.017181523981327697,0.2482976035044503
atr_pct q0 & earn_in_week q1,0.0001157674647746959,0.6400583933854697,0.5509501654718081,rejected,0.02678213581461575,0.5816678371135025
ear_volsurge q0 & ev_red_flag q2,0.00021692220656281788,0.3381391478783326,0.8518020505268806,rejected,0.01844652158504966,0.39432396808996967
log_dv q1 & r20 q4,-0.00016802476819637908,-0.6138261365089052,-0.5754064325157136,rejected,0.019465583852629354,0.5650164547778651
days_to_earn q2 & vol_ratio q4,4.056603412477382e-05,0.7057903558101155,-0.48285663204537094,rejected,0.0,0.6291975365366923
days_to_earn q3 & min20 q4,0.00019828493640250446,0.2982345383108367,0.8884429016338441,rejected,0.01925074558097913,0.3743025567863207
ind_mom20 q4 & range_compress q3,0.00020266560272506475,0.8637341346058254,0.3158519838480165,rejected,0.02323392560770904,0.7521148588563376
days_to_earn q0 & log_dv q3,-0.00014478215278995396,-0.07181074112575438,-1.106974263761299,rejected,0.008197645266687396,0.26830505559597057
min20 q4 & r20 q4,0.00019699519705149106,0.46432167518340584,0.7129437186607404,rejected,0.01832218487809811,0.47588058463404764
intraday20 q3 & rel_ind60 q1,-0.00021142806351501922,-0.8336062578246641,-0.34304846822526835,rejected,0.024774970825216194,0.7315619976576693
dist_52wh q2 & r5_news q4,-0.0001084475865196042,-1.0400674927541833,0.13575403851863144,rejected,0.0,0.892015726540209
intraday20 q4 & vol20 q0,0.00016956653329890337,0.48170342148814377,0.6924451158509488,rejected,0.015874858668370576,0.4886578415947318
log_dv q3 & vol_ratio q4,-6.697285363412676e-05,0.3071007259542375,-0.8669969656144367,rejected,0.0,0.38594367228141163
dist_ma50 q3 & intraday20 q4,0.00017898007312915963,0.09004209624858305,1.0816210569884084,rejected,0.008986620856057599,0.27942094400655315
log_dv q1 & vol_surge1 q3,0.0001440391293473026,0.14733815372666179,1.0225564165028482,rejected,0.007162060196962726,0.3065176253340731
overnight20 q2 & r5 q3,7.683517270312417e-05,0.736563429411239,-0.4303003971391882,rejected,0.0,0.6669771382565294
dist_52wh q1 & rel_ind60 q1,0.00023128670149381725,1.1328007628885979,-0.03277641926835795,rejected,0.0,0.9738528828048811
ear q1 & r20 q3,0.00013886673407014147,1.036592898888074,-0.12374196303694548,rejected,0.0,0.9015195852736424
days_since_earn q1 & min20 q4,0.00016343150110836304,-0.04058336128614857,1.1160462620314688,rejected,0.0,0.2644023327357497
news5 q1 & vol_surge1 q1,-0.0002037745644276457,-0.8741802116194679,-0.27638847916947884,rejected,0.017827885809656566,0.7822497045169585
close_loc q1 & days_since_earn q3,-0.00014549022337497232,-0.22497834531028107,-0.9231864922655596,rejected,0.016274452685736355,0.3559100268899011
intraday20 q4 & range_compress q2,7.536597373296817e-05,-0.2947232944672562,0.8498768925473309,rejected,0.0,0.39539353384879794
news5 q2 & vol_surge5 q4,-0.0002094074728289692,-0.8901486868382331,-0.25156313792991525,rejected,0.016018947117433308,0.8013787540924306
dist_52wh q2 & dist_ma50 q3,0.00014958754460958688,0.19019811008023885,0.9511024489729855,rejected,0.015375196068517168,0.3415523716788977
frog q1 & rel_ind60 q1,0.0002192732038529472,0.9083177307209915,0.23262964785591395,rejected,0.01535544225332592,0.8160490031622656
days_to_earn q3 & vol_surge1 q3,-9.561327885680083e-05,-0.8688894198546668,0.2707597844970604,rejected,0.0,0.786575792157641
close_loc q4 & skew60 q0,-4.458497508904284e-05,-0.6432073215299295,0.4946052847334246,rejected,0.0,0.6208787710556446
ind_mom60 q1 & min20 q4,0.0001486065320464123,-0.11896036834013864,1.0181618246143285,rejected,0.0,0.3086010582669034
dist_ma200 q4 & r5_nonews q1,0.00015089927630708026,1.0736520286197138,-0.06122686358954944,rejected,0.0,0.9511785358111209
dist_ma50 q2 & mom_12_1 q2,-6.0855523529211484e-05,-0.6201769929396671,0.5119344956655635,rejected,0.0,0.6086968547311626
ev_shelf q2 & max20 q3,3.453505469624984e-05,0.578458508193926,-0.5536170175423695,rejected,0.0,0.5798409771324469
rel_ind20 q1 & rel_ind60 q4,0.00011516956747536076,0.45968386004244793,0.6710880582206671,rejected,0.018314949567598833,0.5021644339586615
ind_mom60 q3 & r60 q0,2.3099693221810444e-05,-0.5548457531689368,0.5710962861360319,rejected,0.0,0.5679343759445611
gap_today q3 & skew60 q1,-0.00011846730501848771,-0.8922335390171464,0.23189343021679307,rejected,0.0,0.8166207873894874
ear_volsurge q0 & log_dv q1,5.116664731029909e-05,0.668026184628222,-0.45389235229403707,rejected,0.0,0.6499063082786046
news5 q1 & r1 q2,-2.3578422740596418e-05,-0.6439829263285543,0.47623584354052406,rejected,0.0,0.6339063662855022
ind_mom20 q4 & r1 q2,0.00011466926973751646,-0.12389512957643835,0.9928146604413036,rejected,0.0,0.3208002841249698
rel_ind60 q2 & vol_surge1 q3,0.000203047108555963,0.9301083524328346,0.18610913111906408,rejected,0.015023452408433014,0.8523591814165483
atr_pct q0 & mom_12_1 q3,8.771242613664705e-05,-0.20695938356942603,0.9081186841527166,rejected,0.0,0.36381551995570216
dist_52wh q2 & log_dv q1,0.00020491546508834022,0.9599505208655705,0.14786569193949387,rejected,0.015594116038055337,0.8824487643849053
days_to_earn q1 & vol20 q0,0.0001843556557209099,0.3413391412097351,0.7661532430964381,rejected,0.02109990065394289,0.44358512565863545
gap_today q4 & min20 q4,2.375208276637921e-05,-0.3530477129137919,0.7513107659528547,rejected,0.0,0.45246565150593815
days_since_earn q1 & range_compress q3,-1.958473185028559e-05,-0.47450654197995507,0.6275681703570165,rejected,0.0,0.5302868654218451
days_since_earn q2 & r1 q3,0.0002175786988072343,0.9579679060232239,0.14245324091542702,rejected,0.017781923407671044,0.8867220109658008
dist_52wh q2 & r20 q4,-6.334949285304189e-05,0.17025434370966827,-0.9248218624932554,rejected,0.0,0.3550585764732547
mom_12_1 q0 & r60 q3,-0.00011244649746514365,-0.42509529937094104,-0.6644851784826109,rejected,0.018594652183825503,0.5063798320563777
dist_52wh q1 & earn_in_week q1,-2.5858444962799147e-06,-0.5270425076799508,0.5618614697538238,rejected,0.0,0.5742104071389924
ear q4 & intraday20 q3,0.0001378009763528395,-0.006607540326028351,1.0781342578861566,rejected,0.0,0.28097384533597697
intraday20 q0 & r1 q2,0.00014618322303061612,1.0347033728935093,0.04968891706009097,rejected,0.006415067486492287,0.9603702884555603
mom_12_1 q3 & range_compress q2,3.588277603880442e-05,-0.3508165477054972,0.7315908261602131,rejected,0.0,0.4644183492604298
earn_in_week q1 & mom_12_1 q0,-4.387784506089369e-05,-0.6908396711235003,0.39134386258975795,rejected,0.0,0.6955430811845749
rel_ind20 q3 & skew60 q2,0.00020401758021043197,0.874599868829625,0.20746063962582342,rejected,0.011421391323686043,0.8356501289661693
range_compress q3 & vol_surge1 q3,0.00019618719153956598,0.02137335399611459,1.0597699541133658,rejected,0.010345327550466557,0.2892492689947175
days_to_earn q1 & ear_volsurge q0,-1.553142770736742e-05,0.4054387626155284,-0.6747644052448916,rejected,0.0,0.49982545828963315
ear q4 & vol20 q2,1.2179239722718996e-05,0.509773404330752,-0.5691734995291433,rejected,0.0,0.5692384029030286
days_since_earn q3 & log_dv q3,-0.00012659594536459188,0.05163604994964206,-1.0205533504000028,rejected,0.0,0.30746610068511143
mom_12_1 q3 & vol20 q0,0.00017176465508002468,0.1570066340769701,0.9136992647987747,rejected,0.015042713657446073,0.3608748904501538
days_to_earn q1 & dist_52wh q3,0.00019870213644845394,0.7787209669262793,0.2868221077580308,rejected,0.01841104588629206,0.7742485342988127
news5 q1 & vol_surge1 q3,-0.00011595099484469721,-0.1264969074201197,-0.9331157117494331,rejected,0.011181805811377244,0.3507602277223541
ear_volsurge q2 & r120 q2,0.00016449450120961515,0.15444794601036838,0.9018552488804784,rejected,0.020314171457861123,0.3671337663431723
atr_pct q0 & days_since_earn q1,0.00015669116029731466,0.030651036931724048,1.0244020910921603,rejected,0.00611040326519689,0.3056453946949593
days_since_earn q1 & mom_12_1 q0,0.000153566169641115,0.9702772562598929,0.08436988922916733,rejected,0.011349182593946164,0.9327623468203409
days_to_earn q3 & max20 q4,9.063618416602911e-05,0.5607587336137491,0.49089474713251857,rejected,0.024805206528392718,0.6235008924847373
r5_news q4 & range_compress q3,-0.00011144145898169523,-0.47566939855665963,-0.5736735129628338,rejected,0.018019164849950215,0.5661887552833946
dist_52wh q3 & dist_ma50 q3,0.00018875321997060494,0.4756712050900518,0.5709424197644957,rejected,0.019063746312563818,0.5680386749268478
dist_52wh q3 & overnight20 q3,0.00019406113460680114,0.5503488595765372,0.4923259352209504,rejected,0.02413519173380138,0.6224889485698537
dist_52wh q3 & skew60 q3,0.0001950494555361394,0.947072632672453,0.09551238919487538,rejected,0.015316305719812228,0.9239078500946581
r1 q2 & range_compress q0,-0.00011570850864752308,-0.5785440975855104,-0.4600795722029931,rejected,0.02435676878680326,0.6454591061638655
gap_today q3 & r1 q2,0.0002085365402139307,0.7885755434021989,0.24490462009554775,rejected,0.015586099684933692,0.8065302842932202
atr_pct q4 & vol20 q3,-0.00011772944349890889,-0.2973788388588403,-0.7360913439652181,rejected,0.022376512702077234,0.4616751102392297
ind_mom20 q4 & log_dv q1,-0.00012184874375800643,0.07885099177720292,-0.9468117511964512,rejected,0.0,0.34373471267864997
intraday20 q2 & range_compress q3,-0.00018643881412539382,-0.9803188640142825,-0.043074348134668955,rejected,0.004704318210515722,0.965642267538171
days_since_earn q1 & log_dv q0,0.00015072938039892045,0.24215490100901338,0.7805638759570326,rejected,0.017525614100699884,0.43505904510702736
range_compress q2 & vol_surge1 q3,0.00019570221211577497,0.8718310652266732,0.15085513316543153,rejected,0.014298073444186826,0.8800899938916221
days_to_earn q1 & dist_52wh q2,0.00013536290886758382,0.8217029935685313,-0.19831853837855584,rejected,0.0,0.8427958482113169
ind_mom60 q4 & rel_ind60 q3,0.0001452669224136247,0.7122019066810855,0.3050824608978142,rejected,0.01914971166854258,0.7603033490092326
days_since_earn q3 & log_dv q1,0.0001258025757206357,0.2979793875644131,0.7184818822715342,rejected,0.01605514882540998,0.4724602151371891
range_compress q1 & skew60 q0,-5.664922390061179e-06,0.45332954727119257,-0.5623343183224884,rejected,0.0,0.5738882605117002
days_to_earn q1 & r1 q2,-0.00016519745068920415,-0.3280561865411442,-0.6868361950347026,rejected,0.015357381903763841,0.49218595815526656
ind_mom20 q4 & vol_surge1 q3,7.868794184140637e-05,-0.19060152174261244,0.8240705430128117,rejected,0.0,0.40989947648779856
ind_mom20 q4 & log_dv q3,-9.069253021158206e-05,0.0823261780017674,-0.930505507951993,rejected,0.0,0.35210941366516096
days_to_earn q2 & r5_nonews q2,0.00014051911169518088,-0.011234590984553436,0.9970148468226364,rejected,0.0,0.3187573034488436
days_to_earn q3 & news5 q1,-0.00017622412352875325,-0.9065923893222848,-0.09608914997828985,rejected,0.01527027516455716,0.9234497684949093
earn_in_week q4 & overnight20 q3,-5.4564423403003184e-05,-0.3744236110392106,-0.6267732910769922,rejected,0.011650267222351358,0.5308078535853777
close_loc q2 & log_dv q2,-0.0001490612508646591,-0.1540546576842868,-0.8467258931925965,rejected,0.01580730432543597,0.39714792269902466
gap_today q3 & r20 q3,0.00015895801702774023,0.08766000760343864,0.9113826145056716,rejected,0.016658796024431547,0.3620938107049768
days_to_earn q1 & intraday20 q3,0.00013737531694494787,0.008178797234486342,0.990302712058521,rejected,0.01035002974735088,0.3220261813799586
ear q2 & r1 q1,3.591855641503497e-05,-0.3770374160154549,0.6173597076635273,rejected,0.0,0.5369974922393159
close_loc q3 & r5 q2,0.00017916032686144808,0.9250292202984495,-0.0662216832253137,rejected,0.0,0.9472013339461093
log_dv q4 & vol20 q0,0.00017856436866671606,0.38079826138568057,0.6091652203186132,rejected,0.009315716673795951,0.5424149308897415
days_since_earn q4 & ev_offering q2,-0.00011269580658970488,0.12931144437893066,-0.8563309302385981,rejected,0.0,0.3918147574044249
dist_ma50 q0 & max20 q0,-0.00020216655294015714,-0.9741282843160651,-0.007087435081735758,rejected,0.0,0.9943450923152685
ear_volsurge q4 & range_compress q2,-7.125205624609775e-05,-0.7454178624168626,0.233082599212874,rejected,0.0,0.8156972666354113
intraday20 q3 & range_compress q0,1.8316800941962912e-05,-0.4388366987425076,0.5381039526309493,rejected,0.0,0.5905052837990832
ear_volsurge q0 & mom_12_1 q0,-6.418445601883503e-05,0.12277088415940143,-0.8519895844398727,rejected,0.0,0.3942198729692558
overnight20 q4 & vol_surge5 q3,-0.0001296902849434809,-0.8745171986051419,-0.0993181731189192,rejected,0.014125071203813018,0.9208856496930283
dist_ma50 q3 & r20 q4,-0.00015438142342908792,-0.5713910386972867,-0.4013399590983041,rejected,0.02261178276152935,0.6881698476672555
ind_mom60 q2 & r60 q3,-0.00017664195819996824,-0.8249518095659771,-0.1435845237253269,rejected,0.0150409822237071,0.8858285622887615
gap_today q0 & vol_surge1 q3,-0.00011991861216433872,0.06372336923194537,-0.904010594632271,rejected,0.0,0.36598978357122286
days_to_earn q1 & gap_today q0,2.862867484265654e-05,0.534396083411355,-0.42956651191810785,rejected,0.0,0.667511001593664
atr_pct q2 & r1 q1,0.00011379503522970063,-0.07641991067859315,0.8873009628874547,rejected,0.0,0.3749168873148872
days_since_earn q3 & gap_today q0,4.3582176871504764e-05,-0.2219013163988218,0.741769490555612,rejected,0.0,0.458227008594557
frog q3 & overnight20 q3,-9.369308453874991e-05,0.1638410253701263,-0.7946000326480037,rejected,0.0,0.4268461993511595
r20 q4 & range_compress q2,-3.52573564968539e-05,0.28968004438701417,-0.6685221604722117,rejected,0.0,0.5038003410895916
frog q4 & skew60 q3,8.266562546616467e-05,0.7762153785361274,-0.1804712296166866,rejected,0.0,0.8567826389803994
mom_12_1 q3 & vol_surge1 q3,-9.630477014244913e-07,-0.42081946734060516,0.5350418084176967,rejected,0.0,0.592620947426149
days_to_earn q3 & r5_news q4,-5.671776690384786e-05,-0.8076536274729225,0.1471376706954195,rejected,0.0,0.8830233565332813
gap_today q0 & r5 q1,0.00015545339053321019,0.4486197660429593,0.506059356543076,rejected,0.020385497306651543,0.6128149814766004
days_since_earn q3 & intraday20 q3,-9.045590459797761e-07,-0.3508687160916321,0.6019960952694351,rejected,0.0,0.547176736577174
ins_officer30 q2 & vol_surge5 q1,6.199853571466654e-05,-0.28628103000288224,0.6663656715823031,rejected,0.0,0.5051773989452186
dist_52wh q2 & mom_12_1 q0,-6.151691552793073e-05,0.20936024874454282,-0.7424391827054193,rejected,0.0,0.45782128693997803
days_to_earn q2 & ear q1,9.979039614508138e-05,0.7411782228025761,-0.20910719975942554,rejected,0.0,0.834364554353312
dist_ma50 q3 & range_compress q0,-4.435546211204481e-05,-0.6764045782622756,0.27367431248110147,rejected,0.0,0.7843349200160369
intraday20 q2 & log_dv q4,0.00011377414240798468,0.7393475816773509,-0.20999985153006787,rejected,0.0,0.8336677889134874
news5 q1 & vol_surge1 q2,0.0001178557019356689,0.9183385922683591,0.030578216504662734,rejected,0.004579083877408244,0.9756059147359833
gap_today q3 & ind_mom60 q1,0.00014707076722507613,0.8353913583401594,-0.11076374011019324,rejected,0.0,0.9118036995716193
dist_ma50 q3 & ear q1,0.00016369383717019915,0.8201031232471316,0.12324078145461903,rejected,0.019093932643142936,0.9019164327644452
intraday20 q2 & news5 q1,0.0001289580834170129,0.15898886389320083,0.7827882033200799,rejected,0.016658250993494925,0.4337514960802092
earn_in_week q1 & intraday20 q2,2.480619696059288e-06,-0.2956750292989045,0.6454009440838717,rejected,0.0,0.5186673917652932
atr_pct q0 & overnight20 q3,0.00015312870549761694,0.04269069430892609,0.8963454216239182,rejected,0.0164898642231374,0.3700683071016264
gap_today q3 & intraday20 q3,4.6404106129822214e-05,-0.23094075870222916,0.7078765848163293,rejected,0.0,0.47902190172180015
log_dv q4 & r1 q2,-0.00016150065005890397,-0.16601760132960838,-0.7726428459779539,rejected,0.01848398979727518,0.43973378005204883
ear_volsurge q0 & mom_12_1 q3,0.00010707224901024021,-0.1344812493917344,0.8034876711978173,rejected,0.0,0.42169291987694857
intraday20 q3 & mom_12_1 q2,8.680450720589601e-05,-0.05642221389225752,0.8814393488898802,rejected,0.0,0.37808006791677723
days_to_earn q1 & mom_12_1 q3,0.0001183284892752924,-0.032084309820683124,0.9027680815225742,rejected,0.0,0.36664899465763245
r60 q4 & range_compress q1,0.00017474340059989084,0.91870612671106,-0.014863105424651841,rejected,0.0,0.9881413942755518
atr_pct q2 & ear_volsurge q0,-0.00013087726879072777,-0.8537356365016356,0.07914451922087015,rejected,0.0,0.936917673329218
frog q3 & gap_today q0,-4.47027974022888e-06,-0.4491957044998885,0.4832651723056822,rejected,0.0,0.6289074656905127
gap_today q0 & vol_ratio q4,-0.00010967796738326169,-0.8502893510363837,0.08185425838335361,rejected,0.0,0.9347626088414054
r20 q3 & range_compress q0,1.7771848822171696e-05,0.5221486667293445,-0.4082754826067273,rejected,0.0,0.6830714369610907
mom_12_1 q0 & r120 q1,-0.00015046937065854257,-0.7918910805094656,-0.135209869851804,rejected,0.01741524136150265,0.8924459437427756
close_loc q0 & ins_buyers30 q4,-4.0743050671696486e-05,0.14660855053812605,-0.7794252141732161,rejected,0.0,0.4357292757249722
dist_ma50 q3 & r5_nonews q3,0.0001811783879815536,0.6361093312342926,0.28927907934702,rejected,0.015868889631180605,0.7723678205194633
earn_in_week q1 & log_dv q3,3.393654323839499e-05,-0.2880182887434591,0.6358778464402679,rejected,0.0,0.5248560430742444
dist_ma50 q3 & frog q3,8.90385307018745e-05,-0.14755256111579243,0.7750472970840963,rejected,0.0,0.43831171212264386
mom_12_1 q2 & rel_ind20 q4,0.00015067118588240236,0.5611084221301268,0.3612276246726407,rejected,0.02378651021250065,0.7179292928579877
close_loc q4 & ev_shelf q2,-2.214793915845474e-05,-0.46678744744092826,0.4541229774666553,rejected,0.0,0.649740316057078
earn_in_week q1 & vol_surge1 q1,-7.388926268625759e-05,-0.8155144502919689,0.10350088245511428,rejected,0.0,0.9175654491592339
dist_52wh q3 & gap_today q3,-5.346501028827618e-05,0.24615476927319313,-0.6716908330357231,rejected,0.0,0.5017805384390828
news5 q4 & overnight20 q3,6.531080413147e-05,-0.18626989852744424,0.7279878280683929,rejected,0.0,0.4666210373330594
ind_mom20 q4 & r20 q3,-1.3009457893367388e-05,-0.4208366381709887,0.4900144376346788,rejected,0.0,0.624123682443419
min20 q4 & range_compress q0,0.00010768372769944198,0.5505796289363922,0.35400852931879767,rejected,0.023084705311666075,0.7233324911627441
dist_ma50 q3 & log_dv q1,1.5004120519839153e-05,-0.36901249757200855,0.5330841143480097,rejected,0.0,0.5939753550698438
r20 q3 & range_compress q1,-3.139272826375509e-05,-0.5311487274155209,0.3695088490732435,rejected,0.0,0.7117484785425561
r20 q1 & range_compress q4,0.00017776678506385905,0.8936294970104237,0.004498929922009113,rejected,0.0,0.9964103853842873
dist_ma50 q1 & ev_offering q2,1.9212416146718707e-05,0.4207846629136297,-0.47629438965285553,rejected,0.0,0.6338646617826383
vol20 q2 & vol_surge1 q3,0.00014818023301859542,0.3147968050383666,0.581863910333534,rejected,0.014775795993184081,0.560658351338716
dist_52wh q3 & ear q1,-0.00013923712580478546,-0.09846035771873007,-0.7980143823639756,rejected,0.014767932887281692,0.42486214393454813
r20 q4 & vol_surge1 q3,0.00011668758254144273,0.33217138029659454,0.5631459445416966,rejected,0.020022746759808113,0.5733355080275755
gap_today q0 & r20 q4,0.00012425920792112014,0.6082596043613343,0.2851825259127687,rejected,0.01862765500730825,0.7755043070471386
ind_mom20 q4 & intraday20 q2,-0.000136585655420763,-0.3275773197384932,-0.5658075806080453,rejected,0.019620981149674945,0.5715245926792663
days_to_earn q3 & dist_ma50 q3,6.308657017731168e-05,-0.19730609953047992,0.6942196218156704,rejected,0.0,0.4875444890801493
ins_value30 q2 & vol20 q3,6.124586336684243e-05,0.5252154486747821,-0.3595798421929302,rejected,0.0,0.7191613602386233
ev_agreement q4 & vol_surge1 q4,-4.971499306501184e-05,-0.6221103282687992,0.26196734487549106,rejected,0.0,0.7933466182282973
ind_mom20 q0 & max20 q1,-7.533211613805135e-05,-0.566569984014253,0.30983798985142025,rejected,0.0,0.7566841605057011
gap_today q0 & news5 q1,-9.31790586890596e-05,-0.8367286955782802,0.03657133738453576,rejected,0.0,0.9708267976896173
dist_ma200 q1 & vol20 q1,-0.00010567618371751144,-0.6740886047777563,0.1979325791977629,rejected,0.0,0.8430978138970446
dist_52wh q2 & r60 q4,0.00010913555716755182,0.3658775109406405,0.5058156279889566,rejected,0.0199678782637099,0.6129860864752713
days_since_earn q1 & frog q3,-0.0001553541325457722,-0.8678807340996288,0.0037141069225562684,rejected,0.0,0.997036578242521
frog q3 & range_compress q3,0.00015823546378107637,0.46592470414140147,0.40264496329595856,rejected,0.020464479209865483,0.6872094272197082
gap_today q0 & ind_mom60 q1,6.133171633120925e-05,-0.2246091289822268,0.6438968854124698,rejected,0.0,0.5196423016049886
ind_mom20 q1 & news5 q1,0.00012239885368057167,0.6144800524987855,0.2494761464003896,rejected,0.01528567757400277,0.8029924901140804
dist_ma50 q1 & rel_ind20 q1,0.00017954720776053906,0.742593954734598,0.11973984791277895,rejected,0.01778149413387092,0.904689233360914
intraday20 q1 & r60 q4,-8.487062766101251e-06,0.3858429379362432,-0.4753299634077609,rejected,0.0,0.6345518054296588
dist_52wh q1 & dist_ma50 q3,-0.00010012083668610256,-0.5745070253102929,-0.2855247173134052,rejected,0.01737132658240932,0.7752421705027768
ear q2 & min20 q0,2.581170905270743e-05,0.5213643499888451,-0.33638203769952163,rejected,0.0,0.7365827929499309
earn_in_week q4 & range_compress q3,3.6477853415406435e-05,0.05973213970012946,0.7976871049925226,rejected,0.014865467774529666,0.4250520887876571
dist_52wh q1 & log_dv q3,-0.00012334729788157558,-0.03123874976972183,-0.8258147571089516,rejected,0.012126794747164651,0.4089091815879601
log_dv q3 & r20 q3,-6.505634006016185e-06,-0.37387536482853545,0.48269586231285366,rejected,0.0,0.6293117015974434
intraday20 q2 & skew60 q3,-0.00014363164986538524,-0.44953859387388223,-0.40606883524846515,rejected,0.021097938326468568,0.6846920236313339
dist_ma50 q3 & r20 q1,1.035375692233526e-05,-0.26039322371106943,0.5932717794693689,rejected,0.0,0.5529992818241722
intraday20 q3 & skew60 q1,0.00010400703416675441,-0.05880961474405068,0.7921662641154155,rejected,0.0,0.4282637366059878
dist_ma50 q2 & r120 q3,-0.0001630077400848688,-0.5786479218101007,-0.26949158558556807,rejected,0.016429906395015,0.7875514165176885
vol20 q3 & vol_ratio q4,3.62904322553795e-05,0.48151648386241735,-0.36561579167564273,rejected,0.0,0.7146517897572673
r20 q3 & vol_ratio q4,-3.5672444109987975e-05,-0.5024935293529709,0.33622895231882005,rejected,0.0,0.736698221735316
ind_mom20 q4 & vol_ratio q1,-4.291388807391508e-05,0.19247136386705518,-0.6445570675518572,rejected,0.0,0.519214264363836
frog q3 & mom_12_1 q0,1.969998736604693e-05,0.47339186154154117,-0.3619363883034394,rejected,0.0,0.7173995668311073
log_dv q3 & r5 q1,-0.00011983349802827567,-0.04031167181628135,-0.7929127153826504,rejected,0.014827026772326342,0.42782867852116785
ear q1 & log_dv q4,-4.284436124369495e-05,0.21248858890110492,-0.6179371514461907,rejected,0.0,0.5366167681494842
range_compress q2 & rel_ind20 q4,-6.226227481384947e-05,0.18235707931640577,-0.6457189214401066,rejected,0.0,0.5184614043646608
ind_mom20 q1 & min20 q2,-0.00016319506184884008,-0.7707737363064864,-0.051333340892259244,rejected,0.00495084810626619,0.9590599009270471
r5 q0 & vol_surge5 q4,-9.156073921768904e-05,0.10089878047675407,-0.7171419697557058,rejected,0.0,0.47328650136366013
ear q1 & log_dv q1,0.00011303763734353699,0.6466720173926883,0.16900807795679998,rejected,0.012064058534407184,0.865790287514133
gap_today q3 & vol_surge1 q3,3.181234642100131e-05,0.46438352738558764,-0.35054696956677367,rejected,0.0,0.7259282468587203
mom_12_1 q2 & vol_ratio q4,-1.0597232696750032e-05,-0.37072576191652307,0.44366348059588684,rejected,0.0,0.6572859023786801
r5_nonews q4 & vol_surge5 q0,-0.0001052236402656413,-0.5854751114619482,-0.2286422382388953,rejected,0.014263516849326531,0.8191469926609505
atr_pct q0 & r20 q4,6.417794416260057e-05,-0.07679859077743288,0.7357348080787057,rejected,0.0,0.46189210202851166
ev_red_flag q2 & ins_officer30 q2,-1.1358712620630276e-05,0.22886754698239883,-0.5804561048865845,rejected,0.0,0.5616070796477137
days_to_earn q2 & max20 q2,3.9644288265065466e-05,-0.20558714811504752,0.6026203932203764,rejected,0.0,0.5467612506407546
ear q1 & gap_today q0,0.00011089629463747901,0.6221686471869603,0.18438876219894973,rejected,0.013159295939917612,0.8537084851392162
ear_volsurge q4 & earn_in_week q1,8.046930044575082e-05,0.5738749018991107,0.23080823133418968,rejected,0.014327957768873632,0.8174637862013436
mom_12_1 q0 & rel_ind60 q1,-0.000106800994851373,-0.20417541135908657,-0.6004547064610092,rejected,0.012554561768368302,0.5482032380851289
mom_12_1 q0 & vol_surge1 q1,0.00011580050765728616,0.6496618770011608,0.15199271323340247,rejected,0.013263692231058444,0.879192682876406
log_dv q1 & news5 q1,-3.841670735190093e-05,0.11202383051302457,-0.6895354876252898,rejected,0.0,0.49048634894786586
dist_52wh q2 & overnight20 q3,-6.363265035463514e-05,-0.5379320310074865,0.26179581386223155,rejected,0.0,0.7934788665990214
rel_ind20 q4 & vol20 q0,-1.5910577229711636e-06,-0.3176653348800656,0.48191694750512376,rejected,0.0,0.6298649463934556
r1 q2 & r5 q1,0.00013462590270386997,0.0751246215346979,0.7238042898080902,rejected,0.015095695173584858,0.4691858953431762
mom_12_1 q2 & vol_surge1 q3,-1.6802450675507336e-05,0.2245244722659301,-0.5731709354548098,rejected,0.0,0.5665289615123723
days_since_earn q3 & mom_12_1 q3,6.242584716724143e-06,-0.30329972252526916,0.49438412077329397,rejected,0.0,0.621034926268651
atr_pct q0 & log_dv q3,0.0001305575832258983,0.039687124205399556,0.7571683676096876,rejected,0.016355345363783042,0.4489489987514065
mom_12_1 q3 & range_compress q0,-7.71851504728693e-05,-0.7180687894142579,0.07865274594631458,rejected,0.0,0.9373088322507881
dist_52wh q1 & min20 q4,-7.04537859757153e-05,-0.5871818212669543,0.2051678265233277,rejected,0.0,0.8374410054377742
dist_52wh q2 & log_dv q4,-0.0001491957235934706,-0.6427653722890799,-0.1479629722271484,rejected,0.01341198101405181,0.8823719904113024
gap_today q4 & r120 q2,-0.00011303372211304513,-0.21051724901817329,-0.5788860530925614,rejected,0.014237793988295227,0.5626660614767737
dist_ma50 q1 & vol_surge1 q0,-0.00012934902399589776,-0.5350574137804663,-0.2487084530528401,rejected,0.014045350971368695,0.8035863096750462
ind_mom60 q1 & mom_12_1 q2,0.00013697945856438302,0.5658084243218913,0.20756258439781766,rejected,0.009617462049842236,0.8355705213850912
r1 q0 & rel_ind20 q1,-0.00011878457195847477,-0.482911701771267,-0.2897041297481308,rejected,0.014350491570248215,0.7720425966746082
mom_12_1 q0 & vol20 q0,-8.869426414666079e-05,-0.6983048112630105,0.07323684669995148,rejected,0.0,0.9416176456752894
mom_12_1 q4 & r5_nonews q1,8.551737528032908e-05,0.6503673297406809,-0.11537112292261904,rejected,0.0,0.9081509666675207
r1 q2 & rel_ind20 q4,-0.00010074775961225942,-0.0642497160271341,-0.6964986198461983,rejected,0.013113631455523175,0.4861166213007062
days_since_earn q4 & vol20 q3,-9.846556615987422e-05,-0.4455070137347779,-0.3134380817268731,rejected,0.01853857389906363,0.7539478557162893
days_since_earn q3 & vol_surge5 q1,9.775903402422575e-05,-0.059642142179148774,0.6992753315375648,rejected,0.0,0.4843799803663757
days_since_earn q2 & max20 q2,-0.00012395446176986886,-0.2273589909305009,-0.5296752487723401,rejected,0.02205765900097945,0.5963371117002878
overnight20 q3 & rel_ind60 q1,-0.00011490233891384591,-0.2779018695581576,-0.47755263199222187,rejected,0.023534828228376128,0.6329686517266437
log_dv q0 & range_compress q0,-8.377146666400144e-05,-0.5923692325864877,-0.16295782491699007,rejected,0.012877115769058282,0.8705516415542035
log_dv q0 & r20 q4,2.067822893913061e-05,0.4393880926830746,-0.3134634984808645,rejected,0.0,0.7539285482570376
gap_today q3 & min20 q4,0.00011097350952040948,0.6169857622737646,-0.1321501524725646,rejected,0.0,0.89486552778866
dist_52wh q3 & mom_12_1 q2,0.00013491599943909905,0.27917597479835604,0.46830681939954394,rejected,0.02259946857790523,0.6395651924299369
r5 q0 & rel_ind60 q1,-2.3900417235364702e-05,0.21711259597184912,-0.5300088869898613,rejected,0.0,0.5961057691392145
intraday20 q2 & log_dv q1,0.00011873024410391824,0.3929837878064932,0.35270985988757236,rejected,0.020644344155706887,0.7243059667337481
skew60 q3 & vol_surge5 q4,0.0001030332130368865,0.2731609486093454,0.4666372722511625,rejected,0.022435470766703387,0.6407594156163569
dist_ma50 q3 & rel_ind20 q4,0.00011267498526907421,0.21720116355060692,0.5169426524175875,rejected,0.020726990156012842,0.6051961920457484
overnight20 q0 & r5_news q2,-0.0001265194786532196,-0.4226070411582031,-0.31059406295872943,rejected,0.017040169417188594,0.7561092411910509
earn_in_week q1 & r20 q3,-2.633360064303857e-05,-0.5018196165154831,0.228568857484743,rejected,0.0,0.8192040319376314
gap_today q3 & skew60 q3,0.0001147314069566604,0.40587165118238383,0.3181939643794333,rejected,0.018574006514341903,0.750337810766698
dist_52wh q1 & vol20 q0,-6.923807081619823e-05,-0.5235641069966279,0.20038517342292259,rejected,0.0,0.841179354225956
days_to_earn q3 & skew60 q3,0.00012256114211041792,0.5481638034640194,0.17381902555414108,rejected,0.011342380115072138,0.8620076917696631
days_since_earn q1 & skew60 q3,0.00012249438974560925,0.5268894439670466,0.19262919852476992,rejected,0.012732989095007361,0.8472493760565811
overnight20 q3 & vol_surge1 q3,8.605028096875575e-05,0.5558582662265455,-0.16021871183003444,rejected,0.0,0.8727087898926724
atr_pct q0 & ear q1,0.00011431384728760262,0.11880501696207645,0.5964922781896448,rejected,0.012151729363842071,0.5508464108597608
close_loc q3 & r5_nonews q4,0.00010346728046170099,0.0709702001488278,0.6434883654750456,rejected,0.009755964041077115,0.5199072617092753
log_dv q4 & r5_news q4,-7.808624950225098e-05,-0.31102267317125304,-0.4023090963723395,rejected,0.019191691784700725,0.6874565609935444
intraday20 q4 & mom_12_1 q3,2.2116518781519523e-05,-0.2562719972914093,0.4551510043034535,rejected,0.0,0.6490006063901737
gap_today q3 & ind_mom60 q0,7.559933919229484e-05,0.5464848222933631,-0.16178343620770813,rejected,0.0,0.8714763971893142
mom_12_1 q0 & vol20 q3,0.00010139854641136645,0.6072917055613818,-0.10061218676856286,rejected,0.0,0.9198583221580647
mom_12_1 q2 & range_compress q0,2.4897030739758052e-05,-0.1826215305388574,0.5199577174173364,rejected,0.0,0.603093045744864
intraday20 q1 & max20 q1,5.027653063928883e-05,-0.17716892175983062,0.5225774057821696,rejected,0.0,0.6012683671307071
r20 q1 & skew60 q1,-1.126366429348601e-05,-0.3510504015610843,0.3451933665272661,rejected,0.0,0.7299490053743509
dist_52wh q1 & vol_ratio q3,-0.00010827682293845873,-0.3958963088007709,-0.29806254870841425,rejected,0.013583789388353121,0.7656554248983032
gap_today q2 & vol_surge1 q3,4.275789517698509e-05,0.40131345008213637,-0.28907094469779976,rejected,0.0,0.7725270876365318
intraday20 q2 & r1 q1,-3.5300328652796015e-05,0.21639205854011614,-0.47305823703755334,rejected,0.0,0.636171631073658
days_to_earn q1 & r20 q3,2.551292487460967e-05,0.3502277250404546,-0.3359393926496942,rejected,0.0,0.7369165705268771
gap_today q0 & r20 q1,-2.941774654860788e-05,-0.36932267458746104,0.3082570422322941,rejected,0.0,0.757886750784099
ear q1 & vol20 q0,0.0001182269027044396,0.237428104891754,0.4349346820933867,rejected,0.01682388458194075,0.6636098394954788
min20 q2 & vol_ratio q1,2.9890784486104617e-05,0.37798132928045086,-0.29387424838822784,rejected,0.0,0.7688539964950359
dist_ma50 q2 & overnight20 q1,-1.8741832654841077e-06,0.3052593630772527,-0.36561158551182793,rejected,0.0,0.7146549288159962
dist_52wh q1 & gap_today q0,0.00010386486168334731,0.6223373606756801,0.04628630013308344,rejected,0.004798091949788314,0.963082058516649
log_dv q4 & mom_12_1 q2,0.00011738723043962014,0.17069955751705856,0.49346533822377003,rejected,0.018451844045582054,0.621683825397752
r20 q4 & range_compress q3,9.923716969178971e-05,0.6377277685336186,0.0238371709396136,rejected,0.0022769913318563036,0.9809824903432541
ear_volsurge q0 & min20 q4,-4.8663487156863804e-05,-0.41530526859070477,0.24274522233732967,rejected,0.0,0.8082027726236782
ind_mom20 q4 & log_dv q4,-7.793396629589756e-05,0.04946276842412789,-0.6080000531400784,rejected,0.0,0.5431874386508528
log_dv q2 & rel_ind20 q1,-4.9816056888190785e-05,0.12447408508742488,-0.5283197460067353,rejected,0.0,0.5972774287688027
ev_red_flag q2 & r60 q3,0.00013127860003598864,0.4428628842013446,0.2098298762019237,rejected,0.007846601675177091,0.833800454267093
dist_52wh q2 & r1 q0,-4.748321693355284e-05,0.09431984463774412,-0.5575796128343757,rejected,0.0,0.5771314811357661
days_since_earn q3 & r20 q3,4.554861761002562e-05,-0.10378447064989699,0.5435505437167147,rejected,0.0,0.5867508006183726
mom_12_1 q3 & rel_ind20 q4,8.391893659630453e-05,-0.03353169396946289,0.6046529028110729,rejected,0.0,0.5454096477459311
dist_ma200 q4 & vol_surge1 q2,8.299451571958281e-05,0.5719577089850463,-0.06425755632413593,rejected,0.0,0.9487651487210784
ear q1 & min20 q4,8.117477030662867e-05,-0.04127188872783795,0.5927534682946038,rejected,0.0,0.5533461526460663
intraday20 q4 & range_compress q3,7.126621794846145e-05,0.49869402941218033,-0.13229482598722364,rejected,0.0,0.8947510996708459
overnight20 q3 & range_compress q3,6.542707136868978e-07,-0.24788875087818124,0.3825809320511073,rejected,0.0,0.7020305105706905
log_dv q4 & mom_12_1 q3,-3.207031585855912e-05,-0.3370734222105916,0.29238416128909833,rejected,0.0,0.769992916866913
frog q4 & r20 q0,-4.861530392794432e-05,-0.5920544023287142,0.03208090360463572,rejected,0.0,0.9744075322871887
ear q1 & r1 q2,-0.00010746650232612055,-0.5422397287259558,0.08091258088585036,rejected,0.0,0.9355114746725143
mom_12_1 q2 & r120 q4,7.409156525007916e-05,0.1317608570399927,0.4869317384259309,rejected,0.01944073175894449,0.6263067061708332
days_since_earn q1 & log_dv q4,-8.687197862119621e-05,-0.20709671955433984,-0.4085046235638528,rejected,0.018018017321341173,0.6829032367882224
rel_ind20 q4 & vol_surge1 q3,7.432705297545297e-05,-0.002975049089754332,0.6084418148483626,rejected,0.0,0.542894485440356
gap_today q3 & vol_surge1 q0,1.4486105648843083e-05,-0.21386947827414704,0.39744929205977964,rejected,0.0,0.691036172611253
ind_mom20 q4 & range_compress q2,-8.717904410318203e-05,-0.19852937152383232,-0.41067825282776427,rejected,0.01812279156942079,0.6813084753559984
r20 q3 & r5 q1,9.707589701094218e-05,0.2617296822079045,0.34551691302942256,rejected,0.017047266465768828,0.729705797529139
ins_buyers30 q4 & r5 q4,-3.8007837100967656e-05,-0.3814606183725613,-0.22289025781126712,rejected,0.00965071052910731,0.8236209188152024
log_dv q0 & mom_12_1 q0,4.0361496038606886e-05,0.3840018371203205,-0.21437398257371482,rejected,0.0,0.8302554289489279
atr_pct q0 & gap_today q0,5.504833288107444e-05,-0.014530259421708575,0.5837586337696116,rejected,0.0,0.559382712704195
dist_ma50 q3 & range_compress q1,-4.333579530680192e-05,-0.4017858500551556,0.1898816124040478,rejected,0.0,0.8494019015075831
days_since_earn q3 & dist_ma50 q3,5.141720792538833e-05,-0.07809412914868058,0.5113504661308002,rejected,0.0,0.6091056731842464
dist_52wh q3 & ear_volsurge q3,8.698960681011623e-06,-0.21019059096944698,0.3788845092977411,rejected,0.0,0.7047736279046858
ind_mom60 q0 & range_compress q2,1.365938190261111e-05,0.33770716226913167,-0.2513270824765614,rejected,0.0,0.8015612381973178
days_since_earn q1 & vol_ratio q4,9.165220057326741e-05,0.20602667772246575,0.38025943416172764,rejected,0.020382258906589002,0.703752844655143
days_since_earn q1 & log_dv q3,8.090813484575927e-05,0.004976888511006637,0.5758140566523017,rejected,0.012960352471610552,0.5647408713016
ind_mom60 q1 & mom_12_1 q0,2.9200039872731786e-05,0.3461406528340607,-0.23372084745136845,rejected,0.0,0.8152017020221968
ear_volsurge q0 & gap_today q0,6.03545451986239e-05,0.028097829532764445,0.5496463977553826,rejected,0.018318142184707696,0.5825619285908984
news5 q1 & vol_ratio q3,-2.500712526661408e-05,0.1896743901436973,-0.3866487476660528,rejected,0.0,0.6990162639442944
ear_volsurge q1 & r60 q3,9.647590677353702e-05,0.22708132509908868,0.3482231790003404,rejected,0.018656190248979035,0.7276725815234129
ind_mom60 q0 & intraday20 q3,-4.3977490878588675e-05,-0.4242801129786273,0.14675706214821155,rejected,0.0,0.8833237770720652
earn_in_week q1 & vol_ratio q3,4.432036257628151e-05,0.4557853853355225,-0.11255407772353664,rejected,0.0,0.9103840942756786
days_to_earn q3 & range_compress q3,-5.1551313591765024e-05,-0.3821855202510809,0.18477353371636382,rejected,0.0,0.853406667425502
ind_mom60 q0 & vol20 q0,-6.911938285549724e-05,-0.4090890361615236,0.15525107742446595,rejected,0.0,0.8766233824361401
atr_pct q0 & mom_12_1 q0,6.473462178945511e-05,0.04105993514212583,0.5229192822786397,rejected,0.018271764123217925,0.6010304255275609
ear q1 & ind_mom20 q4,-7.501993496498318e-05,-0.03577820228415266,-0.5270527559975393,rejected,0.018473200521064912,0.5981569533424254
intraday20 q2 & mom_12_1 q0,1.0561199935556629e-05,-0.23813961219501947,0.32220270038803894,rejected,0.0,0.7472991388750907
close_loc q3 & ind_mom20 q3,8.605723622994991e-05,0.21907960281650432,0.3400492771654958,rejected,0.017886331132366803,0.7338194188707488
mom_12_1 q0 & range_compress q2,-7.961719818371015e-05,-0.5549000920747665,0.0028648881453597766,rejected,0.0,0.9977141531072709
days_since_earn q0 & ind_mom60 q4,-6.630057107351332e-05,-0.1762146119531224,-0.3803289979739617,rejected,0.019567147270335074,0.7037012126727265
ear_volsurge q0 & ind_mom20 q4,5.7223461579126575e-05,0.4996888283677655,-0.05422488087827033,rejected,0.0,0.956755997768636
dist_ma50 q4 & vol_surge5 q1,6.28107079698772e-06,0.3052338678049518,-0.23699100302982895,rejected,0.0,0.8126637700075036
min20 q0 & rel_ind60 q3,-2.09877005534947e-05,-0.41981784590146787,0.11993415108364669,rejected,0.0,0.9045353110703586
dist_ma50 q3 & intraday20 q2,-3.225684242888386e-05,0.12981801883620023,-0.40090415845838956,rejected,0.0,0.6884906881555982
dist_52wh q1 & r1 q2,-8.018012940070678e-05,-0.1981999522537346,-0.3301046048190583,rejected,0.017979730598627043,0.7413209239402105
ear_volsurge q0 & r5_news q4,4.869776593190416e-05,0.11051680569270629,0.41016426867707817,rejected,0.017434283878039115,0.6816854501260625
close_loc q3 & rel_ind20 q0,3.642018410975643e-05,-0.12096879285138283,0.39700336666239217,rejected,0.0,0.6913649779596966
ind_mom20 q1 & vol20 q1,6.409694808493955e-05,-0.04102864918276825,0.47523287306608847,rejected,0.0,0.6346209987503593
days_to_earn q1 & log_dv q3,9.257646680278632e-05,0.4365623464080731,0.07785346218947568,rejected,0.007364432618845167,0.9379446187853016
days_to_earn q3 & vol_ratio q4,3.900854687960076e-05,-0.12038369905703257,0.3929600583972709,rejected,0.0,0.6943489819817403
frog q3 & range_compress q2,-7.762079311092553e-06,-0.24162945050266352,0.26651870348835943,rejected,0.0,0.7898397568570668
ind_mom20 q1 & r5_nonews q0,2.2702872546668812e-05,0.30034158639713177,-0.2033014690590324,rejected,0.0,0.8388994073620404
ear q1 & mom_12_1 q2,3.898834157875234e-05,-0.10777145934129405,0.39356603854759975,rejected,0.0,0.6939014589732231
log_dv q0 & range_compress q3,7.517160248534379e-05,0.4629949497847512,-0.03527027468087418,rejected,0.0,0.9718642259453618
ear_volsurge q4 & mom_12_1 q1,-3.371985312932907e-05,-0.31898327796803905,0.17206015465025937,rejected,0.0,0.8633902375149638
days_since_earn q2 & gap_today q0,-8.086665322510475e-05,-0.3529083647857476,-0.13672340967873858,rejected,0.014259135745894304,0.89124942504692
log_dv q4 & r5_nonews q4,-1.4997942938018974e-05,-0.2647872685920613,0.22319618661982177,rejected,0.0,0.8233828197262256
days_since_earn q1 & range_compress q0,3.567930329644622e-05,-0.05816916388743141,0.42528548874071703,rejected,0.0,0.670628570718585
dist_ma200 q1 & vol_surge5 q3,1.4837111317873932e-05,-0.17396763533418788,0.3088860482011378,rejected,0.0,0.7574082101250109
days_since_earn q1 & overnight20 q3,8.223391868026624e-05,0.4242750536772777,0.05373996507158454,rejected,0.003873308142480667,0.9571423412678178
intraday20 q4 & vol_surge1 q3,-1.6500841542724315e-05,-0.2888431802881693,0.18909315380401298,rejected,0.0,0.85001980716538
ear q1 & r20 q1,-1.981966137140481e-06,0.19374444848101477,-0.2777008345794842,rejected,0.0,0.7812420198848148
r5_nonews q1 & r60 q4,5.991713972111863e-05,0.06604191720613602,0.4007695394170452,rejected,0.01693689731842421,0.6885898072826548
intraday20 q1 & r1 q0,6.887098059347671e-05,0.4548408748008528,-0.003273811993223505,rejected,0.0,0.9973878806216849
dist_ma200 q1 & rel_ind60 q1,-7.813291423682256e-05,-0.1399382467780136,-0.3161070419339716,rejected,0.015633418829002464,0.7519212619053068
intraday20 q2 & r20 q3,7.521448370512023e-05,0.3618886558607925,0.09181688229875228,rejected,0.010849911665705661,0.9268435305868593
ind_mom60 q1 & overnight20 q3,7.825635897185766e-05,0.16733702181044538,0.28506019243852637,rejected,0.014865336576956996,0.7755980271080234
days_since_earn q1 & news5 q1,-7.61793781671886e-05,-0.37621744587983863,-0.0710210702386733,rejected,0.008072121097985092,0.9433809862069971
log_dv q1 & vol_ratio q4,1.4606253637551209e-05,-0.1541429666343049,0.2924123674269291,rejected,0.0,0.769971353414091
vol20 q1 & vol_surge5 q0,-8.548644125904103e-05,-0.38544024326833976,-0.05737810817708257,rejected,0.0057809770642018,0.9542440014109848
days_to_earn q2 & log_dv q0,-7.784787458569044e-05,-0.30276938357317007,-0.13976754969383115,rejected,0.012302511927478136,0.888843653171209
gap_today q3 & range_compress q2,-7.867180013759735e-05,-0.18978715150243158,-0.2515810237870728,rejected,0.010947552913671348,0.8013649277632089
mom_12_1 q0 & r20 q1,-3.900562795473622e-05,-0.32918438593465255,0.1090832879129372,rejected,0.0,0.9131364300964948
ear_volsurge q1 & max20 q2,7.737602792652859e-05,0.2514120360339462,0.1856088138995768,rejected,0.011310885623383499,0.8527515411846572
r5_news q4 & vol20 q0,1.5169962365908375e-05,0.24136514758720182,-0.19266504403830573,rejected,0.0,0.8472213013063413
ins_buyers30 q2 & rel_ind20 q1,-7.437243918387727e-05,-0.40246170934623665,0.028951062166824287,rejected,0.0,0.9769036209488857
frog q3 & rel_ind60 q3,-8.865787884479337e-05,-0.388855069026348,-0.04221028233352633,rejected,0.0036103773668271968,0.9663310657502546
gap_today q4 & vol20 q0,4.8037313766349824e-05,0.01778125209639129,0.40959310978375485,rejected,0.016621647087121813,0.6821044521746201
r120 q1 & r5_nonews q0,-2.489176813964434e-05,0.09648300821007716,-0.33073398796312364,rejected,0.0,0.7408454270317745
ind_mom20 q4 & log_dv q0,-1.893809498441593e-05,0.1313993658250208,-0.28895862679278284,rejected,0.0,0.7726130386189496
earn_in_week q1 & r5 q1,-2.010923387082822e-05,-0.24874803779280655,0.16512936050316665,rejected,0.0,0.8688421638859415
dist_52wh q2 & range_compress q0,-4.186820659882392e-05,-0.30153516047705464,-0.11060172918098324,rejected,0.013912321554827606,0.9119321762131214
r1 q3 & range_compress q4,7.410008396536985e-05,0.2118521109631133,0.1970274149413046,rejected,0.009535317782030516,0.8438060842434444
mom_12_1 q0 & r1 q2,2.208545094719596e-05,0.2622825418864114,-0.14523775631225147,rejected,0.0,0.8845231567344917
ear q4 & r5 q0,1.0380085713126493e-05,0.20847674941865738,-0.191611238997313,rejected,0.0,0.8480467381977238
r5_nonews q4 & vol_surge1 q2,-6.0506392736015306e-05,-0.39445658206461426,0.003395036777321952,rejected,0.0,0.9972911577758279
atr_pct q0 & rel_ind20 q4,6.477428588813939e-05,0.23447837586249096,0.15893828608412003,rejected,0.01204699283042272,0.8737174961422568
r120 q3 & skew60 q0,-6.120658198448159e-05,-0.34616832806855913,-0.04717918335251696,rejected,0.004209902157736999,0.9623704183223131
days_to_earn q3 & overnight20 q3,5.119807632340357e-05,0.3633774581452199,-0.029813262641960752,rejected,0.0,0.9762159814103691
min20 q4 & range_compress q1,6.728591378179419e-05,0.18397993290595877,0.2081544581585376,rejected,0.006968229599303815,0.835108366806381
log_dv q2 & rel_ind20 q0,-4.649924609764813e-05,-0.35352131997326547,0.029751266419899027,rejected,0.0,0.976265425305955
log_dv q3 & news5 q1,-3.0478656566841787e-05,0.036285105848178414,-0.34444569146288573,rejected,0.0,0.7305111318390469
days_to_earn q1 & dist_ma50 q3,7.858795506857238e-05,0.36191671859483115,0.018377312662331093,rejected,0.0018780719675977131,0.985337851259538
vol20 q0 & vol_surge1 q3,5.851517111431338e-05,0.01850305169301238,0.3593098008584438,rejected,0.01836321232078209,0.7193633432098157
atr_pct q0 & r5_news q4,-5.409521366850394e-05,-0.3076177549444146,-0.06283565521722799,rejected,0.004927210396219039,0.9498973731985692
ear_volsurge q3 & vol20 q2,1.771366501753827e-05,0.20314146665569108,-0.16453082278029602,rejected,0.0,0.8693132842942508
atr_pct q0 & days_to_earn q1,6.458846473456241e-05,0.19304939623384743,0.1637111656072347,rejected,0.009901348612165262,0.8699585272625838
log_dv q3 & skew60 q1,-5.875636696596367e-05,-0.1812128855298287,-0.17077433665934227,rejected,0.009363333620216263,0.8644012089940742
log_dv q1 & r60 q3,-1.2373159807720134e-05,0.1106386875130684,-0.23601949457036547,rejected,0.0,0.8134175429763066
ind_mom60 q0 & range_compress q3,-3.650541626961287e-06,0.1279687473359968,-0.218463143837229,rejected,0.0,0.8270682717317307
days_to_earn q3 & mom_12_1 q0,6.510560860701615e-06,0.18063049581582571,-0.16540720003345805,rejected,0.0,0.868623486928671
range_compress q1 & rel_ind20 q3,-5.581549135501247e-05,-0.18196651059777855,-0.1507806466110604,rejected,0.0104801352721143,0.8801487534749404
earn_in_week q1 & min20 q4,2.991395832125775e-05,0.08680588881111151,0.219532317257262,rejected,0.00699978314175241,0.8262354082649603
overnight20 q3 & range_compress q2,-4.792601016313445e-05,-0.057547061332518155,-0.24273059526676308,rejected,0.01142228176343272,0.8082141045237247
frog q3 & r20 q3,-1.3817805720037196e-05,0.10923830146779905,-0.1904294129856678,rejected,0.0,0.8489726511235808
ear_volsurge q0 & log_dv q3,-1.8998384987745707e-06,0.0974172871397744,-0.1966523443047555,rejected,0.0,0.8440996054952898
gap_today q0 & ind_mom60 q0,3.887141966270164e-05,0.19998108233598905,0.09297886730003595,rejected,0.010256131167339939,0.9259203499352257
days_to_earn q2 & mom_12_1 q2,3.0081092286732312e-05,0.20527500069777427,-0.08520695739636641,rejected,0.0,0.9320968594969057
atr_pct q1 & days_since_earn q3,4.654171494358213e-05,0.07449846248793741,0.20368237528457764,rejected,0.007328525715839828,0.8386017159624695
mom_12_1 q4 & r20 q0,2.3592853136953427e-05,0.23084097394123176,-0.04487651798997696,rejected,0.0,0.9642057339128045
overnight20 q3 & r60 q3,4.990360028193453e-05,0.18362346592310944,0.08878233964873887,rejected,0.0075964765256632425,0.9292548931777983
min20 q4 & vol_ratio q4,4.1984856210509214e-05,0.26793470106590217,0.0013478669456628114,rejected,0.0,0.9989245580996732
frog q3 & range_compress q0,2.568586854924687e-05,0.002069378714651568,0.26451784809588685,rejected,0.010755434201921675,0.7913809136524524
days_to_earn q2 & dist_52wh q2,8.098656334678593e-06,0.13329659134880464,-0.1260139817635041,rejected,0.0,0.8997208569564417
ear_volsurge q0 & range_compress q0,-1.5854585543463377e-05,-0.08001580721996646,-0.168293208361692,rejected,0.009333770515123017,0.8663526166044898
gap_today q0 & intraday20 q2,8.82321472023428e-06,-0.08711870228568351,0.15372584096115993,rejected,0.0,0.877825908823696
dist_ma50 q3 & log_dv q4,4.119203136774758e-05,0.09794115326356595,0.1370500510491148,rejected,0.011715130633843515,0.8909912333044164
days_to_earn q3 & log_dv q3,-3.6581873280841006e-05,-0.100153917024148,-0.1348306621291625,rejected,0.012298302287411805,0.8927457623176038
days_to_earn q0 & ev_red_flag q2,2.5262609269888823e-05,-0.0225888119466579,0.21127081440009707,rejected,0.0,0.8326759556431953
dist_52wh q2 & rel_ind20 q4,3.0150551442170645e-05,0.13395982144529123,0.09586087065904159,rejected,0.010668498076598832,0.9236310721009502
dist_ma50 q3 & mom_12_1 q3,4.1812353099477356e-05,0.14044123572420056,0.0775460129499805,rejected,0.006073416508758811,0.938189188406495
mom_12_1 q2 & r20 q4,3.251176295343707e-05,0.18126415895037,-0.036586596435900946,rejected,0.0,0.9708146308705726
ear q1 & news5 q4,-2.6338638105692513e-05,-0.05809649332221588,-0.1509604384991048,rejected,0.008924918742384515,0.8800069236830194
ind_mom60 q0 & r5_news q4,1.2236906684965339e-05,0.1543606844545775,-0.04318418692575057,rejected,0.0,0.9655547103345683
gap_today q3 & vol20 q0,5.510519818757738e-06,-0.06473231985978502,0.1248260669969073,rejected,0.0,0.9006612503112402
ind_mom20 q1 & max20 q3,2.2904620620476532e-05,0.03865384533779132,0.13724476638755517,rejected,0.010883412346039992,0.8908373272116649
ind_mom60 q1 & log_dv q3,3.087170191385917e-05,0.1624611000765031,0.0005241251830492439,rejected,0.0,0.9995818086276638
days_to_earn q2 & log_dv q4,1.728282855687783e-06,-0.06573342606067557,0.09113462639132061,rejected,0.0,0.927385619231794
log_dv q4 & range_compress q2,2.451514218208451e-05,0.07603604447642125,0.07364184198811537,rejected,0.006025040832970487,0.9412953764160984
skew60 q3 & vol_ratio q2,2.3980280443310024e-05,0.08510340919787719,0.06184385688489798,rejected,0.00488146660574004,0.9506871775643424
ear q2 & skew60 q1,-2.7981855109095083e-05,-0.09815461627915138,-0.04826027170345988,rejected,0.003982411642676833,0.9615088162270891
days_to_earn q3 & frog q4,-2.121369595141111e-05,0.00045390038999545686,-0.14462901562169522,rejected,0.0,0.885003786939859
gap_today q0 & rel_ind60 q1,-1.0297376036629608e-05,-0.04110542134484674,-0.023215562445791878,rejected,0.001899493626573325,0.981478324916647
dist_52wh q3 & range_compress q0,1.6672881659834182e-06,0.012787540059793634,0.0005543505620880007,rejected,0.0,0.9995576922678915
ear_volsurge q0 & news5 q1 unless atr_pct q0,-0.0005910492044646577,-0.9788026436388569,-4.439205881367337,discarded,0.8244105851393037,9.029141281102363e-06
ear_volsurge q0 & news5 q1 unless dist_52wh q4,-0.0006350215118642278,-1.0910230209340626,-4.306160739694558,rejected,0.3759927198430911,1.6611237231400344e-05
ind_mom60 q0 & log_dv q4 unless vol_ratio q0,-0.0004156961649845743,1.0494909308196998,-3.9523247477040218,rejected,0.0,7.739560843851158e-05
ind_mom60 q0 & log_dv q4 unless close_loc q0,-0.0002986184498537928,1.0759341189245621,-3.8331813191563726,rejected,0.0,0.0001264966431895887
ear_volsurge q0 & news5 q1 unless days_to_earn q0,-0.0004672153623621661,-0.7049165281253474,-4.04502439920206,rejected,0.0,5.231767501015153e-05
ind_mom60 q0 & log_dv q4 unless r5_news q0,-0.0003841578536675475,0.7925920616487963,-3.855334948209957,rejected,0.0,0.00011557128327984454
ind_mom60 q0 & log_dv q4 unless frog q0,-0.0003257158454317468,0.9801029253441017,-3.5456153510617563,rejected,0.0,0.0003916975097584888
ind_mom60 q0 & log_dv q4 unless ind_mom20 q0,-8.064025202158416e-05,1.9496599312298803,-2.567097998959493,rejected,0.0,0.01025536244663181
ind_mom60 q0 & log_dv q4 unless r120 q0,-0.00017270400211564645,1.522156192069832,-2.9813713374484303,rejected,0.0,0.00286960600092731
mom_12_1 q0 & rel_ind20 q4 unless intraday20 q0,-0.0005726919170718343,-0.8077550864937731,-3.6532026798306343,rejected,0.0,0.0002589896394833833
ind_mom60 q0 & log_dv q4 unless ev_offering q4,-0.00039208473283781485,0.7263575121731004,-3.7102475026096498,rejected,0.0,0.00020705671979133066
mom_12_1 q0 & rel_ind20 q4 unless r120 q4,-0.0003280831475273665,0.6973347765739645,-3.685078847029602,rejected,0.0,0.00022863185052015555
days_to_earn q2 & range_compress q0 unless r60 q0,-0.0004852139275026254,-0.7764728587039808,-3.5510991306737303,rejected,0.0,0.00038362589570799645
ind_mom60 q0 & log_dv q4 unless r5_news q4,-0.00033686312505004596,0.8273928484738908,-3.4960524907866994,rejected,0.0,0.00047219580193620203
ind_mom60 q0 & log_dv q4 unless frog q4,-0.0003583526454695837,0.6627650754389487,-3.6339106091862154,rejected,0.0,0.00027915761413490096
ear_volsurge q0 & news5 q1 unless frog q4,-0.00048374109365002257,-0.5293888114981754,-3.6872292372112345,rejected,0.0,0.0002267091132235436
ear_volsurge q0 & news5 q1 unless days_to_earn q4,-0.00046741386622810847,-0.3212326083497459,-3.891529451706557,rejected,0.0,9.961429443984062e-05
ear_volsurge q0 & news5 q1 unless ev_offering q4,-0.00045714000581190497,-0.32833983619585155,-3.8066992186170485,rejected,0.0,0.00014083385344958535
ear_volsurge q0 & news5 q1 unless ins_officer30 q4,-0.00045401788756988133,-0.2939229157720383,-3.833615075651351,rejected,0.0,0.0001262736867378002
ind_mom60 q0 & log_dv q4 unless ind_mom20 q4,-0.0004126291826305828,0.48458105120372463,-3.63792455707664,rejected,0.0,0.0002748439009436772
ind_mom60 q0 & log_dv q4 unless dist_ma50 q4,-0.0004257140078356314,0.4281236378201097,-3.687567875294382,rejected,0.0,0.0002264077121446017
days_to_earn q2 & range_compress q0 unless gap_today q0,-0.00043277017150972766,-0.19270775530003392,-3.871607384903071,rejected,0.0,0.0001081200056000792
ind_mom60 q0 & log_dv q4 unless vol_surge5 q0,-0.0003668015808048729,0.5702947660727389,-3.481212857450646,rejected,0.0,0.000499148650286097
ear_volsurge q0 & news5 q1 unless ev_agreement q4,-0.0004496185505962778,-0.2945277177476615,-3.7527486617567143,rejected,0.0,0.00017490619571709735
ear_volsurge q0 & news5 q1 unless ins_opportunistic30 q4,-0.0004356595828564892,-0.19827331644639407,-3.846629171428532,rejected,0.0,0.0001197540084594081
ind_mom60 q0 & log_dv q4 unless vol_surge1 q4,-0.0002446442176697927,1.002434256974111,-3.0382821020864674,rejected,0.0,0.0023793110496430924
ear_volsurge q0 & news5 q1 unless rel_ind20 q0,-0.0003742368416918355,-0.2714364061472085,-3.7240921081525267,rejected,0.0,0.0001960193554879921
days_to_earn q2 & range_compress q0 unless overnight20 q4,-0.00045135005768893815,-0.5465855509878753,-3.430252984055829,rejected,0.0,0.0006030187405481744
ind_mom60 q0 & log_dv q4 unless vol_surge5 q4,-0.00025958256146040167,0.8744054464448902,-3.0502323764555297,rejected,0.0,0.0022866436913415965
mom_12_1 q0 & rel_ind20 q4 unless vol20 q0,-0.0004517243585809036,-0.44601781403232077,-3.4781256832390866,rejected,0.0,0.0005049331125328456
mom_12_1 q0 & rel_ind20 q4 unless ev_red_flag q4,-0.0005097803134781848,-0.6004164365326313,-3.3089057420670906,rejected,0.0,0.0009366136364276333
ind_mom60 q0 & log_dv q4 unless r120 q4,-0.0003701832389268879,0.5742599061023276,-3.327912174061165,rejected,0.0,0.0008749944643557411
ear_volsurge q0 & news5 q1 unless overnight20 q4,-0.00022769673215616168,0.7186244165347947,-3.1687952655098486,rejected,0.0,0.0015307217994846077
ind_mom60 q0 & log_dv q4 unless vol_surge1 q0,-0.0002971034404703212,0.7472452708272336,-3.1334413833075976,rejected,0.0,0.0017276942267037028
mom_12_1 q0 & rel_ind20 q4 unless r5_news q0,-0.00044987417281788154,-0.2975516224059082,-3.5590130902941426,rejected,0.0,0.0003722509798903248
ear_volsurge q0 & news5 q1 unless r20 q0,-0.00043124904806824115,-1.0436533741116205,-2.801447875152453,rejected,0.0,0.005087385896574759
ind_mom60 q0 & log_dv q4 unless dist_52wh q4,-0.00038371037511984474,0.40915729473090573,-3.434993497902621,rejected,0.0,0.0005925680463988222
mom_12_1 q0 & rel_ind20 q4 unless days_since_earn q4,-0.00040191580290107394,-0.5767466600075941,-3.2638184714297713,rejected,0.0,0.0010992156874529721
ear_volsurge q0 & news5 q1 unless vol_surge5 q0,-0.0004731949035859484,-0.5675160017510346,-3.270911139184335,rejected,0.0,0.0010720158944926028
mom_12_1 q0 & rel_ind20 q4 unless rel_ind60 q0,-0.00042889201204554794,-0.4630943149051458,-3.3230067342615537,rejected,0.0,0.0008905276457887181
ear_volsurge q0 & news5 q1 unless r60 q0,-0.00038318060040098896,-0.4488502896073942,-3.262995256498911,rejected,0.0,0.0011024136505082248
mom_12_1 q0 & rel_ind20 q4 unless r5_news q4,-0.0003098975076426688,0.36490995830706136,-3.332276293158901,rejected,0.0,0.0008613869183912961
ind_mom60 q0 & log_dv q4 unless ear_volsurge q0,-0.00048182170262983084,0.06336832720816316,-3.6309938258818333,rejected,0.0,0.0002823319393967509
days_to_earn q2 & range_compress q0 unless r1 q0,-0.00045730594897472446,-0.3450071493705002,-3.3481750570465847,rejected,0.0,0.0008134561098898
mom_12_1 q0 & rel_ind20 q4 unless close_loc q4,-0.0003668150219314984,-0.08499299698082936,-3.5728520071061136,rejected,0.0,0.0003531143436539208
days_to_earn q2 & range_compress q0 unless r5_news q0,-0.00043518614512724904,0.04407320760090546,-3.5804858232977033,rejected,0.0,0.0003429559515522492
ind_mom60 q0 & log_dv q4 unless close_loc q4,-0.0002740337379560545,0.7063891041830502,-2.9152385277225106,rejected,0.0,0.0035541678670320915
mom_12_1 q0 & rel_ind20 q4 unless ev_offering q4,-0.00041784025940869293,-0.22969735487674095,-3.380916329518259,rejected,0.0,0.00072244538116896
mom_12_1 q0 & rel_ind20 q4 unless days_since_earn q0,-0.00024288794317649657,0.4739466364069923,-3.1062778852170974,rejected,0.0,0.0018945858143935112
mom_12_1 q0 & rel_ind20 q4 unless ev_agreement q4,-0.00040316470763209183,-0.18077019903414762,-3.3918145517126543,rejected,0.0,0.0006943141622634415
days_to_earn q2 & range_compress q0 unless r20 q0,-0.0004153292280837156,-0.2156964554060061,-3.350256867782937,rejected,0.0,0.0008073665241812366
days_to_earn q2 & range_compress q0 unless news5 q4,-0.00043295628959784437,-0.005391645955643126,-3.536112051300243,rejected,0.0,0.00040606242150784084
ind_mom60 q0 & log_dv q4 unless dist_52wh q0,-0.00012243658923504603,1.1145246631271164,-2.423729915259611,rejected,0.0,0.015362025687043805
ind_mom60 q0 & log_dv q4 unless gap_today q0,-0.00034197281122654683,0.31173421560847053,-3.2212244781341943,rejected,0.0,0.0012764412759017224
mom_12_1 q0 & rel_ind20 q4 unless close_loc q0,-0.00042302927134179935,-0.8015821145917967,-2.729687068598569,rejected,0.0,0.006339447034230936
days_to_earn q2 & range_compress q0 unless r5_news q4,-0.00043923222804794897,-0.10291860365199232,-3.3769848406990253,rejected,0.0,0.0007328508893171855
days_to_earn q2 & range_compress q0 unless earn_in_week q4,-0.00043393509805598205,-0.06344986701824226,-3.3960667259424886,rejected,0.0,0.0006836169223454103
ind_mom60 q0 & log_dv q4 unless ins_value30 q4,-0.0003588485174633533,0.3577954583593769,-3.1001143799384243,rejected,0.0,0.0019344592417887357
mom_12_1 q0 & rel_ind20 q4 unless r5_nonews q4,-0.0003228554675161802,-0.050270563988334196,-3.394827659788042,rejected,0.0,0.0006867181305369107
days_to_earn q2 & range_compress q0 unless ev_offering q4,-0.0004349029485223829,-0.01186224907526505,-3.421762707527023,rejected,0.0,0.0006221658711760323
mom_12_1 q0 & rel_ind20 q4 unless frog q4,-0.0002899860547438226,0.32662388584403285,-3.0822751381975793,rejected,0.0,0.002054248674106599
days_to_earn q2 & range_compress q0 unless ev_red_flag q4,-0.0004161712246596826,0.04302256866322472,-3.3600374705790075,rejected,0.0,0.0007793190196518175
mom_12_1 q0 & rel_ind20 q4 unless ear_volsurge q4,-0.00035608361232228927,-0.37036154025372825,-3.0007421022675014,rejected,0.0,0.002693225610987291
mom_12_1 q0 & rel_ind20 q4 unless ear_volsurge q0,-0.00037550475176302035,-0.4180979075753996,-2.9374207337542524,rejected,0.0,0.003309547651629761
ind_mom60 q0 & log_dv q4 unless ear_volsurge q4,-0.0003258378389994678,0.43390255552571705,-2.882041560358203,rejected,0.0,0.0039510761586079675
mom_12_1 q0 & rel_ind20 q4 unless range_compress q4,-0.0003461455148601723,0.035255930100344945,-3.240694685043077,rejected,0.0,0.0011923881919980817
days_to_earn q2 & range_compress q0 unless dist_ma200 q4,-0.00029832702029117367,0.2045531911274379,-3.063414538876436,rejected,0.0,0.002188266980420769
ind_mom60 q0 & log_dv q4 unless vol_ratio q4,-0.0002669128723618811,0.45098550393366726,-2.755155085743409,rejected,0.0,0.005866432129491528
days_to_earn q2 & range_compress q0 unless frog q4,-0.00036096316958657477,-0.12477541919498357,-3.0659980275264767,rejected,0.0,0.0021694474603160823
days_to_earn q2 & range_compress q0 unless mom_12_1 q4,-0.00035529829940591893,-0.009411243545709925,-3.180833440341357,rejected,0.0,0.001468520337894475
ind_mom60 q0 & log_dv q4 unless dist_ma50 q0,-0.00015305886283998717,0.9351898051198412,-2.2533777217868054,rejected,0.0,0.024235342993455984
mom_12_1 q0 & rel_ind20 q4 unless rel_ind60 q4,-0.00020608001932285409,0.2441493710163578,-2.914079733541433,rejected,0.0,0.0035673877950200203
mom_12_1 q0 & rel_ind20 q4 unless frog q0,-0.00038323401171759774,-0.7840854889845811,-2.3249592412478854,rejected,0.0,0.020074139741150968
days_to_earn q2 & range_compress q0 unless close_loc q4,-0.0003403396226353675,0.08460999999451266,-3.0226319728169244,rejected,0.0,0.0025058679091573472
days_to_earn q2 & range_compress q0 unless r5 q0,-0.00037214760937408843,-0.7251349378435766,-2.2382278830874536,rejected,0.0,0.025206198226890155
days_to_earn q2 & range_compress q0 unless frog q0,-0.0002983854168572467,0.1685971358931486,-2.7785673660724193,rejected,0.0,0.005459919057560497
mom_12_1 q0 & rel_ind20 q4 unless r5_nonews q0,-0.00034678144897076107,-0.5221603059452665,-2.383230312258005,rejected,0.0,0.01716145378637314
days_to_earn q2 & range_compress q0 unless overnight20 q0,-0.00033075945144620645,-0.2276205189501105,-2.62520199620992,rejected,0.0,0.008659757615747745
days_to_earn q2 & range_compress q0 unless close_loc q0,-0.0002754310495799252,0.1317180237717525,-2.695588900733073,rejected,0.0,0.007026432515824552
ind_mom60 q0 & log_dv q4 unless gap_today q4,-0.0001084618862588281,0.909278567328522,-1.8676140078847157,rejected,0.0,0.061815892487222385
ear_volsurge q0 & news5 q1 unless r120 q4,-0.00013852716891632174,0.5667526278610494,-2.195773507785424,rejected,0.0,0.028108158760272058
days_to_earn q2 & range_compress q0 unless r20 q4,-0.0003031015072790883,-0.7044986907143397,-2.0335721013664267,rejected,0.0,0.041994757092958024
days_to_earn q2 & range_compress q0 unless dist_ma200 q0,-0.0003014420114078635,-0.32286225548877473,-2.383466172985182,rejected,0.0,0.01715046059926466
ear_volsurge q0 & news5 q1 unless vol_surge5 q4,-0.0003079493484289856,-0.5386831675206528,-2.163061068726381,rejected,0.0,0.030536482926290513
ear_volsurge q0 & news5 q1 unless r120 q0,-0.00025104956663231874,0.08661673048620704,-2.56470526504858,rejected,0.0,0.010326347992271123
ear_volsurge q0 & news5 q1 unless frog q0,-0.00018703815649192981,0.14307771292367846,-2.480577968679927,rejected,0.0,0.01311695733449977
ear_volsurge q0 & news5 q1 unless overnight20 q0,-0.00026303848241012427,-0.27738494337051267,-2.336511536916323,rejected,0.0,0.019464597030068802
days_to_earn q2 & range_compress q0 unless mom_12_1 q0,-0.00030167494488712746,-1.0597785393129855,-1.5305571214551443,rejected,0.049178493317965616,0.1258788858810723
days_to_earn q2 & range_compress q0 unless r60 q4,-9.172818088170054e-05,0.7513541402543839,-1.767889689396059,rejected,0.0,0.07707934683149312
days_to_earn q2 & range_compress q0 unless r5 q4,-0.00018377527964571924,0.3165533206742097,-2.200535902030494,rejected,0.0,0.02776889562089849
mom_12_1 q0 & rel_ind20 q4 unless range_compress q0,-0.00030746197981410564,-1.5065667572342931,-0.873060683243206,rejected,0.029645058865284783,0.3826300024705899
ear_volsurge q0 & news5 q1 unless rel_ind20 q4,-0.00022926509449993694,-0.07307029816933099,-2.156635058921823,rejected,0.0,0.031034110617368327
days_to_earn q2 & range_compress q0 unless gap_today q4,-0.00023225958418789455,0.023618886252331325,-2.045653914614584,rejected,0.0,0.04079043294076913
mom_12_1 q0 & rel_ind20 q4 unless r120 q0,-0.00019722349464257913,-0.9213477054453717,-1.09877038210716,rejected,0.013359661663327384,0.2718682341129758
ear_volsurge q0 & news5 q1 unless dist_52wh q0,-0.00019173534430438346,-0.36276945060248256,-1.4288948495810954,rejected,0.028563031759773996,0.1530344580058107
ear_volsurge q0 & news5 q1 unless r20 q4,-0.00016174295148207272,0.08009727216098692,-1.706999113701811,rejected,0.0,0.08782221713056683
mom_12_1 q0 & rel_ind20 q4 unless vol20 q4,-6.993674912986295e-05,0.25379673564251526,-1.147777581974478,rejected,0.0,0.25106039418864007
ear_volsurge q0 & news5 q1 unless r60 q4,-9.502362780199347e-05,0.17567120143689752,-1.0238097392058152,rejected,0.0,0.3059251493665608
mom_12_1 q0 & rel_ind20 q4 unless intraday20 q4,-6.89189345581008e-05,-0.15024292520761193,-0.840410650311855,rejected,0.015394199198579954,0.4006781796874502
ear_volsurge q0 & news5 q1 unless atr_pct q4,-6.435461831092817e-05,-0.011393892945737437,-0.6149730087487423,rejected,0.007944134412774417,0.5385725456978402
