key_named,effect,t_conf,t_disc,status,p_real,p_coincidence
ear q2,-0.0010541941122866963,-2.88341643329657,-2.7896797345332813,rejected,0.23481721952349957,0.005276020285400956
vol20 q2,0.0009662136322928674,2.8971474958219985,1.5762916635393895,rejected,0.19511602909945094,0.11495860197321758
vol_surge5 q3,0.0007211949154717174,1.9258237540745526,1.8123789006459736,rejected,0.19481833517925853,0.06992767072148054
ear_volsurge q3,0.0007371788426942218,2.1601236234314554,1.337634973790119,rejected,0.12246590503581252,0.18101545779518866
ev_offering q2,3.423869210809583e-05,-0.21734388683708375,3.1614743183353466,rejected,0.0,0.001569726597113071
ear q4,0.0007399515891424726,2.142221441205644,1.21089906422166,rejected,0.0917803883420564,0.22593409131634098
skew60 q2,0.00038234877129380776,1.9991858561064355,-1.3009825604548915,rejected,0.0,0.1932644242068869
ins_opportunistic30 q2,4.347774765495277e-05,1.9278968936044936,-1.361637230848998,rejected,0.0,0.17331239949228594
skew60 q4,-0.0006479262158678587,-1.8264639373390419,-1.3285986124008569,rejected,0.11903966714230213,0.18398043010029058
skew60 q0,-0.0002745276122198493,-1.4462338494549039,1.6972657547190437,rejected,0.0,0.08964642852425543
r120 q2,0.0002223312393884402,1.2547484966333653,-1.8300054067333373,rejected,0.0,0.06724913036076953
r1 q4,-0.0004210540859685991,-0.9402822092473306,-2.08673067073632,rejected,0.24530199277117593,0.03691248717656351
vol_surge5 q0,-0.0006715651689815553,-1.9920084252589756,-1.0305714414204352,rejected,0.039362023977443664,0.30274183418653616
ins_opportunistic30 q4,-0.00016189628500267678,-1.7204752735033335,1.2350393301279956,rejected,0.0,0.2168158669913025
min20 q2,0.0005266370222553277,1.3729035197126982,1.5312001572251286,rejected,0.13203047245795801,0.12571993196585052
vol_surge5 q2,0.0004885916141876482,1.1917102651217766,1.7105438967348168,rejected,0.18156980485921445,0.08716534336824013
frog q2,-0.00042418164777390275,-0.7696409953820919,-2.131635528648396,rejected,0.24677378108663692,0.03303682064156064
ind_mom20 q0,-9.87694733564081e-05,-1.0286162013231896,1.8693962190847584,rejected,0.0,0.0615677102218964
ear_volsurge q0,-0.0006593191530083955,-1.989828394258047,-0.8508346006339338,rejected,0.058923188417138984,0.39486123812369217
earn_in_week q1,-0.00037118732259542545,-0.7012885870312959,-2.139199648591771,rejected,0.24093625859208753,0.032419502645241405
ev_offering q4,-0.00012836173004858323,0.16403838974127055,-2.6649457539283503,rejected,0.0,0.007700074247746199
r5_nonews q3,0.00022756726529352708,1.3785772688554305,-1.442890300595025,rejected,0.0,0.1490513758982547
vol_surge1 q0,-0.0005900180464500815,-1.7957920008865877,-0.9931705694129359,rejected,0.03885951957851611,0.3206268380955921
r20 q1,0.00015873036613596402,-0.25874335236337015,2.5232544459504043,rejected,0.0,0.011627423454099284
vol_surge1 q2,-5.898514742261232e-05,-0.8774563966800328,1.8760185866659222,rejected,0.0,0.06065272771608752
gap_today q0,-0.00022026184526104727,-1.3330334893397842,1.3614783211078343,rejected,0.0,0.17336257992855536
vol_ratio q3,0.00024114002022445756,1.37437754969308,-1.3194812672725922,rejected,0.0,0.18700826870108045
intraday20 q1,0.000557426751231314,1.6258827385586583,1.019913750390796,rejected,0.03976532732747728,0.3077693676211586
days_since_earn q4,-0.0006474831348106907,-2.2537483279252886,-0.3796173120807839,rejected,0.04330396323553804,0.704229508012434
rel_ind60 q1,0.0004399987432958822,1.9144888430073754,-0.7153070376332092,rejected,0.0,0.4744193408487542
ear q0,0.00012339690685875504,-0.316025410256028,2.30274187798902,rejected,0.0,0.021293370453801492
dist_ma200 q2,-0.00012103653821255461,0.3147100144856592,-2.2915750450178423,rejected,0.0,0.021930176858667664
r1 q1,0.00031881570128127444,0.4176402685893506,2.1644659583898247,rejected,0.2099104538730876,0.03042860646168685
r5 q1,0.00045379210214561354,1.0953879294733582,1.4773750628515097,rejected,0.11954938855410142,0.13957512692093058
vol_surge1 q1,0.0005157747290545997,1.5042291055356471,1.0559997657787557,rejected,0.042042406984542695,0.2909683218709316
r5_news q2,0.00018434440296435334,1.302313009524762,1.213026141750547,rejected,0.08590179289277068,0.22511982594276447
dist_ma200 q0,-0.0002837065442194797,-1.621993843637613,0.8547750726478672,rejected,0.0,0.39267568062786123
r5_nonews q4,-0.0005780719632376852,-1.9735318981929975,-0.4479866033680171,rejected,0.041478977254767166,0.65416286500828
atr_pct q3,0.00037380248069402577,0.7335440963018901,1.6849117779123406,rejected,0.1536961149938002,0.09200559386198959
r5_news q0,-0.00022508204809432384,-0.8603867654533732,-1.5477727472909548,rejected,0.13834520893334953,0.12167702011855619
atr_pct q2,0.0006171677864045922,2.07863417768034,0.3268620068410136,rejected,0.048490044587857634,0.7437722581922637
ind_mom20 q1,4.311437661409098e-05,0.6917509542173699,-1.677156703378214,rejected,0.0,0.09351184303819937
r60 q4,-0.00031866365005883923,-0.8451778939794666,-1.5185694449834515,rejected,0.11196119468152853,0.1288709070517604
rel_ind60 q0,-9.778922292875969e-05,-0.8409409642384799,1.5149232437659657,rejected,0.0,0.12979184326293877
close_loc q4,-0.00023153265426716468,0.031836436398563185,-2.3223791660091533,rejected,0.0,0.020212528168664232
ear_volsurge q2,-0.0004158694486752871,-1.1543481389123318,-1.197571371110486,rejected,0.07387514109554993,0.23108392700323035
dist_ma50 q1,0.0005034837414162707,1.4351152228572144,0.9162283048076807,rejected,0.06260418669163735,0.35954716269310055
r1 q3,0.0003266838088228854,1.4589915635358262,-0.8893213042480642,rejected,0.0,0.3738304250773876
frog q1,0.00030669657530993285,0.3387803764863717,2.003942373450223,rejected,0.17477750706797576,0.045076233772956435
ear q3,0.0004874798555557007,1.3948456713032722,0.9316896587741778,rejected,0.05692261882053287,0.3514969323257773
r60 q3,0.00043449432581347397,1.1598682402149594,1.1393993342108644,rejected,0.0577555384473908,0.254536633535633
news5 q2,0.0001557395460972317,1.391793024307167,0.8912344089150307,rejected,0.04514886236066526,0.3728034284086592
ev_shelf q2,7.783480447305421e-05,1.097774859493034,1.177508369894864,rejected,0.07176839899338763,0.23899265879329035
ev_red_flag q2,8.508698623413753e-05,0.9576618638677977,1.3162680795040194,rejected,0.10183564519121989,0.18808408062614437
vol20 q4,-0.00035660663058410103,-1.5797193352634018,-0.6656170834850861,rejected,0.0694409666142079,0.5056558841412706
frog q3,0.00016516062026447162,1.030410779839401,-1.207230936392691,rejected,0.0,0.2273432195262891
min20 q0,-0.0003992472488134113,-1.6589230811889863,-0.5580647814447423,rejected,0.050812922425760736,0.576800148663381
max20 q4,-0.00034654722806339033,-1.2999631265633655,-0.9110411088693247,rejected,0.05637513576992982,0.3622737139721138
dist_52wh q2,0.000438029991204718,1.7237135428638115,-0.4688227241715032,rejected,0.0,0.6391963555951852
close_loc q1,0.0003029085692171374,0.4798998170723031,1.6998269317754844,rejected,0.13360968786101218,0.08916348411999728
gap_today q4,-0.0002749087371057191,-0.461770042991539,-1.7157192037503746,rejected,0.14478488674497508,0.08621344821514104
max20 q3,0.0003151066702228539,0.5758996414016272,1.5835090981716837,rejected,0.1420997864758727,0.11330547461345283
r1 q0,3.023572747170957e-05,-0.4911021951777,1.657835667541691,rejected,0.0,0.09735063997346202
ind_mom60 q0,-8.81950878390925e-06,-0.637208447619649,1.4889169763041126,rejected,0.0,0.13650923261586895
ev_red_flag q4,-0.00011919057852220527,-0.8772445828846679,-1.2326966091123073,rejected,0.0802922664240197,0.2176889774221072
skew60 q3,0.0003551808708673302,0.8132368292989894,1.2951078222364547,rejected,0.08841127590187817,0.19528303686667287
range_compress q3,0.0002267937906672807,1.1319009148935657,-0.9715624148354929,rejected,0.0,0.3312682883298616
days_since_earn q2,0.0005760814236986327,1.9869638396130294,0.10216201964763617,rejected,0.029691076979806604,0.9186280739045822
frog q4,0.000297362443536845,0.47484449837083925,1.6122890047091822,rejected,0.12248874154876016,0.10689906484786325
vol20 q3,0.00034333224672125905,0.7469114094872652,1.3257224719779965,rejected,0.09677785133039807,0.18493164109187524
frog q0,-0.00040119070102318313,-1.1186255605469895,-0.9518209879026954,rejected,0.04962757539603802,0.34118777606565875
r120 q0,-0.00018156751309483882,-1.1755426684739527,0.8891208065685656,rejected,0.0,0.3739381578978514
close_loc q3,-0.00040808863917985626,-1.2114901664793847,-0.8429051076171857,rejected,0.0547972509691407,0.3992815167547331
close_loc q0,0.00017676554763658423,-0.09013887174498197,1.9444776550336853,rejected,0.0,0.05183787744077292
vol_ratio q4,-0.00039226356557468686,-1.0543494852479278,-0.9701720399442565,rejected,0.040112741665092225,0.3319607450594821
ins_officer30 q2,3.141494549269141e-05,1.1716836175220982,-0.8157712113092646,rejected,0.0,0.4146310015711147
min20 q1,0.0004763165409756493,1.5094608649405976,0.44952999854736236,rejected,0.03788626496315421,0.6530493727964359
ev_agreement q2,7.787389827620027e-05,0.6050823059652393,1.3488311340841876,rejected,0.09255780578215332,0.17739121197106303
intraday20 q0,-0.0002788343312496114,-1.3936707537296968,0.5595584962673631,rejected,0.0,0.5757806208966784
intraday20 q3,0.00017379657175292548,0.9876528502044717,-0.9628157781610487,rejected,0.0,0.33563998117926974
r60 q0,-7.265457199184171e-05,-0.7502528543244239,1.1991585505777405,rejected,0.0,0.23046630093704698
dist_ma50 q0,-0.0002657329011737993,-1.2561044573956612,0.660902850553655,rejected,0.0,0.5086746178834047
ins_officer30 q4,-0.0001663675640485989,-1.1305264478071213,0.7690214382493367,rejected,0.0,0.4418805839037876
vol_surge5 q4,-0.00034169584664580976,-0.8386324738356229,-1.051541082016442,rejected,0.035427403201218774,0.2930101515096156
ear q1,0.0002453526202868668,1.141760896823485,-0.7483360404215309,rejected,0.0,0.4542574909136903
news5 q4,-0.0003061376355533289,-0.9316651304088351,-0.9569738806691196,rejected,0.04504034406437592,0.3385804385892739
dist_52wh q3,0.0004457782381156373,1.725661082933475,-0.14430029960147686,rejected,0.0,0.8852633417362892
log_dv q4,0.0005081635824021254,1.8369274918733651,-0.03208892407610442,rejected,0.0,0.9744011361698958
rel_ind60 q4,-0.0002452296912334489,-0.5473649591756687,-1.3167621275593064,rejected,0.08503896441721617,0.18791837126186922
dist_ma200 q3,0.0003138089406257244,1.352808842999692,-0.4827776580927363,rejected,0.0,0.6292536160483082
max20 q2,0.00037005153105192204,1.1230916800691533,0.70985094527713,rejected,0.0565704937742074,0.4777965729704424
r5_nonews q2,0.0004282555001950817,1.4120710504521745,0.40200610640868184,rejected,0.03756859860441617,0.6876795322699236
intraday20 q4,-0.0002706733489487253,-0.637524824072178,-1.1653154855102446,rejected,0.05393112606918752,0.2438913130953198
vol_surge1 q3,0.00040722709218561154,1.4919199203924347,-0.30591792507403165,rejected,0.0,0.759667137603482
ev_agreement q4,-0.00019875860763475745,-0.5411329195734911,-1.2435000187481224,rejected,0.06630267932694602,0.21368363405025007
dist_52wh q0,-0.0003396333219450242,-1.720181659238441,-0.035932942967963864,rejected,0.009433582969264295,0.971335828131343
atr_pct q4,-0.0002846692118116735,-1.3797389037036252,-0.37246800367157107,rejected,0.040477278491866504,0.7095444303757243
mom_12_1 q0,-0.0002370352476187554,-1.2798758374984145,0.4626629454908873,rejected,0.0,0.643605982411237
skew60 q1,0.00042067449446370767,1.5625396377601581,0.1704120635397984,rejected,0.027663502658936957,0.8646860855710758
r1 q2,0.00014287474567215814,0.7841118679961274,-0.9420478833523318,rejected,0.0,0.3461681252338338
ind_mom60 q3,-1.8353914309913477e-05,0.4064243647378141,-1.3186849288739286,rejected,0.0,0.18727446733563485
gap_today q1,0.0003253128934057702,0.8444008520133482,0.8733886728899837,rejected,0.043046227389865584,0.3824512628666184
dist_ma200 q1,0.0004903310892459269,1.6885395683762432,0.027125724664876685,rejected,0.008013548446939092,0.9783594569915812
max20 q1,0.00043098945493763065,1.3321150529795798,0.36970212861833024,rejected,0.041227455249209344,0.7116044455917541
ev_shelf q4,-5.275831577565137e-05,-0.8496813074763738,-0.8486451961082097,rejected,0.0495097745660749,0.3960787498960231
r60 q1,0.0004417210128997796,1.4123997340018328,0.27626535984258027,rejected,0.0265156043113434,0.7823442597732267
rel_ind20 q1,0.0003650125075639354,1.0860986656174958,0.6018224124069843,rejected,0.06611171128405886,0.5472923546494095
r20 q2,0.0004240641406696691,1.5484440445447796,-0.12893017294989473,rejected,0.0,0.8974129013585258
r60 q2,9.096314227413601e-05,0.647827043270889,-1.0086106025207797,rejected,0.0,0.31316142048918877
vol_ratio q0,0.0002914270134754048,0.6951794579566003,0.960503088520635,rejected,0.038501550438752974,0.3368020773189986
vol_surge5 q1,0.00010895606216380964,0.7887040288715528,-0.8656696800603758,rejected,0.0,0.3866713317055769
r120 q3,9.815560672036577e-05,0.7146310211209634,-0.9165158575088507,rejected,0.0,0.359396394139535
r5 q4,-0.0003786712456380181,-1.2832143991264553,-0.33402810359174007,rejected,0.045132156417980046,0.7383583518374549
intraday20 q2,0.0003323188909467337,0.9449214035952249,0.6623523195222693,rejected,0.06047366307506852,0.5077454535580596
vol_ratio q2,5.612513261420375e-05,-0.250778138024603,1.3497561506683988,rejected,0.0,0.1770942144844568
rel_ind60 q2,0.00021743165928876453,0.36215260397499544,1.2322705733658421,rejected,0.06508265444244427,0.2178480282788145
close_loc q2,0.00011871347608449209,0.7557820630071709,-0.8187353233199067,rejected,0.0,0.41293743860879534
r5 q2,0.00034549448018031707,1.0664671728483581,0.495262575490414,rejected,0.04712958419524547,0.6204147846241834
ear_volsurge q4,0.0002921290224263169,0.7500130155384364,0.7901001169364965,rejected,0.03878509691933538,0.42946930159183533
log_dv q3,-0.0002757708869006912,-0.7197351722643792,-0.790229959990851,rejected,0.037651234547773325,0.42939348215366585
range_compress q2,6.937847632937888e-05,-0.16693649207144928,1.3063245331261373,rejected,0.0,0.19144221759117325
ear_volsurge q1,0.00032268127072149493,0.9536595599022818,0.4999826858381525,rejected,0.047622589593156815,0.6170872689368415
range_compress q0,-0.00023168354794334323,-0.9061448953894999,-0.504338467797827,rejected,0.04615334123208331,0.6140235497993796
r120 q1,0.00031284041179599893,1.2009016077253867,-0.19931469325800166,rejected,0.0,0.8420165862009715
ind_mom20 q4,0.00015641557596534475,0.7683650535838857,-0.6263431174252675,rejected,0.0,0.5310899108226521
overnight20 q3,0.0002559549843201197,0.6548059161232028,0.7307480440758793,rejected,0.04875622073370822,0.4649330639192357
log_dv q0,-0.0003439707557371273,-1.1515599658367428,-0.2164308289747586,rejected,0.024319179938856007,0.8286519376439814
dist_ma50 q4,-3.1416731029334626e-05,0.20550123528863368,-1.1619732874612052,rejected,0.0,0.24524631569389865
days_to_earn q2,-0.00014830927024001603,-0.10680481370923782,-1.2515431731174564,rejected,0.051039939664311744,0.2107363725875475
r20 q4,-0.00011094124583767152,-0.051196069753279845,-1.2865792547497088,rejected,0.058205988005946396,0.19824097827237128
days_since_earn q3,0.00024284877442366768,0.9532354768417606,-0.37576951433901223,rejected,0.0,0.7070882536226151
dist_ma50 q2,0.00024265214675452788,1.0072831325484264,-0.31981120440330063,rejected,0.0,0.7491114534645268
ind_mom20 q3,-0.00022832401445993349,-0.5557153196539772,-0.7611743826276928,rejected,0.043211879321523365,0.44655291709067507
rel_ind20 q0,-0.00017142488551481297,-0.8246598359627778,0.4618154369111617,rejected,0.0,0.6442136798057366
mom_12_1 q3,0.0002550443624956329,0.9996868569932866,-0.27899268381712633,rejected,0.0,0.780250439406976
atr_pct q1,9.697796671492998e-05,0.5683005910319819,-0.6864313172378962,rejected,0.0,0.4924411615800828
overnight20 q2,0.00031666760703989347,1.0538351643766581,0.16427499413894092,rejected,0.025323941969872053,0.8695146660395594
vol_surge1 q4,-6.5010015275990245e-06,0.2571493457571785,-0.9156322841288935,rejected,0.0,0.3598597925282044
r5_nonews q1,0.00013493343203215195,0.11456165852702221,1.04244400517809,rejected,0.024150413744508267,0.2972058734528311
gap_today q2,0.00033562921662525066,1.143055199868827,-0.01223720523629252,rejected,0.0,0.9902363665578975
mom_12_1 q4,0.00019913875778696793,0.7402960478234454,0.4031799164445767,rejected,0.03047787093798512,0.6868158731007679
rel_ind60 q3,0.00011919255540233517,0.6285528654294806,-0.5037177596066386,rejected,0.0,0.6144597265426612
days_to_earn q1,0.00011504233226658297,0.5740425062834913,-0.5548730392315672,rejected,0.0,0.5789815041060606
range_compress q1,0.00013481875918421336,0.16299160944378868,0.9478978087320693,rejected,0.03299953235906389,0.34318148060238374
earn_in_week q2,6.306550800709813e-05,0.9052711798643887,0.18796353787822137,rejected,0.023195591632408225,0.8509052342346297
overnight20 q4,-0.0001405334746431841,-0.23485747874927035,-0.8548613776488349,rejected,0.034938362462488375,0.3926278943228073
ind_mom20 q2,0.0001619311634259748,0.3180173851358184,0.7498894397919174,rejected,0.04294929696887124,0.45332129514872654
days_to_earn q0,6.368743747030444e-05,-0.10201459728751448,0.9620834069972244,rejected,0.0,0.3360077084224846
rel_ind20 q2,0.00011177583372317143,0.5818509733270358,-0.47857785970115346,rejected,0.0,0.6322389721907136
news5 q1,0.0001843492438356431,0.4895649513544337,0.5687243810171156,rejected,0.03930962501076934,0.5695431992969806
mom_12_1 q2,-2.5571392916789758e-05,0.21618112998173464,-0.8288600649096931,rejected,0.0,0.4071835952312639
overnight20 q0,-0.00028203402976767017,-0.9767844452925695,-0.06804473068892407,rejected,0.021552460352384065,0.9457500268338283
min20 q3,-8.06978904657863e-06,0.2415002519703493,-0.7838843846076802,rejected,0.0,0.43310795322909734
r20 q0,-0.0001301232146295915,-0.6794993269095582,0.34453341597735115,rejected,0.0,0.7304451701893806
vol20 q1,0.00023222040778231515,0.8773188556103538,-0.13929521707316964,rejected,0.0,0.8892168692594546
ins_buyers30 q2,2.1839733161269558e-05,0.5489777192163822,-0.4444922797001305,rejected,0.0,0.656686709328716
ins_value30 q2,2.1839733161269558e-05,0.5489777192163822,-0.4444922797001305,rejected,0.0,0.656686709328716
range_compress q4,0.0002434528497724033,0.7828889642086823,0.17913648196797685,rejected,0.02262727234219039,0.8578305368296358
mom_12_1 q1,-3.7332896690818644e-05,0.16308566647279568,-0.7861974298689592,rejected,0.0,0.4317518315761325
dist_ma50 q3,-0.00017702118365080994,-0.721782051643441,0.22698313878039986,rejected,0.0,0.8204368533097797
days_to_earn q4,-2.0638363106752326e-05,-0.26728716307366274,0.6791183829018385,rejected,0.0,0.4970628556379983
ins_buyers30 q4,-8.105404261944443e-05,-0.5143561553459067,0.4308040129910879,rejected,0.0,0.6666108814234821
ins_value30 q4,-8.105452806424136e-05,-0.5143561553459067,0.4307939398478519,rejected,0.0,0.6666182063825359
gap_today q3,0.00025938009642037686,0.8757377682246338,0.06632421169505305,rejected,0.021804276600902135,0.9471197075159364
vol_ratio q1,-0.00010147310769953119,-0.5153285806015354,0.37905074526360744,rejected,0.0,0.7046501813045203
ind_mom60 q2,-4.2471637544716964e-05,0.1001497485061519,-0.7935100202647317,rejected,0.0,0.4274807336057875
rel_ind20 q3,-3.2396158804794746e-05,0.11108156112845147,-0.7378562796861652,rejected,0.0,0.46060178915416344
days_since_earn q0,8.340473459230652e-05,0.05465131586908399,0.7803819163367804,rejected,0.028390315440634174,0.43516610885919865
r20 q3,-8.927031193110233e-05,0.0003837536817255869,-0.8260469163183294,rejected,0.0,0.4087774783549488
min20 q4,0.00017219245904915033,0.5522571627834343,0.24664614781271957,rejected,0.01621304127730492,0.8051820868333789
dist_52wh q1,9.847949084974222e-05,0.10301590351206594,0.6599707448728839,rejected,0.04160316961449274,0.5092726033466495
earn_in_week q4,1.7125322101441188e-05,-0.05509840104592343,0.7039134490486341,rejected,0.0,0.4814866754365517
r120 q4,-5.940620958196164e-05,-0.3871753537703967,0.35555059071565975,rejected,0.0,0.7221771514973025
overnight20 q1,8.737131240147603e-05,0.09023069155442814,0.6214042582715781,rejected,0.04285687256907386,0.5343336709867725
r5 q3,-2.8746960772944685e-05,0.1146049697789983,-0.5776975474496294,rejected,0.0,0.563468335271697
vol20 q0,-8.5821369404088e-06,0.13311372147787845,-0.5487921424278678,rejected,0.0,0.5831481032804906
atr_pct q0,0.00013549215942841296,0.555318326061942,-0.12174366471887055,rejected,0.0,0.9031020309737611
r5_nonews q0,0.00011202057096082249,0.3150165639945883,0.34509931622034845,rejected,0.03066780000404438,0.7300197074879402
log_dv q1,7.039308044246785e-05,0.07821695084068389,0.504589011034709,rejected,0.029607103182401704,0.6138475296768306
log_dv q2,5.154355959169984e-05,-0.014973827743275828,0.5452166144639783,rejected,0.0,0.5856045459313696
r5_news q4,-3.9104913858702637e-05,-0.2840690969521343,0.26773813000448604,rejected,0.0,0.7889008974396742
dist_52wh q4,0.00013389909847758553,0.5158875487826631,0.019844342423677854,rejected,0.005380921221455088,0.9841675446990257
ind_mom60 q4,2.1989361140004016e-05,0.18229369277392954,-0.31336219211278915,rejected,0.0,0.754005505048459
max20 q0,6.4483607300186555e-06,0.12968539697032977,-0.33944615617398405,rejected,0.0,0.7342736527438218
rel_ind20 q4,-7.517131855831425e-05,-0.22523461296515138,-0.14537432682087686,rejected,0.015539545384217337,0.8844153335449477
r5 q0,-4.02724526884387e-05,-0.03436340822479557,-0.3313729866398223,rejected,0.026085254651702548,0.7403627668686676
dist_ma200 q4,5.410026513593362e-06,-0.0734191143379487,0.2830210840493108,rejected,0.0,0.7771606747580845
days_since_earn q1,-9.054961305690261e-05,-0.3028087895547413,-0.021530658664274647,rejected,0.005373608106185908,0.9828223470500965
ind_mom60 q1,3.588536623498578e-05,0.05802879000768273,0.21370196675345898,rejected,0.014673164091959512,0.8307794775260181
days_to_earn q3,6.640265877341615e-06,-0.03247972016278679,0.1754948717216811,rejected,0.0,0.8606908000243773
ear q2 & skew60 q4,-0.0009172175752731489,-4.349130331292853,-2.8961864744064716,rejected,0.2188749087097852,0.0037772787331690244
ear q2 & frog q2,-0.0007441496020836819,-1.646854427543572,-4.137806462373444,rejected,0.7300116074275946,3.506419395195698e-05
ear q2 & ins_opportunistic30 q2,-0.0010492862966828241,-2.8846148403258383,-2.7094999307628984,rejected,0.12798998569248926,0.006738471921104393
ear q2 & ev_offering q2,-0.0010528114171537574,-3.0303015462756173,-2.3822346054547054,rejected,0.1926033891952896,0.017207930652929214
ear q2 & min20 q0,-0.0005642899361108727,-3.6448616480166103,-1.6417531029669274,rejected,0.17012138432905047,0.10064118162126295
ear_volsurge q3 & vol20 q2,0.0010201210811838172,3.3100494182772193,1.8936441187840336,rejected,0.23572914730396002,0.05827226327292424
ear q2 & ev_red_flag q4,-0.00021454283412642933,-2.699141844619579,-2.3344850671564865,rejected,0.2106439716014505,0.01957033708536492
min20 q2 & r1 q0,0.00072856330644556,2.3151445489419276,2.6325176602319753,rejected,0.15133223112098718,0.008475461661055284
r1 q0 & vol20 q2,0.0007821052714444584,2.733985880856636,2.0815382614518634,rejected,0.30384639163285826,0.03738466575218749
close_loc q0 & vol20 q2,0.0009946953371158306,3.9521766477158686,0.8152706922919085,rejected,0.04912986591914818,0.4149173808342454
r1 q0 & vol20 q3,0.0007362343755096142,2.4025151322422706,2.333730936620083,rejected,0.21776350210544673,0.019609815108815848
ear q4 & vol20 q2,0.0008074804146348636,2.5156213654693405,2.19788969677606,rejected,0.2806063161848556,0.027956967309305268
ear q2 & ev_shelf q2,-0.000876014817969918,-2.4171679482328186,-2.268604887183261,rejected,0.27106333037665337,0.023292364153662388
ev_agreement q2 & vol20 q2,0.0010042125741050521,3.0038521159182685,1.6708866098354191,rejected,0.1993697773201753,0.09474407683839636
ear q2 & ev_agreement q2,-0.0008495822601916678,-2.2435978878191007,-2.4282255143289344,rejected,0.18234703385930826,0.015172905440547384
ear q2 & ev_red_flag q2,-0.0008630693434591214,-2.32861000424367,-2.3162143886952014,rejected,0.22723471501271994,0.020546565950215815
ear q0 & r1 q0,-3.431029664374039e-05,-1.3759721399132754,3.2684190590795024,rejected,0.0,0.001081501061862319
ev_offering q2 & vol20 q2,0.0009815888568078341,2.9104013452613,1.7269333530166473,rejected,0.2054015732606747,0.08417963357463645
earn_in_week q1 & ev_shelf q2,-0.0006352796342756603,-1.2492958276835113,-3.344261996908551,rejected,0.2250705970662092,0.0008250178447787887
ind_mom20 q1 & skew60 q2,0.00044643017602055517,2.497523527723895,-2.019557605049603,rejected,0.0,0.043429296412563254
ear q2 & ind_mom20 q1,-0.0006280341896089301,-1.6734110517859047,-2.7929971716284494,rejected,0.2168324091825731,0.005222214855674147
close_loc q4 & r120 q2,0.0003082543006622571,2.0555625295299875,-2.3169937104991463,rejected,0.0,0.02050407438223074
ear q2 & vol_ratio q3,-0.0006517843437781782,-1.6341107341191008,-2.7101368166859308,rejected,0.11373204719783248,0.00672554591188498
ins_opportunistic30 q2 & vol20 q2,0.0009540400865887693,2.905947891317161,1.4078600544451354,rejected,0.11926545862687753,0.1591725133920884
ev_agreement q4 & vol_surge1 q2,-0.0005019507061866169,-3.465329772373955,-0.8389241709223695,rejected,0.059120473609739405,0.40151186309012343
r1 q0 & vol_surge5 q3,0.0005260288765676231,1.996377206791512,2.29032087285841,rejected,0.25273736164684363,0.022002722699580826
ear q2 & ear_volsurge q2,-0.0007666520417563438,-2.1389502754055365,-2.0804493077607735,rejected,0.29831582109325916,0.03748434064759246
gap_today q4 & skew60 q4,-0.0004698195657324106,-2.188691742436889,-2.022200077817544,rejected,0.28453595454546904,0.04315568625490258
close_loc q1 & min20 q2,0.0008876888585494697,3.1601247759270725,1.0202095333916001,rejected,0.040849246109013346,0.3076290972404342
close_loc q4 & ind_mom60 q3,0.00027084493766380496,2.0865461346338745,-2.0822398718423973,rejected,0.0,0.03732056501121146
close_loc q4 & skew60 q2,2.080963631353914e-05,1.044677733315411,-3.1134948917701686,rejected,0.0,0.0018488571042006333
ear q2 & r5_news q2,-0.0008482129664016067,-2.4796109619962143,-1.6470401829686003,rejected,0.1670884563817113,0.09954978674481288
ear q2 & r5_news q0,-0.00022748066626780564,-1.2585856678231948,-2.864269590396907,rejected,0.20763038548765397,0.004179721120238777
ev_agreement q4 & ev_offering q4,-3.764018542496537e-05,0.7745198558383498,-3.3211812588158196,rejected,0.0,0.0008963730253480717
ear q2 & rel_ind60 q4,-0.00040046385677759016,-1.9770612989149674,-2.1139792651101184,rejected,0.3055569297700158,0.0345170383299598
ear q2 & r60 q4,-0.000360699018766579,-1.9002859859144323,-2.1860832788780207,rejected,0.2862666890579689,0.02880951309575961
ev_offering q2 & vol_surge5 q3,0.0007778840487135914,2.059771041903145,1.9987766663581576,rejected,0.25210487222731853,0.04563252352644963
r20 q1 & rel_ind60 q2,0.0002874669538548128,-0.13184131439717392,3.8980498379294,rejected,0.0,9.69704622570531e-05
dist_ma200 q2 & ev_offering q4,0.00012283855274178196,2.2824952028281875,-1.7154926784612758,rejected,0.0,0.08625493659436283
dist_ma200 q2 & r5_nonews q3,6.370562825259731e-05,1.1642656519709336,-2.811687995137364,rejected,0.0,0.004928228198654508
ev_agreement q2 & vol_surge5 q3,0.0007178242698170693,1.7810037508487473,2.192287768214375,rejected,0.2755391520211494,0.028358734411059267
dist_ma200 q1 & rel_ind60 q1,0.0006247527827306804,2.74908499671912,-1.2201571114290417,rejected,0.0,0.22240532181067774
ev_offering q2 & ev_red_flag q2,0.00012414844856239126,0.862901668420045,3.0895885838513584,rejected,0.15226217315536222,0.002004339256253801
r1 q4 & skew60 q2,2.14219114031908e-05,0.9524567778248291,-2.9916969332201977,rejected,0.0,0.0027743153337034805
ins_opportunistic30 q2 & vol_surge5 q3,0.0007671233205495732,2.061507809696112,1.8818825168674722,rejected,0.2190930335464625,0.05985196871804003
dist_52wh q1 & ear_volsurge q0,-0.000745649457848954,-3.237543222772896,-0.6955386378566728,rejected,0.07144982861370074,0.48671780598665426
intraday20 q1 & r1 q0,0.0005827852374126056,2.011605871186831,1.9193110572402212,rejected,0.24250794217188776,0.0549449794930233
ind_mom20 q1 & max20 q3,9.712023850414073e-05,1.3831906329204862,-2.5402087744249924,rejected,0.0,0.01107863150199746
r60 q4 & skew60 q4,-0.0006128747252104418,-2.3097286682015317,-1.5936513152735379,rejected,0.18425355470237628,0.11101415417012042
ear_volsurge q3 & r5_news q2,0.0007274114690013473,1.8554166116576167,2.0308416711538935,rejected,0.28645957542039213,0.04227105831867243
earn_in_week q1 & ind_mom20 q1,0.0001699499080572532,1.7914456713437967,-2.069200907466223,rejected,0.0,0.03852723760770406
frog q1 & rel_ind60 q2,0.0006614060479256372,1.925593438414195,1.930295051747881,rejected,0.24368500207835575,0.05357028981939234
close_loc q1 & vol20 q2,0.0005393439517903277,1.2635187923155535,2.5731455259309888,rejected,0.14768674020346192,0.010077882264119348
r1 q0 & vol_surge5 q2,0.0004456393311755299,1.20467798116158,2.626895448629465,rejected,0.16570851643126389,0.008616780491428373
close_loc q1 & ear q0,-6.051819365853963e-05,-1.1272235020106418,2.7042230590018463,rejected,0.0,0.006846431311717318
ear_volsurge q3 & r1 q0,0.00044850108999118195,1.6515201294563655,2.179378686638382,rejected,0.28544871179744546,0.029303548115959276
max20 q3 & r1 q0,0.0004633856274265698,1.5906951894853623,2.2398581054212543,rejected,0.2914574464173123,0.025100136207424698
earn_in_week q1 & frog q2,-0.0003203310497929358,-0.5883284463034891,-3.241422305047556,rejected,0.07847740682947583,0.0011893484953825362
ear q2 & r1 q4,-0.00035665948409100714,-0.9378443339563494,-2.8894541713381274,rejected,0.18792397780929282,0.003859112538443015
ear q2 & gap_today q0,-0.0006298897839825773,-2.909709715388491,-0.9044435607736429,rejected,0.05609907396794526,0.3657602487208602
close_loc q0 & vol_surge5 q3,0.0004923439827932292,1.4047072298906562,2.3860618181231854,rejected,0.1750196927319325,0.017029888165949882
days_to_earn q2 & ear q2,-0.0006779604938454529,-1.8633825414247707,-1.904333211173028,rejected,0.22763073087109964,0.05686680152060202
ev_offering q4 & vol_surge1 q2,-0.00031858265869121505,-2.6410433748388047,-1.12030010913597,rejected,0.0703038363850413,0.26258589558289064
frog q1 & ind_mom60 q3,0.0003101752664598804,1.8511195041921154,-1.8991665205196262,rejected,0.0,0.05754258514225707
ear q2 & r1 q0,-0.0005756052826719552,-2.9563979535170923,-0.7819482300819376,rejected,0.05085675641743011,0.4342449989404456
ear q2 & r20 q4,-0.0004103462857095941,-1.8512048720688754,-1.8626890887785592,rejected,0.219301736750698,0.06250602189786628
r1 q0 & vol_surge1 q2,0.00013811189009584513,-0.6215766815487953,3.0666820243206394,rejected,0.0,0.0021644897625913567
ev_red_flag q2 & vol_surge5 q3,0.0006777170100360685,1.7405719538584294,1.9273785407978143,rejected,0.24315634677656134,0.05393247195375664
close_loc q0 & ear_volsurge q3,0.0005156950682034973,1.7818630907090944,1.8847705182121437,rejected,0.2121267214539207,0.059460826934403244
ind_mom20 q0 & rel_ind60 q2,-0.00016789866300924333,-1.5470839152630913,2.1181118853189242,rejected,0.0,0.03416559319815307
ind_mom20 q0 & r5_news q2,3.348164462699188e-06,-0.937385795027784,2.7176361888874374,rejected,0.0,0.006575009020789394
ear_volsurge q3 & min20 q2,0.0007329077145124688,2.5675535865147,1.0863222010616125,rejected,0.04856552222382251,0.2773364680973527
min20 q2 & r1 q4,-0.0005115697379026425,-1.6449354638654987,-2.0061682297592647,rejected,0.25821013703792445,0.044838302260814415
atr_pct q3 & r1 q0,0.0004417651022165385,0.9567177686833128,2.6920207673265737,rejected,0.1283234486467477,0.007102052274498014
dist_ma200 q2 & ind_mom20 q0,-0.0005215318370011964,-1.537210303092813,-2.0950923345090153,rejected,0.27294686364822746,0.03616278523470598
close_loc q4 & gap_today q0,-0.00028069966983456415,-0.20357814741580016,-3.426352168427052,rejected,0.2282448408296534,0.000611746660994931
frog q1 & r20 q1,0.0004150058499602299,0.4270813085749724,3.2024177455872462,rejected,0.0626306669840339,0.0013627921305059266
rel_ind60 q0 & skew60 q0,-0.00010227472787975541,-1.1752141385058805,2.4499070879997458,rejected,0.0,0.014289308146681369
r20 q1 & r5 q1,0.0005870099288203069,1.4467364048684859,2.1776845459512226,rejected,0.2855762083123997,0.029429530238938552
ear q0 & skew60 q0,-0.0002394126773436043,-1.6069027728940246,2.012535003258773,rejected,0.0,0.04416357070039231
r120 q2 & r5_nonews q3,0.0002583175926605354,1.6102945861809868,-2.0043768663122505,rejected,0.0,0.0450297054931014
ear q2 & ev_agreement q4,-0.00027310761687473985,-2.457909179402234,-1.1562689070089365,rejected,0.06359790509463328,0.2475711822315495
intraday20 q1 & max20 q1,0.0006183136269704692,1.7618199675322266,1.8469109692451873,rejected,0.21773468075814217,0.0647600446876632
atr_pct q3 & vol20 q2,0.00041033019174695136,0.713356596687119,2.884566349687628,rejected,0.17990973814147873,0.003919531551408835
min20 q2 & vol20 q2,0.0006818476853693058,1.827626783217512,1.7590146492997654,rejected,0.20473515740166176,0.07857502039250887
frog q1 & vol_surge5 q3,0.0004822454705734505,1.178567831785397,2.4069021022692914,rejected,0.17239906773948238,0.016088481965147172
close_loc q4 & ear q2,-0.00042645988179686135,-0.8805332978674801,-2.6902747199325763,rejected,0.1313647456244146,0.007139321995650447
close_loc q0 & r20 q1,0.00010670360578779032,-0.512576150434572,3.0536950301140706,rejected,0.0,0.0022604174075655232
r20 q1 & vol20 q2,0.0005823093180004267,1.4850394829919753,2.077268286215418,rejected,0.28673652989117343,0.03777680440824467
earn_in_week q1 & r5_news q0,-0.00017881483675999225,-1.078755777869059,-2.477090344634236,rejected,0.14724524103972894,0.013245836834690472
close_loc q0 & min20 q2,0.0005075341829819749,1.2287205284535827,2.3057997436243056,rejected,0.21603849061235797,0.021121824567672063
frog q4 & min20 q2,0.00045678285397516286,1.0256782343369517,2.5055388411828856,rejected,0.16146204179142695,0.012226496871455949
dist_ma50 q3 & ins_value30 q4,-0.0005107160157808238,-3.2815950684098345,-0.24840247777474112,rejected,0.02446722639070635,0.8038230166638693
ear_volsurge q3 & ev_offering q2,0.000729399177878334,2.125361076427531,1.3978672126234317,rejected,0.11589540750846879,0.16215294613790215
intraday20 q2 & r1 q1,0.0005592997771833127,1.5233604642736795,1.9960493958025571,rejected,0.24499761499657013,0.04592854640895614
frog q1 & skew60 q0,-5.5903804705174853e-05,-1.103393478423196,2.390927302279262,rejected,0.0,0.016805880188697612
r1 q1 & vol20 q2,0.0006684476351153827,1.9979849552889637,1.4952617395770547,rejected,0.13311792561318436,0.13484614618866772
r1 q0 & skew60 q0,-5.932362647564538e-05,-1.1881881950178732,2.3009248016543786,rejected,0.0,0.02139588195052276
ev_shelf q2 & r1 q4,-0.0004959169312182949,-1.111610306445053,-2.3512542625394577,rejected,0.1736018416108075,0.018710243688345278
vol20 q2 & vol_ratio q2,0.000697883317173707,2.0910975471509747,1.3713792569696241,rejected,0.12484969218991943,0.17025676028622086
ear_volsurge q2 & frog q2,-0.0003718223966333517,-0.675589913675569,-2.7866580491414488,rejected,0.17361551516002421,0.0053254641694625016
frog q1 & r1 q0,0.00029568392568420234,0.35775544978190116,3.10374230681729,rejected,0.11650736687636576,0.0019108968868590324
ind_mom20 q1 & skew60 q4,-0.0004082650146286106,-1.5473107238957244,-1.9134432435783926,rejected,0.23183392626200783,0.05569133286266002
ear q4 & ev_offering q2,0.0007005386761362928,1.909835747800989,1.5406828902675724,rejected,0.15379086405818163,0.1233939829659713
ear_volsurge q3 & vol_surge1 q2,0.0005838600587767129,1.8615187410913367,1.5802719399182745,rejected,0.1911865038244895,0.11404460300140477
r5_nonews q4 & vol_surge5 q0,-0.00042939734070870586,-2.132164943384688,-1.299863146712722,rejected,0.11831639544475181,0.1936478780540291
gap_today q4 & r20 q4,1.8046540736978875e-05,0.8891275816102278,-2.5406601565062146,rejected,0.0,0.01106434065553799
r1 q0 & r5 q1,0.00044353424457024013,1.2573569338693624,2.165367533956268,rejected,0.2817200202203085,0.030359550281740717
r5 q1 & vol_surge5 q2,0.0007308074059033765,2.606099063740065,0.8102010160109253,rejected,0.04763080154149163,0.417824653650386
r20 q1 & r60 q0,-4.154525203126606e-05,-1.019089652043178,2.387493100405387,rejected,0.0,0.016963721172480916
frog q4 & vol_surge1 q2,-0.0001186805005119305,-1.260212991729482,2.1395575371540447,rejected,0.0,0.03239054136006993
max20 q3 & r1 q4,-0.00047825977962248043,-1.8294451521630173,-1.5679465658741472,rejected,0.18316294369067576,0.11689360312635944
ev_offering q2 & skew60 q0,-0.0002217648561691585,-1.3762398020081863,2.0166174387235802,rejected,0.0,0.043735451735147576
r1 q4 & vol_surge1 q2,-0.0004517658552370386,-1.8750742295303318,-1.5110129113007886,rejected,0.13776725901281242,0.13078516135350154
earn_in_week q1 & vol20 q2,0.000292709866921985,1.096550424578821,2.2672735111713425,rejected,0.23424276846468728,0.02337352258036363
vol_ratio q2 & vol_surge1 q2,-2.8121853641523107e-05,-0.987080264916462,2.374522268709076,rejected,0.0,0.017571676242539917
frog q1 & r5 q1,6.646850705663491e-05,-0.6608517085768933,2.6975397392447484,rejected,0.0,0.0069853946728228025
skew60 q3 & vol_surge5 q2,0.00047681580519747186,1.3815199647146834,1.9745198338247545,rejected,0.24185401983357516,0.048322664462825106
ear q0 & skew60 q3,0.00024357351428047752,1.6973615473104369,1.6579801369403706,rejected,0.1602640108469205,0.0973214756240152
range_compress q2 & vol_surge5 q3,0.00038950828382929595,0.7217230984453153,2.6274667680559456,rejected,0.13800636048181825,0.008602324385097402
atr_pct q3 & r1 q1,0.0003624965638062547,0.861171582146085,2.484824288066205,rejected,0.14152473051767633,0.012961539384371917
gap_today q0 & vol_surge1 q2,-0.0003601790051598961,-2.352260422167869,0.9874169224955043,rejected,0.0,0.3234382917641101
ev_offering q4 & r20 q4,1.958792513691116e-05,1.1301656982245794,-2.2091447078918867,rejected,0.0,0.02716457729936299
close_loc q0 & ind_mom20 q0,-0.00011545971914608122,-1.5350105101556388,1.7875375988562305,rejected,0.0,0.07385064083140164
close_loc q1 & frog q4,0.0003625381418226261,0.9833007850575742,2.3385875175403026,rejected,0.16644458279817503,0.019356791445314468
gap_today q0 & min20 q2,0.00032701475571797933,0.3642488984100949,2.951490584974217,rejected,0.15498575296725864,0.0031624418715849385
ev_offering q2 & ev_shelf q2,9.608774006398274e-05,0.6486184393191408,2.660131500645082,rejected,0.1100178301869212,0.007811014832732277
max20 q2 & vol20 q0,0.0002195644890343808,1.6171979175758389,-1.690013337456164,rejected,0.0,0.09102540303520557
ind_mom60 q3 & r60 q1,0.00019492928472949553,1.4817258805283642,-1.8217877516626355,rejected,0.0,0.06848719694003641
ev_offering q4 & ev_shelf q2,-7.199698479628649e-05,0.4978548943030373,-2.8055561106464126,rejected,0.0,0.005022983512368092
r20 q1 & vol_ratio q2,0.0003669111898787265,0.4623073365702058,2.832126080207066,rejected,0.15151247251889238,0.004623961223425486
ev_agreement q2 & skew60 q0,-0.00033136754105648304,-1.6584921057997366,1.630983091955771,rejected,0.0,0.10289388724684796
atr_pct q3 & skew60 q0,-6.645198818824012e-05,-1.1797249838458426,2.089283462320038,rejected,0.0,0.03668221417167976
ins_opportunistic30 q2 & r120 q2,0.00024831486321662196,1.3538747914504765,-1.9101725767944153,rejected,0.0,0.05611099679949577
earn_in_week q1 & ev_agreement q2,-0.0004360376338266958,-0.8123749245802693,-2.4425001664956087,rejected,0.12723551924634713,0.014585922887460488
ev_offering q4 & r5_news q2,-1.0953482472276307e-05,0.8676938869407511,-2.377440606189535,rejected,0.0,0.01743325025769227
ev_red_flag q2 & r120 q2,0.00022058439758448358,1.2867592250689797,-1.9582811582827175,rejected,0.0,0.05019703045531489
r1 q0 & r20 q1,0.00014435734508292075,-0.2719878564761753,2.969547061383455,rejected,0.0,0.002982391261731099
dist_ma50 q1 & vol_surge1 q0,-0.00039076383088092214,-0.9997675219820175,-2.240347917701646,rejected,0.2572473239194929,0.025068344669455404
ear q2 & ev_offering q4,-6.538173290588613e-05,0.45301251877075227,-2.780819347545839,rejected,0.0,0.005422190086883148
atr_pct q3 & ear_volsurge q3,0.00039579227176346797,0.8231164944880572,2.4099827559563165,rejected,0.14409456585600194,0.015953274528349673
atr_pct q3 & close_loc q0,0.0003871503217050675,1.037484818429417,2.1861777962192637,rejected,0.24820856365076674,0.02880260006180924
ins_opportunistic30 q2 & r5_nonews q3,0.00028562508737448207,1.6503424374996423,-1.5664198680958863,rejected,0.0,0.11725035465382812
atr_pct q3 & vol_ratio q2,-0.00015033208729566309,-1.3939656572262196,1.8153184967545608,rejected,0.0,0.06947497808258421
dist_52wh q2 & overnight20 q4,0.00030166548525018233,2.0887305005449806,-1.1120504898441657,rejected,0.0,0.266116442340277
ind_mom20 q0 & r20 q1,-0.0003198599537307317,-1.746576744093175,1.4538635745117956,rejected,0.0,0.14598413339354435
earn_in_week q1 & min20 q4,-0.00037895801703256084,-2.1997394820720486,-0.990805057008469,rejected,0.040574319850359135,0.321780779502445
close_loc q4 & frog q2,-0.0003677795309327838,-0.7924568731308297,-2.3876697207721636,rejected,0.1526796194234044,0.016955571817619176
frog q1 & rel_ind60 q4,-0.00037898252489884074,-2.0313587498007784,-1.1417333914595427,rejected,0.06337428219173204,0.25356485664441875
ev_offering q4 & ins_opportunistic30 q2,-0.00010562765121419543,0.3479099989393219,-2.822601541958177,rejected,0.0,0.004763573446499691
earn_in_week q1 & ind_mom60 q3,-0.00046328669659912396,-2.3357301964569803,-0.8290993930458516,rejected,0.05842020902699159,0.40704816717949954
ear q0 & frog q1,0.000261434235412754,0.22204503447559848,2.9420755535638006,rejected,0.12308648025874183,0.0032602037367665646
close_loc q1 & ind_mom20 q0,0.00032513235996463514,0.5913193294414134,2.5711866512628725,rejected,0.12368464094075671,0.010135068645942026
dist_52wh q2 & news5 q1,0.0005870846314437284,2.8975806139973788,-0.2615146928207174,rejected,0.0,0.7936956204186523
ev_agreement q2 & frog q1,0.00045607145879769277,0.7497810004073123,2.4087340250425644,rejected,0.1439700667447932,0.016007959453397794
atr_pct q3 & r1 q4,-0.0003872930032436188,-0.8924232060316257,-2.261644421594212,rejected,0.22871550245497912,0.02371938113532082
ear q2 & earn_in_week q1,-0.00037552742072123634,-1.6685856335736495,-1.4801365737739531,rejected,0.13101410797812196,0.13883680282400462
frog q1 & ins_opportunistic30 q4,-3.058703725660327e-05,-1.1003939915390937,2.045487441483988,rejected,0.0,0.04080682607938459
ev_offering q2 & min20 q2,0.0005415553437754601,1.3362249424835937,1.8040132709005068,rejected,0.19356124348392173,0.07122922654739637
ev_offering q4 & r1 q4,-0.00011106415075153476,-0.7807454232998327,-2.3578496289274904,rejected,0.14983755797404325,0.018381136970207896
ear q0 & gap_today q0,-0.0001626527617105304,-1.541546210472474,1.5880201424402678,rejected,0.0,0.11228178446854331
close_loc q0 & range_compress q2,4.2483688381616825e-05,-0.6957156665309426,2.4324080484849695,rejected,0.0,0.014998799321325054
min20 q2 & vol_ratio q2,0.000479706719035293,1.0298139778304514,2.0973746985813806,rejected,0.24825983649188602,0.035960419027155834
ev_agreement q4 & ind_mom60 q1,-0.00030829366334003753,-2.321986770428741,-0.803055307055299,rejected,0.046411441383649304,0.42194276825789095
ev_agreement q2 & min20 q2,0.0005580904731715621,1.4256513204777834,1.695124279184708,rejected,0.1781682157626728,0.09005184732580049
close_loc q4 & dist_ma200 q2,-5.6500441066361566e-05,0.5823953348662616,-2.5357336935285426,rejected,0.0,0.011221203041232393
ev_offering q4 & skew60 q2,1.7308377706813388e-05,0.8663921241933833,-2.249001575052348,rejected,0.0,0.024512395862756185
ear q0 & range_compress q2,-7.022323712748433e-07,-0.7803869631043914,2.3342294040226306,rejected,0.0,0.019583713024451093
frog q4 & vol_surge5 q3,0.0005618824126981789,2.1188309578812463,0.9907435596367122,rejected,0.04146626134093381,0.32181081518882076
close_loc q0 & r5 q1,0.0005154396743067818,1.59512175892065,1.5059202648554126,rejected,0.1350948991196716,0.13208764368275583
close_loc q1 & vol_ratio q2,0.00011378397210695989,-0.4220598172103476,2.6778250401786803,rejected,0.0,0.007410191457233333
max20 q3 & min20 q2,0.0003754911116044285,0.5621627350936726,2.534824474915664,rejected,0.12632798834951367,0.011250368187645026
ev_agreement q2 & r1 q4,-0.0003893878103644664,-0.7652504240239184,-2.313747007262697,rejected,0.1785265776244943,0.020681603738919464
ind_mom60 q1 & r20 q1,0.0003889614598465768,0.9465583059066734,2.127390449129299,rejected,0.26079912597012617,0.03338765505219651
frog q4 & vol20 q2,0.0004009822776504834,0.8202238537817291,2.2522746048962996,rejected,0.23243999679559196,0.02430492395449116
earn_in_week q1 & r120 q2,-0.0003401496988647847,-1.1638096685920336,-1.903970357099931,rejected,0.2080729790006824,0.056914044894266394
close_loc q1 & vol_surge5 q2,0.00037262359127806084,0.7569978243953895,2.302044474887228,rejected,0.1938261467288278,0.021332664190983713
ev_agreement q2 & vol_surge5 q2,0.0005203057929320802,1.2673036215451718,1.7892028253235148,rejected,0.18880217903085642,0.07358215683642362
r1 q0 & skew60 q4,-0.00040410936627686484,-2.7355746203326814,0.31931474372153235,rejected,0.0,0.7494878535672004
min20 q2 & r20 q1,0.0005001971074651435,1.2434306402309392,1.8111085023762958,rejected,0.18402976379664507,0.07012405766394612
earn_in_week q1 & vol_surge5 q3,-0.0004146395942176235,-2.113080233492791,-0.938454002131804,rejected,0.0622365173047282,0.34801114500389346
ind_mom60 q2 & log_dv q4,0.0003287959810787588,1.750446785560834,-1.3001694545173372,rejected,0.0,0.1935428972039912
ev_red_flag q2 & r1 q4,-0.00045570864617651733,-1.0627292100778911,-1.9825798175862779,rejected,0.22913625830896822,0.04741438359994027
close_loc q0 & gap_today q0,-0.00013241193357415757,-1.3852692988146789,1.657004370491816,rejected,0.0,0.09751859148730357
frog q2 & r5_nonews q3,-0.00034709453535039644,-0.6117177322592374,-2.4277441955726524,rejected,0.13837154416357292,0.015193055015867879
ev_red_flag q4 & news5 q4,-3.547872907743078e-05,-0.4934858661256343,-2.544597301278324,rejected,0.11447802002185564,0.01094038265374475
ev_offering q4 & frog q1,-0.00014040689316389255,-0.9698402865006266,-2.0632965896190685,rejected,0.2535461890493625,0.0390844578955315
ind_mom20 q1 & r1 q4,-0.0002649667513746684,-0.9913359353236602,-2.0379596879150554,rejected,0.2463898044213179,0.04155396453512927
r1 q4 & r120 q2,0.0001900816403065735,1.4876412020596685,-1.540574134430487,rejected,0.0,0.12342046710123374
r120 q2 & vol_ratio q3,0.00021736131364494162,1.501028869559714,-1.5237109575463885,rejected,0.0,0.12758093100770573
ear q0 & vol20 q2,-0.00014002805127274413,-1.2116048460936037,1.8107314091170041,rejected,0.0,0.07018243838093616
r5_nonews q0 & vol_surge5 q3,0.0004998441336039685,2.0962136283909643,0.9201521594008286,rejected,0.06374471574223838,0.3574932504601775
ev_red_flag q2 & ind_mom20 q0,-9.716192608713017e-05,-1.0544099893189804,1.9555513752536526,rejected,0.0,0.05051802569609955
ev_offering q2 & ind_mom20 q0,-5.8764439150097954e-05,-0.9431487997494129,2.058808858524393,rejected,0.0,0.03951255272536238
atr_pct q3 & close_loc q1,0.00040669619238793204,1.1371196146829374,1.864075308935477,rejected,0.19589524624826685,0.06231112937412886
ev_offering q2 & vol_surge5 q2,0.000488765110851351,1.1378555260392103,1.856297396294252,rejected,0.20023202502143153,0.06341118001930987
close_loc q4 & days_to_earn q2,-0.00026097633643316887,-0.09056755947311583,-2.8974544814876793,rejected,0.11257719797593624,0.003762043260740996
ev_shelf q2 & frog q2,-0.0004223350942332939,-0.72713142668104,-2.2475266272456023,rejected,0.2336070336280118,0.024606390822729227
ear q2 & r120 q2,-0.00040536639208964086,-0.8019859238758988,-2.1692542616243613,rejected,0.2418130595816145,0.030063385623684064
r1 q4 & vol20 q3,-0.0004115421852269922,-1.260583876038171,-1.7097453892454524,rejected,0.18573242566221188,0.08731296547790345
close_loc q0 & skew60 q2,0.0004392053180406805,2.0326396081511713,0.9323713446726454,rejected,0.05879726764859328,0.35114464848762145
ev_offering q2 & gap_today q0,-0.0001975747000607586,-1.3387090307537184,1.6186667362771572,rejected,0.0,0.10551898759064028
close_loc q1 & skew60 q3,0.0005482491303192906,2.2913900737831523,0.6606899195905659,rejected,0.0752982268831015,0.5088111897144871
dist_ma50 q3 & vol_surge1 q3,8.485404879101173e-05,0.9964150821300313,-1.948585137925221,rejected,0.0,0.051344988412498765
close_loc q1 & ear_volsurge q3,0.0005742077001185018,2.0821722869350623,0.85144810666076,rejected,0.05941065016412684,0.3945204782900869
ev_shelf q2 & r20 q1,0.00011151302302283455,-0.4167543660868125,2.5139037692089468,rejected,0.0,0.011940300957554687
close_loc q0 & ear q2,-0.0003817905408038916,-2.2212514287797798,0.7066084845351998,rejected,0.0,0.4798098148421163
gap_today q0 & r60 q4,-0.0003635771624577208,-2.3178456411542085,-0.6087966995060631,rejected,0.0763625356913459,0.5426592015632632
max20 q3 & vol20 q2,0.00041513013330127095,0.8302800418035766,2.0948625450659604,rejected,0.23386042703494847,0.03618321324153031
frog q1 & r60 q4,-0.0002793132660494723,-1.6029081645502412,-1.3212832513557233,rejected,0.11426014344307633,0.18640693639851255
dist_ma200 q2 & gap_today q0,-0.0003002292921796743,-0.3574960229050831,-2.5649072032551476,rejected,0.11349455201450427,0.010320340214710084
ear q2 & vol_surge5 q3,0.0005604318240717591,1.930658368571393,0.9859007840290698,rejected,0.042646063497712224,0.32418180212209313
ev_offering q2 & skew60 q4,-0.0006314825131103911,-1.8543320594209933,-1.05604169694785,rejected,0.042535346150261825,0.2909491652538074
r60 q4 & vol_ratio q3,-0.00017411738233553273,-0.21326784590322803,-2.6935984109954574,rejected,0.09195204658640282,0.007068527482728256
atr_pct q3 & r120 q2,0.0003368288048023939,0.8753264328707777,2.0285027039094317,rejected,0.2382598457533362,0.042508967622917865
ind_mom20 q0 & skew60 q0,5.447597891909916e-05,-0.4611474345760796,2.4410971816082965,rejected,0.0,0.014642713780575764
ear q0 & r20 q1,7.98380998322785e-05,-0.5797066039140112,2.315777467964322,rejected,0.0,0.020570422096663387
ev_offering q2 & frog q1,0.0003939265430597828,0.5240439158728449,2.366044587460167,rejected,0.14432654739624987,0.017979278959152536
ev_offering q2 & r5_news q2,0.00018791655091573233,1.101236336673195,1.7849532902354166,rejected,0.18431997506053785,0.07426889368224182
gap_today q0 & r5 q1,0.0003244015233748333,0.9029340074580096,1.9822507350900207,rejected,0.21757924023845884,0.0474511848555522
frog q1 & r5_nonews q3,0.0004659399567375177,2.220316733505078,-0.6645905855887247,rejected,0.0,0.5063123923875517
dist_52wh q3 & ear_volsurge q3,0.0005040286533739618,2.3829557153295,-0.49811688700971063,rejected,0.0,0.6184016586762239
frog q3 & r1 q4,-0.0002548180406606242,-0.4817669537458329,-2.3981349050523035,rejected,0.13731264129010326,0.016478794893242894
ear_volsurge q3 & frog q4,0.00034319205530945236,0.8460261369728188,2.02844426848306,rejected,0.23768997290838687,0.04251492588372474
max20 q3 & skew60 q0,5.8425799529649515e-05,-0.556206810070784,2.3082699446925075,rejected,0.0,0.02098412700701529
ev_agreement q4 & frog q2,-0.0002447062149692636,-1.1000185631602803,-1.7599026246264045,rejected,0.18233490042767728,0.0784243182494985
ev_offering q4 & ins_value30 q2,-8.054471518160744e-05,0.3512392502462481,-2.5071763314449407,rejected,0.0,0.012169998315310371
ind_mom20 q0 & r1 q4,-0.0002950831705321358,-2.195391661118255,0.6622853684309463,rejected,0.0,0.5077883521024162
ev_offering q2 & r120 q2,0.0002432189750959908,1.2544744720729115,-1.5968731272171484,rejected,0.0,0.11029399105586705
ins_opportunistic30 q2 & r1 q4,-0.0003734063952159978,-0.7650589426554373,-2.0862037841099306,rejected,0.23276218695093476,0.036960167620611245
gap_today q0 & r1 q1,0.00025901899344947554,0.3982004018915459,2.449400949468373,rejected,0.10301537904721482,0.01430940607426018
ev_offering q2 & r5_nonews q3,0.00027396753964285364,1.49756761510853,-1.3494018155339331,rejected,0.0,0.1772079379895744
atr_pct q3 & ear q0,-7.812301236590712e-05,-1.1080647271234823,1.7326693675837541,rejected,0.0,0.08315445209693612
ind_mom60 q3 & r1 q4,-3.466356775759898e-05,0.569098698825148,-2.2706247349851485,rejected,0.0,0.023169704791563158
frog q2 & ind_mom60 q0,-0.00019932509528218303,-1.4102121498454918,1.4289052207281028,rejected,0.0,0.15303147670828668
frog q2 & ins_opportunistic30 q4,-0.0001723341598256334,-2.1408679189210003,-0.6958639516105832,rejected,0.06878525896880994,0.4865140346202084
close_loc q0 & skew60 q0,-4.159019235180229e-05,-0.9577749238877366,1.8770693483291678,rejected,0.0,0.06050858978352649
atr_pct q3 & min20 q2,0.0003557996416518654,0.6714272498030774,2.162959383798941,rejected,0.2361928037893094,0.030544303681433196
ear_volsurge q3 & frog q2,0.00043493856659087996,1.3413902180797284,1.4895934304958565,rejected,0.12783875279339055,0.13633117042576856
r5_nonews q0 & vol20 q3,0.0004048886393825112,1.3167815473617939,1.5129308764575418,rejected,0.126140292405488,0.13029721794674565
frog q2 & r1 q4,-0.0003267116186661382,-1.1100138740198875,-1.7151871337243747,rejected,0.18796026954506306,0.08631092302573136
ins_opportunistic30 q2 & min20 q2,0.0005199383296432531,1.3785104681823939,1.4364702865735028,rejected,0.10911204343141731,0.1508685654720807
ev_offering q2 & r20 q1,0.00015678537603142973,-0.2775880867128067,2.5358056461918497,rejected,0.0,0.011218897874087292
ind_mom20 q0 & ins_opportunistic30 q2,-0.00010230396425050206,-1.0175071713005401,1.7947853485359162,rejected,0.0,0.07268790605079277
close_loc q0 & vol_surge1 q2,0.00022193642536449205,0.1732140279503619,2.6365141200114026,rejected,0.0828844870089816,0.00837627140281901
dist_ma200 q2 & r120 q2,-1.2011914774092752e-05,0.6241087607775214,-2.1849253577208008,rejected,0.0,0.028894319907456726
dist_ma200 q2 & ear q2,-0.0003262341279900381,-0.2663024647788569,-2.540723181932365,rejected,0.09374873687869496,0.011062346561553846
atr_pct q3 & range_compress q2,-7.60122981336925e-05,-0.9372736949541542,1.867202151704056,rejected,0.0,0.0618733632536769
ind_mom20 q0 & r5 q1,7.171151489205744e-05,-0.5283723512339914,2.2689288884837366,rejected,0.0,0.023272650635541844
ev_red_flag q2 & frog q2,-0.0003699621253333607,-0.4984672481844431,-2.296461500167099,rejected,0.1738215869330627,0.02164950804594047
ins_opportunistic30 q2 & r20 q1,0.00011920433643898995,-0.3543223771383823,2.4401678057447325,rejected,0.0,0.014680440877498771
close_loc q0 & vol20 q3,0.0003137408767950463,0.865710365490406,1.9280320513726978,rejected,0.20281695069910557,0.053851139627353384
dist_ma200 q2 & skew60 q2,5.2596402167816e-05,0.825053635571614,-1.9657035052431162,rejected,0.0,0.049332869691085586
dist_ma200 q2 & ev_red_flag q2,-7.694858995589037e-05,0.476777816631404,-2.3137654285204823,rejected,0.0,0.020680592698375893
ev_red_flag q2 & r20 q1,0.00011608287407315026,-0.36546983509727704,2.4244044250809873,rejected,0.0,0.015333518844333444
ins_opportunistic30 q2 & vol_surge5 q2,0.00048426524383328185,1.2174546843280059,1.571423252294987,rejected,0.16946021747429907,0.11608436844032632
r1 q0 & rel_ind60 q4,-0.0002451323933895551,-1.4972642444313002,-1.2906535641775336,rejected,0.10647898924771104,0.19682383332723807
ev_agreement q4 & frog q1,-0.0002436135048809069,-1.3745214951854317,-1.4126324241857755,rejected,0.10767451023115182,0.15776383022993684
ear q4 & vol_surge1 q2,0.00025255618589316693,0.3562548157236552,2.430651132768825,rejected,0.11478156085952959,0.015071718837940751
close_loc q0 & vol_surge5 q2,0.00032536738051365386,0.8973201363614459,1.8866332812877984,rejected,0.1829903252948595,0.05920966713728367
earn_in_week q1 & r20 q1,-0.0002878769969316734,-1.7336831099471937,-1.0465979069852365,rejected,0.04057052295933088,0.29528506765190077
ev_offering q2 & frog q2,-0.0004092110876883041,-0.753335001182212,-2.0268597876125547,rejected,0.23033292582474596,0.04267675399097925
close_loc q0 & max20 q3,0.00031680132897707775,0.9154526676409179,1.861083187216281,rejected,0.18740872126014504,0.0627324300867998
dist_ma200 q2 & earn_in_week q1,-0.00027694572458479235,-0.9972781820175785,-1.7761481894630216,rejected,0.17409545503352059,0.07570849523620578
r20 q1 & range_compress q2,0.0002983637275221551,0.28834196416210517,2.4842623014561083,rejected,0.11116395306485102,0.01298201447483225
skew60 q0 & vol_surge1 q2,-0.00016256751149403722,-1.3324837363223432,1.4274240369257405,rejected,0.0,0.15345770647202633
days_to_earn q2 & r1 q4,-0.00023664147012770632,-0.491010418895683,-2.2621571177532416,rejected,0.19119453820975676,0.02368769768306847
ev_agreement q2 & r1 q0,0.00011687314889865228,-0.41443273916375667,2.338378153737721,rejected,0.0,0.019367639991622353
r20 q1 & rel_ind60 q0,-3.7680033384621037e-06,-0.6657050310143429,2.0841064742354436,rejected,0.0,0.03715048328687704
mom_12_1 q2 & vol_surge1 q3,0.00033374532654733364,1.5711486376197563,-1.1769336697506285,rejected,0.0,0.23922198200295766
ev_agreement q2 & r20 q1,0.0002084872040829403,-0.1107997954364142,2.6293749499120054,rejected,0.0,0.008554198624472657
dist_ma200 q2 & r1 q4,-1.2835297087941972e-05,0.599990286463932,-2.1380000854547765,rejected,0.0,0.03251673629893797
ev_red_flag q2 & skew60 q0,-0.00017315721636420822,-1.092819504150246,1.6441977347950316,rejected,0.0,0.10013536471118993
ev_offering q2 & r5 q1,0.00045660674492638455,1.0464089956246663,1.689760814451857,rejected,0.1703393533706147,0.09107372333888099
ear q0 & skew60 q2,0.0002718288091230727,1.953186546663046,-0.7712228624406382,rejected,0.0,0.44057484510155376
atr_pct q3 & ev_offering q2,0.0004079444417993713,0.7593860100317893,1.9578153697831708,rejected,0.1974805209170683,0.05025168125450454
r120 q2 & r60 q4,0.00012881734854225198,1.364418305685911,-1.348658639979445,rejected,0.0,0.1774466361157623
ev_offering q2 & skew60 q2,0.00036920721644854125,1.7639214712133733,-0.9489871305342248,rejected,0.0,0.34262715753826806
r20 q1 & skew60 q2,0.0006339165060950386,2.294957937049636,0.41252959498501146,rejected,0.03462057831284284,0.6799512933439684
close_loc q4 & r1 q1,0.0001968132400432309,1.2257156336668265,1.4811509880305156,rejected,0.12450745134185404,0.13856634333240503
vol20 q2 & vol_ratio q3,0.0006969597777333611,2.473516410517079,0.23244315457903847,rejected,0.023688114042681705,0.8161938341189774
close_loc q0 & ev_agreement q2,0.0001588603160491364,-0.31776243046747954,2.3838891341701443,rejected,0.0,0.01713076235481211
ear_volsurge q3 & r1 q1,0.00045850461912063306,1.3897394111607453,1.3101560321311183,rejected,0.10846896179298668,0.19014305632582162
frog q1 & ind_mom20 q4,0.0002710043414124029,1.2351723708240279,1.4631871132319212,rejected,0.11017945287108409,0.1434161860296646
close_loc q4 & min20 q2,-0.0004898248963799973,-1.6429619824903163,-1.0550869234991942,rejected,0.04380003517584989,0.2913855720080336
ind_mom20 q0 & vol_surge5 q2,2.5662560429053197e-05,-0.7467070107706987,1.95057971141698,rejected,0.0,0.051107062623475925
close_loc q3 & frog q3,-0.0003928634147652709,-1.0200351769640041,-1.676053546820992,rejected,0.17150336654268736,0.09372770460618154
ear_volsurge q3 & earn_in_week q1,0.0002390162711347558,1.84804244159178,-0.8471737844808863,rejected,0.0,0.3968982634028358
max20 q3 & r5_nonews q3,0.0004707163497579356,1.6166165807430384,1.0738083170914507,rejected,0.04740200584737721,0.2829086015018968
close_loc q0 & ev_agreement q4,2.408590214367228e-05,0.6982317925138155,-1.9885371676792967,rejected,0.0,0.046752312613426154
ind_mom20 q0 & vol_ratio q2,-0.00021045416074901908,-1.3494759420689597,1.3339955103868595,rejected,0.0,0.18220532790990154
ev_offering q2 & r1 q4,-0.00038144746369467953,-0.8778712028106933,-1.804218111723904,rejected,0.17091113465778687,0.07119712111838956
earn_in_week q1 & vol_ratio q2,-0.0003092647765493034,-1.0310033468571198,-1.6493726375402316,rejected,0.14575618046723812,0.09907131684321374
ins_opportunistic30 q2 & skew60 q0,-0.00017300444895519763,-1.0773309959263273,1.601246632514392,rejected,0.0,0.10932230405928656
frog q2 & rel_ind60 q4,-6.829100964851602e-05,0.270055201019058,-2.407551807139578,rejected,0.0,0.016059883411635695
ear q2 & r5_nonews q3,-2.387166393295052e-05,0.5939643327721252,-2.082508844168187,rejected,0.0,0.03729601589951413
r1 q4 & r5_news q2,-0.0003790564992931979,-0.9353633218333511,-1.7399120162910866,rejected,0.17100449032495452,0.08187446838807136
dist_ma200 q2 & ins_opportunistic30 q2,-0.00011674245549867621,0.33159070530576623,-2.3429788301512326,rejected,0.0,0.019130468537652847
ear q0 & ear_volsurge q2,0.00017009101078120393,0.41665678459795996,2.2570830681893352,rejected,0.18751623317636507,0.024002884671876983
r1 q4 & r60 q4,-0.00013661302211953773,-0.28096843635941154,-2.3922530464063834,rejected,0.11701426535397702,0.01674529282217354
frog q3 & r1 q1,0.00043006306597684704,1.4933678220299247,1.1786996862994654,rejected,0.0753417650667053,0.23851778060908863
ear q2 & gap_today q4,-0.00034163572882969654,-1.5100519744349823,-1.1612365718519364,rejected,0.06590001338777823,0.24554570584934737
frog q2 & r60 q4,-0.0001378893314395125,-0.03084505506240223,-2.6315120324707277,rejected,0.08195147451810873,0.008500585699253048
vol20 q2 & vol_surge5 q2,0.0005484610970218884,1.852993613448283,0.8063865599612388,rejected,0.04384663846276148,0.42001999398822965
earn_in_week q1 & ins_opportunistic30 q2,-0.00035904715938587123,-0.6965872049503651,-1.9608183852982204,rejected,0.19185680456433424,0.04990021256331716
atr_pct q3 & vol_surge5 q2,0.0003928907672413714,1.287827593666164,1.3677595731976984,rejected,0.10809288406234183,0.17138734574115003
close_loc q0 & ear q4,0.0003059976199367885,1.1406780388739872,1.5144615282762044,rejected,0.1177570840234462,0.1299088242040536
r5_news q0 & skew60 q0,-0.00019227438543103432,-1.2217712462127106,-1.4327786573890133,rejected,0.10597698112828761,0.15192110246585264
gap_today q0 & ind_mom20 q0,-1.32038329524457e-05,-0.8951080516862303,1.7515191014820208,rejected,0.0,0.079856533938076
frog q1 & gap_today q0,-7.390390500205087e-05,-0.9065504741118786,1.7394327018484317,rejected,0.0,0.0819586802295769
ev_agreement q2 & ind_mom20 q0,-9.182994002899584e-05,-0.9273503852325834,1.7169054453124435,rejected,0.0,0.08599644981073341
ear_volsurge q3 & vol_surge5 q2,0.00042080414982613695,1.3199189461229186,1.320796386680717,rejected,0.10772680222735787,0.18656926485028358
ind_mom20 q0 & min20 q2,-8.46967360265648e-05,-0.917350267685114,1.7185776161901578,rejected,0.0,0.08569131036251436
ins_opportunistic30 q2 & r1 q1,0.0003189621272374283,0.38768160756965214,2.248233998493252,rejected,0.19645273753245152,0.024561272816763177
atr_pct q3 & ev_red_flag q2,0.00040091182044229456,0.7758157957396196,1.8598490736638995,rejected,0.18003987480128097,0.06290688213566611
ind_mom20 q1 & ins_opportunistic30 q2,7.454803172458107e-05,0.8548809002721236,-1.777874281682534,rejected,0.0,0.0754245050308516
atr_pct q3 & gap_today q0,0.0002490097673138208,0.37841521378728177,2.252752910066374,rejected,0.18755460910158223,0.024274732813633366
ind_mom20 q1 & news5 q1,0.00014314181945457194,1.2711890418318799,-1.359957283635769,rejected,0.0,0.173843441862372
ev_agreement q4 & rel_ind60 q4,-0.00011847567329730637,-0.9073811973151291,-1.721148714201658,rejected,0.16841635095185256,0.08522384144420289
ev_agreement q4 & r120 q2,-5.031676342525304e-05,0.6510129593589691,-1.977433104959249,rejected,0.0,0.047992695037145455
days_since_earn q3 & skew60 q3,0.0004576917664686484,1.4537258114625065,1.1746415881888237,rejected,0.07855186431815331,0.24013813751156954
days_to_earn q2 & ev_offering q4,1.3876665381676075e-05,0.8604534170956178,-1.7646763208082301,rejected,0.0,0.07761818043100745
atr_pct q2 & intraday20 q1,0.0004261453500841387,1.0677891702683817,1.5559169869050604,rejected,0.1561098243316587,0.11972783348414957
ear q2 & rel_ind60 q0,-0.0003896031195389457,-1.843143212334924,-0.7776017007484739,rejected,0.053279706880873016,0.43680385808561734
ev_offering q2 & ins_opportunistic30 q4,-0.00013967790122703915,-1.5127424931650097,1.1068651454833895,rejected,0.0,0.2683522372647376
ev_red_flag q2 & vol_surge5 q2,0.0004336279367336474,1.0090947775042,1.6099763315626936,rejected,0.15213213167916176,0.10740302344015505
ev_red_flag q2 & vol_surge1 q2,-3.7779719928841516e-05,-0.7778361190999901,1.8394375837130585,rejected,0.0,0.0658508504264588
earn_in_week q1 & gap_today q4,-2.8591282804113885e-05,0.02737870305064532,-2.5886871284792172,rejected,0.0,0.009634258502479435
close_loc q4 & ev_shelf q2,-0.00020186703124303352,0.1758658217852248,-2.4390863484719807,rejected,0.0,0.014724449407913917
dist_ma50 q0 & ins_opportunistic30 q4,-0.0001194617199797448,-1.5928742164910301,1.0212636949573322,rejected,0.0,0.3071295220905144
frog q4 & rel_ind60 q4,0.0004168570014386709,1.5119383350721325,1.1012045222901707,rejected,0.05943030352693113,0.27080765394329676
ear q2 & ind_mom60 q4,-0.0003186352004770735,-1.3447600512032873,-1.2663751429497874,rejected,0.0885898905132437,0.20537880585984283
ind_mom60 q0 & r20 q1,-8.087832641869763e-06,-0.742047857263627,1.8669795273433838,rejected,0.0,0.06190444685591182
ev_offering q4 & r60 q4,1.3025491760254865e-07,0.7659002311476768,-1.8417796801868502,rejected,0.0,0.06550738348685664
atr_pct q3 & ev_agreement q2,0.0004074857103653261,0.8264772075958237,1.7799906639118002,rejected,0.16681228124492192,0.07507748861239691
ev_offering q2 & vol_surge1 q2,4.944563918246362e-05,-0.5467051775083887,2.051865617448985,rejected,0.0,0.04018272412597646
ear q0 & vol_ratio q2,-7.219012325930616e-05,-0.9694179365899114,1.6250520158888344,rejected,0.0,0.10415147593342282
ear q2 & frog q3,-0.0005064507256984059,-1.8214599087628387,-0.7720272683156074,rejected,0.05594115169745149,0.4400982773126981
ind_mom60 q0 & r5 q1,0.0003107143053104213,0.6855227551799394,1.906954056441761,rejected,0.1850528996371822,0.05652653719720528
close_loc q1 & ind_mom60 q0,0.00017896769487571123,0.003228077510721368,2.579290414369919,rejected,0.0805323478786481,0.009900351507938738
close_loc q1 & frog q1,0.00012461947391165064,-0.30369357469137637,2.278719921593385,rejected,0.0,0.022683719741443745
ev_red_flag q2 & frog q1,0.00032000539093605317,0.24735867503213996,2.3345496734812743,rejected,0.12385704145085627,0.019566958235804226
close_loc q3 & r5 q2,-0.00030903947263199587,-0.4859653934877083,-2.0948127078489236,rejected,0.20317026718233036,0.03618764500838056
ev_agreement q2 & r120 q2,0.00023810055761345987,1.154772466948019,-1.4259999360112556,rejected,0.0,0.15386836052716585
r20 q1 & vol_surge5 q3,0.0002754517794225416,0.43502442202808017,2.1430801382502294,rejected,0.217543007382036,0.03210666401475804
r120 q2 & skew60 q2,0.00013385683668624027,1.0059842129527705,-1.567324098241484,rejected,0.0,0.1170389553659277
ear_volsurge q3 & ind_mom20 q0,0.00012583846503413904,-0.2583797305892711,2.3122389953240745,rejected,0.0,0.020764516436090345
ins_opportunistic30 q2 & vol_surge1 q2,1.09999130626983e-05,-0.6407264928584899,1.9291625431399544,rejected,0.0,0.05371068661039502
earn_in_week q1 & rel_ind60 q2,-0.0003966784419264475,-1.5277526544146838,-1.0358979576169394,rejected,0.038375697794529706,0.3002497505611579
close_loc q4 & r5_news q2,-0.00017370011479410702,0.21064024373221532,-2.3512340585041427,rejected,0.0,0.018711259732135416
ear_volsurge q3 & r20 q1,3.0705295546514004e-05,-0.5028728361748229,2.0587511642902085,rejected,0.0,0.039518082119891614
ins_buyers30 q2 & r60 q3,0.0004642069441968191,1.1721887339116426,1.3848392922389845,rejected,0.10799323048750012,0.16610161334242315
days_to_earn q2 & ear q0,0.0002836558356186392,0.945794943390715,1.607763275142479,rejected,0.15056176088457573,0.10788703451291831
close_loc q1 & ev_offering q2,0.000356137152079169,0.5670829713006761,1.9842974923525605,rejected,0.19064153660389146,0.047222685577486996
frog q1 & range_compress q2,0.00021730797461054285,0.04867380165685573,2.502576210632937,rejected,0.10464013294486207,0.01232930777163034
close_loc q4 & ins_opportunistic30 q2,-0.00022463567215721375,0.09918699058566238,-2.4516593730576917,rejected,0.0,0.01421992000186826
ev_agreement q2 & r1 q1,0.0003287020515523083,0.48202181298808244,2.0684794618167337,rejected,0.21460264305820403,0.03859495993405637
ear_volsurge q4 & vol_surge5 q3,0.0003286061759594353,1.2654423407998132,1.282155624627024,rejected,0.09409180870975128,0.19978805933588442
ev_offering q4 & ev_red_flag q2,-0.00014551672900682837,0.023472095721252032,-2.520164753211343,rejected,0.0,0.011729991665506418
overnight20 q4 & vol_surge5 q3,0.0002594773779842919,1.5954615653360025,-0.9477668441580663,rejected,0.0,0.34324816309553174
r5 q1 & vol20 q2,0.0005000988691299002,1.4605574158955994,1.0792253455234095,rejected,0.04462816623931961,0.2804872835433419
gap_today q0 & max20 q3,0.00018149850840165583,0.009160533449320635,2.5293614146860364,rejected,0.08801996012907586,0.011427029150132474
r20 q1 & skew60 q0,-0.00015297268869880894,-1.136025758792409,1.400759420037564,rejected,0.0,0.1612860272622974
dist_ma50 q1 & ev_offering q2,0.000508213363207989,1.383260913275995,1.1515374034369523,rejected,0.054348298256269,0.24951121670484172
days_since_earn q4 & ev_offering q2,-0.0006559696166533804,-2.3779670883103434,-0.1547859532494974,rejected,0.02906659514030232,0.8769900654239696
ind_mom60 q0 & r1 q0,-9.152752840123124e-05,-1.153762587795781,1.3778817951584237,rejected,0.0,0.16823978649625052
close_loc q1 & gap_today q0,5.2997909437393226e-05,-0.3622322569102575,2.1678909147745653,rejected,0.0,0.03016698727546888
r5_nonews q4 & vol_surge1 q2,-0.0003536334684160763,-1.2426871148612695,-1.2868122601304957,rejected,0.098806957193226,0.198159732628203
close_loc q1 & r5_nonews q3,0.00021444404121357015,1.3122505907903648,-1.2158492925136608,rejected,0.0,0.22404233743877966
ev_red_flag q2 & r1 q1,0.0003115596137376777,0.4011173418532703,2.12572390093437,rejected,0.20705634181504215,0.033526255617137936
frog q1 & r5_news q2,0.0003055199986916703,0.2115045940726622,2.3098173612785966,rejected,0.13841694483259528,0.020898267709194562
ear q0 & ev_agreement q2,0.00022786682042106533,0.006134202906256208,2.512199521472841,rejected,0.09412045230542489,0.011998123232806095
ev_shelf q2 & r1 q1,0.00029455311021772283,0.3290579301921617,2.1876821284262937,rejected,0.18183081501012832,0.0286927647546261
gap_today q0 & r1 q0,-4.13092203074696e-05,-0.7675727616259459,1.741786052460124,rejected,0.0,0.08154588816206354
news5 q2 & vol_surge5 q4,-0.0005104595990143623,-1.551113012360294,-0.9581308666792834,rejected,0.05155165721650016,0.3379967725292793
dist_ma200 q2 & r60 q0,1.5695706510196407e-05,0.7893856973003499,-1.7187019787527638,rejected,0.0,0.08566865155875818
close_loc q4 & ev_agreement q2,-0.00013404217501752525,0.3048726706390677,-2.2010263953435825,rejected,0.0,0.02773415528256652
close_loc q4 & r5_nonews q3,-3.015413255076808e-05,0.5703326555809352,-1.9349885374905693,rejected,0.0,0.05299170230184852
gap_today q0 & rel_ind60 q0,-3.7769210361525085e-05,-0.8171096552483509,1.685778317408101,rejected,0.0,0.09183850555968108
rel_ind60 q0 & vol_surge5 q3,0.00019621079066233342,0.14901184520348104,2.352987440307661,rejected,0.1095516166737555,0.0186232631125017
close_loc q4 & ear_volsurge q2,-0.00025076666460739936,-0.3236624059661122,-2.1779239480078427,rejected,0.19164535982082018,0.029411699259346575
ev_agreement q2 & rel_ind60 q0,-0.00014429300878217262,-1.0065720491485188,1.4933693564204362,rejected,0.0,0.13534052972041397
earn_in_week q1 & skew60 q2,8.70750956837374e-05,0.9482192746322287,-1.5498546132777054,rejected,0.0,0.1211764153666373
ind_mom20 q1 & min20 q2,0.0002148495939076264,1.293297751223984,-1.2046636405558022,rejected,0.0,0.2283331777670803
ind_mom20 q0 & vol_surge5 q3,0.00011918470255333257,-0.239047911082462,2.258430673285994,rejected,0.0,0.023918822202351538
days_to_earn q1 & ind_mom20 q1,0.00036606455332693195,1.8456417678868162,-0.646353891979716,rejected,0.0,0.5180501936702256
close_loc q4 & ev_agreement q4,-0.00019443346842741612,-1.171807755276779,-1.319792066978941,rejected,0.10665836534624622,0.18690445096152886
ear_volsurge q3 & ind_mom20 q1,0.0005550474905234429,2.4087441323946015,0.08123188903166322,rejected,0.03145151835875446,0.935257539527364
vol20 q2 & vol_surge5 q3,0.00044855058931292347,1.3376511097350947,1.1503301789362144,rejected,0.05471650526456562,0.25000790545564033
days_to_earn q2 & r1 q1,0.00034861489677487064,0.885930430913027,1.600652885849231,rejected,0.14983369903494084,0.10945382174614061
ev_offering q4 & skew60 q0,-0.00011204770584283492,-0.5844624499620897,-1.9006673311805682,rejected,0.17003038736441192,0.057345600176190156
min20 q2 & vol_surge5 q3,0.0002840718701517445,0.3668756435356292,2.1165135228469945,rejected,0.1997696275615479,0.03430115632380121
ev_offering q2 & r1 q0,2.1447885563814614e-05,-0.6015491176745326,1.8813714781812745,rejected,0.0,0.0599214039143418
ins_opportunistic30 q2 & r5_news q0,-0.0002051053675632846,-0.7232143745589231,-1.755684354152737,rejected,0.16087816617055553,0.07914231978222755
r1 q4 & skew60 q4,-0.0002993565492058362,-1.5436278412537188,-0.9332098571253559,rejected,0.05547590451838355,0.35071162631948355
ear q0 & vol_surge5 q3,2.349883854079644e-05,-0.5588348977245996,1.9116460655694896,rejected,0.0,0.055921606520415
days_to_earn q2 & frog q2,-0.0002230001961026385,-0.05535392573773595,-2.413666197308037,rejected,0.09207752185137806,0.015792923480398267
skew60 q4 & vol_surge1 q2,-0.0002174920200731884,-1.432655522134721,1.0358066766933878,rejected,0.0,0.3002923420933717
mom_12_1 q2 & r120 q4,1.3170096316429209e-05,-0.6512348690619465,1.815314530921398,rejected,0.0,0.06947558718892384
earn_in_week q1 & ind_mom20 q0,-0.0002761344044384306,-2.0654999039566198,-0.4008344808455653,rejected,0.041198053796526,0.6885419906622865
days_since_earn q3 & vol_ratio q3,3.975163569540049e-05,0.6923120892778519,-1.7721111814005488,rejected,0.0,0.07637610322175191
close_loc q0 & frog q1,0.00022840066289310678,0.31441436329544337,2.1497771842388405,rejected,0.19978696465775836,0.03157284374955195
earn_in_week q1 & vol20 q3,-8.516529213099108e-06,0.586029788363026,-1.8720645895410448,rejected,0.0,0.06119766822097449
ev_offering q2 & vol_ratio q3,0.00023876060935006606,1.2980553102210606,-1.1591878164621567,rejected,0.0,0.24637963654566722
ev_offering q2 & r1 q1,0.00028981714950786143,0.323193223247492,2.133206616008755,rejected,0.19689934712857662,0.032907780640485336
atr_pct q2 & ev_red_flag q2,0.0006226435449594488,2.103547231803044,0.35021672136056403,rejected,0.04693469705279467,0.7261760586213548
r1 q1 & r5_news q2,0.0002870503549434897,0.3428145579921176,2.1035613396552857,rejected,0.1885932618140781,0.03541672930531233
close_loc q4 & vol_surge1 q2,-0.0003042074886793351,-0.6481264116660252,-1.795358672426729,rejected,0.15590938591877038,0.07259657254299838
ind_mom20 q0 & range_compress q2,-0.0002898753209038845,-1.4930618382191059,0.9462599965959922,rejected,0.0,0.3440159916475624
r60 q3 & range_compress q1,0.0002800623931868275,0.7116113077889216,1.7252057105162713,rejected,0.15743341846214326,0.08449040694095612
r1 q1 & r5 q1,0.0004250896546585821,1.2154843076940256,1.2202337469144742,rejected,0.08482251760129866,0.22237627727309606
r5 q1 & vol_ratio q2,0.0002772700018258444,0.2781212796373998,2.1565675250496796,rejected,0.19378323412991189,0.031039377156119385
ev_offering q2 & ins_opportunistic30 q2,7.362257507407871e-05,1.1417383791096039,1.292117358273687,rejected,0.09757457686019912,0.1963165054261958
close_loc q0 & ind_mom60 q0,3.5544637470580894e-06,-0.7380927180526788,1.6905567831314143,rejected,0.0,0.09092148456766681
range_compress q2 & skew60 q0,-1.1009850139710457e-05,-0.6260576933811871,1.8014079762580122,rejected,0.0,0.07163859988343999
ear q0 & ev_offering q2,0.0001564491496410801,-0.17829194926798747,2.2483825484608917,rejected,0.0,0.024551807019736884
close_loc q1 & skew60 q4,-0.0002103678452844936,-1.4664595994911545,0.9591966099259878,rejected,0.0,0.3374597079852976
rel_ind60 q2 & vol_surge1 q3,0.00031344462976255365,0.5290601978972472,1.895963025229899,rejected,0.16476994897509314,0.05796493393533405
frog q2 & r5_news q0,-0.00015978293497726217,-0.9872384085882288,-1.4373895705187878,rejected,0.09868509456118463,0.1506073305931994
ev_offering q2 & rel_ind60 q0,-3.0685070542022366e-05,-0.666861663551074,1.7536754122518365,rejected,0.0,0.07948614096189578
ev_agreement q2 & ev_offering q2,0.0001027098165030482,0.7966849907854523,1.6220355798964008,rejected,0.14477446714624972,0.10479573009831335
r20 q1 & skew60 q3,-7.536768738756245e-05,-0.8411017468317382,1.5772528815338263,rejected,0.0,0.11473734948514698
ear_volsurge q1 & max20 q2,0.0005469337607701738,1.7812908437075512,0.6353826306675259,rejected,0.07468043523704838,0.5251788935566568
close_loc q1 & r1 q4,9.554929996592611e-05,0.7955018487283574,1.6140934846536035,rejected,0.14000169490214293,0.10650715039690753
close_loc q1 & ev_offering q4,-0.00014536060159052022,-0.7572394916316606,-1.650817088541231,rejected,0.13193098330923658,0.09877592969379001
ev_agreement q2 & frog q4,0.0003524305611089793,0.601174369977112,1.806652792002513,rejected,0.15185008631493563,0.07081643266061599
close_loc q1 & r20 q1,0.00039018984377852474,1.0109773610792065,1.3925788715324288,rejected,0.10506428193861977,0.16374717585753817
atr_pct q3 & vol_surge5 q3,0.0002588958275895915,0.45774502429141034,1.9450516015871346,rejected,0.17563461456655927,0.0517687680767754
ear_volsurge q2 & ev_offering q4,-1.133756569290771e-05,0.5935214654615276,-1.8076689016517404,rejected,0.0,0.07065804744702812
ear q2 & vol_ratio q2,-0.0003206635738834768,-0.6699590660000961,-1.7306845356355343,rejected,0.15462605788571762,0.08350804489806651
ins_opportunistic30 q2 & r5 q1,0.00042069002663231906,1.0080724622200266,1.3921777772107773,rejected,0.10608287255907778,0.1638685704786259
close_loc q1 & r5_news q0,-0.00011940971727580388,-0.5574299365725051,-1.8416094978556394,rejected,0.1563978498180591,0.06553229075288956
r1 q1 & skew60 q2,0.0003027982647130716,0.550604644050008,1.8480473139585047,rejected,0.1578812739912421,0.06459549851989775
frog q4 & max20 q3,0.00011540929891450963,-0.12292455328790759,2.2744970014307087,rejected,0.0,0.02293612118787146
ear q2 & r60 q0,-0.0003851837522373317,-2.012500995624229,-0.379765791144053,rejected,0.04220718550243403,0.7041192779377392
ear q0 & ev_shelf q2,0.00014865105984080478,-0.19607597242584623,2.1961895539541207,rejected,0.0,0.02807837874710173
max20 q3 & r5_nonews q0,0.0002485085713850784,0.8015196563397582,1.5903215219754474,rejected,0.14866005255241913,0.11176234980376701
earn_in_week q1 & rel_ind60 q0,-9.199334224649269e-05,-1.4046705322751183,0.9867419430888885,rejected,0.0,0.3237691625503411
close_loc q4 & r1 q4,-0.0002865252556140697,-0.5822219016392765,-1.8072142532494846,rejected,0.14916098039410147,0.07072887942159076
r20 q1 & r5_news q2,0.00013900813874535728,-0.1957805231318874,2.193254742592841,rejected,0.0,0.0282890303970671
close_loc q4 & skew60 q4,-0.000187289838528514,-0.2883719288130678,-2.0992759637516656,rejected,0.18298080198787295,0.03579258100090948
r120 q4 & r5 q2,0.00021200064517925025,0.3850111844997508,1.9981984468479876,rejected,0.16860982822909884,0.045695149869436257
close_loc q0 & vol_ratio q3,0.00027541049323381785,1.5544121252910654,-0.8273503897743503,rejected,0.0,0.4080384907389571
dist_ma200 q2 & ev_shelf q2,-9.721114223552462e-06,0.5662559375204332,-1.8111922471526016,rejected,0.0,0.07011109789834652
close_loc q4 & r60 q4,-0.00015739435446918612,-0.411498613731037,-1.965078105411121,rejected,0.16798483729641747,0.049405198272035815
max20 q2 & r5_nonews q3,-0.00024398728994579294,-0.2294233041443453,-2.1455546536919186,rejected,0.19082128940682813,0.03190852658240283
ind_mom60 q0 & min20 q2,-0.00012857528011991752,-0.9973851413584381,1.3750133979097656,rejected,0.0,0.16912729106024083
ins_opportunistic30 q2 & r60 q4,-0.00030624677038687965,-0.7715897226514077,-1.598422186559713,rejected,0.1433770656147181,0.10994905021219198
close_loc q1 & ev_agreement q2,0.0003681716132980458,0.7240357899407056,1.6454712975709473,rejected,0.12777946236404208,0.09987265699812077
ind_mom20 q1 & vol20 q3,0.00032877023263820355,1.6637133085022542,-0.7050055640861767,rejected,0.0,0.4808067735382114
dist_ma200 q2 & ev_agreement q2,-0.00015186836376045114,0.15758545191595857,-2.20919120678074,rejected,0.0,0.02716134425075841
days_to_earn q0 & vol_surge5 q1,0.00032275151037798583,1.705538790639138,-0.6571584925139676,rejected,0.0,0.511079011622372
ev_offering q4 & ind_mom20 q0,-0.00010648053217766736,-0.9748502827392523,-1.3837210400334832,rejected,0.10364882874077593,0.16644388855223288
dist_52wh q3 & r5_nonews q4,0.00027391814791791354,0.9453182627458278,1.4125340489386677,rejected,0.09849101958848397,0.1577927724712841
dist_ma50 q0 & vol_ratio q4,-0.00030145932304029375,-1.652969740211809,0.7040282535845975,rejected,0.0,0.48141517867452693
earn_in_week q1 & min20 q2,0.00025752369442475404,0.6080408292521885,1.7478807313709896,rejected,0.15390385227898923,0.08048468204284183
max20 q3 & vol_surge5 q3,0.00024733454468766334,0.333858010168049,2.0217444684520927,rejected,0.18349380742220814,0.043202757321975364
ear q0 & rel_ind60 q0,8.264136238832701e-05,-0.2350522807926683,2.119115447169448,rejected,0.0,0.034080711571227
atr_pct q4 & max20 q1,-8.142846002830615e-05,-0.6364742623543448,-1.7161205441103966,rejected,0.15633934343780131,0.08613998182688845
ind_mom60 q1 & intraday20 q2,0.0005459420154549473,2.089571924816588,0.26230119562135945,rejected,0.028325538873391582,0.793089240316261
frog q4 & gap_today q0,0.00019675520606752107,0.4399125281830779,1.9111274772558802,rejected,0.16818845033348037,0.055988200842536105
ind_mom60 q0 & r60 q4,-5.5214657471048955e-05,-0.9973415176405244,1.3535947491521638,rejected,0.0,0.17586570305569596
ind_mom20 q0 & r1 q0,3.229004762885032e-05,-0.5844692132066756,1.7662515696001988,rejected,0.0,0.07735365275070401
vol20 q3 & vol_surge5 q3,0.0002154882922110639,0.24828296463387808,2.1006948371006646,rejected,0.17689653337458477,0.03566776283420709
dist_ma50 q3 & gap_today q3,-0.0004456366545635524,-1.4304177006852745,-0.9125820411508146,rejected,0.059999949081051836,0.3614624030625348
atr_pct q3 & max20 q3,0.0002454609568978099,0.2855886942914257,2.0570525451148223,rejected,0.1903707392605583,0.039681171756041626
overnight20 q4 & rel_ind60 q4,-0.00021099957062657287,-0.7990935159358591,-1.5417218623616062,rejected,0.12509693888504206,0.12314119692095131
atr_pct q3 & r20 q1,0.00024183934044241467,0.40853981289459274,1.930819489493702,rejected,0.1635495624735507,0.05350537929852965
days_to_earn q2 & r20 q1,0.0003439426844930969,0.7715726194993188,1.565532152929395,rejected,0.15174082093946284,0.11745818439560816
days_to_earn q4 & rel_ind20 q3,0.00027204981744785584,0.4398995462927752,1.8954961394456484,rejected,0.1587215914069663,0.05802670271174095
frog q2 & ins_opportunistic30 q2,-0.000291253256954991,-0.3185418858513924,-2.0158799944184773,rejected,0.1837000724499024,0.04381252603117552
min20 q2 & r1 q1,0.00033749245116069377,0.7223569843295594,1.611588159859499,rejected,0.1384425986336746,0.1070515888872502
frog q1 & vol20 q2,0.0005450076389524361,1.9727358508914081,0.3564510922752004,rejected,0.051591259248113655,0.7215027725328156
close_loc q1 & rel_ind60 q0,0.00019819971278901423,0.44566777959001125,1.882148158537409,rejected,0.14881564895742846,0.059815902159337714
r120 q2 & rel_ind60 q4,0.0002585671075462212,1.701203714553403,-0.6254614116313021,rejected,0.0,0.5316682671943512
atr_pct q3 & r5 q1,0.00025171777120649227,0.424868783968477,1.8996622186950887,rejected,0.1581927607584505,0.057477461449658554
dist_ma50 q1 & r120 q3,-0.00017269159188234014,-1.1969399646101526,1.1269184520364064,rejected,0.0,0.25977696105411546
ind_mom60 q0 & rel_ind60 q0,-0.00019738896475271324,-1.68571491928245,0.6357415508903015,rejected,0.0,0.524944889324426
gap_today q4 & ind_mom20 q1,-0.0001021886771924015,0.04762215335121732,-2.273202710536085,rejected,0.0,0.023013967039264515
frog q2 & r20 q4,-8.955598499801935e-05,0.09139336947002012,-2.2242839249363975,rejected,0.0,0.026129347557462476
r5 q1 & vol_surge1 q2,0.00022567878658826874,0.32282418877590374,1.9896676790279084,rejected,0.16097224182197872,0.04662755535586942
ear q0 & ev_red_flag q2,0.00023316720441759746,0.04232955525288362,2.2698856468697315,rejected,0.13776565216604852,0.023214522196892913
frog q2 & vol_surge5 q3,0.00031001170677580673,0.8447427425762626,1.4666349765889217,rejected,0.10081826745343903,0.14247537995730677
close_loc q3 & rel_ind20 q0,-0.00020046533888146495,-1.4361746393916432,0.8736305733249131,rejected,0.0,0.3823194708126714
r1 q1 & range_compress q2,-2.695196114039107e-05,-0.6181763321624629,1.6907650766230076,rejected,0.0,0.09088167968585985
r20 q1 & vol_surge5 q2,-5.0402004552025765e-05,-0.6748024744116239,1.6334203749161031,rejected,0.0,0.10238061470902342
rel_ind60 q0 & vol_surge1 q2,0.0001698733373719905,0.2345953448212735,2.0712648486226746,rejected,0.18295600991866606,0.038334052321090904
rel_ind60 q4 & vol_surge5 q2,0.00021039538116295834,0.5424140856983061,1.7631009001584106,rejected,0.14830900577722816,0.07788347344954555
ear q0 & ins_opportunistic30 q2,0.00017353083832658507,-0.09706322422795753,2.2083229913388123,rejected,0.0,0.02722176573231982
ear q0 & vol_surge5 q2,-6.801082015837391e-05,-0.8897698189960792,1.413837406616765,rejected,0.0,0.15740964766145712
mom_12_1 q0 & vol20 q3,-0.0001435403983122927,-1.157877594144867,1.1446359348104025,rejected,0.0,0.25236000006547166
ind_mom60 q3 & news5 q2,0.00011321272072497367,0.9646752228231373,-1.334729342206546,rejected,0.0,0.18196494646957487
atr_pct q3 & ins_opportunistic30 q2,0.00037520301372807966,0.7980779296842629,1.5010100169190241,rejected,0.10844445532769399,0.13335297074422084
r1 q0 & r60 q4,-0.00021594763115345567,-1.5475380315473592,-0.7500841097012771,rejected,0.0637831456490227,0.4532040491926232
ev_offering q2 & max20 q3,0.0003361006911643342,0.6170233315129686,1.6799094452018288,rejected,0.1447027640886436,0.09297493582020244
frog q2 & skew60 q0,-0.00033027084522291344,-1.419940785144428,-0.8753834120607435,rejected,0.04718889310002158,0.3813653223653093
ev_offering q4 & vol_surge5 q3,-0.00012937340483874194,-0.9394393747968155,-1.35292375578188,rejected,0.10233315856348585,0.1760799892798306
close_loc q1 & max20 q3,0.0003677018021039136,1.4536897634589407,0.8378900117026781,rejected,0.05462576979279311,0.40209247898983214
gap_today q3 & rel_ind60 q0,0.0003823466206310259,1.616297685769107,0.6745240076533847,rejected,0.06827484609514357,0.4999782278168014
earn_in_week q1 & skew60 q0,-0.00022300333851592397,-1.4831329397257904,0.8065254316343156,rejected,0.0,0.4199399502428936
close_loc q4 & ev_red_flag q2,-0.00025785304129887757,-0.08378107777433638,-2.2056751462819664,rejected,0.15753065138132566,0.02740675332113508
frog q2 & vol_surge1 q2,-0.0005015403814806487,-1.9630961924263528,-0.3255695368482472,rejected,0.046519718873933115,0.7447500635308697
atr_pct q1 & ear_volsurge q4,0.00024384208609036395,1.448845038211688,-0.8369364073120836,rejected,0.0,0.4026283144275987
r1 q1 & rel_ind60 q0,0.00022153886889512888,0.5935423853972004,1.6899497663388752,rejected,0.14342452964245125,0.09103756543320883
frog q3 & max20 q1,0.0005130089752901708,1.8338056302368668,0.4495177006894182,rejected,0.039874784473036384,0.653058242114374
ear q0 & r60 q0,0.0001349658632445103,-0.05026323864212164,2.226113356154731,rejected,0.0,0.02600658953859994
max20 q3 & vol_surge5 q2,0.00031578538956951994,0.9489796076991065,1.325013340116096,rejected,0.10349348746112641,0.18516672678803794
ev_offering q2 & r60 q4,-0.0003287798201366013,-0.9474454214584086,-1.3265135612690635,rejected,0.10275363757614372,0.18466964619780168
ev_agreement q2 & max20 q3,0.0003173921789733664,0.5532241951535767,1.7203146288550748,rejected,0.14739985989177848,0.08537526572338909
frog q1 & ind_mom60 q0,0.0003107992971351721,0.9265633800606503,1.3468010658552358,rejected,0.10780296045098166,0.1780443113785673
frog q2 & min20 q2,0.00028592900542755183,1.4339392131023994,-0.8392922714747121,rejected,0.0,0.40130531908632594
ev_offering q2 & ind_mom20 q1,6.858104400390779e-05,0.7346864558867016,-1.5364321519733801,rejected,0.0,0.12443242623794074
frog q1 & ins_opportunistic30 q2,0.0003266551711361308,0.5239414560603437,1.7464332329242012,rejected,0.14851240915296046,0.08073569942863233
ev_agreement q2 & vol_surge1 q2,0.00018137883180777687,-0.10468898795156727,2.1655645500989906,rejected,0.0,0.03034447776907242
r1 q4 & r20 q1,-0.0001816076886013542,-1.3177869902954078,0.9493483968619889,rejected,0.0,0.34244344644812197
close_loc q0 & ev_red_flag q2,0.000263108386128524,0.18572498368505388,2.080344838603559,rejected,0.17530215377828806,0.03749391487209023
r120 q2 & skew60 q4,0.00020695272752818526,1.249961435932038,-1.015788481734912,rejected,0.0,0.3097301221679778
r5 q0 & rel_ind60 q1,0.00034300577684054167,1.1545833617327248,1.110611856715845,rejected,0.05467323652874206,0.26673545696861073
ear q0 & r5_news q2,0.0002715056917309503,0.37178520176851576,1.8889044819095286,rejected,0.1454352255059493,0.05890462881909973
max20 q2 & vol_ratio q0,0.00026797224032693007,0.5767988823317434,1.6795485307400906,rejected,0.1432095542857075,0.0930451889530482
ind_mom20 q0 & r20 q4,0.0001672390241210324,1.0582980648995826,1.1978716727793304,rejected,0.07016252377445847,0.2309669791941366
r1 q1 & vol_surge5 q2,0.0001799658172637359,0.009451565759810009,2.243633294153827,rejected,0.15255994495530448,0.02485600524749084
gap_today q4 & ins_opportunistic30 q4,-0.0001368078196707425,-1.5350833366220635,-0.7172136878622517,rejected,0.06116564759990411,0.473242254704211
atr_pct q3 & skew60 q3,0.00024091418743423402,0.3815278444330601,1.8707249250263085,rejected,0.1417200832359032,0.061383218179712366
max20 q3 & r5_news q0,-0.00022173675699625506,-1.4753705323940958,-0.7752512311610331,rejected,0.052639207527859326,0.43819122085951134
earn_in_week q1 & rel_ind60 q4,0.00010741702827485402,1.2194044106707473,-1.0284235535828508,rejected,0.0,0.3037506337453447
earn_in_week q1 & ev_offering q2,-0.0003127060914136607,-0.5801645269390092,-1.6674867399909479,rejected,0.13752800319462835,0.0954176589179686
frog q1 & r60 q0,0.00017299435183523563,0.027544561322121828,2.2130667991038413,rejected,0.14739615981165932,0.026893040661488732
earn_in_week q1 & ev_red_flag q2,-0.00029243318423877656,-0.5738093664050562,-1.6661683397398097,rejected,0.13777277000015203,0.0956798899985428
gap_today q4 & vol20 q2,0.000270353548308203,1.5098614700101853,-0.7286708103696652,rejected,0.0,0.46620305223319597
close_loc q1 & ev_red_flag q2,0.00034398588569051604,0.6711685379468799,1.5657105509696354,rejected,0.1461951488987941,0.11741639507682704
gap_today q4 & r1 q4,-0.00017306977117597852,-0.36387457202099405,-1.8685332195355193,rejected,0.1409570149089338,0.06168778423547469
frog q2 & r5_news q2,-0.00016488254094761646,0.15410696289739026,-2.076131769081385,rejected,0.0,0.03788176563810477
ev_red_flag q2 & ind_mom20 q1,9.603849022049163e-05,0.7869806525320687,-1.4425174901965527,rejected,0.0,0.14915644112496387
ev_shelf q2 & max20 q3,0.0003184810999586537,0.5682947555661149,1.6610851316677164,rejected,0.1270316481924471,0.09669635016372308
max20 q3 & rel_ind60 q0,0.00017110614448779865,0.38589321500005,1.8428813735310432,rejected,0.1441830442693171,0.06534633240999396
ear_volsurge q3 & log_dv q2,0.0002870538917766408,0.7303296269266032,1.4981833589671143,rejected,0.10382606369768575,0.1340856179666263
ev_offering q2 & gap_today q4,-0.0003018336587225667,-0.6032496897613027,-1.6209306638482235,rejected,0.13320638803781948,0.1050325096649007
r1 q0 & rel_ind60 q0,-3.1365595532527134e-06,-0.5297692207844358,1.6930197493443624,rejected,0.0,0.09045170807723528
r1 q0 & r5_news q0,-0.00013710965623163154,-0.9700650490080436,-1.250312306757174,rejected,0.07945187577111854,0.2111854845140146
skew60 q0 & vol_ratio q2,-8.242678331950392e-05,-0.8459291904761881,1.3743930561072348,rejected,0.0,0.169319690725995
ev_offering q2 & skew60 q3,0.0003724286023930418,0.8509901678131047,1.365502319385965,rejected,0.09731315355518617,0.17209522460707619
r5_news q0 & r60 q4,-7.64406902847632e-05,-0.8021890193061203,-1.412296182903817,rejected,0.09491953451418461,0.15786276986832842
ind_mom60 q0 & vol_surge5 q3,0.00016346133029122484,-0.08679798165598426,2.1271930880876257,rejected,0.0,0.03340404319820183
days_to_earn q4 & vol_ratio q1,1.1293502571054488e-05,-0.5678224833643818,1.6461064924991606,rejected,0.0,0.09974183598748179
ear q0 & vol_ratio q3,0.00029224932757529454,1.2518460760051875,0.9605520731612542,rejected,0.04463891779234615,0.3367774363904442
ear_volsurge q0 & skew60 q0,-0.00030718472778764136,-1.9695119840912059,0.2403841354391905,rejected,0.0,0.8100324757811457
close_loc q0 & ev_offering q2,0.0001447386755382117,-0.21709481957353421,1.9881094412109483,rejected,0.0,0.04679958743247934
r20 q1 & vol20 q3,0.00030443641417146725,0.9864238254133079,1.213912695580397,rejected,0.0789768724772028,0.2247810643840585
gap_today q4 & r5_news q0,-0.0001136216586517255,-0.9570370969700285,-1.2417434173229909,rejected,0.08097541407081532,0.21433124528052416
intraday20 q0 & news5 q1,-0.00019072924719898868,-1.0989406961209713,-1.0996234133683265,rejected,0.05003721861754067,0.2714962363134561
ev_offering q2 & frog q4,0.00028031360239969184,0.3459179898673087,1.8472431481482525,rejected,0.14270671531775292,0.06471190843838646
ind_mom20 q0 & r1 q1,-4.360524751673805e-05,-0.6911595888372111,1.501757001677852,rejected,0.0,0.13315987672099205
frog q1 & skew60 q3,0.00030802238981163395,0.9447645943268899,1.2469019088567446,rejected,0.07703854615643037,0.21243346674800778
frog q1 & ind_mom20 q0,-5.948372542115667e-05,-0.7961121840336567,1.3945159999769094,rejected,0.0,0.16316184132221814
rel_ind20 q0 & vol_surge5 q2,0.0002903628483882865,1.0108341084787809,1.1783650934117724,rejected,0.06915886524890484,0.2386510874951705
ev_agreement q2 & frog q2,-0.00030529753240274385,-0.48509074306882705,-1.7015573728422961,rejected,0.13281186779416038,0.08883837411827226
max20 q3 & r1 q1,0.00020333525394520752,0.316789191171293,1.8661265727677216,rejected,0.1408228471293555,0.06202365902891723
close_loc q4 & ev_offering q2,-0.00022113383029030112,0.004411382150624538,-2.178347684104325,rejected,0.0,0.029380161620824047
frog q1 & r1 q4,-0.00024675815512188737,-0.7534195546161353,-1.4269721904996673,rejected,0.09448013865259178,0.15358791064569108
dist_ma200 q2 & vol_ratio q3,-2.380068800701024e-05,0.5221143752741627,-1.6578049841445606,rejected,0.0,0.09735683499647135
ev_offering q2 & r5_news q0,-0.00020226856136174257,-0.8929012597083039,-1.2822145506851754,rejected,0.08439444872712488,0.19976739327561385
ear_volsurge q2 & r20 q1,-7.93715168963704e-06,-0.5358756711250984,1.631580120282916,rejected,0.0,0.10276796893296264
close_loc q1 & ind_mom20 q1,0.00012656600042323048,0.9374165435870238,-1.2227763941313838,rejected,0.0,0.2214141637126299
max20 q3 & vol_ratio q2,0.0002265905951416119,0.38657214630411674,1.7729729677809898,rejected,0.1341559803805683,0.07623318630895906
gap_today q0 & r5_news q0,-0.00012924093113479395,-0.7488800648895395,-1.4044939811137045,rejected,0.09138367003057518,0.16017180273227588
atr_pct q3 & vol_ratio q3,0.0003570231770919498,1.108913007965665,1.0436715331281448,rejected,0.03740754103630269,0.29663738470100176
dist_ma50 q4 & vol20 q2,0.0003287096658214822,1.0238294509526564,1.1263821100628895,rejected,0.05838540061025069,0.26000381585987037
frog q2 & skew60 q4,-0.00038497678972054366,-1.4821372935979193,-0.667401807245375,rejected,0.06783436158909337,0.5045155118272544
atr_pct q3 & ind_mom60 q3,0.0002948600818857874,0.9226581174424165,1.224895220946169,rejected,0.08080964481193997,0.22061470129502234
atr_pct q3 & r60 q4,0.00015199382772681304,1.1060441792627835,-1.0410076677161635,rejected,0.0,0.2978719895789343
close_loc q0 & r1 q0,7.993144546014313e-05,-0.3371933990410046,1.8088535857732118,rejected,0.0,0.07047375279044664
ind_mom20 q0 & max20 q3,6.640168450054808e-05,-0.29774306523223953,1.8452880312420563,rejected,0.0,0.06499565061197254
ind_mom60 q3 & r1 q0,-0.0001809194092297577,-1.3658150971442178,0.7769830547198463,rejected,0.0,0.4371687678806067
ev_agreement q2 & ind_mom60 q0,-3.748352361593174e-05,-0.7198299140200819,1.413919095911875,rejected,0.0,0.1573856584127508
close_loc q0 & skew60 q4,-0.0003273562542317991,-1.4744040766894755,-0.659067526698431,rejected,0.07220861160833861,0.5098524072900861
frog q0 & r1 q0,-0.00022101087683212142,-0.7493117170573247,-1.382621713496346,rejected,0.09695853160753211,0.16678088763106477
r20 q4 & vol_surge1 q2,-0.00032617936555712007,-1.4248896884852342,-0.7063599637777064,rejected,0.06340183853079487,0.4799643118979068
ind_mom20 q1 & r5_nonews q3,0.00016162795204973106,0.9810482842695619,-1.149752507910767,rejected,0.0,0.2502458209756135
gap_today q0 & vol20 q2,0.00026263156158768183,0.5752028577495372,1.554863307680136,rejected,0.13166879414875368,0.11997862771361
range_compress q1 & skew60 q0,0.00020275372627980498,0.09107057051529706,2.0379981620135386,rejected,0.15621939199423296,0.04155011668399142
r1 q0 & range_compress q2,1.373992099795699e-05,-0.5033844754125182,1.6242661903100732,rejected,0.0,0.10431900970406686
gap_today q4 & r60 q4,-9.483598955909685e-05,0.016311705009218348,-2.1109452180900767,rejected,0.0,0.034777020817161795
ind_mom20 q1 & rel_ind60 q4,-3.821357480857358e-05,0.20299046136114654,-1.9224341367568318,rejected,0.0,0.054551153648700945
ear_volsurge q2 & ev_offering q2,-0.0004151245481749696,-1.2593544400231864,-0.8656383466347313,rejected,0.04990302720969784,0.3866885197775212
ev_offering q2 & frog q3,0.00020612601941122873,1.1152630657308296,-1.0088338074944783,rejected,0.0,0.3130543444832886
min20 q2 & vol20 q3,0.0002591516445827444,0.4632911726210106,1.6570908093014902,rejected,0.11716854791600462,0.09750111699820942
gap_today q4 & rel_ind60 q4,-0.00011055676196197225,-0.13238763238111248,-1.9862591977869346,rejected,0.14621141656148876,0.047004550703662155
atr_pct q3 & rel_ind60 q4,0.00034674048268549287,1.719882449411086,-0.39758997847410726,rejected,0.0,0.6909324488609284
r20 q1 & range_compress q4,6.258691888847007e-05,-0.3207414924366701,1.7953441321354677,rejected,0.0,0.07259888772620228
r5_nonews q3 & vol_surge5 q2,0.0004394584090893107,1.5321488420555287,0.5833618945295235,rejected,0.0664170219236419,0.5596497041423341
rel_ind60 q0 & vol_surge5 q2,0.00025193515670523495,0.919433586197417,1.1955977539356915,rejected,0.0711290241603716,0.2318535683918126
ev_offering q2 & vol20 q3,0.00034166262884943505,0.7173429471623787,1.3976801510727601,rejected,0.09100227769539723,0.16220913736968257
r60 q4 & vol20 q2,0.0002988743873169172,0.9840705767982061,1.124461735572451,rejected,0.05749825630442793,0.2608171946595023
dist_ma200 q2 & ev_offering q2,-0.00015666757501079496,0.09743358324918787,-2.0105677564155418,rejected,0.0,0.04437113267429232
ear q2 & skew60 q0,-0.00030164740388253575,-0.9490971137111391,-1.1531050996667838,rejected,0.050517677295002415,0.24886724872849028
frog q2 & r5 q1,0.00046669179051122314,1.7569569027283303,0.3444080234430921,rejected,0.04848966951638538,0.7305394557163638
max20 q3 & r120 q2,0.00033162580205260017,1.5940756929586433,-0.506838075722081,rejected,0.0,0.6122684379397401
r1 q1 & vol_ratio q2,-0.00010748532082214976,-0.8443389946196149,1.2559665820893098,rejected,0.0,0.2091280864092913
ev_offering q4 & rel_ind60 q4,1.8776202881191787e-05,0.8063691734759804,-1.2929725093366833,rejected,0.0,0.19602056724060987
close_loc q4 & vol_ratio q3,-0.0002400743306672752,-0.44396550460225304,-1.6545162622898382,rejected,0.1166214171053808,0.09802266187999867
ev_offering q2 & ind_mom60 q0,-1.2279973307903106e-07,-0.5991941443319623,1.4958039185786898,rejected,0.0,0.13470475991852807
close_loc q4 & vol_surge5 q2,-0.0003081341981200017,-0.8614150949706435,-1.232633280528707,rejected,0.08080068030137937,0.21771261443908588
mom_12_1 q3 & vol_ratio q0,0.0002122858420088546,0.1038938909904218,1.98840792389727,rejected,0.14082661189846876,0.04676659314984933
ear q0 & ind_mom60 q0,-2.5598145820219985e-05,-0.6325254437481181,1.4584183845665633,rejected,0.0,0.14472525624823968
ev_offering q4 & frog q4,5.8860239694956424e-05,1.100257475367279,-0.9875040885537122,rejected,0.0,0.3233955795665423
gap_today q0 & vol_surge5 q3,0.0003117508261054999,1.3661161137659221,0.7206892451014313,rejected,0.059064052216702224,0.47110073092634375
ev_offering q2 & r60 q0,-2.7349237397890946e-05,-0.6490257702832606,1.436438567432891,rejected,0.0,0.15087758532736822
frog q2 & vol20 q2,0.0004363657795381374,1.777450654747581,-0.3069238147171323,rejected,0.0,0.758901361847336
ear q2 & ind_mom60 q3,-0.00023576540881323747,-0.3242799634802307,-1.756824709227638,rejected,0.1307338624427182,0.07894769203756646
r5_news q0 & rel_ind60 q0,-8.721000661773998e-05,-0.6357615751207245,-1.4448440202185648,rejected,0.08780011552451535,0.14850170322294146
ev_offering q4 & min20 q2,-2.800855686437287e-05,0.492576443777394,-1.5841208084245237,rejected,0.0,0.11316622995828711
close_loc q1 & r5 q1,0.00023142116229777254,0.28126007932174746,1.7954216644329741,rejected,0.1289407330721996,0.07258654331577362
days_since_earn q2 & max20 q2,0.000157334881929021,1.0158133488984138,-1.057705617559172,rejected,0.0,0.2901896733911857
ind_mom20 q1 & r60 q4,-8.30037071161707e-05,-0.12270562373966534,-1.9447586918098498,rejected,0.14366380404030119,0.0518040279392528
min20 q2 & skew60 q2,0.0003525692450471395,1.5330555000611596,-0.531446124996165,rejected,0.0,0.5951096655650558
frog q1 & rel_ind60 q0,0.0001955234375042643,0.38286800794385606,1.6814484563307157,rejected,0.12888958424938962,0.09267584019926939
gap_today q0 & r1 q4,-0.0002150116572789875,-1.5988066661627824,-0.4627461985525578,rejected,0.0410502801378701,0.6435462994966479
ev_agreement q4 & ev_shelf q2,-0.00025504568018658243,-0.7166909664008924,-1.3437046196015798,rejected,0.09934804220835917,0.17904392290355867
close_loc q4 & ind_mom20 q1,-0.00016798835545141748,-0.23589612268953528,-1.8237397800234512,rejected,0.11972090474540338,0.06819142181909808
ind_mom20 q0 & ind_mom60 q0,-1.952687592004701e-05,-0.6548987658563125,1.4027657603469004,rejected,0.0,0.16068670033995677
min20 q1 & r5_news q2,0.0005080640915888554,1.6472395365335537,0.40966578531538766,rejected,0.03510356481234581,0.6820511319735318
r5_news q2 & vol_surge1 q2,0.0002929237128567235,0.48721643528604225,1.5681377744295484,rejected,0.12922676145442746,0.1168489825426223
ev_offering q2 & ev_red_flag q4,-0.00012438384639834176,-0.9644836076901502,-1.0900356208126987,rejected,0.04217074497148905,0.2756974533460721
ear_volsurge q2 & r1 q4,-0.0001808205905612591,-0.3492442629952123,-1.7051015558227254,rejected,0.12212431155526648,0.08817548551830301
max20 q3 & r20 q1,0.00011802566891685647,-0.06511083068979048,1.9888495575886662,rejected,0.0,0.04671781086053561
dist_ma200 q2 & r5_news q0,-9.539964195691615e-05,0.025135430281570236,-2.0276546325104405,rejected,0.0,0.04259550894636671
ind_mom20 q1 & vol_ratio q3,-0.00012449936167908276,0.06792629762505914,-1.9838347016139428,rejected,0.0,0.04727427024661662
days_since_earn q1 & r5_news q4,-5.628422368771925e-05,-0.9000091281141018,1.1514338810724647,rejected,0.0,0.2495537818924421
ear_volsurge q3 & skew60 q0,0.0001808330397880368,0.24050288604297027,1.8094852718447882,rejected,0.12488074143131916,0.07037564623164803
ind_mom20 q1 & vol20 q2,0.0004503700636962019,1.6313277627159213,0.41662513708750226,rejected,0.0313500575520351,0.6769526200291204
dist_ma200 q2 & vol_surge1 q3,0.00024326697636208717,1.1554551897260408,-0.8919230637736247,rejected,0.0,0.37243417153503466
days_to_earn q2 & vol_surge5 q2,0.0003926282374636512,1.2606647576284933,0.7832549850642283,rejected,0.0467803743454888,0.43347739168821814
ev_agreement q2 & ind_mom20 q1,-2.1161370747970454e-05,0.45311020327484863,-1.5902532043399056,rejected,0.0,0.1117777421384746
skew60 q2 & vol_surge5 q3,0.00040361830905050894,1.6951423025474746,-0.34697632424821845,rejected,0.0,0.728609105625396
skew60 q0 & vol20 q3,9.092782768874559e-05,-0.2796509784593175,1.7597524631422448,rejected,0.0,0.07844978626659128
overnight20 q4 & r5 q2,-4.561971209539995e-05,-0.76561853608957,1.2730577218062964,rejected,0.0,0.20299755993980587
ins_opportunistic30 q2 & rel_ind60 q0,-4.990886850075792e-05,-0.628719198814938,1.409193765443124,rejected,0.0,0.1587778807736991
r1 q3 & range_compress q4,0.00020821031311698423,1.1521955295975919,-0.8835342454280672,rejected,0.0,0.3769476882702279
dist_52wh q2 & r60 q4,5.352442590068705e-05,0.7903490392458515,-1.2415089082351862,rejected,0.0,0.2144178093844786
earn_in_week q1 & skew60 q3,-0.00026659742526196056,-1.004713226972741,-1.0269713560746965,rejected,0.03538112816101897,0.3044339520800374
frog q1 & vol_surge5 q2,0.0002897352702382623,0.6957221421286278,1.3332608724122925,rejected,0.09850657707756308,0.1824462092420924
atr_pct q3 & rel_ind60 q0,2.8313355436878895e-05,-0.3794161514656563,1.6479656369519493,rejected,0.0,0.09935972286992394
ind_mom20 q0 & vol20 q3,2.6944715645541584e-05,-0.4205861810070966,1.606744782173601,rejected,0.0,0.10811036558344664
ear_volsurge q2 & frog q1,0.00026087435473080915,0.5607955194443172,1.4623346512497266,rejected,0.0890485803665232,0.14364952742449538
frog q2 & vol_surge5 q2,-0.0003645841744386341,-1.39402164681679,-0.6261754623237085,rejected,0.07019705325050953,0.5311998598861936
gap_today q3 & vol20 q3,0.0004107060172317191,1.7988490041962872,0.21872177735144763,rejected,0.027613113839784684,0.8268667838237818
atr_pct q3 & mom_12_1 q2,0.0001312554748542388,-0.13345471975561696,1.8839092236870199,rejected,0.0,0.05957725537853299
ev_offering q4 & gap_today q0,-4.5533318048532795e-05,-0.1165642944071806,-1.8993077695890128,rejected,0.13119853868759726,0.05752402191555857
ear q0 & r5_news q4,-5.0818148362906054e-05,-1.1351576374960142,0.877715941613725,rejected,0.0,0.3800978910693982
ear q4 & r5 q0,0.00027904657235851824,1.881124576885319,-0.1307898230683864,rejected,0.0,0.8959415738536115
r5_news q0 & vol_surge1 q2,-0.0001006206720359651,-1.6069501340253798,0.4045160713646538,rejected,0.0,0.6858332621252707
close_loc q1 & ins_opportunistic30 q2,0.0002890307885830345,0.4982925183510227,1.5128418121914677,rejected,0.09717344617752047,0.1303198451824921
gap_today q0 & vol_surge5 q2,3.3754528979863794e-05,-0.4168234066728088,1.5900336356175682,rejected,0.0,0.11182722349049376
ins_buyers30 q4 & intraday20 q2,2.401141596915776e-05,-0.43430639250427006,1.5674453448107482,rejected,0.0,0.11701063199050721
rel_ind20 q1 & vol_ratio q4,0.0004041495024847564,1.6722744048263298,0.3284189583204896,rejected,0.04660413536173636,0.7425949105545433
close_loc q0 & ins_opportunistic30 q4,-3.103780274865589e-05,-0.759576866058326,1.240746407424986,rejected,0.0,0.21469944477697564
dist_ma50 q0 & frog q0,-0.00030142949395206483,-1.2233294791294005,-0.7725123041566206,rejected,0.050758389407620425,0.4398110622968974
ear q0 & r5 q1,0.00020972050966904407,0.4703046252655053,1.5228324557822006,rejected,0.09354068145980794,0.12780062777376056
r1 q0 & rel_ind20 q1,0.00018545893970093629,0.21235995239965652,1.7785343144658448,rejected,0.12351274369228155,0.07531614135608408
ev_offering q4 & ind_mom60 q3,-5.661750640761485e-05,0.1777107421403512,-1.8123147275473155,rejected,0.0,0.06993758020529187
gap_today q4 & ins_opportunistic30 q2,-0.00023350306680081087,-0.3194960600066473,-1.668949346993984,rejected,0.11858029790183673,0.09512741872642981
ind_mom20 q1 & vol_surge5 q2,0.0003910994959031669,1.715579231119425,-0.2726101335922994,rejected,0.0,0.7851529214184391
ev_red_flag q2 & ins_officer30 q4,-0.00014038763139507501,-1.0621222711968867,0.9255786276382724,rejected,0.0,0.35466500453871114
days_to_earn q2 & max20 q2,0.00043856424153898083,1.7332856158375276,-0.24466339679696783,rejected,0.0,0.8067170718842316
r1 q4 & rel_ind60 q0,-0.0002747226899964747,-1.948635650244842,0.029297115759822013,rejected,0.0,0.9766276272067025
ear_volsurge q0 & ind_mom20 q4,-0.00018638453497509352,-0.4315966452295117,-1.5463066970918997,rejected,0.1115664901099058,0.12203051533213921
ev_agreement q4 & gap_today q4,-8.687944939080081e-05,-0.34411162329726785,-1.6311235681016476,rejected,0.10919496341908717,0.10286424860848671
frog q2 & ind_mom20 q1,-0.00024874230986542004,-0.6694734815814577,-1.3054644349852333,rejected,0.0897028464713923,0.1917347498559215
ins_opportunistic30 q4 & r1 q4,-0.00010435703946821845,-1.7475690406699285,-0.22699142932332728,rejected,0.026502144396991646,0.8204304066476817
close_loc q3 & r5_nonews q4,-0.00043022603888156764,-1.9632807144056779,0.011114417065508444,rejected,0.0,0.9911321607959065
frog q2 & skew60 q2,5.731839143502032e-05,0.6818726403277574,-1.2917109519732979,rejected,0.0,0.19645726326504978
dist_ma50 q2 & rel_ind20 q4,-0.00021865424821641298,-1.0316935311657853,-0.9414250137140561,rejected,0.053139137624472754,0.3464871000408568
dist_ma200 q4 & mom_12_1 q1,-8.748995269871717e-05,-0.27426811597318795,-1.6987581560443734,rejected,0.11973675870776729,0.08936476075555849
gap_today q0 & ind_mom60 q0,-5.135927513273513e-05,-0.8137775252782125,1.158505730290992,rejected,0.0,0.2466577145686329
intraday20 q2 & vol20 q2,0.00039106377006022173,1.2130524230380455,0.758430925915197,rejected,0.05526894803024899,0.4481930498301464
dist_52wh q2 & r1 q1,0.00027727036170313324,0.5874663669783476,1.3779831623334975,rejected,0.0898789955842705,0.16820848678064942
frog q1 & ind_mom20 q1,-0.00029219192414830565,-0.8419401298664818,-1.1229938018821806,rejected,0.05581747068851161,0.26144012684409534
frog q2 & gap_today q4,-0.0001799990828892988,-0.36227153700790166,-1.5982385917845254,rejected,0.11888530335451003,0.10998988807468085
earn_in_week q1 & frog q3,-0.0001289694171601889,-0.3341668258414625,-1.6261716036698304,rejected,0.11113282517815781,0.10391315512538488
days_to_earn q1 & r20 q2,0.000442161846631321,1.8572278315305426,-0.1007026467139566,rejected,0.0,0.9197865102832591
days_to_earn q2 & gap_today q4,-0.0002558158383007555,-1.1550568594237094,-0.7970009266453388,rejected,0.03789704526295677,0.42545049315014977
r1 q4 & r5 q1,-0.0002064783062581198,-0.9881527372888746,-0.9630488129638368,rejected,0.03864669683520938,0.3355230275933123
r20 q4 & vol_surge5 q3,0.000360167702259509,1.8577130836031455,-0.09180957223707648,rejected,0.0,0.9268493386405625
ev_offering q4 & gap_today q4,2.3430601316183377e-05,0.844466832734425,-1.1043849944643458,rejected,0.0,0.26942616720322826
r120 q2 & vol_surge5 q3,0.0003519662586542843,1.2351071407638865,0.7109750307576252,rejected,0.056582249578123016,0.47709970888503483
max20 q2 & vol_surge1 q4,7.967328584605324e-05,0.7657495211647185,-1.1800453604756662,rejected,0.0,0.2379821743418501
close_loc q0 & earn_in_week q1,-0.00010728211587544357,-0.32224420603466614,-1.623391842780132,rejected,0.11423342834739258,0.10450566737269841
atr_pct q3 & frog q1,0.00022087781906345993,0.4218789057431552,1.5219920443026016,rejected,0.09210505580044384,0.12801107413089013
close_loc q3 & vol_surge1 q3,-0.0003220215293133649,-0.9663769929313991,-0.9754334237188373,rejected,0.036944735274132876,0.329345310992067
ear q0 & max20 q3,-0.00012545588899709793,-0.9952029623799239,0.9457939583307585,rejected,0.0,0.3442536877245902
skew60 q3 & vol_ratio q2,5.3312345953403776e-05,-0.3230925964086463,1.614513998236758,rejected,0.0,0.1064159830170911
r60 q4 & range_compress q1,-0.00027003220363915406,-0.7444607651045092,-1.1880034734022358,rejected,0.06527153484447692,0.234832041259865
earn_in_week q1 & r5 q1,-0.0002441188393804381,-1.1675242646932003,-0.7649079687493359,rejected,0.051522861243267624,0.4443263484254144
r1 q1 & r60 q0,0.00019926582536020595,0.6518121486410644,1.2799252217708632,rejected,0.07684977030879618,0.20057143628639668
ear_volsurge q3 & r60 q4,0.00027755237466103904,1.5042053172229306,-0.424248706567729,rejected,0.0,0.6713844428308584
gap_today q4 & vol_surge5 q3,0.00030714996880810844,1.2930382841636774,0.6353427258740235,rejected,0.07065675211283085,0.5252049134724133
ind_mom20 q1 & r5_nonews q0,-1.69047104413756e-05,0.3681189590370416,-1.559015231847126,rejected,0.0,0.11899277507882258
ev_agreement q2 & gap_today q4,-0.0002401660153568919,-0.4058466389383951,-1.5211300341748142,rejected,0.09224494502424004,0.12822720880610944
ear q0 & min20 q2,-0.00012711318782273963,-0.9926731090105652,0.9287668921579573,rejected,0.0,0.3530099058203605
frog q4 & r1 q1,0.00018905521603996815,0.18682848442090577,1.7343808443001936,rejected,0.11805284425573626,0.08285053161357415
ev_red_flag q2 & gap_today q4,-0.00023453649073527187,-0.34148354318965296,-1.5771564988085582,rejected,0.1242617987547327,0.1147595196690268
r1 q4 & r60 q0,-0.0002681615503379477,-1.7898277642899283,-0.12685751341404036,rejected,0.030240642747313567,0.8990531742681224
frog q1 & gap_today q4,0.00023458930856057732,1.1151513286739934,0.801527326911026,rejected,0.04051207698756474,0.42282643049870094
days_since_earn q4 & news5 q1,-0.0002793558732154833,-1.3838332818271788,-0.5327117978164162,rejected,0.0517652637317287,0.594233098056143
close_loc q4 & frog q1,3.101465508255446e-05,0.5803873529383178,-1.3348021929105742,rejected,0.0,0.18194109559188484
ear_volsurge q1 & r60 q3,0.00011472060386909965,0.8486906823975428,-1.064086309526236,rejected,0.0,0.2872896021930216
ev_offering q4 & ind_mom20 q1,-7.291102865245265e-05,-0.3059231011290057,-1.6063225238635368,rejected,0.11465615544302923,0.10820306393648989
frog q4 & vol20 q1,0.00031987780439327154,0.9560093454772302,0.9556561407532087,rejected,0.04701929963261111,0.3392459879490309
close_loc q1 & ear q2,-0.00034621036734543554,-1.1629829658482254,-0.7486525231769604,rejected,0.06250082082781543,0.45406666614692076
rel_ind20 q3 & skew60 q2,0.00018111652699113545,0.9901314931887639,-0.9167769018261382,rejected,0.0,0.3592595587666934
frog q4 & vol_surge5 q2,0.00020758046804239842,0.3010941636444285,1.6012173821133164,rejected,0.11446101419050947,0.10932878023366517
dist_ma50 q4 & vol_ratio q3,-7.430594702989415e-05,0.1455818839050018,-1.7555734485329513,rejected,0.0,0.0791612691732735
frog q4 & ins_opportunistic30 q2,0.0002831685554195594,0.4992650542301338,1.4005711889733523,rejected,0.0817635028067877,0.1613423414933076
frog q4 & ind_mom20 q0,0.00011157382965049458,0.07995454687779337,1.8190676287097631,rejected,0.107905958942675,0.06890111301453265
gap_today q0 & ind_mom20 q1,-0.00020226667452038295,-0.8217954682164283,-1.0760891196235753,rejected,0.03908145706995239,0.28188740122623795
ins_value30 q2 & vol20 q3,0.00032798179383869587,0.7518543777371886,1.1457390505216611,rejected,0.04965062988823055,0.25190314080195814
frog q4 & r60 q4,0.00030596455261750827,1.0703545837378723,0.8237710251725994,rejected,0.04843612084279662,0.41006967405109995
dist_ma200 q1 & vol_surge5 q3,0.00041241393701031914,1.6198580944061791,0.2737819993189492,rejected,0.02752946683389726,0.7842521577311836
close_loc q4 & range_compress q2,-0.00021021077179904515,-0.2745383570569498,-1.616505121324629,rejected,0.11160974911550443,0.10598514703369674
close_loc q0 & ind_mom20 q1,0.00031067613454859624,1.5180901849464603,0.3725844531885444,rejected,0.04070502973033142,0.709457745571512
ear q0 & ins_opportunistic30 q4,-4.432064899318433e-05,-0.9588403799023931,0.9259029982945006,rejected,0.0,0.35449639299977204
dist_ma200 q2 & max20 q3,0.00029818756526822865,0.9161743953718902,0.9677198338778326,rejected,0.03934929248675185,0.3331843098681455
ear q2 & ind_mom60 q0,-0.0003129821194874114,-1.573732331055896,0.3099854097491662,rejected,0.0,0.7565720515768316
max20 q4 & range_compress q3,9.251497470819877e-05,0.8916043880314987,-0.9909619752275407,rejected,0.0,0.3217041479925816
frog q2 & ind_mom20 q0,-0.00012583296877837985,-0.9480067213805172,0.9323257649073654,rejected,0.0,0.35116819636320706
ins_opportunistic30 q2 & max20 q3,0.00029738549856504027,0.6131660804461797,1.2664857275853645,rejected,0.07015438662082997,0.20533923603675255
skew60 q0 & vol_surge5 q2,2.7794836974103948e-05,-0.4461052203715192,1.4317509030965025,rejected,0.0,0.1522151227902774
ear_volsurge q3 & vol_surge5 q3,0.00028732700106298475,0.8711622734226334,1.005882636436045,rejected,0.03399737375337784,0.31447202971012955
ind_mom60 q0 & ins_opportunistic30 q2,1.910257949545728e-05,-0.4876436896141761,1.387268606980906,rejected,0.0,0.16535987199382265
close_loc q1 & vol_surge5 q3,0.0003530367392141018,1.3456680787325201,0.5279087209517879,rejected,0.05097466181969356,0.5975626914642266
ind_mom20 q1 & vol_surge1 q2,-0.00010742505187788186,-0.8429749215848074,1.0303231150980372,rejected,0.0,0.30285835169491615
rel_ind60 q4 & vol_surge1 q2,-0.00026754631789878544,-1.529826182191809,0.34255440650464375,rejected,0.0,0.7319337071726666
r1 q1 & vol20 q3,3.5163393163320905e-05,-0.28645961424185373,1.5856905677594106,rejected,0.0,0.1128095198682207
close_loc q0 & rel_ind60 q0,-8.760214943387129e-05,-0.8232913350650591,1.0480923090802297,rejected,0.0,0.29459607938748916
ind_mom60 q0 & vol_surge5 q2,-1.5478951787531774e-05,-0.6155959537169672,1.25574094213389,rejected,0.0,0.2092099099449303
ear q2 & r5 q1,0.00042472549037936264,1.5228813552435254,0.34767214612029546,rejected,0.04432836243314709,0.7280864173450466
close_loc q4 & ev_offering q4,-2.0871282975328527e-05,0.1387992173454066,-1.7266263660363348,rejected,0.0,0.08423478759549859
days_to_earn q2 & frog q1,0.00023481904406628184,0.5444210543822924,1.3199118347550993,rejected,0.08487439738521155,0.18686445579016675
dist_ma200 q2 & skew60 q3,-0.00023483573449403867,-0.433682111663962,-1.4294657021353545,rejected,0.07872321914479617,0.15287042601353415
ev_offering q4 & r1 q0,1.6316581070843542e-05,0.7432913260354993,-1.1184687109361808,rejected,0.0,0.2633668626268409
ind_mom60 q3 & vol20 q2,0.0004371696419044202,1.680954728741518,0.17966914954723323,rejected,0.02708471049219796,0.8574123143655566
vol20 q2 & vol_surge1 q2,0.0003575675749301378,1.112915380420844,0.7437495234203918,rejected,0.06495009728415878,0.45702802262468367
ind_mom20 q0 & skew60 q3,0.00018211164375119137,0.3852232540900174,1.4706779534924448,rejected,0.08484210597191211,0.14137823116570641
close_loc q0 & r60 q0,-6.166384918037059e-05,-0.7891477578518751,1.066529862107425,rejected,0.0,0.28618418702910786
ind_mom20 q0 & vol20 q2,0.00020023929416168823,0.16957081301047364,1.685708716427997,rejected,0.11255287911602653,0.0918519171823519
ear q1 & max20 q3,6.419294597364852e-06,-0.5430295563810171,1.3113216493555993,rejected,0.0,0.18974911713246287
ins_opportunistic30 q2 & r1 q0,1.5694691129229058e-05,-0.45289922948915246,1.3937358083405116,rejected,0.0,0.16339739874805237
close_loc q0 & r1 q1,0.00021098980376767692,0.34526675849046773,1.49515412897995,rejected,0.08741384224298908,0.13487422188754586
close_loc q0 & ins_opportunistic30 q2,0.0001936371705534927,0.012469451341923286,1.827852737200506,rejected,0.10380641697080797,0.06757165589824957
ev_offering q2 & rel_ind60 q4,-0.00026265502252477934,-0.6602389833070103,-1.1795731278103931,rejected,0.05939088458485445,0.23817003594227043
gap_today q0 & skew60 q0,-0.00011877939486091834,-0.9010648344241562,0.9377924102561582,rejected,0.0,0.34835110227413224
ev_offering q2 & skew60 q1,0.00044137525334192896,1.6163082925560253,0.21976039113768805,rejected,0.0259493192704918,0.8260577688035934
ind_mom20 q1 & r120 q2,3.922886239008638e-05,0.5551125666271752,-1.2807828064266253,rejected,0.0,0.20026996482257667
ear q0 & skew60 q4,-0.00011914029191302442,-1.6205215504880257,0.214899650178768,rejected,0.0,0.8298455576364892
range_compress q1 & rel_ind20 q3,-0.00033468770435719054,-1.0901915874893506,-0.7437874389213571,rejected,0.06475735665771803,0.4570050805420098
ear_volsurge q2 & r1 q1,0.00017056580544714747,0.0853740911346268,1.7473176876026235,rejected,0.11376158778457889,0.08058224662525329
earn_in_week q1 & vol_ratio q3,0.00020241478307768775,1.5881776948094346,0.24258776683670236,rejected,0.023142691146326035,0.8083247588348582
atr_pct q3 & close_loc q4,-0.00031325096962558793,-1.2188387670590413,-0.6110451351382362,rejected,0.06872097520196692,0.5411697001348054
ind_mom20 q1 & r5 q1,0.0004458394614332369,1.8162725967862008,-0.009612558089002436,rejected,0.0,0.9923304064245144
ins_officer30 q2 & vol_surge5 q1,0.00011477621207651497,0.8457937289819281,-0.9773529143396779,rejected,0.0,0.32839446514089377
min20 q2 & r5_nonews q3,0.0004216047905530952,1.5526706319007546,0.2610269430086987,rejected,0.02831513782280951,0.7940717298011835
dist_ma200 q1 & vol20 q1,0.0003665521845299526,1.4993248892026436,-0.31046334531292447,rejected,0.0,0.7562086294741222
ear q2 & rel_ind60 q2,-0.00026909701292413327,-1.2210742754793222,0.588030404249826,rejected,0.0,0.5565118851690167
r1 q1 & vol_surge5 q3,0.00034645001653760255,1.1891822793235085,0.6187847194478107,rejected,0.07042468515610269,0.5360581899757667
close_loc q4 & skew60 q0,-0.0003104758253458191,-1.124094200762089,-0.6838619761182151,rejected,0.060646671978943655,0.49406232658570365
r1 q4 & vol_surge5 q2,-0.00021864198695478742,-0.8110498003721524,-0.9966615107992103,rejected,0.030253343196300943,0.3189288380464946
close_loc q0 & r5_news q2,0.00018405523314415518,0.03827909359551385,1.7691660931944255,rejected,0.10814405890305098,0.07686616079167112
earn_in_week q1 & r60 q0,-7.486471892921e-05,-0.9579994931036437,0.848686587443927,rejected,0.0,0.3960557114744323
dist_ma50 q2 & r120 q3,0.00028757598602810225,1.292435141190411,-0.509564666724309,rejected,0.0,0.6103564830664678
dist_ma200 q2 & vol_surge5 q2,0.0002314923142481958,1.1119952619663227,-0.6898780622187787,rejected,0.0,0.4902708727716344
ev_red_flag q2 & r1 q0,0.00017928929309086525,0.015368617416935123,1.7859153837353077,rejected,0.10697099256269535,0.07411295973771344
dist_ma200 q2 & ev_agreement q4,9.71673947726859e-05,1.0137264604298675,-0.7835386971844173,rejected,0.0,0.4333108387171344
ev_red_flag q2 & frog q4,0.0002357639007230389,0.28231040997741486,1.5142602273304469,rejected,0.08332213009847467,0.1299598517317731
r1 q4 & r20 q4,-2.1880067789554102e-05,0.281321978044661,-1.5137091883082863,rejected,0.0,0.13009961351755187
ev_agreement q2 & r60 q4,-0.00023458070787836364,-0.5896064721535846,-1.2016591541654784,rejected,0.06285434313360411,0.22949561257381035
close_loc q1 & r1 q1,0.00023860852212226528,0.41347163603213194,1.3771283016130356,rejected,0.08396543911968869,0.16847258401122203
rel_ind60 q0 & vol_ratio q2,-2.466606810351573e-05,-0.5141732429764236,1.2757350796988445,rejected,0.0,0.2020491835426528
r5 q1 & rel_ind60 q0,0.00014780310923925797,-0.028017265856763535,1.7608533077598318,rejected,0.0,0.0782632345264975
atr_pct q1 & dist_52wh q2,-0.00020051781808423628,-0.19549860515440332,-1.5910657666397559,rejected,0.10801975407544902,0.11159477574787187
skew60 q4 & vol_surge5 q3,0.000317749129181933,1.555761526488842,-0.22914032121512368,rejected,0.0,0.8187598552447325
ear q0 & ear_volsurge q3,0.00024545647271700623,0.8365997627886798,0.9429352875649892,rejected,0.04940201347104764,0.34571400407347025
atr_pct q3 & ind_mom20 q0,0.0001816149802203734,0.34697639551476195,1.429986523440063,rejected,0.0740691176406237,0.15272088700610154
gap_today q4 & r20 q1,-9.575776144565245e-05,-0.8154509416693766,0.9589165688013136,rejected,0.0,0.33760077715600967
ind_mom20 q3 & log_dv q3,-0.00030370887130090005,-1.0749362651989947,-0.6973595869038912,rejected,0.05936209223591823,0.48557778609299235
close_loc q1 & rel_ind60 q4,-0.0002687295064345343,-1.494170346998236,-0.2755692575699348,rejected,0.028046603225105368,0.7828789245906543
max20 q3 & rel_ind60 q4,0.0002605392788366837,0.8172118817608737,0.9498708989553998,rejected,0.04497122439766579,0.3421778552188079
close_loc q4 & vol20 q2,-0.0003055089868669559,-0.9730952739887194,-0.7939678002336155,rejected,0.03744155887917295,0.42721417701567665
earn_in_week q1 & range_compress q2,-0.00012876569221544892,0.018373777550563603,-1.746049354189578,rejected,0.0,0.0808023761601826
atr_pct q1 & overnight20 q3,0.00017332250594486327,0.9598564378185105,-0.8041805927142397,rejected,0.0,0.42129268533694214
rel_ind60 q0 & vol20 q2,0.00030061069298876526,1.0041369350536378,0.7531827282118662,rejected,0.05511019845541327,0.4513401168001337
close_loc q4 & ear_volsurge q3,0.0002297461304222842,1.1997157731597408,-0.5564598181051387,rejected,0.0,0.5778965560832788
gap_today q4 & r120 q2,-6.732574592066555e-05,0.2473053678747122,-1.5086532385106888,rejected,0.0,0.13138742134240297
r60 q4 & vol_surge1 q2,-0.00029735439395205387,-1.647787694848172,-0.1055045930100777,rejected,0.027897524737694714,0.9159754256370647
ind_mom60 q0 & vol20 q2,0.00021067379795327554,0.4750629336229726,1.2781967603385989,rejected,0.07144849587256379,0.20118005815130519
ins_opportunistic30 q2 & r60 q1,0.0004765325743242975,1.5457332280178455,0.20449629079253376,rejected,0.02577854590631293,0.8379656902728501
r5 q1 & r5_nonews q3,-0.0001291005485531253,-1.049846659257522,-0.699153398099147,rejected,0.058292164409460785,0.4844561706232642
earn_in_week q4 & r5 q1,7.369041058171685e-05,0.6022787160595287,1.1463085094721073,rejected,0.04578996613988322,0.25166752321424396
gap_today q4 & r1 q0,-0.00014802828987173675,-1.4173287094109754,-0.32412202027901177,rejected,0.0438442603085089,0.7458456562978801
intraday20 q2 & r20 q3,-9.905450996958458e-05,-0.7741206524380749,0.9671934166054342,rejected,0.0,0.333447352647353
close_loc q0 & skew60 q3,9.287465778448201e-05,-0.10757238610383726,1.6330247652845695,rejected,0.0,0.10246378819530882
r60 q4 & vol_surge5 q3,0.00020933464486394256,1.268259124877403,-0.46373211042659845,rejected,0.0,0.6428396884758194
r20 q1 & vol_surge1 q2,-3.0286388456959214e-05,-0.509181575092798,1.2190549815349467,rejected,0.0,0.22282332500387106
log_dv q0 & vol_surge5 q4,-0.00023479548861097863,-1.0909485641128658,-0.6371055381096662,rejected,0.06594077974562655,0.5240561014410836
gap_today q4 & vol_ratio q3,-7.131544186067453e-05,0.17581923080503556,-1.5508630531490584,rejected,0.0,0.12093450623060119
ind_mom20 q0 & ind_mom60 q2,-9.937521029936193e-05,-0.897573223574433,0.8288274073707054,rejected,0.0,0.40720207715963924
gap_today q4 & skew60 q2,1.4818414700558339e-05,0.5768090890168921,-1.1480368114290231,rejected,0.0,0.2509533676555519
close_loc q0 & frog q3,0.00015870273651552184,0.32913385528135675,1.3947619717411428,rejected,0.07581016039127572,0.1630876300207769
vol_ratio q3 & vol_surge5 q3,0.0002862562684798685,0.7964690349604182,0.92740882178116,rejected,0.048826444481843936,0.353714312058261
gap_today q4 & rel_ind60 q0,-0.0002417430483753708,-1.3019019100136884,-0.4218616989149682,rejected,0.03175313682422027,0.6731259678088457
dist_ma200 q2 & r1 q1,-1.3557496255959258e-05,0.34308780889383705,-1.3801656259534387,rejected,0.0,0.16753565499414877
ind_mom60 q0 & skew60 q0,-1.9170851562954725e-05,-0.4590197228668186,1.2552858890996972,rejected,0.0,0.20937499579709873
ev_offering q4 & vol_ratio q3,9.506815474072526e-06,0.5004154729238709,-1.2133838468762823,rejected,0.0,0.2249830991875609
ev_offering q4 & skew60 q4,-3.381660803761535e-05,0.2334781424597487,-1.4795263922264472,rejected,0.0,0.1389996829632936
r20 q0 & vol_surge1 q0,-0.00018633005112608057,-1.1578691080454797,-0.5527966360964132,rejected,0.04579654227445236,0.5804026722130036
earn_in_week q1 & r60 q4,7.30800725729681e-05,0.9048152791479529,-0.8050006544342543,rejected,0.0,0.42081930213744023
ind_mom20 q0 & rel_ind60 q0,-8.499316396681787e-05,-0.8621003691608836,0.8475466978494575,rejected,0.0,0.3966904698414753
earn_in_week q1 & r1 q1,-0.0002597268697926394,-1.579008674282271,0.12628610275489907,rejected,0.0,0.8995054565791223
ev_agreement q2 & vol_ratio q4,-0.0004109146303095747,-1.3354847791638453,-0.3678947219229669,rejected,0.04233360106862443,0.7129517359634845
ind_mom60 q0 & r1 q1,0.0001282840518598362,0.05056358085286609,1.6524784931173497,rejected,0.09000389983642207,0.0984370458898491
ev_offering q2 & vol_ratio q2,8.38822288409307e-05,-0.19942887227578115,1.5027810441147686,rejected,0.0,0.13289551565558372
atr_pct q3 & earn_in_week q1,-6.436725784348117e-05,0.07164961470204018,-1.629180262835585,rejected,0.0,0.10327486393135192
gap_today q0 & r120 q3,4.274712885480751e-05,-0.3551407806462941,1.3406098431527984,rejected,0.0,0.1800471597549106
dist_ma50 q1 & overnight20 q2,0.0001603322160700827,0.9031311048802139,-0.7915694812389177,rejected,0.0,0.42861174779591277
ind_mom60 q0 & vol_surge1 q2,0.00010155817836391983,-0.13597804914726747,1.556050562326518,rejected,0.0,0.11969606952877801
frog q1 & rel_ind20 q1,0.00014270860115911052,-0.024018495551011834,1.6667849801922723,rejected,0.0,0.09555716788433295
close_loc q4 & rel_ind60 q4,1.1184058643050958e-05,0.3613053407926928,-1.3231977024173704,rejected,0.0,0.1857696398854289
ind_mom60 q4 & rel_ind20 q1,0.0003202795283047101,1.1703754699593607,0.5109588381388837,rejected,0.047822751429501355,0.6093798796898003
ind_mom20 q0 & r60 q4,-4.7403924408886366e-05,-0.7259063133217839,0.9548900047365297,rejected,0.0,0.33963332492182746
ins_opportunistic30 q4 & vol_surge1 q2,-0.00012406767805353186,-1.3496222999598197,-0.32757065460415125,rejected,0.0444535317338952,0.7432363129691197
ear q0 & frog q4,8.425441054348951e-05,0.2168160042904481,1.4593215089806215,rejected,0.07294789380462818,0.14447663808278888
ear q2 & vol_surge1 q2,-0.0003995033382746552,-1.4889207341742006,-0.18640030151815312,rejected,0.026900996021184426,0.8521308559961176
frog q3 & rel_ind60 q3,0.00020203632268305972,1.0769642931415404,-0.5971631202537011,rejected,0.0,0.5503984791804325
close_loc q1 & vol20 q3,0.000254691531322995,0.7813407726514812,0.8899394944177351,rejected,0.03923104134115804,0.37349837571214195
days_since_earn q2 & r1 q3,0.0002928070494553079,1.2540255556131459,-0.4151109607810645,rejected,0.0,0.6780606759423674
dist_ma200 q2 & ear_volsurge q2,-0.00013970961927406322,0.041131017077365065,-1.6278876866941812,rejected,0.0,0.10354870278930137
dist_52wh q2 & r1 q0,0.00027613675696798896,1.197951702898116,0.4708081467070557,rejected,0.034670667716376745,0.6377777463265426
skew60 q0 & vol_surge5 q3,0.00015105873682058916,0.08460955021150833,1.5839499767447967,rejected,0.10491493579390147,0.11320510309073278
close_loc q1 & ind_mom60 q3,-0.00017979942718085115,-1.016305236252199,0.6522292296030242,rejected,0.0,0.5142533064589184
dist_ma200 q1 & ev_shelf q2,0.00047638967012125853,1.647344800871193,0.020702984300194103,rejected,0.00806525075192354,0.9834825884038537
dist_52wh q3 & vol_surge1 q3,0.00033261019531074436,1.3946370698400874,-0.2731805333703004,rejected,0.0,0.7847144431800492
days_since_earn q0 & ear_volsurge q3,0.000318129789511764,1.180078164673544,0.4872783513595529,rejected,0.04143346301682994,0.6260610871417029
days_to_earn q3 & max20 q4,6.68309439269022e-05,0.7030333521188791,-0.9602324292354615,rejected,0.0,0.3369382489810222
min20 q2 & vol_surge1 q2,0.00013177232831898436,-0.07126314331101473,1.5910990118494945,rejected,0.0,0.1115872948879256
ear_volsurge q3 & max20 q3,0.00020128745029387426,0.5570151661373826,1.1051769585690892,rejected,0.04462560759898044,0.2690829188597736
ear q0 & vol_surge1 q2,-8.762435510921494e-05,-0.7221876399398998,0.9399607726547082,rejected,0.0,0.3472376824242711
close_loc q1 & days_to_earn q2,0.00021329247621031122,0.429808314779402,1.2300991719360481,rejected,0.06893086517633928,0.2186599701185321
vol20 q3 & vol_surge5 q2,0.00014798385617724214,0.0705786597965478,1.584961836029827,rejected,0.10229979616327527,0.11297500556455281
skew60 q4 & vol20 q2,0.0003032860426666895,0.9735999447754686,0.6770997154473734,rejected,0.05954304313901375,0.4983426894460936
close_loc q0 & r5_nonews q3,-0.0001259696679990911,-0.942926643619825,0.7077145304641256,rejected,0.0,0.47912255212494537
frog q4 & r1 q0,0.00013173814509207494,0.3120396455972207,1.3370777075860416,rejected,0.07717396342456315,0.1811972729825438
ev_offering q2 & range_compress q2,5.829899990665936e-05,-0.241216077691279,1.4075482136658644,rejected,0.0,0.15926489112109382
max20 q3 & vol20 q1,7.917139688875838e-05,0.7219712313743369,-0.9267815632714176,rejected,0.0,0.35403995927851106
close_loc q1 & days_since_earn q3,0.00031005398613046507,1.2521462913411354,0.39598271253979095,rejected,0.037209206822177134,0.6921177814637475
frog q2 & rel_ind60 q0,-0.00027321856309057876,-1.4893309970409405,0.1587432411549567,rejected,0.0,0.8738711685923355
r120 q2 & r5_news q0,-7.71058321912533e-05,-0.17955991259257192,-1.4674084720840719,rejected,0.07110941757672563,0.1422649711894635
min20 q0 & rel_ind60 q3,-2.0339127095330286e-05,0.3462672649873092,-1.298711561091894,rejected,0.0,0.19404293500879152
r1 q1 & vol_surge1 q2,0.00016948982464755048,0.28795317637218454,1.3474792396652084,rejected,0.07957658443913226,0.17782593524063314
dist_ma200 q4 & vol_surge1 q2,-6.576881618425755e-05,-0.7101828889462912,0.9244020305790156,rejected,0.0,0.3552770378967488
frog q1 & vol_ratio q2,0.00010589320740310765,-0.010343809022738485,1.618362210796246,rejected,0.0,0.10558456090814754
gap_today q4 & r5 q1,-0.00013566727532325466,-0.09225374382860263,-1.5347730387867706,rejected,0.0808912927328257,0.12483958763154297
r5_news q0 & vol20 q3,-0.00020412641880799702,-1.4969994786240366,0.12972555190210464,rejected,0.0,0.8967835658943106
earn_in_week q1 & vol_surge1 q2,-0.00023334629256330618,-1.5317041308246395,-0.09363409710430512,rejected,0.029483796461224093,0.925399823018396
close_loc q2 & gap_today q0,1.13980122439455e-05,-0.4482607327074865,1.1765761366908474,rejected,0.0,0.2393647270899458
atr_pct q0 & vol_ratio q4,0.0002392716886083433,1.3077751714244474,-0.31697744588883203,rejected,0.0,0.7512607160526524
ear q0 & ind_mom20 q0,-0.00014130917473620044,-1.0586548925606032,0.5652675276171893,rejected,0.0,0.5718918120986912
ins_officer30 q4 & log_dv q0,-0.00011341543609260941,-1.2137975123293363,0.41006744910012904,rejected,0.0,0.6817564700426642
dist_ma200 q2 & frog q3,-0.000177235250347123,-0.21614789903093728,-1.406142922393641,rejected,0.0705033058688282,0.15968168898825919
ind_mom20 q0 & overnight20 q2,0.00021844924873845042,0.5663700119136271,1.055007775488386,rejected,0.033721910234382,0.2914217686317375
ear q4 & earn_in_week q1,0.00022547523970262412,1.5640833404386127,-0.056478356455224914,rejected,0.0,0.9549607370458937
news5 q1 & vol_surge1 q2,0.0001720623823913489,0.5481177503376631,1.070566071402317,rejected,0.03622383419480034,0.2843645858892755
ev_agreement q4 & vol_surge5 q3,1.9677944427850308e-05,0.5034026987196525,-1.10879016534537,rejected,0.0,0.26752071407276024
r120 q2 & vol_surge1 q2,-0.00015763430364207449,0.0019249893981351225,-1.6022779820061666,rejected,0.0,0.10909415233109873
r5_news q0 & vol_ratio q3,9.62809735999739e-05,1.0058372343950603,-0.5972544370355308,rejected,0.0,0.5503375194149108
close_loc q1 & vol_surge1 q2,0.00017181030123289217,0.25591205915133647,1.346617320215257,rejected,0.0794790705644037,0.17810351295870225
earn_in_week q1 & frog q4,0.00010653883514153687,0.29007428630105225,1.3088349675492787,rejected,0.07309892498770809,0.19059025933878213
earn_in_week q1 & skew60 q4,-0.0002283640019367212,-1.4647574681241267,-0.1285209500794298,rejected,0.028709901389229846,0.8977367199410824
r5_nonews q3 & vol20 q2,0.00017200784857287512,0.8829107653378733,-0.7088839240778676,rejected,0.0,0.4783965119607543
dist_ma200 q2 & ind_mom60 q3,4.165603299331607e-05,0.6286451086972165,-0.9625718122948058,rejected,0.0,0.33576244887642864
mom_12_1 q0 & r20 q3,-0.00022656729529209752,-1.070097190666008,-0.5210948168900165,rejected,0.04653800260351393,0.6023007214370459
r20 q4 & rel_ind60 q2,0.0001732420768333079,1.0843617567698496,-0.5068006910304966,rejected,0.0,0.6122946714341879
ear q0 & ind_mom20 q1,0.00016205295571579506,0.6651268150553561,0.9239062907881249,rejected,0.04795742985506336,0.35553510750899425
min20 q2 & vol_ratio q1,-0.0001333782770262555,-0.802361612531057,0.7818007424146086,rejected,0.0,0.4343316846766989
gap_today q0 & r20 q1,-0.000129074626077682,-0.8358634255480777,0.7474374655202343,rejected,0.0,0.4547995372018192
close_loc q0 & r20 q4,-0.00016197718729704481,-0.8595190215652656,-0.7225420521829177,rejected,0.05101714330216636,0.4699612807586082
r1 q1 & skew60 q3,0.00011532922410139116,-0.09292888317289831,1.4888419618494508,rejected,0.0,0.13652898962724466
gap_today q4 & vol_surge1 q2,-1.779935556336554e-05,0.3481987852348093,-1.2301546609339282,rejected,0.0,0.2186391943507546
earn_in_week q1 & r20 q4,5.0298070682850196e-05,0.6259793329674809,-0.9515741465663333,rejected,0.0,0.3413129983314572
log_dv q2 & rel_ind20 q0,0.00023115552500380172,0.8747708670883051,0.7006655213358518,rejected,0.05560218524658571,0.4835117779642292
ev_agreement q4 & ind_mom20 q0,-1.6059441989465687e-05,-0.7818755034636705,0.7863432282627647,rejected,0.0,0.431666433554475
rel_ind60 q4 & vol_surge5 q3,0.00019913698272681178,1.1895307911164232,-0.3785756144575458,rejected,0.0,0.7050030334345201
vol20 q1 & vol_surge5 q0,-0.00013035197832736683,0.007743704094510253,-1.558060944086845,rejected,0.0,0.11921880185642894
close_loc q4 & frog q3,2.5713281571030014e-05,0.4886360217084548,-1.0759974855157408,rejected,0.0,0.28192838095858785
vol_surge1 q2 & vol_surge5 q2,0.00019473249830597857,0.3204807798549701,1.2439188024160757,rejected,0.058037515595637024,0.21352944852552333
dist_ma200 q2 & rel_ind60 q0,-1.66800602656748e-05,0.3585497255481218,-1.2041694505409828,rejected,0.0,0.22852409101642537
r1 q4 & skew60 q0,-0.000241569356296329,-1.1085328107932848,-0.44868948844646633,rejected,0.03694787494669366,0.6536556684919798
dist_ma200 q2 & frog q1,-0.00014587566094902336,-0.12149536706025602,-1.4335270801540072,rejected,0.06384204148852876,0.1517072656649515
ins_opportunistic30 q4 & r120 q2,-9.274511449223017e-05,-1.3207433535593662,0.232547015466752,rejected,0.0,0.8161131748238784
close_loc q0 & r20 q3,0.00025586568497946234,1.0178475452817992,0.5344017441831624,rejected,0.04665498088564456,0.593063612518054
frog q4 & vol_ratio q3,0.00018943072482975756,0.5676937360742323,0.9830961615304205,rejected,0.031013467156312133,0.3255601132979914
ear q2 & ind_mom20 q0,-0.0003281865151251344,-1.521144373929736,0.027255271148288174,rejected,0.0,0.9782561320549539
r20 q1 & skew60 q4,2.4784565041584924e-05,-0.2538777759571417,1.2944996095501746,rejected,0.0,0.19549290406886927
r1 q0 & vol_ratio q2,5.928468040602961e-05,-0.10053389195006548,1.4459371666687788,rejected,0.0,0.14819482617066326
ev_offering q2 & rel_ind60 q2,0.0002152876264060114,0.379595034224571,1.1637568018332476,rejected,0.048074165433332816,0.2445225829390441
days_to_earn q1 & rel_ind60 q3,0.0003335130562209113,1.2218505101900885,0.3210809674045214,rejected,0.03796869520697848,0.7481490331343293
ind_mom60 q1 & min20 q0,-0.00014466010293312807,-1.209943277037362,0.3284712218078844,rejected,0.0,0.7425553999720144
r1 q4 & rel_ind60 q4,-3.5088497436776815e-05,0.15275978635673335,-1.3855886970343447,rejected,0.0,0.16587253156449577
r1 q1 & r5_nonews q3,1.840856442211042e-05,-0.30601642238785015,1.2318870633296208,rejected,0.0,0.21799127455123407
ear q1 & r5_nonews q1,0.00027086526420950417,1.1689684887117135,-0.3666731817749546,rejected,0.0,0.7138628131317499
frog q2 & r1 q0,-0.00023893363743901155,-1.1546897321609764,-0.37949051665344924,rejected,0.03885891620582233,0.7043236451885755
earn_in_week q2 & ins_buyers30 q2,9.176150100066366e-05,1.1249222811762416,-0.40315054113519105,rejected,0.0,0.6868374817151929
r5_news q0 & r5_nonews q3,-3.5901659541202e-05,-0.04083283215445759,-1.4831935738421573,rejected,0.0715178228403887,0.13802298807296282
frog q1 & vol20 q3,0.0001756295158922414,0.38447486408951853,1.137319220233411,rejected,0.043513228584552005,0.25540486274572133
rel_ind20 q1 & rel_ind60 q4,5.9746260826012766e-05,0.6183126819338356,-0.9005088733875607,rejected,0.0,0.3678495053037516
ind_mom20 q1 & vol20 q1,0.00033849177149487423,1.3752217456098454,-0.14142224669736492,rejected,0.0,0.8875363805668663
r120 q2 & vol20 q2,0.00033242245262167134,1.267490666501756,-0.24906230446680122,rejected,0.0,0.8033125874631212
dist_ma200 q2 & skew60 q0,-0.00017736375334299296,-0.49785592481292656,-1.0169354118138973,rejected,0.029551763604868442,0.3091841560050848
close_loc q4 & r5 q1,-0.00017908929709837417,-0.5285944188011994,-0.9821442581413435,rejected,0.030999709640483087,0.326028784263074
ear q0 & vol20 q3,0.00026878199339977005,0.9027773128197434,0.6076047006450256,rejected,0.06481546185042558,0.5434496824331859
ear q0 & frog q3,0.00018270172652685583,0.7304678159163248,0.7787513339176924,rejected,0.04241961654623739,0.43612621043279604
ev_offering q4 & vol_ratio q2,-9.898233451343617e-05,-0.4908111860497855,-1.0167542111548118,rejected,0.02929198314747545,0.30927036952362796
close_loc q1 & vol_ratio q3,0.0002225779266733019,0.8188103716653204,0.6876772399512336,rejected,0.05720633196527039,0.49165605577523624
ev_offering q4 & r5 q1,1.8556029004897957e-05,0.6252909327903756,-0.8739787654460192,rejected,0.0,0.382129817877343
r5_nonews q3 & vol_surge5 q4,-0.0001923583916389327,-0.6298291429977805,-0.8689857720661746,rejected,0.041583630528845256,0.38485491298873303
days_to_earn q2 & dist_ma200 q2,-0.0001399530409928259,0.015307649940542832,-1.4834145268158743,rejected,0.0,0.13796431017754643
days_since_earn q3 & vol_surge5 q1,-0.0002608773192705817,-0.7761926448809939,-0.7222017949556893,rejected,0.04935839766135695,0.47017041993149034
gap_today q4 & ind_mom60 q3,-0.00018374577427269278,-0.7629028674046169,-0.7338500503666504,rejected,0.05205049117808346,0.4630401325683107
close_loc q0 & gap_today q4,-0.00017121229472448718,-0.7709016280864629,-0.7211761235161576,rejected,0.04974378828149215,0.47080116003002886
frog q4 & r5 q1,0.00014861146882823878,0.2327211186881675,1.2584798863366258,rejected,0.05467355979528252,0.20821825686370068
dist_ma200 q2 & frog q2,-7.921488464543002e-05,0.12486508927710921,-1.364436273304402,rejected,0.0,0.17243029811370192
days_since_earn q2 & vol_surge1 q3,0.00027549517519916296,1.2992108764724553,-0.18903454845727716,rejected,0.0,0.8500657391639581
min20 q3 & r5 q2,-0.00030511556047839005,-0.9324346587439379,-0.5546669868327061,rejected,0.04321057914758069,0.5791224610190862
days_since_earn q1 & r5 q4,-0.00012223203427462272,-0.8080136405180058,0.6773471695530805,rejected,0.0,0.49818570951279956
ind_mom60 q1 & r5_nonews q0,0.00019724952796283007,1.1371968317607115,0.3478359878122176,rejected,0.040732495350218646,0.7279633609349024
ear q0 & frog q2,-0.00011044186533820372,-0.8199267846902616,0.6624856273889813,rejected,0.0,0.5076600429388927
dist_ma200 q2 & gap_today q4,-0.00014221208462362764,-0.4217986934257688,-1.0604512311451522,rejected,0.032976666977492554,0.28893936565536243
close_loc q0 & rel_ind60 q4,-0.00016833896881034851,-0.8412827508243697,-0.6371229578735784,rejected,0.06056313420329048,0.5240447555372452
news5 q1 & rel_ind20 q2,0.0002525829711158944,1.1112544024557272,0.362925589849628,rejected,0.041262619005793665,0.7166604702531747
r1 q1 & skew60 q4,0.00011834394616679525,0.7103592484167532,-0.7612698315705797,rejected,0.0,0.4464959159902077
ear q0 & earn_in_week q1,0.00013796433632454829,1.0801701868452622,0.3909081417257825,rejected,0.037853968216460684,0.6958651356517488
ear q0 & r5_news q0,-4.8184155637892485e-05,-0.7052854270556779,0.764961933465437,rejected,0.0,0.4442942124434748
frog q2 & r60 q0,-0.00025595137331499077,-1.3541128102161257,-0.11300872239936595,rejected,0.02696714369529688,0.9100236400412591
dist_ma50 q3 & r5_nonews q3,0.000159080113443758,0.8297646744913857,-0.6369422689953058,rejected,0.0,0.5241624485937002
close_loc q0 & rel_ind60 q2,0.00014075027123206817,0.18482213575796064,1.2813436001782152,rejected,0.059925877782063756,0.20007300487741175
max20 q3 & vol_ratio q3,-6.501570157371388e-05,0.165663742284983,-1.2926223801066705,rejected,0.0,0.1961416953025647
days_since_earn q0 & ind_mom60 q4,0.00011455049812481018,0.7630220122681811,-0.6949361289908785,rejected,0.0,0.48709532974780484
ins_value30 q2 & r1 q2,9.057710949502437e-05,0.5909914723914858,-0.8659158429402922,rejected,0.0,0.38653631432379326
frog q2 & range_compress q2,-0.00031889560896460875,-1.4079942742432672,0.048613350488829025,rejected,0.0,0.9612274303937582
r1 q1 & rel_ind60 q2,-3.3044394647215444e-05,-0.447967756276149,1.0081174947471252,rejected,0.0,0.313398059869014
days_to_earn q2 & earn_in_week q1,-0.00011086610049245887,-0.8307775579453034,0.6246685433808142,rejected,0.0,0.5321886228784105
min20 q2 & vol_surge5 q2,0.0002679967991815217,0.8287478142537014,0.6261000218548541,rejected,0.061468081662372914,0.5312493378930254
r1 q1 & r20 q4,-7.603623271438503e-06,-0.43264021234634836,1.0221243617415974,rejected,0.0,0.30672204417983023
ins_opportunistic30 q2 & range_compress q2,6.319671474091439e-05,-0.18047815514149212,1.27261473082018,rejected,0.0,0.20315478873604292
ev_offering q4 & frog q3,-7.487198071607577e-05,-0.47721491284539774,-0.9757965874839647,rejected,0.03045531738785036,0.32916527618520625
r120 q2 & r20 q4,0.00014961659372174276,0.9900126856371337,-0.4611463349406646,rejected,0.0,0.6446936206232328
max20 q1 & r20 q0,-9.568322286374567e-05,0.02838071724684097,-1.4222753555920415,rejected,0.0,0.15494633029877256
r1 q4 & vol_surge5 q3,0.00011322104979695735,0.768120196183922,-0.6813153847373608,rejected,0.0,0.4956719505695272
gap_today q4 & max20 q3,-8.36877878505627e-05,0.08708014708405416,-1.3521251506443597,rejected,0.0,0.1763352828398783
r5 q1 & skew60 q0,0.00011865953517802858,0.023351018772461346,1.4155297079958733,rejected,0.057827310314795884,0.15691324439801327
frog q2 & vol_ratio q3,-0.00016605379786049291,-0.3706513640411243,-1.0671682069198036,rejected,0.03351667228639044,0.28589588639212016
min20 q2 & skew60 q4,0.00025056743507699265,0.9190025195707456,0.518721944420816,rejected,0.0448695586967184,0.6039546565204732
vol20 q3 & vol_surge1 q2,6.838778962435141e-05,-0.16401186587574015,1.27326925525679,rejected,0.0,0.2029225125964905
r120 q2 & vol_surge5 q2,-0.00011357553924717032,0.03431932608983241,-1.4015463682778664,rejected,0.0,0.1610507519350393
ind_mom20 q0 & r120 q2,-0.00025092693908395665,-0.9194186868183275,-0.5161032617723893,rejected,0.04592521787493547,0.6057822899510032
ear_volsurge q3 & r120 q2,0.0003717631879254415,1.3833869192361825,0.04852910798666745,rejected,0.01934572793673172,0.9612945669457721
dist_ma50 q4 & ins_officer30 q2,-1.5002645749848643e-05,0.269185109523301,-1.1619638351883979,rejected,0.0,0.24525015533308353
r1 q0 & vol_ratio q3,0.00024056645325480852,1.3225837017252942,0.10843939605107455,rejected,0.02567276830256891,0.9136471518412966
ind_mom20 q4 & vol_ratio q1,0.00017128179350184498,0.39898343098240224,1.0310420446126234,rejected,0.02568963003768266,0.3025211036564401
skew60 q3 & vol_surge5 q4,0.0001594358819624538,0.41598160695474723,1.0129474714491493,rejected,0.026160544450994055,0.31108525188850955
days_since_earn q2 & gap_today q0,0.00020714532466685077,1.0271181269057594,0.4001644860794856,rejected,0.036199314629848704,0.6890353701421885
close_loc q4 & r20 q4,-9.526521399813432e-05,-0.09951788999568081,-1.3274052608939564,rejected,0.06715984052502574,0.1843746603546983
close_loc q0 & ins_buyers30 q4,6.708830568943797e-05,0.14519458431173268,1.281100573839869,rejected,0.058098846701161326,0.20015834233250654
frog q1 & rel_ind60 q1,0.0001602837257377981,0.11425305134463827,1.3096809403071552,rejected,0.06513775234627704,0.19030379397581879
earn_in_week q1 & gap_today q0,1.193922446717064e-05,-0.19825319770569733,1.2239039492318118,rejected,0.0,0.22098846364760716
gap_today q0 & r120 q2,-5.9996264650939204e-05,0.10693908307093099,-1.3134094309156754,rejected,0.0,0.18904502131603407
gap_today q4 & vol20 q0,-3.914276565624564e-05,0.14896354973833095,-1.270472950656996,rejected,0.0,0.20391621208550614
ins_buyers30 q2 & rel_ind20 q1,0.00033309922035693995,1.0484324483133567,0.3707354707363722,rejected,0.038125839031108034,0.7108345682295912
ins_buyers30 q4 & vol_surge1 q3,0.00021459736033202894,1.3978266022966583,-0.021172761187878673,rejected,0.0,0.983107842833798
ev_offering q2 & ind_mom60 q3,9.171309943664452e-06,0.39128354521718045,-1.0238186108454683,rejected,0.0,0.3059209582358878
dist_ma200 q2 & r20 q1,-0.0002448247414171574,-0.6284098196204146,-0.7811583996098889,rejected,0.03936143992134688,0.43470933760911284
range_compress q2 & vol_surge5 q2,-0.00011712992272722337,-0.6809161465977257,0.7274883490546459,rejected,0.0,0.4669268500450885
days_to_earn q0 & ev_red_flag q2,0.00018918869281887802,0.286458491315794,1.1114914184010427,rejected,0.038407788815167626,0.2663568818630666
ind_mom60 q1 & r60 q0,-4.5184663687713057e-05,-0.5371351435446953,0.8575809096039276,rejected,0.0,0.39112392018182657
gap_today q4 & r5_nonews q3,-3.885971154273952e-05,0.15122691998440652,-1.2422065025943267,rejected,0.0,0.21416038110253982
close_loc q0 & ear q0,-8.719239158206188e-06,-0.3826280179292542,1.0102073356607861,rejected,0.0,0.31239596547303516
gap_today q4 & range_compress q0,-0.00010522769938943326,-0.6084251274055119,-0.7813911973337961,rejected,0.03837683163656967,0.4345724468225019
days_to_earn q2 & vol_surge1 q2,7.905570459640578e-05,-0.18371620770388303,1.1971915870146324,rejected,0.0,0.2312318882464312
dist_ma200 q2 & vol_surge1 q2,-0.00013307927705310494,-0.0062093096813859855,-1.3736440172044146,rejected,0.06582450537223822,0.16955222464914924
ear q0 & ev_agreement q4,-8.267893025900268e-05,-1.080104462722776,0.29051972019794925,rejected,0.0,0.771418666484862
r5_nonews q3 & vol_surge1 q2,-0.00030230925297840586,-1.1030589153213282,-0.2664383073666066,rejected,0.024725892091330907,0.7899016660813866
ind_mom20 q3 & range_compress q4,0.00017699747883006024,0.9202260066073211,-0.44924514566556517,rejected,0.0,0.653254823658735
ev_offering q4 & vol20 q2,-3.1044559589617453e-09,0.4572242239231804,-0.9098944683900948,rejected,0.0,0.36287816730314304
r1 q1 & r120 q2,0.00012869991230063076,0.6579099668255911,-0.7084878031545857,rejected,0.0,0.47864238378092533
days_to_earn q3 & dist_ma200 q0,-0.0001934394012709928,-0.9969498329881377,-0.36606367284740976,rejected,0.03890200815969164,0.7143175638140709
rel_ind60 q4 & skew60 q0,6.540089317766169e-05,0.7971860687976261,-0.5656105020284913,rejected,0.0,0.5716585870536328
ind_mom20 q0 & rel_ind60 q4,-2.6564078693675364e-05,-0.5120605450561999,0.8497405654480114,rejected,0.0,0.3954693399173325
frog q4 & r5_nonews q3,0.0002662947706701321,0.8805975858412404,0.4800805786557199,rejected,0.034365665184826914,0.6311700974741227
ev_agreement q2 & ev_offering q4,-0.00011459914505616935,-0.49058138812571306,-0.8699640388541561,rejected,0.038265540528821376,0.38432005688047455
overnight20 q0 & r5_news q2,-0.00012498235638454713,-0.681907304191406,0.6720567116801356,rejected,0.0,0.5015475932543849
frog q4 & r5_nonews q0,0.00012298773823849645,0.5614449457741878,0.7924907730089557,rejected,0.03386247730526944,0.42807456977152203
dist_ma200 q1 & max20 q2,5.837991236160537e-05,-0.17544536635509916,1.1758125597719842,rejected,0.0,0.23966978631825173
ear_volsurge q3 & gap_today q4,4.0666114995928036e-05,0.5007160953245419,-0.8496225264940728,rejected,0.0,0.39553498377079604
ind_mom20 q0 & ins_opportunistic30 q4,5.098774285336015e-06,-0.30135214913033354,1.0466036521468185,rejected,0.0,0.2952824168025774
ind_mom60 q3 & r120 q2,-8.908390333652462e-05,0.10024852946796922,-1.2470876832087792,rejected,0.0,0.2123653486173431
days_to_earn q2 & r120 q2,-0.00018389316594964397,-0.40075455492603707,-0.9446584643132351,rejected,0.04086067415225821,0.34483326873074177
ind_mom20 q1 & ind_mom60 q3,-8.520848495893113e-05,-0.009685778466885587,-1.3334034887606716,rejected,0.06497105993023117,0.18239942813426396
ear q2 & vol20 q3,-0.00010500740413350821,-0.13815722355923923,-1.2037559159112854,rejected,0.05088733740048363,0.2286839331779677
gap_today q4 & skew60 q3,0.00020105927786020903,1.1770261884924365,0.1640700925877137,rejected,0.02600358704162578,0.8696759653902307
ear q2 & skew60 q3,-0.0002789773788786801,-0.9935394494000934,-0.34720489102856694,rejected,0.040317751336824074,0.7284373966357091
atr_pct q3 & skew60 q2,0.00011202375087014927,0.7132996597769353,-0.6239285304665751,rejected,0.0,0.5326745224401954
dist_ma200 q0 & r5_news q4,-4.163257441817189e-05,-0.9386443928482496,0.3957713580915062,rejected,0.0,0.6922737081451933
close_loc q2 & log_dv q2,0.0001278160993438107,0.10761057815468625,1.2264194571877876,rejected,0.05355168143214329,0.22004086768402395
dist_ma200 q2 & r1 q0,-0.00019292475448131035,-1.0590165015547386,0.27434034773693683,rejected,0.0,0.7838230804503786
mom_12_1 q0 & r120 q1,0.00021424278002374307,1.1299935557878005,-0.20281275703208954,rejected,0.0,0.8392813864854225
ear q2 & vol20 q2,0.00034605442033369747,1.2622338610027064,0.06909756896329303,rejected,0.0244465882854503,0.9449119560916139
ear_volsurge q3 & frog q1,0.00023534622213633457,0.833456612855229,0.4978422870879255,rejected,0.04413017048190411,0.6185952079294923
mom_12_1 q4 & r5_nonews q1,4.278855274310091e-05,0.5410034294642592,-0.7885905324813344,rejected,0.0,0.43035136618431014
range_compress q4 & rel_ind60 q3,9.376804693305776e-05,0.5740924640552523,-0.7523456181792124,rejected,0.0,0.45184324107508705
atr_pct q3 & ind_mom60 q0,6.495278596155702e-05,-0.10528633856968518,1.2205068523424343,rejected,0.0,0.222272793510382
ear_volsurge q4 & range_compress q2,0.00015673714787522205,0.25494176378909034,1.0692863748090518,rejected,0.03057605767794262,0.284940648231629
r120 q2 & vol20 q3,0.0002576467570332128,1.1731778563048467,-0.149017335366797,rejected,0.0,0.8815399540497102
ear_volsurge q2 & earn_in_week q1,-0.0001455083868100048,-0.5746880983625664,-0.7471288022213606,rejected,0.05270038306246159,0.4549858158459938
ev_offering q4 & r120 q2,-0.00010084474853183658,-0.045919282800999495,-1.2736371965383868,rejected,0.05308535714428065,0.20279202339760877
dist_ma50 q0 & max20 q0,6.8445653234261e-05,-0.0699970415096035,1.243455648248501,rejected,0.0,0.21369997484802813
atr_pct q2 & ear_volsurge q0,-0.00022874169257675208,-0.6891029435176237,-0.6228496001616284,rejected,0.059783948403176156,0.5333833604512814
frog q4 & r20 q0,7.281969484778559e-05,0.17434393469747306,1.1369974102436362,rejected,0.03875648064081372,0.2555393682885972
r120 q1 & r5_nonews q0,0.00026648583973068533,1.1374590407421805,0.17075006938911994,rejected,0.025119971449750388,0.864420291219969
frog q4 & skew60 q0,0.00015984966790775495,0.38466119545524585,0.9233122856114647,rejected,0.042325204532893526,0.3558444873004731
dist_ma50 q1 & rel_ind20 q1,0.0002409724208287382,0.658694938033923,0.6488171460685189,rejected,0.05669718371944116,0.5164565734845575
ind_mom60 q3 & r20 q1,0.0002371597024465219,0.8616390363253188,0.44538899780863406,rejected,0.03412431847495223,0.656038661769937
max20 q3 & r60 q4,-5.209861052179116e-06,-0.3404704191551949,0.965889226251293,rejected,0.0,0.3340996139735091
atr_pct q1 & dist_ma200 q0,0.00012178665377651252,0.8625842009682227,-0.44266104700816233,rejected,0.0,0.6580109215719695
ear q0 & r5_nonews q3,-0.00023696114153945986,-1.1432259165456993,0.15676978070618167,rejected,0.0,0.8754262898246767
r5 q2 & r60 q1,0.00014024424797328877,0.20887887865551893,1.0909718822445602,rejected,0.029657282115834294,0.27528525519487435
r5 q0 & vol_surge5 q4,-0.00023887611567411713,-1.2080881157927046,0.08931248731507405,rejected,0.0,0.9288335702882444
r120 q4 & r20 q3,-0.00011341694668607254,-0.7813482946779785,0.5116754434799776,rejected,0.0,0.6088781752000443
atr_pct q3 & vol20 q3,0.0002043502688203199,0.43038560937063597,0.8606269912449014,rejected,0.039563268556831066,0.389443515235136
ind_mom60 q3 & r60 q0,9.61602288952559e-05,0.3607391971180862,0.9293844131373389,rejected,0.03867520537099619,0.3526899026498333
ind_mom20 q2 & overnight20 q2,0.00016225693575377018,0.31953910259672785,0.970303564032705,rejected,0.028733759559505585,0.33189520130230715
range_compress q1 & vol_surge5 q4,-0.00017756149410974467,-0.86972614347139,-0.4196841571538866,rejected,0.028838481093796404,0.6747162002012471
days_to_earn q3 & ind_mom20 q3,9.982358175704661e-05,0.6444403612054157,-0.6436873695355305,rejected,0.0,0.5197781818594509
range_compress q3 & vol_ratio q4,-0.00020227546717030355,-0.5928256484239619,-0.6936025556954203,rejected,0.052710917784900925,0.4879314905619035
frog q2 & max20 q3,6.690042320873325e-05,0.5433880096197803,-0.7425718264843374,rejected,0.0,0.4577409508775912
days_to_earn q2 & ind_mom20 q0,-0.00017590165646023639,-0.5315899655743338,-0.7541227921437234,rejected,0.045374951575876524,0.45077549265747274
r60 q4 & skew60 q0,5.593920178334783e-06,0.3560639892429502,-0.9279233064841316,rejected,0.0,0.3534473538012101
frog q2 & vol_ratio q2,-0.00017946379228076716,-0.5105533814232902,-0.7718742259608958,rejected,0.04086218602208779,0.4401889239988684
overnight20 q2 & r5 q3,0.00010841593694424637,0.6403544770659636,-0.6373594785134278,rejected,0.0,0.523890716518761
ind_mom20 q3 & mom_12_1 q2,-8.484942038392789e-05,-0.6029126074166796,0.6728356368194,rejected,0.0,0.5010518631433656
ear q3 & vol_ratio q4,-6.13033612871409e-05,0.19117815032075597,-1.081393281360849,rejected,0.0,0.27952220900461305
r5_news q0 & skew60 q4,-6.937693501911589e-05,-0.8462615542724506,-0.42548914458983284,rejected,0.02838569389781351,0.6704801333637246
r20 q1 & r5_news q0,-6.298418192136715e-05,-0.6209719780857,0.6504174015815735,rejected,0.0,0.5154226398440052
r1 q0 & r120 q2,-0.00020692706887446018,-1.028315385669677,-0.24084902321298743,rejected,0.021565114313212556,0.8096721327292886
ear_volsurge q1 & max20 q1,0.0003372528273604119,1.1909954977565804,0.07693197041255666,rejected,0.026693053177007785,0.9386776641942396
min20 q2 & rel_ind60 q0,6.04577070302373e-05,-0.11823497685300499,1.1456889953112677,rejected,0.0,0.2519238588444861
dist_52wh q3 & vol_surge5 q1,0.0002796405830918058,1.0831214775021367,0.17868727482982377,rejected,0.02642965474979386,0.8581832615848983
atr_pct q3 & vol_surge1 q2,-0.0002215225139121938,-1.0051067028337486,0.2565153341761572,rejected,0.0,0.7975529414929621
close_loc q4 & ind_mom20 q0,-0.00020163715911276434,-1.1158460437603657,0.14410318891047225,rejected,0.0,0.8854189866204024
gap_today q0 & r5_nonews q3,3.144639667227032e-05,0.4664819443627618,-0.7933845277904127,rejected,0.0,0.42755382240649836
dist_ma200 q2 & r60 q4,-6.41040262243242e-05,-0.10953660483655506,-1.1502387992243344,rejected,0.03332222704028552,0.25004552993659324
dist_ma200 q2 & ear_volsurge q3,-0.00010556599151234797,0.0518249705138245,-1.2063971647025744,rejected,0.0,0.22766438876137216
dist_ma50 q4 & vol_surge5 q1,-8.929480241746992e-05,-0.6515211729331674,0.6061590102254188,rejected,0.0,0.5444091687787742
r1 q4 & vol_ratio q3,-0.00010690761974022112,-0.17189218316861604,-1.0851924927198506,rejected,0.028366624385270746,0.2778364085129219
frog q2 & r120 q2,-6.0225358871959134e-05,0.10667030908128679,-1.1502093147410797,rejected,0.0,0.2500576706565737
r120 q3 & skew60 q0,-0.00019731427182879328,-0.7371769638029415,-0.5172148883859168,rejected,0.04193167013471253,0.6050061600154398
ear q2 & r1 q1,-0.00010614473944983262,-0.6258353153172552,0.6273013523762336,rejected,0.0,0.5304617171175785
r1 q1 & r20 q1,2.3489874150049907e-05,-0.2567018891531589,0.9938863880041288,rejected,0.0,0.32027818201333524
dist_ma50 q1 & ear_volsurge q3,6.549327483645086e-05,0.476105803147818,-0.7742440854832263,rejected,0.0,0.43878646236265273
r1 q4 & range_compress q2,-4.7725465256277306e-05,0.13250098397352936,-1.1159161839748692,rejected,0.0,0.2644580135872205
frog q4 & vol20 q3,-1.7989605419821152e-05,-0.41418125805251926,0.8320983600013957,rejected,0.0,0.4053534274696677
close_loc q0 & r120 q2,-1.0333057144459968e-05,-0.34779285982824326,0.8974994544005976,rejected,0.0,0.36945246441261803
dist_52wh q3 & r60 q2,-9.170579648709454e-05,0.047835428232421345,-1.1945961324315915,rejected,0.0,0.23224486105661118
days_to_earn q2 & gap_today q0,-0.00021630539178827985,-1.0350703027479133,-0.20714032869587623,rejected,0.02175156990032779,0.8359002672944651
close_loc q0 & dist_ma200 q2,-6.35087709775713e-06,-0.3158364839809953,0.9259114051726164,rejected,0.0,0.3544920236824909
frog q4 & r120 q2,0.00016625507067853044,0.8339729785140199,-0.405290045624581,rejected,0.0,0.6852643226829367
dist_ma200 q4 & r5_nonews q1,-6.538820131139551e-05,-0.6723739174858813,0.5654461290513348,rejected,0.0,0.5717703562060771
days_since_earn q1 & frog q3,-6.722904970491205e-05,0.12654797943606091,-1.1070156018964403,rejected,0.0,0.26828718288183845
days_since_earn q0 & r5_nonews q3,0.0001287081503015538,0.76587635890045,-0.4654473983006261,rejected,0.0,0.6416110978811418
dist_ma200 q2 & ind_mom60 q0,-0.00017942087499564217,-0.5567308884817588,-0.6737108141159677,rejected,0.05237396900648672,0.5004951852956138
dist_ma50 q0 & mom_12_1 q3,-0.00017269242177368646,-0.9987951614262842,0.23120812452587178,rejected,0.0,0.8171531185354
ev_offering q4 & range_compress q2,3.7924511299032645e-05,0.5861454009184631,-0.6404175678550426,rejected,0.0,0.521901164560076
ind_mom60 q0 & r5_nonews q3,0.0002376830847479759,1.1906683495335637,0.034939630058858855,rejected,0.00801825720287567,0.9721278796752686
atr_pct q3 & ear q2,9.113737425943338e-06,0.2688241978566895,-0.9560937715905147,rejected,0.0,0.3390248612361775
frog q4 & ind_mom20 q1,0.00014482710157627887,0.8222102840466928,-0.4009643148788088,rejected,0.0,0.6884463971025869
dist_ma50 q4 & r1 q3,0.00024405147147549936,1.1012403180816104,-0.1213429891898778,rejected,0.0,0.9034193711138438
close_loc q2 & dist_ma200 q2,8.914005535847326e-05,0.5520794884794274,-0.6701972226063342,rejected,0.0,0.5027320741592515
close_loc q0 & r1 q4,-6.301677800056693e-06,0.17854262775838348,-1.0421490818680132,rejected,0.0,0.2973425658276881
ev_red_flag q2 & news5 q4,-0.0002522116284901796,-0.8841968454828135,-0.3363482809276199,rejected,0.04092295281434199,0.7366082455762581
dist_ma200 q2 & skew60 q4,-0.00013392355179851412,-0.20238674700334505,-1.0180419928670583,rejected,0.02420771934472382,0.30865800017272094
vol_surge1 q2 & vol_surge5 q3,-2.2491275700429143e-05,-0.4003810255432771,0.8166375281194749,rejected,0.0,0.4141356020632423
ind_mom20 q1 & r1 q1,-6.564411381373843e-05,0.0940897855199236,-1.1221301762000817,rejected,0.0,0.26180709511258576
close_loc q0 & ev_offering q4,8.247194177241953e-05,1.0800226214396595,0.12982026201317995,rejected,0.025164603637110948,0.896708631805797
dist_ma200 q2 & r5_news q2,-0.00010199579919360629,0.012098952670643686,-1.1976682988397065,rejected,0.0,0.23104617541095862
dist_ma200 q2 & vol_surge5 q3,-0.0001708757171786462,-0.4777197107145197,-0.726651798145889,rejected,0.04552717728787102,0.46743928847419475
ear q2 & frog q1,6.203312988335852e-05,-0.1991020374337986,1.0049869325987364,rejected,0.0,0.3149031421400532
ev_agreement q4 & r1 q4,-7.733072578026601e-05,-1.1019787075127603,0.10070319041739022,rejected,0.0,0.91978607866478
vol_ratio q2 & vol_surge5 q3,0.00014027789723229043,0.3406035308082145,0.8619570276330477,rejected,0.03643223080823562,0.3887111654518019
earn_in_week q1 & r5_nonews q3,-2.162814823677601e-05,0.1900971108564673,-1.0117323278264654,rejected,0.0,0.31166605404091885
days_to_earn q2 & r5_nonews q2,3.2048192260571154e-05,0.43399285277601163,-0.7602211842171271,rejected,0.0,0.44712238426986445
mom_12_1 q4 & vol_ratio q4,0.00012868236699454838,0.55015918329509,0.6437050995383591,rejected,0.05300745661768813,0.5197666824635252
dist_ma200 q1 & ind_mom60 q1,0.0002517699213006262,0.9263124897848863,0.2672028004852965,rejected,0.023623000545588545,0.7893130200456466
frog q4 & rel_ind60 q0,-2.0578337434813014e-05,-0.35560062406973436,0.8378507235657728,rejected,0.0,0.4021145467534594
earn_in_week q4 & overnight20 q3,6.600836019110151e-05,0.6687356626145293,0.524238601045498,rejected,0.040295800984007514,0.6001125957579376
ind_mom20 q1 & r1 q0,0.0001272466732386675,0.9093446242136183,-0.2816624563949977,rejected,0.0,0.7782023448174902
r60 q4 & vol_surge5 q2,-1.4142844743090207e-05,-0.3430067771705731,0.84542846272279,rejected,0.0,0.39787165846212935
earn_in_week q1 & r1 q4,7.50329133048616e-05,0.7917451794562534,-0.3907124213507006,rejected,0.0,0.6960098163583215
close_loc q1 & r60 q4,-0.00013937102146598126,-0.7807823948095914,-0.39570297939189786,rejected,0.03296427654897612,0.6923241573033879
r1 q4 & r5_news q0,-5.2479152556385415e-05,-0.43990520997735144,-0.7323952522054419,rejected,0.044736155856224646,0.46392735582104566
earn_in_week q1 & r1 q0,-5.716444280903449e-05,-0.2170468437166429,-0.952381708322756,rejected,0.03361763413926984,0.34090343268946505
ev_offering q2 & r20 q4,-0.00012474641239039293,-0.1913162949536468,-0.9772937641726446,rejected,0.025788383697161528,0.32842373937089675
frog q1 & vol_ratio q3,0.00015057835309536722,0.2740635620207819,0.89304163633672,rejected,0.0294528189910551,0.3718348759633098
overnight20 q1 & r1 q2,3.1397049790873794e-05,0.3652516592758832,-0.7953960032855658,rejected,0.0,0.42638318409184084
ins_buyers30 q4 & vol_surge5 q4,7.754081830514618e-05,0.6090030220355688,0.5489848412324451,rejected,0.038373047908933706,0.5830158527965655
ins_opportunistic30 q2 & overnight20 q2,0.0003052690118431213,1.026637605760979,0.12980755318641995,rejected,0.025308187355144007,0.8967186869020374
atr_pct q2 & rel_ind20 q0,0.00017139799539162432,0.8097080313018461,-0.3464523207771983,rejected,0.0,0.7290028104825053
dist_ma50 q3 & log_dv q3,-0.00019663891069689028,-0.9390899713467554,0.21495544554924242,rejected,0.0,0.8298020558232297
ear q2 & skew60 q1,0.0001984333804971411,0.8590820389920423,-0.2904034730990148,rejected,0.0,0.7715075869896564
close_loc q0 & r60 q4,-0.00014615255325248818,-1.05889566788101,-0.08851963874074144,rejected,0.02642141770237294,0.9294636761493162
ind_mom20 q0 & skew60 q4,-7.157375620551952e-05,-0.5977422078661795,0.5480369362609817,rejected,0.0,0.5836665411317671
dist_ma50 q3 & vol_ratio q4,0.00012052112610235623,0.7333931478755096,0.41204267049777554,rejected,0.027426461084467002,0.6803081477118972
days_to_earn q2 & ev_offering q2,-0.00015846084878759766,-0.26265539868326804,-0.8823353026276888,rejected,0.03182568266200652,0.37759551105220307
frog q4 & skew60 q3,-0.00019155104593347706,-0.9044691508618047,-0.24011571887018246,rejected,0.021809096374947073,0.810240548736789
ev_red_flag q4 & r1 q4,-1.2241127988618337e-06,0.1604431613699263,-0.9827518862863319,rejected,0.0,0.3257295670930958
close_loc q0 & ind_mom60 q3,-0.00016804747954935533,-0.9835674738110847,0.15823131993897124,rejected,0.0,0.8742745248824062
r5_nonews q1 & r60 q4,-0.0001505376743449387,-0.9877823497215762,0.15236519347547026,rejected,0.0,0.8788989080962817
ev_offering q4 & r1 q1,9.304820979885e-05,0.9468994418964625,0.19297893579212244,rejected,0.020140087590734424,0.8469754648073019
days_since_earn q3 & ind_mom60 q4,0.0002022770190464379,0.9485778962376431,-0.18824296145559263,rejected,0.0,0.8506861960536626
ind_mom20 q0 & skew60 q2,-0.0001811538655847049,-0.9032995309026505,0.23255012646434392,rejected,0.0,0.8161107588253468
ind_mom20 q1 & ind_mom60 q0,0.00014898797245501208,0.8873320273427605,0.24379394625856965,rejected,0.02001962176738471,0.8073904090832358
dist_ma50 q4 & r5_nonews q0,-1.5500807040806644e-05,0.08529839084406243,-1.044471584280729,rejected,0.0,0.2962672593975575
ind_mom60 q0 & r1 q4,-0.00014763430488313467,-1.0043446464310064,0.12322961800623815,rejected,0.0,0.9019252725276903
max20 q3 & vol20 q3,0.00012265848736641008,0.14378568927191937,0.9835400303558575,rejected,0.02359706475762712,0.32534172372745945
frog q1 & skew60 q2,4.1053509940624776e-05,-0.2821402018791229,0.8451466569854409,rejected,0.0,0.39802896102076535
ind_mom20 q4 & r5 q4,-4.987473398167565e-05,0.1005803920027356,-1.0253924685104403,rejected,0.0,0.3051780404458968
log_dv q2 & news5 q1,5.093802285897039e-05,0.47080661957086656,-0.6542612167136493,rejected,0.0,0.5129435279124313
ear q0 & r60 q4,-4.59211381945914e-05,-0.4277792997986389,-0.6953546823801003,rejected,0.04810944983457618,0.486833053184891
min20 q2 & r5_news q0,2.343222344759994e-05,-0.11650085242578938,1.0037704124172797,rejected,0.0,0.31548928886427
frog q0 & skew60 q3,0.00011139039074091845,0.1553664572050165,0.9617981685712322,rejected,0.02746438222492274,0.3361509982034989
frog q1 & vol_surge1 q2,-5.9270809122075154e-05,-0.4539515081627235,0.6613283415241411,rejected,0.0,0.5084017697222294
mom_12_1 q4 & r20 q0,9.084289596937364e-05,0.3842204548177401,0.7305644387007763,rejected,0.04311748167425626,0.4650452398140835
ear_volsurge q4 & mom_12_1 q1,0.00022796493461666785,1.019736684173791,-0.09244042436447328,rejected,0.0,0.9263481229082119
close_loc q1 & dist_ma200 q2,-9.905989997303055e-05,0.01821161321530131,-1.0873548078051563,rejected,0.0,0.27688003533892147
ear q4 & r1 q1,0.00010881572135715135,0.23678946297093684,0.8676457017276522,rejected,0.032759517539200436,0.3855883193303526
range_compress q2 & vol_surge1 q2,-0.00014669055610995354,-0.6759898414578276,0.4283105326819328,rejected,0.0,0.6684250515995087
ev_offering q4 & r5_nonews q3,-5.8110739230523614e-05,-0.48416912292924214,-0.6131643054622168,rejected,0.05317543218926824,0.5397677039161408
frog q1 & r1 q1,-4.677675029771732e-05,-0.3960708088273046,0.699455035672121,rejected,0.0,0.4842677038619589
dist_ma200 q2 & vol20 q3,2.9300523798179795e-05,-0.19286824046222129,0.9005600040085352,rejected,0.0,0.36782230818433964
atr_pct q2 & ind_mom60 q4,0.0002394207739439377,0.8983313466310047,0.19469335178041014,rejected,0.021121093855461275,0.8456330168311459
r1 q4 & r5_nonews q3,-8.541151753052577e-05,-0.02002053039971251,-1.066891652283452,rejected,0.026968828251121506,0.2860207648108402
mom_12_1 q1 & range_compress q1,-6.544806560425766e-05,0.08842984914774911,-0.9973628717135964,rejected,0.0,0.31858840631742485
ear q0 & rel_ind60 q2,4.876378162793506e-05,-0.11295927069452094,0.9714521175037646,rejected,0.0,0.3313231862354461
vol_ratio q3 & vol_surge1 q2,-0.00023255866552585348,-0.8617906269534858,-0.2220378329593907,rejected,0.022865032512868273,0.8242844318823274
ear q0 & r20 q4,6.728148266284475e-05,0.4246423190028734,0.6578197217631331,rejected,0.05083600526071997,0.5106539801259249
frog q2 & vol20 q3,5.3096819717207254e-05,-0.10025048733541209,0.9816474003868014,rejected,0.0,0.3262735869959266
gap_today q4 & vol_surge5 q2,-0.00011198963094614157,-0.30342735573809126,-0.7758453650191811,rejected,0.03451815222828319,0.43784029474387315
days_to_earn q4 & intraday20 q3,9.537419760759307e-05,0.613162517421768,-0.462832713045452,rejected,0.0,0.6434842809453531
days_since_earn q0 & ind_mom60 q1,-0.00021404704624462597,-1.0652710754300163,-0.009123285614239687,rejected,0.004239503896083694,0.9927207722450302
ev_agreement q4 & ev_offering q2,-0.00017717161968141084,-0.910382144431078,-0.16143111886326775,rejected,0.0240852294739907,0.8717538587774288
close_loc q4 & ear q0,0.0001378472188011098,0.8221561114348397,-0.24943617427759318,rejected,0.0,0.803023406203463
dist_ma200 q2 & r5 q1,0.00015895258818607734,0.376016240698811,0.6924723929828527,rejected,0.04698756340881669,0.48864071713601254
gap_today q3 & ins_value30 q2,0.00028963826254650385,1.0178832521545425,-0.048794670289221,rejected,0.0,0.9610829296100845
ind_mom20 q1 & skew60 q0,-4.094288953740125e-05,0.060025506860105875,-1.0011911637772108,rejected,0.0,0.3167343976637264
r1 q4 & vol20 q2,-0.00018685639669081542,-0.6660332179432957,-0.39414103057387856,rejected,0.032495580279769475,0.6934769197051646
close_loc q4 & earn_in_week q1,-0.00013390553674747348,-0.5115059725711693,-0.5481829178047447,rejected,0.03702125228726908,0.5835663102240023
ear_volsurge q3 & r5_news q0,-1.160402910232314e-05,0.12806746285949452,-0.9304962154213702,rejected,0.0,0.35211422273478077
log_dv q0 & r20 q1,0.00021912335533988148,0.8489014695746137,0.20474512704822348,rejected,0.021524757226767027,0.8377712609146644
frog q4 & gap_today q4,-0.00010076873132773582,-0.33934089268172085,-0.7117434118904624,rejected,0.039647460701300236,0.47662367999721583
atr_pct q1 & r5_nonews q4,7.433979845824343e-05,-0.07936796575039524,0.971316499056558,rejected,0.0,0.33139069519463027
close_loc q4 & vol20 q3,-0.00018607362606118947,-0.9146397670860132,0.1355753343895504,rejected,0.0,0.8921570056902335
ear q2 & vol_surge5 q2,-2.285866286046564e-05,0.1882307720035981,-0.8614883489397321,rejected,0.0,0.3889691353989028
gap_today q4 & vol20 q3,-0.0001680994263870798,-0.6045159009414185,-0.44337348634886553,rejected,0.03150318880918764,0.6574956102360701
ear q4 & frog q1,6.82115195242443e-05,-0.01864569369355141,1.0280309220854797,rejected,0.0,0.30393528233949424
close_loc q4 & vol_surge5 q3,0.0001391770030108955,0.45050113594926955,0.5954601968041633,rejected,0.0510930807994177,0.5515358976825113
dist_ma200 q2 & vol_ratio q2,0.00017918617082553426,0.8036943096773159,-0.2411359324393386,rejected,0.0,0.8094497642465164
r5_news q0 & vol_surge5 q3,-0.00011304126846168725,-0.9226516710091208,-0.1210029061701159,rejected,0.026679735153770878,0.9036887333198316
ear q4 & intraday20 q3,0.0001703200009356525,0.8154201695942275,-0.22610859189454263,rejected,0.0,0.8211169622625971
dist_ma200 q3 & ind_mom20 q3,-8.721512699939633e-05,0.028860513492329605,-1.0058337939547672,rejected,0.0,0.31449552814282183
r5 q1 & r5_news q0,-0.00011703687002847173,-0.66653500616044,-0.36794686469277216,rejected,0.034307949082831274,0.7129128547448826
atr_pct q3 & r5_news q0,-9.670263511866199e-05,-0.4899951065653901,-0.5342224118297133,rejected,0.038956961861433194,0.5931876650047043
r120 q2 & rel_ind60 q2,0.0002499808536195734,0.9149310818416664,0.1086320810000602,rejected,0.02224968965777273,0.9134943143652128
frog q4 & vol_ratio q2,-9.58748842952597e-06,-0.26791567106568653,0.7544992185480559,rejected,0.0,0.45054951443060676
skew60 q2 & vol_surge5 q2,0.00017406982599898848,0.7717796066324434,-0.24934060326441368,rejected,0.0,0.8030973260186705
close_loc q4 & r5_nonews q0,8.56198384522341e-05,0.7516937351020646,-0.2674967144111625,rejected,0.0,0.7890867435569319
ev_offering q4 & vol_surge5 q2,6.53841771005703e-06,0.4041720630022985,-0.6148746623709832,rejected,0.0,0.538637497058964
frog q0 & r60 q2,-0.0001550036752804151,-0.5099761445208111,-0.507285342362221,rejected,0.036859713425345914,0.6119546216406614
dist_ma50 q0 & frog q4,8.440372256286899e-05,0.4732753606463793,0.5416108614226436,rejected,0.03685466572514924,0.5880866079088579
ind_mom60 q0 & vol_ratio q2,-0.00010590485788485736,-0.6382767367837496,0.3763657372781719,rejected,0.0,0.7066450142976268
ev_agreement q4 & vol_surge1 q4,5.4193622829078826e-05,0.4015279986162549,0.6080648569694131,rejected,0.05157890734715492,0.5431444592216615
close_loc q3 & ear q3,-0.00016543670888312083,-0.5404699720924746,-0.46900107201011443,rejected,0.028160852108567527,0.6390688697608511
frog q2 & ind_mom60 q3,-0.00012698369144894666,-0.3533762544446008,-0.6541274379188389,rejected,0.04954206002090225,0.5130297055904891
r120 q2 & rel_ind60 q0,-0.00011948270867088726,-0.36955542553599036,-0.6375755271193595,rejected,0.04840686396922332,0.5237500306326073
vol20 q3 & vol_ratio q4,0.00017484683555661078,0.8216397078753144,-0.18410274521518008,rejected,0.0,0.8539328529209208
frog q1 & r5_news q0,5.970434076100189e-05,0.6432293320866446,-0.3586485143126331,rejected,0.0,0.7198580488221549
r5_nonews q3 & rel_ind60 q0,0.0001708547080807544,0.7761662008989301,0.21938336718311924,rejected,0.021891534926669943,0.8263514255224087
atr_pct q2 & r1 q1,0.0001301961684372674,0.2345218994868154,0.756030292756025,rejected,0.03729288762187574,0.44963103359039025
ear q2 & ins_opportunistic30 q4,-3.195898371070994e-05,0.054684201171667224,-0.9358458491847661,rejected,0.0,0.3493525611869951
ear q0 & r1 q1,0.00012089448044813162,0.30669230094532085,0.6836536482542216,rejected,0.04376166497143927,0.49419389926344937
r120 q2 & vol_ratio q2,0.0002142232401248407,0.8389002232503083,0.14971144515756207,rejected,0.02315754127617384,0.8809922780256599
ear q2 & r20 q1,5.894039471407431e-05,-0.043411209329918855,0.9442961130884595,rejected,0.0,0.34501835165205436
min20 q2 & r60 q4,0.00016827330619261684,0.7747535264397332,0.21261697208888983,rejected,0.02180620634029939,0.8316257323032141
gap_today q4 & vol_ratio q2,-0.00018309686546736138,-0.9493125848087806,0.03620684569014682,rejected,0.0,0.9711174274987366
close_loc q4 & frog q4,0.00010947232987690082,0.2864776796391461,0.6956684095654029,rejected,0.04332347218989817,0.4866365135212398
close_loc q1 & frog q2,-0.00018899063133286757,-0.8667350860706313,0.11472607296651006,rejected,0.0,0.9086622471379442
ind_mom20 q0 & vol_surge1 q2,1.541668778154128e-05,-0.21587439807256598,0.7646876539174674,rejected,0.0,0.44445755964365324
ear q4 & r1 q4,-0.00015275284598518656,-0.7317769361898435,-0.24540868568991123,rejected,0.017452630802152976,0.8061400044016845
r5_news q4 & r5_nonews q2,6.022175885799526e-05,0.7348768504004431,-0.24152623059963987,rejected,0.0,0.8091472890568276
days_to_earn q1 & ind_mom20 q0,-1.2689146031034128e-05,-0.2830619144809155,0.683571552737453,rejected,0.0,0.4942457531018789
dist_ma200 q2 & rel_ind60 q2,0.0002268649923228164,0.9069161593485797,-0.058915590707426885,rejected,0.0,0.9530193400333041
overnight20 q1 & skew60 q0,-0.00012073612238429182,-0.24896133281040853,-0.7152277683492541,rejected,0.03939839597816211,0.47446831318793287
days_to_earn q2 & r120 q0,-5.3469131058332826e-05,-0.4955311586773083,0.4667214821976805,rejected,0.0,0.6406991581269291
frog q2 & gap_today q0,-0.00011276384166728154,-0.35314267991612946,-0.6032017849342824,rejected,0.049093133679076396,0.5463744604188572
atr_pct q4 & vol20 q3,6.151428586964718e-05,0.08500488130592057,0.8706024525475519,rejected,0.029193327641013546,0.38397125688647843
ev_red_flag q2 & frog q0,-0.00017187426551986906,-0.43427070997301354,-0.5168996654575212,rejected,0.036880303293458816,0.6052262011773015
frog q3 & r20 q1,1.6828770722753903e-05,-0.17514148118562506,0.7728960004131563,rejected,0.0,0.4395839319581102
close_loc q1 & r1 q0,0.00012736284209905838,0.4770744266954625,0.4651632143932603,rejected,0.02735816835301161,0.6418145795090775
close_loc q4 & r5_news q0,-5.447149572653343e-05,-0.46769463805588657,-0.47418292849466553,rejected,0.026266190965774858,0.6353694660154421
earn_in_week q1 & ind_mom60 q0,-0.00010416810420228793,-0.6365652180389743,-0.30476917971272494,rejected,0.025700803340710895,0.7605419565009647
intraday20 q0 & r5 q0,-0.00016785891622740133,-0.8855126581259328,0.05494662626143733,rejected,0.0,0.9561809855759345
gap_today q4 & ind_mom20 q0,-9.121931150369573e-05,-0.6310442870944927,0.30790828790224034,rejected,0.0,0.7581521191517894
close_loc q4 & r60 q0,-0.00012062291906464858,-0.6258485225382135,-0.30926325805858956,rejected,0.026537009720923446,0.7571212776942849
ear_volsurge q3 & r1 q4,8.480807204090324e-05,0.22459091496644104,0.7099611701354034,rejected,0.0378449962684497,0.4777282157096464
earn_in_week q1 & vol_surge5 q2,-1.7708002881507784e-05,-0.3247899638933342,0.6073750553168126,rejected,0.0,0.5436020388673827
ind_mom60 q3 & skew60 q0,-7.180653229865633e-05,-0.5497620598597497,0.37955844383827875,rejected,0.0,0.7042732132058473
days_to_earn q0 & log_dv q3,-4.4390922734471067e-05,-0.3857185680844882,0.5426133237257554,rejected,0.0,0.5873960634115527
r5 q1 & vol_surge5 q3,9.874026967807723e-05,0.19112228621367572,0.7356537088861115,rejected,0.03808775508502908,0.4619414678657775
r5_nonews q3 & vol_surge5 q3,-9.664586009413924e-05,-0.17840774742823148,-0.7482297783382964,rejected,0.04158939999283674,0.4543215722731011
dist_ma200 q2 & rel_ind60 q4,-4.845683386800371e-05,0.05745762470307542,-0.8656368084881785,rejected,0.0,0.3866893635457723
ind_mom20 q0 & r5_news q0,-3.4662000224192716e-05,-0.12425369504338439,-0.7965137743236096,rejected,0.024260065130940582,0.4257334726215448
ind_mom60 q1 & r1 q0,5.8333815048113025e-05,0.046118316003797184,0.8736694901680545,rejected,0.026902746897834666,0.38229827076138373
ear q4 & frog q2,0.00017273816806216588,0.7300660006213353,0.1882349510539347,rejected,0.02130761909611518,0.8506924751909688
close_loc q2 & earn_in_week q4,5.8752843710300723e-05,0.6536720325733386,0.26297547420749934,rejected,0.020973333974004,0.7925694827208065
atr_pct q3 & ind_mom20 q1,0.00013975293522295256,0.719947411433412,-0.19158462527561665,rejected,0.0,0.8480675866705445
ev_agreement q2 & r5_news q0,-0.00012102601676995674,-0.7913605116868805,0.1139735107209216,rejected,0.0,0.9092587919705842
ev_agreement q4 & r1 q1,6.603722793546133e-06,-0.2703951362784068,0.634713394202193,rejected,0.0,0.5256153563380865
ind_mom60 q3 & vol_surge5 q3,0.00015414141187444574,0.7154373054290205,-0.18946911938424799,rejected,0.0,0.8497251558826686
ear q2 & max20 q3,-2.3355656163895465e-05,0.14264927062087254,-0.7602155420453717,rejected,0.0,0.4471257562890236
ear q0 & gap_today q4,0.00014538814342287585,0.8768588094024263,0.025026351004125064,rejected,0.006720521026145212,0.9800339451264011
frog q2 & r20 q1,0.00010341887436099205,0.15753883622906828,0.7439590589322339,rejected,0.0417963613437252,0.4569012440224218
frog q1 & skew60 q4,-5.598790537790042e-05,0.04680033121691228,-0.8525820126114783,rejected,0.0,0.39389114099906153
atr_pct q3 & dist_ma200 q2,3.103489347252574e-05,-0.12685470101531382,0.7702081790644544,rejected,0.0,0.4411764129459924
r5 q4 & vol20 q3,-8.686528968125328e-05,-0.13299509881839575,-0.7630773340084718,rejected,0.032678857690805974,0.44541727670143577
ev_agreement q4 & r20 q1,-0.0001170637046356452,-0.7558059420903395,-0.1396344519131123,rejected,0.022757023973951736,0.8889488185885009
days_to_earn q2 & ind_mom20 q4,5.9465945214686497e-05,-0.05860576569364669,0.8352857293932892,rejected,0.0,0.4035568503756162
close_loc q1 & r20 q4,1.3359592174937093e-05,-0.13867124164539113,0.7496091427748002,rejected,0.0,0.4534901427368167
ind_mom20 q0 & vol_ratio q3,0.0001658709278758008,0.751594880674048,0.13505413392025453,rejected,0.023001145662823293,0.8925690736733364
r1 q1 & r5_news q4,9.895917483702012e-05,0.4836021588156731,0.4024609083044132,rejected,0.02749786467909989,0.6873448523296217
frog q4 & ind_mom60 q0,-0.0001402292510673321,-0.852536491958734,0.02861888215938084,rejected,0.0,0.9771685524665098
frog q4 & ind_mom60 q3,0.00015012704507981077,0.6626767150531283,0.214707201213079,rejected,0.021019399980385104,0.8299956077600444
ins_buyers30 q2 & r5 q3,3.796124943397491e-05,0.3419797836545301,-0.5350355063052872,rejected,0.0,0.5926253051956548
log_dv q4 & r5_nonews q4,-0.00010321161194833403,-0.3413980786845474,-0.5342559908164464,rejected,0.03541891261925751,0.5931644359614145
close_loc q4 & rel_ind60 q0,-6.266400690799487e-05,-0.1516930923646809,-0.7221299559369557,rejected,0.03529311427527061,0.47021458237070435
ind_mom20 q1 & rel_ind60 q0,-9.145160661391619e-05,-0.6018986996592482,0.27139933742576816,rejected,0.0,0.7860839115838942
rel_ind20 q4 & vol20 q0,0.00017471498446142646,0.8347493899021959,-0.038314372780716546,rejected,0.0,0.9694370313789381
max20 q0 & vol_surge5 q2,-0.00016065096737982165,-0.5105322055038009,-0.3615036820575809,rejected,0.03492965435673394,0.717722952952128
r1 q1 & rel_ind60 q4,5.542889958201219e-05,-0.04341803217472888,0.8279141443552261,rejected,0.0,0.4077191240061951
atr_pct q3 & frog q4,0.00011620352938059997,0.34905288020386877,0.5205502934702713,rejected,0.034994610657028025,0.6026800836760202
close_loc q0 & vol_ratio q2,7.46214611271224e-05,0.10270106147642569,0.7665436345847201,rejected,0.031369261589527825,0.4433528990325092
r1 q0 & r5_nonews q3,0.00014150227041597867,0.8370191689909986,0.02729961063924708,rejected,0.005784674701394561,0.9782207674188185
atr_pct q3 & frog q2,-1.722052777945925e-05,-0.26454115258653815,0.5994154187059769,rejected,0.0,0.5488958975498219
ev_red_flag q4 & vol20 q3,1.9233491470914178e-05,-0.15619179856494775,0.7073885287234138,rejected,0.0,0.47932506364672145
close_loc q4 & max20 q3,-0.00012182189347987197,-0.6298297541677894,0.23272224776319747,rejected,0.0,0.8159770922704357
dist_ma200 q2 & vol20 q2,0.00013565912228707844,0.3128834956494483,0.5460848519721141,rejected,0.034068535328321777,0.5850076119232721
ev_offering q4 & rel_ind60 q2,3.650752750589384e-05,-0.15598914158137356,0.7026622682458079,rejected,0.0,0.4822662471900975
ear q2 & frog q4,-0.00013051946292537019,-0.40473489463782586,-0.45332258937797487,rejected,0.027398105212500957,0.6503164690078319
close_loc q0 & days_to_earn q2,-1.1416583439741947e-05,-0.2988519264393823,0.555340195870534,rejected,0.0,0.5786619899501084
frog q4 & skew60 q4,4.187651514886757e-05,-0.02532018951215027,0.828469548907776,rejected,0.0,0.40740463329277493
min20 q2 & skew60 q0,-0.000158779172830484,-0.6249600379430827,-0.22660544492411933,rejected,0.021185626830187747,0.8207305579918516
r5_news q0 & vol_surge5 q2,4.701574372911056e-05,0.6591555085426404,-0.1914211717739265,rejected,0.0,0.8481956340724521
dist_52wh q1 & frog q3,-1.7973216618069126e-05,-0.2774570768365437,0.5725804293387375,rejected,0.0,0.5669288138635395
frog q1 & min20 q2,-7.196092043432988e-06,-0.2482418990897012,0.5964393523284811,rejected,0.0,0.5508817579120062
dist_ma50 q3 & ev_agreement q4,-6.888057518639234e-05,-0.7268802193236906,-0.11676881590771238,rejected,0.022556075196439943,0.9070432559624163
ev_offering q4 & r5_news q0,-2.2185573294320994e-05,0.07946086384335757,-0.7641111281881857,rejected,0.0,0.44480102127144633
close_loc q4 & ind_mom60 q0,-6.100196459505115e-06,0.18750862022375192,-0.654369649886411,rejected,0.0,0.5128736829217384
r120 q2 & r5 q1,7.62710377108801e-05,0.42866810226976865,-0.41171487739553775,rejected,0.0,0.6805484191328377
frog q2 & r1 q1,-0.0001694972655789318,-0.6380784461212844,-0.20065239785318262,rejected,0.020918179601001046,0.840970383615782
rel_ind60 q2 & vol_ratio q2,8.631258768550236e-05,0.1315996215512118,0.7068641286590716,rejected,0.03761160360660365,0.47965091773325486
dist_ma200 q2 & ear q0,-5.66653282606354e-05,-0.39230871661776745,0.4436825795096584,rejected,0.0,0.6572720920435908
dist_ma200 q2 & r20 q4,-6.400607152855299e-05,-0.1430870710317674,-0.6923202397673485,rejected,0.040908218095677344,0.48873624235896357
ind_mom20 q2 & news5 q1,8.351648562880132e-05,0.472604774873993,0.3620580416916343,rejected,0.033356630532178674,0.7173086574156853
ear q4 & news5 q1,8.095854229995828e-05,0.5974857287784451,-0.231892015865174,rejected,0.0,0.8166218859412537
ind_mom60 q3 & vol_surge5 q2,3.7606831664159095e-05,0.3607257804869441,-0.4631722081050699,rejected,0.0,0.6432409354076184
ind_mom20 q4 & vol_surge1 q1,0.00012958247612630165,0.4076966528544118,0.4125894792727704,rejected,0.02258146966772945,0.6799074106457554
earn_in_week q1 & r5_news q2,-6.68058637324601e-05,-0.0635127491556471,-0.7560538580516378,rejected,0.03261249762353143,0.4496169052329691
r1 q1 & vol_ratio q3,0.00019031175338242394,0.7349604897161,0.08172482610156942,rejected,0.024462149963772422,0.9348655360170754
min20 q2 & r120 q2,0.0001960312079211136,0.7215942927222755,-0.09474522882979204,rejected,0.0,0.9245171921262948
r5_nonews q3 & r60 q4,-9.664550337784282e-05,-0.3001284684639806,-0.512758452508589,rejected,0.03228266638285753,0.6081202959334671
ind_mom20 q4 & r5_nonews q0,-7.715503259162033e-06,0.13699267541250243,-0.6737802821538001,rejected,0.0,0.5004510125106381
ev_offering q2 & rel_ind20 q3,-4.106247825330144e-05,0.08110343478317418,-0.7285137047766236,rejected,0.0,0.46629918242664026
ind_mom20 q0 & ind_mom60 q3,9.168385338950485e-05,0.7555236632707075,-0.051873005861644055,rejected,0.0,0.9586298835105065
ind_mom20 q1 & vol_surge5 q3,0.00011717050784666025,0.36882017690248103,0.4381061975438933,rejected,0.027064371381189705,0.6613093019876839
dist_52wh q1 & ins_value30 q2,0.00015974242724135012,0.45686455157452555,0.3485493197157734,rejected,0.03166841162627955,0.7274276812489286
close_loc q4 & vol_ratio q2,7.386444149956199e-05,0.4386511356584493,-0.3607091500950054,rejected,0.0,0.7183168838134948
r60 q4 & vol_ratio q2,-0.00012360360299929182,-0.6044663142871024,-0.19279423833081882,rejected,0.01813369378548547,0.8471201159846086
frog q2 & rel_ind60 q2,-0.00011998606557792727,-0.5914917858934505,0.20207490374956072,rejected,0.0,0.8398581670407108
r1 q4 & vol_ratio q2,-7.584046798343097e-05,-0.24737931852501985,-0.542454751268,rejected,0.03186087988684799,0.5875052707967761
frog q1 & log_dv q3,-0.00016132503600374367,-0.6627992686663116,-0.12465562455249163,rejected,0.023170437505903262,0.900796189763653
skew60 q3 & vol_surge1 q2,0.0001727017657262322,0.7024776595703214,0.08445513980779867,rejected,0.023273747076380708,0.9326945686064438
r120 q2 & skew60 q0,-5.9499022471332636e-05,-0.06523945130766609,-0.7195217139431725,rejected,0.03441636428644716,0.4718195281887884
r1 q1 & vol_surge5 q1,0.00013221532716109006,0.6045211023719329,-0.17968939623645525,rejected,0.0,0.8573964185228228
r20 q4 & vol_surge5 q2,-5.79757225088768e-05,-0.3969007230399481,0.38237572886545945,rejected,0.0,0.7021826906340355
close_loc q1 & dist_ma50 q4,-4.585662017583394e-05,-0.4132514447148737,0.3640516646318187,rejected,0.0,0.7158194297404055
days_to_earn q4 & ins_buyers30 q2,-1.8579539742060033e-05,-0.22418747839062317,0.5503100187718927,rejected,0.0,0.5821067536420386
ind_mom60 q0 & max20 q3,6.488526808601784e-05,0.14168549204612382,0.6321756535103231,rejected,0.042843565884760876,0.5272721044263778
mom_12_1 q3 & r1 q4,9.986004829489656e-05,0.30127974347407777,0.4683190269131139,rejected,0.025565416752127496,0.6395564638579689
max20 q3 & skew60 q4,9.328118678013323e-05,0.23681361114094804,0.5320170421609864,rejected,0.033418254692040524,0.5947141921652199
r1 q1 & r60 q4,9.786947877286404e-05,0.3980141858489488,0.36186788024979155,rejected,0.032464634505740005,0.7174507634442167
days_since_earn q4 & rel_ind20 q2,4.687454320733409e-05,-0.010059104275513221,0.7489558702789171,rejected,0.0,0.4538838040163526
r1 q2 & r5 q1,0.00010891275128219394,0.21696839382870584,0.5390375463155982,rejected,0.031564549779608174,0.5898609475524721
r120 q2 & range_compress q2,0.00011597857417675382,0.29681179260908197,0.4587350462295779,rejected,0.02799925118950229,0.6464244437244073
log_dv q2 & rel_ind20 q1,-6.081961211976769e-05,-0.3795440355580248,0.3745349471424015,rejected,0.0,0.7080063613503635
mom_12_1 q3 & range_compress q4,7.460671046172137e-05,0.392415998275961,-0.3606081951579003,rejected,0.0,0.7183923621406816
ind_mom60 q4 & intraday20 q1,6.695689902319865e-05,0.11602772483911085,0.6365154663150394,rejected,0.042070592479336186,0.5244405035049619
dist_ma50 q2 & mom_12_1 q2,-0.00010741983691968759,-0.22233256834435441,-0.5273155359931141,rejected,0.03333349470843457,0.5979744872708146
ev_agreement q4 & skew60 q0,8.27267006573627e-05,0.6605730759589875,0.08589385428234166,rejected,0.022439143522309503,0.9315507970288097
r5 q2 & rel_ind20 q4,3.520553041838719e-05,-0.06502780036988777,0.6792387445225705,rejected,0.0,0.49698660181105103
ear q2 & range_compress q2,-0.00013469951953343456,-0.40030141638079586,-0.33695956428504004,rejected,0.032623589563580205,0.7361473823482566
min20 q2 & r5 q1,0.00016872817247388905,0.5683967366463433,0.16761422440677318,rejected,0.02085773297257268,0.8668867800661441
frog q2 & skew60 q3,8.232769567573823e-05,0.4477518358529636,-0.28397674089087876,rejected,0.0,0.776428205265297
ind_mom20 q1 & range_compress q2,0.00014324045445715996,0.49928878259716164,0.2300080640185396,rejected,0.01778802071516829,0.8180855035183691
days_to_earn q4 & ins_officer30 q2,5.11811354620614e-06,-0.1513898216210426,0.5750132716087144,rejected,0.0,0.5652823213080768
close_loc q1 & range_compress q2,0.00013600077920434541,0.4532263845735446,0.270762740562544,rejected,0.020826961321151485,0.7865735184496561
ind_mom20 q1 & vol_ratio q2,0.00011452509647963212,0.5620384905338843,-0.16132091142197436,rejected,0.0,0.8718406540327104
gap_today q4 & min20 q2,-0.00014600368763886416,-0.6124078259175629,-0.10169974940972192,rejected,0.022108749108477512,0.9189950010580946
atr_pct q3 & skew60 q4,0.00016747535684376978,0.7097309858606679,-0.000516390000069278,rejected,0.0,0.9995879804099032
days_to_earn q2 & vol_surge5 q3,0.0001412552871108278,0.500534657480281,0.20549280315515284,rejected,0.01813446792871594,0.8371871203760485
earn_in_week q1 & frog q1,0.00015284073767866924,0.694467529671726,-0.01067308011103336,rejected,0.0,0.9914842758411087
dist_52wh q2 & vol_ratio q2,0.0001381917326179244,0.49198013894327025,0.20276334786316907,rejected,0.018744333728938765,0.8393200069830753
ear q2 & skew60 q2,-9.457429540701041e-05,-0.18639199113033383,-0.5051117938137416,rejected,0.031170577219587547,0.6134803182725082
ev_offering q4 & frog q2,-2.6329550030933524e-05,-0.07599349158839896,-0.6087721150809334,rejected,0.04130442866951985,0.5426754990765597
close_loc q0 & frog q4,1.8305839690504332e-05,0.2592921916752847,-0.41975696653734784,rejected,0.0,0.6746630048604905
ind_mom20 q4 & log_dv q0,9.354413077840725e-05,0.5877635578260673,-0.08854662399229327,rejected,0.0,0.9294422292502854
ind_mom20 q3 & log_dv q2,0.00011585243769000528,0.5616901725777469,-0.10957537132442463,rejected,0.0,0.912746143854441
r5_news q0 & vol_ratio q2,-2.5606901310369565e-05,-0.11374864116780939,-0.5556368952671996,rejected,0.02794920381785555,0.5784591039234173
skew60 q2 & vol_surge1 q2,7.036272797473437e-05,0.11299196513590694,0.5556283196418349,rejected,0.02833903994190403,0.5784649675528521
ind_mom20 q0 & max20 q1,-0.00012732666742570266,-0.4472062888729002,-0.22109221845240537,rejected,0.01851172647459193,0.8250206291206802
r5 q2 & vol_surge1 q3,-7.179228892795863e-06,0.14364973636820216,-0.5204312110913956,rejected,0.0,0.6027630611230541
frog q1 & r20 q4,2.454330046527825e-05,0.27293434623685087,-0.39016841708688144,rejected,0.0,0.6964120140994978
days_to_earn q3 & frog q4,0.0001111470157394922,0.48222782018566007,0.17904656548176515,rejected,0.02021210733667262,0.8579011384480993
earn_in_week q1 & ev_agreement q4,2.0455147207232135e-05,0.19464627739051635,0.46491105237797187,rejected,0.02351819187073565,0.6419951553166771
ear q2 & min20 q2,-1.5041599480113376e-05,-0.20245340154546415,0.4520995094323302,rejected,0.0,0.6511972970769879
ear q0 & rel_ind60 q4,-3.8364402920583346e-05,-0.412240162458184,-0.2417987690020618,rejected,0.017016944549798567,0.8089360928074536
gap_today q4 & range_compress q2,5.944222622725135e-05,0.3769884197693424,-0.2757877872972474,rejected,0.0,0.7827110644093568
ind_mom60 q2 & r60 q3,3.552497732769441e-05,0.27884558037361823,-0.36232419163380525,rejected,0.0,0.7171097822569874
dist_ma200 q2 & frog q4,3.546502393160103e-05,0.26898512599525076,-0.3710503229436856,rejected,0.0,0.7106000504934424
vol20 q0 & vol_surge1 q4,0.00011086509658870878,0.5375788945732068,-0.10116871842516802,rejected,0.0,0.9194165283625875
skew60 q0 & vol_ratio q3,1.1660739278605502e-06,-0.17018799249526237,0.4583993748098357,rejected,0.0,0.646665540753889
ind_mom60 q3 & max20 q3,0.00012303932080942633,0.5252875869724923,0.10327578421696118,rejected,0.020886389606750252,0.9177440942299897
r1 q4 & rel_ind60 q2,-1.0662261128962692e-05,-0.21224748873603605,0.415787611018099,rejected,0.0,0.6775654252518681
close_loc q1 & ev_agreement q4,-3.863434155869216e-05,-0.5100916089536378,0.11730656308603665,rejected,0.0,0.9066171243507896
r20 q3 & vol_ratio q4,0.0001068508255536775,0.40032513318262763,0.2229480536838731,rejected,0.018197719167296286,0.823575936044771
ind_mom60 q0 & r120 q2,7.498307434371822e-05,0.23396691483656495,0.38714816985839606,rejected,0.02631095050113338,0.6986465183283566
r20 q1 & vol_ratio q3,0.00013768128274632802,0.5547677995529279,-0.06501326744658505,rejected,0.0,0.9481634367091065
frog q4 & r20 q1,-2.7003496230130343e-05,-0.22134884861519,0.39313916349865313,rejected,0.0,0.694216699792241
skew60 q4 & vol_surge5 q2,3.1272663716277205e-05,-0.04862770151454868,0.5612230723816147,rejected,0.0,0.5746454761674218
earn_in_week q1 & max20 q3,5.964357600033208e-05,0.1391094005528016,0.46377517190107553,rejected,0.02254588944880871,0.6428088333261905
earn_in_week q4 & ind_mom20 q2,4.388429487193672e-05,0.5346374304472948,-0.06774784692024294,rejected,0.0,0.9459863604422022
overnight20 q0 & skew60 q1,-3.752996653753584e-05,0.025211735342552898,-0.5770292153384942,rejected,0.0,0.5639197198141402
dist_ma200 q2 & ind_mom20 q1,0.00010138333959204521,0.3679794183139495,0.229745053888648,rejected,0.016965338537460437,0.8182898832261871
r1 q4 & skew60 q3,-3.8562913923360806e-05,-0.08882143953008556,-0.5030576147291096,rejected,0.030517524623087895,0.6149237654377527
days_to_earn q4 & news5 q4,-8.253785366449985e-05,-0.3207872023961157,-0.269017018660907,rejected,0.018276590159767504,0.7879165862807156
ind_mom20 q0 & r5_nonews q3,4.0250485078327565e-05,0.28630656386163295,-0.3030944100682136,rejected,0.0,0.7618179140345303
ear_volsurge q3 & rel_ind60 q0,-7.959441289418974e-05,-0.3460500923098979,-0.2418379678262639,rejected,0.01598090278146367,0.8089057178853506
dist_52wh q1 & log_dv q4,0.00013069588612760284,0.5772982882017796,-0.008416944117802446,rejected,0.0,0.9932843295345797
ear q0 & r120 q2,-8.483072984296136e-05,-0.28597823334885586,-0.29916836612115416,rejected,0.02062205543687048,0.7648115847442231
skew60 q3 & vol_surge5 q3,2.669198710352221e-05,-0.05992561026697968,0.5242178022023474,rejected,0.0,0.6001270602729722
max20 q3 & vol_surge1 q2,5.7342448613724965e-05,0.06989162892916219,0.5110285493291143,rejected,0.02833665101553823,0.6093310659306426
gap_today q4 & skew60 q0,-4.3883837962585645e-05,-0.038664597036313676,-0.5360405627656332,rejected,0.02814552653443843,0.5919305169459317
frog q4 & r5_news q0,-4.1172408034133836e-05,-0.4651968466863786,0.10458092255422734,rejected,0.0,0.9167083532776638
ind_mom60 q0 & r5_news q0,1.1204221819009043e-05,-0.05920823469572275,0.5091075488775689,rejected,0.0,0.6106768407823338
close_loc q0 & frog q2,-8.078990632749128e-05,-0.4520311992813648,0.11529526407345415,rejected,0.0,0.9082110920530172
ear q4 & r20 q1,3.134199825082811e-05,-0.014475072826422202,0.5518225322286618,rejected,0.0,0.5810699481238745
ev_offering q4 & skew60 q3,-2.0855257857499638e-05,-0.16012478628159668,-0.40336091118904366,rejected,0.0219080642614824,0.6866827381704481
r20 q1 & rel_ind60 q4,3.48383591524308e-05,0.06716590562936604,0.49619465205959684,rejected,0.028599453431441314,0.6197570837970765
log_dv q1 & mom_12_1 q2,6.258960259440851e-05,0.03553452802345695,0.5227880655527299,rejected,0.02843857402454878,0.6011217456367304
r5_nonews q3 & skew60 q0,-6.026214333640286e-05,-0.3048713963275019,0.2506812936370601,rejected,0.0,0.802060524486162
close_loc q1 & r120 q2,-3.404994540240932e-05,0.04195503321083729,-0.5028377672310494,rejected,0.0,0.6150783381432312
atr_pct q0 & skew60 q4,0.00011618579609010577,0.43781451927737525,0.09950060524553721,rejected,0.020895059740920735,0.9207408073693907
ind_mom20 q1 & r5_news q0,-2.2960973402379094e-05,-0.1305370565684098,-0.4061226290035468,rejected,0.02031162964593793,0.6846524995887673
r1 q1 & skew60 q0,-4.3942305191771344e-05,-0.2801609646536196,0.2560732888507925,rejected,0.0,0.7978942468922592
close_loc q4 & skew60 q3,0.00011516249673883184,0.5137846840355228,0.017729806058062472,rejected,0.005308203291673091,0.9858544025861732
dist_52wh q4 & ear_volsurge q2,-8.219410799259266e-05,-0.2671075122659137,-0.26330941820503795,rejected,0.01715328375146451,0.7923121010775984
close_loc q1 & skew60 q0,1.512172574339048e-05,-0.09107450921595729,0.4332120519322328,rejected,0.0,0.6648607241058782
dist_ma200 q2 & range_compress q2,-5.048237633939062e-05,-0.27883654188499807,0.2382821335369791,rejected,0.0,0.8116622776858479
earn_in_week q4 & vol20 q3,-2.9043198480052746e-05,-0.4098203043363751,-0.1070774891067568,rejected,0.01903762304073634,0.914727505568358
mom_12_1 q3 & r20 q0,8.789916946143512e-07,0.14606559895780719,-0.36826862152307127,rejected,0.0,0.7126729473334523
close_loc q4 & gap_today q4,-2.584392992479254e-05,-0.011609136030015637,-0.5022542202884633,rejected,0.029040536088065217,0.615488707365814
ins_officer30 q4 & r120 q2,-1.0380070647678348e-06,-0.1687886753540026,0.3395956107646862,rejected,0.0,0.7341610840061097
close_loc q0 & r5_news q0,-3.954814093738986e-05,-0.351195057342615,-0.15626407055169025,rejected,0.020127525927414545,0.8758248759309711
intraday20 q1 & r60 q4,4.482920798843312e-05,0.37788243221418266,-0.1274006619775646,rejected,0.0,0.8986232923280768
ind_mom60 q4 & rel_ind60 q3,-2.7745225561984665e-05,0.02805403575686049,-0.4727885737833921,rejected,0.0,0.6363640268037447
dist_ma200 q2 & ear q4,8.821331962657953e-05,0.3661512162791122,0.12630809018169695,rejected,0.01965598920255304,0.8994880525115079
r120 q2 & skew60 q3,-4.601505080522977e-05,-0.044502291134315114,-0.44489758132407586,rejected,0.021856262261173563,0.6563937706229916
ins_officer30 q2 & r5 q0,-5.3393869580104736e-05,-0.04392783807689594,-0.44133518999097715,rejected,0.022265757158887532,0.6589703538714118
frog q1 & max20 q3,-8.357940952625542e-05,-0.3808700564433186,0.09945983729255764,rejected,0.0,0.9207731749329511
ev_offering q4 & ind_mom60 q0,-2.0595384422917156e-05,-0.3683846358856233,0.10567384749003464,rejected,0.0,0.9158411308233839
ind_mom60 q3 & vol_surge1 q2,0.00010460344111065447,0.4156258023627954,0.05270586378714712,rejected,0.014231453508529312,0.9579662668952679
vol_ratio q3 & vol_surge5 q2,-2.1638232722369907e-05,-0.2015546377211656,0.26442857990701446,rejected,0.0,0.7914496914376598
r20 q1 & r60 q4,2.85633038712434e-05,0.12443731251572784,0.33531757444249927,rejected,0.028060823021675313,0.7373855378873755
ear q0 & r1 q4,2.777995343390341e-05,0.056454894732139174,0.40172018735790005,rejected,0.021670688342595498,0.6878899659157327
gap_today q4 & r1 q1,6.154804262489984e-06,0.15769869079828472,-0.28131806432699225,rejected,0.0,0.778466456221867
ind_mom60 q0 & range_compress q3,9.71282287840152e-05,0.4148813826610985,0.024046520943469513,rejected,0.005865839706266786,0.9808155010746628
r120 q2 & r20 q1,1.5271645592435312e-05,0.14721804782837805,-0.28311076341437047,rejected,0.0,0.777091930983075
frog q2 & log_dv q2,7.089502387967152e-05,0.3032550159256993,0.12321362624985661,rejected,0.019950377648495537,0.9019379356020363
rel_ind60 q2 & vol_surge1 q2,8.000955938587216e-06,-0.07996624575600098,0.3431500140506039,rejected,0.0,0.7314856070096867
ind_mom20 q1 & r20 q1,7.621071412550602e-05,0.23626038659337,0.179616140605898,rejected,0.017213969813887346,0.8574539323965641
skew60 q0 & vol20 q2,-8.525817892506338e-06,-0.11952091125663628,0.2936251670211983,rejected,0.0,0.7690443425615092
ins_buyers30 q4 & r5 q4,1.9565343701091168e-05,0.022151429845766846,0.38513745810711253,rejected,0.022106594679055607,0.7001355769639875
days_since_earn q0 & rel_ind60 q3,-9.87940311487025e-06,-0.1362433251395139,0.26850130984739107,rejected,0.0,0.7883134667634015
close_loc q4 & rel_ind60 q2,9.278719293528422e-05,0.37508226349383617,-0.022316926787250654,rejected,0.0,0.9821951466211746
dist_ma200 q0 & gap_today q1,2.1036311564839554e-05,-0.0022323091147415427,0.39499784702859736,rejected,0.0,0.6928444768782326
frog q1 & r120 q2,3.785825064377128e-05,0.2136853911984538,-0.1814038057951527,rejected,0.0,0.856050631845859
range_compress q4 & skew60 q0,-4.7358143327710394e-05,-0.09179145782151395,-0.3023259038716704,rejected,0.018551473388603378,0.762403633256613
atr_pct q3 & r5_nonews q3,6.125755680743833e-05,0.21739698379418362,0.17217992655476266,rejected,0.017790245594656747,0.8632960784878382
days_since_earn q4 & vol20 q3,3.602942569564138e-05,0.1031573168247332,0.2817914017097048,rejected,0.015847145889630165,0.7781034643211889
atr_pct q0 & ind_mom60 q4,-4.526727919783965e-05,-0.2519078241266034,0.13204335914089102,rejected,0.0,0.894949996345567
log_dv q0 & news5 q2,-5.990095856838167e-05,-0.12354140038606527,-0.2587085189825543,rejected,0.015642849700140335,0.7958601460937746
ev_agreement q4 & vol_surge5 q2,-2.9554276162615717e-05,-0.1947311492680321,-0.18679751307077003,rejected,0.016312766163614514,0.8518193968798132
intraday20 q0 & r1 q2,-3.628886751984226e-05,-0.05967299377053792,-0.3207249512620436,rejected,0.02270807529366232,0.7484188370243481
atr_pct q3 & gap_today q4,2.998619219544677e-05,0.20039610097733668,-0.17567568955821142,rejected,0.0,0.8605487351738625
dist_52wh q3 & r20 q3,5.520039578933199e-05,0.27085905866364235,-0.09587934395219334,rejected,0.0,0.9236164001263513
vol_surge1 q0 & vol_surge5 q4,-9.87597090901849e-06,-0.05600568971062572,-0.29695310059549523,rejected,0.01711076627954221,0.7665023151580872
close_loc q1 & gap_today q4,-2.9868290417159392e-05,-0.05196078122701833,-0.2844178405549039,rejected,0.014366245891506044,0.7760901885204201
atr_pct q4 & min20 q2,-3.23168974596591e-05,-0.2946862101174934,-0.008424784472553315,rejected,0.0034010754330620523,0.9932780740583677
max20 q2 & overnight20 q4,2.2614931907328314e-05,-0.017183930170765666,0.28206369522905084,rejected,0.0,0.7778946704145266
r1 q1 & r5_news q0,2.9036952170688633e-05,0.18424415810720063,0.11447870165869554,rejected,0.01667297841909821,0.9088583290066705
mom_12_1 q3 & r20 q3,5.226656530072981e-05,0.15493600025222265,0.14136116988041061,rejected,0.016153226570061904,0.8875846281244212
ear_volsurge q4 & earn_in_week q1,-2.4761156857383977e-05,-0.11367902701400426,-0.1790092539693297,rejected,0.01641479660103936,0.8579304354467159
r20 q1 & r5_nonews q3,6.0428236066103146e-05,0.230065890082961,0.058671240231032706,rejected,0.014921456087800447,0.9532139668346103
ind_mom60 q3 & r1 q1,3.472710238539014e-05,0.1787645601637702,-0.10861686041071984,rejected,0.0,0.91350638720257
r5 q1 & r60 q4,1.275677014425642e-05,0.12909436672693578,-0.1480794313793312,rejected,0.0,0.8822800818581545
ear q2 & ear_volsurge q3,3.2700654031754395e-05,0.10731145651516392,0.1669965674576004,rejected,0.016156773242806687,0.8673727497723549
r5_news q0 & vol20 q2,-6.075089119247942e-06,0.048327363705734164,-0.22567481634591738,rejected,0.0,0.8214543464625469
dist_ma200 q2 & min20 q2,6.43635654710995e-05,0.22707587814336389,0.04472332961068354,rejected,0.009985599816350204,0.964327837960478
gap_today q2 & vol_surge1 q3,-2.089417073870148e-05,-0.01418258353186927,-0.25722754381630575,rejected,0.014341571250635725,0.7970031223099505
dist_52wh q3 & gap_today q3,-3.942728092110067e-05,-0.11142010412085006,-0.15958937040165644,rejected,0.016278202273341372,0.8732045528485417
days_since_earn q3 & vol_ratio q2,-3.828973921112148e-05,-0.1768592999636858,0.08316884484975368,rejected,0.0,0.9337172850980242
close_loc q4 & ear q4,3.349763266186196e-05,0.1823763379898662,-0.07295395227817039,rejected,0.0,0.9418427605745971
ear_volsurge q4 & overnight20 q4,1.2745610842445767e-05,-0.009782991387271,0.24405071603046968,rejected,0.0,0.8071915414493267
close_loc q4 & r20 q1,-4.992132969519428e-06,-0.07992195090421787,0.16881257585287124,rejected,0.0,0.8659440661959501
ev_offering q4 & r20 q1,1.2350234189781624e-05,0.08849090143160034,0.15434179846094762,rejected,0.016015022526118805,0.8773402417330959
gap_today q4 & ind_mom60 q0,1.5292321878403876e-05,0.02980874357349882,0.2012358984143984,rejected,0.014564178714817425,0.8405141227263124
dist_ma200 q2 & rel_ind20 q1,5.703825097312395e-05,0.21058853098948668,0.016972950499357025,rejected,0.004000428471192153,0.9864581950379756
max20 q3 & r5 q1,1.4090061861460943e-05,0.0951219181176956,-0.109099154824239,rejected,0.0,0.9131238452416984
close_loc q1 & skew60 q2,8.65721520342327e-07,-0.04593017898321688,0.14724707571035406,rejected,0.0,0.8829370044803547
close_loc q1 & earn_in_week q1,-6.137879166599612e-06,0.0027231952822225677,-0.19029380056628234,rejected,0.0,0.8490789113270293
ear q0 & ind_mom60 q3,2.6265672964940853e-06,-0.03659064925115143,0.13304501602093863,rejected,0.0,0.8941577792907556
vol_ratio q2 & vol_surge5 q2,6.299393970128517e-06,-0.017656388004467182,0.12104478323043462,rejected,0.0,0.9036555640628509
frog q4 & r1 q4,1.9107615719595666e-05,0.10384554310834455,0.028852491998682984,rejected,0.004025453104385302,0.9769822357233515
r20 q4 & skew60 q0,-1.2781637427580932e-05,-0.07563639957903495,-0.010854515239911856,rejected,0.002419325921018031,0.9913395199390923
ear q2 & frog q2 unless dist_52wh q4,-0.0007814035749495741,-2.1009354321433857,-3.861180689235871,rejected,0.7235368229338535,0.00011284041293324815
ear q2 & frog q2 unless atr_pct q0,-0.000640081027011069,-1.6315821985546866,-4.241108081353933,active,0.9408641856362532,2.224189938815151e-05
ear q2 & frog q2 unless ev_offering q4,-0.000751026761580603,-1.726319388003998,-3.9700129700977658,rejected,0.6803963459214797,7.186871946939915e-05
ear q2 & frog q2 unless ins_officer30 q4,-0.0007312112780528575,-1.6591652293935413,-4.0294262207247575,rejected,0.7309740415615039,5.5913160610268444e-05
ear q2 & frog q2 unless r120 q0,-0.0006586273797502341,-1.2552004781256056,-4.368102794929159,no_gain,0.8879806773750356,1.2533050462566824e-05
ear q2 & frog q2 unless ear_volsurge q4,-0.0007206261296641211,-1.6402781726146058,-3.934411454226771,rejected,0.7432417340715062,8.34008072009976e-05
ear q2 & frog q2 unless ins_opportunistic30 q4,-0.0007055909130095099,-1.5963817171582149,-3.905445454439312,rejected,0.7143337425247596,9.405197197726111e-05
ear q2 & frog q2 unless days_to_earn q4,-0.0006211244154878867,-1.3323389111977217,-3.858874919055184,rejected,0.6797572793998367,0.00011391021584460639
ear q2 & frog q2 unless vol_surge5 q4,-0.0007544589191672439,-2.0600366833781143,-3.06880292687801,rejected,0.1964102758845503,0.002149183144541059
ear q2 & frog q2 unless ev_agreement q4,-0.0006195116601757277,-1.2960911435539755,-3.824165765142534,rejected,0.6933821451558045,0.0001312156150358993
ear q2 & frog q2 unless days_to_earn q0,-0.000636696476384055,-1.5629107493247554,-3.5339876797564433,rejected,0.410565134864178,0.00040934015877514294
ear q2 & frog q2 unless overnight20 q0,-0.0006265320869325077,-1.416925452203237,-3.603791453625605,rejected,0.544807074463428,0.00031360871834347
ear q2 & frog q2 unless ear_volsurge q0,-0.0005119418348989986,-1.0676142587953639,-3.91901397089334,rejected,0.6818902034948007,8.891196138001523e-05
close_loc q4 & gap_today q0 unless mom_12_1 q4,-0.00044958528721733223,-0.9230839747906354,-4.012764670715464,rejected,0.5622605017595821,6.001173317363624e-05
ear q2 & frog q2 unless r60 q0,-0.0006196344895116544,-1.3888292101992796,-3.495849763020837,rejected,0.3580084603551488,0.00047255468292602734
ear q2 & frog q2 unless vol_surge5 q0,-0.00042433338061651166,-0.7129108805602313,-4.109363130101432,rejected,0.5413091949392285,3.9675178067449975e-05
r20 q1 & rel_ind60 q2 unless gap_today q4,0.0002317657881543287,-0.49254983674583647,4.323824463054694,rejected,0.0,1.533473283693352e-05
close_loc q4 & gap_today q0 unless frog q4,-0.0003752663065151422,-0.637580141474852,-4.137195763954694,rejected,0.4530456348847036,3.5157614348246695e-05
r20 q1 & rel_ind60 q2 unless ear_volsurge q0,0.00011957312601771916,-0.8634391329994899,3.8585882826335625,rejected,0.0,0.00011404387243861456
ear q2 & frog q2 unless rel_ind20 q4,-0.0005857063906650125,-1.236184370694018,-3.4808029485931637,rejected,0.36190513227570603,0.0004999131264375195
earn_in_week q1 & ev_shelf q2 unless frog q4,-0.000661999237852407,-1.3489959049264046,-3.3674761739509056,rejected,0.22268171431206663,0.0007585958105656265
ear q2 & frog q2 unless r20 q4,-0.000606677361759148,-1.4563757866415048,-3.2366873170825827,rejected,0.11641520831346679,0.0012092583326244518
ear q2 & frog q2 unless r120 q4,-0.0006158899444899987,-1.4967058542692606,-3.195102046027105,rejected,0.10289287332846145,0.0013978140711814386
r20 q1 & rel_ind60 q2 unless vol_surge1 q0,0.00023133155764619524,-0.381827756710714,4.247933826968978,rejected,0.0,2.1575109653781588e-05
r20 q1 & rel_ind60 q2 unless vol_surge5 q0,0.00020074597852990343,-0.46684968838600577,4.115231936721535,rejected,0.0,3.8679028066739396e-05
earn_in_week q1 & ev_shelf q2 unless ev_red_flag q4,-0.000564025742467045,-1.058323197481939,-3.4477729708748273,rejected,0.3234437193650856,0.0005652289265930782
r20 q1 & rel_ind60 q2 unless r5_news q4,0.00014287291957899796,-0.5935490900617266,3.6664858561187876,rejected,0.0,0.000245906513512545
earn_in_week q1 & ev_shelf q2 unless overnight20 q0,-0.0003993726896959738,-0.5294832675026448,-3.7305209218827278,rejected,0.46084292917431563,0.00019108427377092932
earn_in_week q1 & ev_shelf q2 unless r20 q0,-0.0006878669559378322,-1.5629099429188096,-2.6879251159174578,rejected,0.149799106657225,0.007189751831706006
ear q2 & frog q2 unless overnight20 q4,-0.0006016128277556367,-1.6074755866085566,-2.61853861847054,rejected,0.17435113870057212,0.008830729541052148
r20 q1 & rel_ind60 q2 unless r120 q4,0.0002292424617032752,-0.32752716335226684,3.893666107439281,rejected,0.0,9.874053506268137e-05
earn_in_week q1 & ev_shelf q2 unless r5 q0,-0.0007081690114423862,-1.6652138550033726,-2.5030525549074603,rejected,0.18663063694890403,0.012312725906462435
r20 q1 & rel_ind60 q2 unless ev_shelf q4,0.00027597789293979313,-0.20869160957335678,3.9518118246817098,rejected,0.0,7.756172139158495e-05
close_loc q4 & gap_today q0 unless vol20 q0,-0.0003271033077288494,-0.5076393055468464,-3.648655409162267,rejected,0.46064479961305826,0.00026361641551800416
ear q2 & frog q2 unless rel_ind20 q0,-0.0005020379020091477,-1.1091285890266032,-3.018802862549815,rejected,0.2056048673531445,0.002537756060231635
earn_in_week q1 & ev_shelf q2 unless ev_offering q4,-0.0005892127358709573,-1.1562241473270938,-2.956128888299335,rejected,0.215694286977936,0.0031152687860782125
r20 q1 & rel_ind60 q2 unless ev_offering q4,0.00028679354525683055,-0.1391400466446966,3.9569071802476077,rejected,0.0,7.59264158306864e-05
earn_in_week q1 & ev_shelf q2 unless mom_12_1 q4,-0.0005916163104299537,-1.8334575052134698,-2.2611765433959934,rejected,0.2697406502199182,0.02374832701885168
earn_in_week q1 & ev_shelf q2 unless close_loc q4,-0.0005846555041407149,-1.2539691878531345,-2.840516902474912,rejected,0.20367892422615735,0.004504048603209495
close_loc q4 & gap_today q0 unless r120 q4,-0.0002711178407208579,0.02046748402638879,-4.068057052957126,rejected,0.0,4.740677545657991e-05
ear q2 & frog q2 unless r60 q4,-0.0006122101014777731,-1.6987254491511312,-2.3486737226318612,rejected,0.1995340477715567,0.01884040811106787
r20 q1 & rel_ind60 q2 unless vol_ratio q0,0.0003182629765514482,0.027798265130427033,3.9580453171021945,rejected,0.3744312798111228,7.556562316697879e-05
ear q2 & frog q2 unless dist_52wh q0,-0.0004838564887067631,-0.921636748359751,-3.0382675831157386,rejected,0.19109021144334348,0.002379425697238673
r20 q1 & rel_ind60 q2 unless dist_52wh q0,0.0003495986713947496,0.21802034346071347,3.7207773187721473,rejected,0.3922023455038573,0.00019861051069119032
r20 q1 & rel_ind60 q2 unless ind_mom20 q4,0.00022740205990474339,-0.28996828636249594,3.6412648277870074,rejected,0.0,0.00027130188262277624
r20 q1 & rel_ind60 q2 unless r5_news q0,0.00032196795674537286,-0.010323638283266465,3.9090513265754825,rejected,0.0,9.265927752115209e-05
r20 q1 & rel_ind60 q2 unless ear_volsurge q4,0.0002585952467719217,-0.1907977304486921,3.7181869439769026,rejected,0.0,0.00020065775863685164
r20 q1 & rel_ind60 q2 unless frog q4,0.00033119459311703025,0.08196106339497218,3.7802933510033014,rejected,0.3664981953610733,0.00015664368711678652
r20 q1 & rel_ind60 q2 unless dist_ma50 q4,0.00022600205689116476,-0.24915706996035406,3.611535495389137,rejected,0.0,0.0003043894118274656
earn_in_week q1 & ev_shelf q2 unless gap_today q0,-0.0003320273926485319,-0.6256907322314954,-3.2151911996000195,rejected,0.07255389767083574,0.0013035766403252194
r20 q1 & rel_ind60 q2 unless ind_mom20 q0,0.0004356820710866457,0.7516362284872683,3.046119824823271,rejected,0.18396266252783264,0.00231815431254536
ear q2 & frog q2 unless r20 q0,-0.00042438706193232177,-0.8023878635958511,-2.995182813601685,rejected,0.19473723594999623,0.002742803994632951
r20 q1 & rel_ind60 q2 unless gap_today q0,0.00041950508274603884,0.6584314334586204,3.135531502100101,rejected,0.10100273164808986,0.0017154300345955894
earn_in_week q1 & ev_shelf q2 unless r60 q4,-0.0005515169585104818,-1.5167717142612094,-2.272968528598986,rejected,0.2479626788955596,0.02302807653267231
r20 q1 & rel_ind60 q2 unless ins_value30 q4,0.00022132611116510513,-0.24477642245014417,3.540850645379632,rejected,0.0,0.00039883927933041693
close_loc q4 & gap_today q0 unless range_compress q4,-0.00027760425469050944,-0.303074559757029,-3.4203161874843295,rejected,0.23540529325022777,0.0006254838974493264
r20 q1 & rel_ind60 q2 unless dist_ma50 q0,0.00021966865676317253,-0.25673426333047905,3.4508942876971767,rejected,0.0,0.0005587323713201323
close_loc q4 & gap_today q0 unless rel_ind60 q0,-0.0001049396234107633,0.571251566240447,-3.0996071539066876,rejected,0.0,0.001937774704114505
close_loc q4 & gap_today q0 unless ear_volsurge q4,-0.0002863261612347154,-0.26354606361415833,-3.401495033095447,rejected,0.206344505421515,0.0006701834641522157
r20 q1 & rel_ind60 q2 unless close_loc q0,0.0004104977090224709,0.6030137778216598,3.0475307919416434,rejected,0.16537605420537063,0.0023072988571791212
close_loc q4 & gap_today q0 unless r120 q0,1.0519984482790097e-05,0.9613788378424901,-2.672345187966509,rejected,0.0,0.007532312117803814
earn_in_week q1 & ev_shelf q2 unless r5_news q4,-0.0005247246012344468,-1.1620688756978381,-2.4436795038652543,rejected,0.13625492130679237,0.014538335251798238
r20 q1 & rel_ind60 q2 unless r120 q0,0.00030712155168476313,0.18379743733963558,3.383908155733247,rejected,0.18937560115904192,0.0007146190369569052
r20 q1 & rel_ind60 q2 unless dist_52wh q4,0.00030340573311089407,0.002730903814159805,3.536666357414416,rejected,0.2107916377369783,0.0004052112132175285
close_loc q4 & gap_today q0 unless days_since_earn q0,-0.0002640543240692596,-0.40632609329732655,-3.1117785691768693,rejected,0.11175834083373619,0.0018596392894652397
r20 q1 & rel_ind60 q2 unless vol_surge5 q4,0.00012183446677231275,-0.4539220041612788,3.062672996383209,rejected,0.0,0.0021936963484669426
close_loc q4 & gap_today q0 unless ev_red_flag q4,-0.000296726678647647,-0.35528064078405497,-3.1611441622258325,rejected,0.09278458111547788,0.0015715069938646265
close_loc q4 & gap_today q0 unless r5_news q4,-0.00023726669863261197,-0.11330549743319816,-3.3654986249267798,rejected,0.14195947325508973,0.0007640544802696445
r20 q1 & rel_ind60 q2 unless close_loc q4,0.00023150887230930143,-0.1362765344169579,3.2903445236000284,rejected,0.0,0.0010006478303967044
close_loc q4 & gap_today q0 unless rel_ind60 q4,-0.00029766664396513044,-0.6916074559046574,-2.6945294911530393,rejected,0.11301089400902907,0.007048808851052997
close_loc q4 & gap_today q0 unless mom_12_1 q0,-7.34413328605585e-05,0.5431728660408259,-2.7942514396380793,rejected,0.0,0.005202001407481399
r20 q1 & rel_ind60 q2 unless vol_surge1 q4,0.00019878515030827328,-0.13589187025568986,3.165447913544497,rejected,0.0,0.001548443823064429
close_loc q4 & gap_today q0 unless r5_nonews q0,-0.0001931787708214496,0.10605060717343759,-3.1676637957273193,rejected,0.0,0.0015366911773340448
close_loc q4 & gap_today q0 unless ear_volsurge q0,-0.00023668155442235122,-0.13513028294919333,-3.133298764741721,rejected,0.08256577120613068,0.0017285340013842492
earn_in_week q1 & ev_shelf q2 unless dist_ma200 q4,-0.00034444211855235194,-1.0091940723792896,-2.2559118524627646,rejected,0.2417515467188404,0.0240761520935278
earn_in_week q1 & ev_shelf q2 unless frog q0,-0.0003565821901061623,-0.29670539099871285,-2.9194334055221627,rejected,0.1181681689215206,0.003506683094956238
r20 q1 & rel_ind60 q2 unless vol_ratio q4,0.00023390393207640137,-0.09790863506844827,3.1169943906041615,rejected,0.0,0.001827050485172815
close_loc q4 & gap_today q0 unless ev_offering q4,-0.00022256162430815693,-0.003112304986591513,-3.1724534793160553,rejected,0.04273744407534401,0.0015115677430783184
r20 q1 & rel_ind60 q2 unless frog q0,0.00026151199578113753,0.010227293840500055,3.1446428871735295,rejected,0.06132431662198333,0.0016628968258420897
ear q2 & frog q2 unless atr_pct q4,-0.00041899301557131837,-0.8885230459893804,-2.2609579214562636,rejected,0.2294260389500931,0.023761862846584714
earn_in_week q1 & ev_shelf q2 unless r20 q4,-0.0004804202065430747,-1.4503781580390958,-1.6920420049962008,rejected,0.1819413272867619,0.0906379649150542
close_loc q4 & gap_today q0 unless ev_agreement q4,-0.00022697181349761396,-0.1040397840104711,-3.0235571551209617,rejected,0.12320565739611734,0.002498218339672019
close_loc q4 & gap_today q0 unless r5_news q0,-0.0002359569805442943,-0.16318721503253616,-2.914342571015959,rejected,0.11348226642041287,0.0035643853372123767
close_loc q4 & gap_today q0 unless intraday20 q4,-9.946768568897058e-05,0.36255762299517674,-2.6960723140090743,rejected,0.0,0.007016243305916112
earn_in_week q1 & ev_shelf q2 unless r5_news q0,-0.0003654055257929935,-0.6136509195731309,-2.3077559934675254,rejected,0.17862193237528737,0.021012711807648823
earn_in_week q1 & ev_shelf q2 unless r60 q0,-0.00030138122933295007,-0.3049446120321627,-2.5778182466627317,rejected,0.10363502795733386,0.009942627914421307
earn_in_week q1 & ev_shelf q2 unless r1 q0,-0.00030231774658410766,-0.548962832563072,-2.31819411756376,rejected,0.16121958891672633,0.020438773592284496
close_loc q4 & gap_today q0 unless frog q0,-8.098485761848383e-05,0.36842194627537916,-2.423720523871919,rejected,0.0,0.015362422924815567
earn_in_week q1 & ev_shelf q2 unless dist_ma200 q0,-0.0002616095012979796,-0.2167458230700132,-2.525266781327517,rejected,0.10098020725991483,0.01156104882200452
close_loc q4 & gap_today q0 unless intraday20 q0,-0.0001928573860474761,-0.09234226298006713,-2.63074847551214,rejected,0.08959462093577374,0.008519706433488582
earn_in_week q1 & ev_shelf q2 unless close_loc q0,-0.0004214372829234133,-0.9472286590979881,-1.748047099917396,rejected,0.17354242267272016,0.08045587196615092
earn_in_week q1 & ev_shelf q2 unless r5 q4,-0.0003702588885851762,-0.906809169981812,-1.6843825146179918,rejected,0.16489884156658405,0.09210776780597262
earn_in_week q1 & ev_shelf q2 unless gap_today q4,-0.00033993431177599653,-0.854903863809144,-1.71097636395943,rejected,0.1638546706661618,0.0870854761812194
earn_in_week q1 & ev_shelf q2 unless mom_12_1 q0,-0.00021949868506997234,-0.28815239502124357,-2.2755061995656787,rejected,0.15959911798408388,0.022875581203093374
close_loc q4 & gap_today q0 unless r5_nonews q4,-0.00017924284737912385,-0.18617800339943066,-2.2662782714516827,rejected,0.15753748601187417,0.02343435093137711
earn_in_week q1 & ev_shelf q2 unless overnight20 q4,-0.0005518567615138575,-1.8655269361777647,-0.5048330697037557,rejected,0.05331669852834796,0.6136760867073769
close_loc q4 & gap_today q0 unless range_compress q0,-0.00026093046045187827,-0.6644024215012546,-1.4333890632927926,rejected,0.08798056596960586,0.15174668212461037
close_loc q4 & gap_today q0 unless days_since_earn q4,-2.387944563200186e-06,0.46927974286824753,-1.6244862680969268,rejected,0.0,0.10427206874396011
earn_in_week q1 & ev_shelf q2 unless news5 q4,-0.00023331010699448985,-0.4987464182361277,-1.3167172919098697,rejected,0.08385155696277477,0.1879334052044756
close_loc q4 & gap_today q0 unless vol20 q4,-0.00013165832181702682,-0.331824493191999,-0.7530575950462047,rejected,0.04174121941501673,0.45141530483847425
