key_named,effect,t_conf,t_disc,status,p_real,p_coincidence
ev_agreement q2,0.000311323014678114,1.4268237965105524,2.478396286664151,rejected,0.0,0.013197447329041476
ev_agreement q4,-0.002146107297088036,-1.3979662642360051,-2.3368401199808355,rejected,0.0,0.019447498861273855
ev_offering q2,0.0001460294156247898,1.2457871362079327,2.308801153598277,rejected,0.0,0.020954617990216924
rel_ind60 q4,-0.002893155746986858,-2.111621099273264,-1.2624250436164177,rejected,0.07763356385744324,0.20679588238589774
ev_offering q4,-0.0010625405975536717,-1.0169648678707555,-2.3538160289665875,rejected,0.0,0.01858180503411152
dist_ma50 q2,-0.0020328445899117785,-1.7083367394487057,-1.6524815854405013,rejected,0.028597113952563355,0.0984364160022284
days_to_earn q4,0.0024969757654448085,1.76613241499703,1.5747875943017562,rejected,0.02793816434635183,0.11530548088617644
dist_52wh q3,-0.002353224101047802,-1.6112014241577968,-1.6494817825656707,rejected,0.03210346761961815,0.09904897232336479
days_to_earn q2,-0.002688773575661039,-2.0213750433061826,-1.204790617056681,rejected,0.08513858599784001,0.22828414312855227
dist_ma200 q4,-0.001537062142107048,-1.134298156990841,-2.05289749801908,rejected,0.027041343652263232,0.040082519738658645
r120 q3,-0.002394637776956786,-1.6587593686984314,-1.5250789155387068,rejected,0.05031899636681733,0.12723941546888903
rel_ind60 q2,-0.0005814236472702509,-0.8265483273773813,2.231821884336177,rejected,0.0,0.025626737343302373
atr_pct q1,-0.001705284523838365,-1.061353318280345,-1.9857338134611136,rejected,0.0,0.047062888352640164
vol20 q3,-0.0002995379330040446,-0.6547726095467177,2.3409528985200945,rejected,0.0,0.019234593558216512
frog q0,-0.0026151361370162435,-2.3277479155222593,-0.5670110429437342,rejected,0.04637853085833676,0.5707066789928373
ind_mom60 q4,-0.0015808478367453631,-1.1571133044882418,-1.7182958653805627,rejected,0.02746652770429006,0.08574266315232103
ear_volsurge q0,-0.002640877376428428,-2.01744037595459,-0.8053079761839229,rejected,0.05628746224433532,0.4206419801614355
r60 q4,-0.0013218561711866375,-0.930032697414684,-1.8703598568453184,rejected,0.020229739828840486,0.06143386256525658
ear_volsurge q4,0.002678598704816734,2.0315575805463837,0.7685622697056108,rejected,0.06394852036970156,0.4421532111671814
r60 q0,0.0014172009977070385,1.419586946377964,1.354662342144412,rejected,0.04504891887534018,0.175525161050465
skew60 q3,-0.002440572744037127,-2.0197178024831617,-0.745395409508858,rejected,0.0659065573048412,0.45603271815311264
dist_ma50 q0,0.0015623316997351205,1.5525813902611096,1.1993360269370859,rejected,0.07350991223858354,0.23039731180184259
days_since_earn q0,0.002398724003185959,1.7397556425495058,0.9484067940629908,rejected,0.07183993602487412,0.34292240201297847
frog q4,0.00155239961122009,1.0191377566754691,1.6673855371548798,rejected,0.021264054318093157,0.09543776784386328
r1 q3,-0.0016757779130944326,-1.093217183602304,-1.5757805288821394,rejected,0.02131976573504489,0.11507639120403616
close_loc q4,-0.0011811339459997681,-0.6871381098727735,-1.971308149087366,rejected,0.0,0.04868863981976866
ev_red_flag q2,-0.0005812848628735924,-1.9457262344046269,-0.6715451831808738,rejected,0.045270412555420095,0.5018732857547332
r60 q3,-0.002029075271373205,-1.416712524163795,-1.186871306258425,rejected,0.07079144201088294,0.23527838697298423
days_to_earn q3,0.0021265677389646176,1.7807369619541986,-0.8070297021175274,rejected,0.0,0.41964937097109795
mom_12_1 q0,0.0016432889977351186,1.3642436361006625,1.212888449622708,rejected,0.07523948013020487,0.22517247225443177
dist_52wh q1,0.0016978652343676917,1.1433652708130588,1.4224674347145367,rejected,0.0455742647988055,0.15489059878078154
ear q2,-0.0017688257563644586,-1.5239673602369108,-1.0181053330023446,rejected,0.07163117966993099,0.3086279012063068
dist_ma200 q0,0.0013717946903290257,1.4786224978281952,1.0478474771993505,rejected,0.07552012663739581,0.29470888430957737
vol_surge1 q2,0.0016439200274615854,1.5872593543171876,-0.9151527255203902,rejected,0.0,0.3601114585862161
rel_ind60 q0,0.0016816337894962237,1.5333152696329024,0.9636679644245082,rejected,0.07243238233616732,0.33521242045819793
ev_red_flag q4,0.0007523420379294163,1.7877569452842743,0.7067721877035805,rejected,0.058476489604149945,0.4797080608691203
rel_ind60 q3,-0.0012533582040895434,-0.7470708539078786,-1.7048970790976503,rejected,0.011580346867750944,0.08821362124188271
range_compress q4,-0.0017822390407699828,-1.253884473584364,-1.1954997644126486,rejected,0.07044667720457937,0.2318918282323056
ear q0,0.0027030336657899064,2.2416151048648825,-0.20504171872789842,rejected,0.0,0.8375395305757336
overnight20 q0,0.0016211445436592723,1.165108525081039,1.2271599521484144,rejected,0.06599919307263716,0.21976247824381054
mom_12_1 q3,-0.001734302229077989,-1.2650720109405427,-1.124587801141403,rejected,0.07140153301733355,0.26076374539749003
overnight20 q3,-0.001786914838055417,-1.3263270465304238,-1.0555208736867743,rejected,0.06797197203014416,0.29118716803075706
gap_today q1,-0.0019231702423495541,-1.3995231193288868,-0.9683552515162241,rejected,0.06853760345673027,0.3328669796957231
dist_ma50 q4,-0.0012257793516162285,-0.8890337338878321,-1.4723400686459902,rejected,0.043303679867881494,0.14092906825329546
days_since_earn q4,-0.002089127475919136,-1.5357232498900348,-0.8223520592863296,rejected,0.05356986829713374,0.4108765557834763
ins_buyers30 q2,0.0006069423268789116,1.8821466886895741,-0.472673202668789,rejected,0.0,0.6364463477360296
ins_value30 q2,0.0006069423268789116,1.8821466886895741,-0.472673202668789,rejected,0.0,0.6364463477360296
r5_news q2,-0.0006494956991426851,-1.4392910578851899,-0.8444715938787368,rejected,0.047745678912555024,0.39840593026001936
log_dv q3,-8.265861772045682e-05,0.22609701097375562,-2.031600143876695,rejected,0.0,0.04219415212841004
r20 q2,-5.8860852872971806e-05,0.24251013623691434,-2.0012061169697426,rejected,0.0,0.045370182043075614
skew60 q1,0.0025432969253703502,2.0862941369356403,0.1426100110149688,rejected,0.012071851822328884,0.8865981906545052
days_since_earn q1,0.0020817334557784732,1.704483988028998,-0.466161832157389,rejected,0.0,0.6410996671868183
r5 q4,-0.0014510802265743084,-1.2638834397153478,0.9054543746573908,rejected,0.0,0.365224720583077
vol20 q2,-0.001950085920464789,-1.7053047166650452,-0.455961246340264,rejected,0.05371257772214673,0.6484178460928833
days_since_earn q2,-0.0017448990383536205,-1.450028344043015,0.7088527163276227,rejected,0.0,0.4784158800721063
range_compress q0,0.0013919703708538044,1.237791371134897,0.9204904044196203,rejected,0.06547739450055935,0.35731654512784516
news5 q2,-0.0005585115912601779,-1.1028953738952119,-1.0546697887564755,rejected,0.06673524895968617,0.29157637353628596
rel_ind60 q1,0.0007568177539249484,0.8124903326507189,-1.34230272383414,rejected,0.0,0.1794978606204887
atr_pct q3,0.00044925657654467055,0.12525263667226436,2.0002215591458636,rejected,0.009771884857061708,0.0454763448115875
dist_52wh q0,0.0011659799597220225,1.2843489823902572,0.8218983399078115,rejected,0.05128644756364817,0.4111347578858006
r20 q1,-0.0006883942540756767,-0.7531019354187392,1.3453274411685143,rejected,0.0,0.17851951560002474
days_to_earn q1,-0.0017118446634952493,-1.6745074628491712,0.4200818193228413,rejected,0.0,0.674425683634478
r120 q0,0.0012752375013805248,1.3715282149702968,0.7182009583408934,rejected,0.053891783973582276,0.4726333871459656
r60 q2,-0.001301233217685689,-1.3621714807662912,0.6970288898680195,rejected,0.0,0.48578471419481645
min20 q3,-0.0006564345157811166,-0.2435120968819756,-1.8117493980178507,rejected,0.013586369634716162,0.07002492709062341
mom_12_1 q1,-0.0013665591175766158,-1.4451101132097557,0.5787904023439835,rejected,0.0,0.5627306079398501
vol_surge5 q4,0.0003659512350993351,0.6886360687988701,-1.3166531414650697,rejected,0.0,0.18795491717808857
r5 q2,-0.001306599167306641,-1.324666019427656,0.653006602477647,rejected,0.0,0.5137520220181073
overnight20 q4,0.0015189120228960634,1.2745748372080246,-0.6854198797635648,rejected,0.0,0.49307900287690865
mom_12_1 q4,-0.0012826946559238966,-0.8618873646851992,-1.059289985036319,rejected,0.061814809463579035,0.28946773456943126
ear_volsurge q3,-0.00033956735678667343,-0.4827031732095852,1.4321650825453318,rejected,0.0,0.15209658211660157
ear q4,-0.0005911112819905603,-0.6700289180759266,1.2226432385533867,rejected,0.0,0.2214644743837542
vol_surge1 q4,0.0017813260644848113,1.4622058863236693,0.4211070147856526,rejected,0.041753224647791784,0.6736769394755517
dist_52wh q4,-0.0012625262989895971,-1.0137348885838493,-0.8461199449493519,rejected,0.04276606767261517,0.3974858353183275
overnight20 q1,-0.001855818026184276,-1.7086626459585788,0.13949293642251215,rejected,0.0,0.889060637289593
min20 q2,-0.0009301007315737322,-0.8508511295467663,0.9868292959287139,rejected,0.0,0.32372633030285425
ind_mom20 q1,0.0010245246090941507,0.6502696006065796,1.1635743991242125,rejected,0.05520820126540973,0.24459653128062422
r5 q0,0.0012459255035746487,1.2732895911175826,-0.5313073347804197,rejected,0.0,0.5952058234606459
vol20 q0,-0.001074254775871667,-0.7504812167335506,-1.0528878031818598,rejected,0.06055249075841216,0.29239241674016847
atr_pct q2,-0.0012644114925591035,-1.102232906754577,0.6935331956385533,rejected,0.0,0.4879750010319791
days_since_earn q3,-0.001917660620834489,-1.6970554430273335,-0.09283967583568768,rejected,0.01564249432808617,0.9260309303516658
ind_mom20 q4,-0.0010902429222574433,-0.7760721173689323,-1.0059401961933738,rejected,0.05715940835706284,0.3144443388216129
log_dv q1,-0.0008585299196123309,-0.9286091894457683,0.8490348148404502,rejected,0.0,0.39586192011652255
r5_nonews q2,-0.0003960219496850169,-0.5642679126833671,1.1956913874387267,rejected,0.0,0.23181701353949782
max20 q0,-0.001283669473803336,-0.8960084209796305,-0.8583080553891422,rejected,0.04105348625757041,0.3907223825482992
r120 q1,0.0010090121082802538,0.6819019466197502,1.0613558549500883,rejected,0.054292542282091384,0.2885282109071618
gap_today q3,-0.0006521513082650139,-0.3439338373800415,-1.3958730577207497,rejected,0.039352686393318445,0.1627527251952232
news5 q4,0.0011543790622291334,0.9670102096632448,0.7687441949671092,rejected,0.05367622569348515,0.44204518314019087
dist_ma50 q3,-0.0009683954938055731,-0.9123361070514716,0.8162369176181093,rejected,0.0,0.4143646459001237
rel_ind20 q4,-0.0006734698192561794,-0.37703219169852914,-1.3325367149321294,rejected,0.03575467395329708,0.18268388513474512
ind_mom60 q0,0.0007817668218180631,0.5621386102780158,1.127185545864396,rejected,0.057115539527755964,0.25966404038190477
max20 q4,0.0013676209052631712,1.2053963341366247,0.4778378585283706,rejected,0.0421551470625713,0.6327656131488706
r120 q4,-0.0011400809288358406,-0.9212310826767353,-0.7572883518416611,rejected,0.05561892515741169,0.44887712784187445
dist_52wh q2,-0.0016815050157365425,-1.3972174075811892,-0.264984388465759,rejected,0.022664372156113985,0.7910214882629736
vol_surge1 q3,-0.0012135160692292027,-0.9034386642002413,-0.7411622250776475,rejected,0.054323205364777284,0.4585950843917014
intraday20 q0,0.0006883232696913329,0.5600710236723832,1.0836872902987555,rejected,0.04487874456509876,0.27850347277887455
vol_ratio q0,-0.0008427838380009711,-0.5346353820988459,-1.1045588540028723,rejected,0.054533065972974734,0.26935078831375986
r20 q0,0.0009046630214758415,0.8105250557410105,0.8284233545929512,rejected,0.04102442848246307,0.4074307847161551
ind_mom20 q2,-0.0013660041589020177,-0.9530206186602794,-0.6841324772940491,rejected,0.04464827109214726,0.49389151536266884
close_loc q2,0.001007057264420259,0.8421594721479997,0.7764213968866523,rejected,0.051096410423157546,0.4375002150057588
ins_officer30 q2,2.1231558040516883e-05,0.13015070523141806,-1.441362950305792,rejected,0.0,0.14948217153902296
atr_pct q4,0.0010366472282755115,1.1312640052093763,0.4361101719787818,rejected,0.03734634965987413,0.6627567973354112
rel_ind20 q0,0.0010396748719793654,0.8946682182528496,0.6512545250821964,rejected,0.03864483198207803,0.514882198280253
vol20 q4,0.0011839578770694037,1.3003915580704806,0.24219665901024826,rejected,0.025705102548717468,0.8086277837231955
atr_pct q0,-0.0010092812525568688,-0.7808514712434351,-0.7585211766287829,rejected,0.05241614065162673,0.44813904047953806
dist_ma200 q2,-0.0008417105449426207,-0.8355248223865654,0.7009239019851213,rejected,0.0,0.48335050700702786
news5 q1,-0.0010396350784806449,-1.3212440106953751,0.21392333500622307,rejected,0.0,0.8306068427334636
r5_news q0,0.0009347481589806931,1.0278683425275765,0.5038933625665913,rejected,0.04171642677761079,0.6143363150596932
rel_ind20 q3,-0.0012762360791391753,-1.0600641778828221,0.47113253381593245,rejected,0.0,0.6375460935271577
vol_surge5 q2,0.0006643069777708347,0.3860048038743098,1.1322792814503415,rejected,0.05310259204853291,0.25751703773642687
r5_nonews q0,0.0005560084852503141,0.6060916984718905,-0.903956519770108,rejected,0.0,0.36601845740335154
min20 q4,-0.0012065729294962963,-0.9337418261947773,-0.5704823480535514,rejected,0.03752380306729999,0.5683505911697474
intraday20 q2,-0.000634218511852887,-0.348778815253,-1.1440399620955661,rejected,0.046175015123275646,0.25260706442494163
vol_ratio q1,0.0002675674973821978,-0.05329151454824008,1.4373209601935213,rejected,0.0,0.15062681582052917
ins_buyers30 q4,-0.001089076860096083,-1.081530345685298,0.4066239493113244,rejected,0.0,0.6842842045888593
ins_value30 q4,-0.0010785040092794029,-1.076719923282388,0.4066239493113244,rejected,0.0,0.6842842045888593
rel_ind20 q2,0.00034190583786754156,0.4899922184991991,-0.9891022860412129,rejected,0.0,0.3226130992615744
ev_shelf q2,-0.0001192902311985157,-0.6668711328958915,-0.7934110584878104,rejected,0.049456288804363153,0.42753836990231614
intraday20 q4,-0.0008790340715096266,-0.6216883174270392,-0.8381059229567835,rejected,0.03960781690757768,0.4019712167086502
min20 q0,0.001040097116740667,1.0325165280140849,0.4223114443149385,rejected,0.04049865713503526,0.6727977059144634
ins_officer30 q4,-6.189482647812117e-05,-0.1876304343306335,1.250947343134105,rejected,0.0,0.2109536894906693
ear_volsurge q1,0.00013500221437176953,0.3147658990908342,-1.122663388249424,rejected,0.0,0.2615804828260732
dist_ma200 q3,-0.0016003802748384072,-1.2291216202264608,-0.20783117502157428,rejected,0.017623375402226464,0.835360789909842
gap_today q2,0.0004905521546455733,0.1905313867551619,1.2170850805496143,rejected,0.04509863843586995,0.22357184654650342
max20 q2,-0.001552227452973613,-1.290170149379603,0.07515839717078777,rejected,0.0,0.9400886849381173
earn_in_week q2,-1.2449278952443309e-05,-0.31311221636319825,1.0456710772234155,rejected,0.0,0.29571292073267996
vol_surge1 q0,-0.000884743480338664,-0.75403863025729,0.5935609118518236,rejected,0.0,0.5528058312944453
frog q1,-0.0005787500224627485,-0.2939711067357563,-1.015740587252676,rejected,0.04816342770716897,0.3097529349309078
r20 q4,-0.0004933903076591825,-0.2977602216178646,-1.0117875973974917,rejected,0.050141372719291005,0.31163962133667
vol_surge1 q1,-0.0010117920312138358,-0.9062831113014875,0.3934381959097492,rejected,0.0,0.6939958632903567
vol20 q1,-0.0008805796224092213,-0.5929214238154704,-0.6831343418640363,rejected,0.03881425441957347,0.49452195680392647
ind_mom60 q2,0.0010638751028419014,0.9116036359837562,-0.3620134868134922,rejected,0.0,0.7173419520198261
log_dv q4,-0.00023550471413111808,-0.30629649295570427,0.8689212874354082,rejected,0.0,0.3848901852001378
ind_mom20 q3,0.0013490080110619685,1.0747003260291534,0.09152752569311785,rejected,0.015123403281403023,0.9270734356843994
rel_ind20 q1,-0.0006121901244933987,-0.6351691473822221,0.5220212521445303,rejected,0.0,0.6016555336667794
overnight20 q2,-0.0014124818042868862,-1.121445314134901,-0.03570689953794856,rejected,0.010862324400007714,0.9715160690261909
range_compress q3,-0.0009522583344984318,-0.7769835020287593,0.3699779091897317,rejected,0.0,0.7113989502546502
log_dv q2,0.0011485315524845188,0.9427054991281182,-0.17914897692980702,rejected,0.0,0.8578207259876615
r5_nonews q1,0.000874977440560993,0.7490987153379716,0.3531042879821148,rejected,0.02554947865008605,0.7240102583454411
min20 q1,0.0003846316407802985,0.18740275295158387,0.9063787884500593,rejected,0.04075358654995105,0.3647353960121292
gap_today q4,0.0008043318507979981,0.6860332433899043,-0.3776249070653585,rejected,0.0,0.7057092592528491
ind_mom60 q1,0.00022219303958181635,-0.009045340927726275,1.0167507288986881,rejected,0.0,0.3092720265029345
ear q1,-0.0005918240348469285,-0.5987511545553164,0.4244524007070044,rejected,0.0,0.6712359121560589
r1 q2,-0.0008356720774191325,-0.6659310820105468,-0.3308002526611807,rejected,0.020964748773992105,0.7407953700245234
vol_surge5 q1,-0.0008890942673322508,-0.823357744022379,0.17036675319083713,rejected,0.0,0.8647217169910559
close_loc q1,0.0008333153715132251,0.6431740242690079,0.3429958730140407,rejected,0.02380834104993031,0.7316015649021653
r5_nonews q4,-0.0011643741981956868,-0.9351217596676457,-0.043081928594309704,rejected,0.013500510548363313,0.9656362248158802
skew60 q0,0.00044961670273977345,0.25730317313135753,0.7120450854127898,rejected,0.036819016999601245,0.47643685780596706
earn_in_week q1,0.0003010165748964868,0.18788875217148113,0.7706498503657235,rejected,0.03648775986864952,0.44091450472159643
r1 q1,2.3875976034378073e-05,-0.1445109532944582,0.8071737377124832,rejected,0.0,0.4195663940499949
r20 q3,-0.0011075020566161799,-0.8662492414359401,-0.07918723373338303,rejected,0.013901258377932178,0.9368836987096261
r1 q0,0.0007474562179081219,0.7670373251780208,-0.17533449607557386,rejected,0.0,0.8608168076394624
r1 q4,-2.042475918879197e-05,-0.11161530233243404,0.8281211253380234,rejected,0.0,0.40760190676640784
r5_news q4,0.00042873419822013443,0.3540768365845559,0.5775911640954771,rejected,0.027652027650887076,0.563540173823482
dist_ma50 q1,-0.0007976480726962205,-0.617592166702295,-0.31251837397927607,rejected,0.017324903038499553,0.7546466014256004
days_to_earn q0,-0.0011072733121205664,-0.8791432864660256,-0.04959508236703917,rejected,0.013293051083418323,0.9604450655139944
ins_opportunistic30 q4,-0.00013017527403397559,-0.21670420063250118,0.7071056808826218,rejected,0.0,0.47950080590850963
skew60 q2,-0.0007674070625572292,-0.638693480658176,-0.24634041226782613,rejected,0.018279921450216636,0.8054187291221948
r120 q2,-0.0009496281464105332,-0.7707928235245277,0.10722994443870011,rejected,0.0,0.9146065601525561
ins_opportunistic30 q2,5.117047773525913e-05,0.15743706601138144,-0.7179164147864108,rejected,0.0,0.47280882604703267
gap_today q0,0.00022141810853210483,0.09225427139801282,0.7606118060889501,rejected,0.036140611207153055,0.44688896599063865
r60 q1,0.00045261695823879347,0.2754689327834528,0.5413423015247456,rejected,0.029209056218700926,0.588271668663304
vol_surge5 q3,0.0002620150961757688,0.10191578811948185,0.6403484215526245,rejected,0.025018565626864924,0.5219461072464585
earn_in_week q4,-1.4072283938704248e-05,0.14790975412887267,-0.5844923850306101,rejected,0.0,0.5588890870638092
frog q2,0.00040955008832161663,0.2704441103535471,0.42587744137906114,rejected,0.027215262985057498,0.6701971535749995
r5_nonews q3,0.0005715447489106547,0.6283103589550724,-0.06753703385544506,rejected,0.0,0.9461541805615501
vol_ratio q3,0.00014165532260973054,0.2124831779591097,-0.4688790569819579,rejected,0.0,0.6391560868661694
r5 q1,4.385073528980208e-05,0.16392730671129316,-0.5159255039760854,rejected,0.0,0.6059064405272534
ear q3,-0.000425975658867611,-0.41018815266270964,0.2532043754731541,rejected,0.0,0.8001102855271293
ear_volsurge q2,-0.0002508291098761183,-0.14138425832119492,-0.5119266419932087,rejected,0.0273042775400349,0.6087023514615035
close_loc q3,-7.089135803167393e-05,-0.16419041878253615,0.4782273069513676,rejected,0.0,0.6324884288828134
dist_ma200 q1,0.00015400593059372906,0.038756363720253206,0.56712472426607,rejected,0.023728600881785522,0.5706294461516548
range_compress q2,-0.0006482642539894605,-0.5621574389754291,-0.033285458721279255,rejected,0.008375609982658405,0.9734469495946283
ind_mom20 q0,0.000276690532570352,0.19584406409877256,0.38772601202552637,rejected,0.022710980094393256,0.6982188039425477
frog q3,0.00017838383555888814,0.27085437126284284,-0.3023092492260191,rejected,0.0,0.7624163281508545
mom_12_1 q2,0.0004513503105091052,0.41184868151784026,-0.11218576664623765,rejected,0.0,0.9106761144943522
r5 q3,-0.00024276956654370395,-0.15049160953346935,-0.3324713384541746,rejected,0.015366221379830038,0.7395333785810665
skew60 q4,-0.00013350157842953992,-0.13847106799346867,0.29338522250381704,rejected,0.0,0.7692277194829338
range_compress q1,3.0511531801024725e-05,0.07099021756702774,-0.35987288861026495,rejected,0.0,0.7189421923320656
vol_ratio q2,1.8877053705041088e-05,0.07909250582755718,-0.32025790846737273,rejected,0.0,0.7487728282589349
max20 q1,-0.00038063872678327786,-0.27371450725133967,-0.12398659113142987,rejected,0.005658412785882462,0.9013258918650511
vol_surge5 q0,-0.0002538950975273281,-0.17039128834876455,-0.19390272568856182,rejected,0.009461316377621456,0.8462520494152904
max20 q3,0.0001756651849277167,0.10157370372035446,0.2606828843435315,rejected,0.012753725595250912,0.7943370661284749
close_loc q0,-8.024180154435207e-05,-0.08957273001774464,0.23326037170086245,rejected,0.0,0.8155592286711483
vol_ratio q4,0.000282359459024227,0.20612702833903707,0.09266422253368216,rejected,0.009884834482844815,0.9261703209575067
log_dv q0,2.8838284158060035e-05,-0.01293257097128358,0.27626832182778915,rejected,0.0,0.7823419849401294
intraday20 q3,8.259195698030416e-06,0.04605331556982989,-0.23666002680975085,rejected,0.0,0.8129205480364056
ind_mom60 q3,2.0246653474253237e-05,-0.016621156491487744,0.19252844373899464,rejected,0.0,0.8473282897721011
intraday20 q1,-0.00010723689503081185,-0.08389365923770781,-0.042644599364285114,rejected,0.00832310106947588,0.9659848426558865
days_to_earn q2 & ev_agreement q4,-0.002952581802628582,-3.6346002479101305,-1.6742082483204126,rejected,0.016554678887570243,0.09408967899996605
ev_agreement q2 & ev_offering q2,0.00048551335635013584,2.229279237548332,2.755764631564748,rejected,0.0,0.0058555116120084395
dist_52wh q3 & rel_ind60 q4,-0.0037455278544762907,-2.7849240427330573,-2.0793389811575964,rejected,0.027313730331123384,0.037586204636385075
atr_pct q1 & dist_ma50 q2,-0.0032768519335602824,-2.194575961568121,-2.5607707765999637,rejected,0.0,0.010444024018588413
close_loc q4 & dist_ma50 q2,-0.0031065125762762386,-2.1817625898555426,-2.5390997286257835,rejected,0.0,0.011113813775154562
atr_pct q3 & overnight20 q0,0.0027229979614198435,2.0221048820185636,2.635508642404354,rejected,0.0,0.00840112863728353
gap_today q2 & r60 q0,0.001257028355582694,1.4530321575248093,2.9429337116243564,rejected,0.0,0.0032511802535250406
rel_ind60 q2 & vol_surge5 q2,0.0019310057078343824,1.3333918758868708,3.0559365525659365,rejected,0.0,0.0022435872694929033
ev_agreement q4 & mom_12_1 q3,-0.0024107759043643087,-1.8881840856111514,-2.417646186244859,rejected,0.0,0.015621257821939684
close_loc q4 & ev_agreement q4,-0.0015908951141227314,-2.0258550487163123,-2.2460572458273673,rejected,0.0,0.024700341392999266
days_to_earn q2 & r120 q3,-0.002277705371832831,-1.5499974676637025,-2.707023627494252,rejected,0.0,0.006788942544059033
days_to_earn q2 & dist_ma50 q2,-0.0030296695786255676,-2.1475266845642778,-2.1047436386486047,rejected,0.01335903421770557,0.0353136296425968
dist_52wh q3 & dist_ma50 q4,-0.0027099580217653818,-2.5404713491287034,-1.6780725614140444,rejected,0.009507843548532824,0.09333293451112416
atr_pct q1 & ind_mom60 q4,-0.0025978083322549792,-1.9808097444638466,-2.197318853792375,rejected,0.0,0.027997682066486104
ear q4 & vol20 q2,-0.002537321467927273,-2.6156236548756375,1.5507091667699608,rejected,0.0,0.12097139674299763
dist_ma200 q4 & r120 q3,-0.0024761747629577398,-1.7586452752912078,-2.3675969970104265,rejected,0.0,0.017904026218049714
dist_52wh q3 & mom_12_1 q0,-0.0007970699546626282,-2.0299002800494543,2.085270718570037,rejected,0.0,0.037044733787906514
dist_ma50 q2 & rel_ind60 q4,-0.003260002834634994,-2.5843061768617877,-1.5140216482039877,rejected,0.04798335467609856,0.13002034900437978
days_to_earn q4 & frog q4,0.0012969050189014161,1.675075404988433,2.4230990285500593,rejected,0.0,0.01538873109745895
ind_mom60 q4 & mom_12_1 q3,-0.002025465542356599,-1.5298541178738545,-2.540454303851754,rejected,0.0,0.011070855958947011
days_to_earn q3 & ind_mom20 q3,0.0021970295507457295,2.0921154594226197,1.9649358923242213,rejected,0.0,0.049421657872827984
dist_52wh q3 & log_dv q3,-0.0026143763457685313,-2.25097894460355,-1.7997545549556473,rejected,0.036309374628686386,0.07189940263812315
mom_12_1 q3 & rel_ind60 q3,-0.0025007307933737886,-1.6708417018580757,-2.37621088353192,rejected,0.0,0.017491462901046917
ev_agreement q4 & ins_officer30 q2,-0.002404955587905946,-1.6025975837828321,-2.4305010915238356,rejected,0.0,0.015077960638902394
days_to_earn q4 & intraday20 q3,0.0016283450212207368,1.8286142328897865,-2.1648089905229337,rejected,0.0,0.030402316029105397
dist_ma50 q4 & ind_mom60 q4,-0.0019400540904667102,-1.7428309330667804,-2.1699286154180735,rejected,0.0,0.030012254156583155
ear q4 & frog q4,0.0020695869731719545,1.7382876655999862,2.1645230366274495,rejected,0.0,0.030424230556713006
days_to_earn q4 & ins_buyers30 q2,0.003145581061247503,2.249784220948538,1.6308955702166632,rejected,0.023129856004289587,0.10291235662834018
atr_pct q1 & vol_surge5 q4,-0.0014463740816796776,-0.6224520933888902,-3.215526670294165,rejected,0.0,0.0013020539529958334
min20 q3 & vol_ratio q1,0.001071661756577878,1.2927408217943324,-2.540125180764875,rejected,0.0,0.01108127989275229
ev_offering q4 & ins_officer30 q2,-0.001064257997318851,-1.112210081585843,-2.714575935649643,rejected,0.0,0.00663606847288584
days_to_earn q4 & min20 q3,0.0013448111875760933,1.4818200246041902,-2.3431570588950574,rejected,0.0,0.019121331897132745
atr_pct q3 & gap_today q2,0.0026484658245453725,2.260812209774159,1.534138367285584,rejected,0.04447560020103228,0.1249956161906776
days_to_earn q4 & ev_agreement q2,0.0024278007711190904,1.6736631052034188,2.115322066131564,rejected,0.004554380911982666,0.03440250702227618
atr_pct q1 & rel_ind60 q3,-0.0018394839454290728,-0.9958925364411856,-2.784837349746931,rejected,0.0,0.005355457962082758
ev_agreement q4 & ev_shelf q2,-0.002182533248501162,-1.4438650520885277,-2.2995049804300556,rejected,0.0,0.021476280889524184
days_to_earn q2 & dist_52wh q3,-0.003199484635887338,-2.621094657467556,-1.11486733578002,rejected,0.07917431568691437,0.264907275999112
dist_52wh q3 & dist_ma50 q2,-0.0025494008235861553,-1.68785640638038,-2.036596960983613,rejected,0.03738080983129892,0.041690447590896844
ev_offering q4 & news5 q2,-0.0005096185095185879,-0.8533915327588816,-2.863378989692887,rejected,0.0,0.0041914888413795304
ev_agreement q4 & ev_offering q2,-0.002048459152410054,-1.432081207408873,-2.2738319250810046,rejected,0.0,0.02297609396165398
days_to_earn q4 & ins_officer30 q2,0.0029805265825261686,2.136169107273477,1.5250823347303037,rejected,0.05009574614030863,0.12723856274771458
ear q2 & ind_mom60 q4,-0.00166130258289088,-1.5195269033897179,-2.1350718494369296,rejected,0.0,0.032755141661733066
dist_ma200 q4 & vol_ratio q0,-0.0017652332527118735,-1.444678811747029,-2.1864702217046443,rejected,0.0,0.028781220996040816
ear q2 & rel_ind60 q2,-0.0026730540019217815,-2.411212309723784,1.2083132097842382,rejected,0.0,0.2269268092233283
dist_52wh q3 & r60 q3,-0.002216098464956992,-1.4930538276862846,-2.120014799049572,rejected,0.0,0.03400479727822901
frog q4 & vol20 q3,-0.0008470011973687336,-1.459066751751523,2.153919408834584,rejected,0.0,0.03124649259539361
ind_mom20 q1 & rel_ind60 q2,0.002255014514457112,1.782250102587734,1.8171268337764228,rejected,0.02023869690267372,0.06919769484416931
ev_agreement q4 & mom_12_1 q0,-0.0014810861513588208,-3.1307425656129797,0.45822130439304537,rejected,0.0,0.6467934554409831
close_loc q4 & r60 q3,-0.0027207384065372872,-2.206051172042843,-1.339779726876352,rejected,0.04942179185329875,0.18031696851778797
dist_52wh q1 & ins_value30 q2,0.0026295392685230226,1.987386167692447,1.5444216464866634,rejected,0.04163303815694804,0.122486219382733
ev_offering q4 & ins_value30 q2,-0.0008060427130819742,-0.8906528683846439,-2.639797725572191,rejected,0.0,0.008295552293455263
dist_52wh q3 & r20 q2,-0.0021669275772900672,-1.540823713170519,-1.9730005746724995,rejected,0.0,0.04849549686460599
gap_today q3 & r120 q3,-0.0023624427318332222,-1.8128684933960653,-1.6980575506428024,rejected,0.006693587747619682,0.08949690034880617
log_dv q3 & vol_surge5 q4,0.0013035039453084857,1.6883570786966948,-1.8195473049387245,rejected,0.0,0.06882797266487367
dist_ma50 q2 & r60 q3,-0.0022888589909331003,-1.8019496050199542,-1.6963862672246783,rejected,0.011780962739910878,0.0898127527078656
dist_ma50 q2 & r120 q3,-0.003421395185215592,-2.9350162716163393,-0.5496823760799836,rejected,0.0478063214283598,0.5825372469461223
ind_mom60 q4 & r120 q3,-0.0015913852471593915,-1.0458564335385752,-2.430411445800714,rejected,0.0,0.015081691038298305
ind_mom60 q4 & vol_surge5 q4,-0.0012597674267888627,-1.3836710709493416,-2.0895782238658587,rejected,0.004535916303984011,0.03665570436452797
ev_agreement q2 & ev_offering q4,-0.0008576459869345985,-1.1833369390169557,-2.2781898625315584,rejected,0.0,0.022715268012475368
atr_pct q1 & r120 q3,-0.0027860000210129846,-2.0263577636371037,-1.4297342759297387,rejected,0.05458895144980323,0.1527932987907941
dist_ma50 q2 & intraday20 q2,-0.0032432334285987983,-2.889352224172466,-0.5650928252264337,rejected,0.04728712014647922,0.5720106283546869
dist_ma200 q4 & ind_mom60 q4,-0.001281388977698961,-1.2877558673136777,-2.1598905733157783,rejected,0.0,0.03078114169488722
atr_pct q1 & r1 q3,-0.0017404279204626548,-1.0766907841486537,-2.3708661637514203,rejected,0.0,0.017746455876260208
intraday20 q0 & news5 q1,-0.0003661237197357631,-1.926637335765089,1.5065437351799909,rejected,0.0,0.13192764870622636
dist_ma50 q2 & ev_offering q2,-0.0020291314927672163,-1.7134707073697957,-1.7194500755680004,rejected,0.027816838859669193,0.08553245080864989
close_loc q4 & dist_ma200 q4,-0.0010875999562726941,-0.8910681493252685,-2.5349120307867286,rejected,0.0,0.011247556718327527
news5 q2 & rel_ind60 q2,-0.0014089866046640288,-1.4860537908669054,1.9336151031010687,rejected,0.0,0.05316046892498665
dist_ma50 q2 & rel_ind60 q3,-0.00284304994533691,-2.1714567479304048,-1.2477556348038294,rejected,0.0793103405775816,0.21212056026519177
gap_today q2 & r20 q2,-0.0024291670377798633,-1.7388419456945194,-1.6779845098114912,rejected,0.011635487086515685,0.09335012303251512
r120 q3 & vol_ratio q1,-0.0019070077585388698,-1.148790190105446,-2.2665422089556952,rejected,0.0,0.02341820588432086
earn_in_week q2 & ev_agreement q2,0.0003253391896729698,0.8375215126472915,2.5721585515513294,rejected,0.0,0.010106659472566766
dist_ma50 q2 & rel_ind20 q4,-0.0010056963841861596,-0.5457612399962962,-2.8580013854974484,rejected,0.0,0.004263185300772135
dist_52wh q1 & log_dv q3,0.0022669535091007407,2.340096563050971,-1.0623540246583063,rejected,0.0,0.2880749970947422
log_dv q3 & mom_12_1 q3,-0.0019904760625997415,-1.2964476693260178,-2.104768894366647,rejected,0.007755582571519065,0.035311430072866856
close_loc q4 & rel_ind60 q4,-0.0020063688347388073,-1.8511656349215855,-1.546335329520948,rejected,0.03727075753614548,0.12202360377977288
mom_12_1 q4 & r60 q4,-0.0013233451333916457,-1.0525127040551292,-2.334567252144831,rejected,0.0,0.01956603897655031
dist_ma200 q4 & news5 q2,-0.001732359489528707,-1.4734368658513881,-1.9078203742847082,rejected,0.0025221336952473963,0.056414436494277485
days_to_earn q4 & ev_offering q2,0.0024963225779349586,1.7709724349985116,1.6078424925470638,rejected,0.016895965843437298,0.10786967935722004
dist_ma50 q0 & frog q4,0.00112081536860561,1.3540555937578607,2.0121457151065623,rejected,0.014991949332141609,0.04420457888316429
ins_officer30 q2 & rel_ind60 q2,-0.0007268241536442505,-0.9962893522653172,2.366426015737265,rejected,0.0,0.017960763671421878
ear_volsurge q3 & rel_ind60 q4,-0.002208510610983539,-2.2950344442542,1.0634281290952583,rejected,0.0,0.28758784204758897
ind_mom60 q4 & r60 q4,-0.0012764922392312153,-1.0747114840960772,-2.282973382104255,rejected,0.0,0.02243193632510907
dist_ma50 q2 & r20 q1,-0.002259975191655103,-1.550327746627993,-1.7921217695697673,rejected,0.03552780324818409,0.07311346243061628
ins_officer30 q2 & rel_ind60 q4,-0.0028129968075123793,-2.034699947512803,-1.3051719474415118,rejected,0.06359800631721249,0.1918343041276435
min20 q3 & r60 q3,-0.002526626616181966,-1.8216514809802227,-1.5143231611455934,rejected,0.04688927050509611,0.12994389704542672
earn_in_week q2 & ev_agreement q4,-0.0020875082252901018,-1.5255119596221556,-1.8090774157987721,rejected,0.026971227969867947,0.07043897713764002
ev_agreement q4 & rel_ind20 q4,-0.0014284435459459028,-1.7514317257462464,-1.581260319404892,rejected,0.02221512017073177,0.11381852848810692
dist_ma200 q4 & rel_ind60 q4,-0.0019291536771004082,-1.4907231911772116,-1.840824355712533,rejected,0.046259516025930494,0.06564730242253797
r60 q4 & vol_surge5 q4,-0.0013261815862385595,-1.2972484534149182,-2.0255719884877084,rejected,0.01960753955535219,0.04280866445439691
dist_ma50 q2 & ins_officer30 q2,-0.0021341897923753067,-1.8289925004754708,-1.490400129853606,rejected,0.06292563309490827,0.1361190584052545
days_to_earn q2 & r1 q3,-0.0011389961125505578,-0.4837772214561804,-2.834847533353363,rejected,0.0,0.0045847560647947
dist_52wh q3 & ins_officer30 q2,-0.002319795488561771,-1.5693508926407889,-1.7465151700924626,rejected,0.028647456153292006,0.08072147337149792
days_to_earn q2 & r60 q4,-0.00133491630788465,-1.3830109217051783,-1.9296754305981312,rejected,0.0,0.053647066074791125
days_to_earn q2 & ins_officer30 q2,-0.002686499407838174,-1.984386294199833,-1.3201806404678198,rejected,0.053299169366472665,0.18677471400652784
ind_mom60 q4 & rel_ind60 q4,-0.0014391179346593106,-1.7009826829054142,-1.6009999605738445,rejected,0.018375971701735317,0.10937692787778432
r20 q2 & rel_ind60 q1,-0.001484549495116387,-0.7726480681906802,-2.5240475345031816,rejected,0.0,0.011601224054058662
atr_pct q1 & r60 q3,-0.0024740941592830356,-1.7136069658499307,-1.5766974782671024,rejected,0.023939703827638995,0.11486515091934153
ev_offering q2 & rel_ind60 q2,-0.000621901512839735,-0.8897866171349864,2.3948535816502448,rejected,0.0,0.016627003463815473
atr_pct q3 & ear_volsurge q1,0.0019106631349617058,1.5754313108262037,1.7044903024239584,rejected,0.013794940035166917,0.0882895262520546
r120 q3 & r20 q2,-0.0022477233434680336,-1.630231041994912,-1.6244479733029478,rejected,0.02629742731924122,0.10428023553365828
ind_mom60 q4 & rel_ind60 q3,-0.0016530077263428704,-1.2563847642440633,-1.994036032969764,rejected,0.006788831922579841,0.04614811684821143
ev_agreement q2 & vol20 q3,-0.00024265368366278988,-0.6216784157535152,2.622334633081088,rejected,0.0,0.008732963711633478
r20 q1 & rel_ind60 q2,-0.0008129920648857606,-1.0487860613494766,2.1922768920325773,rejected,0.0,0.028359519257640686
dist_52wh q3 & rel_ind20 q4,-0.0019288383264653495,-1.4015569501172496,-1.8384865124054215,rejected,0.04794593493169398,0.0659907475151458
ev_agreement q4 & rel_ind60 q3,-0.0007916253101321692,-0.5806647843783671,-2.6461517255243834,rejected,0.0,0.008141329105865153
dist_52wh q3 & r120 q3,-0.0027850307667087993,-2.107509369181921,-1.117544539721621,rejected,0.07719635617267531,0.26376156681781154
dist_ma200 q4 & ear q2,-0.0011819973369526738,-1.0679039885593695,-2.1516852406079803,rejected,0.0,0.03142215337704323
vol20 q3 & vol_surge5 q2,-0.0005468384217766065,-0.9229108847153593,2.2905105319261554,rejected,0.0,0.021991738754276437
dist_52wh q3 & ev_offering q2,-0.002379195772596597,-1.637543852978176,-1.5739927306349342,rejected,0.031683573783188985,0.11548913002924054
ear q4 & ev_agreement q4,-0.0014182893197052075,-2.384079580262799,0.8251118743952713,rejected,0.0,0.4093080788276137
atr_pct q1 & dist_52wh q3,-0.0015908892249515499,-0.8891357771886809,-2.3189831041713154,rejected,0.0,0.020395952468192313
earn_in_week q2 & ev_offering q4,-0.0010485305196378848,-1.1027583334712823,-2.1030737599798295,rejected,0.020230560930221103,0.03545932231029479
close_loc q4 & news5 q2,-0.0017691239209401762,-1.14557645152171,-2.0521424628312017,rejected,0.030929099505071254,0.04015581925007034
ind_mom60 q4 & range_compress q4,-0.0016455578080885622,-1.2793854883190992,-1.9140871020605745,rejected,0.0002976518274531201,0.05560902726844798
days_to_earn q2 & dist_ma200 q4,-0.001008101018583584,-1.1061184275572402,-2.0837812389470063,rejected,0.015650954713596947,0.03718007062631655
days_to_earn q4 & vol_surge5 q4,0.0019418592215683734,1.5833737049328651,1.6052038505110122,rejected,0.01873323641080225,0.10844895037039111
atr_pct q1 & ear q4,-0.0020408195999391436,-1.4432037038891619,-1.728171014412853,rejected,0.01214093025212233,0.08395756873550272
r5_nonews q0 & vol20 q3,-0.0003878490290474331,-0.7019093029812699,2.467480647884093,rejected,0.0,0.013606757610259182
ev_agreement q4 & overnight20 q0,-0.0011145163309564418,-1.2388502178679097,-1.9225709390454815,rejected,0.001065432255208333,0.05453395660690733
dist_ma50 q4 & vol_ratio q1,-0.0008927413323873935,-0.6564961640678322,-2.5000386664315464,rejected,0.0,0.012417975203404277
dist_52wh q1 & ind_mom60 q4,0.0012641734718689703,1.6868582015312554,-1.4613241469469975,rejected,0.0,0.14392650620388434
dist_ma200 q1 & vol20 q1,0.0022517050452689966,2.1454579989637836,-0.9990360313529522,rejected,0.0,0.31777723709455896
dist_ma200 q4 & dist_ma50 q4,-0.00165876805356606,-1.4212524219504274,-1.7222842249713857,rejected,0.024707474267395012,0.08501804391898794
dist_52wh q3 & frog q4,-0.001728112130846422,-1.5882444374286055,-1.549663149578178,rejected,0.030439079537509812,0.12122238727794624
overnight20 q0 & vol20 q3,0.0010874531694377869,0.5502517061410707,2.587199927254179,rejected,0.0,0.00967594322022988
dist_ma50 q2 & r1 q3,-0.0016442635102352139,-1.0913744764203117,-2.044248140513579,rejected,0.020236175778405332,0.04092903957455148
ev_offering q2 & rel_ind60 q4,-0.002714164294766609,-1.9774714746401794,-1.1573812168941222,rejected,0.07208913386552103,0.24711664462061309
dist_ma200 q4 & ins_officer30 q2,-0.001482431697501998,-1.0891808901603741,-2.03701422606395,rejected,0.030163705938380362,0.04164861641646392
vol20 q3 & vol_ratio q4,-0.0009522114952019852,-1.060941393919812,2.061150445374398,rejected,0.0,0.03928868946409488
r1 q3 & rel_ind60 q1,-0.001595597239411612,-1.0696988042895939,-2.0473040501476634,rejected,0.016901189339314854,0.040628240489462834
atr_pct q1 & ev_offering q2,-0.00170257537461919,-1.046586509037602,-2.0663497400216526,rejected,0.024360851136728985,0.038795467972439296
ins_officer30 q2 & r120 q3,-0.0023093122989219276,-1.590065907524514,-1.5197660145890042,rejected,0.04895310331622511,0.12856979347960132
ev_offering q2 & r120 q3,-0.002323818357292586,-1.6048955715304203,-1.494618406194318,rejected,0.05911381488838876,0.13501405966550575
min20 q3 & r20 q1,0.0026198008800290763,2.4965181634534592,-0.5982348574627797,rejected,0.0,0.5496832358931537
dist_ma200 q4 & rel_ind20 q4,-0.001514382986589024,-1.1953850194614817,-1.8976893802810686,rejected,0.019983905820871613,0.05773701233623035
ev_agreement q2 & rel_ind60 q2,-0.0002872694801152006,-0.6711941233757259,2.421111566557572,rejected,0.0,0.0154731276146436
ear_volsurge q1 & ev_agreement q4,-0.00025601586578419635,0.3246984872739455,-2.7654782562101357,rejected,0.0,0.005683939427219812
days_to_earn q4 & intraday20 q2,0.002214982466363242,1.5216409166577973,1.567048442465303,rejected,0.028013775514940414,0.11710336898896302
ev_agreement q4 & news5 q2,-0.001681755175839498,-1.4390879223381292,-1.6483555776618526,rejected,0.031039275810160676,0.09927972606734047
r20 q2 & rel_ind60 q4,-0.0021628470703438864,-1.6762939141096551,-1.4057305072205113,rejected,0.0555231144873677,0.1598041643859926
ind_mom20 q1 & ind_mom60 q4,0.001439145536605095,1.5378412897522282,1.534093759757243,rejected,0.04410769123640983,0.125006588285782
ev_offering q4 & r5_nonews q2,-0.0006409866239298647,-0.749765333743539,-2.320843176598687,rejected,0.0,0.020295309277647656
rel_ind60 q4 & vol_surge5 q4,-0.0015012118863244974,-1.3932898343638311,-1.6723928077179329,rejected,0.022114133531860057,0.09444688942693692
dist_ma200 q4 & earn_in_week q2,-0.001365904476871308,-1.088925884391375,-1.971653553684275,rejected,0.0,0.04864916919326007
overnight20 q0 & r120 q3,-0.0030732114554583765,-2.7649762963834603,-0.28316976991142084,rejected,0.02705614937572671,0.7770467004667367
mom_12_1 q0 & vol_ratio q1,0.001152114155697662,0.8690014752724271,2.17695771928064,rejected,0.0,0.029483722228539275
dist_ma50 q0 & ins_opportunistic30 q4,0.0006803259541751091,1.7088791569117283,1.3349020529550193,rejected,0.05162980396588209,0.1819084057886113
ev_agreement q4 & r20 q1,-0.0012459307007334722,-1.530208749485371,-1.5106075119446996,rejected,0.050597678677779756,0.13088847893437683
gap_today q2 & log_dv q3,0.0013795460372780866,1.5388531588009247,-1.4985219962529253,rejected,0.0,0.1339976820911343
atr_pct q3 & rel_ind20 q4,-0.0010400982551781845,-1.3825091981204916,1.6535506304054983,rejected,0.0,0.09821885080213734
dist_ma200 q4 & ev_agreement q2,-0.0014393026278404527,-1.0804152372736886,-1.9462143393293703,rejected,0.0,0.05162899816232795
days_to_earn q3 & dist_ma200 q0,0.0008194963806288326,1.742214045309659,-1.2816382059804439,rejected,0.0,0.19996959118434154
days_to_earn q4 & dist_52wh q1,0.00154509773281833,1.0522140629986467,1.9693026857433378,rejected,0.0,0.04891834296875019
frog q1 & log_dv q3,0.0006867863738398637,0.9850272201067234,-2.0342844343798343,rejected,0.0,0.041922925662399774
intraday20 q2 & log_dv q3,-0.0016791343960511906,-0.989846249977798,-2.0264482047749044,rejected,0.014728509557952947,0.04271887538426017
dist_ma50 q4 & r120 q3,-0.0013132536079702847,-0.7385248724840923,-2.269754995514341,rejected,0.0,0.02322245256037705
dist_ma200 q4 & r60 q4,-0.0012169444947595543,-0.9362350308969383,-2.071063839582345,rejected,0.02041420485067023,0.0383528305406958
atr_pct q1 & news5 q2,-0.0018081855253690834,-1.1274172893460224,-1.8785407830215666,rejected,0.019295769531511717,0.060307223384784135
dist_ma50 q2 & mom_12_1 q3,-0.002572119445464723,-2.02661682284802,-0.9716619464527495,rejected,0.07566441060760837,0.33121875385506944
ev_agreement q2 & overnight20 q0,0.001860983885450293,1.3121862567678027,1.683244440605767,rejected,0.006895268926350592,0.09232778099229372
dist_52wh q1 & dist_ma50 q0,0.0017201579475586556,1.3606298589964965,1.634470196166125,rejected,0.02901459924403553,0.1021601593289318
dist_52wh q1 & min20 q3,0.0014878649382329653,1.5989421232750511,-1.386051591880002,rejected,0.0,0.16573115035830435
ear_volsurge q0 & ind_mom20 q4,-0.0014817047772057409,-1.2591704440984468,-1.722936840298756,rejected,0.021579042672695958,0.08489994730770083
dist_52wh q1 & ev_agreement q2,0.0019562147961593996,1.300654637333633,1.6652691091051262,rejected,0.024918994298431404,0.09585907858736761
days_to_earn q2 & dist_ma50 q4,-0.001233590402717885,-1.355881885729497,-1.6085046117971835,rejected,0.013930786653853175,0.1077247069737832
days_to_earn q4 & dist_ma50 q0,0.0013477260363158258,1.942408537255155,1.0215609415657583,rejected,0.07433524814036752,0.3069887518289078
days_since_earn q0 & ind_mom60 q1,0.0002772954152808431,-0.04978530270855925,2.9132973724158178,rejected,0.0,0.003576338522197798
ear q2 & ev_agreement q4,-0.0007083630306183866,-0.9296428245541671,-2.0300963741464964,rejected,0.026708774404405326,0.04234674402330499
days_to_earn q4 & ear q4,0.0012492656229517352,1.1148427336313775,1.8445798333038423,rejected,0.043987234416000734,0.06509868282825146
ind_mom60 q0 & r60 q4,-0.0004783579233357328,-0.8934490922933995,2.0623927090362533,rejected,0.0,0.03917036289149732
days_to_earn q4 & r60 q0,0.0010044633996214494,1.498178290436873,1.4554088119032278,rejected,0.05659345071537805,0.14555611834289628
r60 q4 & vol_ratio q3,-0.0011300082587862225,-1.1063024036848648,-1.845394697098946,rejected,0.03854019602961298,0.06498014398640169
dist_ma50 q0 & vol_ratio q1,0.0006100783793714626,0.3310402226922412,2.619898928346029,rejected,0.0,0.008795583098338534
dist_ma200 q4 & min20 q3,-0.000731818808863875,-0.39363496560353317,-2.5569928262634467,rejected,0.0,0.010558139486520755
ev_agreement q2 & r120 q3,-0.0022601516946767794,-1.5673389284002996,-1.3821438450793029,rejected,0.055773954551383446,0.16692753824740772
log_dv q3 & overnight20 q3,-0.0022790479539625645,-1.800922717653387,-1.1474055504784644,rejected,0.06972786481091192,0.2512140482875485
ev_red_flag q2 & frog q0,-0.002809699151927686,-2.487763393758286,-0.45104224175896473,rejected,0.053814079254405525,0.651959104406268
days_to_earn q4 & rel_ind60 q1,0.0014703524409183672,0.8992220633919069,2.0388951913187103,rejected,0.025108421963549506,0.04146048894508612
dist_ma50 q0 & r60 q0,0.0014923791658461693,1.706757645029688,1.2295053792139206,rejected,0.06797697851518537,0.2188823822574153
log_dv q3 & r120 q1,0.001167121971802929,1.2524232163291797,-1.6806274251924935,rejected,0.0,0.09283530535762026
dist_ma50 q2 & log_dv q3,-0.001750185404823098,-1.1827930561802087,-1.7458588832289719,rejected,0.028868831816244275,0.08083547606819562
ind_mom20 q1 & log_dv q3,0.001023004448205232,1.2109020272540765,-1.717129107638571,rejected,0.0,0.08595558489334518
dist_ma200 q4 & ev_offering q2,-0.0015120433110525251,-1.1414618954633224,-1.7861168713222608,rejected,0.028952093860208358,0.07408033699666206
atr_pct q1 & ev_agreement q2,-0.0015839941423586611,-0.972555663995342,-1.9495800930809473,rejected,0.0,0.05122618799653556
ins_value30 q2 & vol20 q3,-1.5063327038870834e-06,-0.45209472350914254,2.4692059483403868,rejected,0.0,0.013541325936322257
days_to_earn q2 & max20 q2,-0.0022180782166160875,-1.6454084935127808,-1.2726661704071731,rejected,0.07379311057384601,0.2031365269653766
days_to_earn q3 & max20 q4,0.0013847304474784291,2.293479229409196,-0.6238793772873404,rejected,0.0,0.5327068048374259
dist_ma50 q0 & ev_offering q2,0.0015708184456993909,1.5491844130358154,1.3648382801929095,rejected,0.048992699530217586,0.1723038843420553
news5 q2 & r20 q2,-0.001346666104288512,-0.7823809497935654,-2.131194392848889,rejected,0.0,0.03307313076452973
r20 q1 & vol_ratio q1,2.224854716662897e-05,-0.5052189231276163,2.399332942561355,rejected,0.0,0.016424972651288585
frog q4 & r20 q0,0.0008422286152355152,1.089532073581998,1.812196426356804,rejected,0.017028420060079815,0.06995585106353848
news5 q1 & rel_ind20 q2,0.0004201497835358407,1.0391237924199734,-1.861766668917622,rejected,0.0,0.0626359866009693
days_to_earn q2 & ev_offering q4,-0.00038179676925221727,-0.575319841341956,-2.325256729762625,rejected,0.0,0.020058236535378783
ind_mom60 q4 & rel_ind20 q4,-0.0013792569668308035,-1.3698743323377365,-1.5306145312265655,rejected,0.04540537209392249,0.12586468822785873
ear q4 & intraday20 q3,-0.0008421970997496909,-1.10938146343468,1.7888243921471998,rejected,0.0,0.07364310131868856
dist_52wh q1 & gap_today q2,0.0016655362508815965,1.0764066721055408,1.8217493388486006,rejected,0.027869691799364944,0.06849302788710145
close_loc q4 & log_dv q3,0.0008301626780521193,1.072135254659911,-1.823903061348545,rejected,0.0,0.06816672878961606
frog q4 & overnight20 q0,0.0012303919900926413,1.3946317570259499,1.4995461037906344,rejected,0.054638470281699276,0.13373201765936618
log_dv q2 & rel_ind20 q1,-0.0004962334633831002,-0.7569563938162317,2.1371233534006056,rejected,0.0,0.03258795996343405
r120 q1 & r60 q4,-0.000848410767723509,-1.3042037500313972,-1.5833646694742969,rejected,0.01516687822329674,0.11333837085485733
atr_pct q1 & ins_officer30 q2,-0.0014934346040398642,-0.8776086916973683,-2.009007737518314,rejected,0.01997807463307713,0.044536313167687115
range_compress q4 & vol_ratio q1,-0.0015006478433553863,-1.0426259293151097,-1.8429050165113958,rejected,0.04271478267657134,0.06534287974208088
dist_52wh q1 & rel_ind60 q1,0.0024352315636492097,1.8317455968353173,1.0528652531590659,rejected,0.07674768282082779,0.29240275312555647
atr_pct q3 & dist_52wh q1,0.000854185849099043,0.4581703106826407,2.424394104378412,rejected,0.0,0.015333954677648665
ev_offering q2 & vol20 q3,-0.00019734733592135647,-0.5742729282074536,2.307434465757669,rejected,0.0,0.021030611696857576
r5 q0 & rel_ind60 q1,0.0014272429146312692,1.6355992504658656,-1.2429069595482327,rejected,0.0,0.21390212081136348
frog q4 & intraday20 q0,0.0008643477261914619,1.0174585558105782,1.860304749657098,rejected,0.02864252553547539,0.06284242195844389
close_loc q4 & rel_ind60 q2,-0.0016649468488215636,-1.1303027042632783,-1.7468113569232335,rejected,0.024085400091777457,0.08067006593622805
dist_52wh q3 & ev_agreement q2,-0.002127712416593682,-1.4659795198811645,-1.4051377842282353,rejected,0.055658472471260635,0.15998031039594715
ev_offering q4 & vol_surge5 q4,-0.0007734030785544321,-1.3386957995362487,-1.5312311015441724,rejected,0.04335374156664393,0.12571228669379242
ev_agreement q2 & rel_ind60 q4,-0.0027319661463798555,-2.0508481500924667,-0.8185398064719706,rejected,0.05452592763517396,0.41304902191691206
dist_ma50 q2 & ev_agreement q2,-0.001770697213133729,-1.4624662543515616,-1.4064937958050203,rejected,0.05278870019430169,0.15957754561946932
dist_ma200 q4 & overnight20 q3,-0.001261943559855753,-1.0996950739945268,-1.7633204684735622,rejected,0.03921831712138524,0.07784645501173233
earn_in_week q2 & vol20 q3,-0.0005790898646005661,-0.7923225314410396,2.070610345523088,rejected,0.0,0.03839522457759986
min20 q3 & r120 q3,-0.0016919367661811513,-1.0655563991202974,-1.7932610356762824,rejected,0.027446599243057902,0.07293119461817374
ind_mom20 q1 & r120 q3,-0.0012445391495513834,-1.45434994710028,1.4005465184994583,rejected,0.0,0.16134972340938258
dist_ma200 q4 & r60 q3,-0.0016659381703245323,-1.3004626442506177,-1.5506189836343305,rejected,0.02751556388196238,0.12099302004552631
overnight20 q0 & skew60 q1,0.0020895537004895102,2.6139474659351065,0.23705212911166745,rejected,0.028404110752475224,0.8126163493625109
dist_52wh q1 & ev_offering q2,0.0018039749965582455,1.195326232692975,1.652971933272468,rejected,0.024325797304759783,0.0983365758135343
min20 q3 & rel_ind60 q4,-0.0015940952190896592,-1.033875266544838,-1.8106052968373638,rejected,0.021918436252663924,0.07020197169311727
days_to_earn q2 & ev_offering q2,-0.002560758139439752,-1.9436051724096612,-0.9001508644210162,rejected,0.07379595071256671,0.36803997054975085
dist_ma200 q4 & log_dv q3,-0.001339149208129182,-1.2183318440571487,-1.6181055859959017,rejected,0.019059789575048683,0.1056398448936869
ear_volsurge q1 & r60 q4,0.0004912161829089229,0.9074904480994174,-1.9278173944522812,rejected,0.0,0.05387784334567207
dist_52wh q1 & ins_officer30 q2,0.0019381302783057813,1.3814653317161192,1.4508568928067407,rejected,0.05660859003110203,0.14681971353778014
dist_ma50 q0 & ev_agreement q2,0.0015481663171839522,1.5472568820184929,1.2828639371014534,rejected,0.06409012760693841,0.19953974924384685
r120 q3 & rel_ind60 q3,-0.0020300729440235446,-1.4725114752211084,-1.3494815626086987,rejected,0.046645135329664765,0.1771823385035936
ear q4 & r60 q0,0.0008320704394260201,1.3954966235642954,1.4258460279084133,rejected,0.05008465138869328,0.15391279147112208
r60 q0 & vol20 q3,-0.00037442018615091075,-0.6368145593517869,2.179464498757568,rejected,0.0,0.029297179197586856
ind_mom60 q4 & ins_officer30 q2,-0.0014809873438200705,-1.0871033089779085,-1.7241568837647696,rejected,0.018405957989130115,0.08467952536260157
dist_ma200 q4 & mom_12_1 q0,-0.0007099181531727815,-1.9947576525926283,-0.8139956642930484,rejected,0.05589282266152838,0.4156474347832987
ev_agreement q2 & mom_12_1 q0,0.001875124283823713,1.6129038243713174,1.1950756982746304,rejected,0.07573651465887711,0.23205745579991652
atr_pct q1 & vol20 q3,-0.0019470910619390827,-1.15242317185532,-1.6515863084024922,rejected,0.02555931127199885,0.09861891302042991
days_since_earn q0 & ind_mom60 q4,0.0002937761493108959,0.7297464567109887,-2.0729807235223663,rejected,0.0,0.03817407356911814
ev_offering q2 & ind_mom60 q4,-0.0015345892986517772,-1.128127868328397,-1.6736921617395655,rejected,0.01660541286605665,0.09419111505158743
r60 q0 & vol_ratio q1,0.0007612812875576307,0.6424200908469361,2.152589089537744,rejected,0.0,0.031350986762209716
rel_ind60 q3 & vol_surge5 q4,0.00011282627835291942,0.4623654625657643,-2.3309081304357635,rejected,0.0,0.019758204477432116
min20 q3 & mom_12_1 q3,-0.0010996341613068862,-0.5402694259200238,-2.252234425043795,rejected,0.0,0.024307461631593735
atr_pct q1 & overnight20 q3,-0.0020941634977720584,-1.6621561146876902,-1.129882996351005,rejected,0.07673417603379774,0.2585255296959616
overnight20 q0 & r20 q1,0.0007429597680361791,0.16854761441023144,2.6192705311747466,rejected,0.0,0.008811803487977393
intraday20 q2 & min20 q3,0.0008030112661753837,1.0285826357605212,-1.7583295894431594,rejected,0.0,0.07869144583539472
dist_ma50 q2 & gap_today q3,-0.0018314226457560295,-1.324883751162817,-1.4608460964810934,rejected,0.047154301010320296,0.1440576822252516
dist_ma50 q4 & vol_surge5 q4,-0.0013938627330151376,-1.4561859713918253,-1.3260722520624177,rejected,0.04802176765410662,0.18481576616756437
dist_ma200 q4 & mom_12_1 q4,-0.0013112303877031773,-1.0047402636109397,-1.7760941691963248,rejected,0.036679294798731915,0.07571739713597467
intraday20 q2 & r120 q3,-0.0022038676301207863,-1.687096735464669,-1.0914416865655152,rejected,0.061427217457574214,0.2750785778626532
range_compress q4 & rel_ind60 q3,-0.0017711453217954794,-1.1384834705827662,-1.6369181030473614,rejected,0.02569240752714346,0.10164758281550684
ins_officer30 q2 & r60 q4,-0.0012249851024765807,-0.8481946685856715,-1.9250614461748476,rejected,0.0,0.05422167148927271
days_to_earn q4 & log_dv q3,0.0016955558452303758,1.5219145817454636,1.2508103792521295,rejected,0.0774650787813028,0.21100366719241956
earn_in_week q2 & rel_ind60 q2,-0.0007697251684752656,-0.8547467466633777,1.912379335036946,rejected,0.0,0.05582755660269929
rel_ind20 q1 & rel_ind60 q4,-0.0014633812325678954,-1.7676290620160533,-0.9962221265953803,rejected,0.08126471197864592,0.31914223086982424
dist_ma50 q4 & r60 q4,-0.0013115267474638611,-1.0599862783244314,-1.7012942245830256,rejected,0.01644494507998186,0.08888775194024014
dist_ma200 q4 & mom_12_1 q1,-0.0007231248320047072,-1.0569504619645025,-1.7031423472178497,rejected,0.01448207822209059,0.0885414327095271
atr_pct q3 & rel_ind60 q2,0.0012227587697272889,0.6659463042735124,2.0895936643031794,rejected,3.435757650062381e-05,0.036654316156389366
ev_offering q2 & r60 q0,0.0014016908354501803,1.4147198783632966,1.3391183049797615,rejected,0.04591689655190326,0.18053216225702978
ev_agreement q2 & ind_mom60 q4,-0.001485227497101451,-1.1096932394382881,-1.6390682901862128,rejected,0.021450180644480305,0.10119903814597972
gap_today q3 & vol_surge5 q4,-0.0009053602942050214,-0.5722923587839671,-2.1758344974502295,rejected,0.0,0.029567638144959912
days_to_earn q4 & gap_today q2,0.002038926879037985,1.86150683109464,0.8846185828693259,rejected,0.06123429344971983,0.3763623806767522
dist_ma50 q1 & vol_surge1 q0,-0.0022227560778851152,-2.2010722145619748,-0.5429402430479792,rejected,0.048390519562505986,0.5871709467541132
ind_mom60 q4 & vol20 q3,-4.278946742061429e-05,0.21637966272100392,-2.5259750247306245,rejected,0.0,0.011537768321751227
ins_officer30 q4 & r60 q0,0.00022976629324706236,0.3529961784084756,2.3883572422683317,rejected,0.0,0.01692388192953172
r20 q0 & vol_surge1 q0,0.000763755379826638,0.6290091826634561,2.1038657933271083,rejected,0.013608479027824633,0.03539015559996348
dist_52wh q3 & ear q4,-0.0022108662631618575,-1.7879778225297582,-0.9442235627021792,rejected,0.07412627524478654,0.3450554167818614
ins_officer30 q2 & vol20 q3,-0.00011248416911169454,-0.5023591391023658,2.228236317861676,rejected,0.0,0.025864760420672324
r5_nonews q1 & r60 q4,0.00021924406556009644,0.597231996787456,-2.128922186827794,rejected,0.0,0.03326069881271916
atr_pct q1 & gap_today q2,-0.0011958588661721487,-0.5453824736309278,-2.1764653736540973,rejected,0.0,0.029520480124905317
close_loc q4 & min20 q3,-0.0009319675494729238,-0.4897491228443957,-2.220863538410168,rejected,0.0,0.026360205467808553
r1 q3 & r120 q3,-0.0014921673424294314,-1.0347702932040734,-1.675536295648291,rejected,0.01002806170405186,0.09382905593077435
dist_ma50 q0 & ins_officer30 q2,0.0017398441174447381,1.6747695400144225,1.0350060282969649,rejected,0.07449708082197869,0.30066609592885274
r20 q3 & vol_ratio q4,-0.00023058549578744214,-0.6098562622452687,2.085754709570873,rejected,0.0,0.037000847876100314
days_to_earn q1 & ind_mom20 q1,-0.00014917251873207052,-0.609945203099163,2.0839117062379287,rejected,0.0,0.03716819933322909
dist_ma200 q4 & rel_ind60 q3,-0.0012984831623101703,-0.9088360069545762,-1.7847703301368893,rejected,0.03178623097687393,0.07429857776291704
rel_ind60 q2 & vol20 q3,0.0008632293796968776,0.3648339650982393,2.3266849937776017,rejected,0.0,0.019982037118698268
ev_agreement q2 & r60 q0,0.0013862000484973756,1.4022377044215912,1.281846328845369,rejected,0.06541055079309498,0.19989655860524802
news5 q2 & vol20 q3,-0.0005729029870488494,-0.7787950639299344,1.9026141443866214,rejected,0.0,0.057090912148813205
ins_officer30 q2 & r60 q0,0.0016329070821922004,1.5926685989760094,1.0877611259279412,rejected,0.06036179566562117,0.2767005750612003
dist_52wh q3 & vol_ratio q0,-0.0014364659805030172,-1.0812752607721707,-1.5981379515484981,rejected,0.020164124616623324,0.11001227904821398
gap_today q2 & rel_ind60 q2,0.001012167631689765,0.48432406153936475,2.1937823053513346,rejected,0.0,0.028251063495614293
rel_ind60 q2 & vol_surge1 q3,-0.00165907351381088,-1.876811082128591,0.7973766338996152,rejected,0.0,0.42523232547251355
r60 q4 & rel_ind60 q3,-0.0013562706670505091,-0.7844552909585731,-1.8865546665011428,rejected,0.02151818931401526,0.059220249090717644
ev_agreement q2 & frog q4,0.0015733759875541692,1.042821229471116,1.6261614185026831,rejected,0.021637166005268098,0.10391532123411767
days_since_earn q3 & ind_mom60 q4,-0.0009618652189021145,-0.8588410579291054,-1.8088858371921857,rejected,0.025577050263113577,0.07046874113708798
atr_pct q3 & intraday20 q0,0.0011721972460413442,0.9664354989770984,1.6977297147703543,rejected,0.007984304332313289,0.0895587867432192
atr_pct q1 & overnight20 q0,-0.001651623011511141,-1.0013855486305858,-1.6606090781333471,rejected,0.024964222156562636,0.09679198454824292
frog q4 & mom_12_1 q0,0.0009886468535783492,1.2438153241522552,1.4146283469547452,rejected,0.05066638029680123,0.15717749297594477
days_to_earn q4 & vol20 q3,0.0011941915186701989,0.8422655526138892,1.8157271919530362,rejected,0.016482047876835104,0.06941223070997501
atr_pct q1 & log_dv q3,-0.0009453776922364847,-0.5108199005225083,-2.143809954577262,rejected,0.0,0.032048117398893385
atr_pct q1 & min20 q3,-0.0010624309114182114,-0.575465995824469,-2.0788669520984846,rejected,0.022942330479883102,0.03762958099910235
ev_offering q2 & frog q4,0.0015642453218665637,1.0406697011698096,1.613054677106652,rejected,0.015481544904434005,0.10673262934703696
dist_ma50 q4 & min20 q3,-0.0009731423892170466,-0.7012370126999112,-1.9459950369726358,rejected,0.0,0.051655335782089515
ev_agreement q4 & rel_ind60 q4,-0.000846232664165679,-1.2548825925449976,-1.3903039728008129,rejected,0.05265368313369243,0.16443659198712618
rel_ind20 q4 & vol_ratio q1,-0.00022129597003879307,0.09128011226299082,-2.549143313768745,rejected,0.0,0.01079879132494814
log_dv q3 & news5 q2,0.00016197568968244786,0.47002706208802153,-2.1680977342439305,rejected,0.0,0.03015125120998527
ear_volsurge q3 & frog q4,0.0011397753866163585,0.7629803697361662,1.8706329976350944,rejected,0.016507573905591936,0.06139596762545594
r1 q3 & vol20 q3,-0.0022473447103546,-2.2315403926575716,0.3982328511798342,rejected,0.0,0.6904585525136494
r1 q3 & rel_ind20 q4,-0.0010722624559151483,-0.70633587035324,-1.9226428243593405,rejected,0.0,0.054524921913196786
r120 q3 & r60 q3,-0.0027826769721541393,-2.311125888748143,-0.31572519899804546,rejected,0.022237584496001397,0.7522110982705256
ear_volsurge q3 & r1 q3,-0.0025909948007208105,-2.382653148236884,0.2402076043315382,rejected,0.0,0.8101693188384107
ear_volsurge q3 & vol_surge5 q4,-0.0005297208539271909,-0.7621384563745125,1.8574802156946024,rejected,0.0,0.06324286338037469
atr_pct q1 & gap_today q3,-0.001079362570355149,-0.6116407585684553,-2.0072552841933105,rejected,0.020962165783483876,0.044722487766767995
ev_offering q2 & mom_12_1 q0,0.0016776789061419947,1.3981802659437639,1.215438940568059,rejected,0.0732316813864513,0.224198723630668
log_dv q3 & rel_ind60 q3,-0.0012963696563303567,-0.6520751911381024,-1.9584476311385406,rejected,0.0,0.05017751034236306
days_to_earn q2 & min20 q3,-0.0009903036136297103,-0.5219320035236209,-2.0885800327716386,rejected,0.0068527202093910155,0.036745544131803476
min20 q2 & skew60 q2,-0.0018630073776764395,-1.5040296005306673,-1.1047944032603039,rejected,0.07260604749276325,0.26924868619532366
ear_volsurge q4 & overnight20 q4,0.002367862659862933,2.5306306386450452,0.07430915509846109,rejected,0.021285355103349012,0.9407643924589384
close_loc q4 & ev_shelf q2,-0.0010270735886301137,-0.5592133399157703,-2.04350415947184,rejected,0.019782454381869746,0.041002556041067305
dist_ma200 q4 & ev_agreement q4,-0.001312748669150696,-1.237387524438919,-1.3560027067037737,rejected,0.042140025244330005,0.1750983068520174
ev_offering q2 & r60 q3,-0.00201732231804895,-1.405994491484417,-1.187075378381659,rejected,0.06947874088784795,0.23519788922030538
dist_ma200 q4 & mom_12_1 q3,-0.0012376305531884358,-0.8383189255556871,-1.7543858831749166,rejected,0.04025203079499291,0.07936440859067428
ev_offering q2 & overnight20 q0,0.0016794029985022147,1.197516228051957,1.3932276716224787,rejected,0.05575696690982914,0.16355095447129386
close_loc q4 & ev_offering q2,-0.001195868507615771,-0.7059537776566451,-1.8827114612297762,rejected,0.017208540796265225,0.05973948136686444
days_to_earn q4 & ind_mom60 q4,0.000263891523234004,0.6504161688112686,-1.9369123873474396,rejected,0.0,0.052756053972012315
overnight20 q0 & r60 q0,0.0008709079872745364,1.2128130729901005,1.3742224796465135,rejected,0.05383961968761876,0.16937262395949845
frog q4 & r20 q2,0.0007670440859151023,0.9284752286340648,-1.6580076970246207,rejected,0.0,0.09731591280366907
dist_52wh q3 & ev_agreement q4,-0.000621064206377518,-0.9389111989591509,-1.6411571065445212,rejected,0.020732139837996922,0.10076480700652836
atr_pct q3 & vol_surge5 q2,0.0001514082606537583,-0.0769865309896029,2.502139992758723,rejected,0.0,0.012344510159079584
gap_today q3 & r1 q3,-0.0014073154182951651,-0.8780147693597894,-1.6947737888042858,rejected,0.0141305608064676,0.09011834159748172
dist_ma50 q2 & vol_surge5 q4,-0.0010166479519586333,-0.16497270399235306,-2.4075326593869404,rejected,0.0,0.016060725613287433
news5 q2 & r60 q4,-0.0012771052977307588,-1.0414738483164323,-1.5276028356914968,rejected,0.043641703860246836,0.12661117729397717
max20 q3 & vol20 q1,-0.0017011318941234164,-1.4203268014392234,-1.145055732748149,rejected,0.06576348621189286,0.25218607124235404
r60 q4 & range_compress q4,-0.0009497874049437362,-0.5957505485384875,-1.9689969283983213,rejected,0.0,0.04895344380568371
days_to_earn q2 & rel_ind60 q3,-0.0019000494004437897,-1.4137237796487356,-1.1465192161139535,rejected,0.06360899505813473,0.2515803808528991
ins_officer30 q2 & r1 q3,-0.0015957866853687022,-1.0355572107593443,-1.5237915208536137,rejected,0.044649605114476104,0.12756079835461653
close_loc q4 & dist_ma50 q4,-0.001030938940563368,-0.8976963432222514,-1.657949071669254,rejected,0.01907025160100454,0.09732774624784281
dist_ma200 q0 & r5_news q4,0.0003196340844354792,0.8819168236877704,1.6708784122172424,rejected,0.019245995608200055,0.09474569635564532
ev_agreement q4 & gap_today q2,-0.0012531013725658186,-1.309761783554392,-1.2356079715988761,rejected,0.07102698568062228,0.2166043201332807
ev_agreement q4 & vol_surge1 q4,-0.0006736264481492966,-0.7994012214257514,-1.7459107075194862,rejected,0.023645085530703196,0.08082646898980174
frog q1 & rel_ind60 q1,0.0020105969550338163,1.938351271584902,-0.6022527564794515,rejected,0.0,0.5470059031964478
close_loc q4 & rel_ind20 q4,-0.0010341485310005863,-0.883238425325354,-1.6549415497183464,rejected,0.016454438957666486,0.09793635493870632
overnight20 q0 & rel_ind60 q4,-0.001847022059521844,-2.007174311650669,-0.5257764872788675,rejected,0.05008467519089391,0.5990435130343815
log_dv q0 & r20 q1,-0.0008153143725042554,-0.9874926674779964,1.544110372233896,rejected,0.0,0.12256159653919334
dist_52wh q3 & dist_ma200 q4,-0.0010728068229311225,-0.8783826915628736,-1.6522648977840542,rejected,0.02615455445065731,0.09848056176422305
ind_mom60 q4 & overnight20 q3,-0.001311360548017831,-1.0702740826732526,-1.4594922761312588,rejected,0.04769013602751224,0.144429664971109
days_to_earn q2 & r5_nonews q2,-0.002469315882090793,-2.037190130247564,-0.48873555186125484,rejected,0.04522997935036189,0.6250289306260817
ins_officer30 q2 & mom_12_1 q0,0.0017157848141699334,1.46082525021401,1.0646231957663619,rejected,0.06161140097006303,0.28704647873842526
days_to_earn q4 & ind_mom60 q0,0.0012403784720752364,1.7744886532917452,0.7486691023051857,rejected,0.06428828387021854,0.45405667092961155
min20 q3 & overnight20 q3,-0.0010675411051835307,-0.6317852503525107,-1.8885052491463967,rejected,0.020582238251736322,0.05895815389448639
dist_ma200 q0 & ev_offering q2,0.0013643973429136042,1.4791663800684884,1.039306843323258,rejected,0.07191525508473781,0.2986620531789966
mom_12_1 q3 & range_compress q4,-0.0015516614053731708,-1.0113712352052024,-1.5064344355838237,rejected,0.04980695822561235,0.13195568631182725
days_to_earn q2 & r20 q1,-0.0014460980584574442,-1.380179775407326,1.137517647030059,rejected,0.0,0.25532195167877836
close_loc q4 & ins_officer30 q2,-0.0010642509359747685,-0.6114743931809145,-1.9048579772446645,rejected,0.006921575331129034,0.056798535026668664
mom_12_1 q3 & r20 q3,-0.002001886648325542,-1.5726339932940023,-0.9435575857277103,rejected,0.07347528571474399,0.34539577513227177
atr_pct q3 & ev_agreement q2,0.0007703901337073106,0.36830615734584277,2.146483656139508,rejected,0.0,0.03183441135243342
ev_agreement q4 & min20 q3,-0.0006899359460117165,-0.16975556833512134,-2.343902566596477,rejected,0.0,0.019083155852140495
ins_officer30 q2 & r60 q3,-0.001946368590365628,-1.356809117407236,-1.1557632816659678,rejected,0.06832183567441381,0.24777799585375687
ind_mom60 q1 & r60 q0,0.0005985790038811979,0.5819719825362486,1.922889554429306,rejected,0.0,0.05449392186839948
close_loc q4 & r120 q3,-0.0008924037775919485,-0.4210209361213973,-2.080929468555432,rejected,0.015089893899470708,0.03744036238187035
atr_pct q1 & range_compress q4,-0.0014814792428858316,-0.9195761497596061,-1.5819638571563108,rejected,0.019256905360518016,0.11365782165112749
ins_buyers30 q2 & r60 q3,-0.0019441714539228292,-1.361042641280722,-1.1364670211975627,rejected,0.07282101014460664,0.25576116014806427
atr_pct q3 & dist_ma200 q0,0.0015920064395540479,1.3723085518377076,1.123988291384286,rejected,0.07125599357953004,0.2610179931246718
atr_pct q1 & ear q2,-0.0012167111285495955,-0.5513450155165805,-1.9443324638298571,rejected,0.0,0.051855372257553406
mom_12_1 q0 & r60 q0,0.001081876105004918,1.5375374511664255,0.9553874592571648,rejected,0.07360281774438478,0.3393817935339662
dist_52wh q3 & overnight20 q0,-0.001848081550357892,-1.6494266400267812,-0.8408085703934145,rejected,0.04983262256211263,0.40045518508387995
frog q4 & min20 q3,0.0005841413644573835,0.8149691074089255,-1.6748658160253704,rejected,0.0,0.0939605619604797
dist_52wh q1 & overnight20 q0,0.0018501546702934398,1.4153140525715249,1.0726972815116864,rejected,0.060702944444251075,0.2834069604933412
dist_ma50 q4 & intraday20 q2,0.0007583561112039659,1.2053167373877538,-1.2814234423920805,rejected,0.0,0.20004497449119968
dist_ma200 q4 & vol_surge5 q4,-0.0011422236272579413,-1.2974794386658235,-1.1880764297055744,rejected,0.0646406503508446,0.23480329953595722
ev_agreement q2 & r20 q1,-0.00039789897499953656,-0.5861669371559826,1.8956797636394473,rejected,0.0,0.05800240279184228
frog q4 & r60 q0,0.0008497488924536015,1.024216781019618,1.4478209938182967,rejected,0.04998353854343632,0.14766711981891456
range_compress q1 & vol_surge5 q4,-0.00040464027511332465,-0.13522359510640347,-2.334928603319151,rejected,0.0,0.019547150821737927
ear q4 & ear_volsurge q3,0.0014511824781700097,1.0358414680512853,1.4306265618787815,rejected,0.04442828077807151,0.15253727066147107
days_to_earn q4 & overnight20 q0,0.001359828200195233,1.315293209196097,1.1486617910459154,rejected,0.06436636724009204,0.250695466954821
dist_ma200 q0 & ev_agreement q2,0.0013351074908150035,1.4483115202649957,1.0151393082314746,rejected,0.07225434195215433,0.310039426352166
dist_52wh q3 & r60 q4,-0.0014390173641008266,-1.2460629680416164,-1.2149810570350095,rejected,0.07239902247125131,0.22437331633160554
ear q4 & vol20 q3,-0.0002725066264658297,-0.5634951651098031,1.8973323914568958,rejected,0.0,0.05778408250103243
ev_offering q2 & range_compress q4,-0.0018032888216596428,-1.2721949508124921,-1.187787246047069,rejected,0.06666701585879248,0.23491724040325399
news5 q2 & vol_surge5 q4,-0.0011541470569163726,-0.5534768656377734,-1.9015452793687033,rejected,0.011443341671925551,0.05723062758988458
ind_mom60 q4 & mom_12_1 q4,-0.000587899215625587,-0.5697694699416649,-1.884733400511932,rejected,0.016545594222559957,0.05946584055146911
r60 q4 & vol_ratio q0,-0.0006688884346629912,-0.41170345795727376,-2.04272672910855,rejected,0.021155654050707077,0.041079497314108954
ind_mom60 q4 & log_dv q3,-0.0007481524197123955,-0.469634341067722,-1.9843318825957907,rejected,0.0,0.04721885418176468
dist_ma50 q3 & r5_nonews q3,-0.0016545233926600939,-1.5971355627159227,0.8462290443982464,rejected,0.0,0.3974249822129809
ear q4 & r20 q1,-0.00017196399402635701,-0.5251357168614403,1.9135386612339964,rejected,0.0,0.05567912904938475
dist_ma200 q4 & range_compress q4,-0.0012567343912324982,-1.0601900972023737,-1.3767937772239032,rejected,0.0526812769400798,0.1685760153075411
ev_agreement q4 & r60 q3,-0.00029695140443109506,0.05886786884299236,-2.3772904281493075,rejected,0.0,0.01744035027183309
dist_52wh q1 & vol_ratio q1,0.0009503104231715844,0.5271534537739194,1.904311527206631,rejected,0.009147734278253227,0.05686962384250558
close_loc q4 & dist_52wh q3,-0.0011140296541612361,-0.617529341410383,-1.8135170537121843,rejected,0.012216928988790638,0.06975211075093865
close_loc q4 & intraday20 q2,-0.0016363169438547403,-1.0894631152794376,-1.3348955628429957,rejected,0.04788523639545986,0.18191053023453208
ins_officer30 q2 & overnight20 q0,0.0017817539331109753,1.31010124284039,1.113830338781508,rejected,0.07412806301785141,0.26535197884917106
ev_offering q2 & r60 q4,-0.0012237589806135712,-0.8850392545707301,-1.5337218198739468,rejected,0.039810321195008366,0.12509810341804178
ear q0 & ind_mom60 q0,0.0009764993516417083,1.27407527266739,1.1428939027223683,rejected,0.06744863316542152,0.25308264439861655
ev_agreement q4 & r60 q4,-0.0008944245482230273,-1.1164567730889094,-1.2989798961592307,rejected,0.06199164617057153,0.1939508285575478
days_to_earn q4 & r20 q2,0.0016017140871141488,1.787346033782668,0.625128965116158,rejected,0.04005171446870339,0.5318864188739225
min20 q3 & rel_ind20 q4,-0.0013085971703677242,-0.8249038295241522,-1.5828269079888817,rejected,0.016890379008512167,0.11346092190187748
atr_pct q3 & frog q4,0.0015509738517785665,1.1499579516248801,1.2563657892167661,rejected,0.0737142622796162,0.20898337922140156
r20 q2 & r60 q4,0.00019485934063705036,0.45817627029975433,-1.9473650886621168,rejected,0.0,0.051490980411111095
ins_officer30 q2 & range_compress q4,-0.001738956976608013,-1.225103252039451,-1.1767860238928387,rejected,0.06781514724141574,0.23928092233740827
days_to_earn q4 & news5 q4,0.0012303276644018498,1.3128150122838194,1.0854510375303112,rejected,0.05617102407178053,0.2777219381434202
ear q2 & log_dv q3,-0.0015600074389319962,-0.9169650189974458,-1.479675617772366,rejected,0.05107416811979491,0.1389598355308009
ins_officer30 q2 & rel_ind60 q1,0.0007182344876735954,0.8509336791082808,-1.5448054057467147,rejected,0.0,0.12239333935719326
ev_agreement q4 & vol_ratio q0,-0.0011057523453717629,-1.1522924374369368,-1.2413378182572847,rejected,0.06682692000713315,0.2144809795591042
mom_12_1 q0 & vol20 q3,7.297620558452171e-05,-0.272888357127468,2.120627582164014,rejected,0.0,0.03395315509775173
dist_ma200 q4 & r1 q3,-0.001348213292489292,-0.9657202398571931,-1.4269691490181746,rejected,0.044224393114827384,0.1535887873642347
ev_offering q2 & skew60 q1,0.0026370294499162296,2.1510851579689336,0.23385891610346804,rejected,0.027890852209873463,0.8150945090345632
ev_agreement q4 & rel_ind60 q2,-0.0007230307062496771,-0.9521997820193207,-1.4321944715736068,rejected,0.04388174577530846,0.15208817346938205
close_loc q4 & vol_surge5 q4,0.00025767020144603866,0.5609656288533553,-1.8232717573943924,rejected,0.0,0.06826224162257814
dist_ma50 q4 & vol20 q2,-0.0010501969607677232,-0.8736991619918343,-1.5095004490734818,rejected,0.04522311304628451,0.13117094062303997
frog q4 & vol_ratio q1,0.00046406221638723284,0.14811528159727938,2.2337671981373646,rejected,0.0,0.025498394887857982
ev_agreement q2 & range_compress q4,-0.0018120669808142898,-1.295582234578204,-1.0859261931465738,rejected,0.05491052083010563,0.27751164738692097
days_to_earn q0 & log_dv q3,-0.0012678447505078518,-0.8767887963225327,-1.4990437755022705,rejected,0.0496775917723807,0.13386227602020664
ins_officer30 q2 & rel_ind60 q3,-0.0010919512839801518,-0.6071545148693969,-1.7672146662180788,rejected,0.031031627841091522,0.07719228442147379
r20 q1 & rel_ind60 q4,-0.0014893494536329143,-1.4825724637833095,-0.8911810389627051,rejected,0.06475521392021096,0.3728320548536546
ear q2 & ev_offering q2,-0.0017316325707186588,-1.5028316297191084,-0.8703186961686454,rejected,0.04801706220366689,0.38412626444649917
days_to_earn q2 & ind_mom60 q4,-0.0016777509493557088,-1.8144906168918293,-0.5560999833518829,rejected,0.04907077641099442,0.5781425064826393
r20 q1 & r60 q0,0.0008138764009756868,0.49486042950249287,1.8749230246263886,rejected,0.01759354584457617,0.06080331399331063
overnight20 q0 & r5_news q2,0.001365299499781434,0.9645085715222694,1.4015783420011851,rejected,0.052686185169736895,0.16104119817738358
ins_officer30 q2 & r20 q2,-9.863236873909698e-06,0.30948222224049043,-2.056374186391095,rejected,0.0,0.039746462482639806
dist_ma200 q4 & dist_ma50 q2,-0.00039526848719808287,-0.10673630056249037,-2.2584622025845063,rejected,0.0,0.023916858492008128
range_compress q3 & vol_ratio q4,-0.0006623514378002969,-0.8625955487349786,1.5008020333301855,rejected,0.0,0.13340677262247036
dist_52wh q3 & vol_surge1 q3,-0.0023222828117050714,-1.9619779549177707,-0.399631189507529,rejected,0.041369204371622434,0.6894281805948089
close_loc q3 & r5 q2,-0.0012525544854751233,-1.6153567450223958,0.7447470149049419,rejected,0.0,0.4564246713949336
ev_agreement q2 & r60 q4,-0.001192430156590283,-0.8638052494348901,-1.493707590885905,rejected,0.05187356781986088,0.13525206362226205
ind_mom60 q4 & vol_ratio q1,-0.001073635542756653,-0.8607069374745588,-1.493032052443508,rejected,0.05623365609185243,0.13542879695891
log_dv q3 & min20 q3,-0.0013113619171454217,-0.7975636255608977,-1.550540688506002,rejected,0.02564651709782355,0.1210117954007355
atr_pct q1 & ev_agreement q4,-0.0015417698785142714,-1.3535770008090955,-0.9888765758613095,rejected,0.07604379913378627,0.3227235324144491
ev_agreement q2 & ind_mom20 q1,0.0011635987232133209,0.6869771281082743,1.6537662904588728,rejected,0.017116936902855616,0.09817500763690024
dist_52wh q3 & r5_nonews q4,-0.001996168365300221,-2.1633714126270913,0.1743393880318596,rejected,0.0,0.8615987460254266
ev_agreement q4 & ind_mom60 q4,-0.0008809387027103951,-0.789469165403081,-1.543821939938458,rejected,0.034810852853784,0.12263147470849171
ev_agreement q2 & r1 q3,-0.001458945739989343,-0.9478727259106985,-1.381007614613521,rejected,0.05312002053189373,0.1672766193919754
rel_ind60 q2 & vol_surge5 q4,-0.0007535791312193491,-0.9523383806548554,1.3757841533661819,rejected,0.0,0.16888846896114473
close_loc q4 & earn_in_week q2,-0.0011674553206408604,-0.7218120878258588,-1.604906104611624,rejected,0.016931019668493915,0.10851446990580878
days_since_earn q0 & rel_ind60 q3,0.0004395832656658063,0.6515182653759012,-1.6731282998175445,rejected,0.0,0.09430204147987974
overnight20 q0 & r20 q2,0.00035635267036777447,0.6318658780130738,-1.688006777972862,rejected,0.0,0.0914099278425123
range_compress q4 & rel_ind60 q2,-0.001285187275085059,-1.3854298098079,0.9316437495485717,rejected,0.0,0.35152066548785715
atr_pct q3 & dist_ma50 q0,0.0008762559177967195,0.732205776144429,1.5833316799877986,rejected,0.014602064130580931,0.11334588586104026
days_to_earn q2 & log_dv q3,-0.0009839865255865806,-0.6884287085706912,-1.6225086569354512,rejected,0.024384815541822782,0.10469448103062144
days_to_earn q4 & ev_agreement q4,4.310746761047902e-06,0.5072618536990191,-1.8017780075382996,rejected,0.0,0.07158033919609667
gap_today q4 & r120 q2,-0.001375783077613907,-0.9816780328754666,-1.3265542312254315,rejected,0.04204285767989294,0.18465618444948542
ev_offering q2 & r1 q3,-0.0014993743212815232,-0.9873810858788007,-1.3133691767632003,rejected,0.05267276770745069,0.1890585786286921
ear q4 & rel_ind60 q2,0.0007702893960103952,0.6616911666759577,1.6386399437918802,rejected,0.020219400382887196,0.10128826833753418
dist_52wh q1 & r60 q0,0.0004458957420825079,0.13494846663631727,2.164962574381845,rejected,0.0,0.030390551486363895
dist_52wh q2 & news5 q1,-0.00030312568602513845,-0.04564232974998798,-2.2514777422851764,rejected,0.0,0.024355295068995846
ev_agreement q2 & r60 q3,-0.00205936666919395,-1.4959106340746857,-0.8009973370475758,rejected,0.055808883563423076,0.4231331874859467
days_to_earn q2 & ev_agreement q2,-0.0021230036978810807,-1.6388891478557168,-0.6561160291984308,rejected,0.04149801710381882,0.5117494716864524
ins_officer30 q2 & log_dv q3,-5.449581693369278e-05,0.2525237561145187,-2.040995873152079,rejected,0.0,0.04125123729501939
dist_52wh q1 & rel_ind60 q2,0.0007751747272635505,0.33602334915482446,1.956329233512783,rejected,0.0,0.05042638258530625
r20 q1 & vol20 q3,-0.0008735651465025224,-1.0666528484888065,1.2239363177430371,rejected,0.0,0.22097625182589636
dist_ma50 q4 & ins_officer30 q2,-0.0010886012648728455,-0.7817442959140332,-1.5075908126219317,rejected,0.04322770064125844,0.13165928558453807
ind_mom60 q4 & min20 q3,-0.000988102205120599,-0.7879521804646351,-1.4998442150568603,rejected,0.046951386521489065,0.13365476103535676
r20 q2 & r5_nonews q2,-0.0009368195047522451,-0.9399004978202558,1.347752728516195,rejected,0.0,0.17773792659227697
days_to_earn q2 & gap_today q3,-0.0015371392803592953,-1.1077887256022017,-1.1775570233266253,rejected,0.0653568677331793,0.23897325168574016
r120 q1 & vol20 q3,-0.00044114446979354725,-0.8474526050957849,1.437453108667136,rejected,0.0,0.15058928757005458
frog q4 & ins_officer30 q2,0.0014767733148997812,0.9729501219583232,1.3091836108368111,rejected,0.053219790290617394,0.19047216246025253
ind_mom60 q4 & r1 q3,-0.0009031109174443371,-0.48215449585430625,-1.7977191231371585,rejected,0.024869703015804625,0.07222152941863823
atr_pct q3 & min20 q3,0.0016506993495863619,1.4081926605584718,0.8698863746080248,rejected,0.04919136014468242,0.3843625022876587
r5_nonews q4 & vol_surge1 q2,0.0021799496074699394,2.1874735407821477,0.08970130161199119,rejected,0.018406127185010775,0.9285245815770605
ev_offering q2 & mom_12_1 q3,-0.0016706801401757195,-1.233314401764234,-1.041904189854461,rejected,0.06809912831852455,0.29745610140508183
days_to_earn q4 & mom_12_1 q0,0.0008018729649028677,1.0025559007894815,1.2715799978092268,rejected,0.06776833312412124,0.20352238731868885
r20 q2 & rel_ind20 q4,-0.001632819834592615,-1.7735731189170072,-0.499622652370119,rejected,0.04619105200478695,0.6173408045459874
days_to_earn q2 & ear_volsurge q3,-0.001963858890708714,-1.7367803645845896,-0.5340041329717505,rejected,0.04447813017820976,0.5933386746275714
dist_ma50 q4 & rel_ind60 q4,-0.0011713671265264696,-1.0052220274802515,-1.2651429568790717,rejected,0.06563952901147345,0.2058200864197116
ev_agreement q2 & overnight20 q3,-0.0016968696889319472,-1.2633477683685232,-1.0046790856540742,rejected,0.06853614128541649,0.3150514020209407
atr_pct q1 & mom_12_1 q4,-0.0014341133419731144,-1.0162991278085487,-1.2494324012636886,rejected,0.06970657926241004,0.21150696367476807
ind_mom60 q0 & vol20 q3,-0.00014128269369002923,-0.3770534874247334,1.8885700419073994,rejected,0.0,0.05894946439524678
gap_today q2 & rel_ind60 q3,-0.0014901591676193082,-1.0301957337314445,-1.2320131279990154,rejected,0.06473333128077202,0.21794418019573575
log_dv q3 & vol20 q3,0.000977145472711247,1.128938682931932,-1.1306814306513133,rejected,0.0,0.25818919983782634
r120 q3 & range_compress q4,-0.0017900799841633565,-1.3545614156665464,-0.9011260675434685,rejected,0.06930126771142187,0.36752129445331766
atr_pct q1 & intraday20 q2,-0.001076775072246988,-0.5768104566574316,-1.6707780016763405,rejected,0.018815332049864204,0.09476553521068211
ev_offering q2 & overnight20 q3,-0.0016795687134189006,-1.2532434483920483,-0.9916948612357525,rejected,0.07408023132469824,0.32134639856931246
min20 q3 & r1 q3,-0.00029767188472639783,0.07219270955936577,-2.171162992271428,rejected,0.0,0.029918853732174133
min20 q3 & rel_ind60 q3,-0.0006815236669501511,-0.12797691999957553,-2.112325251311982,rejected,0.005430461469839981,0.03465856144020264
atr_pct q1 & earn_in_week q2,-0.0012970018880315668,-0.819862441391271,-1.4203156461999293,rejected,0.042791613361961606,0.1555158081167058
dist_ma200 q0 & vol20 q3,0.0007592104790976038,0.5681765551340318,1.6707443325959757,rejected,0.02050150418785953,0.09477218820567562
min20 q3 & news5 q2,-0.0011665573250321847,-0.6710616205697285,-1.560969805652842,rejected,0.020101495399802036,0.11853087527499051
dist_ma50 q4 & ev_agreement q4,-0.0009249859775411961,-0.9059690383285514,-1.3254494281274993,rejected,0.043595956357436016,0.18502213223691344
ev_offering q2 & rel_ind60 q1,0.0008905430077906724,0.9251416862781521,-1.304118980373055,rejected,0.0,0.19219301834666064
dist_52wh q1 & frog q3,0.0015903253191213557,1.5605005407907877,-0.6656939146008065,rejected,0.0,0.5056067639716891
days_to_earn q4 & ind_mom20 q1,0.0015767898534503396,1.9313850299387232,0.29428030686398604,rejected,0.029037408187045966,0.7685437196037032
days_since_earn q4 & ev_offering q2,-0.002052989968045339,-1.534742050336285,-0.6906753152064061,rejected,0.05185503188171317,0.48976960535054886
rel_ind20 q4 & vol20 q3,-0.0011452536395458745,-1.2556985263869533,0.9683270047117303,rejected,0.0,0.3328810821199429
ind_mom60 q0 & rel_ind60 q2,0.000676608282500507,0.4460314809143598,1.77737815912055,rejected,0.027391526222613892,0.07550604180840238
ear_volsurge q3 & r20 q2,-0.00029377317469014673,-0.5205641768743531,1.7027687064282118,rejected,0.0,0.0886113613133111
dist_52wh q3 & ear_volsurge q1,-0.002084877510917428,-1.6376377327293594,-0.5809808103377394,rejected,0.03733776510063593,0.5612533868490566
ind_mom20 q1 & vol_ratio q1,0.0006641517261821006,0.3547133399025524,1.8599145586907782,rejected,0.023689140980165228,0.06289761522574693
close_loc q4 & mom_12_1 q4,-0.0004599557482881324,-0.0864515177684671,-2.127689763312526,rejected,0.0,0.03336281421374805
dist_ma50 q4 & ev_offering q2,-0.0011691143098124014,-0.8543837598278357,-1.3573823869326753,rejected,0.0381822210089011,0.17465974168518447
dist_ma50 q4 & r1 q3,-0.0009625092728664916,-0.6109241467981966,-1.5981622872458892,rejected,0.015452196132992382,0.11000686438303642
dist_ma50 q4 & vol20 q3,-0.0009252219488430384,-1.1416040211966458,1.0651396578323025,rejected,0.0,0.28681273526100765
mom_12_1 q3 & r1 q3,-0.0010628056771198459,-0.6598042365164261,-1.5468299887330228,rejected,0.025596514249567104,0.12190424680797521
atr_pct q3 & ev_offering q2,0.0005576881410225626,0.20198608051776512,2.0045290636919533,rejected,0.010949286329672243,0.045013416802563856
min20 q0 & rel_ind60 q3,0.0012325029636786546,2.1337575255004024,-0.06984438710160074,rejected,0.0,0.944317517619706
dist_52wh q1 & r20 q1,5.835583361129836e-05,-0.15702245787040345,2.045998166618215,rejected,0.0,0.04075655105505953
ev_offering q2 & r20 q2,6.988522009334851e-05,0.33646606260024076,-1.8657451332437827,rejected,0.0,0.062077031904819086
gap_today q2 & vol20 q3,0.0012556836579409073,0.8193887918655262,1.382101619141137,rejected,0.04831664549384984,0.16694050141021366
ins_buyers30 q4 & r5 q4,-0.0007475274912683574,-1.4398347754576546,0.7602897203804143,rejected,0.0,0.44708142508793697
atr_pct q0 & ind_mom60 q4,-0.0008551039877453895,-0.7424162738267484,-1.4572470510035809,rejected,0.044009578099335166,0.14504819696640914
ev_offering q2 & rel_ind60 q3,-0.0012409419145293548,-0.7810615979744822,-1.4172760372439055,rejected,0.04353710958470866,0.15640223830297154
dist_52wh q3 & r1 q3,-0.0010458284725961956,-0.6847854558319816,-1.5131477919008087,rejected,0.039229635674272824,0.1302421222148701
ev_agreement q2 & r20 q2,8.18791083768221e-05,0.34655773776330295,-1.8494432277641197,rejected,0.0,0.06439383837227874
dist_ma50 q2 & ev_agreement q4,-0.0006924487135288353,-0.8496618246545428,-1.3463356637271313,rejected,0.04259069121554585,0.17819428918074448
dist_ma50 q0 & ear_volsurge q3,0.0008024892901742704,0.7334423682113655,1.4624019005411382,rejected,0.038770811624835255,0.1436311089420315
dist_52wh q3 & intraday20 q2,-0.0017086741001079656,-1.2345818043136425,-0.960736936992212,rejected,0.06849945531712139,0.33668445408417685
days_to_earn q4 & r5_nonews q2,0.001025790331578644,0.692243358659714,1.5022615477868408,rejected,0.04095192471985207,0.13302957509524282
overnight20 q0 & vol_ratio q1,0.0010391320996971456,0.8842089360607109,1.309537627196525,rejected,0.05054305839440056,0.19035230069030434
r20 q2 & vol_surge5 q2,0.0007397670740017056,0.8953821934615799,-1.298069467876816,rejected,0.0,0.1942634648859578
close_loc q4 & ind_mom60 q4,-0.0011314067213802975,-1.1217864053005266,-1.0710701718389404,rejected,0.059285006938538644,0.28413787888553577
gap_today q2 & vol_ratio q1,-0.0004195343239631946,-0.6980101209154447,1.4937040043857375,rejected,0.0,0.13525300144623065
ev_agreement q4 & log_dv q3,-0.0006344104759974091,-0.466292934586268,-1.7252688317589215,rejected,0.010792012483514043,0.08447903619184727
dist_ma50 q4 & ev_agreement q2,-0.001139527131593251,-0.8399601069729707,-1.3504749065604449,rejected,0.03883775445270378,0.17686369751395326
ind_mom60 q4 & mom_12_1 q0,-0.00032122597306384365,-0.9063405708495282,1.280855037699986,rejected,0.0,0.20024458807784
gap_today q3 & min20 q3,-0.0007648866728010363,-0.34122897841694466,-1.845363492996867,rejected,0.03016967582448369,0.06498467998931326
min20 q3 & range_compress q4,-0.0007525966089698221,-0.26977053155843206,-1.907492185129519,rejected,0.006026701798023905,0.05645688206444787
log_dv q4 & r5_nonews q4,-0.000937289259940638,-1.1136848419543282,1.061266853196548,rejected,0.0,0.2885686450207533
ev_agreement q2 & rel_ind60 q1,0.001083897686156508,1.076414501467862,-1.0962791758235382,rejected,0.0,0.2729566196335703
days_to_earn q2 & gap_today q0,-0.0012800739592315862,-1.5618106212521645,0.6070443723068816,rejected,0.0,0.5438214653112736
ear q2 & r20 q2,-0.00031416014606369425,0.055834599493962904,-2.108470864366057,rejected,0.0,0.03499028038184957
gap_today q3 & log_dv q3,-0.0022235962855073647,-1.93118041047216,0.2298371157766102,rejected,0.0,0.8182183424401022
frog q4 & r5_nonews q2,0.0005934103493432827,0.31605046158082584,1.8391782735496909,rejected,0.03287427615552072,0.06588896919269681
ear_volsurge q4 & mom_12_1 q1,0.0008779489231204938,0.5582171232196154,1.5956383225159076,rejected,0.014630036872021236,0.11056956629070638
min20 q3 & mom_12_1 q4,-0.0008872840218261631,-0.5908982693740227,-1.5576390742602522,rejected,0.019172832986082775,0.11931883055505305
r1 q3 & rel_ind60 q4,-0.0016672997258525557,-1.329651417117633,-0.8135729160902212,rejected,0.05368576789347485,0.4158896587901079
dist_52wh q3 & rel_ind60 q3,-0.0015740694696917052,-1.1385839700325184,-1.0035034117372406,rejected,0.0685668508384613,0.3156180316271206
news5 q1 & vol_surge1 q2,0.0017234108580120317,2.0201784529277096,-0.12162607451801899,rejected,0.0,0.9031951623132043
dist_52wh q3 & gap_today q2,-0.0017223108042878751,-1.3501907392389856,-0.7915053572913706,rejected,0.06081418240243727,0.4286491511654551
ear_volsurge q3 & r60 q0,0.0008305421120005497,0.8122941338505479,1.3291695997540167,rejected,0.03628420911850049,0.18379202221129853
r1 q3 & r20 q2,-0.0011443741742433917,-0.6932943084657334,-1.4433425365821144,rejected,0.042770151588096605,0.14892400283368323
intraday20 q2 & r20 q2,-0.0010389506451166115,-0.5615668921085416,-1.574332132787409,rejected,0.02225696634223235,0.11541068479969142
intraday20 q2 & r60 q4,0.0002451047564437973,0.45955140335148653,-1.6743425616867469,rejected,0.0,0.09406329427593921
ev_agreement q4 & range_compress q4,-0.0003935677049800126,-0.32932867283566275,-1.8033791262809797,rejected,0.019427559930663616,0.0713286935275804
days_to_earn q2 & r60 q0,0.0005775024964022703,0.7207872435589161,1.4104471209052087,rejected,0.04087969573299468,0.15840769999607904
atr_pct q1 & ear_volsurge q4,-0.001088798319071995,-0.7145839817606038,-1.4162983894705778,rejected,0.04504043785426587,0.15668815918568973
atr_pct q1 & dist_ma50 q4,-0.0009196108502970236,-0.6024480098658038,-1.5278139932016075,rejected,0.03581955792520947,0.1265587269706949
ear q4 & gap_today q3,-0.001484862348135184,-1.238541140142256,-0.8910255261674487,rejected,0.06295264843394986,0.3729154761918157
intraday20 q0 & log_dv q3,0.001169622042090054,1.4837700414811235,-0.6450356496711485,rejected,0.0,0.5189040835853015
ev_offering q2 & log_dv q3,-5.264890877879862e-05,0.23020625701556194,-1.8979639437036,rejected,0.0,0.057700831922407964
ind_mom60 q1 & r20 q1,-0.0014377793750795839,-1.1411888156076595,-0.986369091362073,rejected,0.07351431582752094,0.32395202670964046
ev_agreement q4 & r120 q3,-0.0007650095483982436,-0.9214895300082602,-1.2032775765099517,rejected,0.071022195521786,0.22886892338664075
dist_52wh q2 & r1 q0,-0.0005613671540452622,-0.8192690792356776,1.302078439595518,rejected,0.0,0.19288957266881368
ear_volsurge q3 & r120 q3,-0.0023195372661183444,-1.9148672464592116,-0.19932559441823053,rejected,0.0192636615146625,0.8420080594054951
ind_mom20 q4 & log_dv q0,-0.0012911349757487969,-0.9792760961680772,-1.1311005792439197,rejected,0.06683866719864946,0.25801276053741473
dist_52wh q1 & rel_ind60 q3,0.0008945385368344518,1.146747605819471,-0.962145531654289,rejected,0.0,0.33597650525893136
min20 q3 & r60 q4,-0.0003581314749070384,-0.032598644500718844,-2.0747688685855903,rejected,0.010675914815184961,0.03800796114110767
ear_volsurge q3 & ind_mom60 q4,0.00022440018171523184,0.5059283751853452,-1.6009484413356054,rejected,0.0,0.10938833918525749
ind_mom20 q1 & min20 q3,0.0006425277047206125,0.7740344098804429,-1.3164421480085375,rejected,0.0,0.18802568376263362
r120 q4 & r20 q3,-0.0008720418584613269,-0.4639398247071652,-1.6264147132616846,rejected,0.015666824442867672,0.1038614629579509
dist_ma50 q4 & rel_ind60 q3,-0.0012690228404052325,-0.7902065968774398,-1.2978134525618759,rejected,0.05836757633277276,0.19435144579945027
close_loc q4 & vol_ratio q0,-0.000711655600183121,-0.5515602856239883,-1.536311503835813,rejected,0.033846614049713876,0.12446199941608274
atr_pct q4 & max20 q1,-0.0006959656433641663,-1.5992509477594659,0.48474554274411086,rejected,0.0,0.6278568563322174
close_loc q4 & frog q4,-0.0005912093113942149,-0.8284978324301969,1.2554561602066239,rejected,0.0,0.20931321316093868
r60 q0 & vol_surge5 q4,0.0012397294104495697,1.7323962419482537,0.3463665932596193,rejected,0.029678571110540678,0.7290672278164245
r120 q3 & rel_ind60 q4,-0.0014922535435674276,-1.0580286788405477,-1.0203252343033837,rejected,0.0659996147203043,0.3075742394397632
ev_agreement q2 & vol_surge5 q4,0.0006738825290712464,0.9411553979042041,-1.135543648400256,rejected,0.0,0.25614760441092527
ev_offering q2 & r120 q1,0.0012450683203231684,0.8507885396359695,1.223675282733047,rejected,0.061185107256177186,0.2210747475233589
intraday20 q2 & rel_ind60 q2,3.875375857403876e-05,-0.28044878455207944,1.7902087653677003,rejected,0.0,0.0734203565016057
dist_ma50 q0 & min20 q3,0.0006348571501115168,0.9972896604682907,-1.0713931204702734,rejected,0.0,0.2839927048449461
ind_mom60 q4 & vol_surge5 q2,-0.0011457111002411385,-0.8331039576934888,-1.2352262240202878,rejected,0.063688914888798,0.2167463220490615
mom_12_1 q3 & rel_ind60 q2,-0.002096724726053427,-2.050026580069477,-0.017117780245234138,rejected,0.005493282882369748,0.986342654405962
ear q1 & r5_nonews q1,0.0013606001983909235,1.0449289776349062,1.02149308179704,rejected,0.06596301762925146,0.3070208851419247
intraday20 q0 & vol20 q3,-0.00035039471824042934,-0.583746806290165,1.4802314121636875,rejected,0.0,0.13881150013680352
min20 q3 & vol20 q3,0.0010196161193941518,1.2142893281036915,-0.8470211579944779,rejected,0.0,0.39698332836756783
overnight20 q0 & rel_ind60 q2,0.0003080757689765384,0.05065075864109828,2.0101515732174327,rejected,0.010699760763735211,0.04441514902719448
ev_agreement q2 & r120 q1,0.001235620535096152,0.8714142669224609,1.1879313302469372,rejected,0.0589273386828399,0.23486046508727182
dist_ma200 q4 & ear_volsurge q3,-0.0014205281520506322,-1.3170616193190496,-0.7357130205850216,rejected,0.05627374346830585,0.46190536399040066
atr_pct q1 & r20 q2,-0.0008032361920658754,-0.3815155899588843,-1.6686549243661448,rejected,0.014706824848730381,0.09518578712450641
range_compress q1 & rel_ind20 q3,-0.0008310278881125624,-0.9921308594428239,1.0556069088275912,rejected,0.0,0.291147843169923
ev_offering q2 & ind_mom20 q1,0.0011349299856093424,0.7157970758391239,1.3269506790544439,rejected,0.035956904016507585,0.18452499833091165
atr_pct q3 & dist_ma50 q4,-0.0005536327228606433,-0.7857380697468083,1.256459887284993,rejected,0.0,0.20894928051135767
ind_mom60 q0 & r1 q3,-0.0013502354348988465,-1.6637848205530823,0.3782944541097422,rejected,0.0,0.7052118648383712
overnight20 q3 & r60 q4,-0.0007981266096220231,-0.6145888906429339,-1.4266032203918289,rejected,0.04006319954710714,0.15369429544544175
earn_in_week q2 & ev_offering q2,0.00015339525815365624,0.32980457815622866,1.7109905892284376,rejected,0.011568389153622622,0.08708285009053253
ear_volsurge q3 & r60 q3,-0.0018311868586478014,-1.457061772510495,-0.5808339147585241,rejected,0.03724700141744856,0.5613523951756614
dist_ma200 q4 & ear_volsurge q1,-0.0009223885462256233,-0.6990250983327985,-1.3358232476213945,rejected,0.039936481758765956,0.18160705248299774
intraday20 q2 & r20 q3,-0.0013566096146436202,-1.052987642220075,-0.9761224292199032,rejected,0.06638842738947441,0.32900379769324567
gap_today q2 & min20 q3,-0.002175081039199355,-1.8006104650776722,-0.22499510341997225,rejected,0.025306628851596076,0.8219830835178232
mom_12_1 q0 & rel_ind60 q2,-0.00015640196343594034,-0.528559220970626,1.4957449200641797,rejected,0.0,0.13472013964772708
r1 q3 & rel_ind60 q3,-0.0005841436641161432,-0.16444923277249868,-1.8589818433288416,rejected,0.02457544008446494,0.06302971202827615
ev_agreement q4 & ind_mom20 q1,-0.0006198948507015545,-0.4895672858155286,-1.5334408257074517,rejected,0.03509700549253497,0.12516727614904477
gap_today q3 & r60 q4,-0.0005483608084979798,-0.3376512782235224,-1.6852401765405953,rejected,0.006875310928340593,0.09194224250471056
ev_agreement q2 & rel_ind60 q3,-0.0011208978748420422,-0.7062619868022039,-1.301079998125223,rejected,0.05339955324079662,0.1932310734539905
ins_officer30 q2 & r5 q0,0.0013378768816561916,1.3519146925369894,-0.6535276506125461,rejected,0.0,0.5134161695103823
dist_ma50 q3 & log_dv q3,-0.002066428520862104,-1.827184193350805,-0.1729023127115989,rejected,0.021054455302140968,0.8627282137535761
ev_agreement q2 & r5_nonews q2,-0.0003693069250164847,-0.5976470280657807,1.4008091393905873,rejected,0.0,0.16127115490012942
max20 q4 & range_compress q3,-0.0005138700678093936,-0.8889279943590356,1.1075841248813565,rejected,0.0,0.2680414625811855
ind_mom60 q4 & rel_ind60 q1,-0.0008175749186782232,-0.5577740320748485,-1.4386436801135003,rejected,0.03682571037101474,0.15025150385445118
ind_mom20 q4 & vol_ratio q1,-0.0008602665678614506,-0.6835019236512543,-1.311813611079879,rejected,0.048430878494753006,0.1895830312950453
ev_agreement q4 & r1 q3,-0.0006893894555125349,-0.9683562288699622,-1.026319291350035,rejected,0.06308087123585453,0.3047411069755267
dist_ma50 q2 & r5_nonews q2,-0.0017194371182911957,-1.4616852989160105,0.5329031452616018,rejected,0.0,0.5941006278705576
earn_in_week q2 & r20 q2,0.0004907098903644755,0.5821342419968777,-1.4096405652251627,rejected,0.0,0.1586458426281913
atr_pct q3 & ins_officer30 q2,0.00046043119018221695,0.14307422031446315,1.8455255375268735,rejected,0.023053065402865468,0.06496112713313468
ev_agreement q4 & mom_12_1 q4,7.015096556754532e-05,0.4942248375112407,-1.4934227596360432,rejected,0.0,0.1353265590003442
atr_pct q1 & vol_ratio q1,-0.00072590172289751,-0.36163471293891863,-1.6241819243532511,rejected,0.01925487044294617,0.10433698745085318
dist_ma200 q0 & ev_agreement q4,0.0008939514714392588,1.408861665655887,0.5756706407329883,rejected,0.0405047263129085,0.5648378234902129
dist_ma50 q2 & range_compress q4,-0.0017332641017422557,-1.4033030696750148,-0.5800725247491436,rejected,0.037572774206946005,0.5618657110441103
days_to_earn q2 & rel_ind60 q2,-0.0012253990154692945,-1.1731365428091702,0.8068943621112878,rejected,0.0,0.41972734727335886
close_loc q0 & ins_buyers30 q4,-0.0008883622950048538,-1.213240851185895,0.7648026608408977,rejected,0.0,0.44438906309224807
ear q2 & ev_offering q4,-0.00021313810201343164,-0.06936225616355352,-1.9084957202180297,rejected,0.001659615094001711,0.05632717579474554
ind_mom20 q2 & overnight20 q2,-0.0011273669903331832,-1.191445011626537,0.7862178919412155,rejected,0.0,0.4317398458021747
ev_offering q2 & vol_surge5 q4,0.000617384339542151,0.904908715883733,-1.0707932315156552,rejected,0.0,0.2842624109634403
rel_ind60 q1 & vol_surge5 q4,0.0003221899490230223,0.5218902615076291,-1.4525041237297487,rejected,0.0,0.14636148339542993
overnight20 q3 & rel_ind60 q2,-0.0016702544110535206,-1.5608820158158905,0.4113690926005944,rejected,0.0,0.680801913560739
dist_52wh q1 & r20 q2,0.0014077554944735592,1.2997983936170368,-0.6686950741971401,rejected,0.0,0.5036900103392814
ev_agreement q2 & ins_officer30 q2,0.0003615283880895838,0.685682799038866,1.2823360473281806,rejected,0.05251516152374835,0.1997247879052869
r5_nonews q2 & vol_ratio q1,0.0010459629861120767,0.7999436813262736,1.167733384550547,rejected,0.05782353774111914,0.2429143260587076
atr_pct q3 & vol20 q3,0.00043548712055977535,0.10662366166082277,1.8598519230378443,rejected,0.021858042381145693,0.06290647889188708
atr_pct q4 & vol20 q3,-0.0005286624151436992,-0.8257610022315333,1.1362993162431656,rejected,0.0,0.25583131686171806
r120 q3 & r60 q4,-0.0003093619923357696,0.061125211538650116,-1.900924347925039,rejected,0.0,0.057311922422918195
ind_mom60 q3 & r60 q1,0.002099607396882078,1.8702647418469227,0.09059918811917851,rejected,0.018181773370334074,0.9278110770676323
ind_mom20 q1 & min20 q2,-0.0010012937499613657,-1.025699665428065,0.93404069285393,rejected,0.0,0.3502829026163861
log_dv q3 & rel_ind20 q4,-0.0006701846640436865,-0.43983765849430323,-1.5190875815678961,rejected,0.03604123387633869,0.1287404521587424
r20 q2 & vol_ratio q0,0.0007097073722247785,0.8903940575898027,-1.0672967173623047,rejected,0.0,0.2858378699619654
ev_agreement q4 & vol20 q0,-0.000150066228272099,0.047283701226722964,-1.907518736854187,rejected,0.0,0.05645344707171381
ind_mom60 q4 & r60 q3,-0.0012236699598879449,-1.0583826354492358,-0.8933877999354101,rejected,0.060840277470825835,0.37164953375854154
ev_offering q2 & min20 q3,-0.0006505984901050223,-0.2467003849050443,-1.7032821339352475,rejected,0.008535174845445765,0.08851528241392606
frog q1 & ind_mom20 q4,-0.0010299737372515807,-0.7516623228848598,-1.195554608628202,rejected,0.05989878731060879,0.23187041385052043
atr_pct q3 & ind_mom60 q4,-0.00037476166045599137,-0.26702731314437317,-1.6787135744397124,rejected,0.004221654775383361,0.09320787911466545
ind_mom60 q4 & r20 q2,-0.0005227196239681948,-0.35753100688376643,-1.5869414139105111,rejected,0.010925698907460524,0.11252591412176442
intraday20 q2 & rel_ind60 q3,-0.0007873596770563243,-0.40100956861266374,-1.5425328938053149,rejected,0.030414460887677637,0.12294415094442304
r1 q3 & vol_surge5 q4,-0.0013024618324585166,-1.0463922846835938,-0.8971278791645148,rejected,0.06507034568813627,0.3696506837339834
ev_offering q2 & r20 q1,-0.000608747047916324,-0.6880010096469625,1.255412689543231,rejected,0.0,0.20932898517575843
r60 q4 & rel_ind60 q4,-0.0013907767364221264,-1.1019463076694682,-0.8414507581312938,rejected,0.045489416982801706,0.4000954601115163
overnight20 q4 & rel_ind60 q4,-0.0007185863777057878,-0.5689713424396506,-1.373806554088273,rejected,0.04454941554716548,0.16950174587057432
frog q4 & r60 q3,-0.00045281359936692533,-0.6713987703217669,1.2689350542859157,rejected,0.0,0.20446422856004245
dist_ma50 q4 & gap_today q3,-0.00025862690940882865,-0.07723438174102133,-1.8625138038096742,rejected,0.016520349383894812,0.06253070156273306
ind_mom20 q4 & r5 q4,-0.0016067015183989551,-1.6773430396187283,-0.2602395301514923,rejected,0.023142574434683986,0.7946790137598261
gap_today q3 & mom_12_1 q0,0.001532939697198189,1.9103679546858272,-0.026545512919247012,rejected,0.0,0.9788222323149972
log_dv q3 & mom_12_1 q4,-0.0001354393887570706,0.08150900480314258,-1.8541322648297434,rejected,0.0,0.06372023971610953
dist_ma50 q3 & ins_value30 q4,-0.0005983601686360209,-1.1715928750281406,0.763345927871835,rejected,0.0,0.44525711833973425
ins_buyers30 q4 & intraday20 q2,-0.0008017963572051966,-0.6597532155055157,-1.2750122731875633,rejected,0.056834374912475914,0.20230489794881473
intraday20 q0 & rel_ind60 q2,0.00010601521636678226,-0.040424359197661394,1.8930880712586866,rejected,0.0,0.058346158250529724
gap_today q3 & r5_nonews q2,-0.001996446229341427,-1.6368511530223488,-0.2958744685575902,rejected,0.027760269939094986,0.7673259497070476
dist_52wh q1 & range_compress q4,0.0013693536908405677,1.6072173590243497,-0.324300642342756,rejected,0.0,0.7457104334218768
skew60 q3 & vol_ratio q2,-0.0018989024924390397,-1.5831882406823437,-0.3439919641073181,rejected,0.02900825063506876,0.7308523294515847
dist_ma50 q2 & ear_volsurge q3,-0.0017655002244714002,-1.4777524367093235,-0.44592783669278707,rejected,0.045243056920914744,0.6556493737288128
dist_ma200 q4 & intraday20 q2,0.0001988276910443025,0.40616646386040045,-1.5151562698845087,rejected,0.0,0.12973283447021966
atr_pct q1 & frog q4,-2.6174665252344603e-05,0.32148980097000723,-1.5944380498567443,rejected,0.0,0.11083795581074675
ear_volsurge q3 & r5_nonews q2,-0.0006470928143117959,-0.8006021642113118,1.1146667773225452,rejected,0.0,0.26499324283694586
rel_ind20 q4 & rel_ind60 q2,-0.00041639395481378585,-0.07751395401919285,-1.8356263826416361,rejected,0.02551440791421748,0.06641293248527108
days_to_earn q4 & rel_ind60 q3,0.000734240921868989,0.8456861299704799,-1.0649288077893797,rejected,0.0,0.286908147501077
log_dv q3 & r20 q2,-0.00011138931839018737,0.12865862026257707,-1.7818461873074183,rejected,0.0,0.07477431796831391
r60 q4 & rel_ind60 q2,-0.00020535120105537013,-0.10369731616605964,-1.8053173527302306,rejected,0.015113227444312092,0.07102503574617859
dist_ma50 q2 & min20 q3,-0.0008026530659334548,-0.3676491020939696,-1.5413640890307763,rejected,0.02961980145696129,0.12322819890412585
gap_today q3 & rel_ind20 q4,-0.0003925071688531163,-0.11538992703013966,-1.7932600743913698,rejected,0.019072748996618566,0.0729313482544211
ev_agreement q2 & log_dv q3,0.00011814233420449841,0.33324085691632555,-1.5749463948100355,rejected,0.0,0.11526881838841668
r60 q0 & rel_ind60 q2,0.0007118381122309456,1.598664777356249,-0.3084210224058978,rejected,0.0,0.7577619875648711
frog q1 & rel_ind20 q1,-9.419848424046731e-05,0.1212432494411957,-1.785451024284979,rejected,0.0,0.07418818862857991
overnight20 q3 & r20 q2,-0.0012696274265942106,-1.002414799619,-0.9018904108249278,rejected,0.06312098689698775,0.36711508574002083
days_to_earn q1 & rel_ind60 q3,-0.001977101416887359,-1.7535189836388396,0.1493088242036778,rejected,0.0,0.881309952616252
ev_agreement q2 & ind_mom60 q0,0.000849060674484595,0.6171823161092982,1.2850760023678245,rejected,0.05012714882671256,0.19876572654038313
days_since_earn q4 & news5 q1,-0.0011416878792523185,-1.333934106843371,-0.5620664200196088,rejected,0.04598933751497088,0.5740707662215514
r20 q2 & r60 q3,-0.0014913496267457151,-1.1627990515897717,-0.7323270096534034,rejected,0.05668330227915749,0.46396899745715253
gap_today q3 & r20 q1,-0.0015114514154163543,-1.1171907212107597,-0.7766528697917224,rejected,0.05463993263915605,0.4373636000382851
ind_mom20 q1 & vol20 q3,-0.00032898288862245976,-0.5913068191896486,1.2998266424289056,rejected,0.0,0.19366039195233298
ear_volsurge q3 & rel_ind60 q3,-0.002047138089586612,-1.8722238509010036,-0.01831854712253658,rejected,0.0055763613358170774,0.9853847314847438
ear_volsurge q3 & vol20 q3,-2.3443158060714063e-06,-0.19439622660195335,1.695674551348689,rejected,0.0,0.08994753056137951
earn_in_week q2 & ins_buyers30 q2,0.0006211204547136923,1.3384027267651863,0.5404814992267886,rejected,0.04353741231502271,0.5888650164076188
frog q2 & log_dv q2,0.0015306704885602398,1.2190054036898426,0.6592391122833986,rejected,0.03896876357482485,0.5097422345743787
ear_volsurge q3 & vol20 q2,-0.002149727814393561,-1.8096904488141397,-0.06592949163748295,rejected,0.019842407266397008,0.9474339607250102
close_loc q3 & frog q3,0.0012795409261754016,1.30122529277629,-0.5667675349802356,rejected,0.0,0.570872130237793
days_since_earn q4 & rel_ind20 q2,-0.0008278620348123843,-0.564589277813331,-1.3032427041540442,rejected,0.04827127670120602,0.1924919150859619
dist_ma50 q4 & r5_nonews q0,-0.0004242278244148605,-0.3645862051704961,-1.5018037215641609,rejected,0.03602293054947824,0.13314780692147135
ear_volsurge q3 & ev_agreement q4,-0.0008991183169272521,-1.593142229246971,0.2723820488111364,rejected,0.0,0.7853282740515046
ear_volsurge q3 & ev_offering q2,-0.00028452396080157785,-0.43231284987615454,1.4280399356436781,rejected,0.0,0.15328036415088434
log_dv q3 & overnight20 q0,0.0017552504192248537,1.770575832285308,-0.08509840153177395,rejected,0.0,0.9321831610918203
dist_52wh q3 & rel_ind60 q2,-0.0019776967482304456,-1.6485293612395218,0.20668141549782323,rejected,0.0,0.8362586723065594
ev_agreement q4 & ind_mom60 q0,-0.0008256037988067452,-1.0312445469117508,-0.8227818184829742,rejected,0.04767554894000513,0.4106320777396906
days_to_earn q3 & frog q4,0.0007709632871816997,0.39684738803726294,1.4570730459609322,rejected,0.0385170130574234,0.14509621781320453
dist_52wh q4 & ear_volsurge q2,-0.0010916604084437339,-0.8539117564621715,-0.9999031725054784,rejected,0.06467431050949349,0.31735736896953165
rel_ind20 q4 & rel_ind60 q4,-0.001679656568166492,-1.5069620415778824,-0.3445967511426239,rejected,0.02882517684497037,0.7303975485718837
dist_52wh q3 & min20 q3,-0.00042698260900182376,-0.1280684167312688,-1.7219366213065368,rejected,0.01623940354146844,0.08508100013111536
frog q4 & ind_mom60 q0,0.0012164646648847321,1.6029288552873866,-0.24631169430872177,rejected,0.0,0.8054409580182117
gap_today q3 & ind_mom60 q4,-0.0011875626776081455,-1.0116098051908842,-0.8357694969734712,rejected,0.0454701856884277,0.40328458968372743
dist_ma200 q4 & r5_nonews q1,0.00023553728299970754,0.5044582352184105,-1.3420182908892304,rejected,0.0,0.17959006510492925
gap_today q2 & ind_mom60 q4,-0.0007012170424730454,-0.4755320803210561,-1.369109590461298,rejected,0.04101523183527932,0.170965020905586
close_loc q4 & gap_today q3,-0.001292789924763206,-0.989837555765978,-0.8539850603625508,rejected,0.04098629374944881,0.3931132671659949
dist_ma50 q0 & vol20 q3,0.00031600881767520814,0.08497171286085674,1.7579062081879466,rejected,0.025439585815575972,0.07876346933690148
ins_officer30 q2 & r20 q1,-0.0007398180443775482,-0.7745805758666349,1.067340162739438,rejected,0.0,0.2858182582140113
ev_offering q2 & intraday20 q0,0.0007120968954771696,0.5630886735087567,1.2785557974736965,rejected,0.05460549703941209,0.2010535240915443
rel_ind20 q4 & rel_ind60 q1,0.0009264054495289573,1.2499472498781263,0.5898084837902755,rejected,0.03042935535181384,0.5553190542833599
days_to_earn q4 & range_compress q4,-0.00033702594869187123,-0.22450189219452346,-1.6142636327945394,rejected,0.00935179310065062,0.10647025481123472
dist_52wh q3 & range_compress q4,-0.0018374314189812998,-1.544507635058356,0.2934717592359089,rejected,0.0,0.7691615825403731
gap_today q3 & ins_officer30 q2,-0.0006082746171984166,-0.27216001610143775,-1.5642560660310993,rejected,0.01798121364303835,0.11775744522206451
r120 q3 & rel_ind60 q2,-0.0018601378614044404,-1.5831614094755628,-0.2505542606936767,rejected,0.0258858856824804,0.8021587484740279
close_loc q4 & ev_agreement q2,-0.0007479982150137109,-0.41979100940321556,-1.4121490549665363,rejected,0.034504146486882416,0.15790607732438303
atr_pct q2 & rel_ind20 q0,-0.0016681954717482114,-1.6831520787565666,0.14130481222320454,rejected,0.0,0.8876291481569841
days_to_earn q4 & mom_12_1 q3,0.0011251878067797508,1.0966596582297028,-0.7201066095728982,rejected,0.0,0.47145935829499114
atr_pct q1 & mom_12_1 q0,-0.0015807071205805375,-1.4143804135400289,-0.40085251845555564,rejected,0.04154601347459658,0.6885287097224322
days_since_earn q0 & ear_volsurge q3,0.0013739688212359741,1.221938643071995,0.5930107653826965,rejected,0.02875591364018155,0.55317394767744
ev_offering q2 & r5_nonews q2,-0.0002965961210655669,-0.4978784725904703,1.3162132807158025,rejected,0.0,0.18810246740681025
dist_ma200 q4 & vol20 q3,-0.001120656073434918,-1.1142397417435792,-0.6996431637374086,rejected,0.05045124184378235,0.48415017932882587
ind_mom60 q4 & overnight20 q0,7.146359876640258e-05,0.280001038503046,-1.5332484289614539,rejected,0.0,0.12521465592176426
ear q4 & ev_offering q2,-0.00028591298946824435,-0.4538868499879598,1.3591105077771337,rejected,0.0,0.17411157362085655
atr_pct q1 & rel_ind60 q1,-0.001180263498592546,-0.8355385640651466,-0.9772365321921778,rejected,0.06224620039081943,0.3284520658749015
r1 q3 & rel_ind60 q2,-0.0008513834523530126,-0.9831212128040921,0.8278553315950903,rejected,0.0,0.40775243444808495
overnight20 q4 & r5 q2,0.0007701954700643441,0.8529881075866098,-0.9544174449890299,rejected,0.0,0.3398723792804506
atr_pct q1 & close_loc q4,0.00022111315337437645,0.4174295710784664,-1.389931793364802,rejected,0.0,0.1645495900731977
atr_pct q3 & ear_volsurge q3,0.0008554502639279043,0.5475006213098869,1.2589440700768098,rejected,0.05671132953637026,0.20805053430194662
atr_pct q1 & vol20 q0,-0.0004947938295998303,-0.06760922497626037,-1.7348226694696824,rejected,0.01041434573304542,0.08277221957849601
dist_ma200 q1 & ind_mom60 q1,-0.0009294868842195437,-0.5790003989267032,-1.2221083436272873,rejected,0.05671967161256684,0.22166665828667295
days_since_earn q2 & gap_today q0,-0.000720267367132932,-1.0514806466031967,0.7467180634101713,rejected,0.0,0.45523376379809916
atr_pct q2 & ev_red_flag q2,-0.0012621707154349005,-1.1008765378314793,0.6933259472410658,rejected,0.0,0.48810502313027104
atr_pct q3 & r120 q1,0.001162186045245408,0.8334584433356603,0.9606820148106419,rejected,0.062120638695590404,0.3367120769693365
days_to_earn q4 & ear_volsurge q3,0.0013576939706904326,1.2924257688972798,0.4992680350710361,rejected,0.0440061275890776,0.6175905706747243
earn_in_week q4 & overnight20 q3,-0.0005155731819928459,-0.41067514891740253,-1.3779769209121464,rejected,0.04080496742094107,0.16821041385329374
ins_officer30 q2 & vol_surge5 q4,-1.4037298659510673e-05,0.3286442158228701,-1.4587871266046157,rejected,0.0,0.14462370688981885
close_loc q4 & r20 q1,-0.0012109893152436797,-0.9133790736901274,-0.869012989825444,rejected,0.0436483415536441,0.3848400258396989
atr_pct q3 & vol_ratio q0,0.0008017476429476246,0.6042462299876676,1.1760644167477838,rejected,0.05523130730336366,0.23956913579464534
dist_ma50 q0 & rel_ind60 q3,0.0007403368566537364,1.27268061340442,-0.4982701926561107,rejected,0.0,0.6182936141023958
range_compress q1 & skew60 q0,-0.00035417520686993934,-0.19367860593509653,-1.573669572559527,rejected,0.020488060681907574,0.11556385975946737
r5_nonews q2 & rel_ind60 q2,-0.0008948322976545689,-0.9394212692325977,0.8278177366842787,rejected,0.0,0.4077737283486697
ev_agreement q2 & vol20 q0,-0.0011323778463594308,-0.808749030985369,-0.9576632979144092,rejected,0.0604101676815389,0.33823256962351406
dist_52wh q1 & ear q4,0.0009993572263423893,1.0909175078206348,0.6738756515672109,rejected,0.041208654638262836,0.5003903731319368
ev_agreement q4 & rel_ind60 q1,-0.0006590019541343984,-0.8150841030983368,-0.9486806534182057,rejected,0.05953152705530483,0.34278305661595926
dist_ma50 q2 & overnight20 q0,3.8093536359337005e-06,0.21461592028646645,-1.546587026430692,rejected,0.0,0.12196286009101504
mom_12_1 q0 & r20 q1,-0.00023950543910621473,-0.5198972874485259,1.2410619994173746,rejected,0.0,0.2145828461795912
dist_52wh q1 & vol_surge5 q4,0.0005904481716338054,0.7369737075491853,-1.0221656136917021,rejected,0.0,0.3067025226715524
ev_agreement q4 & r20 q2,-0.001016935435908552,-0.7399933012398715,-1.0188242603357285,rejected,0.058093873949378656,0.3082864059925638
ind_mom20 q1 & ins_officer30 q2,0.0011320206012478788,0.772859961649682,0.9858204705931018,rejected,0.0655133428620337,0.3242212186409279
ev_offering q2 & vol20 q0,-0.001054336958920016,-0.738601225025121,-1.0179050638548586,rejected,0.0597488876964438,0.3087230748978898
ev_agreement q2 & vol_surge5 q2,0.0009363476861609887,0.6263401418980394,1.1285748748872149,rejected,0.05902439802186658,0.2590772146028181
ev_agreement q2 & gap_today q2,0.00073492836381031,0.3623579331529125,1.3889390866635558,rejected,0.039639773180965995,0.16485127359253512
dist_ma200 q4 & r20 q2,-0.0002003411834868033,0.029664560058493487,-1.7191628079263566,rejected,0.0,0.08558473090147288
gap_today q2 & r20 q1,0.0008718767499844478,0.4882932809727827,1.2575124182785071,rejected,0.05601057009095809,0.2085681451494496
r60 q4 & vol20 q0,-0.0004682917204887093,-0.21170390766421313,-1.5328876972152379,rejected,0.032110703918542045,0.12530352767969505
log_dv q3 & r60 q0,0.0009565902374996972,1.2979297090700541,-0.44456728654846855,rejected,0.0,0.6566324928605136
r120 q3 & rel_ind60 q1,-0.001012293221127195,-0.7407565765146839,-1.0010524816629567,rejected,0.06220612708764504,0.3168014363970497
dist_ma50 q3 & vol_ratio q4,-0.0009748697984441097,-1.0872206433612577,0.6528513547087795,rejected,0.0,0.513852112327335
ind_mom20 q3 & range_compress q4,-0.0013057910245007091,-1.1047734327579803,-0.6313745312818615,rejected,0.03733701278791832,0.5277956647619475
frog q4 & vol_surge5 q4,0.0016219637158204718,1.53010716362059,0.20545597869976903,rejected,0.01968649167029143,0.8372158882983544
ev_agreement q2 & mom_12_1 q4,-0.0013132216682161667,-0.9345288055315402,-0.797998667767892,rejected,0.052291444931656404,0.4248712632196007
dist_ma50 q4 & rel_ind20 q4,-0.0007966638969142425,-0.6261703449129183,-1.1063292710071875,rejected,0.05729067507324877,0.26858402682839616
atr_pct q1 & r60 q4,-0.000277067672413522,-0.007789870130408689,-1.7243428652077948,rejected,0.009373542476021113,0.08464596530038729
atr_pct q3 & ind_mom20 q1,-0.00032243478811201713,-0.5525802251554879,1.17930796885926,rejected,0.0,0.2382755662413487
mom_12_1 q3 & vol_ratio q0,-0.0016184520693067737,-1.2994833546785678,-0.4304140001191185,rejected,0.04108274935423343,0.6668945130559767
ev_offering q2 & ind_mom60 q0,0.0008528848685343029,0.6278954709317601,1.099941307640489,rejected,0.055367902039301774,0.27135769523485903
r1 q3 & r5_nonews q2,-0.0007541399084212585,-0.9261086049217014,0.8009810248700314,rejected,0.0,0.42314263100536903
ear_volsurge q1 & rel_ind60 q3,-0.0006622868222631055,-0.3890457921650167,-1.3363694144147262,rejected,0.033307820711404056,0.18142855823695928
r20 q2 & vol20 q3,0.0015045581845499086,1.1047840979179402,0.6193860397430457,rejected,0.031964602974781924,0.5356620755932893
ear q2 & ev_agreement q2,-0.0013288030635831452,-1.072323361314183,-0.6514585207274967,rejected,0.03998078928494218,0.5147505446272441
ind_mom20 q0 & max20 q1,-0.0005304881277733763,-0.6326268313229005,1.0897056206382563,rejected,0.0,0.2758428394292277
dist_ma200 q4 & ear q4,-0.001767527364269659,-1.6483385740071503,0.07092972967170293,rejected,0.0,0.9434536821012903
dist_ma200 q4 & gap_today q2,-0.0009817092985707516,-0.8462120311708161,-0.8712762332738536,rejected,0.039598071512747815,0.38360334418000624
r60 q3 & range_compress q1,-0.0009716406238695555,-1.1696357394786503,-0.5468512297685967,rejected,0.043372157153817634,0.5844809439989018
mom_12_1 q3 & vol20 q3,-0.0015099577719496183,-1.5894613166802547,-0.12141456513857868,rejected,0.010509827818086221,0.9033626809142622
r60 q4 & vol_ratio q1,-0.0005832276167973213,-0.45582590070213147,-1.2457485623718592,rejected,0.05532988234984812,0.212856719009415
dist_ma200 q4 & gap_today q3,-0.0003296919887965951,-0.18532855761247166,-1.5137148136378156,rejected,0.028763531018329666,0.13009818615814914
days_since_earn q3 & vol_ratio q2,-0.0015005649593078688,-1.2244506750059676,-0.4692009286140059,rejected,0.04524175014449295,0.6389260217933086
ev_agreement q2 & min20 q3,-0.0005632327532004921,-0.22803092152419363,-1.4631091700112107,rejected,0.02869665095838245,0.14343750906644973
dist_52wh q1 & mom_12_1 q0,-0.0004338161786750285,-0.5848787164610614,1.1009291190154944,rejected,0.0,0.27092750754990325
dist_ma50 q0 & log_dv q3,0.0010214620609546642,1.3321639197320263,-0.35203690831732815,rejected,0.0,0.7248105831132095
dist_ma50 q2 & ear q4,-0.0011656578941185707,-1.2752387746470457,0.4087584598511861,rejected,0.0,0.6827169274692206
days_to_earn q2 & r20 q2,-0.0006842690167014955,-0.2941977794565551,-1.3895164581518844,rejected,0.03823849105814167,0.16467575979731539
frog q4 & ind_mom60 q4,-0.0007010791387189808,-0.6057819264244103,-1.0747306750381758,rejected,0.04707680646054343,0.28249532595490345
days_to_earn q4 & rel_ind20 q3,0.0008593987645566046,0.50433414886035,1.1747675129679849,rejected,0.053520141941356014,0.24008774069574845
vol20 q3 & vol_ratio q1,0.000844356982443569,0.7014212923679016,0.9776445703403842,rejected,0.05834350002440436,0.32825014532515284
frog q4 & r20 q1,0.0010225761828641718,0.723243617234478,0.9541789318469489,rejected,0.06067439567309871,0.33999307715792426
atr_pct q1 & rel_ind20 q4,-0.0006199264432777382,-0.3870123863537903,-1.2898356279435732,rejected,0.0470356327616481,0.1971077348669868
ev_offering q2 & mom_12_1 q4,-0.0012327815591522632,-0.8656954200596254,-0.8106978911230703,rejected,0.04572926887523596,0.41753918472038987
gap_today q4 & range_compress q0,0.00040787583268587146,0.5724862018030665,1.1031608408966176,rejected,0.05432932275911312,0.2699573234633411
r20 q1 & rel_ind60 q1,0.0011598006577645931,0.8243258432951581,0.8508324425961852,rejected,0.03578302815025293,0.39486243707727936
close_loc q4 & rel_ind60 q1,0.00037183083053263276,0.5896660743212012,-1.0849753602642755,rejected,0.0,0.2779325684335738
ear_volsurge q1 & frog q4,0.0007320237604192969,0.8899841589143014,-0.7828809666522969,rejected,0.0,0.43369701545769607
days_since_earn q2 & max20 q2,-0.001831901870922687,-1.4998752945663294,-0.1708827722061898,rejected,0.020766650183137364,0.864315943196518
ins_officer30 q2 & min20 q3,-0.0003612770853105227,-0.020282363449930445,-1.6501177602745989,rejected,0.01603749801703452,0.09891885291596242
earn_in_week q1 & min20 q4,-0.0007039526337291762,-1.4846404339504167,0.1840478375240527,rejected,0.0,0.8539759269491801
atr_pct q3 & ev_agreement q4,-0.0006334837122852042,-1.1297288249360105,-0.5385499225697831,rejected,0.041437696500610764,0.5901974493167119
min20 q2 & vol_ratio q1,-0.00034759647250394557,-0.4887244073342827,1.1774526237820329,rejected,0.0,0.23901489642931992
log_dv q3 & rel_ind60 q2,-0.0012389857627512714,-0.9824285667123318,-0.6799770197179601,rejected,0.04379849419109749,0.49651901180945207
frog q4 & r5_nonews q0,0.0012169364777110767,1.5079581225421588,-0.15282124151284102,rejected,0.0,0.8785392461892806
ind_mom20 q4 & r5_nonews q0,-0.0003274044829188694,-0.15140283622509396,-1.5091053716837441,rejected,0.03112563189054345,0.1312718570468369
close_loc q4 & mom_12_1 q3,-0.000956123097639018,-0.76674608658654,-0.8924751792252098,rejected,0.056158637569925555,0.37213829087886896
overnight20 q1 & r1 q2,-0.0012093046946618888,-1.2573491107794275,0.40133319941704093,rejected,0.0,0.6881748237792442
ear_volsurge q3 & ins_officer30 q2,-0.0002864707588391427,-0.4190482572872295,1.2394521744737133,rejected,0.0,0.21517808970370522
ev_agreement q2 & intraday20 q2,-0.0008568545905779711,-0.5339427821618447,-1.1227623197140388,rejected,0.0556195171224073,0.2615384523950121
log_dv q3 & r60 q4,-0.0002609740026912166,-0.07522387437600309,-1.580337893232099,rejected,0.013429386277247766,0.11402950633489686
atr_pct q3 & mom_12_1 q0,0.000632327363940085,0.35113574499819333,1.3042571772202425,rejected,0.0423379129649882,0.19214591074070966
overnight20 q0 & rel_ind60 q3,0.0015531958833643576,1.485047761169838,0.1678545165637457,rejected,0.02115188893528822,0.8666977328623835
log_dv q3 & r20 q1,-0.00046191141235551515,-0.09594359762733894,-1.5565730497861319,rejected,0.015424970658610784,0.11957188651097218
atr_pct q3 & earn_in_week q2,0.00012082147529899522,-0.062496452091281726,1.5881545746308645,rejected,0.0,0.11225139008522393
log_dv q2 & news5 q1,0.0009931703696103903,1.39968859838204,-0.24572835904437207,rejected,0.0,0.8058925178111429
ev_agreement q2 & mom_12_1 q3,-0.001363966206290544,-1.0587836338453938,-0.586565123616089,rejected,0.02959083949517313,0.5574958117869124
dist_ma200 q2 & vol_surge1 q3,-0.0015475331036905937,-1.158759754197788,-0.4812925364782046,rejected,0.04205966024311927,0.630308600810613
atr_pct q1 & dist_52wh q2,-0.0010027073128678005,-0.6572672717169482,-0.9802688133196772,rejected,0.05569518871008309,0.3269534447763835
intraday20 q2 & r1 q3,-0.0006444639114898738,-0.39886469268867675,-1.2376133232684117,rejected,0.051601656030605764,0.21585947188057186
r60 q3 & vol20 q3,-0.0014212966385322623,-1.3374923462902775,-0.29596205612694115,rejected,0.02596988867621988,0.7672590587408529
ins_officer30 q2 & rel_ind20 q4,-0.0004058570318730249,-0.17356699393019268,-1.4596729372273318,rejected,0.030598875576576395,0.14437998306350153
intraday20 q0 & r20 q2,9.758470554369144e-05,0.6335474959722064,-0.9987409441970606,rejected,0.0,0.3179202007297058
ev_offering q2 & rel_ind20 q3,-0.0012852443413469744,-1.0821212964189524,0.5473959323403673,rejected,0.0,0.5841067492286085
r1 q3 & range_compress q4,-0.0007924700455393914,-0.5494914635778795,-1.0792696412195404,rejected,0.045331293739569484,0.2804675423281709
dist_ma50 q0 & ind_mom60 q4,0.00029509720977155464,0.6126139419558082,-1.014999085004235,rejected,0.0,0.3101062636679088
ev_agreement q2 & gap_today q3,-0.0005842410927284089,-0.3035726010279664,-1.3193120752178056,rejected,0.03475211758760446,0.18706480253835678
rel_ind60 q3 & vol_ratio q0,-0.0012414541169204795,-0.9693328012373468,-0.6521981915538875,rejected,0.03812650803559489,0.5142733264459991
ev_agreement q2 & intraday20 q0,0.0006653212224597295,0.5399704058319361,1.0802080331584316,rejected,0.04428498304053612,0.28004955196309317
rel_ind20 q4 & vol20 q0,-0.0006839888519946827,-0.3894081836702979,-1.2292452966934642,rejected,0.04720908827016389,0.2189798504168767
atr_pct q3 & news5 q2,0.0007506665833431659,0.44606554841404394,1.1718898712352277,rejected,0.04949465272550095,0.24124127413015808
r120 q3 & vol_surge5 q2,-0.0013825533110975018,-1.2877900416811465,0.32900026265406856,rejected,0.0,0.7421554895065636
ev_offering q2 & gap_today q3,-0.0005270904601432564,-0.23491756328258168,-1.3814963714117818,rejected,0.03705483382384524,0.1671263927435837
log_dv q2 & rel_ind20 q0,0.0008171728191087305,1.19065375502562,-0.42460036422281927,rejected,0.0,0.6711280274575409
atr_pct q2 & ind_mom60 q4,-0.0009760944914689213,-1.0707737101522121,0.5403651785245149,rejected,0.0,0.5889452170083734
ind_mom60 q4 & intraday20 q2,-0.0008510423139042236,-0.8082609977682343,-0.8026220024479519,rejected,0.04656443538947411,0.42219324714992557
ev_agreement q4 & vol_surge5 q2,-0.001199712011597101,-1.2878812102317667,-0.31656406214963007,rejected,0.018974526246742566,0.7515744085184938
ins_officer30 q2 & r5_nonews q2,-0.0002238420135380933,-0.40541634092715223,1.1984553830392486,rejected,0.0,0.23073978265292946
rel_ind60 q2 & vol_ratio q1,7.74726989981475e-05,-0.20551616867928088,1.39773488276619,rejected,0.0,0.16219269505061387
ev_offering q2 & news5 q2,-0.0004504324732665026,-0.9575018976830342,-0.6419809132259485,rejected,0.03857184314040836,0.5208855759578825
atr_pct q3 & log_dv q3,0.0009951007766583803,1.01304766994762,-0.5807554806664346,rejected,0.0,0.5614052635905056
dist_52wh q1 & gap_today q3,-0.0006594557161659082,-0.33327203250503046,-1.2599487200103283,rejected,0.049630109425032355,0.20768786170301184
dist_ma200 q4 & vol20 q0,-0.0005469469936036827,-0.38715017741096946,-1.2037794358768077,rejected,0.05643412760559596,0.22867483994964874
vol20 q3 & vol_surge5 q4,-0.0013666735633183424,-1.2460316438457706,-0.3437869810775967,rejected,0.028117166036895028,0.7310064917379318
days_to_earn q2 & ind_mom20 q4,-0.001167722959832443,-1.1310943094360104,-0.45829703987364595,rejected,0.04852632043350633,0.6467390505170348
ev_offering q2 & gap_today q2,0.0005868190729126906,0.2521446128966032,1.335608095270533,rejected,0.03253742791061705,0.1816774027695814
close_loc q2 & dist_ma200 q2,0.0008770773984175156,0.8522717518130453,-0.7354261794657809,rejected,0.0,0.4620799828753043
r120 q3 & vol20 q3,-0.0010603847950380189,-0.9830281177954941,-0.6030033898395347,rejected,0.02609063375601181,0.5465064341308715
r20 q2 & vol_surge5 q4,-0.00022800618411289878,0.06423995201211187,-1.5205102130226749,rejected,0.0,0.128382793885499
frog q4 & range_compress q4,-0.001439050328400155,-1.5379043465778253,-0.0463671614670506,rejected,0.01625469980520201,0.9630176097027742
ev_offering q2 & vol_ratio q1,0.00019180133218271833,-0.13107815499345243,1.4517320154705666,rejected,0.0,0.14657613365483196
dist_ma50 q0 & r1 q3,0.00012916227148491988,0.009442221706542115,1.571807737789965,rejected,0.016483132301304847,0.11599514649009487
ev_agreement q4 & ev_offering q4,0.00032807451947643374,0.65493712946054,-0.9263052293349056,rejected,0.0,0.35428737907352925
atr_pct q3 & vol_ratio q1,0.0007373113084840749,0.5825261280630936,0.9979438159878943,rejected,0.06008558270398699,0.31830660355875856
dist_ma50 q2 & gap_today q2,-0.0017851797472090223,-1.5727073145941617,-0.00665964705736289,rejected,0.002760071507868072,0.9946864097096473
days_to_earn q4 & r20 q1,-0.0007530643247239643,-0.9920981532871356,0.5854526352730622,rejected,0.0,0.5582434057091943
ear_volsurge q1 & ev_offering q2,0.00041582147041474175,0.5426075745739641,-1.0342430611308406,rejected,0.0,0.30102254795883915
ear_volsurge q3 & rel_ind20 q4,-0.0011481596263150332,-1.1369601293567229,0.4392416477880333,rejected,0.0,0.6604864504926911
atr_pct q1 & dist_ma200 q4,-0.00017148707500018654,0.03648981660963278,-1.53969167116783,rejected,0.0,0.12363552798577582
ind_mom20 q4 & vol_surge1 q1,-0.0011766990720664785,-1.232253480559144,-0.3377556048677631,rejected,0.0255615203314785,0.7355473679080806
close_loc q4 & dist_ma200 q0,0.0007327826830549379,1.082471136390904,0.48746717634105047,rejected,0.04107266741388691,0.6259272982526267
rel_ind20 q3 & skew60 q2,-0.0006925057850582872,-0.754533183376328,0.8135973647595046,rejected,0.0,0.4158756480519709
dist_ma50 q2 & vol20 q3,-0.0015088980453450893,-1.343035783451209,-0.22487846091315494,rejected,0.02449398492486293,0.8220738258638949
atr_pct q1 & dist_ma200 q0,-0.0011324237978175549,-1.387933813585068,-0.17994312622879827,rejected,0.01795227335054383,0.8571972179182408
atr_pct q4 & min20 q2,-0.00018937432224493217,-0.6306525485097049,0.9350963282794118,rejected,0.0,0.3497386586278514
ear_volsurge q3 & ev_agreement q2,5.8814682685128734e-05,-0.1716369068462487,1.3939788855058455,rejected,0.0,0.16332398079896976
r60 q3 & rel_ind60 q3,-0.0010114284087774492,-0.6504218017892512,-0.9146451370281787,rejected,0.053872510905222735,0.36037795470583955
atr_pct q0 & vol_ratio q4,-0.0006894769869124882,-0.504674592226259,-1.0595818378585347,rejected,0.0523932592082344,0.289334879867515
r120 q3 & r20 q1,-0.000527908028858713,-0.6209996139868923,0.941482956803256,rejected,0.0,0.34645741918801937
atr_pct q3 & r60 q4,-0.0007087759140424001,-0.892332589076828,0.6698024419375975,rejected,0.0,0.5029837367079892
ear q1 & max20 q3,-0.00013527108790361176,-0.3535017674643541,1.207805120238273,rejected,0.0,0.22712223152818917
ins_officer30 q2 & vol_ratio q1,0.00013317607338313606,-0.1458482336947096,1.4115703124928842,rejected,0.0,0.15807651886689641
ind_mom20 q3 & log_dv q2,0.0009769885091015355,0.8134101973154756,0.7437944829945649,rejected,0.05392132684456005,0.45700081835362366
days_since_earn q1 & frog q3,0.0013874139512686033,1.3077735476309973,0.24533847700866934,rejected,0.02351145294865594,0.8061943615711498
frog q4 & rel_ind60 q2,0.00118411248790815,1.0405425958185368,0.5096506187880225,rejected,0.041544004069145456,0.6102962544007002
log_dv q3 & vol20 q0,-0.0014442526059434886,-1.2714230473435197,-0.27712908479088305,rejected,0.023217046460134373,0.7816809896628746
atr_pct q1 & rel_ind60 q2,-0.0015890288046201057,-1.3090677911612376,0.2385225933086485,rejected,0.0,0.8114757940283982
overnight20 q0 & r1 q3,-0.00014423882892426247,-0.36515041733617143,1.1823597375999222,rejected,0.0,0.23706299167079062
dist_ma50 q4 & ear_volsurge q3,-0.0011963312778856974,-1.26736134435807,0.27895634055563023,rejected,0.0,0.780278330407265
atr_pct q1 & rel_ind60 q4,-0.0006498116847282702,-0.31405320057499797,-1.22923036346664,rejected,0.04600701304878489,0.2189854477180281
frog q4 & vol_surge5 q2,-0.00036094839546148337,-0.5786560397350321,0.9640054361690679,rejected,0.0,0.33504320042467767
dist_ma50 q2 & mom_12_1 q0,-0.0008738324656871037,-0.4808001363418115,-1.0606434440518226,rejected,0.050975184613736,0.28885197118902184
ev_offering q2 & vol_surge5 q2,0.0006919156323779862,0.3952703140092595,1.1458459267127978,rejected,0.044969646617011756,0.25185890831552216
mom_12_1 q0 & rel_ind60 q3,0.0007970342109936803,0.6846864952779879,0.8559507360894048,rejected,0.036047695342716984,0.39202502944502876
r120 q3 & rel_ind20 q4,-0.0008357000264854282,-0.4767354771981653,-1.0635220724957861,rejected,0.046154307427895405,0.2875452609055011
atr_pct q3 & ear q4,7.196747783264004e-05,-0.13242342016191064,1.405841611723854,rejected,0.0,0.1597711625678455
r60 q4 & range_compress q1,-0.0005001581024771924,-0.4414652766803385,-1.0952670135674003,rejected,0.048109883005852803,0.27339967444381175
atr_pct q1 & days_to_earn q4,-2.160130652051517e-05,0.22119367321348687,-1.3152493230378601,rejected,0.0,0.18842612354081256
intraday20 q0 & r5 q0,0.00044923411053924704,0.7068649031757135,-0.8285529223159791,rejected,0.0,0.40735743665646024
mom_12_1 q3 & r20 q2,-0.0011087885258996737,-0.8051980403556191,-0.7293047719063127,rejected,0.049776255510570265,0.4658152539465956
dist_52wh q3 & r5_nonews q2,-0.001076030517160051,-0.7307878137935232,-0.803092765152754,rejected,0.04449114348549872,0.42192111907741087
dist_ma50 q4 & range_compress q4,-0.00042028717990008244,-0.23013771296257698,-1.302720144850456,rejected,0.04083381779903038,0.19267032197517822
intraday20 q2 & vol20 q3,-0.0007243386051435271,-0.81574306988255,0.7169460129028662,rejected,0.0,0.4734074090220266
r1 q2 & r5 q1,0.001531321008693154,1.473400367306119,0.05872267465459664,rejected,0.018809295376786637,0.9531729987373473
gap_today q3 & vol20 q3,-0.0013636223179866007,-1.1417316717149149,-0.38811886025306824,rejected,0.0338013047312389,0.6979280753729167
days_to_earn q2 & vol20 q3,-0.0003829754982782021,-0.5360842001551934,0.9915151320594631,rejected,0.0,0.32143410713407206
gap_today q3 & rel_ind60 q2,-0.0008248044814625187,-0.4953785149818259,-1.0306567222705123,rejected,0.05436738361490946,0.3027018263286104
r60 q4 & rel_ind20 q4,-0.001051440546500447,-0.9971214082895338,-0.5264819645544229,rejected,0.041087646336470315,0.5985533798242646
ind_mom20 q3 & mom_12_1 q2,0.0011384520850499197,1.1132399263393917,-0.40948573584618536,rejected,0.0,0.682183232624114
close_loc q4 & overnight20 q3,-0.0009365704285577347,-0.6707065424609663,-0.8505351926946961,rejected,0.03444776724094212,0.3950276029687541
mom_12_1 q0 & r20 q3,0.0004962352429283459,0.5840059222036919,0.9321811324820802,rejected,0.056726890183955304,0.35124292444333105
min20 q3 & rel_ind60 q1,0.00016619968986618337,0.37509632714127206,-1.1403951008392417,rejected,0.0,0.2541217330292905
ev_offering q2 & rel_ind20 q4,-0.00048764631925814477,-0.24232268636809234,-1.2716761119256428,rejected,0.0471122487370812,0.20348822149316462
atr_pct q1 & r5_nonews q2,-0.00151737654320976,-1.265159176152918,-0.24722120416451138,rejected,0.021690945012596604,0.8047370359797923
atr_pct q3 & mom_12_1 q3,-0.0012518353352572505,-1.195097192469892,-0.31521308737064263,rejected,0.0204882324356755,0.7525998694219849
ev_agreement q2 & vol_ratio q1,0.00026900632959233456,-0.09076859037676663,1.4172388779505773,rejected,0.0,0.15641309859488253
days_to_earn q2 & dist_52wh q1,-0.0012533918163759807,-0.9788657981760388,-0.5261848255021951,rejected,0.04218262499764046,0.5987597962147848
atr_pct q3 & rel_ind60 q4,-0.000607041353463053,-0.724549552499833,0.7804954874644069,rejected,0.0,0.4350992826284597
frog q3 & rel_ind60 q3,-0.0008276489234244177,-0.5064107057183198,-0.9956842179029491,rejected,0.0593690436302642,0.3194036006313834
gap_today q3 & ins_value30 q2,-0.0003516649381583276,-0.052144297164166645,-1.4488158422319872,rejected,0.030899737978944256,0.14738901837588128
ind_mom20 q1 & news5 q1,-0.000423866204968947,-0.7553422330505466,0.7455213908526722,rejected,0.0,0.4559565846541306
ev_agreement q2 & ins_officer30 q4,-0.00013764149497336097,-0.28728341244342126,1.2127666845393865,rejected,0.0,0.2252190362183663
mom_12_1 q4 & r20 q2,-0.0007069169752651924,-0.5560423313858325,-0.9417321209826006,rejected,0.05441202596056151,0.34632980541521863
r1 q0 & rel_ind20 q1,0.0002772379905644924,0.17647835406284643,1.3177475565791743,rejected,0.03285854633660497,0.18758816892217964
ev_offering q2 & vol_ratio q0,-0.000813078387983328,-0.528439405299248,-0.9657119924882017,rejected,0.053617642341802836,0.33418831689232614
ind_mom60 q4 & vol_ratio q0,-0.0012920286251807333,-1.1314262090401188,-0.3617460878939461,rejected,0.028737284416579644,0.7175417829737158
r20 q2 & rel_ind60 q2,0.0011895707935332307,0.8868577082419545,0.6062247683089179,rejected,0.024940458590128726,0.5443655077047571
gap_today q3 & rel_ind60 q4,-0.0005988383201624776,-0.3553805298757479,-1.1371119432467907,rejected,0.050154671524424786,0.2554914917781325
frog q4 & r120 q3,-0.0003124941928709804,-0.07861298621179447,-1.4133141440151678,rejected,0.029973287769960784,0.1575633770542087
ear q4 & min20 q3,-0.0006147720406684826,-0.34158592817398253,-1.149944674353357,rejected,0.04438789062018316,0.25016665911368197
close_loc q2 & log_dv q2,0.0005388537174159761,0.1608819253358205,1.326727359533572,rejected,0.027454521302998247,0.18459888713623354
dist_52wh q1 & r60 q4,5.5183960124071105e-05,0.2803972071031986,-1.2052399477061406,rejected,0.0,0.2281106849081925
dist_ma200 q1 & vol_surge5 q3,0.001310711833702848,1.0121824678433498,0.4667056438607182,rejected,0.04346211862061107,0.6407104912679099
ear_volsurge q1 & r20 q2,-0.0006670240001866057,-0.39979078714215804,-1.0781573523121486,rejected,0.041771941282486,0.28096354062931644
days_to_earn q4 & vol_surge5 q2,0.0006669206461347791,0.6685064375708335,0.8093008694692997,rejected,0.04059852038523746,0.41834210624441137
dist_52wh q3 & r60 q2,-0.0016828047221758456,-1.3595321606596686,-0.11540415051216148,rejected,0.013394317077868138,0.9081247893117663
r5 q0 & vol_surge5 q4,0.0007751400478205672,0.9937242833311385,-0.4795470239167323,rejected,0.0,0.6315495235048103
dist_ma50 q3 & vol_surge1 q3,-0.001004308525855867,-0.7015680437840096,-0.7711580878690176,rejected,0.04748311895322105,0.44061323346528664
overnight20 q3 & vol20 q3,0.0010222751554656467,0.6789163134280329,0.7932979173062776,rejected,0.050401108335316136,0.42760426996603357
ear_volsurge q3 & r5_news q2,8.789654539884122e-05,-0.14952189321729403,1.315563623947336,rejected,0.0,0.18832054951296984
log_dv q3 & r5_nonews q2,-0.0007921021459719299,-0.49660091977556287,-0.9670580314098349,rejected,0.05204424218495336,0.333515024246433
dist_ma50 q2 & mom_12_1 q2,-0.0005902460452135869,-0.34770430138345465,-1.115881271785085,rejected,0.04980981228151831,0.2644729593780098
ind_mom20 q1 & r1 q3,-0.0006515614803681995,-0.7820098116242467,0.680621361886776,rejected,0.0,0.4961111065066044
atr_pct q2 & ear_volsurge q0,-0.0011065225968829055,-1.2205907867914754,0.24195223723310996,rejected,0.0,0.8088171728846862
gap_today q2 & ins_officer30 q2,0.0006400397646351987,0.32870144546536495,1.1334910839480035,rejected,0.05151609540081056,0.2570080833269488
ins_officer30 q2 & intraday20 q2,-0.0006386255331575219,-0.3507567579780275,-1.1105490196835826,rejected,0.048335759444423435,0.26676251702692994
ear q4 & ev_agreement q2,-0.00034160634344820076,-0.4327843102308116,1.0271527288238056,rejected,0.0,0.3043485530511927
close_loc q4 & r20 q2,-0.0015549279763032444,-1.1977867134160847,-0.25721635960741057,rejected,0.021045337458297324,0.7970117556369335
ev_agreement q4 & r60 q0,0.00038533842979625874,0.75298062935566,0.7020001382437147,rejected,0.04528301818529697,0.482679077234299
ear_volsurge q3 & gap_today q2,6.834176122276263e-05,-0.18714608561548787,1.2666373554344101,rejected,0.0,0.2052849889800898
r120 q3 & r60 q0,-0.0001744258826137672,-0.6035917169437091,0.8499688532280038,rejected,0.0,0.3953424031383447
ev_offering q2 & ins_officer30 q4,-0.00011993986268920153,-0.2570828957350981,1.19068061629803,rejected,0.0,0.23377899026145713
atr_pct q2 & r1 q1,-0.0016114220574540469,-1.4016463295091688,0.045236785703866564,rejected,0.0,0.9639185734981207
atr_pct q1 & ear_volsurge q3,-0.0012666739352242293,-1.1044907677269606,0.3407988470926679,rejected,0.0,0.7332550184489952
dist_ma50 q1 & r120 q3,-0.00101201612736498,-1.036527318617148,-0.4065219070512653,rejected,0.04019240953321091,0.6843591638600929
min20 q3 & vol_surge5 q2,8.874616884002475e-05,0.2698867997378486,-1.1722998287536481,rejected,0.0,0.2410767003432938
ear_volsurge q3 & log_dv q3,0.0012570962044320595,1.1570019331371026,-0.28223861947029705,rejected,0.0,0.7777605474558317
dist_ma50 q0 & gap_today q3,0.0006333698192831473,0.6884088889749729,0.7500596624076072,rejected,0.05135032549022084,0.453218772389247
ear q4 & ins_officer30 q2,-0.0004088549011260358,-0.4825580849431578,0.9556974372377415,rejected,0.0,0.3392251176518438
ear_volsurge q3 & vol_ratio q1,0.00024221928944502706,-0.1310326062633246,1.3070169269132283,rejected,0.0,0.191206962760281
r120 q1 & r20 q2,0.0009403438640069191,0.9086153773374835,-0.5291180949122984,rejected,0.0,0.5967235296873517
dist_52wh q3 & vol_surge5 q4,-0.0007013897754108215,-0.5546597647459852,-0.8814144884456959,rejected,0.04393041174829848,0.37809351859989554
close_loc q4 & ind_mom60 q0,-0.0006413916804606552,-0.6687703944418972,-0.7671904017458592,rejected,0.05023011768904241,0.4429683187810642
dist_ma50 q0 & rel_ind60 q2,7.287865431949982e-05,-0.28934929171425333,1.1458387719324483,rejected,0.0,0.2518618692710102
ev_agreement q4 & skew60 q0,0.0007385083944833655,1.3502142575350884,-0.08433194202315676,rejected,0.0,0.9327925167881754
earn_in_week q2 & log_dv q3,0.0002045774910282709,0.3027747724498439,-1.1309792519422313,rejected,0.0,0.2580638242882545
ev_red_flag q2 & ins_officer30 q4,1.2823411280976278e-05,-0.10809393324287515,1.324811593695205,rejected,0.0,0.18523364851571464
atr_pct q1 & r20 q1,-3.257315416157327e-05,0.16729448398998334,-1.264977667755257,rejected,0.0,0.2058793334737055
log_dv q0 & vol_surge5 q4,-0.00021854401927555835,-0.027371539501303825,-1.4047943664988323,rejected,0.03147718169803518,0.16008243476672057
dist_52wh q3 & vol_surge5 q2,-0.0007330351764709146,-0.5088282043949679,-0.9225280719874757,rejected,0.050417926359695435,0.35625319461119315
ind_mom60 q0 & log_dv q3,0.0006852223776686321,0.8032872805576821,-0.627337549511966,rejected,0.0,0.5304379946216593
ind_mom60 q4 & r60 q0,0.00013936007812154905,-0.03214290663956928,1.39412242151723,rejected,0.0,0.16328063949901414
ear q4 & r60 q4,-0.0012182376966209444,-0.9385105707158581,-0.4875319381323438,rejected,0.03879148178539763,0.6258814151677938
frog q4 & log_dv q3,0.0005596632265507649,0.6587074276520724,-0.7668946212101487,rejected,0.0,0.44314417193331673
frog q0 & r1 q0,-0.0007404690275548765,-0.5531479033595005,-0.8700562438943273,rejected,0.037227627360686716,0.38426966829761133
dist_ma50 q2 & r20 q2,-0.0005507881996996253,-0.23733993896008967,-1.182299553046617,rejected,0.04343777357893917,0.23708686287009093
dist_ma50 q0 & ev_agreement q4,0.000387987286953274,0.8053595624276538,-0.6126370491490905,rejected,0.0,0.540116355052501
atr_pct q3 & mom_12_1 q4,0.00020217565294306346,0.041085005974707205,1.376147089702205,rejected,0.03263393208360925,0.16877609914154976
rel_ind60 q1 & vol20 q3,0.0008934764515239411,0.6596264610197444,0.7565957105252852,rejected,0.05112070266475015,0.4492921119823356
r1 q3 & r60 q4,-0.0005281476285586456,-0.20763904710166153,-1.2083345092573798,rejected,0.04761188042794312,0.226918619601599
dist_ma50 q2 & ind_mom20 q1,-5.4099412826753995e-05,0.06872953384421754,-1.34657444221858,rejected,0.0,0.1781173300622206
ear_volsurge q4 & earn_in_week q1,-0.0008295934970928348,-0.393897929477969,-1.0200221032396273,rejected,0.0511379412381192,0.3077179780949208
intraday20 q1 & max20 q1,0.0015348903359149158,1.2484531241076995,0.16337578738564337,rejected,0.019574303236297382,0.8702225656034298
dist_ma50 q2 & ind_mom60 q0,-0.00029861435429364157,-0.23066597286619447,-1.181100076278548,rejected,0.04401251177975205,0.23756296965123708
dist_ma200 q4 & vol_surge5 q2,-0.0006079393884792727,-0.42533771019772837,-0.9797516389221751,rejected,0.05042893342807452,0.3272087293170492
dist_ma50 q0 & vol_ratio q4,0.000890650329050256,1.2487830584485393,-0.15442838842615214,rejected,0.0,0.8772719714073994
ind_mom20 q1 & r60 q4,-0.0005848162140144139,-0.5951182033253565,-0.806248236371139,rejected,0.04098501741517438,0.4200997307371286
ear q4 & news5 q1,0.00015589788540571012,0.2923605885917844,-1.1066012663976084,rejected,0.0,0.26846635953767917
ear q3 & vol_ratio q4,-0.0012561782141147432,-1.1401092193821623,0.25714283070572713,rejected,0.0,0.7970685147669161
dist_ma200 q0 & r20 q2,0.0001941167978169351,0.4795631875336892,-0.9147643622131403,rejected,0.0,0.3603153475067254
dist_ma200 q4 & vol_surge1 q2,-0.0005204419515473847,-0.38817748602194474,-1.0040018982025103,rejected,0.0504600104722083,0.3153776986444919
gap_today q2 & vol_surge1 q3,-0.0015217607425861922,-1.2613685714281548,0.12972172820050057,rejected,0.0,0.8967865912040992
ear_volsurge q3 & log_dv q2,-0.00021724288571128018,-0.36366646742108055,1.0244998633463989,rejected,0.0,0.305599235343013
ear_volsurge q1 & rel_ind60 q2,-0.0010678174713036664,-0.8226798060719146,-0.5641633415674077,rejected,0.03829114460333662,0.5726429735329371
r1 q3 & vol_surge5 q2,-0.0008700856291803357,-0.9739865293341093,0.4120760707892872,rejected,0.0,0.6802836672136007
ind_mom60 q2 & r60 q3,-0.0003282615653342557,-0.10495243663630904,-1.2806935179611225,rejected,0.04163528119636364,0.20030133745209372
ev_offering q2 & intraday20 q2,-0.0005865464868737916,-0.319576032446479,-1.0655759565815293,rejected,0.04107461554042167,0.28661537274250665
dist_52wh q3 & ind_mom20 q1,-0.0011952199853115303,-0.9635609196899807,-0.41975806416506306,rejected,0.03723814470064682,0.6746622029339816
skew60 q3 & vol_surge5 q4,-0.0006558689939775341,-0.5538287048927556,-0.8286577472619003,rejected,0.03474259389821767,0.4072981012011908
r5_nonews q3 & vol_surge5 q4,0.00027094140094611156,0.4501482294515824,-0.9311373417924345,rejected,0.0,0.3517825246103126
log_dv q1 & mom_12_1 q2,0.0004507571938351755,0.25408543921272725,1.1247557605790415,rejected,0.047051830236194934,0.26069254575138595
r60 q0 & rel_ind20 q4,0.0005733433522171341,1.3458910545668696,-0.03272189613059598,rejected,0.0,0.9738963626522222
ev_agreement q4 & vol_surge5 q4,-0.0003961607286942232,-0.48029174324220764,-0.8978867641540792,rejected,0.052399060417203984,0.369245921756878
close_loc q4 & r1 q3,-0.00034732550259508415,-0.06201733069176133,-1.3146817515020925,rejected,0.033120672592033086,0.1886168820485479
days_since_earn q3 & skew60 q3,-0.0010964836472692368,-1.0687342623482396,-0.3070290720713147,rejected,0.020649177301993348,0.7588212439134978
close_loc q4 & days_to_earn q2,-0.0009065640185275274,-0.7682310113198031,-0.6075230948361356,rejected,0.022679018721588378,0.5435038207475571
dist_52wh q3 & ind_mom60 q4,-0.0007060719251094484,-0.5869049641476957,-0.7888397390975893,rejected,0.04865930258641009,0.4302056799542028
max20 q2 & r5_nonews q3,-0.00011945823817040051,0.12331481976752097,-1.2509562797815512,rejected,0.0,0.21095042883290596
ind_mom60 q4 & r5_nonews q2,-0.0008345789098458294,-0.7995424845255351,-0.5734189378758979,rejected,0.035316409629264835,0.5663610707385733
ear_volsurge q3 & r60 q4,-0.001321810506226283,-1.267707701375742,-0.10524233473057831,rejected,0.014888372594877394,0.9161835189666246
dist_ma50 q4 & r20 q2,7.478519281026673e-05,0.30179184455091407,-1.0683359391237592,rejected,0.0,0.2853690024659904
ear_volsurge q3 & rel_ind60 q1,0.0007045359324093124,0.5220321514051514,0.8467153363581614,rejected,0.03401635972083558,0.3971538083315245
ind_mom60 q2 & log_dv q4,-0.0009809802293031398,-0.7671642410078382,-0.6003145192284115,rejected,0.025580069181554123,0.5482966441903956
gap_today q3 & overnight20 q0,0.0010826720499502239,1.1972697866511541,-0.17015979839188566,rejected,0.0,0.8648844668250282
close_loc q4 & vol20 q0,-0.0012780954067720153,-1.246963005106676,-0.11913351019251503,rejected,0.009878279028971492,0.9051695824925627
days_since_earn q4 & vol20 q3,-0.0010892280921915843,-1.352097535290315,-0.013829332259669466,rejected,0.004367483937929167,0.9889661410099652
dist_ma200 q4 & ind_mom60 q0,-0.0006418989440712353,-0.9310291295968512,0.43333242272575345,rejected,0.0,0.6647732867017677
days_to_earn q4 & rel_ind60 q4,-0.0004385096860844467,-0.5631875503535874,0.800315151284695,rejected,0.0,0.4235282268556539
r20 q1 & rel_ind60 q3,-0.0011808282637349719,-1.0126009617419318,-0.3486360724191154,rejected,0.02693322500670593,0.7273625430080666
dist_ma50 q2 & rel_ind60 q1,-0.0003954682382352695,-0.023516132679430264,-1.3367061632180974,rejected,0.02524396054969837,0.1813185693555678
range_compress q4 & skew60 q0,-0.0003524529195958141,-0.03154362307732819,-1.3283329098641552,rejected,0.0233569331586464,0.1840681523360181
days_to_earn q1 & ind_mom20 q0,-0.0001912389612174517,-0.3552533351346359,1.0033612156474925,rejected,0.0,0.3156866100165369
gap_today q0 & r120 q3,-0.0012255197509330716,-1.2869193805421992,0.0707865081231097,rejected,0.0,0.9435676698451038
atr_pct q1 & ear_volsurge q1,-0.0005053347138523821,-0.19694795134694,-1.1559028837879093,rejected,0.0425473324199952,0.24772088295547906
dist_52wh q1 & rel_ind60 q4,-0.000665143035703235,-0.9338369928589538,0.41688075109638845,rejected,0.0,0.6767656336704791
close_loc q4 & vol_ratio q1,-0.0005575132402956232,-0.33164362853954904,-1.0147006300675803,rejected,0.05050581574861148,0.310248553704576
atr_pct q3 & r1 q3,-0.0009932928704666887,-0.9742704662487792,0.3720420717190093,rejected,0.0,0.7098615253498859
overnight20 q0 & vol_surge5 q4,0.0009714732342879373,0.9718141136876337,0.37356671894179483,rejected,0.029848306304220296,0.7087266985281208
ear_volsurge q4 & range_compress q2,0.00122656952800841,0.9882049512653898,0.35317748877800464,rejected,0.02711024129671476,0.7239553831903662
log_dv q3 & r1 q3,-0.0011783266458430682,-0.9100386167338747,-0.4309484558313193,rejected,0.03662879008470837,0.6665058493944631
days_since_earn q2 & vol_surge1 q3,-0.0009672906346416966,-1.1392396951110177,0.19946598375059552,rejected,0.0,0.8418982497113151
ind_mom60 q4 & r20 q1,-0.0005106116815064458,-0.6055534508885824,0.7319410982983552,rejected,0.0,0.4642045198984234
min20 q3 & vol_ratio q0,4.572840427130325e-05,0.19344476383797088,-1.142913360730801,rejected,0.0,0.25307456471252615
min20 q3 & vol_surge5 q4,-0.0005743838569973958,-0.4102455000796351,-0.9202274811929438,rejected,0.04904821425490022,0.3574538962291709
vol_ratio q1 & vol_surge5 q4,0.0003587503812696937,0.18031281791441356,1.1490972501890584,rejected,0.0398921314985211,0.2505158821495083
mom_12_1 q0 & r60 q4,-0.0005985987519773364,-1.0554614691275095,0.27226091124733676,rejected,0.0,0.7854214096000522
ear_volsurge q3 & mom_12_1 q0,0.0003594254528253476,0.2711103758379808,1.0548660376736434,rejected,0.04613424873970766,0.2914865968959846
dist_ma50 q2 & vol_ratio q0,-0.0008050970055045723,-0.5219605993043317,-0.8037484213905418,rejected,0.03921200442085899,0.4215422832493135
close_loc q4 & ind_mom20 q1,-0.0007125237154261936,-0.589604864097093,-0.7350846176546069,rejected,0.046138038473867056,0.46228796186348653
atr_pct q3 & r20 q2,0.001410978065016208,1.234692526414121,0.08707001732840948,rejected,0.015877733675733325,0.9306158575571506
ear q2 & skew60 q1,0.0006028417765145507,0.6321535133313743,-0.6894500121173142,rejected,0.0,0.4905401201689315
dist_ma200 q1 & max20 q2,-0.0012632285318835102,-1.0885593715962423,0.2300625057812084,rejected,0.0,0.8180431994996575
intraday20 q1 & r1 q0,0.00040259573568313226,0.4996423053691399,0.818528641186227,rejected,0.03913273199827394,0.4130553945898007
min20 q3 & r120 q1,0.0011659226086114898,0.891771353721926,0.4257786977020073,rejected,0.037112286211692894,0.6702691107569163
ind_mom60 q0 & min20 q3,-0.0005537703280029385,-0.1762353496258696,-1.1397402870141913,rejected,0.04333724814002947,0.25439451761981063
rel_ind60 q4 & vol20 q3,-0.001109444106830623,-1.0730977408464495,0.24173884401979562,rejected,0.0,0.8089825288554324
dist_52wh q2 & overnight20 q4,0.00030303604025016655,0.2592932877067971,1.0526820813966125,rejected,0.04850290727350099,0.2924867237270638
ind_mom20 q0 & vol_surge5 q3,0.0011268931211675295,1.1772007174430825,-0.12954027177182742,rejected,0.0,0.8969301611164162
mom_12_1 q0 & r120 q3,-0.0005890354260952863,-0.9475195974888546,-0.35276251394956504,rejected,0.027965656404082457,0.7242664888494099
close_loc q4 & vol_surge5 q2,-0.0007111806439762811,-0.7145963688984251,0.583863904914641,rejected,0.0,0.5593118793351952
frog q3 & max20 q1,0.0008144164072360895,0.5774219945614435,0.7203490937573087,rejected,0.04190464122586627,0.4713100846662382
dist_ma50 q2 & intraday20 q0,0.0004626522775575176,0.819804751221997,0.47643934774839647,rejected,0.03887827525667788,0.6337614079187008
dist_ma50 q2 & frog q4,-0.0007263938324956801,-0.6034390256260318,-0.6917851345475574,rejected,0.039569103365720545,0.48907227341363274
close_loc q4 & r60 q4,-0.0008365749626549997,-0.815063299513787,-0.47768532694608273,rejected,0.038311980098496574,0.6328741893508041
atr_pct q3 & rel_ind60 q1,0.0008519982036767057,0.6974301718430198,0.587954764305695,rejected,0.027034276507677975,0.5565626561785288
days_since_earn q0 & r5_nonews q3,0.0008095506316609695,0.8661024267570032,0.41522024915600086,rejected,0.039645143253058304,0.6779806766781407
atr_pct q3 & close_loc q4,0.0008764975128699008,0.8989426084626855,-0.3799744001954854,rejected,0.0,0.703964418177615
ind_mom60 q1 & intraday20 q2,-0.0007330061407888392,-0.43395394375128393,-0.8405298529984526,rejected,0.035670218313983766,0.40061137061956126
atr_pct q3 & days_to_earn q4,7.99649322319201e-05,-0.05647715466137713,1.2174990303068443,rejected,0.0,0.2234144051530746
ind_mom60 q4 & rel_ind60 q2,-0.0006764699513473569,-0.6214611258108695,-0.6525148457123566,rejected,0.033616738280350875,0.5140690989953658
ind_mom20 q1 & rel_ind60 q3,-0.001261410055476617,-1.1444616699363261,0.1269254502781615,rejected,0.0,0.8989994031369328
r5_nonews q4 & vol_surge5 q0,-0.0008721202900843258,-1.0111258832751664,-0.2582255988109079,rejected,0.019019408500032475,0.796232802708591
ear_volsurge q4 & vol_surge5 q3,0.001015241803969333,1.0161560499160411,0.2516785914824272,rejected,0.023277379957370788,0.8012895059664178
atr_pct q1 & dist_ma50 q0,-0.0009800033634469302,-1.1921552878777262,0.07453826111322041,rejected,0.0,0.9405820978618099
ind_mom20 q1 & r20 q2,0.00023494784424284902,0.2885486030401579,-0.9759771721617249,rejected,0.0,0.329075776881734
close_loc q3 & r5_nonews q4,-0.00011016776442798028,-0.22449443054113782,1.0389731197877952,rejected,0.0,0.29881723781517755
rel_ind60 q2 & vol_ratio q2,-0.00024233965129248042,-0.3294556965106816,0.9305702968617492,rejected,0.0,0.35207588527000516
r1 q3 & r60 q3,-0.0009204144106006577,-0.7762312221168273,-0.4827313674521704,rejected,0.03828101030284246,0.6292864880893638
frog q0 & r60 q2,0.0008657311862632228,0.6012740313743243,0.6535281164845483,rejected,0.030797649464231785,0.5134158692739645
dist_52wh q1 & vol20 q3,0.00012726766386424832,-0.08631504389774615,1.1635383843852543,rejected,0.0,0.24461113396216688
dist_ma50 q0 & max20 q0,0.0010666181031754862,0.8474811857605273,0.4022480318961792,rejected,0.035759144039389526,0.6875014963492838
ear q4 & r1 q3,-0.0005820574769494477,-0.6062682553527907,0.6428855858618974,rejected,0.0,0.5202983430385304
mom_12_1 q0 & r120 q1,0.0011948564073883082,0.9721111646228421,0.27643598195203894,rejected,0.020833432935205544,0.782213223389308
log_dv q3 & r120 q3,-9.318658202295351e-05,0.08370537911969847,-1.1648122018661942,rejected,0.0,0.24409501866940164
atr_pct q1 & days_to_earn q2,-0.0007284471636298646,-0.4472157040082464,-0.7998026163456992,rejected,0.04275417425686234,0.42382516695031175
ind_mom20 q1 & r5_nonews q0,0.0005358737215827257,0.6774604491118678,0.5669757006471429,rejected,0.03578623356696515,0.5707306908643852
log_dv q3 & mom_12_1 q0,0.0005475356731748272,0.7806883418618445,-0.46325809983191607,rejected,0.0,0.6431793754253717
r1 q3 & r60 q0,-2.709169911617047e-05,-0.16554029211992558,1.074814924173614,rejected,0.0,0.2824575973457808
mom_12_1 q1 & range_compress q1,-0.0009604276278625044,-0.7419780175237348,-0.4945337958418151,rejected,0.03601561482718229,0.6209292446950301
r120 q3 & r5_nonews q2,-0.0010701466712894074,-0.8486116305462719,-0.38348652507531716,rejected,0.03192328880990598,0.7013590594621035
ev_agreement q2 & news5 q2,-0.0003559995235914382,-0.7959230946419743,-0.4351778785140168,rejected,0.034136127191167334,0.6634333182757886
ev_agreement q2 & rel_ind20 q4,-0.00037979364374982825,-0.17835226881324354,-1.0518818782505963,rejected,0.046603940075117076,0.2928537471231734
atr_pct q1 & r60 q0,0.0003051044219172637,0.5504209402370577,-0.6760076345863033,rejected,0.0,0.4990357978299213
ear q4 & vol_ratio q1,-0.001066391213651847,-1.0034210817503386,0.21860579407448796,rejected,0.0,0.8269571389486482
dist_ma50 q4 & rel_ind60 q1,-0.00033135907082068947,-0.40629966350038565,-0.8156346052635167,rejected,0.038487039031239366,0.41470915111611584
r60 q3 & rel_ind60 q2,-0.0006019517937002924,-0.6064978379235586,0.6149515625524649,rejected,0.0,0.538586709175292
frog q4 & rel_ind20 q4,0.0006240882747188572,0.8084911048900526,-0.412159409577881,rejected,0.0,0.6802225861299674
dist_52wh q3 & gap_today q3,-0.0013404716760425928,-1.0657850308130545,-0.150114304746752,rejected,0.010412939389401975,0.8806744343127852
dist_ma50 q4 & vol_surge5 q1,-0.0006406492026688652,-0.5873934240876432,-0.6180766017610426,rejected,0.027881290862221516,0.5365248451955478
days_to_earn q4 & dist_ma50 q2,0.000815898981053904,0.9640586547110104,0.24064291795783377,rejected,0.024710667007986582,0.8098318837240394
dist_ma50 q2 & ear_volsurge q1,-0.0010321590076776308,-0.818876403986434,-0.3853933679236962,rejected,0.03177513004926071,0.6999459954605708
r5_nonews q2 & rel_ind60 q3,-0.0007775245340833342,-0.5826794092334933,-0.6213283083088744,rejected,0.0289269726546688,0.5343836316198158
atr_pct q2 & intraday20 q1,8.19273107001169e-08,0.18815724900720895,-1.015783836119479,rejected,0.0,0.30973233488624347
ind_mom20 q0 & ind_mom60 q2,0.0008981104740765499,0.6134100840046813,0.5902578727220984,rejected,0.02423060581871881,0.5550177779794704
rel_ind60 q4 & vol_ratio q1,-0.0007126814721494156,-0.5943320939053911,-0.6046288020660241,rejected,0.02345247841819897,0.5454256648334459
dist_52wh q3 & ear_volsurge q3,-6.898454921165645e-05,0.19856880163706658,-0.99984739120626,rejected,0.0,0.3173843672190563
dist_ma200 q0 & rel_ind60 q2,0.00010862348767870382,-0.014626570893585163,1.1773862070105434,rejected,0.0,0.23904139259456555
min20 q3 & rel_ind60 q2,-5.0949387220752095e-05,-0.18473623447583892,1.0056089361559153,rejected,0.0,0.31460372357105776
ear q4 & rel_ind60 q3,-0.0008662827938902255,-0.7597760017465204,-0.42885680964799094,rejected,0.03521711460475278,0.6680274331934626
dist_52wh q1 & frog q4,0.0005121880708161588,0.3139180907335531,0.8740921539627227,rejected,0.031016618450434533,0.3820680699890434
max20 q2 & overnight20 q4,0.0009476100327678953,0.8795403895768455,-0.30616943576669264,rejected,0.0,0.7594756423960218
dist_ma200 q4 & rel_ind60 q2,-0.0004706944861693989,-0.45521315746297775,-0.7299097578852108,rejected,0.042695707660936416,0.4654453473463084
dist_ma50 q0 & mom_12_1 q3,0.0004048372464994456,0.551668374903274,0.6278248690997037,rejected,0.02980122456486426,0.5301186727169256
ear_volsurge q1 & r60 q3,-0.0009864909926718026,-0.7889205447230936,-0.38884865558875453,rejected,0.029242798027372383,0.6973881057164837
atr_pct q1 & mom_12_1 q3,-0.0008209970937002102,-0.5923610672410995,-0.584815249342896,rejected,0.026138890923634337,0.5586719495730912
close_loc q4 & ear_volsurge q3,0.0006454450883072175,0.5278225945887164,0.6429793939090148,rejected,0.0320547028193312,0.5202374707404099
atr_pct q3 & dist_52wh q3,0.0004538001618816471,0.3161944113612582,0.8469326695994254,rejected,0.02974267986606434,0.39703265159501544
dist_ma200 q0 & log_dv q3,0.0006501356920405858,0.9578629319594166,-0.20029927056862765,rejected,0.0,0.8412465329909619
dist_52wh q1 & r5_nonews q2,0.0008117239776340954,0.6314058872174577,0.5262084999531469,rejected,0.03655700543145578,0.598743348876937
atr_pct q1 & r120 q1,-0.0010945365398177692,-0.8528879477816548,-0.30113001362848846,rejected,0.02134318230341381,0.7633153550323157
close_loc q4 & r120 q1,-0.0009711963711798185,-0.7695915358551894,-0.3822499634846626,rejected,0.0315809192755729,0.7022759649890886
atr_pct q3 & r120 q3,-0.0009390024533186926,-0.8168791537598789,-0.33439477241308946,rejected,0.022580880152782645,0.738081683612011
close_loc q0 & r20 q3,-0.0009321961462265817,-0.8416894535852827,-0.30507691072862975,rejected,0.020387287269440384,0.7603075760419048
log_dv q3 & r60 q3,-0.0005922229744377101,-0.3575128773547991,-0.7883653776446062,rejected,0.04373172291628609,0.43048301636158604
r120 q1 & r5_nonews q0,0.0007824724451773376,0.8500931773908651,-0.2943569579238054,rejected,0.0,0.7684851532507259
gap_today q2 & r120 q3,-0.000856644653308107,-0.6538605069831654,-0.48508433911837356,rejected,0.03528867851748838,0.6276165206421332
days_since_earn q3 & vol_ratio q3,-0.0008407317989371116,-0.819870440688332,0.3181614474487323,rejected,0.0,0.7503624749227922
dist_52wh q1 & ev_agreement q4,-0.0002280686750855822,-0.60403469875924,-0.5322221022304301,rejected,0.0347846649341593,0.5945721766967671
frog q4 & ind_mom20 q1,0.0003240841923022157,0.21464105778059206,0.9210057119303597,rejected,0.042342915397609315,0.35704744487884166
r60 q3 & vol_ratio q1,-0.0003180144345845794,-0.09766840581368197,-1.0339321039348517,rejected,0.043320309538026555,0.30116790533200466
r1 q1 & vol_surge5 q1,-0.00033066849933979716,-0.48364734178359997,0.6473837350079715,rejected,0.0,0.5173836200039356
max20 q2 & vol_ratio q0,-0.0005104776742515854,-0.5584456517980063,0.5686076461459515,rejected,0.0,0.5696224347180405
close_loc q4 & gap_today q2,0.00039925294227369175,0.22972951464560779,0.8971159987872681,rejected,0.04569443745227705,0.36965702249184806
dist_ma50 q2 & ind_mom60 q4,-0.0003722930159545308,-0.25403327510384194,-0.8706386397940353,rejected,0.030269842610106977,0.3839514916367944
close_loc q4 & range_compress q4,-0.0010475310486983249,-0.9883000669165592,0.13576295151361853,rejected,0.0,0.8920086802322521
atr_pct q1 & ind_mom60 q0,-0.001103706571680081,-0.8293127597700813,-0.2939254785235858,rejected,0.024313510206599057,0.7688148485464399
ind_mom60 q1 & min20 q0,0.00011160108149538094,-0.021155940794623313,1.098308708087759,rejected,0.0,0.2720697106915863
overnight20 q0 & r60 q4,-0.00022785694388047516,-0.11078352427908524,-1.0048506248995728,rejected,0.04099526477940436,0.31496878262114364
r20 q1 & range_compress q4,-0.0007457849082485331,-0.7414335295170089,0.3721005566692657,rejected,0.0,0.7098179818874226
r120 q3 & vol_surge5 q4,-0.0003414285925944717,-0.17145457039369325,-0.9406763551159173,rejected,0.044640951672051954,0.34687073962110887
r1 q3 & vol_ratio q1,-0.0001616007194893685,0.05992304448102562,-1.0491337728431582,rejected,0.0,0.29411655417968646
log_dv q3 & range_compress q4,-0.0010765570991168388,-1.0114815189010071,0.09578418994540247,rejected,0.0,0.9236919742153492
dist_52wh q1 & dist_ma200 q4,0.00040284511442144686,1.051616806672622,-0.05371594164245437,rejected,0.0,0.9571614815450195
atr_pct q3 & ind_mom60 q0,-0.0002805237621781012,-0.3876184813609067,0.717469706445458,rejected,0.0,0.4730843219836215
ear_volsurge q3 & range_compress q4,-0.00022186267358539782,-0.04118109809266899,-1.0629628325768026,rejected,0.036079730936370576,0.28779880682962317
dist_52wh q3 & ind_mom60 q0,-0.0008037660971965769,-0.8150610928468894,0.27526596100002687,rejected,0.0,0.7831119138416541
vol20 q3 & vol_surge1 q2,0.0010802630823019983,0.9041185866462739,0.18577522857232928,rejected,0.01499987370104978,0.8526210310890214
ev_agreement q4 & gap_today q3,-0.0002773697103456641,-0.24968034981810702,-0.8391937408137538,rejected,0.03245263376407473,0.40136059913246264
dist_52wh q3 & mom_12_1 q3,-0.0012915745275689672,-1.0233519891354192,-0.06542924208492555,rejected,0.017927885001059622,0.9478322421392504
gap_today q2 & rel_ind60 q1,-9.556310135187768e-05,0.14478281577042887,-0.9404805266608427,rejected,0.0,0.34697113375641053
r120 q4 & r5 q2,-0.0008275028978989064,-0.7821744712721181,-0.30275564493624907,rejected,0.02104526490373456,0.7620760880659919
mom_12_1 q0 & r20 q2,-0.00018528482427599975,-0.03985430570189349,-1.0408052798591372,rejected,0.0399940547658746,0.2979659291246412
dist_ma50 q4 & mom_12_1 q0,-0.0004855431790123402,-0.6217530162404461,-0.4582936401115792,rejected,0.0413820276178519,0.6467414927109645
days_since_earn q2 & r1 q3,-0.0006694674161658391,-0.7699292913878344,0.3073508351905403,rejected,0.0,0.7585763460034842
intraday20 q0 & rel_ind60 q3,-0.0004885279515196089,-0.5200285947720081,-0.5566497619814418,rejected,0.03439268853820418,0.5777667475336508
days_to_earn q2 & r120 q0,0.0005144346102775085,0.6789737661410498,0.397422027879013,rejected,0.0326997931856509,0.6910562743210562
close_loc q4 & r60 q0,0.000467575941636222,0.61361428824147,0.4627038256781675,rejected,0.039144359614353974,0.6435766757095391
max20 q2 & vol_surge1 q4,-0.0004396241694192252,-0.2166668448984387,-0.8586151614970344,rejected,0.028924153215170126,0.390552870535561
dist_52wh q1 & r120 q3,-0.000187384974812415,-0.4257676744828223,0.6490750929296383,rejected,0.0,0.5162898399874882
ev_red_flag q2 & news5 q4,0.00043461453418403544,0.27743233793723693,0.791958099155884,rejected,0.04142716468872792,0.4283851083665732
ear_volsurge q1 & max20 q2,0.0007364926448700845,0.5374116716911345,0.5303042783629084,rejected,0.0348177190389722,0.5959009808297127
dist_ma50 q3 & ev_agreement q4,-0.0003270011873254951,-0.7007317249714478,-0.36511273360875884,rejected,0.0259813981471647,0.7150272560574159
dist_52wh q3 & vol_surge5 q1,-0.0011098306890702657,-1.0199527161516888,-0.045694005441153374,rejected,0.014623164851338197,0.9635541417855278
rel_ind60 q3 & vol_surge5 q2,-0.0004765735095574174,-0.23651072770447026,-0.8285888710865947,rejected,0.029615474915811752,0.40733708751609643
vol20 q1 & vol_surge5 q0,-0.0011406497398924224,-0.9162440886830675,-0.1469402566619379,rejected,0.01194181690635445,0.8831791765548648
close_loc q2 & earn_in_week q4,-0.0004295990066556646,-0.5384171008890399,-0.5222956601563923,rejected,0.0359166617243809,0.6014644903844206
dist_ma50 q0 & r20 q2,0.0003303468881599409,0.6991923755208943,-0.35895279021458887,rejected,0.0,0.7196304067464644
ear_volsurge q1 & min20 q3,-0.0004659271873906826,-0.2691528243854818,-0.7860815912082364,rejected,0.039897034314738386,0.43181968835895945
ev_agreement q4 & ind_mom60 q1,-0.00016475331962338048,-0.1443727112604462,-0.9056327466775488,rejected,0.04011325338187305,0.3651302701246909
atr_pct q3 & rel_ind60 q3,-0.0006965911129053863,-0.7143172602072864,0.3308276001616529,rejected,0.0,0.7407747117724722
close_loc q4 & dist_ma50 q0,0.0005366422655643597,0.7950897831252302,-0.24970088362255763,rejected,0.0,0.8028186748125175
dist_ma200 q4 & overnight20 q0,-0.000670034587652477,-0.920983052892345,-0.12274470872914707,rejected,0.008169359304416807,0.9023092590801833
dist_52wh q3 & r20 q3,-0.0011970720627798924,-0.9617067205540667,-0.07875840405490141,rejected,0.014264765864473092,0.9372247899835444
ind_mom60 q4 & r120 q1,-0.00053336431332603,-0.27472831911788465,-0.7654928376882112,rejected,0.03996502450246958,0.4439781297712864
ear_volsurge q3 & min20 q3,-0.000798514770270934,-0.7837307746146078,0.25385401236100535,rejected,0.0,0.7996083439776875
r60 q4 & vol_surge5 q2,-0.0006170937379988752,-0.5108034661487891,-0.5211493049723843,rejected,0.03523734068195979,0.6022627662357242
mom_12_1 q2 & r120 q4,1.5289402711663376e-05,-0.11832998328632109,0.9080032230047647,rejected,0.0,0.36387651882888283
ear q4 & ind_mom60 q4,-0.0009302594938221592,-0.9240226830416727,-0.10216485534800089,rejected,0.015171024538098023,0.9186258231198794
ev_agreement q2 & vol_ratio q0,-0.000608843366065728,-0.4181667060395118,-0.6065496973178423,rejected,0.019760911167431686,0.5441497917256464
ear_volsurge q1 & max20 q1,-0.00041606128812609174,-0.2981925921234466,-0.7261449880163722,rejected,0.03621576641590063,0.4677498921561637
frog q0 & skew60 q3,-0.0006801144893064815,-0.851971655265685,0.1711173039505027,rejected,0.0,0.8641315299604703
r20 q1 & r60 q4,-0.000407170768168935,-0.4902906814570776,-0.5326300106691194,rejected,0.03237126816903943,0.5942897235671853
r5 q2 & vol_surge1 q3,-0.0009242078614235111,-0.9718049232698569,-0.046877278450064175,rejected,0.014460413589880266,0.9626110373516431
ear_volsurge q3 & gap_today q3,-0.0011963767145011077,-1.0042140690676344,0.010476614129341625,rejected,0.0,0.9916410242497434
gap_today q3 & rel_ind60 q3,-0.0006362177505798365,-0.4804323062808723,-0.5340524944716695,rejected,0.03121136945855049,0.5933052156690727
dist_52wh q3 & r20 q1,0.0009300103649825859,0.7176468315983201,0.29669165727702573,rejected,0.021273061938510862,0.7667019269394652
min20 q3 & mom_12_1 q0,0.0004692935066813383,0.18680754964740698,0.8234399853071807,rejected,0.03169398129524793,0.41025783250339665
ear q0 & frog q2,0.0007722471377045533,0.9680067055648524,-0.042197242197462945,rejected,0.0,0.9663414610115676
ev_agreement q4 & r5_nonews q2,-0.0002427602695607296,-0.0750541735527578,-0.934813998443648,rejected,0.04130250281283796,0.34988416415686896
r5_nonews q2 & r60 q4,-0.0004521315255859445,-0.5438894319492223,0.46324042354829886,rejected,0.0,0.6431920441020118
gap_today q2 & rel_ind20 q4,0.0006489959678085074,0.5017288174525775,0.503370526906818,rejected,0.0339531764740166,0.6147037893138951
gap_today q3 & vol_ratio q1,0.00044685861424157065,0.47451784567518185,-0.5302324010934537,rejected,0.0,0.5959508087993055
dist_ma50 q2 & r60 q4,0.0003839327788037679,0.6432993919279214,-0.35996235896226647,rejected,0.0,0.7188752825211422
mom_12_1 q3 & r1 q4,-0.0006283834798885509,-0.5976303608625657,-0.39599289545843575,rejected,0.031460888989071394,0.6921102693479955
dist_ma200 q4 & r5_nonews q2,-0.0008471825821715158,-0.8543689532455211,0.13611750982551715,rejected,0.0,0.8917283855203765
atr_pct q3 & intraday20 q2,-0.00044792077659763714,-0.4792191198436047,0.5095630479083754,rejected,0.0,0.6103576174348015
ind_mom60 q4 & rel_ind20 q1,-0.000610325412004603,-0.4957208245131029,-0.4928586798326323,rejected,0.03276527518230101,0.6221124451221482
dist_ma200 q4 & vol_ratio q1,-0.00027342968013806935,-0.18757935812942486,-0.8008697445637505,rejected,0.03544240968337231,0.42320705719432056
dist_ma200 q4 & frog q4,-0.0006749222591654231,-0.6975569113452418,-0.2907005017637999,rejected,0.0239990905711328,0.771280387812797
dist_ma200 q2 & vol_ratio q3,-0.0002756928297640305,-0.11596687927830109,-0.872179884342974,rejected,0.02643804673343449,0.3831102515556946
ind_mom20 q2 & news5 q1,-0.0003808805681028252,-0.4379903121049741,-0.5477754732555443,rejected,0.032585886476126556,0.5838460816379488
ins_officer30 q2 & vol_surge5 q1,-0.0006614548900972428,-0.6571003689961086,0.3274915040950195,rejected,0.0,0.7432961677650891
days_to_earn q1 & r20 q2,-0.00098796894203203,-0.8692471475667184,-0.11328598637228836,rejected,0.012355085592012071,0.9098038269707801
r120 q1 & rel_ind60 q2,0.00040122879138603163,0.15398512571430373,0.8268884560664667,rejected,0.03181639340188577,0.4083002870508865
ev_agreement q4 & vol20 q3,-0.00018975879067019056,-0.04708334015182482,-0.9316695836178586,rejected,0.040740037929919815,0.3515073102225654
ear q4 & rel_ind20 q4,-0.00014530998228844805,0.029165972011292746,-0.945123414385332,rejected,0.0,0.34459587282619586
r120 q1 & rel_ind60 q3,0.0005155650465446179,0.4588633754865468,0.5128053664277696,rejected,0.03331649949704,0.6080874755286647
min20 q1 & r5_news q2,0.00017548361937891254,0.019629879803413693,0.9505540529543861,rejected,0.038889049792626695,0.3418308023669252
days_since_earn q1 & r5 q4,0.0008842446990159567,0.9252591851939741,-0.04455532030925593,rejected,0.0,0.9644617564938324
atr_pct q3 & r20 q1,-0.0002786894627736867,-0.3647990224256282,0.6040078497727809,rejected,0.0,0.5458384232913343
close_loc q1 & dist_ma50 q4,0.0007359201291445369,0.8296990668824522,-0.13707439986484646,rejected,0.0,0.8909719873893551
dist_ma50 q0 & frog q0,-0.00022238477655949415,-0.06753750306814808,-0.8981737354336454,rejected,0.039813227720521226,0.3690929334303203
rel_ind60 q2 & vol20 q0,-0.000664248938837011,-0.6476031519596063,0.31325310897404246,rejected,0.0,0.754088372149915
vol20 q0 & vol_surge1 q4,-0.0005455433020755359,-0.5362072714800372,-0.42457277973307894,rejected,0.03315251441969943,0.6711481396338386
close_loc q4 & ear q4,0.0003277379863328784,0.1756556636802223,0.78290033759482,rejected,0.03615934984789251,0.43368563925266634
days_to_earn q4 & dist_ma50 q4,0.0005360317534955991,0.39370171909203877,0.5640471006907544,rejected,0.03199652311685939,0.572722077723998
log_dv q3 & rel_ind60 q4,3.6119891321587952e-06,0.12499538043940324,-0.8299921891035409,rejected,0.0,0.4065431998651098
ear q4 & r120 q3,-0.0009233743075840571,-0.8347109876118666,-0.11727468021503111,rejected,0.009195620363913005,0.9066423888194749
ev_agreement q4 & overnight20 q3,-0.0006121830636492698,-0.712745158470666,-0.23773763232548428,rejected,0.02181565145801084,0.8120845939400289
r20 q2 & range_compress q4,-0.0005126521064148874,-0.33261685727549906,-0.6129392303460695,rejected,0.02170002979877769,0.5399165222917848
gap_today q3 & r60 q0,0.0006145535665387778,0.8394860435785954,-0.10559207632291716,rejected,0.0,0.9159060117821357
intraday20 q0 & min20 q3,-0.0007330519733490266,-0.7686225755703745,-0.17571833723813954,rejected,0.015607599561228515,0.8605152284275324
dist_ma50 q4 & vol_surge5 q2,-0.0003785785504090502,-0.22619766439048997,-0.7168953991973738,rejected,0.036791076620496445,0.47343864102786204
min20 q3 & overnight20 q0,0.0003504415225260565,0.11029892365002666,0.8272004853700115,rejected,0.03031235192684001,0.4081234365986511
ind_mom20 q0 & overnight20 q2,-0.0002735743739514462,-0.37063714511845225,0.5603202814028672,rejected,0.0,0.5752609960447093
close_loc q4 & skew60 q0,0.0004951570131753796,0.5081933755560504,-0.4165608424484101,rejected,0.0,0.6769996558774807
days_to_earn q2 & frog q4,-0.00010225547577879297,-0.1687122456335156,0.7551415669614289,rejected,0.0,0.4501640447332873
intraday20 q0 & r1 q2,0.0001771542002908593,0.13297738798158068,0.7903638063969594,rejected,0.03739441497894167,0.4293153331752456
close_loc q4 & r5_nonews q2,-6.260762215234102e-05,0.06898356127530687,-0.851438548286535,rejected,0.0,0.39452578593612614
ev_agreement q4 & r120 q1,-0.0002554522431993501,-0.3640293644948934,-0.5561061553094924,rejected,0.0321300625141056,0.578138287477287
log_dv q3 & vol_surge5 q2,-0.000533001587930538,-0.299276333970819,-0.6185014772662528,rejected,0.023340673161686115,0.536244824315605
ind_mom60 q3 & news5 q2,-0.000625069978770041,-0.6117511959960733,0.30496048167476386,rejected,0.0,0.7603962505587584
ins_opportunistic30 q2 & overnight20 q2,-0.0010695048055665564,-0.8043667349778747,-0.11226963516307031,rejected,0.012010508804783182,0.9106096171896958
dist_52wh q3 & vol_ratio q1,-0.0007543349108328684,-0.5605058166819841,-0.35580102210175896,rejected,0.024289158460778122,0.7219895835846476
ear_volsurge q1 & ind_mom60 q4,-0.00043040096782048125,-0.4102500150130833,-0.5042100915287608,rejected,0.03191706483105449,0.6141137496639918
rel_ind60 q3 & vol_ratio q1,-0.000299804101534402,-0.11057380494128004,-0.8036087941923399,rejected,0.03102358494533585,0.42162294262066713
dist_ma200 q4 & dist_ma50 q0,0.0002882115798379429,-0.17805527505922286,0.7336099928546855,rejected,0.0,0.46318646885429343
ear q4 & r20 q2,1.8657391384029154e-05,-0.06440937926778668,0.839436534882751,rejected,0.0,0.4012243891984942
atr_pct q3 & dist_ma200 q4,-0.0006334534469723737,-0.6938077429501329,0.20979349022789917,rejected,0.0,0.8338288540513197
min20 q3 & r60 q0,0.00044524606865552587,0.6356379860424323,-0.2679041231408541,rejected,0.0,0.788773119870855
frog q4 & r1 q3,0.0004510556691258423,0.3157533258254932,0.582423523967291,rejected,0.024623814215081447,0.5602814401481482
dist_52wh q3 & rel_ind60 q1,0.0002680396392830693,0.29293143340007394,-0.6046777479337025,rejected,0.0,0.5453931361976765
atr_pct q3 & ear q2,0.000548352442580339,0.3530763586133902,0.5438380809125324,rejected,0.030797943866724357,0.5865529011589705
rel_ind20 q4 & rel_ind60 q3,-0.00027972793449467344,-0.08695435150431567,-0.8082126301157783,rejected,0.029523509140076284,0.4189681882033706
intraday20 q2 & vol20 q2,-0.0010113827663180803,-0.844214988300535,0.04928915048450681,rejected,0.0,0.960688865669063
dist_ma50 q1 & ev_offering q2,-0.0006618244050431553,-0.4940664623018749,-0.3990429859582749,rejected,0.029081275251874546,0.6898615309956726
dist_52wh q1 & dist_ma50 q4,0.000345234375687391,0.3630000665643896,0.5294320287267079,rejected,0.0327242729151673,0.5965057846596837
close_loc q4 & days_to_earn q4,0.00023490101444151266,0.30666536009045514,-0.5839731419091239,rejected,0.0,0.5592383820838182
close_loc q3 & rel_ind20 q0,-0.0003102671152663958,-0.4903337461003839,0.3976428743521865,rejected,0.0,0.6908934518635566
mom_12_1 q2 & vol_surge1 q3,-0.0006854850855524153,-0.614974156442333,0.2724709405277459,rejected,0.0,0.7852599323932455
frog q4 & r120 q1,0.0004382469205760725,0.2638125532081034,0.6227648305531578,rejected,0.02495222065556452,0.5334390727720564
r60 q0 & rel_ind60 q1,0.0005319182915015907,0.583709711556215,0.2969559847985006,rejected,0.01956905160379629,0.7665001131576117
intraday20 q2 & r1 q1,1.2997317900425738e-05,-0.12227642071252678,0.7572981590609864,rejected,0.0,0.44887125357720054
dist_ma200 q0 & gap_today q1,0.0007059302887666549,0.7868416216124334,0.09136540457223274,rejected,0.014295635755492506,0.9272022498944333
dist_ma200 q4 & intraday20 q0,-0.00031223894549101876,-0.5032884570259355,-0.3679440705238275,rejected,0.024385431750036192,0.7129149382496077
r20 q4 & rel_ind60 q2,-0.0004848590166807182,-0.4756400204700565,-0.3842463054634267,rejected,0.027261318190225075,0.7007959008343114
gap_today q3 & rel_ind60 q1,-0.0006132620643976443,-0.44223231643208216,-0.41608236037294954,rejected,0.03198356077996507,0.6773497372260313
ear_volsurge q3 & r20 q1,-0.0002913181958698929,-0.3374584446932209,0.5146198339821978,rejected,0.0,0.6068187025247469
ear_volsurge q3 & overnight20 q0,0.00032492923932110536,0.19702407631111418,0.6550368810159509,rejected,0.025185455745380083,0.5124440088447488
ind_mom20 q3 & log_dv q3,-0.0008314219655213706,-0.7334320236727395,-0.11655495776686248,rejected,0.0103064427896861,0.9072127328480437
ins_opportunistic30 q2 & r60 q1,0.0006410332988485465,0.460381889054153,0.38848096250165753,rejected,0.025728802873131673,0.6976601397178263
frog q4 & vol20 q1,-0.000490380699181484,-0.3247956709013539,-0.5236650718939758,rejected,0.03205237977877559,0.6005115132625364
atr_pct q3 & overnight20 q3,-0.00017368502785395295,-0.2706468759321819,0.5776030238782583,rejected,0.0,0.5635321649306841
close_loc q4 & intraday20 q0,0.0006140748665804218,0.8454702325499641,0.0014515928653602553,rejected,0.000534050551352912,0.9988417968709034
ear q4 & r5 q0,8.732981369926487e-05,0.2322246759948746,-0.6117897672838998,rejected,0.0,0.540676860756997
ear_volsurge q1 & vol20 q3,0.00041831593515885367,0.37995545564147093,0.461644676627425,rejected,0.03522125041846452,0.6443361505338479
ins_officer30 q4 & log_dv q0,-0.0003566733970141343,-0.5513726686109807,-0.28901935957014324,rejected,0.02289138148858642,0.7725665626738103
rel_ind20 q4 & vol_surge5 q4,-0.0007508575277271602,-0.7410950377368696,-0.09508443247574903,rejected,0.01281301414587665,0.9242477631322722
max20 q0 & vol_surge5 q2,-0.00015988332591629275,0.028888451589478982,-0.8069969852725758,rejected,0.0,0.4196682200389206
dist_ma50 q2 & rel_ind60 q2,0.0003153255842898237,0.10932064926438867,0.7245182128845697,rejected,0.03237202926816117,0.46874764991191276
log_dv q0 & news5 q2,-0.0007239122737692791,-0.5692852233233936,0.2630260682303656,rejected,0.0,0.7925304867866394
ind_mom60 q0 & r120 q3,-0.0005686447014687598,-0.5518703092993575,-0.2787017651846111,rejected,0.01847982523307408,0.7804737077481106
ear q2 & vol20 q3,0.00014720810742482483,-0.02592129314377099,0.804604643272409,rejected,0.0,0.4210478618249224
ear_volsurge q1 & r1 q3,0.00024004928500075633,0.3395772413764446,-0.4907466068674274,rejected,0.0,0.6236056780200172
r5 q2 & r60 q1,0.00015182651139249493,-0.05737375016143945,0.7680753875368842,rejected,0.0,0.44244239826402776
frog q4 & intraday20 q2,-7.808931164504278e-05,0.02803668116596751,-0.7971679413969645,rejected,0.0,0.42535350207252187
days_to_earn q0 & ev_red_flag q2,-0.0010261055758234992,-0.8188567554605376,-0.0036914168113298435,rejected,0.0005840999609419692,0.997054682207844
r20 q2 & vol_ratio q1,0.0008701026600222158,0.6737928189474699,0.1485989481529132,rejected,0.01056141680948489,0.8818701030476365
rel_ind20 q1 & vol_ratio q4,-0.0005029865295231046,-0.38100587607683495,-0.43580408016225725,rejected,0.028772140470269,0.6629788832805582
ind_mom60 q4 & intraday20 q0,5.169805805109529e-05,0.14295268359583432,-0.6724108064523959,rejected,0.0,0.5013222050819339
mom_12_1 q3 & r60 q4,-0.0002414718059608267,-0.06237800907640328,-0.7517709035267934,rejected,0.035258479183313034,0.4521888426135451
mom_12_1 q4 & rel_ind60 q3,-0.0007144475260775306,-0.7088624661698195,-0.10316008798950764,rejected,0.01309285701633527,0.9178359160263925
atr_pct q3 & vol_surge5 q4,-0.00046097387343286964,-0.37443745370133913,-0.43594152027035127,rejected,0.02818047199447119,0.6628791594827698
days_to_earn q0 & vol_surge5 q1,0.0005727627987013247,0.5992264031732661,-0.20603709233305395,rejected,0.0,0.8367619373561355
ev_agreement q2 & vol_ratio q4,0.0006713045171557571,0.47651506358704027,0.32351846185528665,rejected,0.0154134357574784,0.7463026281076193
atr_pct q3 & r60 q0,0.00016781940718991193,0.07227597446566116,0.7198560340839181,rejected,0.031787948197185466,0.47161364032983505
dist_ma50 q4 & log_dv q3,0.00012235508132668482,0.20866508578540705,-0.5731236594535697,rejected,0.0,0.5665609687652128
min20 q3 & r20 q2,-0.00012586005933454242,0.03631331989249845,-0.7421146001737343,rejected,0.0,0.4580179045924279
range_compress q4 & vol20 q3,0.00027283682088798426,0.21069138241155358,0.5634079509202577,rejected,0.02905300429285934,0.5731571242943356
ind_mom60 q0 & r20 q2,0.0003584869107049843,0.44349715050274363,-0.321640131686289,rejected,0.0,0.7477253373748198
dist_52wh q1 & rel_ind20 q4,-0.0003928659466517216,-0.47411007074490635,0.28521262928404506,rejected,0.0,0.7754812452605797
earn_in_week q4 & ind_mom20 q2,-0.0003963371148901138,-0.49460586902240267,-0.2644460715273742,rejected,0.017477844022082273,0.791436214673524
r5 q4 & vol20 q3,0.00048120661143429336,0.33974557134965644,0.4185420095571037,rejected,0.028784055785989603,0.6755508784670732
days_to_earn q4 & gap_today q3,0.00016899501375266092,0.23744800215182932,-0.519812421338981,rejected,0.0,0.6031943209874353
dist_ma200 q1 & rel_ind60 q1,0.0009212846810022478,0.7365034775408457,0.018051068970327048,rejected,0.004369035489840717,0.9855981128879369
r20 q2 & r60 q0,0.00032486075371922435,0.495037458669754,-0.2576229998540878,rejected,0.0,0.7966978774173601
ear_volsurge q1 & log_dv q3,-0.0001672900834499911,0.007931532516988374,-0.743128785573375,rejected,0.0,0.4574037134748727
gap_today q4 & vol20 q0,-2.9823529969592265e-05,0.07633883711724157,-0.674419513107714,rejected,0.0,0.5000446404597916
close_loc q4 & ind_mom20 q0,-0.0005447363503304995,-0.6115455961653382,0.13864245441098633,rejected,0.0,0.8897326934889275
dist_ma50 q1 & rel_ind20 q1,-0.000627896499238526,-0.4461571305371475,-0.3022561330798989,rejected,0.018469626818889872,0.762456816011282
ear_volsurge q0 & skew60 q0,-0.0003586502665218276,-0.28580437500411093,-0.46052499145291476,rejected,0.033748965838234946,0.6451394373450074
dist_52wh q1 & r1 q3,-0.0006578006774153123,-0.6079500207673746,0.13500621962012144,rejected,0.0,0.8926069568101532
dist_52wh q2 & r60 q4,-0.000391794646697254,-0.4118329424769738,-0.3304110841372282,rejected,0.01897791196219798,0.741089367464894
dist_52wh q1 & ear_volsurge q0,-0.0002123559164755578,-0.08990303896295247,-0.647134125467073,rejected,0.025186809668208156,0.5175451408876096
days_to_earn q4 & r60 q4,-0.0004152426200292219,-0.33385645111534257,-0.4015520279642772,rejected,0.02805967043058774,0.6880137408866207
ins_buyers30 q4 & vol_surge5 q4,-0.0003332951471464315,-0.6253501604222222,-0.10808593955411967,rejected,0.010865611194510408,0.9139275214191033
dist_ma50 q0 & r120 q3,0.00021675440543416545,0.3048755203699606,0.4264449760366822,rejected,0.027346587648632667,0.6697836344492752
ind_mom60 q0 & rel_ind60 q3,0.0006408644624014969,0.6019276501714912,-0.12696619673964843,rejected,0.0,0.8989671530729413
ear q0 & min20 q2,-0.00021321981516581758,-0.311239798027322,0.41557315674049067,rejected,0.0,0.6777223725569583
days_since_earn q3 & vol_surge5 q1,-0.0004854101677166225,-0.4712562982334785,0.2553106848332526,rejected,0.0,0.7984831480431551
dist_52wh q2 & vol_ratio q2,0.0005529982520643175,0.43640198137560193,0.288865335393654,rejected,0.02203931454609001,0.7726844317384458
ear_volsurge q1 & ev_agreement q2,0.0002077295967579974,0.26092027917212995,-0.4601625087428052,rejected,0.0,0.6453995792409631
days_to_earn q4 & dist_ma200 q4,-0.0005393106607452674,-0.4030376855384673,-0.3168225530820586,rejected,0.013359308219649778,0.7513782502285611
r5_news q4 & r5_nonews q2,-0.00022404099171985592,-0.40562355032647496,0.30938503942603457,rejected,0.0,0.7570286493397529
overnight20 q0 & rel_ind20 q4,-0.00027041861192480735,-0.36902835996040684,-0.33696456823731,rejected,0.01840441233321353,0.7361436101233643
days_to_earn q4 & dist_52wh q3,0.00019860202192619077,0.2292202351087121,-0.4752470863195566,rejected,0.0,0.6346108691992899
ev_agreement q4 & intraday20 q0,0.0002538403721624856,0.4389729845503864,0.26019906644736573,rejected,0.01671154765970135,0.7947102243349471
max20 q3 & r5_nonews q0,-0.0003546300086792523,-0.4689767997937894,0.22635441016049315,rejected,0.0,0.8209257831395529
mom_12_1 q4 & r5_nonews q1,-0.00018218123449842744,-0.07473149400795799,-0.6196636517338664,rejected,0.019640465818229036,0.5354792509334761
rel_ind60 q3 & vol20 q3,-0.00033776189514671685,-0.36853089533188566,0.3157587044355347,rejected,0.0,0.7521856647020236
atr_pct q3 & mom_12_1 q2,2.167962028470483e-05,-0.04656067167122318,0.6268287545440897,rejected,0.0,0.530771492706532
dist_ma50 q1 & overnight20 q2,-0.000512541029984141,-0.36904638442143306,-0.29719435390084636,rejected,0.017047593652369897,0.7663181321842556
dist_52wh q1 & dist_ma50 q2,8.480559987949402e-05,0.15312163688364558,-0.509793180636752,rejected,0.0,0.6101963637224069
r20 q1 & vol_surge5 q4,-0.0002821035000590423,-0.3376516511533494,0.32288466059806326,rejected,0.0,0.7467825937095354
atr_pct q1 & r5_nonews q4,-0.00047270547246723143,-0.4165172463431448,-0.24375032460400983,rejected,0.017946524881174878,0.8074241951979748
days_to_earn q4 & r1 q3,-0.00030114186942165516,-0.3356258777433022,0.32459594412028214,rejected,0.0,0.7454868972810875
ev_agreement q4 & intraday20 q2,0.00043666867446745213,0.5801385943786002,-0.0763723983566043,rejected,0.0,0.9391228283758187
ins_value30 q2 & r1 q2,-0.00033706442111410456,-0.208197115340863,-0.447412834437953,rejected,0.030447526733269583,0.6545770107196118
frog q4 & rel_ind60 q1,-0.00016683181230521565,-0.21968331095411503,0.42651094109095095,rejected,0.0,0.6697355772456441
ev_offering q2 & ins_officer30 q2,0.00019105156822109027,0.45400615568990993,0.18664983630995105,rejected,0.01107466532060579,0.8519351895907483
close_loc q3 & vol_surge1 q3,-0.0004163574285503194,-0.5484902526231532,0.09084408176483608,rejected,0.0,0.9276164826555804
dist_52wh q2 & r1 q1,-0.00015516273435960086,-0.05748682503069888,-0.5763620054009396,rejected,0.023079871764857367,0.5643705201227806
dist_ma200 q1 & ev_shelf q2,0.00015565579677757652,0.0395697176571451,0.5894294282047426,rejected,0.017982012752799467,0.555573240273783
ind_mom60 q0 & range_compress q3,-0.00037691244040744676,-0.41183769136650267,0.21551184926000408,rejected,0.0,0.8293682747345741
ind_mom60 q4 & intraday20 q1,-0.00012536894560321316,-0.02774011650172011,-0.5981396360138866,rejected,0.017655090723585162,0.5497467651079706
dist_ma50 q4 & ear q4,-0.0003393458292885233,-0.26712828410336026,-0.3582242032871599,rejected,0.02170434698189143,0.7201755358835917
mom_12_1 q3 & r20 q0,0.0003615017057889701,0.47569842161286563,-0.14725822972817423,rejected,0.0,0.8829282008273361
overnight20 q4 & vol_surge5 q3,0.00010823247676908479,0.16692531286893916,-0.4531094249541456,rejected,0.0,0.6504699489796947
dist_ma200 q4 & r20 q1,-0.000434303352638326,-0.5595782204031162,0.06011860089709801,rejected,0.0,0.9520611753838811
min20 q3 & r5_nonews q2,-0.0007125784239573496,-0.6032950178507583,-0.013269392276253128,rejected,0.0035238250571315304,0.9894128674638051
r20 q2 & vol20 q0,0.00022670928277303707,0.24898576694426192,-0.3643809263271791,rejected,0.0,0.7155735765060205
dist_ma50 q4 & r60 q3,-0.0006333619327064391,-0.5797225945938858,-0.03227332044687621,rejected,0.008820328107147547,0.9742540853172573
atr_pct q1 & vol_surge5 q2,-0.0007279071705926142,-0.6067127158491273,-0.003974524934727049,rejected,0.00010049104581073126,0.9968287962672283
frog q4 & gap_today q2,0.0006309796003407991,0.5843651228943483,0.025085084139822945,rejected,0.0076015110450082315,0.9799870975717244
dist_ma50 q2 & vol_surge5 q2,0.00030448821285887956,0.23458151736607127,0.3741801573751517,rejected,0.020774522434609616,0.7082702856355569
frog q4 & vol_ratio q0,0.0003717261830646767,0.38825820750901685,-0.22027150917428326,rejected,0.0,0.8256597076352641
atr_pct q1 & vol_ratio q0,-0.00010810136978804448,0.016712490438108372,-0.5857120731343912,rejected,0.0,0.5580690194852365
days_to_earn q4 & rel_ind60 q2,0.0003570431211412992,0.3431824041211282,0.2578538732341957,rejected,0.014232106948495379,0.7965196850795124
log_dv q3 & vol_ratio q1,0.0004887435469470684,0.5213110012529049,-0.07958724922561768,rejected,0.0,0.9365655366893927
r20 q2 & rel_ind60 q3,-5.8746744252209e-05,0.04079441089238714,-0.5579653780786173,rejected,0.0,0.5768680261362291
close_loc q3 & ear q3,2.9757766899306815e-05,0.08951450147983782,-0.5063501238702178,rejected,0.0,0.6126108814072717
dist_52wh q3 & vol20 q3,-0.0005377952906766226,-0.5076796786582137,-0.08626566009392174,rejected,0.012247334113583147,0.9312552359578418
mom_12_1 q0 & rel_ind60 q1,0.00026994151606358775,0.31866774390453634,-0.2738198044245295,rejected,0.0,0.7842231033484038
ear q4 & rel_ind60 q1,-0.0002931731959681219,-0.33757697098644135,-0.2532345319369827,rejected,0.017047947667528058,0.8000869833244743
close_loc q4 & vol20 q3,0.0005200458981856386,0.4845769893718538,0.10581718314622149,rejected,0.010524929731534073,0.9157274031551491
vol20 q3 & vol_ratio q0,0.000342482075906252,0.34020561053119175,0.24653594467545706,rejected,0.015733350595539885,0.8052673830790211
dist_ma50 q4 & overnight20 q0,-7.429991180908368e-05,0.01854482706321773,-0.5671841843282054,rejected,0.0,0.5705890521450617
atr_pct q1 & dist_52wh q1,-0.0005460082215063435,-0.45406868814490137,-0.13161597391481833,rejected,0.005314531125168875,0.895288050088193
close_loc q4 & dist_52wh q1,0.00016671577408506312,0.11053727831005669,0.4710146394187402,rejected,0.02773806350608534,0.6376302807169651
days_to_earn q4 & r120 q3,-2.941047057950282e-05,-0.0932922281758697,0.4869180252343694,rejected,0.0,0.6263164245512844
r60 q4 & vol20 q3,-3.2462008779223146e-05,-0.08885687517224959,0.4893463312220597,rejected,0.0,0.6245965250866327
dist_ma200 q4 & ind_mom20 q1,0.0004858347012108499,0.5414601931006865,-0.03210873772536275,rejected,0.0,0.9743853353072472
gap_today q3 & rel_ind60 q0,0.0004402300817626189,0.5593723492810764,-0.012786152690813075,rejected,0.0,0.989798404145864
dist_ma200 q2 & rel_ind20 q1,-0.0005613351902747905,-0.5038153896712552,-0.06646457775454287,rejected,0.01436406009841684,0.9470079581835221
days_to_earn q4 & rel_ind20 q4,0.00021252135710934892,0.1227053838394529,0.4415183994022594,rejected,0.02558994330274529,0.658837744246492
atr_pct q3 & r60 q3,0.00028673814701737216,0.3144528360855371,-0.2447270360201146,rejected,0.0,0.8066677927490926
dist_ma50 q1 & ear_volsurge q3,0.0005310654542518647,0.4355446518778465,0.12224404475458259,rejected,0.006593555808712669,0.9027057453323523
r1 q1 & r5_news q4,0.000284864355116225,0.55301541429989,0.004669217466066381,rejected,0.00014707560242410833,0.9962745170097094
atr_pct q3 & days_to_earn q2,-0.0004193059736317906,-0.3622891729291313,-0.19460215413961712,rejected,0.01074743614049612,0.8457044165406955
mom_12_1 q0 & r1 q3,0.00011180042168207189,0.23829888568562246,-0.31442812844692597,rejected,0.0,0.7531958952528967
rel_ind20 q0 & vol_surge5 q2,-0.000182034463213667,-0.276770933040292,0.26886402907791035,rejected,0.0,0.7880343186483787
ear q2 & r1 q1,0.00037326333029677196,0.2588153664728391,0.2850255355157835,rejected,0.01687215225766053,0.7756245784801286
ear q4 & vol_surge5 q4,-7.902937881050395e-05,-0.16929563327606154,0.37090517880432067,rejected,0.0,0.7107081577352374
ins_buyers30 q4 & vol_surge1 q3,-0.0002454057954322906,-0.3214094156025003,-0.2184500238720353,rejected,0.015136065608453656,0.827078493117183
frog q4 & rel_ind60 q3,-0.00025570560276452184,-0.15137878285080472,-0.38776423397000215,rejected,0.02161817987141022,0.6981905157265953
overnight20 q0 & rel_ind60 q1,0.00026830177362311786,0.28279183130101904,-0.2552184031739584,rejected,0.0,0.798554417942381
dist_ma50 q3 & gap_today q3,0.0005718338611813525,0.5208344001445601,0.014751257247460783,rejected,0.0033876663886157725,0.9882306264265124
frog q4 & mom_12_1 q3,-0.0003694545587025429,-0.32059180539302085,-0.21355834912014707,rejected,0.013079228508274738,0.830891482599372
ear q4 & log_dv q3,5.30928149906919e-05,0.10210847771014596,-0.4283703846035658,rejected,0.0,0.6683814826638315
atr_pct q1 & ind_mom20 q1,-0.0002372106597776836,-0.12540676763846453,-0.3993752957121276,rejected,0.02279741827234328,0.6896166941134645
rel_ind60 q2 & vol_ratio q0,-0.0001418920034336266,-0.04092405631503624,-0.47737150174945825,rejected,0.025354929819456792,0.6330976036927721
intraday20 q0 & r60 q4,-0.00013118092009606406,-0.3167061584226,0.18199769642171648,rejected,0.0,0.8555845337007777
r5 q2 & rel_ind20 q4,-0.00028394215152835933,-0.1990308127530611,-0.2904129608929109,rejected,0.01874256023335844,0.771500329410668
frog q4 & skew60 q3,0.00027697269454094093,0.20403054127971765,0.2781357226977098,rejected,0.014615301078232156,0.7809081744373276
close_loc q2 & gap_today q0,0.0003293896282634498,0.3640311448170212,-0.11798219970766474,rejected,0.0,0.9060817619416064
atr_pct q3 & r5_nonews q2,0.0003066241764498766,0.3047054329805215,-0.17427641126954663,rejected,0.0,0.8616482366293303
close_loc q1 & days_since_earn q3,0.0003300342739663769,0.34243922758887824,-0.12763429421927439,rejected,0.0,0.8984383902173272
atr_pct q3 & range_compress q4,0.0002010735672266558,0.19433012005590888,0.26727172405762006,rejected,0.01473918374477705,0.7892599560307361
days_to_earn q4 & r60 q3,-0.00046567135608587755,-0.3823159928319086,-0.07210773736245792,rejected,0.013388102593429149,0.9425161687322497
r1 q3 & r20 q1,-0.0003998148375496072,-0.324031591287927,-0.12730643264100314,rejected,0.005137741413993699,0.8986978692234356
mom_12_1 q4 & vol20 q3,2.5771977270001988e-05,-0.012857543464457876,0.4327648642420377,rejected,0.0,0.6651856013930939
earn_in_week q4 & r5 q1,-0.00022436330777886998,-0.10998440794134537,-0.334065347985973,rejected,0.01587126467786367,0.7383302477090772
dist_ma50 q4 & vol_ratio q3,-0.00037369176020414724,-0.4327704427671868,-0.0102046180289447,rejected,0.0025097576288086797,0.9918580341356161
gap_today q2 & r60 q4,0.0001772805202771088,0.21794855222524226,-0.2231370784681303,rejected,0.0,0.8234288213097187
ind_mom20 q1 & vol20 q1,-0.0004915863946458417,-0.39555388618565873,-0.039382982607430075,rejected,0.00876794654542077,0.9685850472954308
gap_today q3 & r20 q2,-0.00036811311122131427,-0.32320159863680664,0.11078510860859511,rejected,0.0,0.9117867542639639
frog q3 & r1 q4,0.000325725914874054,0.38756421710758354,-0.03828388418777621,rejected,0.0,0.9694613399218177
max20 q1 & r20 q0,0.00018357455788975044,0.1319721916528191,0.29200501396767575,rejected,0.017130014827005317,0.7702827903735425
rel_ind60 q1 & vol_ratio q1,0.00019366028615898552,0.22003426243968022,-0.19965454585451486,rejected,0.0,0.8417507650893209
ins_buyers30 q2 & rel_ind20 q1,0.00012649723636871433,0.04856432098127056,0.36338814532650887,rejected,0.017680109710962066,0.7163149560732384
atr_pct q3 & gap_today q3,-0.0003441376273172245,-0.2977243341098758,-0.11011442892614934,rejected,0.010056969157399535,0.9123186251171593
dist_ma50 q2 & r60 q0,4.1943658455348976e-05,0.13501987561130865,-0.27059800635089004,rejected,0.0,0.786700229341679
min20 q3 & r5 q2,-0.00024106332317815234,-0.15861711458252675,-0.24334580013216567,rejected,0.015648863058407677,0.8077375271083611
log_dv q3 & rel_ind60 q1,0.0003971524677468455,0.3258980631532368,0.07483280338406022,rejected,0.012676669173889736,0.9403477416556522
dist_52wh q1 & log_dv q4,-0.00012788830340839416,-0.15456346944086338,0.24515235352013254,rejected,0.0,0.8063384671704689
ins_buyers30 q2 & r5 q3,0.00011231999810731233,0.15545041763039927,-0.2438150689939622,rejected,0.0,0.8073740491001792
ins_opportunistic30 q2 & range_compress q2,-0.0003898630199968289,-0.34040737186458825,-0.05667661706674688,rejected,0.0118922007685162,0.9548028009452746
dist_ma50 q4 & gap_today q2,2.882642259117473e-05,0.0787067085141356,-0.3177170071539185,rejected,0.0,0.7506996093315501
ind_mom60 q3 & r60 q0,0.00018150378867742365,0.2947228555696628,0.09829544857015017,rejected,0.009960240830533538,0.9216976921962566
close_loc q4 & rel_ind60 q3,-0.00030582503793604,-0.2640142803701331,-0.11760047533513167,rejected,0.006579091217610549,0.9063842282977942
dist_ma50 q4 & ind_mom20 q1,-0.00019293718657553712,-0.23130948329351178,-0.14940692670596775,rejected,0.007570106253290681,0.8812325463580019
frog q4 & rel_ind60 q4,0.0002025049256212535,0.1990140937028901,0.17818758990777886,rejected,0.011650590337854424,0.8585756555791983
dist_ma50 q2 & vol_ratio q1,-0.0002563997567744421,-0.2898879800647274,0.08518791244990351,rejected,0.0,0.9321120001159432
r5_nonews q0 & vol_surge5 q3,0.0002498532364321574,0.2773584612998931,-0.09310197099178635,rejected,0.0,0.9258225516141946
atr_pct q0 & skew60 q4,-0.00021786568135560692,-0.23352144722587176,0.12478891524157525,rejected,0.0,0.9006906631482573
overnight20 q1 & skew60 q0,0.00023966206087901762,0.18436370465810648,0.17259954101766267,rejected,0.012858027171173828,0.8629662126979888
close_loc q4 & overnight20 q0,-0.00034269618023167515,-0.3281337554290325,0.027052268802387786,rejected,0.0,0.9784180447899385
dist_ma200 q4 & rel_ind60 q1,0.00015429596079637355,0.278187081533865,0.06592987588897362,rejected,0.012168541359667426,0.947433654802282
max20 q2 & vol20 q0,-0.0003303104348792481,-0.3261817982937519,-0.011387951553450336,rejected,0.00245084041471864,0.9909139256653476
intraday20 q1 & r60 q4,-6.182107920262402e-05,-0.12267531429723152,0.20903695515547213,rejected,0.0,0.8344193897863662
ind_mom20 q1 & max20 q3,-7.216350683808022e-05,-0.1118143690006986,0.21348834449324203,rejected,0.0,0.8309460793230936
ev_shelf q2 & max20 q3,0.00017032793946243396,0.10268775938798864,0.22153308617458758,rejected,0.014042848627404523,0.8246773774625311
mom_12_1 q4 & vol_ratio q4,-0.00025520375626873884,-0.26519048380492843,-0.05642828632412736,rejected,0.01171773376013977,0.955000623620974
overnight20 q2 & r5 q3,-1.8903014387515998e-05,-0.06607832415496073,0.25440849279770883,rejected,0.0,0.7991799904671762
ear_volsurge q3 & rel_ind60 q2,0.0001259060390493776,0.05897071045191968,0.25649831582742466,rejected,0.013163526112728393,0.7975660807289965
dist_ma50 q4 & rel_ind60 q2,-0.0001813133428026982,-0.19234073550968375,-0.11663335954213964,rejected,0.0073669888019698955,0.9071506010366138
log_dv q3 & vol_ratio q0,-0.000288310175952009,-0.26268928129411767,-0.045854223968080185,rejected,0.010460334785409586,0.9634264397518713
ear q2 & r1 q0,-0.00019453225183834683,-0.1889652173082392,-0.11040828394684873,rejected,0.009011651535465971,0.91208558365678
atr_pct q1 & intraday20 q0,9.44569574057898e-06,0.058942124566192904,-0.22924872956101652,rejected,0.0,0.8186756001819897
ind_mom60 q1 & r5_nonews q0,0.00012302183308059858,0.18956784741574279,-0.09399677711255151,rejected,0.0,0.9251117168941235
frog q4 & gap_today q3,-0.0002889048921993459,-0.26604986441572887,-0.009364559353383156,rejected,0.002231504108516807,0.992528271878871
dist_ma50 q4 & r5_nonews q2,-0.00013425847037400697,-0.14738074259296452,0.11644028154167697,rejected,0.0,0.907303612445315
r5_nonews q2 & vol20 q3,0.00018219396551357118,0.1834121115529287,-0.05206777574944575,rejected,0.0,0.9584746893495707
dist_52wh q1 & ear_volsurge q3,-0.00021072008668693526,-0.17835441321350354,-0.03905113839833289,rejected,0.007996663395294604,0.9688496171357274
ear q2 & min20 q0,4.685888852358532e-05,0.02506972642798051,0.18996506289141218,rejected,0.008033351753308722,0.8493365077567903
mom_12_1 q4 & rel_ind60 q2,-0.00010254732056994797,-0.12486609909063977,0.08804757809728873,rejected,0.0,0.9298388610975233
mom_12_1 q4 & r20 q0,-5.158838636787108e-05,-0.02515958578072467,-0.18589227030572977,rejected,0.009031932648209985,0.8525292439561947
days_to_earn q2 & vol_ratio q1,-0.00010646098216618776,-0.10203596604692158,0.10252907079022792,rejected,0.0,0.9183367392774473
atr_pct q3 & dist_ma50 q2,-0.00011465703014257299,-0.11723297651541582,0.08664454709395358,rejected,0.0,0.930954055562101
close_loc q4 & ear_volsurge q1,-9.949207318286854e-05,-0.06900499080612746,-0.12891820933091164,rejected,0.004406209740840735,0.8974223679434068
ind_mom60 q1 & r1 q0,-0.00010601676559671823,-0.12924366974006543,-0.06759186100611499,rejected,0.01119196148210373,0.9461105345593095
close_loc q1 & ev_agreement q4,0.00011006822920426687,0.1316926430501656,0.06478062245592088,rejected,0.012025294654528312,0.9483486700782231
earn_in_week q4 & vol20 q3,-8.016373610972815e-06,-0.07937511119860247,0.11686857985791228,rejected,0.0,0.9069641971338704
ev_agreement q4 & frog q4,-8.491737557155489e-06,-0.04212817217552972,0.14815278986880662,rejected,0.0,0.8822221887878715
dist_ma200 q3 & ind_mom20 q3,-1.9763346235548262e-05,0.00928726086472219,-0.17500068407932742,rejected,0.0,0.8610790960624995
dist_ma50 q4 & frog q4,-9.411011657421338e-05,-0.09073687955560103,-0.07786435862947828,rejected,0.009520951792783186,0.9379359509960239
close_loc q4 & r5_nonews q0,-1.7118754619213422e-06,-0.0297180728269023,0.13563673566848727,rejected,0.0,0.8921084629421577
close_loc q4 & mom_12_1 q0,4.110842989770588e-05,0.02625430400796705,0.13864683585180237,rejected,0.005412579104341144,0.8897292310435281
days_since_earn q1 & r5_news q4,-2.037091801200562e-05,-0.050247236530380546,-0.10068365961638895,rejected,0.009185029205675023,0.9198015831883156
ev_agreement q4 & vol_ratio q1,2.6698450050624745e-05,0.049625244272966655,0.09535362263115571,rejected,0.008319904998401816,0.9240339519413755
frog q1 & gap_today q0,4.105474318337867e-05,0.06615485239658131,-0.06648424334936164,rejected,0.0,0.9469923019385567
gap_today q2 & r1 q3,-4.353561922709204e-05,-0.05532764106078923,0.07704726342789646,rejected,0.0,0.9385859459061267
days_to_earn q4 & vol_ratio q1,-5.411290746836479e-05,-0.06465781674410032,0.0477765294434282,rejected,0.0,0.961894341981473
frog q4 & r60 q4,-7.47464489540333e-06,-0.011918759640545737,0.03056601154088097,rejected,0.0,0.9756156483383109
rel_ind60 q2 & vol_surge5 q2 unless ind_mom20 q4,0.0024652696581481622,2.1066137413938155,3.204516186232862,rejected,0.0,0.001352896831028802
rel_ind60 q2 & vol_surge5 q2 unless gap_today q4,0.002184332362114193,1.617684065477605,3.172367017866515,rejected,0.0,0.001512017887820807
gap_today q2 & r60 q0 unless r5_news q0,0.0015573178202992184,1.904215631965938,2.7910663142611005,rejected,0.0,0.005253470766077659
gap_today q2 & r60 q0 unless r5_nonews q4,0.0016317519367793842,2.083748016069598,2.599038010570755,rejected,0.0,0.009348542098308082
rel_ind60 q2 & vol_surge5 q2 unless close_loc q4,0.0021945048593825633,1.8241222493180551,2.82463341913193,rejected,0.0,0.004733473681346782
gap_today q2 & r60 q0 unless ev_agreement q4,0.001346421145749285,1.5762463699547902,3.0559662940563133,rejected,0.0,0.0022433647338171653
rel_ind60 q2 & vol_surge5 q2 unless ind_mom20 q0,0.0013785448957771488,0.9039965344478931,3.6211883620096765,rejected,0.0,0.0002932529012881104
atr_pct q1 & vol_surge5 q4 unless dist_52wh q4,0.00028664090772968055,1.055221261800698,-3.45695676091732,rejected,0.0,0.0005463124997105406
rel_ind60 q2 & vol_surge5 q2 unless r5_news q4,0.0018537163114293713,1.2847539439988727,3.1934583576866262,rejected,0.0,0.001405796116331826
rel_ind60 q2 & vol_surge5 q2 unless ev_offering q4,0.001834901115963625,1.2736397279660743,3.1797775916887114,rejected,0.0,0.0014738812686893197
gap_today q2 & r60 q0 unless range_compress q4,0.0012419782393797078,1.4530806343519667,2.98624144078882,rejected,0.0,0.0028242955999033107
gap_today q2 & r60 q0 unless vol20 q0,0.001195651473856829,1.372728139898375,3.056598098569546,rejected,0.0,0.0022386421390557867
gap_today q2 & r60 q0 unless r120 q4,0.0012572495605642454,1.4642910961065059,2.9615387706491703,rejected,0.0,0.00306105951681797
gap_today q2 & r60 q0 unless ev_offering q4,0.00124662664674054,1.4466461798966677,2.932869491820528,rejected,0.0,0.0033584503330785064
gap_today q2 & r60 q0 unless frog q4,0.0014769805066145011,1.8603984423723996,2.497392740717351,rejected,0.0,0.01251103072885175
rel_ind60 q2 & vol_surge5 q2 unless vol_ratio q0,0.0015916906831410045,1.332581249562847,2.976775606159592,rejected,0.0,0.002912971291867784
rel_ind60 q2 & vol_surge5 q2 unless dist_52wh q4,0.001797395192453415,1.4216607442301816,2.8668162933258228,rejected,0.0,0.004146236131106915
rel_ind60 q2 & vol_surge5 q2 unless frog q4,0.0016633865645357098,1.210720384585364,3.0070080567791737,rejected,0.0,0.002638327703214918
gap_today q2 & r60 q0 unless rel_ind60 q4,0.0012183125377187786,1.4514603614568928,2.744819586825911,rejected,0.0,0.006054417177281397
rel_ind60 q2 & vol_surge5 q2 unless dist_ma50 q4,0.0018293746613394022,1.4071746614025258,2.7889764289349195,rejected,0.0,0.005287491315287991
rel_ind60 q2 & vol_surge5 q2 unless ins_value30 q4,0.0015903561300295588,1.1680805872628188,3.0224970611006357,rejected,0.0,0.0025069851712529907
gap_today q2 & r60 q0 unless r5_news q4,0.0012113850011047356,1.2930411449029497,2.846510797468558,rejected,0.0,0.0044201230213688734
atr_pct q1 & vol_surge5 q4 unless overnight20 q4,-0.0014947285269437105,-0.7567638833815991,-3.372641895449244,rejected,0.0,0.0007445071356635715
rel_ind60 q2 & vol_surge5 q2 unless vol_ratio q4,0.0014038594590526582,0.9907253472755999,3.105467098477645,rejected,0.0,0.001899787548104242
gap_today q2 & r60 q0 unless ev_red_flag q4,0.0011058445828078399,1.0763999217060023,3.018891721165879,rejected,0.0,0.0025370118742594062
gap_today q2 & r60 q0 unless ear_volsurge q4,0.0011103126856739573,1.418727673581892,2.6647302012945397,rejected,0.0,0.007705011125293193
atr_pct q1 & vol_surge5 q4 unless ev_agreement q4,-0.001434785215604285,-0.6451977938437793,-3.417555616652356,rejected,0.0,0.0006318618265402249
gap_today q2 & r60 q0 unless intraday20 q4,0.0011343976810971152,1.2631397283927635,2.7927837244258265,rejected,0.0,0.005225661770716875
rel_ind60 q2 & vol_surge5 q2 unless vol_surge1 q0,0.0016613993366929646,1.221626683848498,2.832644689697717,rejected,0.0,0.004616466820876753
atr_pct q1 & vol_surge5 q4 unless days_to_earn q4,-0.0016800992471924232,-0.9924001743278372,-3.044506072384344,rejected,0.0,0.0023306272528376875
gap_today q2 & r60 q0 unless close_loc q0,0.001216656304209075,1.7337532630163037,2.268533291871571,rejected,0.0,0.02329672225018168
rel_ind60 q2 & vol_surge5 q2 unless frog q0,0.0016658284919844548,1.3577028457265665,2.6318503669967592,rejected,0.0,0.008492125515994754
atr_pct q1 & vol_surge5 q4 unless ev_offering q4,-0.001344140289122639,-0.4825874095141518,-3.4257616413422567,rejected,0.0,0.0006130781413175015
gap_today q2 & r60 q0 unless mom_12_1 q4,0.0010759764754510602,1.3666377073628633,2.537071905628852,rejected,0.0,0.011178399141209957
rel_ind60 q2 & vol_surge5 q2 unless r120 q4,0.0017316062191265855,1.4142739668324802,2.482174704640444,rejected,0.0,0.013058323510406923
gap_today q2 & r60 q0 unless close_loc q4,0.001196471079373806,1.4183213718967458,2.3708923829934485,rejected,0.0,0.01774519706484714
atr_pct q1 & vol_surge5 q4 unless ins_officer30 q4,-0.0013895533221814603,-0.5659223639060469,-3.207286105474602,rejected,0.0,0.0013399366199337744
atr_pct q1 & vol_surge5 q4 unless r120 q4,-0.0009426117143367659,-0.0735887424525823,-3.6227637507504524,rejected,0.0,0.0002914720135586376
atr_pct q1 & vol_surge5 q4 unless ins_opportunistic30 q4,-0.0013653828760805994,-0.558982234556885,-3.1137266558859884,rejected,0.0,0.0018474055385199926
atr_pct q1 & vol_surge5 q4 unless r20 q0,-0.001483365579682567,-0.6967372328108874,-2.96744537352019,rejected,0.0,0.0030028563665929846
atr_pct q1 & vol_surge5 q4 unless dist_52wh q0,-0.0013780033545267496,-0.619532028236593,-3.030823713753541,rejected,0.0,0.002438875958687227
atr_pct q1 & vol_surge5 q4 unless overnight20 q0,-0.001436342615265685,-0.6921207238171155,-2.949863352187126,rejected,0.0,0.003179145039310977
gap_today q2 & r60 q0 unless r5_nonews q0,0.0007109769677956379,0.6999050880408683,2.938954287405965,rejected,0.0,0.0032932164181120366
atr_pct q1 & vol_surge5 q4 unless frog q0,-0.0012363255014108325,-0.4451461155764474,-3.1828120859944344,rejected,0.0,0.0014585223889774202
rel_ind60 q2 & vol_surge5 q2 unless r5_news q0,0.001551022777979358,0.6630744341695074,2.961871045604074,rejected,0.0,0.003057758193131079
gap_today q2 & r60 q0 unless ear_volsurge q0,0.0010900350921069987,1.4521759292367649,2.161417375089168,rejected,0.0,0.030663113127941132
rel_ind60 q2 & vol_surge5 q2 unless vol_surge1 q4,0.0013138201003547506,1.0291476942902957,2.569027926367893,rejected,0.0,0.010198423846617736
rel_ind60 q2 & vol_surge5 q2 unless ear_volsurge q0,0.0014126766603754749,1.275748569764931,2.321305269853907,rejected,0.0,0.020270374023449826
gap_today q2 & r60 q0 unless frog q0,0.0010550587164510354,1.408991630353512,2.1783292787095583,rejected,0.0,0.029381530884582934
gap_today q2 & r60 q0 unless days_since_earn q4,0.0009198457894720511,1.1522726180396787,2.433246976373259,rejected,0.0,0.01496408998558885
atr_pct q1 & vol_surge5 q4 unless rel_ind20 q0,-0.0013968534585816219,-0.7235615814877846,-2.8557916458298735,rejected,0.0,0.004292967511027868
atr_pct q1 & vol_surge5 q4 unless ear_volsurge q0,-0.000680304548695999,-0.07507667159010946,-3.4938702695833577,rejected,0.0,0.00047607229883923685
rel_ind60 q2 & vol_surge5 q2 unless r120 q0,0.00169299045733092,1.2784827797527554,2.2647359837735626,rejected,0.0,0.023528885907403877
rel_ind60 q2 & vol_surge5 q2 unless ev_shelf q4,0.0013786264405408072,0.47388972992894457,3.055680183774321,rejected,0.0,0.002245506344453857
atr_pct q1 & vol_surge5 q4 unless r60 q0,-0.0014181218332715193,-0.6721060659927897,-2.8413165025295193,rejected,0.0,0.004492769895763727
rel_ind60 q2 & vol_surge5 q2 unless ear_volsurge q4,0.0013334777391682227,0.9466510152456467,2.5443925988819776,rejected,0.0,0.01094679700959934
atr_pct q1 & vol_surge5 q4 unless r120 q0,-0.001305416124959781,-0.5925274905876124,-2.8984965858954044,rejected,0.0,0.003749563910446758
gap_today q2 & r60 q0 unless days_since_earn q0,0.000896544097147069,0.9933882575058254,2.438533144797129,rejected,0.0,0.014747006250554797
days_since_earn q0 & ind_mom60 q1 unless r60 q4,0.00023701379472103668,-0.08236050743401749,3.315935885676308,rejected,0.0,0.000913367806191282
days_since_earn q0 & ind_mom60 q1 unless r1 q0,0.0003792121582109044,-0.03651465264698388,3.349267403117386,rejected,0.0,0.0008102555516724428
atr_pct q1 & vol_surge5 q4 unless r60 q4,-0.0005310857735206012,0.18131509540283855,-3.199271262086868,rejected,0.0,0.0013777546810884473
days_since_earn q0 & ind_mom60 q1 unless r5_news q4,-0.00023580819019439986,-0.6495974732152936,2.712346226686024,rejected,0.0,0.006680877104564766
days_since_earn q0 & ind_mom60 q1 unless r20 q4,-0.00013930075070766595,-0.5884567945755079,2.767914895080543,rejected,0.0,0.0056416185642334474
rel_ind60 q2 & vol_surge5 q2 unless dist_52wh q0,0.0014462886104919443,1.1073586055047424,2.151280969038363,rejected,0.0,0.03145402945276538
days_since_earn q0 & ind_mom60 q1 unless dist_ma200 q4,0.00019774714536775913,-0.15840642668264,3.0924480979949127,rejected,0.0,0.001985129440618845
atr_pct q1 & vol_surge5 q4 unless frog q4,-0.001215229290762776,-0.7458612158554464,-2.4863522929351984,rejected,0.0,0.012906013309252002
days_since_earn q0 & ind_mom60 q1 unless frog q0,0.0006758929862445211,0.5181264405283686,2.7140838222922596,rejected,0.0,0.006645934768416427
atr_pct q1 & vol_surge5 q4 unless r20 q4,-0.0007643105421402495,0.0455787293791538,-3.139130898429669,rejected,0.0,0.0016944973600207128
days_since_earn q0 & ind_mom60 q1 unless close_loc q4,0.00014687616945304886,-0.27463779108303116,2.9086543228706163,rejected,0.0,0.003629879742317036
rel_ind60 q2 & vol_surge5 q2 unless close_loc q0,0.0012094341177711053,0.9199715250404609,2.2370383456228415,rejected,0.0,0.025283833954743942
days_since_earn q0 & ind_mom60 q1 unless gap_today q0,0.0011532803749817453,0.601983289468829,2.4976290266721413,rejected,0.0,0.012502695665666934
days_since_earn q0 & ind_mom60 q1 unless mom_12_1 q4,0.00027862351439129717,-0.03942967266542113,3.0430398630238478,rejected,0.0,0.0023420130661157296
atr_pct q1 & vol_surge5 q4 unless ear_volsurge q4,-0.0009105619072331726,-0.256411059547213,-2.804707364286026,rejected,0.0,0.005036228076471583
days_since_earn q0 & ind_mom60 q1 unless ev_offering q4,0.00027197156728580213,-0.060845399920599924,2.978066183775901,rejected,0.0,0.0029007334032701655
days_since_earn q0 & ind_mom60 q1 unless news5 q4,-0.00031558974198767233,-0.7535845096398556,2.2243535540456936,rejected,0.0,0.026124666170443282
days_since_earn q0 & ind_mom60 q1 unless close_loc q0,-1.4582967803087974e-05,-0.3561318149117411,2.620536702878902,rejected,0.0,0.008779147939523769
days_since_earn q0 & ind_mom60 q1 unless ev_red_flag q4,0.0002387998585346739,-0.10622543118817644,2.8595116081808767,rejected,0.0,0.004242938893355937
days_since_earn q0 & ind_mom60 q1 unless earn_in_week q4,0.0002772954152808431,-0.04978530270855925,2.9132973724158178,rejected,0.0,0.003576338522197798
days_since_earn q0 & ind_mom60 q1 unless overnight20 q4,-5.989245848784197e-05,-0.4069613081402657,2.5256043486075828,rejected,0.0,0.011549947534252597
days_since_earn q0 & ind_mom60 q1 unless frog q4,-5.2032334666361876e-05,-0.40901327068775406,2.512541573354327,rejected,0.0,0.011986498113488469
days_since_earn q0 & ind_mom60 q1 unless r1 q4,-5.4849954605814524e-05,-0.36149469175984034,2.558582075339157,rejected,0.0,0.010510000719815747
days_since_earn q0 & ind_mom60 q1 unless mom_12_1 q0,6.617336342504821e-05,-0.2680609986078178,2.6292741397147257,rejected,0.0,0.008556735097090944
rel_ind60 q2 & vol_surge5 q2 unless dist_ma50 q0,0.0012690270566022696,0.9753866726813333,1.9157394149374973,rejected,0.0,0.05539827278173951
days_since_earn q0 & ind_mom60 q1 unless r5_news q0,9.503769005459705e-05,-0.13806607689067082,2.6249409080978623,rejected,0.0,0.008666400634848984
days_since_earn q0 & ind_mom60 q1 unless r5 q4,0.0003214781931861429,-0.10652095512009287,2.5829434699089373,rejected,0.0,0.009796137277181583
gap_today q2 & r60 q0 unless mom_12_1 q0,0.00030688602681738385,-0.27718736427781204,2.2842903857382595,rejected,0.0,0.02235447055812897
days_since_earn q0 & ind_mom60 q1 unless gap_today q4,7.407888155402412e-05,-0.12578270495059984,2.4240284459758676,rejected,0.0,0.015349403118652866
atr_pct q1 & vol_surge5 q4 unless rel_ind20 q4,-0.0008127695960258366,-0.14295956730469073,-2.368043876003565,rejected,0.0,0.01788241506070598
days_since_earn q0 & ind_mom60 q1 unless r5 q0,0.00016264851983152282,-0.08026307707025243,2.430423806976113,rejected,0.0,0.015081176608267466
rel_ind60 q2 & vol_surge5 q2 unless gap_today q0,0.0010014033710707133,0.4537804949859113,1.9958578055362572,rejected,0.005457225394299534,0.04594940263105974
days_since_earn q0 & ind_mom60 q1 unless overnight20 q0,0.000442842436523448,0.32006676778044724,2.093951076556174,rejected,0.007293850999500415,0.036264338622073226
atr_pct q1 & vol_surge5 q4 unless days_to_earn q0,-0.0004590138733199983,0.020242820112711314,-2.389049360125147,rejected,0.0,0.01689203269764497
gap_today q2 & r60 q0 unless range_compress q0,0.00047473206374723753,0.5899531552479008,1.7943004812511496,rejected,0.023464586369248794,0.07276522134152212
gap_today q2 & r60 q0 unless r120 q0,0.000576012921346057,0.5712800007744216,1.7738149926937972,rejected,0.03316177468251799,0.07609375735127744
days_since_earn q0 & ind_mom60 q1 unless dist_ma200 q0,-0.0006465338421062602,-0.9563194043781763,1.3611270173545764,rejected,0.0,0.17347355298268344
days_since_earn q0 & ind_mom60 q1 unless r60 q0,-0.0002989201869922182,-0.5906615454423461,1.6608688326885739,rejected,0.0,0.09673979308823737
gap_today q2 & r60 q0 unless vol20 q4,2.526506601401377e-05,-0.20847695109087347,1.7797866946652456,rejected,0.0,0.07511087592701814
gap_today q2 & r60 q0 unless intraday20 q0,0.0005617748946682661,0.7617012354942035,1.043441710218245,rejected,0.059539519113398186,0.2967437641587114
days_since_earn q0 & ind_mom60 q1 unless r20 q0,-2.9229503748145994e-05,-0.23432079789410135,1.430244459995459,rejected,0.0,0.15264686909278236
gap_today q2 & r60 q0 unless rel_ind60 q0,0.0006636125273042418,1.2598681489748327,0.18620721361850584,rejected,0.015285512306114768,0.8522822672430757
