key_named,effect,t_conf,t_disc,status,p_real,p_coincidence
vol_surge1 q3,-0.0001847965503983954,-2.392261870633763,-1.413815586721188,rejected,0.14853939421302914,0.15741605585979423
ear q1,-0.00018462687667050118,-2.4456680278176055,-1.3164837880147275,rejected,0.12066682817551333,0.18801171627011481
r20 q0,5.949219262520846e-05,2.365382351457064,-1.3342362331074655,rejected,0.0,0.18212644837580247
intraday20 q3,0.00012860745096870174,1.2461992155538235,2.183153589597822,rejected,0.18752648222710666,0.02902450122066315
news5 q1,-0.00013881589760769027,-0.8803218285905557,-2.548665961102034,rejected,0.23674958706795726,0.010813582146679273
rel_ind60 q1,-2.6426680766166653e-06,1.177888900030818,-2.129711797842736,rejected,0.0,0.03319541437094077
days_to_earn q3,9.666332723181958e-06,-1.454505488231198,1.8508503292799146,rejected,0.0,0.0641910882084045
rel_ind20 q3,9.527656904674139e-06,-1.5660544167067358,1.7287860277209308,rejected,0.0,0.08384739774846799
r120 q1,-2.0579848349750465e-05,1.1919581797917287,-2.0508292884488193,rejected,0.0,0.040283574255093206
days_since_earn q3,-3.9338767499303906e-05,0.7831939210059161,-2.3193341152616593,rejected,0.0,0.020376927006698006
days_to_earn q1,-0.0001094684484269777,-0.06944456030726735,-3.018495006951009,rejected,0.32382092748289476,0.002540335878148917
intraday20 q0,4.058093460696698e-05,1.746433662233112,-1.319781681167142,rejected,0.0,0.1869079194904967
r120 q2,8.886340241600737e-06,-0.9937337287313863,1.8925559335593656,rejected,0.0,0.058416948650692635
gap_today q0,0.00011580222849405629,1.879750403965352,1.000293523005868,rejected,0.07004455541461393,0.31716848076129844
overnight20 q3,-0.00013799319749323148,-1.5778086220090437,-1.2631605148747131,rejected,0.11155522152816881,0.20653149977950777
r20 q4,-9.803332430500924e-05,-1.5908469625621056,-1.2339658626720387,rejected,0.12203963346214974,0.2172156251029403
ins_officer30 q2,3.449678254596611e-05,-0.32601606370178854,2.4845061959730423,rejected,0.0,0.012973125053666256
days_since_earn q1,2.3101976670981555e-05,-1.0088320770094898,1.7652253760415866,rejected,0.0,0.07752589539832555
r20 q3,6.197173878886569e-05,-0.20135842097833698,2.5634167172055524,rejected,0.0,0.010364756377845568
skew60 q1,7.50773892661884e-05,1.8474340167424161,-0.8751534366984961,rejected,0.0,0.3814904248679012
vol_ratio q4,-0.00011280262858978054,-1.6838548277604222,-0.9799929506239493,rejected,0.06187398635962243,0.32708959837322804
min20 q4,0.0001060866008370347,1.083602957152667,1.5547547892066496,rejected,0.12011431548721146,0.1200044803731837
close_loc q1,-1.725364852937325e-05,0.84470416499571,-1.768980216322857,rejected,0.0,0.07689717617167682
mom_12_1 q2,0.00010570867427733309,1.8174786292104363,0.7822537287206518,rejected,0.06455321751466438,0.4340654742055081
ins_buyers30 q2,3.7505844579626146e-05,-0.5243985426556836,2.054644862520209,rejected,0.0,0.039913319144507194
ins_value30 q2,3.7505844579626146e-05,-0.5243985426556836,2.054644862520209,rejected,0.0,0.039913319144507194
range_compress q1,-3.789072185877388e-05,0.4574688553183173,-2.061841727975868,rejected,0.0,0.03922280686416473
mom_12_1 q3,7.061949925799495e-05,-0.23865000131000808,2.2646604656190537,rejected,0.0,0.0235335233020427
ins_officer30 q4,-9.79861170096895e-06,0.2625360851270774,-2.212645246632186,rejected,0.0,0.02692211299678357
frog q1,9.223818249129664e-05,1.8627847294874218,-0.574689422497006,rejected,0.0,0.5655013623923273
r5_news q4,5.640754985024075e-05,0.9325272757098166,1.4806181405897014,rejected,0.11139028489965787,0.1387083585575086
ind_mom20 q0,6.674339274022783e-05,2.1211602019845355,-0.23005174298480222,rejected,0.0,0.8180515626978858
mom_12_1 q0,-5.918702727056112e-05,-0.48436249937913955,-1.8574367647473728,rejected,0.13103673404634694,0.06324903996381998
gap_today q3,-7.577341869750502e-05,0.11038926041218682,-2.224009515118125,rejected,0.0,0.026147804064988244
dist_52wh q1,-8.757337467445548e-05,-0.7669951639393889,-1.565038892059778,rejected,0.10779237945793248,0.11757379034959412
rel_ind20 q0,4.942362544864396e-05,1.5443830161185628,-0.7826801210832476,rejected,0.0,0.43381497860401386
dist_ma200 q0,4.360276885359097e-05,1.9377660571974018,-0.3400051473377601,rejected,0.0,0.7338526516034336
r5 q1,4.38197701221089e-05,-0.32107103636088974,1.9530055114824016,rejected,0.0,0.050818942119272244
dist_ma200 q4,-5.976473341152411e-05,-1.861761291095099,0.4061620813051715,rejected,0.0,0.6846235132329737
r20 q2,1.714638226114771e-05,-0.9080010264649439,1.334472396939845,rejected,0.0,0.18204908730449923
vol_surge1 q1,0.00011228407040338512,1.2449590979678402,0.9810096436512399,rejected,0.059235308550681556,0.32658798594914007
ins_buyers30 q4,-1.1295218443358114e-05,0.4209062064731968,-1.7826698382835415,rejected,0.0,0.07464006393660347
ins_value30 q4,-1.1295218443358114e-05,0.4209062064731968,-1.7826698382835415,rejected,0.0,0.07464006393660347
rel_ind20 q4,-9.559757987917465e-05,-1.618094405414202,-0.5587364945154283,rejected,0.05280564426321887,0.5763415688876805
r120 q3,-3.484764739896304e-05,-1.2774091104110794,0.8921397050010514,rejected,0.0,0.3723180553474373
ev_shelf q2,9.176367972812285e-06,-0.4671059852544079,1.638618394476474,rejected,0.0,0.10129275899858725
ev_red_flag q2,-9.294008337221758e-05,-1.2694934749134363,-0.8328270664768666,rejected,0.055606754973813365,0.40494226741460476
range_compress q2,8.373515247070785e-05,0.7140876833056667,1.3874112486756514,rejected,0.11489415765514638,0.16531639688926572
dist_ma50 q4,-6.845890214571448e-05,-1.049498297672847,-1.0483054195566874,rejected,0.0739785886767252,0.29449791348616594
range_compress q4,1.9065169316791444e-05,-0.5561734096707868,1.5223059212578474,rejected,0.0,0.12793244510348187
dist_ma50 q2,2.4904687075535756e-05,-0.6089820520423432,1.4549965996891776,rejected,0.0,0.14567020285376683
ind_mom60 q3,1.4818739217483032e-05,-0.5432700409307704,1.4878676312030907,rejected,0.0,0.13678580550879188
dist_ma200 q3,5.4602507924615096e-06,-0.6895678960134842,1.3046277510086872,rejected,0.0,0.19201963396073418
ind_mom60 q1,7.76588356577054e-05,1.142647355867623,0.8275805861618067,rejected,0.05674913970921907,0.40790806658228745
r60 q3,9.7242521921418e-06,-0.6085271468988531,1.3580461117383582,rejected,0.0,0.17444905285938436
days_to_earn q0,8.168444239863786e-05,1.3322921108986994,0.6320524314699101,rejected,0.052759734115946096,0.5273526169302667
earn_in_week q1,7.651248603439322e-05,0.5416309029584051,1.3923965900921758,rejected,0.10474103836307817,0.16380233648764467
log_dv q1,8.81698809208186e-05,1.0501387712437404,0.8820869654396806,rejected,0.05685382228238309,0.3777297804020649
vol_ratio q0,6.611588882384987e-05,1.3617682665267505,0.5461043069878819,rejected,0.047625356899738965,0.5849942393756664
r1 q2,8.818738908289522e-05,0.6435568297738702,1.2421129380086378,rejected,0.08918241238529437,0.21419489562637048
r120 q0,3.962943485534737e-05,1.5552007212008954,-0.32182758434476266,rejected,0.0,0.7475833158493774
ear q0,5.3435051081826065e-05,1.2025514768034036,0.6502188026424116,rejected,0.05374873396447361,0.5155508972513494
r1 q1,9.097128089268426e-05,0.8614281133123594,0.9880703711733364,rejected,0.053093740221365586,0.3231181852212981
gap_today q2,1.806610136438312e-05,-0.701336391186797,1.1455202579783197,rejected,0.0,0.2519937086240854
rel_ind60 q4,-7.82609454368279e-05,-1.4696977672042204,-0.3614330611232288,rejected,0.025292691930082104,0.7177757368181608
skew60 q3,-8.337745474469552e-05,-1.6234497143461701,0.20767329960063158,rejected,0.0,0.8354840669765854
overnight20 q4,1.2157951494788728e-05,-0.43461502235604027,1.387993429380789,rejected,0.0,0.16513904591777465
gap_today q1,-7.89112953605489e-05,-1.5050402343937102,0.3163256131076052,rejected,0.0,0.7517553720639785
log_dv q4,-8.440508707866924e-05,-1.1820997797953745,-0.6312675294250165,rejected,0.05185861181299262,0.527865614133259
log_dv q3,-8.155781580121207e-05,-0.8895789391693213,-0.9196851471472661,rejected,0.051696478432263444,0.3577373165327465
intraday20 q2,-9.933812490990222e-05,-1.5025402916385544,-0.27305282366286426,rejected,0.019672942286004375,0.7848126103719013
intraday20 q4,-7.982292213753657e-05,-1.6409605040229602,-0.13453390344435145,rejected,0.013442889088097197,0.8929804036925794
days_since_earn q0,7.867294642443684e-06,-0.5231281758548904,1.2423773553895159,rejected,0.0,0.21409736650739597
atr_pct q3,7.323751479273546e-05,1.5089682968268086,-0.2377536255586877,rejected,0.0,0.8120721887757092
ind_mom60 q0,-3.183802239613894e-05,0.038114329536837195,-1.6674462233505774,rejected,0.0,0.09542570913600885
overnight20 q0,4.987106301814966e-05,1.5092730250515611,-0.18927883817391997,rejected,0.0,0.8498742802184496
days_since_earn q2,-6.735979524440863e-05,-0.3495809254269498,-1.3465595826987669,rejected,0.08147669035431582,0.17812211861394897
ind_mom20 q2,-4.96397513819906e-05,-1.1965589485465506,0.4941393701054613,rejected,0.0,0.6212077550357886
dist_52wh q2,4.057584972739737e-05,-0.1940794682028172,1.4645934120884185,rejected,0.0,0.14303188045682802
r5_news q2,-9.486128622124012e-05,-0.5170267944537305,-1.1371084097769681,rejected,0.08848033434176243,0.25549296872822225
news5 q4,4.446661999523783e-05,0.5055608954218315,1.1485597038231625,rejected,0.085170267171068,0.25073758106721733
ind_mom60 q2,-7.63004000649737e-05,-1.5194215661922585,0.12381929776718092,rejected,0.0,0.9014583519851594
atr_pct q2,-8.645986286004954e-05,-1.3116597952984168,-0.3229384424252427,rejected,0.029125485018889858,0.7467418619411683
mom_12_1 q4,-5.651602404670863e-05,-1.0502189834918794,-0.5782559131516054,rejected,0.04276795481801961,0.5630913544874739
vol20 q0,5.472165303496762e-05,0.4309678514523676,1.1822210339422583,rejected,0.07977830186503562,0.23711800871695896
vol_surge5 q2,-6.071441055419465e-05,-1.3512415512858107,-0.26122414644511843,rejected,0.02150226243960064,0.7939196582352014
ev_offering q2,3.05433727683105e-05,1.2229832554873556,-0.3814006368440722,rejected,0.0,0.7029059885328615
r1 q4,-5.411711593893427e-05,-0.7520139115691415,-0.7983091541720068,rejected,0.053068782932960606,0.4246911070783177
days_to_earn q2,-6.128574372843502e-05,-0.019504176606058278,-1.511047715734125,rejected,0.07227482434982625,0.1307762942595443
range_compress q0,-4.036475005512281e-05,-0.8069165874283252,-0.7234263231763804,rejected,0.051320151023311986,0.46941800385935234
frog q3,-6.268927526204515e-05,-1.222936689329987,0.29895608789873923,rejected,0.0,0.764973550887615
ear_volsurge q0,4.6443156869162675e-05,0.6605934546144953,0.8529380026038487,rejected,0.04503740382279189,0.3936936858530462
ear q3,2.2784638437811906e-05,-0.3837587886555836,1.1243407062651611,rejected,0.0,0.26086851577727665
r5_nonews q4,-3.3746051260132354e-05,0.028325607908197555,-1.472010281493923,rejected,0.0,0.1410181011771456
r5_nonews q2,6.77060607254206e-05,0.5855438895007707,0.8915924517312699,rejected,0.048087967215034784,0.372611417483542
ear_volsurge q1,-6.145983629271048e-05,-0.567858519447908,-0.8998039255757504,rejected,0.04512835367264707,0.3682246049244681
dist_52wh q0,1.6778398463095287e-05,0.9369689064356342,-0.5242946726924362,rejected,0.0,0.6000736016258079
skew60 q4,-2.7404982083220452e-05,-0.8955830282979108,0.5614998693766783,rejected,0.0,0.5744568193351562
dist_ma50 q3,5.301788396930326e-05,0.20081439475565546,1.2545879635814474,rejected,0.0676366497114671,0.20962837512969476
r1 q3,-2.6603939503535145e-05,0.26253199402283417,-1.187462146294265,rejected,0.0,0.23504537926158497
min20 q3,-2.3249630107674426e-05,-0.7351515726206964,0.7012948205877518,rejected,0.0,0.48311904537698896
rel_ind20 q1,4.041772237318157e-05,0.9174775797584405,-0.5068644302827677,rejected,0.0,0.6122499447805146
atr_pct q0,4.1756128060946096e-05,0.1367711117622076,1.2863663635840863,rejected,0.06591130340045344,0.198315231673259
range_compress q3,7.256775170095745e-05,0.7746661055640365,0.6437326717572612,rejected,0.047562985282446846,0.5197487998246
max20 q2,8.297482748105863e-05,1.2793894959557508,0.12329169325838818,rejected,0.011579817372672902,0.9018761184677622
days_since_earn q4,4.566341404748043e-05,1.136010319308329,-0.26578340772500464,rejected,0.0,0.790406022471524
r5_nonews q1,3.6541814003350796e-05,-0.1031506249623056,1.2956160719003214,rejected,0.0,0.19510778920923527
vol_ratio q1,1.6927204538194584e-05,-0.33226149964635027,1.0661703116604686,rejected,0.0,0.2863466600376741
days_to_earn q4,2.4257945247956983e-05,-0.22106407556525492,1.1690818116942674,rejected,0.0,0.2423706711803091
ind_mom60 q4,9.920169803622192e-06,0.693924457898602,-0.6821540106056025,rejected,0.0,0.4951415713740629
ear q4,-3.74719698154302e-05,-0.24802098353003452,-1.123837239899459,rejected,0.0739518590905531,0.2610820799899479
ev_offering q4,-1.503139955619528e-05,-1.0060025147257585,0.3222200451451913,rejected,0.0,0.7472859998233805
r60 q0,3.167102265793244e-05,1.1591433574225276,-0.15815559262524476,rejected,0.0,0.8743341952160555
ear q2,7.907796187005689e-05,1.0897592901930697,0.21895661432341074,rejected,0.021433456134327417,0.8266838444356798
ind_mom20 q3,-3.277632249932293e-05,-0.9038204791809669,0.3882680081040062,rejected,0.0,0.6978177096419742
log_dv q0,2.6888038229356073e-05,0.9032964274422753,-0.3811982194202769,rejected,0.0,0.7030561702545245
rel_ind60 q2,6.026818091721563e-05,0.3384487106202116,0.9366263504797505,rejected,0.03926680604571979,0.34895079269746565
close_loc q2,6.391063295882094e-05,0.901851422032126,0.3371360710416984,rejected,0.024522530301387502,0.7360143267347485
close_loc q3,-2.6846888860741744e-05,-0.7403215504776968,0.49522852807100154,rejected,0.0,0.6204388152432243
gap_today q4,-4.078434560842112e-05,-0.3860611014847666,-0.8490650852339471,rejected,0.038356406420577846,0.3958450771043818
rel_ind60 q3,3.0758803807343026e-06,-0.38997932475371794,0.8140467959251209,rejected,0.0,0.4156181433031327
ear_volsurge q3,-4.857247064588782e-05,-0.43741485656375784,-0.7628860348005193,rejected,0.04346307967442361,0.4455313654746139
frog q0,-3.744815774414926e-05,0.033351587002666834,-1.1610986185822425,rejected,0.0,0.24560179646714983
dist_ma50 q0,1.754509665350505e-05,0.8466883047501316,-0.33995839846816817,rejected,0.0,0.7338878571949508
r5 q4,-1.768158375161098e-05,0.1437362653452879,-1.0209852484796638,rejected,0.0,0.3072614277431536
dist_52wh q4,2.2527921801265096e-05,-0.10994520007222439,1.0324358427584641,rejected,0.0,0.3018679882754794
vol_surge1 q0,5.212087982902716e-05,0.8793460675915505,0.26098993253129626,rejected,0.01968946507257349,0.7941002709536107
vol_surge5 q1,5.180385503771807e-05,0.6100326522615868,0.5179106436460467,rejected,0.03126548251456293,0.6045206154943961
ev_agreement q2,4.1717270753883175e-05,0.4469360768436535,0.6795929603006549,rejected,0.03777754801316723,0.496762228335653
atr_pct q4,-2.5045761360337018e-05,-0.5074527284851486,-0.6006935065915731,rejected,0.03447121971611763,0.5480441447655904
vol20 q2,-6.265437857762398e-05,-0.7929680029966055,-0.304743425231111,rejected,0.023987087363664176,0.760561573158913
r60 q2,-5.733287981450224e-05,-1.03804071058512,-0.05914461618412785,rejected,0.004444653274616855,0.9528369222410827
vol_ratio q2,-4.594530326352075e-06,0.36044553931154916,-0.721144958612099,rejected,0.0,0.4708203323002562
vol20 q1,5.0940958219769045e-05,0.5379195313843124,0.5299662037006518,rejected,0.03195552532144591,0.5961353631717778
atr_pct q1,5.327373269965715e-05,0.6397375298532444,0.42048323126788223,rejected,0.02326533548633045,0.6741324768422313
max20 q3,-4.101324075232402e-05,-0.280580208373112,-0.7786363236977879,rejected,0.041762900110553676,0.4361939755522867
dist_52wh q3,-1.656885451503664e-05,-0.5567284064669401,0.49356472235880344,rejected,0.0,0.6216136201826064
frog q2,1.4062860041888263e-06,-0.44119372589529493,0.5845527809806523,rejected,0.0,0.5588484655682957
intraday20 q1,-3.763138951444762e-05,-0.18744490396676405,-0.8377385443523354,rejected,0.03711550257934321,0.40217756072266897
dist_ma50 q1,2.5034658850555992e-05,0.6788656819194014,-0.34137850005367376,rejected,0.0,0.7328186584996116
close_loc q0,-1.55125805984156e-05,-0.6489873268661335,0.3707049704830523,rejected,0.0,0.7108572878047683
r5 q3,-3.8575241579179915e-05,-0.2892315560376043,-0.7157588007306713,rejected,0.039988832384289685,0.4741402958971337
r20 q1,-4.403735086382229e-05,-0.05988254559864378,-0.9381928976729004,rejected,0.031945087380599445,0.34814528764928965
vol20 q4,-2.207699056681092e-05,-0.29973907485855567,-0.6828145145111876,rejected,0.03427387943448776,0.4947240568673342
ear_volsurge q4,-1.1910003513727642e-06,-0.3888320048000074,0.5733303703419419,rejected,0.0,0.5664210257671041
r120 q4,-3.388347686851456e-05,-0.8493381281630098,-0.09992117982645832,rejected,0.0062465262381916084,0.9204069014298494
ev_agreement q4,-2.066460325692103e-05,-0.40012685840113404,-0.5487482154317868,rejected,0.03491957852065592,0.5831782526306284
r5_nonews q3,-3.816075559707277e-05,-0.29671836840142374,-0.6481975900271713,rejected,0.03784270948643019,0.5168571604535928
log_dv q2,2.2914364094205e-05,-0.10366336568603868,0.8281771433476499,rejected,0.0,0.4075701861638586
max20 q0,3.960575668089882e-05,0.44177267309945734,0.4835618718683723,rejected,0.0261771934059458,0.628696839620503
r60 q1,-4.283977996472374e-07,0.3397589845998893,-0.5800471751099336,rejected,0.0,0.5618828052305289
frog q4,-1.7882021611580157e-06,-0.35046296995679377,0.5547874898750941,rejected,0.0,0.5790400249977857
rel_ind60 q0,2.556361575294587e-05,0.5231558240476769,0.37335743240668906,rejected,0.020273168724508305,0.7088824366637758
mom_12_1 q1,3.782850717753048e-05,0.312858472863002,0.5764422156128154,rejected,0.03038196621118296,0.5643163169314382
news5 q2,3.4868699682182966e-05,0.0394377114850121,0.8366890740010517,rejected,0.03385202233661932,0.4027673622235041
max20 q4,-1.7959060089187534e-05,-0.6773741358191021,0.16776498308302265,rejected,0.0,0.866768171450002
r60 q4,-3.0849848542089704e-05,-0.5956528137757957,-0.2080634336172328,rejected,0.023672816817142374,0.8351794380734521
min20 q1,-2.7544683619306792e-05,0.007466520112829262,-0.7889440817912251,rejected,0.0,0.43014468970286857
vol_surge5 q4,5.403195400469618e-06,0.37125722705039965,-0.4020958021471125,rejected,0.0,0.6876135220603246
ear_volsurge q2,2.1276486545784453e-05,0.5231617698485352,-0.24958397326118437,rejected,0.0,0.8029090939076862
ind_mom20 q4,-2.2957358952406136e-05,-0.20743581347946277,-0.5572159540354662,rejected,0.03288646618812643,0.5773798906276618
dist_ma200 q1,-1.5483184045934801e-06,0.31950252448406696,-0.43061834635223845,rejected,0.0,0.6667458990568534
ins_opportunistic30 q2,1.0423341446813418e-05,-0.13097549320834165,0.6100234567354232,rejected,0.0,0.5418462692469359
earn_in_week q2,-3.1899341051814645e-05,-0.46139054396373697,-0.2763423412720236,rejected,0.015454551162590436,0.7822851379003773
min20 q0,-1.431301845163572e-05,0.0031511723965868166,-0.7296710210334898,rejected,0.0,0.46559129872542426
skew60 q0,2.508351031392815e-05,0.536406987143199,0.1571179296020834,rejected,0.013572393123044656,0.8751519073007119
dist_ma200 q2,-2.7491047949693198e-05,-0.021882216391874463,-0.6599263054398857,rejected,0.030257588564643743,0.5093011223264989
ins_opportunistic30 q4,-1.8478080156289504e-06,0.07251567040602594,-0.6015155661714399,rejected,0.0,0.5474966471144309
vol_ratio q3,3.569773472397097e-05,0.614612384122228,-0.05464208945130955,rejected,0.0,0.9564236062956184
min20 q2,-3.060629525079502e-05,-0.5363163550545144,0.08075554033410372,rejected,0.0,0.935636366207067
r1 q0,-5.130653584010897e-06,-0.3479520940610396,0.26610737086699154,rejected,0.0,0.7901565184787243
r5 q2,2.8944405867100212e-05,0.22744647720282443,0.37691413762342185,rejected,0.017667312413247545,0.7062374146680298
vol20 q3,1.2203486250190635e-05,0.36397585505147123,-0.2389380333502939,rejected,0.0,0.8111536332092861
overnight20 q1,3.798743200786111e-05,0.5902571089862542,0.009507726167129436,rejected,0.0011242811280035565,0.9924140463741389
overnight20 q2,-1.195977630470307e-05,0.11358563700576568,-0.46696470354151814,rejected,0.0,0.6405251313256872
vol_surge1 q2,-1.5655045306776636e-05,-0.36597775303371366,0.20862017981716208,rejected,0.0,0.8347447559725278
r5_nonews q0,5.322406508929554e-06,-0.11412171598338203,0.3698926576393146,rejected,0.0,0.7114624724191887
r5_news q0,-1.002694717630544e-06,-0.19623852516061474,0.2516930559069934,rejected,0.0,0.8012783248320462
vol_surge1 q4,1.7806307361878867e-05,0.41092618198150516,0.015492281892745765,rejected,0.0011741938811283559,0.987639441912719
vol_surge5 q0,1.6023366551383876e-05,0.3368354805224479,-0.07912752352397932,rejected,0.0,0.9369311915380683
skew60 q2,-7.89941714654945e-07,0.12415985178552699,-0.25552828620853635,rejected,0.0,0.7983150993254141
max20 q1,-1.746499181441949e-05,-0.161888007788825,-0.21016899395199717,rejected,0.017680704585827663,0.8335357783418939
close_loc q4,1.349327963265296e-05,0.07326063636223738,0.2950131537240527,rejected,0.01452217709508389,0.7679838314507024
vol_surge5 q3,1.3414746720477017e-05,0.0012033350813910174,0.3482115042883771,rejected,0.012513673653761846,0.7276813486237801
r5 q0,5.521228824765886e-06,0.17557251834711268,-0.006797432906597007,rejected,0.0,0.9945764749965122
rel_ind20 q2,1.1808370258630033e-05,0.17256253956261028,0.0074793578884359575,rejected,0.0008634811158186693,0.9940323914549435
earn_in_week q4,-1.5049641683749078e-06,-0.07262867244198648,-0.08299531987994604,rejected,0.0016847495856721197,0.9338552609711066
ind_mom20 q1,5.081773506955782e-06,0.03363399202593352,0.12195974984404118,rejected,0.006560347274312252,0.9029308952146903
ear q3 & mom_12_1 q3,3.478087328400624e-05,-1.498508066672002,3.3252270099906944,rejected,0.0,0.0008834656980913219
ear_volsurge q4 & range_compress q2,-1.7024657798846184e-05,-2.5159993641389513,2.0750714378703785,rejected,0.0,0.03797991440877805
r120 q1 & r20 q0,5.356064640882643e-06,2.000401582857666,-2.5612391894445765,rejected,0.0,0.010429952039937454
intraday20 q0 & rel_ind60 q1,2.3573673940847e-05,2.409885362388496,-2.1425766298248017,rejected,0.0,0.03214710939344009
intraday20 q0 & r5 q0,2.6836430155139453e-05,2.4517164937217726,-2.084901341769814,rejected,0.0,0.03707825686437973
days_since_earn q1 & ear q1,-5.076753783672548e-05,-3.1438128759670754,1.2809705462804455,rejected,0.0,0.20020401175666147
min20 q4 & news5 q1,7.16948378965176e-05,3.7492350691304215,0.6531618920975445,rejected,0.061034434732905436,0.5136519148774881
r120 q1 & range_compress q1,-1.7018111862716015e-05,1.461738335218378,-2.793695704171252,rejected,0.0,0.0052109487537018275
days_to_earn q4 & r20 q3,6.0590839106385735e-05,1.4621858335304925,2.740257252184566,rejected,0.3437440619960542,0.006139111245501235
dist_ma50 q3 & mom_12_1 q3,-3.831402053383577e-05,-2.4449120609134902,1.721781443461756,rejected,0.0,0.08510911732385425
ear q1 & r120 q2,-8.880460094539383e-05,-3.457022611482165,0.6918727706100121,rejected,0.0,0.4890172319061306
ind_mom20 q2 & news5 q1,-3.524331510020372e-05,-0.5486364088378888,-3.5878056559405045,rejected,0.5419312006190193,0.0003334726976518724
news5 q1 & range_compress q1,-6.77765377570332e-07,1.6489129695838902,-2.4763306651681543,rejected,0.0,0.01327405759525806
days_since_earn q1 & dist_52wh q2,-1.3995771120907873e-05,-2.033287114616142,2.0725920603590255,rejected,0.0,0.03821026057204865
mom_12_1 q0 & r20 q4,-5.128709521860688e-05,-1.3079376949294765,-2.7751805409372716,rejected,0.31687682639218767,0.005517107144204817
gap_today q3 & r20 q0,1.7190854577914784e-05,2.2435191215672052,-1.825251321304078,rejected,0.0,0.06796311235970268
mom_12_1 q3 & r60 q3,1.4090922482137906e-05,-1.2408760375249015,2.82518563022834,rejected,0.0,0.004725323157352743
days_since_earn q2 & mom_12_1 q0,-2.002463532333672e-05,0.5529898777811415,-3.446941747676212,rejected,0.0,0.0005669708169379399
days_since_earn q0 & r20 q3,5.41162270202705e-05,1.0963782425297073,2.888420157971528,rejected,0.44614762051008405,0.003871823096434591
dist_52wh q1 & r20 q0,5.422763274987464e-06,1.811674241213323,-2.1511043806089254,rejected,0.0,0.03146796183039747
mom_12_1 q3 & r20 q4,1.938614533005129e-06,-1.5167066452726838,2.4343035297754363,rejected,0.0,0.014920477421884567
close_loc q1 & r20 q0,1.052372411066437e-05,1.980845513486804,-1.9567478523264963,rejected,0.0,0.050377120836854576
ev_shelf q2 & vol_surge1 q3,-0.00018714227209621647,-2.423391638532252,-1.433794719304582,rejected,0.13240728473001975,0.15163085238648807
dist_52wh q2 & min20 q4,0.00010217219143675662,1.5622127873501856,2.281205679862193,rejected,0.18232706912557478,0.022536278818636134
close_loc q1 & ind_mom60 q0,2.697814012953606e-06,1.295107043714473,-2.5471636171604413,rejected,0.0,0.010860250023836029
ear q1 & ev_shelf q2,-0.0001877417986202906,-2.5140331929772954,-1.3142080472789046,rejected,0.12052278328851913,0.18877620114429655
ind_mom60 q0 & news5 q1,-3.284672408788693e-05,-3.5137027204084483,0.3051525897341078,rejected,0.0,0.760249939203135
ear q1 & ins_buyers30 q2,-0.00018080650913218413,-2.7522289908629896,-1.060675010525565,rejected,0.08640499911929343,0.2888376203953474
ear q1 & ins_value30 q2,-0.00018080650913218413,-2.7522289908629896,-1.060675010525565,rejected,0.08640499911929343,0.2888376203953474
rel_ind20 q3 & vol_surge1 q3,-9.385203791330567e-05,-3.324323512220154,-0.4722526205746161,rejected,0.03231704601128514,0.6367464843438638
ins_buyers30 q4 & mom_12_1 q0,-1.4314988014744856e-05,-0.8515952985793034,-2.9300779732234026,rejected,0.4255331965060843,0.003388769588934162
ins_value30 q4 & mom_12_1 q0,-1.4314988014744856e-05,-0.8515952985793034,-2.9300779732234026,rejected,0.4255331965060843,0.003388769588934162
r20 q0 & rel_ind60 q1,4.6644258108315045e-05,2.735872583329251,-1.0276668085520841,rejected,0.0,0.30410658599187296
intraday20 q0 & r120 q1,-1.0098924969274294e-05,1.3413321295556533,-2.4166426267649905,rejected,0.0,0.01566438803490989
dist_ma50 q2 & r5 q1,-6.884470585084972e-06,-1.698258282949294,2.0210331891188935,rejected,0.0,0.04327632954428206
days_to_earn q2 & r120 q1,-5.580844008925847e-06,1.5089206456578037,-2.2064279005758434,rejected,0.0,0.027354053295170443
intraday20 q0 & mom_12_1 q0,2.8882534890249427e-06,1.4089591448421523,-2.3019251026760825,rejected,0.0,0.021339396297525765
overnight20 q4 & r20 q3,-1.0085107617141995e-05,-1.477622225119502,2.182785274649762,rejected,0.0,0.029051626586724357
ins_buyers30 q2 & vol_surge1 q3,-0.00017587941642094115,-2.5935585840172086,-1.0665913652469712,rejected,0.08817989273531295,0.2861564013402436
ins_value30 q2 & vol_surge1 q3,-0.00017587941642094115,-2.5935585840172086,-1.0665913652469712,rejected,0.08817989273531295,0.2861564013402436
close_loc q2 & gap_today q0,5.616251297590153e-05,0.884098008388961,2.7408097627710286,rejected,0.2947991155940504,0.006128798099713013
days_to_earn q3 & ins_officer30 q2,4.655130894376806e-06,-1.6939551969568618,1.9174948065522435,rejected,0.0,0.05517510013572175
ev_shelf q2 & r20 q0,5.844187176668097e-05,2.3175440801143297,-1.2760011536713647,rejected,0.0,0.20195511127554422
ind_mom20 q1 & news5 q1,-2.841153751683886e-05,-2.6830999744583917,0.8981097276087512,rejected,0.0,0.3691270534637446
days_to_earn q4 & mom_12_1 q3,-1.0114628514631203e-05,-1.496289614787157,2.078319900578075,rejected,0.0,0.03767990471011615
dist_52wh q2 & earn_in_week q1,6.263315965569975e-05,1.298194304455371,2.260537535951832,rejected,0.18261079600577784,0.02378790953638698
ear q1 & ins_officer30 q2,-0.00017327149873138506,-2.4527045072310516,-1.0996686485608733,rejected,0.10684777829068966,0.27147651946876744
dist_52wh q1 & r5_nonews q4,-5.6621835311509326e-05,-1.979343815715332,-1.5724536730937262,rejected,0.1384504225233773,0.1158453750281486
r120 q2 & r5_nonews q1,-2.8530929926013363e-05,-2.0094943094395465,1.5152053708539606,rejected,0.0,0.12972040337556331
ev_shelf q2 & ins_officer30 q2,4.062248528130666e-05,-0.5644800843806238,2.9596416843001934,rejected,0.0,0.003079970389897617
ind_mom60 q3 & r120 q2,-2.0751511344931606e-05,-1.6547009106550339,1.8657169542522531,rejected,0.0,0.06208097635353766
ev_shelf q2 & rel_ind20 q3,2.1928016154204384e-06,-1.7428474245858356,1.7651757545455429,rejected,0.0,0.0775342320883459
ind_mom20 q1 & min20 q2,-4.0484972044516683e-05,-2.1394396472076074,1.3644549674645077,rejected,0.0,0.17242441807171127
gap_today q4 & range_compress q0,-5.2121173839624836e-05,-2.4093658889880873,-1.081015436637876,rejected,0.09749419082277985,0.27969024707124635
days_to_earn q3 & ear q1,-2.903746211897495e-05,-2.02293928152275,1.4643847480899879,rejected,0.0,0.14308885302044266
ins_officer30 q2 & rel_ind20 q3,5.464714284315395e-06,-1.7127230969894283,1.7723118950207515,rejected,0.0,0.07634279777666123
ins_officer30 q2 & vol_surge1 q3,-0.00016716157588348823,-2.3363974832327834,-1.1458938575303839,rejected,0.12329826014672908,0.25183907311003983
ev_shelf q2 & intraday20 q3,0.00012746774177789972,1.1731312073858093,2.285625070511946,rejected,0.1659971286022743,0.02227620219539849
days_to_earn q3 & ins_buyers30 q2,3.947778743191561e-06,-1.6086690824908272,1.8449401654225022,rejected,0.0,0.0650462430678058
days_to_earn q3 & ins_value30 q2,3.947778743191561e-06,-1.6086690824908272,1.8449401654225022,rejected,0.0,0.0650462430678058
ev_shelf q2 & news5 q1,-0.00013962929441795416,-0.8723868558579386,-2.575379367460142,rejected,0.2227670662070869,0.010013019463056617
ev_offering q2 & rel_ind20 q3,4.536982225368575e-06,-1.7286664167780752,1.7042991937250034,rejected,0.0,0.08832520553791069
news5 q1 & r5_news q2,-0.00013881589760769027,-0.8803218285905557,-2.548665961102034,rejected,0.23674958706795726,0.010813582146679273
ins_officer30 q2 & news5 q1,-0.0001359283376609031,-0.8795652754010261,-2.5413420642990445,rejected,0.23917355886915917,0.011042782377400076
gap_today q3 & intraday20 q0,2.5182988206002793e-05,2.136593504454323,-1.2740766984113003,rejected,0.0,0.20263623559063232
dist_52wh q1 & vol_surge1 q3,-6.468386615833724e-05,-2.4222647188704802,-0.9883135017547986,rejected,0.06426710129807338,0.32299913497200733
days_to_earn q3 & mom_12_1 q3,3.08995152834031e-05,-0.541252419262331,2.8587498061009904,rejected,0.0,0.0042531408691298105
days_since_earn q2 & dist_52wh q1,-7.168991103791546e-05,-1.1637987066223767,-2.233046755654324,rejected,0.19362601701546195,0.02554586123384547
mom_12_1 q3 & overnight20 q4,2.731862747252798e-05,-0.5780788304674701,2.812070457150047,rejected,0.0,0.00492237197110543
close_loc q1 & intraday20 q0,1.389137288773565e-05,1.81130342663299,-1.5705666457695524,rejected,0.0,0.11628334256913367
ins_officer30 q2 & r20 q0,6.325639087797295e-05,2.2940849797072325,-1.0752986464457215,rejected,0.0,0.28224104202736583
r5_news q2 & rel_ind60 q1,5.327330036341261e-06,1.2858122955597893,-2.0779725176915416,rejected,0.0,0.03771189045789903
r20 q3 & range_compress q2,6.743183915829342e-05,1.20034317674929,2.145484792717793,rejected,0.15247573821066626,0.03191410602227492
r1 q2 & range_compress q1,1.6253701491247606e-05,1.5483245840833966,-1.7963333159524184,rejected,0.0,0.07244152231632732
days_to_earn q1 & ind_mom60 q3,-5.673060488955277e-05,-0.6038386599507611,-2.739503284619444,rejected,0.27434136500894857,0.0061532099964588405
ins_officer30 q2 & rel_ind60 q1,-9.068908950486142e-06,1.155168545778121,-2.1825228190520627,rejected,0.0,0.029070969018691134
mom_12_1 q3 & r120 q2,-3.006300247308815e-05,-1.8889450574040672,1.440548863868389,rejected,0.0,0.14971217589845912
min20 q4 & mom_12_1 q0,4.493674182902355e-05,2.6343530017330785,-0.6949811355008977,rejected,0.0,0.4870671238233355
close_loc q1 & days_to_earn q2,8.461145723600158e-05,2.6817047454849443,0.6467763472030914,rejected,0.06003818294111692,0.5177767026257725
dist_ma200 q3 & ind_mom20 q3,-2.918136729033626e-05,-1.8501704085229773,1.472014046512813,rejected,0.0,0.14101708448778832
ins_officer30 q2 & intraday20 q3,0.00012299000807077562,1.0619447850954402,2.2541730474373183,rejected,0.18118101577669082,0.024185283675228614
gap_today q2 & mom_12_1 q3,1.6188436252349056e-06,-1.1337091243932917,2.1663188298796032,rejected,0.0,0.030286831795961238
ins_buyers30 q4 & intraday20 q0,-1.0113910808263037e-06,1.0474497458776617,-2.2523769533985707,rejected,0.0,0.0242984608703828
ins_value30 q4 & intraday20 q0,-1.0113910808263037e-06,1.0474497458776617,-2.2523769533985707,rejected,0.0,0.0242984608703828
dist_ma200 q3 & mom_12_1 q3,-4.262265540905801e-05,-2.040721623360267,1.2571867909628907,rejected,0.0,0.20868600522961478
ins_buyers30 q2 & rel_ind60 q1,-1.8809276741692248e-05,1.0218742253389006,-2.272427631171801,rejected,0.0,0.023060694395548472
ins_value30 q2 & rel_ind60 q1,-1.8809276741692248e-05,1.0218742253389006,-2.272427631171801,rejected,0.0,0.023060694395548472
days_since_earn q3 & days_to_earn q1,-0.0001041607708441129,0.03426469423678379,-3.2587416886144607,rejected,0.0,0.0011190751014426771
ev_shelf q2 & rel_ind60 q1,8.441139948956415e-06,1.285615294369089,-1.9976307795098427,rejected,0.0,0.04575670374776146
dist_52wh q2 & r1 q0,-3.3441805743496264e-05,-1.9784086891434645,1.2902372983026924,rejected,0.0,0.19696827967241992
days_since_earn q3 & r5_news q2,-3.754665632152762e-05,0.8835543190771625,-2.3769848706820476,rejected,0.0,0.01745480403537111
ins_buyers30 q2 & r120 q1,-2.3576591019852283e-05,1.1877703334571188,-2.0493116251834422,rejected,0.0,0.04043165261926882
ins_value30 q2 & r120 q1,-2.3576591019852283e-05,1.1877703334571188,-2.0493116251834422,rejected,0.0,0.04043165261926882
mom_12_1 q3 & r5_news q4,-2.7603923659278505e-06,-1.5462573965918904,1.6864752018769424,rejected,0.0,0.09170430752201267
intraday20 q3 & r5_news q2,0.00010989074863032161,1.1793542443998757,2.0433390799294933,rejected,0.18429705489843676,0.04101888353001041
dist_ma200 q3 & r120 q2,-1.9293694331292053e-05,-1.5720321456845543,1.6492985785762289,rejected,0.0,0.09908648072285535
ins_officer30 q2 & r120 q1,-2.58412122369367e-06,1.3887348339731587,-1.8315112712941206,rejected,0.0,0.06702426691891615
days_to_earn q3 & ev_shelf q2,1.3332958218378498e-05,-1.3606600829751314,1.836304940540313,rejected,0.0,0.0663125694919842
ev_shelf q2 & ins_buyers30 q2,4.351343836997391e-05,-0.7154799332398563,2.47903973225638,rejected,0.0,0.013173663052220536
ev_shelf q2 & ins_value30 q2,4.351343836997391e-05,-0.7154799332398563,2.47903973225638,rejected,0.0,0.013173663052220536
log_dv q2 & news5 q1,-4.1570609927005884e-05,-0.7442212860540086,-2.4492276207035433,rejected,0.20726836312213,0.014316294403643489
dist_ma200 q2 & vol_surge1 q3,-9.044995386228774e-05,-1.4211753317055298,-1.7718274946593207,rejected,0.15505369548504722,0.07642319703282237
intraday20 q3 & r20 q3,0.00011059332699806334,1.7015430820667523,1.4885228717166197,rejected,0.12967861067561973,0.13661305498748916
days_since_earn q3 & rel_ind60 q1,-9.484502699078564e-06,0.9952782952461215,-2.1878673827110076,rejected,0.0,0.02867926382079825
days_to_earn q1 & ev_shelf q2,-0.00011705675915301627,-0.2172426157906214,-2.9613375612656836,rejected,0.3402920125718935,0.003063060216038677
mom_12_1 q3 & r20 q3,1.224804758670114e-05,-1.0491889386914792,2.1288352510389146,rejected,0.0,0.03326789330761523
days_to_earn q1 & rel_ind60 q1,2.7344592264906328e-06,1.3466733651613212,-1.8234789631847157,rejected,0.0,0.06823088039765308
ins_buyers30 q2 & intraday20 q3,0.0001151980826184131,0.9646691415081571,2.2048319223110706,rejected,0.1867115284075323,0.027465891090297012
ins_value30 q2 & intraday20 q3,0.0001151980826184131,0.9646691415081571,2.2048319223110706,rejected,0.1867115284075323,0.027465891090297012
days_to_earn q3 & r20 q4,-6.0381843019998945e-05,-1.933151347411119,-1.2334731039962763,rejected,0.1270920562860195,0.21739930532527185
ev_shelf q2 & r120 q1,-1.8102410534038006e-05,1.178011364991756,-1.9810148371069656,rejected,0.0,0.04758960971963026
ins_buyers30 q2 & rel_ind20 q3,2.5331284447139882e-05,-1.312826407832189,1.8237310850667854,rejected,0.0,0.06819273696333752
ins_value30 q2 & rel_ind20 q3,2.5331284447139882e-05,-1.312826407832189,1.8237310850667854,rejected,0.0,0.06819273696333752
overnight20 q4 & r5 q1,1.0027899098374054e-05,-0.6704204620225644,2.45815962400918,rejected,0.0,0.013965108710603098
ins_buyers30 q4 & r20 q0,1.4270991454588782e-06,1.2777196597523663,-1.8458381662156884,rejected,0.0,0.06491570706228258
ins_value30 q4 & r20 q0,1.4270991454588782e-06,1.2777196597523663,-1.8458381662156884,rejected,0.0,0.06491570706228258
min20 q4 & r5 q1,8.396133629686293e-05,1.1667277544277932,1.9567943749524788,rejected,0.1719556528765608,0.05037164869104451
days_to_earn q2 & mom_12_1 q0,-2.3288606496402313e-05,0.6317881534970952,-2.487968740195784,rejected,0.0,0.012847502502655287
mom_12_1 q3 & r20 q2,-4.78762185916617e-05,-2.211977797387075,0.9074677500478268,rejected,0.0,0.36415949626870786
days_to_earn q3 & dist_52wh q2,-4.704096337036231e-07,-1.20428251019887,1.9078485601756339,rejected,0.0,0.056410792377588066
days_since_earn q0 & mom_12_1 q3,1.8304725927240454e-06,-1.1829810797325977,1.9257941694343865,rejected,0.0,0.05413007978782613
days_since_earn q3 & ins_officer30 q2,-2.6143072994982082e-05,0.9235129250003684,-2.181615905792237,rejected,0.0,0.02913789198734984
earn_in_week q1 & ind_mom60 q0,-3.8118020882643133e-06,-1.1443136965858327,1.9548902902033758,rejected,0.0,0.05059602086963846
rel_ind60 q2 & vol_ratio q2,8.390668841368415e-05,1.8923390734893928,1.1998964210005612,rejected,0.11441125195552247,0.23017957013802406
earn_in_week q1 & range_compress q4,4.279864445464356e-06,-0.7937007953339504,2.294871220316924,rejected,0.0,0.021740505576065612
days_to_earn q1 & mom_12_1 q0,-3.154908288241739e-05,-0.11731798435362485,-2.971014955925295,rejected,0.30928673278515006,0.0029681732572441823
ins_buyers30 q2 & r120 q2,-8.124256503468719e-06,-1.2675813495281296,1.8204553519131037,rejected,0.0,0.06868968964962158
ins_value30 q2 & r120 q2,-8.124256503468719e-06,-1.2675813495281296,1.8204553519131037,rejected,0.0,0.06868968964962158
intraday20 q3 & r5 q1,6.48980401137159e-05,1.1707147456283935,1.911206371297238,rejected,0.14708206486276293,0.055978065436464455
days_since_earn q1 & ins_officer30 q2,1.2596771959534254e-05,-1.2867487221421812,1.7887406260370131,rejected,0.0,0.0736565969459744
mom_12_1 q3 & r20 q0,5.015278416518473e-05,2.647930065128012,-0.4246586236482796,rejected,0.0,0.6710855505985411
ins_buyers30 q2 & r20 q0,6.38837397491687e-05,2.1452314663406455,-0.9144965580019931,rejected,0.0,0.3604559856688196
ins_value30 q2 & r20 q0,6.38837397491687e-05,2.1452314663406455,-0.9144965580019931,rejected,0.0,0.3604559856688196
dist_ma50 q2 & earn_in_week q1,-6.519463159946492e-06,-1.0199778448446908,2.0308036052803344,rejected,0.0,0.04227492117359459
r5_nonews q4 & range_compress q1,-3.777006342899811e-05,0.4408569166801273,-2.6088674338848334,rejected,0.0,0.009084242692388566
days_to_earn q2 & ind_mom20 q4,-5.914014251555903e-05,-1.1675755773481635,-1.8810344451524892,rejected,0.15496317485559882,0.0599672333828623
ins_officer30 q2 & overnight20 q3,-0.00015349145299396218,-1.8709607099838614,-1.1692728400887775,rejected,0.12203578130864637,0.242293722176244
r5_news q4 & r5_nonews q2,4.643413058448733e-05,1.3566764006274445,1.6806969623900563,rejected,0.14891124255324809,0.09282179093078874
mom_12_1 q3 & rel_ind20 q3,7.760664309830496e-05,0.9485175848405761,2.086483273736501,rejected,0.14808354736806953,0.03693486876465485
days_since_earn q3 & gap_today q3,-2.965132549344836e-05,0.6148757791747086,-2.4126150075519908,rejected,0.0,0.015838539683680982
mom_12_1 q3 & r5_nonews q4,-1.6446810343022455e-05,-1.569667225140171,1.4578206118559962,rejected,0.0,0.14488999535108676
days_to_earn q1 & r5_news q2,-0.00010587783300741743,-0.09299813398888797,-2.931523081268238,rejected,0.28570925838629885,0.0033730430004845634
close_loc q1 & r120 q1,-7.440214227624069e-05,-0.9963209483684052,-2.025103011971308,rejected,0.17854493484486378,0.042856787701899594
ins_buyers30 q2 & mom_12_1 q3,4.650256299385893e-05,-0.6959741918565243,2.3225118708649677,rejected,0.0,0.02020538997618156
ins_value30 q2 & mom_12_1 q3,4.650256299385893e-05,-0.6959741918565243,2.3225118708649677,rejected,0.0,0.02020538997618156
days_to_earn q3 & intraday20 q0,4.969788301946584e-05,1.7506933500024264,1.266052778867454,rejected,0.10986404654502421,0.20549418705068712
ins_officer30 q2 & r120 q2,1.2191405732341477e-06,-1.134973884401007,1.8755274682547407,rejected,0.0,0.06072019425191411
min20 q4 & r120 q1,8.894169750238766e-05,2.5387809544113407,0.46669002016037303,rejected,0.032657921315487476,0.6407216709074801
days_to_earn q1 & r20 q0,-8.500815204348405e-06,1.0274295066704215,-1.9690452739272828,rejected,0.0,0.04894789234907974
days_to_earn q2 & dist_52wh q1,-7.635815056464389e-05,-1.197408634768841,-1.7948515737451627,rejected,0.16063883990232547,0.07267735122487477
overnight20 q1 & skew60 q0,1.1173104392709856e-05,1.4863018568567037,-1.5011812809382363,rejected,0.0,0.13330868021295286
days_since_earn q1 & r120 q2,9.252524590088393e-06,-0.8682220205307639,2.118833066649115,rejected,0.0,0.034104577174590006
r1 q2 & skew60 q2,6.34210490582996e-05,0.5720020168494093,2.4138008864723584,rejected,0.19493437230684693,0.015787087026037174
ev_shelf q2 & intraday20 q0,4.266097025710543e-05,1.7673231297567575,-1.2152246708478152,rejected,0.0,0.2242804133815399
ind_mom60 q3 & range_compress q2,4.7697117847299235e-05,1.1408987876169583,1.83558439585075,rejected,0.1747259573440061,0.06641914670481652
ins_buyers30 q2 & overnight20 q3,-0.00015357208462728618,-2.056025273117396,-0.9156114465050172,rejected,0.0653710197023253,0.3598707255435292
ins_value30 q2 & overnight20 q3,-0.00015357208462728618,-2.056025273117396,-0.9156114465050172,rejected,0.0653710197023253,0.3598707255435292
days_to_earn q1 & ins_officer30 q2,-9.70074596747868e-05,0.05698119680565095,-2.9069360390318626,rejected,0.0,0.003649878186123822
ins_buyers30 q2 & r20 q4,-0.00010219908955616018,-1.8014338704628838,-1.1512105589154744,rejected,0.11867044283262729,0.24964562232110374
ins_value30 q2 & r20 q4,-0.00010219908955616018,-1.8014338704628838,-1.1512105589154744,rejected,0.11867044283262729,0.24964562232110374
range_compress q1 & vol_surge1 q3,-5.5111623648254825e-05,-1.2648791419815029,-1.678019355523672,rejected,0.15181379320442362,0.09334332051002618
dist_52wh q2 & news5 q1,4.312750957980777e-05,2.6142388162112833,0.32281837668186686,rejected,0.032760211989451955,0.7468327949316895
news5 q1 & r5_nonews q4,-2.8925523295924813e-05,0.14591009928647292,-2.777313130849387,rejected,0.0,0.005481034705146526
intraday20 q3 & r1 q2,7.295614657876628e-05,1.004252464146629,1.9156833319733317,rejected,0.13835126527004052,0.05540541530214382
days_to_earn q2 & r20 q3,-1.808160331434923e-06,-1.1590845330256578,1.7590679883407059,rejected,0.0,0.07856596134479743
r20 q0 & range_compress q1,2.015515470917232e-05,1.6757727078614433,-1.242247487318121,rejected,0.0,0.21414526373727213
ev_offering q2 & skew60 q1,6.104792680838327e-05,1.7724323894941498,-1.1453923095471172,rejected,0.0,0.2520466826067589
ind_mom60 q3 & r60 q3,3.58078720344653e-05,0.11927079892169976,2.784087869421612,rejected,0.19575849385833347,0.005367848992533479
r20 q3 & vol_surge1 q3,-2.7440609658044546e-05,-1.8833422393366404,1.0198995582120367,rejected,0.0,0.3077760991001257
r120 q2 & r60 q3,-9.574734223241156e-06,-1.386680481489587,1.5112081190658184,rejected,0.0,0.13073543447469846
r120 q1 & vol_surge1 q3,-6.467944503589526e-05,-0.8023258198556557,-2.0952124496064326,rejected,0.12869816967680733,0.036152111059365416
days_since_earn q1 & ins_buyers30 q2,1.335719861473906e-05,-1.159660185972292,1.7358945940161283,rejected,0.0,0.08258247384964955
days_since_earn q1 & ins_value30 q2,1.335719861473906e-05,-1.159660185972292,1.7358945940161283,rejected,0.0,0.08258247384964955
ind_mom20 q0 & vol_surge5 q3,-6.89738773784234e-06,0.9942209908348069,-1.8953600717984764,rejected,0.0,0.05804471468945782
dist_ma50 q2 & ind_mom60 q3,2.3510215581500033e-05,-0.6215232706617994,2.2669219600951025,rejected,0.0,0.02339499346055247
days_to_earn q4 & gap_today q3,-5.2896592653625194e-05,-1.3748661553223007,-1.5095349910119205,rejected,0.12783119389844108,0.13116212027820176
dist_52wh q2 & rel_ind20 q3,-1.5782979317921054e-05,-1.4369708678997053,1.4434801069780747,rejected,0.0,0.14888527237707408
days_since_earn q3 & ev_shelf q2,-5.117242531866016e-05,0.5897527035766142,-2.286975395901862,rejected,0.0,0.022197259243614736
days_to_earn q4 & rel_ind20 q3,4.867578447637502e-05,0.3155441729833884,2.557454840730351,rejected,0.1762456248883368,0.010544124768935
intraday20 q0 & max20 q3,1.4967639753478472e-05,1.6064409367748607,-1.2578429853825868,rejected,0.0,0.20844854647886898
news5 q1 & r20 q3,3.310756043644471e-05,0.38391637378473037,2.4746096637228834,rejected,0.20763885507248594,0.013338186465009024
days_to_earn q1 & overnight20 q3,-8.518752717698259e-05,-1.7891369565435342,-1.0666905968222364,rejected,0.08304843876764506,0.2861115746637842
r20 q3 & rel_ind20 q3,-2.4399549338350502e-05,-1.4781519705706327,1.3675909918997808,rejected,0.0,0.17144013770201622
r20 q3 & range_compress q4,2.454146425395324e-06,-1.0895303059756802,1.749044627414656,rejected,0.0,0.08028330555948927
dist_ma200 q3 & ear q3,3.4222362574025984e-05,-0.6653290706369146,2.1668716980453717,rejected,0.0,0.030244638525088154
ins_officer30 q2 & r20 q3,5.407855625336076e-05,-0.30109177571355333,2.5265868694420273,rejected,0.0,0.011517690023751184
ev_shelf q2 & r120 q2,1.1168866031846355e-05,-0.9538654464227331,1.872727879382717,rejected,0.0,0.061105971472030486
min20 q4 & r20 q2,8.322368393479404e-05,1.6794237991407253,1.1387221239462437,rejected,0.12144550640552625,0.2548190720245024
dist_ma200 q3 & r5 q1,-7.3064651262002735e-06,-1.2857166530092952,1.5308738430504252,rejected,0.0,0.1258005749773644
days_since_earn q2 & ind_mom60 q0,2.4460268383658595e-06,0.8453955581723975,-1.9660227240215373,rejected,0.0,0.04929598574244319
ins_buyers30 q2 & news5 q1,-0.00011144693626808595,-0.7772434909487479,-2.0337939443887874,rejected,0.1643404011083178,0.04197237535491788
ins_value30 q2 & news5 q1,-0.00011144693626808595,-0.7772434909487479,-2.0337939443887874,rejected,0.1643404011083178,0.04197237535491788
min20 q4 & r60 q3,8.20954064898808e-05,1.160557370438662,1.6495723034883996,rejected,0.15265068665181655,0.09903044364100165
dist_ma50 q1 & ear_volsurge q3,-6.878886139300818e-05,-1.2972685863561964,-1.5127952302650072,rejected,0.126303956730284,0.13033168077528812
close_loc q1 & days_to_earn q3,-1.2985165781715687e-05,0.6514268118931215,-2.155533569714097,rejected,0.0,0.03112010460778894
max20 q2 & overnight20 q4,5.77482672362026e-05,2.0289591634109247,0.7697919801830445,rejected,0.06431851493243528,0.4414232977406513
gap_today q3 & r20 q4,-3.9315770312480604e-05,-0.522182047402293,-2.273625725843219,rejected,0.13440816505832764,0.022988499340345026
days_since_earn q1 & days_to_earn q3,2.326826822567891e-05,-1.0391155372125616,1.7535442423528924,rejected,0.0,0.07950863225715629
ins_officer30 q2 & r20 q4,-9.807049409553647e-05,-1.6951680344576812,-1.0867485188822392,rejected,0.09710709104894034,0.2771479650391952
dist_52wh q2 & range_compress q4,-2.503777792826339e-05,-1.579740294270086,1.2009164140536213,rejected,0.0,0.22978362645823658
ins_officer30 q2 & mom_12_1 q3,6.436344004826892e-05,-0.40935912106152983,2.3683910015937713,rejected,0.0,0.017865643772354264
news5 q1 & overnight20 q4,-3.2933842835492904e-05,-2.2099241997894317,-0.5672408078959428,rejected,0.05111448739634452,0.5705505863683631
ind_mom60 q3 & range_compress q4,-1.942206880312847e-05,-1.3912076519734382,1.3839914726041365,rejected,0.0,0.16636106583623364
days_since_earn q0 & gap_today q3,-5.233066669710885e-05,-1.2625126747469735,-1.5018023033995112,rejected,0.1313697069261389,0.13314817328325224
days_since_earn q3 & r20 q4,-2.1751388835761795e-05,0.20456183239785114,-2.555508275045847,rejected,0.0,0.010603283989032146
ear q1 & mom_12_1 q0,-3.898273669973995e-05,-1.284225467577281,-1.468149873453152,rejected,0.12235039882682285,0.14206351680798318
dist_ma50 q2 & overnight20 q1,-3.599605559059952e-05,-1.72842661443638,1.0178635042377677,rejected,0.0,0.3087428276611266
dist_52wh q1 & ear q1,-6.960325750386243e-05,-1.8932476585136884,-0.8484817747231206,rejected,0.058268743876896935,0.3961697181603666
r5 q1 & vol_surge1 q3,-4.131886905400628e-05,-1.9219572146933777,0.8195052827117355,rejected,0.0,0.41249818920076065
days_since_earn q0 & mom_12_1 q0,-1.0912059189285473e-05,-1.2399012292942657,1.4985605069159111,rejected,0.0,0.1339876846330441
ev_shelf q2 & r20 q3,6.104004561317613e-05,-0.21375389724054733,2.5202037345853645,rejected,0.0,0.01172869262193559
ind_mom60 q3 & mom_12_1 q3,2.01436316661405e-05,-0.5096899690839587,2.224131414718691,rejected,0.0,0.02613960383916688
r5_nonews q4 & rel_ind20 q3,-6.144732707585536e-05,-1.2877910527036145,-1.4415601710818708,rejected,0.11451534924927934,0.14942649122111232
intraday20 q0 & news5 q1,-3.4785415276875035e-05,-1.6994304002139526,-1.0297428260637687,rejected,0.07309268869864081,0.3031307460911752
gap_today q3 & r5_news q2,-6.32963263275885e-05,0.3216111013919569,-2.392375943874991,rejected,0.0,0.016739686052445253
r5_nonews q1 & range_compress q1,-6.929148962987753e-05,-1.4023812911853182,-1.3106641973316429,rejected,0.10797743489021966,0.1899712396769554
intraday20 q2 & r20 q3,-2.3691305303957426e-05,-1.5102018119118943,1.1982371801336347,rejected,0.0,0.23082469479782652
ev_shelf q2 & r5_news q4,6.315605576531433e-05,1.0650008388846197,1.6410982223299033,rejected,0.15063759469187404,0.1007770277121317
r120 q2 & range_compress q2,3.7449184713323386e-05,-0.08946329340471534,2.612237172232757,rejected,0.0,0.008995182708956467
ins_buyers30 q2 & r20 q3,6.757172901967917e-05,-0.117985266358841,2.5802436895232113,rejected,0.0,0.009873061696488066
ins_value30 q2 & r20 q3,6.757172901967917e-05,-0.117985266358841,2.5802436895232113,rejected,0.0,0.009873061696488066
intraday20 q3 & mom_12_1 q3,1.7447764172360635e-05,-0.7875042387500455,1.9100060588941257,rejected,0.0,0.05613243320915448
days_since_earn q1 & ev_shelf q2,2.3269255496330395e-05,-0.9666585701602616,1.7275296425951965,rejected,0.0,0.0840725862768319
days_to_earn q3 & range_compress q4,3.484536419624338e-05,-0.37117904157076537,2.3133502856699586,rejected,0.0,0.020703388044064984
dist_ma50 q2 & news5 q1,-3.1623663044202955e-05,-1.9641824400303005,0.7188299237523127,rejected,0.0,0.472245717834855
mom_12_1 q3 & range_compress q4,2.0699836711642486e-05,-0.6172929689855329,2.06210123155869,rejected,0.0,0.03919809913851822
ev_shelf q2 & min20 q4,0.0001072310321022253,1.0870515280971735,1.590317115830111,rejected,0.1280248144107262,0.11176334248181723
frog q0 & r20 q3,3.257841479057881e-05,-0.13428205172053587,2.5392998140693175,rejected,0.0,0.011107459134167722
ins_buyers30 q2 & r5 q1,3.733928346506521e-05,-0.5521845497986427,2.1186792347305214,rejected,0.0,0.03411758440523647
ins_value30 q2 & r5 q1,3.733928346506521e-05,-0.5521845497986427,2.1186792347305214,rejected,0.0,0.03411758440523647
close_loc q1 & ev_shelf q2,-1.0430110435149298e-05,0.9343588816405172,-1.7285694068377513,rejected,0.0,0.08388618897379253
dist_ma50 q3 & r120 q2,5.5312388984833054e-05,0.06830122496550302,2.5934963209495385,rejected,0.15559056805473356,0.00950055556506542
days_to_earn q3 & rel_ind20 q3,-4.620007209489993e-07,-1.8519180386084415,0.8074442403155877,rejected,0.0,0.41941058729864006
dist_52wh q1 & r120 q1,-2.5076341451852055e-05,0.6777739878003081,-1.9775015702722336,rejected,0.0,0.04798496319342202
ev_agreement q2 & overnight20 q3,-0.00012891668299146828,-1.491052794803247,-1.1627074587571038,rejected,0.1158967994728969,0.2449482143650788
atr_pct q0 & rel_ind20 q3,2.160768686502587e-05,-0.5465028595378579,2.1055366518618803,rejected,0.0,0.03524462035450409
earn_in_week q4 & ind_mom20 q2,-1.8736812827284858e-05,-1.2676316704234654,-1.3839037187598784,rejected,0.13425107627866215,0.16638793794351056
days_to_earn q2 & range_compress q1,-1.985376039244311e-05,0.6743217072531844,-1.9735847216643847,rejected,0.0,0.04842898240242431
mom_12_1 q3 & r1 q2,2.8796192341522355e-05,-0.48652554178983326,2.156141592538997,rejected,0.0,0.031072610612519983
ins_officer30 q2 & intraday20 q0,4.367380399480767e-05,1.6368444613413689,-1.0003670327923182,rejected,0.0,0.3171329180781737
dist_52wh q1 & rel_ind20 q3,-5.823647523747676e-05,-2.2688014660865323,-0.3672558094938764,rejected,0.028043842655220762,0.7134282133411736
frog q0 & news5 q1,-3.836041785069433e-05,-1.1390792710271753,-1.493494012557799,rejected,0.11438923924909888,0.13530792038546355
range_compress q4 & skew60 q0,6.388782714370056e-05,0.8732786392531688,1.7568286498035206,rejected,0.13722965097711567,0.07894702016357438
close_loc q1 & days_since_earn q3,-5.756959268014964e-05,-0.8252703408705189,-1.8017841632808356,rejected,0.14362109015952118,0.0715793703151151
ind_mom20 q2 & overnight20 q2,-6.614819072550145e-05,-1.8907084584206442,-0.7340855515201024,rejected,0.059757826917075506,0.46289659883380896
days_since_earn q1 & frog q3,-1.3449718600387865e-05,-1.2965727275020487,1.327608489533697,rejected,0.0,0.18430747850977638
gap_today q3 & r120 q1,2.3576755620819793e-05,1.443235604085719,-1.1690454571598676,rejected,0.0,0.2423853172599109
ins_buyers30 q2 & min20 q4,0.00010230086732670025,1.0287201871514855,1.5818071821158275,rejected,0.12149375161239516,0.1136935949439614
ins_value30 q2 & min20 q4,0.00010230086732670025,1.0287201871514855,1.5818071821158275,rejected,0.12149375161239516,0.1136935949439614
days_to_earn q4 & r120 q1,-6.155876048558422e-05,-2.1283396520869258,-0.4777600554078415,rejected,0.03718793919381355,0.6328209945748013
gap_today q3 & r5_nonews q4,-3.7086637291524706e-07,0.9282894656283636,-1.6770669431925054,rejected,0.0,0.09352939205849567
ear_volsurge q4 & vol_surge5 q3,-1.480175169355222e-05,-1.4986566826126952,1.1027864757747101,rejected,0.0,0.2701199025850499
ev_red_flag q2 & ins_officer30 q4,-8.831576267482796e-06,0.3409115724657906,-2.260241413867995,rejected,0.0,0.023806271846270263
r120 q3 & skew60 q0,-6.676886713775148e-06,0.7263304860363561,-1.870054023791668,rejected,0.0,0.06147631613635548
r5_news q2 & range_compress q1,-2.3835851739690833e-05,0.6658691268678318,-1.9274459005770381,rejected,0.0,0.05392408398988391
intraday20 q0 & range_compress q1,9.906615031501093e-06,1.2123200274476238,-1.3785202243956185,rejected,0.0,0.1680427280248865
ins_officer30 q2 & min20 q4,0.00010301955606448679,0.9961572417032603,1.5926266313200683,rejected,0.12783907136757264,0.11124397553356494
dist_ma50 q3 & r20 q3,5.3108723369278276e-05,0.18541690242888717,2.4021419357870752,rejected,0.1550251715001822,0.016299382793209367
earn_in_week q1 & rel_ind60 q1,-8.859526475854807e-06,-1.1706699314563687,1.41656018536217,rejected,0.0,0.15661155606258392
dist_52wh q1 & r60 q3,-4.05094559899568e-05,-2.0797546825456417,-0.5064402972117842,rejected,0.04106287174164973,0.612547591591507
r120 q2 & r20 q3,5.6315722957868124e-05,0.16928571608120926,2.41018897630915,rejected,0.16313773207869772,0.01594425946407971
ins_buyers30 q2 & ins_officer30 q2,3.7505844579626146e-05,-0.5243985426556836,2.054644862520209,rejected,0.0,0.039913319144507194
ins_officer30 q2 & ins_value30 q2,3.7505844579626146e-05,-0.5243985426556836,2.054644862520209,rejected,0.0,0.039913319144507194
ins_buyers30 q2 & ins_value30 q2,3.7505844579626146e-05,-0.5243985426556836,2.054644862520209,rejected,0.0,0.039913319144507194
days_since_earn q0 & r120 q1,-5.808877421725692e-05,-2.0357061411566257,-0.5300240493209092,rejected,0.04358154358289273,0.5960952566494617
close_loc q4 & days_since_earn q3,-4.8237824471501886e-05,-0.4778835897992954,-2.0834485154912676,rejected,0.1273553496038755,0.037210359936958884
ear_volsurge q4 & overnight20 q4,4.339180660086407e-05,1.4086045727824539,1.1517380282832415,rejected,0.1110326591146351,0.24942874043107022
days_to_earn q1 & gap_today q3,-5.909643390699694e-05,-0.09762180662848484,-2.462330872283746,rejected,0.1517814607535764,0.013803725845441761
ev_shelf q2 & ins_officer30 q4,-9.166481613081191e-06,0.3225057376065776,-2.233275670763177,rejected,0.0,0.02553077088507653
gap_today q3 & r1 q3,-5.753661109389707e-05,-0.5024911362412657,-2.0493065278057254,rejected,0.15180821857796542,0.04043215074689175
close_loc q1 & dist_ma50 q4,-3.7143766625099096e-05,-0.9498484533492088,-1.5969005667507299,rejected,0.12312698503816416,0.11028787345716043
mom_12_1 q0 & news5 q1,-3.163656073168004e-05,-1.5037574178646747,-1.041762570394468,rejected,0.07792844673733465,0.297521771513595
ev_agreement q2 & vol_ratio q4,-0.00010767197607971981,-1.7417190248891512,-0.8026901502488428,rejected,0.06735458330491832,0.4221538474126637
ins_officer30 q2 & r5_news q4,5.880097515953785e-05,0.9097920561339493,1.6340886828561958,rejected,0.14279048485486184,0.10224023081029877
days_since_earn q1 & mom_12_1 q3,-2.507535760378367e-06,-0.9786728819145897,1.5639541117177178,rejected,0.0,0.11782834533412406
days_to_earn q2 & range_compress q4,8.773653047582191e-05,2.0554586534283534,0.486779203340884,rejected,0.039289466604902686,0.6264148096768621
days_to_earn q3 & r20 q3,-2.7622749555033368e-05,-1.4476176846082716,1.0874518438389318,rejected,0.0,0.2768371698073693
ind_mom60 q3 & r5 q1,3.0368642343147806e-05,-0.1388032296861617,2.3903179421239513,rejected,0.0,0.016833792837281477
days_to_earn q1 & dist_ma50 q3,-6.673860710785052e-06,0.8198613537190379,-1.709160972533138,rejected,0.0,0.08742113588885277
r120 q1 & rel_ind60 q1,-2.3751588926048526e-05,0.721318417575943,-1.8064212627003644,rejected,0.0,0.07085256278823922
ins_buyers30 q2 & range_compress q2,9.64746561016941e-05,0.8406968860203378,1.685886294943626,rejected,0.12964859772232,0.09181770215693129
ins_value30 q2 & range_compress q2,9.64746561016941e-05,0.8406968860203378,1.685886294943626,rejected,0.12964859772232,0.09181770215693129
news5 q1 & vol20 q0,4.495366869548764e-05,1.8123018997135518,0.7136383891744601,rejected,0.06073613205458391,0.47545081289605956
days_to_earn q3 & r120 q2,1.6268001149555217e-05,-0.5749748694823722,1.9487222193215943,rejected,0.0,0.051328606825609
days_since_earn q3 & vol_surge1 q3,-5.3978864206124974e-05,-1.0263657097502399,-1.4959401481743222,rejected,0.12085879763305926,0.13466925278063446
r20 q3 & r5_nonews q1,-1.815558950027055e-06,-0.9440664202293965,1.5746414032900777,rejected,0.0,0.11533924031794592
dist_ma200 q3 & intraday20 q3,2.8005641853329255e-05,-0.3917040318145326,2.1176699596115274,rejected,0.0,0.03420302869924047
close_loc q1 & r20 q2,-6.616273911412412e-05,-1.7006951212909338,-0.8081101974069278,rejected,0.06274279216232191,0.4190271477934789
days_since_earn q3 & ins_buyers30 q2,-1.058048992598157e-05,0.8622083574498572,-1.6456590491102254,rejected,0.0,0.09983397455739043
days_since_earn q3 & ins_value30 q2,-1.058048992598157e-05,0.8622083574498572,-1.6456590491102254,rejected,0.0,0.09983397455739043
min20 q4 & mom_12_1 q3,5.70626785812837e-05,0.17002157981374572,2.3345384194444576,rejected,0.10125590251069488,0.019567546774610995
dist_52wh q2 & r20 q3,4.813648709911392e-05,0.6453124836398539,1.8580074751167521,rejected,0.13946930089402693,0.06316795279047249
ear q1 & news5 q1,-5.562017972402293e-05,-1.2356546707010303,-1.2655629167924063,rejected,0.10329191341431261,0.20566960962464848
gap_today q3 & mom_12_1 q0,-2.8431615990554696e-05,-0.46098983459188164,-2.0383828409964013,rejected,0.14101200997484964,0.041511660958884436
r5 q1 & range_compress q2,4.600971962370186e-05,0.35354991302622657,2.1454868540944374,rejected,0.10726734742879365,0.0319139413786563
days_since_earn q1 & r120 q1,6.0103808648461727e-05,0.8364215943705812,1.6613459379063393,rejected,0.13748113039448812,0.09664398885807575
dist_52wh q1 & gap_today q3,-4.654459084449096e-05,-0.6759322269660322,-1.8210650883238721,rejected,0.1484175945596014,0.06859696340519317
ear q1 & range_compress q1,-3.0597775856061775e-05,-0.19693969879617562,-2.29607484297334,rejected,0.11182300558677394,0.02167160242891837
dist_52wh q2 & mom_12_1 q3,2.8387242003979442e-05,-0.5011761418247028,1.9892211625197591,rejected,0.0,0.046676797039458595
dist_ma50 q2 & r20 q3,4.376667275854993e-05,-0.1154390716396753,2.3687087534704867,rejected,0.0,0.017850303750480218
dist_52wh q2 & r1 q1,6.904435546423616e-05,1.3053959190653646,1.1750828491482657,rejected,0.10726134858119163,0.2399615715583487
days_to_earn q1 & vol_surge1 q3,-5.205693975533684e-05,-1.432180500736246,-1.046890310300598,rejected,0.07995897968125239,0.29515017138368904
range_compress q1 & vol_surge5 q4,-9.79072616786556e-06,0.5708444604752136,-1.9063560649513933,rejected,0.0,0.05660402483800391
ins_buyers30 q4 & ins_officer30 q4,-9.79861170096895e-06,0.2625360851270774,-2.212645246632186,rejected,0.0,0.02692211299678357
ins_officer30 q4 & ins_value30 q4,-9.79861170096895e-06,0.2625360851270774,-2.212645246632186,rejected,0.0,0.02692211299678357
r20 q3 & r5_news q2,4.067007722338289e-05,-0.30447709329807926,2.1664356386639065,rejected,0.0,0.030277913081972675
frog q0 & r60 q2,-4.959742630221069e-05,-1.570919779574099,-0.8994670471862066,rejected,0.05932450256658374,0.3684039404769074
mom_12_1 q0 & vol_surge1 q3,-4.342689603153045e-05,-2.0557624281153384,-0.4100087186676001,rejected,0.027043862555712582,0.6817995518612834
ind_mom60 q0 & rel_ind60 q1,-5.5816343870028625e-06,0.7981969509420211,-1.6661012527217696,rejected,0.0,0.09569324908279167
intraday20 q0 & mom_12_1 q3,4.911283098595221e-05,1.9506211312992041,0.5104388580117546,rejected,0.03958090643456566,0.6097440394147151
earn_in_week q1 & ins_buyers30 q2,8.08324511468849e-05,0.796863758465529,1.6621376773535972,rejected,0.1343111379214052,0.0964851725669187
earn_in_week q1 & ins_value30 q2,8.08324511468849e-05,0.796863758465529,1.6621376773535972,rejected,0.1343111379214052,0.0964851725669187
ins_buyers30 q2 & r5_news q4,5.3712787213275635e-05,0.7400642989110439,1.7156450286813345,rejected,0.12505736178125582,0.08622703169289017
ins_value30 q2 & r5_news q4,5.3712787213275635e-05,0.7400642989110439,1.7156450286813345,rejected,0.12505736178125582,0.08622703169289017
min20 q4 & range_compress q2,6.914503592977412e-05,0.7655227467244401,1.686606905723491,rejected,0.1190221953882522,0.09167896321572348
days_since_earn q1 & range_compress q4,2.688557235784139e-05,-0.48168426696845357,1.9547516092985289,rejected,0.0,0.050612395313566136
days_since_earn q1 & r20 q2,3.483686945252018e-06,1.9450797722788575,0.49110102659166655,rejected,0.03762510900737964,0.6233549954646739
ev_shelf q2 & mom_12_1 q3,7.43863610885041e-05,-0.16617158675039656,2.2633727464846123,rejected,0.0,0.0236127213107357
ev_shelf q2 & r5 q1,4.4378615559485065e-05,-0.3690522020218038,2.0557910258735483,rejected,0.0,0.03980266341406651
ev_shelf q2 & range_compress q1,-4.012200400837628e-05,0.4049355344184074,-2.0189394391369557,rejected,0.0,0.04349351439603542
earn_in_week q1 & mom_12_1 q3,4.227317633530506e-05,1.1401823217100862,1.2830558167611639,rejected,0.10452060433454742,0.19947252163368703
range_compress q2 & rel_ind60 q1,2.0166789439829313e-05,1.3144249192531714,-1.1082890143808666,rejected,0.0,0.26773701833125024
news5 q1 & rel_ind20 q2,6.692080542276401e-07,0.9705596785630455,-1.4456320379705452,rejected,0.0,0.1482804356265027
days_since_earn q1 & intraday20 q0,4.055026736372112e-05,1.286130322272733,1.1287719429179157,rejected,0.11229988397493437,0.25899405132995384
frog q1 & rel_ind60 q1,4.688125309437606e-05,1.8314937935153368,-0.5826072115967099,rejected,0.0,0.5601577495565466
r5_nonews q3 & vol_surge5 q4,-4.3447387873156234e-05,-1.6031713740617197,-0.8098617067833301,rejected,0.06139268712989563,0.4180196625330951
mom_12_1 q0 & range_compress q1,-3.5606229534535765e-05,-0.40993247429975294,-1.9983891585809277,rejected,0.14060911195929332,0.045674486084930264
r5 q1 & range_compress q4,5.4024866607860976e-05,0.5355872350167281,1.8683885549759331,rejected,0.12728742100605367,0.0617079311930098
days_to_earn q2 & rel_ind60 q1,-1.0528548652530288e-05,0.8010162245383193,-1.6008359979110356,rejected,0.0,0.10941324822803242
dist_ma50 q2 & mom_12_1 q0,-6.882848908560575e-06,-1.0991428477715064,1.3011585999190967,rejected,0.0,0.19320417288457126
frog q4 & vol20 q1,6.14966219640359e-05,1.055429667507805,1.3417225833439257,rejected,0.11007017652051584,0.17968596179419882
ind_mom60 q1 & r20 q1,6.109116862444552e-05,1.2685912742525347,1.1206600685451105,rejected,0.10929962574594099,0.26243258556888205
close_loc q1 & ear q1,-5.993194871349678e-05,-0.9042187407874316,-1.4832709744954204,rejected,0.11103519353234893,0.13800243079825375
days_to_earn q3 & max20 q4,-7.397393021116201e-08,-1.2881567363992108,1.089959846621508,rejected,0.0,0.27573083207593624
days_to_earn q3 & dist_ma200 q0,2.0826134161473733e-05,0.8953307169490727,1.4827063413684158,rejected,0.11215632264482298,0.1381524490809052
r120 q2 & r20 q2,3.100797654886515e-05,-0.41357546803555434,1.9640084569556395,rejected,0.0,0.04952911117942187
days_to_earn q1 & ear q3,-5.786658669214997e-05,-1.2696824809230434,-1.1071457295537241,rejected,0.10250837207811626,0.2682309269891199
dist_52wh q3 & r20 q3,6.839611997184051e-05,1.1492563900950479,1.2241594218298513,rejected,0.1120900923432194,0.22089209344804692
mom_12_1 q2 & r120 q4,2.9283052419886114e-06,1.0521604019661404,-1.3199005017605316,rejected,0.0,0.1868682400520062
days_to_earn q1 & ins_buyers30 q2,-9.022481683079465e-05,-0.27261617027003165,-2.0938864282243697,rejected,0.10387647613116256,0.03627009853915185
days_to_earn q1 & ins_value30 q2,-9.022481683079465e-05,-0.27261617027003165,-2.0938864282243697,rejected,0.10387647613116256,0.03627009853915185
dist_52wh q1 & frog q3,-4.695448986307756e-05,-2.217545636190497,-0.13721168001854733,rejected,0.01406374920321572,0.8908634789127592
frog q0 & r1 q0,2.8169664278729223e-06,1.0064130124062665,-1.3479786775736466,rejected,0.0,0.1776652407054528
days_to_earn q1 & intraday20 q0,-3.1584002548943276e-05,-0.4873898350100865,-1.8645841496605753,rejected,0.12994062563752945,0.06223971629350492
atr_pct q0 & news5 q1,4.282476969282587e-05,1.8132135927682418,0.5386283375206414,rejected,0.04283808513537969,0.5901433303813897
ear q1 & rel_ind60 q1,-5.933022925427169e-05,-0.877654201455009,-1.4735109487117986,rejected,0.10784914589343829,0.14061331379679773
intraday20 q3 & r120 q2,7.959250498499701e-06,-0.664262393518403,1.6841719246969549,rejected,0.0,0.09214844739687501
overnight20 q0 & skew60 q1,1.97730512742039e-05,1.3506948253446538,-0.9931475424630085,rejected,0.0,0.32063805802331324
earn_in_week q1 & r120 q1,4.450436911574462e-06,-0.682963630430894,1.6589265087595246,rejected,0.0,0.09713060219444478
r1 q3 & rel_ind60 q1,-2.0629479456050158e-05,0.44655791102294723,-1.8924071604040724,rejected,0.0,0.05843675273401918
min20 q4 & rel_ind60 q1,7.277960903776831e-05,1.9861777174087312,0.35227566209996913,rejected,0.024601994131753346,0.7246315386015483
ins_buyers30 q2 & intraday20 q0,4.548835454587866e-05,1.5356866298882657,-0.8012650050916121,rejected,0.0,0.4229782455188845
ins_value30 q2 & intraday20 q0,4.548835454587866e-05,1.5356866298882657,-0.8012650050916121,rejected,0.0,0.4229782455188845
ind_mom60 q3 & r20 q3,3.6396363107504935e-05,0.93028692451454,1.3948089829214998,rejected,0.11967635253476855,0.1630734493356422
mom_12_1 q0 & overnight20 q3,-2.1440799331636984e-05,-0.07265674750602386,-2.249764541915232,rejected,0.11924980902069753,0.024463895985155946
days_to_earn q3 & r60 q3,-4.594177979998377e-05,-1.8340129216850871,0.4868721558569328,rejected,0.0,0.6263489321207503
overnight20 q3 & r20 q3,-2.7862737828824634e-05,-1.4952895142417004,0.8184472995890216,rejected,0.0,0.4131018226909846
dist_52wh q1 & ev_shelf q2,-8.694762197463861e-05,-0.7999486561535977,-1.5127191901987962,rejected,0.11173700678296887,0.13035100292028817
dist_ma200 q3 & news5 q1,5.227523951011825e-05,1.4962637286508778,0.8150445571181995,rejected,0.059866933059447514,0.4150468057101949
r1 q3 & r20 q3,2.6086214548550293e-05,-0.3807332132383828,1.9287254803805196,rejected,0.0,0.053764951258537086
days_since_earn q2 & ind_mom60 q3,-3.112340420876673e-05,-1.6534963030037064,0.6524423516315657,rejected,0.0,0.5141158506384187
dist_ma50 q2 & ins_officer30 q2,2.5894498488609433e-05,-0.7213834698206066,1.5833520408388015,rejected,0.0,0.11334124761209508
days_since_earn q3 & ind_mom60 q4,1.7229499241803863e-05,1.196354269143882,-1.1031423259946376,rejected,0.0,0.2699653625289577
range_compress q1 & rel_ind60 q1,5.99518365408224e-06,1.0306802967407254,-1.2604733223535773,rejected,0.0,0.20749866574755665
close_loc q1 & rel_ind60 q1,6.246900447702037e-06,0.8482235432262696,-1.4418012319958449,rejected,0.0,0.14935845524103655
dist_52wh q1 & range_compress q1,-4.568098357312272e-05,-0.18900738240705436,-2.095507577622069,rejected,0.09151481976506022,0.03612589555304853
mom_12_1 q0 & r20 q0,8.438676975471093e-06,1.178469240830483,-1.0966489735348794,rejected,0.0,0.27279487026251464
days_since_earn q3 & vol_ratio q3,2.5636420515139305e-06,0.9250430474321716,-1.345737408218488,rejected,0.0,0.17838721763484786
days_since_earn q3 & dist_52wh q2,-7.728948669616358e-06,0.7444472316009304,-1.5252710472144821,rejected,0.0,0.12719150614034835
ev_shelf q2 & mom_12_1 q0,-5.7186891522714794e-05,-0.42835395558195605,-1.8413061347167212,rejected,0.13262801317833461,0.0655767092408435
rel_ind20 q0 & vol_surge5 q2,-3.5392079478355974e-05,-0.3972754022094157,-1.8694013324714827,rejected,0.11465879750486295,0.06156699934449507
dist_ma50 q2 & ins_buyers30 q2,4.188929785268433e-05,-0.5328181763356596,1.7333720691631098,rejected,0.0,0.08302955869497469
dist_ma50 q2 & ins_value30 q2,4.188929785268433e-05,-0.5328181763356596,1.7333720691631098,rejected,0.0,0.08302955869497469
close_loc q1 & dist_52wh q1,-1.0315859675363979e-05,0.6070762506256315,-1.657764047819095,rejected,0.0,0.09736510059146992
ins_officer30 q2 & range_compress q1,-4.053298763962218e-05,0.33371478717860736,-1.9301229065824825,rejected,0.0,0.05359161083863062
atr_pct q0 & days_to_earn q3,2.1190027321387152e-05,-0.2502975265355243,2.011063042149397,rejected,0.0,0.044318798256971235
close_loc q1 & days_since_earn q1,2.8754279165773843e-06,0.8629074750053686,-1.3952018448932708,rejected,0.0,0.16295498085555898
close_loc q3 & frog q3,-4.7433509015856644e-05,-1.0700829353184833,-1.1869112300425888,rejected,0.10175333404179962,0.2352626372079483
ind_mom60 q0 & min20 q4,4.337814292305891e-05,1.9020946901618654,-0.35483884061249765,rejected,0.0,0.7227103287134535
ins_officer30 q2 & r5 q1,3.755178650341632e-05,-0.37474453143623954,1.8770247261051898,rejected,0.0,0.06051470504720397
ins_officer30 q2 & r1 q2,0.00010268597280207358,0.6951427360345008,1.554508510395302,rejected,0.10706451708172156,0.12006316824786298
dist_ma200 q3 & ins_officer30 q2,-1.597688096964536e-06,-0.8761373441525298,1.372302408021376,rejected,0.0,0.1699693163266603
close_loc q1 & ind_mom60 q3,-1.1972415607648023e-06,-1.005202467692387,1.2429182879322678,rejected,0.0,0.2138979458538159
atr_pct q0 & mom_12_1 q3,1.7595448282023437e-05,-0.4116023034648142,1.8359811271017203,rejected,0.0,0.06636044794547755
r20 q3 & vol20 q0,2.8381148635427376e-05,-0.3100889340407375,1.9363360652875259,rejected,0.0,0.052826554389010974
earn_in_week q1 & mom_12_1 q0,-7.358956076068011e-06,-1.1645948602243241,1.0789282208212865,rejected,0.0,0.28061972718634487
dist_52wh q1 & mom_12_1 q3,-2.5462768398825184e-05,0.1921583517574134,-2.050371216011926,rejected,0.0,0.04032821983503317
ev_shelf q2 & ins_buyers30 q4,-1.0272881916638606e-05,0.4526824824060134,-1.7876382702723854,rejected,0.0,0.07383438689297182
ev_shelf q2 & ins_value30 q4,-1.0272881916638606e-05,0.4526824824060134,-1.7876382702723854,rejected,0.0,0.07383438689297182
ind_mom60 q0 & r20 q0,-5.650853421980122e-06,0.714269603663531,-1.5242460279954495,rejected,0.0,0.12744726397746609
r20 q0 & vol_surge1 q0,3.2928337959474405e-05,2.1031673603960463,-0.1342457497058188,rejected,0.0,0.8932082502670085
earn_in_week q1 & ins_officer30 q2,7.919184626473705e-05,0.49681206993957217,1.739616317380941,rejected,0.11727986218282975,0.0819264121025155
days_since_earn q3 & r120 q1,1.1319076042786886e-05,1.0144913685451316,-1.2212311593780243,rejected,0.0,0.22199850967160875
mom_12_1 q3 & range_compress q1,4.56873967673692e-05,0.5482949418348537,1.6860328363002572,rejected,0.11160107361463303,0.09178947494409052
ins_officer30 q4 & r5_news q2,-5.724002411179888e-06,0.4122991452522786,-1.8202566183492082,rejected,0.0,0.06871993449434524
ins_opportunistic30 q2 & range_compress q2,8.878395366300954e-05,0.8009119070359536,1.4284766285259205,rejected,0.10752048713036859,0.1531547169537463
ev_shelf q2 & gap_today q3,-7.319741680772485e-05,0.08899168774165121,-2.138986431131648,rejected,0.0,0.032436767306697825
news5 q1 & r1 q3,-9.865216401178232e-06,0.6302999414784065,-1.5957465593115066,rejected,0.0,0.11054538902292198
dist_ma50 q4 & ins_buyers30 q2,-7.058046448684792e-05,-1.0555265825151872,-1.1693606270533745,rejected,0.10650562927918028,0.24225836607904366
max20 q2 & r5_nonews q3,-1.3456761789762988e-05,0.6802160149963854,-1.5437787115934165,rejected,0.0,0.1226419502728375
ins_buyers30 q2 & r20 q2,3.045862035503587e-05,-0.7084186050818462,1.5127081302316343,rejected,0.0,0.13035381349606592
ins_value30 q2 & r20 q2,3.045862035503587e-05,-0.7084186050818462,1.5127081302316343,rejected,0.0,0.13035381349606592
ind_mom60 q3 & r5_news q4,2.298365762767418e-05,1.105302604521501,1.1120087150573634,rejected,0.09694372339802804,0.2661344032317819
gap_today q3 & vol_surge1 q3,2.0107571560757737e-05,1.3400306333137029,-0.876940176373147,rejected,0.0,0.3805191325803485
days_since_earn q3 & news5 q1,3.6019217357008223e-06,1.0834494484813053,-1.1322030663496085,rejected,0.0,0.2575490712682902
close_loc q1 & dist_ma200 q3,-6.472685282851724e-05,-1.432886689249612,-0.7800487909261257,rejected,0.06345496095078096,0.4353621568880123
ev_shelf q2 & r20 q2,2.6191634645495425e-05,-0.774431983001021,1.4341764099223926,rejected,0.0,0.15152192715105248
earn_in_week q2 & ins_buyers30 q2,-2.9277522599648968e-05,-1.1385951421421572,1.0700033267090776,rejected,0.0,0.2846178112966841
r20 q4 & r5 q1,-3.378142531677823e-05,-1.0591186874926999,-1.1478385854939201,rejected,0.10356876146245483,0.2510352051605327
r120 q1 & r5_nonews q1,2.541861946513882e-05,1.3907058667840029,-0.813208116607576,rejected,0.0,0.41609874662356283
ins_buyers30 q4 & ins_value30 q4,-1.1295218443358114e-05,0.4209062064731968,-1.7826698382835415,rejected,0.0,0.07464006393660347
dist_ma50 q2 & intraday20 q3,4.0518165415603816e-05,-0.12424944406960914,2.0763331715709037,rejected,0.0,0.03786314736806524
ear_volsurge q2 & r120 q2,1.9357843713994192e-05,-0.4270859302707353,1.7627762765324928,rejected,0.0,0.0779382301016323
earn_in_week q1 & ev_shelf q2,8.047203503602161e-05,0.5281813713337226,1.661551564174641,rejected,0.12115883227526995,0.09660272186572136
ins_officer30 q2 & r20 q2,2.3904615574250292e-05,-0.7858782379130967,1.402997029487199,rejected,0.0,0.16061772474903618
ind_mom60 q1 & r60 q0,3.1896600451377477e-05,0.6587336673982807,1.5280937296367585,rejected,0.1046492792592371,0.12648926808483046
news5 q1 & r20 q4,-2.382443826203656e-05,-0.4404334372029703,-1.7435682016476912,rejected,0.11429408279587383,0.08123441210994613
dist_ma50 q4 & vol20 q2,-4.046046728429467e-05,-0.8985518608448871,-1.28110716504131,rejected,0.09326339760130437,0.2001560275152864
mom_12_1 q0 & r120 q1,8.83707308692353e-06,1.0506534433536072,-1.1237961031292627,rejected,0.0,0.26109953504099936
ins_officer30 q2 & range_compress q2,8.29085736459379e-05,0.7181879732406072,1.453931432498527,rejected,0.09823994711453751,0.14596531722059727
gap_today q3 & range_compress q1,-2.2068833918747034e-05,0.4908545674541207,-1.6784321213029265,rejected,0.0,0.09326277131167764
intraday20 q3 & r5_nonews q1,4.5186921307172e-05,0.6896915318622324,1.478806559610662,rejected,0.1043370860108974,0.139192022195644
days_to_earn q2 & intraday20 q3,5.3677034090793625e-05,0.9503595880862015,1.215599181372335,rejected,0.10117190459357338,0.22413764616028864
days_to_earn q3 & rel_ind60 q1,4.348674325535542e-05,1.02558780883443,1.1383869863745717,rejected,0.10895876252265017,0.2549589256747455
days_since_earn q3 & vol20 q0,6.607223422615118e-05,0.521171282679397,1.6424021405081284,rejected,0.12331595715448604,0.10050669163039393
days_to_earn q2 & max20 q2,7.894998895785969e-05,2.1499376347911068,0.011330027217221567,rejected,0.0009455496879972891,0.9909601396174013
days_since_earn q1 & rel_ind60 q1,4.4911286453137656e-05,0.9158347314755111,1.2431781086763098,rejected,0.0957247808386627,0.21380220776854728
ev_shelf q2 & range_compress q4,1.6514304775844137e-05,-0.6211479193696459,1.5367941659120603,rejected,0.0,0.1243437225584926
r1 q3 & r5 q1,1.2300798825412831e-05,-0.43256932996297337,1.7238606376725323,rejected,0.0,0.08473300473691162
earn_in_week q1 & range_compress q1,2.0151225490127378e-05,1.4540750558345374,-0.6997682720264945,rejected,0.0,0.484072032125038
days_to_earn q2 & news5 q1,-3.439739480035012e-05,-1.259099472024926,-0.8903617239269859,rejected,0.06153976383388642,0.37327168793960774
days_to_earn q1 & r5_nonews q4,-2.953094295364955e-05,0.0412797502497461,-2.1072892848013383,rejected,0.0,0.035092511598695544
days_since_earn q1 & news5 q1,-3.84683775489216e-05,-1.507731789925071,-0.6404447508662044,rejected,0.05752686099707648,0.5218834970952814
days_since_earn q2 & vol_surge1 q3,-3.6929509602783974e-05,-1.1559621491133145,-0.9897141896208486,rejected,0.05573747220202358,0.3223138373833491
ins_buyers30 q2 & r5_nonews q1,2.1857123508344005e-05,-0.5576437962288582,1.5843937644166997,rejected,0.0,0.11310414003818153
ins_value30 q2 & r5_nonews q1,2.1857123508344005e-05,-0.5576437962288582,1.5843937644166997,rejected,0.0,0.11310414003818153
news5 q1 & range_compress q2,1.4061126777106023e-06,-0.7828903881526807,1.352189705619957,rejected,0.0,0.1763146360265783
ear q3 & vol_ratio q4,-3.087920152555102e-06,-0.8546374714656503,1.2794513094201097,rejected,0.0,0.20073817533637528
ev_shelf q2 & ind_mom60 q3,1.4075764727689456e-05,-0.6032049257277102,1.5300659298396322,rejected,0.0,0.1260004104292965
r5 q1 & rel_ind60 q1,5.0437989351031884e-05,0.883915349619873,1.2459756377723703,rejected,0.09384502580259875,0.2127733393335073
ear q1 & gap_today q3,-5.457227407085892e-05,-1.3923399292280263,-0.7374609496373972,rejected,0.055003971940777316,0.4608420822740555
days_since_earn q0 & ins_officer30 q2,2.9245788929005354e-05,-0.39527342077289684,1.7330286953961087,rejected,0.0,0.08309056861218751
r120 q2 & r5 q1,-4.311681705650309e-05,-1.5897500823316972,0.5333737535150896,rejected,0.0,0.5937748823867244
gap_today q3 & rel_ind60 q0,-3.3976000365388005e-05,-0.2363869768001201,-1.8844264241283566,rejected,0.10516594193375912,0.059507318368401646
close_loc q1 & r120 q2,5.559458432984548e-05,1.6790987294685218,0.43662070992761715,rejected,0.022499463477001363,0.662386440777744
dist_52wh q2 & ins_buyers30 q2,3.337464544830272e-05,-0.4336783559694889,1.6805519173852794,rejected,0.0,0.09284998195021078
dist_52wh q2 & ins_value30 q2,3.337464544830272e-05,-0.4336783559694889,1.6805519173852794,rejected,0.0,0.09284998195021078
days_since_earn q2 & min20 q4,4.91167023122741e-05,0.016710476652540714,2.0968733845796734,rejected,0.07860679712602257,0.03600478517375904
dist_52wh q1 & ind_mom60 q0,-4.73849822906431e-05,-1.1706771941711533,-0.9403089593339556,rejected,0.051900566330412,0.34705910528972245
intraday20 q3 & rel_ind20 q3,4.0219926833385554e-05,0.7238008764740037,1.3858332300838518,rejected,0.11360004215359182,0.16579783293957318
mom_12_1 q3 & vol20 q0,3.625599644611644e-05,-0.0559578969196255,2.0516819431948177,rejected,0.0,0.040200582716601194
ind_mom20 q4 & r5 q4,-2.923730526726733e-05,-0.23510915804583588,-1.8692920375921376,rejected,0.1055619153935771,0.06158219530564497
days_since_earn q3 & frog q0,-4.490334600918766e-05,-0.9085504380570516,-1.195842809872998,rejected,0.09601084266304785,0.23175790634333499
ind_mom60 q3 & news5 q2,7.689495946944725e-06,-0.6483967077247268,1.4544734890692512,rejected,0.0,0.1458150783298016
gap_today q3 & ins_officer30 q2,-7.702245487218934e-05,0.005334263357767788,-2.093532022472122,rejected,0.0,0.036301688581471134
dist_ma200 q3 & ev_shelf q2,-1.0587102339172841e-07,-0.7852743523463459,1.3060400132632561,rejected,0.0,0.19153895069239382
days_to_earn q2 & r5_nonews q4,-3.8107021513322366e-05,-0.040501629794939514,-2.0497649689369286,rejected,0.10800987734032208,0.04038737161734303
ind_mom60 q3 & range_compress q1,-3.840805510983931e-05,-0.4832212592358392,-1.6022902243180874,rejected,0.10285505335187045,0.10909144639039824
rel_ind60 q1 & vol_surge1 q3,-4.233381742678705e-05,-0.5073854164381864,-1.5759412014834702,rejected,0.09737565954608222,0.1150393545275452
gap_today q3 & news5 q1,1.5735196004183744e-05,1.266495564478746,-0.816667559062234,rejected,0.0,0.4141184352812964
days_since_earn q1 & dist_ma50 q2,5.65135948782359e-05,1.3473868833114697,0.7337591765289927,rejected,0.05694642730264304,0.46309552517807223
days_to_earn q1 & intraday20 q3,3.2903487771762806e-05,1.4468811222060773,-0.6311230962264651,rejected,0.0,0.5279600406557488
ind_mom20 q3 & range_compress q4,7.77893849286527e-06,-0.6665486029160477,1.41074734623813,rejected,0.0,0.15831912499385647
ear_volsurge q3 & log_dv q2,-3.754106506094579e-05,-0.883368318876522,-1.1937014073736454,rejected,0.09605920325238879,0.23259478978217124
ind_mom60 q0 & mom_12_1 q0,-1.620470689499819e-05,0.07756520283580043,-1.9993611599400063,rejected,0.0,0.04556929116423111
days_to_earn q1 & dist_ma50 q2,2.5318995625605893e-05,-0.3849732804718078,1.691586865024112,rejected,0.0,0.0907247726408684
days_to_earn q3 & ind_mom60 q3,6.074341565492505e-06,-0.826252989349445,1.2471210479669894,rejected,0.0,0.21235311638824847
close_loc q1 & min20 q4,6.591214063792303e-05,1.745165796068207,0.3279153478613802,rejected,0.03049487665597026,0.742975668884152
overnight20 q4 & r5_news q4,2.5266063262249746e-05,0.8909613024719703,1.1788112467316358,rejected,0.09465336424924405,0.2384733449242475
earn_in_week q1 & r20 q3,-4.987251790156852e-06,-1.0401854371862824,1.017907706914402,rejected,0.0,0.3087218187131956
close_loc q1 & mom_12_1 q0,-2.6571180315325158e-05,0.04304380866629432,-2.0127623840814914,rejected,0.0,0.044139632931097066
days_since_earn q3 & overnight20 q3,-5.697981127506811e-05,-1.5307524345722736,-0.5218456397440351,rejected,0.03948598502899863,0.6017778096542223
dist_52wh q1 & ins_buyers30 q2,-7.218122700230625e-05,-0.5725234219579638,-1.47966819045915,rejected,0.0977867185833751,0.13896181862500814
dist_52wh q1 & ins_value30 q2,-7.218122700230625e-05,-0.5725234219579638,-1.47966819045915,rejected,0.0977867185833751,0.13896181862500814
news5 q4 & r20 q3,2.9873502885123545e-05,0.3953470706020094,1.6545010271973504,rejected,0.11415852089552792,0.09802575478476376
ear q3 & range_compress q1,-4.715685989804145e-05,-1.540675193665729,-0.5070608677139951,rejected,0.03693947102358816,0.6121121111961751
days_to_earn q3 & r5_nonews q4,-3.2582186014912486e-05,-0.8046718229360602,-1.2413452232553335,rejected,0.09830920816449111,0.2144782451935229
ev_shelf q2 & r60 q3,6.262145262906111e-06,-0.6767637137500008,1.367896422092656,rejected,0.0,0.17134449986963307
days_to_earn q3 & r5_nonews q1,3.2874099038205734e-05,0.9158475364313994,1.1264661330248982,rejected,0.10183573403099096,0.2599682678876157
r5 q0 & rel_ind60 q1,2.1820980549971528e-06,0.7304296358992859,-1.3085072354918799,rejected,0.0,0.19070132204924786
days_to_earn q1 & r5_nonews q0,-1.1700706129415355e-05,0.4940969581687608,-1.543313889154912,rejected,0.0,0.12275463529916257
days_since_earn q0 & ins_buyers30 q2,1.2375496644581076e-05,-0.5885943473093029,1.4484204263840914,rejected,0.0,0.14749950554477304
days_since_earn q0 & ins_value30 q2,1.2375496644581076e-05,-0.5885943473093029,1.4484204263840914,rejected,0.0,0.14749950554477304
rel_ind20 q3 & skew60 q2,-3.165401268291698e-05,-1.3538214084575158,0.6830768065190016,rejected,0.0,0.4945583103404362
days_since_earn q3 & r20 q0,1.3711900501413547e-05,1.3227198081738585,-0.7113750145777014,rejected,0.0,0.4768518777061382
gap_today q2 & r20 q3,-2.476852781037017e-05,-1.1503470054411085,0.8790545097611503,rejected,0.0,0.3793717211015684
days_since_earn q3 & ear q1,-4.43679926516394e-05,-0.6462953106136108,-1.3822359130559385,rejected,0.10915157364416773,0.16689927643813865
ind_mom60 q3 & ins_buyers30 q2,1.6548605987183767e-05,-0.5021083904476679,1.524911710549659,rejected,0.0,0.12728112058607235
ind_mom60 q3 & ins_value30 q2,1.6548605987183767e-05,-0.5021083904476679,1.524911710549659,rejected,0.0,0.12728112058607235
dist_ma50 q2 & r120 q2,2.1666227862953338e-05,-0.41724110880069437,1.6069904339662056,rejected,0.0,0.10805646658196359
overnight20 q3 & r120 q1,-2.3643421836925803e-05,0.27124853279116,-1.751278418539047,rejected,0.0,0.07989796331936477
days_since_earn q3 & dist_ma50 q2,6.0274511927463236e-05,0.5830408139082686,1.4363985052421098,rejected,0.0936762420997205,0.15088897825247297
dist_ma50 q2 & ev_shelf q2,2.4021520489367402e-05,-0.6076791160898799,1.4111701216990031,rejected,0.0,0.15819445781801814
ev_shelf q2 & range_compress q2,8.156229404341749e-05,0.7099940818263106,1.308710888315951,rejected,0.09249376682849582,0.1906323020358756
mom_12_1 q3 & r5_news q2,5.55256894251528e-05,-0.13403196152105767,1.884572878578385,rejected,0.0,0.05948752684687116
gap_today q3 & overnight20 q3,-5.20652923741566e-05,-0.5926201690525028,-1.425704241762513,rejected,0.10101384589126415,0.15395373161883644
days_to_earn q1 & r20 q4,-2.4373489161262242e-05,-0.09722515416392498,-1.9206021583371176,rejected,0.09147437920537874,0.05478188286374836
days_since_earn q2 & r120 q1,-4.853500130027331e-06,0.7768050687521285,-1.2398423830946779,rejected,0.0,0.2150336983301844
dist_ma50 q0 & vol_ratio q4,-3.985073500012834e-05,-0.4818967061671334,-1.5346032987488452,rejected,0.09018617847559715,0.12488130188330458
days_to_earn q2 & vol_surge1 q3,-4.608741667935082e-05,-1.001938673569312,-1.0126714313768184,rejected,0.06202096174783976,0.31121712803524065
r5_nonews q0 & vol20 q3,3.601011436817334e-05,1.1737635729215425,0.8397332119404043,rejected,0.05528772244118196,0.4010579880441238
ins_officer30 q2 & r60 q3,1.0681997041101712e-05,-0.6098740090951165,1.4028445160389904,rejected,0.0,0.16066320908845452
days_to_earn q3 & r20 q0,3.374329952127529e-05,1.1691421648019968,0.8417984836482026,rejected,0.054328292033427164,0.39990076085988313
days_to_earn q2 & r120 q0,1.3547607512538682e-06,0.8629415290624266,-1.147658447866806,rejected,0.0,0.25110959106537367
news5 q1 & overnight20 q3,-3.527907502284021e-05,-1.0811535460090298,-0.9264958994640997,rejected,0.05492980860080468,0.3541883271188779
dist_ma50 q0 & mom_12_1 q3,2.8093056185570777e-05,1.6472419895883919,-0.35934873292117686,rejected,0.0,0.7193342219631951
mom_12_1 q0 & overnight20 q4,-2.686646740988366e-05,-0.8942493752147664,-1.111969840374851,rejected,0.09219423486792695,0.26615111798530766
frog q4 & skew60 q3,-1.5899121089834972e-05,-1.3705528127676188,0.6327152564259967,rejected,0.0,0.5269196051600051
ind_mom60 q1 & r1 q0,1.8537634889245203e-05,0.21834148378223478,1.7848677299972877,rejected,0.1024849714490926,0.0742827740652764
frog q3 & r1 q4,-3.872067514562416e-05,-1.759140279735167,-0.24266960380306096,rejected,0.02159681715022365,0.8082613563305607
ev_shelf q2 & overnight20 q4,1.3129895484487973e-05,-0.4908618346041416,1.5076991358448513,rejected,0.0,0.13163154680198288
dist_ma50 q4 & ins_officer30 q2,-6.564412432434402e-05,-1.028295538932154,-0.9697989637265356,rejected,0.05330040312701575,0.3321467094945188
days_since_earn q1 & dist_ma200 q3,-4.013203736777127e-05,-1.5826733558807555,0.4150939719866305,rejected,0.0,0.6780731120928705
days_to_earn q1 & r60 q3,-1.562782706735153e-05,-1.1155143931571967,0.8816040033647247,rejected,0.0,0.37799098945265047
days_to_earn q4 & intraday20 q3,3.610929445641726e-05,0.40497594961777583,1.591203279303693,rejected,0.09964989721429275,0.11156383512032342
r120 q1 & range_compress q2,3.7743282353254344e-05,1.5500059428341346,-0.4454635455474798,rejected,0.0,0.6559847986466084
days_to_earn q1 & news5 q1,-2.654967644085941e-05,-0.29000333993765554,-1.7003572829173548,rejected,0.09643113284448701,0.0890637416661975
ind_mom60 q3 & rel_ind20 q3,9.370037194918647e-06,-0.795248004318042,1.1899721867568074,rejected,0.0,0.23405732397198056
days_since_earn q3 & vol_surge5 q1,3.74032394212889e-05,1.3789616861824172,-0.6036518996950102,rejected,0.0,0.5460750997074155
intraday20 q3 & range_compress q1,4.6594760051928256e-05,1.0421450612071217,0.939935803675311,rejected,0.0512057897458847,0.3472504906997708
dist_52wh q1 & ins_officer30 q2,-7.069819050653933e-05,-0.5587179359501329,-1.421796716207865,rejected,0.10376259573872582,0.15508527317355686
ins_buyers30 q2 & range_compress q1,-4.1366774521697256e-05,0.22875410805720953,-1.751691657794353,rejected,0.0,0.07982684211833023
ins_value30 q2 & range_compress q1,-4.1366774521697256e-05,0.22875410805720953,-1.751691657794353,rejected,0.0,0.07982684211833023
ins_buyers30 q2 & r1 q2,8.647655824899636e-05,0.5703811110902729,1.406208033217384,rejected,0.106975884928634,0.15966235944413548
ins_value30 q2 & r1 q2,8.647655824899636e-05,0.5703811110902729,1.406208033217384,rejected,0.106975884928634,0.15966235944413548
days_since_earn q2 & r20 q3,1.578803566125775e-05,-0.45027414714293285,1.5207512542754187,rejected,0.0,0.12832227122621562
r5_news q4 & range_compress q4,3.764513535986537e-05,1.112666539169363,0.8582371464096931,rejected,0.05294343311761259,0.3907615282174193
ear_volsurge q1 & max20 q2,3.102003909890024e-05,1.3623588985255783,-0.6079294983755743,rejected,0.0,0.543234234161533
ind_mom60 q4 & rel_ind20 q1,-3.924178094978529e-05,-0.47472389054995934,-1.4901947611027788,rejected,0.0919395888641011,0.13617303349069093
atr_pct q0 & intraday20 q3,4.4944016126738564e-05,0.318603447359711,1.6458055887559844,rejected,0.11138786803337937,0.09980379130459238
ear q1 & ind_mom60 q0,-2.8432562876602023e-05,-0.256854713696622,-1.7059704659124522,rejected,0.09338942044404755,0.08801357856286729
atr_pct q0 & r20 q3,-5.812963641957139e-07,-0.6783330564870651,1.2841295246017685,rejected,0.0,0.1990966390507567
days_since_earn q1 & overnight20 q4,2.9686846143702576e-05,0.7078855686930775,1.2497628210711698,rejected,0.08585003227070864,0.2113862012064077
intraday20 q3 & overnight20 q4,2.5076762807723767e-05,0.6188675169358243,1.3366810784814396,rejected,0.09010822652626768,0.18132676082491508
dist_ma200 q1 & max20 q2,4.102476975886813e-05,1.5260992477960524,-0.4277404663906664,rejected,0.0,0.6688400847412677
ear q4 & intraday20 q0,-6.897998672046673e-06,0.5297022424608107,-1.4233179245291323,rejected,0.0,0.15464401314860435
ins_officer30 q2 & range_compress q4,2.7781126295660704e-05,-0.4235451594450379,1.5284842236154204,rejected,0.0,0.12639235761048803
days_to_earn q2 & min20 q4,6.545934129724533e-05,1.2950382490914585,0.6568413267289985,rejected,0.0560865895922886,0.5112829481532928
gap_today q3 & ins_buyers30 q2,-7.089381510961182e-05,-0.03878555009069376,-1.91106768752561,rejected,0.08936051121383268,0.055995882962719734
gap_today q3 & ins_value30 q2,-7.089381510961182e-05,-0.03878555009069376,-1.91106768752561,rejected,0.08936051121383268,0.055995882962719734
close_loc q4 & skew60 q0,1.6192512063415582e-05,1.0822287119734324,-0.866178757482825,rejected,0.0,0.3863921406372111
close_loc q1 & overnight20 q3,-2.845274176277567e-05,-0.203884793185768,-1.743769538112365,rejected,0.09765777663376903,0.0811992842147746
r1 q1 & vol_surge5 q1,4.783894864825666e-05,0.7740869008561184,1.1734504416110871,rejected,0.09437197024607881,0.24061521946206407
ind_mom60 q0 & intraday20 q0,-9.944463317250446e-06,0.5052223153183188,-1.439975336280115,rejected,0.0,0.1498743770504813
days_since_earn q2 & range_compress q1,-8.179448879463719e-06,0.6675368110252086,-1.2743589217344933,rejected,0.0,0.20253624342698232
frog q0 & range_compress q1,6.269010793153092e-06,0.993040732335928,-0.947284279729519,rejected,0.0,0.3434939391426277
ins_buyers30 q2 & r60 q3,1.6639547151572166e-05,-0.5137596111985016,1.4254440894890044,rejected,0.0,0.15402887100916732
ins_value30 q2 & r60 q3,1.6639547151572166e-05,-0.5137596111985016,1.4254440894890044,rejected,0.0,0.15402887100916732
r5_news q4 & range_compress q2,2.5496751969577997e-05,1.442522683520037,0.49162192027333707,rejected,0.034989036300532746,0.6229866443699725
r5 q1 & vol20 q0,4.913012259587364e-05,0.39524896021623224,1.5303278531015871,rejected,0.08959486202699175,0.12593559725074333
days_to_earn q2 & gap_today q3,-1.3726602360117982e-05,0.41779244121512377,-1.504539599928528,rejected,0.0,0.13244248498953948
dist_52wh q2 & ind_mom60 q3,1.0762405461300088e-06,-0.7373527780061259,1.183239672376833,rejected,0.0,0.23671417416592383
r120 q2 & vol20 q0,5.30729241962445e-05,0.609869990650915,1.3096378171840226,rejected,0.08752672026175835,0.19031838875911056
ear_volsurge q0 & skew60 q0,7.885315101785188e-06,1.1426329702455083,0.7740653609016664,rejected,0.057616454468640575,0.43889214037475516
frog q0 & mom_12_1 q3,1.472186811539221e-05,-0.5046588139383288,1.4119494945990432,rejected,0.0,0.15796483277095327
close_loc q1 & days_to_earn q1,-4.013808743752055e-05,-0.6216729637298846,-1.2936356113444922,rejected,0.08797764085178651,0.19579131570724814
min20 q4 & r20 q3,4.452839277099659e-05,-0.04970261403904242,1.865015909073678,rejected,0.0,0.06217917427705123
ind_mom60 q3 & ins_officer30 q2,1.511616879575762e-05,-0.4899138917269844,1.4226651218575,rejected,0.0,0.1548332560011286
atr_pct q2 & rel_ind20 q0,-3.839518881250257e-05,-0.15009229073579514,-1.7593653023642164,rejected,0.09396448819579005,0.07851548140877329
r1 q2 & r20 q3,4.044098275719344e-05,-0.02771784154720175,1.8805050904636522,rejected,0.0,0.060039273267122766
rel_ind60 q2 & vol_surge1 q3,-5.013591354765465e-05,-1.7935602748824324,0.11377210221983415,rejected,0.0,0.9094184541695652
days_since_earn q1 & r5_nonews q1,3.43885423008053e-05,0.8979884563597472,1.0062980904485639,rejected,0.05645063929592799,0.3142721987787284
earn_in_week q1 & ind_mom60 q3,-1.5661162424657096e-07,0.4735628445446396,-1.4303051856799769,rejected,0.0,0.15262944711743542
ins_buyers30 q2 & range_compress q4,1.4447038218938033e-05,-0.5491958962148413,1.35380025280802,rejected,0.0,0.17580011300550205
ins_value30 q2 & range_compress q4,1.4447038218938033e-05,-0.5491958962148413,1.35380025280802,rejected,0.0,0.17580011300550205
days_to_earn q3 & dist_52wh q1,-2.445814619553216e-05,-1.1459283563399312,0.7554165389109493,rejected,0.0,0.4499990927348819
intraday20 q3 & news5 q1,2.1310793705858552e-05,1.1879492629563517,-0.7133518161052115,rejected,0.0,0.4756280812236223
close_loc q1 & range_compress q1,7.683970161595173e-06,0.8955470603661111,-1.005565671227269,rejected,0.0,0.3146245442792899
overnight20 q4 & r120 q2,-3.789384048333863e-06,-0.7823364757925626,1.1154005115451648,rejected,0.0,0.26467883043466917
ins_officer30 q2 & news5 q4,5.096730220562545e-05,0.5907046267923054,1.3012597688877467,rejected,0.0890505504332994,0.19316955300563535
ind_mom60 q0 & r20 q2,-5.193308573425122e-05,-1.7352910225929363,-0.15109210847024235,rejected,0.013534163379852117,0.8799030575640563
atr_pct q1 & ear_volsurge q4,3.763509101607982e-05,0.5882126941145949,1.2975308407730357,rejected,0.08977004632241349,0.19444860067249126
days_since_earn q4 & news5 q1,-3.09529794303209e-05,-0.36860626102906047,-1.5145754044441886,rejected,0.09035070866411772,0.12987996476351413
range_compress q2 & rel_ind20 q3,4.5156326083189936e-05,0.5134624868334837,1.3694777281486152,rejected,0.0916714825929371,0.17084999203929394
days_to_earn q1 & frog q0,-3.708748340304373e-05,-0.6738646152699777,-1.2086214950338459,rejected,0.08757471581034265,0.2268082944683126
ear q3 & r20 q3,-2.2120867509233908e-07,-0.7301253469326329,1.1519062059634868,rejected,0.0,0.24935961777200571
dist_ma50 q2 & rel_ind20 q4,-2.900295885975858e-05,-1.6778504070414562,0.20250322173399307,rejected,0.0,0.8395233400068747
dist_52wh q1 & intraday20 q0,-1.5095211597246733e-05,0.4182492155774376,-1.4571708294079049,rejected,0.0,0.14506923063731758
mom_12_1 q3 & news5 q4,1.7501246893063574e-05,-0.33942656030656243,1.533749181860559,rejected,0.0,0.12509136927168638
days_since_earn q3 & intraday20 q3,3.6915717860320864e-05,1.5312136978108353,-0.3389021752253775,rejected,0.0,0.7346834257260243
dist_ma200 q3 & r20 q3,2.5645507103599156e-05,-0.2562971113271953,1.61335654038917,rejected,0.0,0.10666706928544369
days_to_earn q2 & ind_mom60 q3,-8.746859995970315e-06,-1.0095886093680428,0.8598580510395595,rejected,0.0,0.38986729472694387
ins_officer30 q2 & mom_12_1 q0,-4.186939731123206e-05,-0.2286005271374883,-1.6405557048542005,rejected,0.10504776729197088,0.10088967621808477
r20 q2 & r5 q1,3.794565488547499e-05,-0.013376825008281613,1.8509012291023161,rejected,0.0,0.06418376390899184
r120 q1 & rel_ind20 q3,-1.5639989717567084e-05,0.3361806309306833,-1.527960280259132,rejected,0.0,0.12652240001902393
range_compress q4 & rel_ind60 q3,4.7611727964111e-05,0.8792687341711217,0.9754914040917958,rejected,0.051284234712133205,0.3293165635226558
atr_pct q1 & dist_ma200 q0,1.7156714271511484e-05,1.2189046822167366,-0.6355052922692962,rejected,0.0,0.5250989162048938
dist_52wh q4 & ear_volsurge q2,5.757301373447611e-05,0.32001991812799524,1.5324399853992745,rejected,0.08479504831736906,0.1254138966679492
gap_today q2 & ins_officer30 q2,2.4296663243040976e-05,-0.6018254736891162,1.2448850361902863,rejected,0.0,0.21317401209806608
ins_officer30 q2 & overnight20 q4,1.312565783218407e-05,-0.43747043633869653,1.406649400300999,rejected,0.0,0.15953137681583898
days_since_earn q2 & ins_officer30 q2,-7.564260353412553e-05,-0.513957123873177,-1.3230628401306923,rejected,0.08196020149053224,0.18581448102220205
r1 q3 & range_compress q1,-4.1164375155207085e-05,-0.4370552176715589,-1.3996015948829887,rejected,0.10155515916195945,0.1616326561195363
days_to_earn q0 & log_dv q3,-1.813262552305323e-05,0.20107444108688416,-1.635478054452768,rejected,0.0,0.10194887148922827
overnight20 q4 & rel_ind20 q3,-1.8033503854310008e-05,-1.0924781875660177,0.7431094848129521,rejected,0.0,0.4574153977054418
r5_nonews q1 & rel_ind60 q1,5.679061554749177e-05,1.337189493018779,0.49832399951984246,rejected,0.03340502807844316,0.6182556948225058
days_to_earn q3 & r20 q2,5.7683304055349695e-06,1.0780927458216036,0.7413599321234863,rejected,0.05159567002314727,0.4584752319873663
dist_ma50 q2 & gap_today q3,-4.861181068270152e-05,-1.024815542420094,-0.7919656910412706,rejected,0.05681725694858885,0.4283806815231244
days_to_earn q1 & ind_mom20 q0,-2.0094955995668046e-05,0.15539561641,-1.6608306187709097,rejected,0.0,0.09674746984781209
days_to_earn q0 & ev_red_flag q2,7.837337308428576e-05,1.3641312452030447,0.4484843334646492,rejected,0.025190293344790515,0.6538036902445791
ind_mom60 q0 & vol_surge1 q3,-3.141796131033892e-05,-1.654255310619782,0.15554837703026048,rejected,0.0,0.8763890186592753
max20 q1 & r20 q0,-1.0823614666048362e-05,0.45389556652102037,-1.35515975610519,rejected,0.0,0.17536666347777624
days_since_earn q1 & rel_ind20 q3,3.25230373221933e-06,-1.0018581951192094,0.8070147231411511,rejected,0.0,0.4196580007066744
r60 q3 & rel_ind20 q3,4.898266159737048e-05,0.39091094837710005,1.4175323674327722,rejected,0.098181485434209,0.15632733801559057
min20 q4 & range_compress q4,4.692443008071883e-05,0.6334139380050373,1.1748465985913215,rejected,0.08926526124605846,0.2400560933607261
ind_mom60 q0 & r5 q1,-2.527894534806854e-05,-0.20614347129538763,-1.6008454862061356,rejected,0.08846486043529721,0.10941114615913101
dist_ma50 q2 & vol_surge1 q3,-5.4635997624471126e-05,-1.5792717483817944,-0.2265670666829025,rejected,0.021702816394262327,0.8207604033298193
min20 q4 & overnight20 q4,4.2387070180430084e-05,0.5299876364727727,1.275337817275661,rejected,0.0820805995674591,0.20218969782167434
dist_ma200 q3 & ins_buyers30 q2,-7.867685800033755e-06,-0.745789262316436,1.0594796048355115,rejected,0.0,0.2893814128201208
dist_ma200 q3 & ins_value30 q2,-7.867685800033755e-06,-0.745789262316436,1.0594796048355115,rejected,0.0,0.2893814128201208
intraday20 q3 & overnight20 q3,-4.39257570125009e-05,-1.1180614101488227,-0.6871603282888703,rejected,0.048451942272427696,0.49198170094203486
ear q1 & r20 q3,-3.8007861745887116e-05,-1.5707077773630185,0.23401830006928062,rejected,0.0,0.8149707716837482
days_since_earn q3 & mom_12_1 q0,-2.031937354572983e-05,0.005888587575313826,-1.7984002739388176,rejected,0.0,0.07211359939650556
r5_nonews q4 & range_compress q4,-4.723674533502071e-06,-0.7787367276100478,1.0203143168168325,rejected,0.0,0.3075794155207292
ind_mom20 q3 & mom_12_1 q2,1.9857561441093255e-05,1.0624254554270678,-0.735175633205279,rejected,0.0,0.46223253685686544
r120 q4 & r20 q3,6.825902651315324e-06,-0.4849701028315471,1.3077366942431565,rejected,0.0,0.19096263280020628
r5 q1 & range_compress q1,-5.5971699876809925e-05,-1.7841082341165544,0.005939565592864007,rejected,0.0,0.9952609401800334
days_since_earn q1 & range_compress q2,2.8300269275273974e-05,0.16839930113217128,1.6195245655106174,rejected,0.09059682890865352,0.10533444534982617
days_since_earn q0 & intraday20 q3,2.9380347309777485e-05,0.1791004812393845,1.608437743142988,rejected,0.08772718904695478,0.10773934099727069
dist_ma50 q4 & r5_nonews q0,-1.8324857704296237e-05,-1.3700782523333315,-0.41490268458847196,rejected,0.029319478870909518,0.678213144494966
intraday20 q3 & r20 q2,1.0723137966020414e-05,-0.519786705690303,1.2628582277782716,rejected,0.0,0.20664013433309125
days_since_earn q3 & intraday20 q0,-1.4358773873118311e-05,0.1873971365267016,-1.5940112079408104,rejected,0.0,0.11093352460050097
dist_52wh q1 & rel_ind60 q1,4.4753566017057385e-05,1.4814978388729463,-0.29903545153235733,rejected,0.0,0.764912996031891
days_to_earn q1 & overnight20 q4,-2.2454953053301543e-05,-0.8433593132363182,-0.9337649516358223,rejected,0.05046570920892999,0.3504251523523098
dist_ma50 q3 & r5_nonews q3,-4.4924257131560766e-05,-1.3709919307914367,0.4052692164359292,rejected,0.0,0.6852796316411508
days_since_earn q2 & r120 q2,8.08686383192943e-06,-0.4700530875702232,1.3060721953980214,rejected,0.0,0.19152800737647852
r5 q1 & r60 q3,-5.1015837398524565e-05,-1.5279813699512013,-0.2451912979404555,rejected,0.022591496415998395,0.8063083140159562
dist_52wh q2 & mom_12_1 q0,-2.6036280927522973e-05,-0.7567018475359991,-1.0136640599555926,rejected,0.0562268026447324,0.3107430790017218
close_loc q3 & vol_surge1 q3,-3.671116254558596e-05,-1.4789180729735787,-0.29019985330694126,rejected,0.0239568496190305,0.7716633484300395
dist_ma50 q2 & rel_ind60 q1,5.203729068767097e-05,0.9028421117129827,0.8648449455132305,rejected,0.050189959641003486,0.38712389838272104
mom_12_1 q3 & r1 q4,9.347934600006864e-06,-0.4892524294824898,1.2780084963183838,rejected,0.0,0.20124643051925278
gap_today q3 & r120 q2,-3.995031012460504e-05,-0.5007840559846338,-1.26549349299761,rejected,0.08109001821592014,0.2056944795063724
frog q4 & r20 q0,5.937638645171367e-06,1.0087014737103415,-0.756484013740323,rejected,0.0,0.44935905356165096
r20 q3 & r60 q3,4.590810451240156e-05,0.9822838534614298,0.7820976283279568,rejected,0.05677829034472547,0.4341572004551655
days_since_earn q1 & r5 q1,2.0062095742009463e-05,-0.13152584162257183,1.6320358949583738,rejected,0.0,0.10267192473033807
r5_nonews q4 & rel_ind60 q1,-1.625053570597083e-05,0.3092232833667867,-1.452786310934406,rejected,0.0,0.1462830938723445
mom_12_1 q0 & r5_nonews q4,-2.260582532347522e-05,-0.3167473070127307,-1.4431376806272065,rejected,0.07721667918623334,0.14898169057623745
days_to_earn q1 & range_compress q4,-4.4646726324976264e-05,-0.8786539372492259,-0.8807251138699264,rejected,0.054728213923240884,0.3784666204430385
days_to_earn q3 & mom_12_1 q0,-2.6400562445989717e-05,-1.5856560102680932,0.17254057749377552,rejected,0.0,0.8630125634468274
close_loc q2 & log_dv q2,-3.636655623089686e-05,-1.0655106066244884,-0.6915175966272237,rejected,0.04966560903836952,0.4892403263714085
days_since_earn q3 & r5_nonews q1,4.7662108238590087e-05,1.0297361251163937,0.7266640409299991,rejected,0.05441724729017667,0.4674317867754625
dist_ma50 q4 & r1 q3,-2.3267623533187935e-05,-0.08372108615589192,-1.6721398138766832,rejected,0.09259706728807005,0.09449675528146695
mom_12_1 q2 & vol_surge1 q3,-4.382204621617439e-05,-0.23182953283200847,-1.5237964828737312,rejected,0.08432068507371915,0.12755955843381622
ind_mom60 q3 & vol_surge1 q3,-4.158798389493314e-05,-1.6305275326946291,-0.12387681661444751,rejected,0.011624972093695974,0.9014128092030999
ear q0 & min20 q2,2.9516243565204582e-05,1.642679955280429,-0.11166074800169316,rejected,0.0,0.9110924031917221
days_to_earn q2 & ins_officer30 q2,-7.456347702577916e-05,-0.2118479395132331,-1.5407362757669427,rejected,0.08043367145335026,0.1233809841951649
days_to_earn q3 & r5 q1,2.5990774636200434e-05,0.23211050127140245,1.519207725195517,rejected,0.08356157647233363,0.1287102174132614
ins_buyers30 q2 & news5 q4,4.456390507192106e-05,0.46962824676880216,1.2792724991724662,rejected,0.07920463138216645,0.2008011133531687
ins_value30 q2 & news5 q4,4.456390507192106e-05,0.46962824676880216,1.2792724991724662,rejected,0.07920463138216645,0.2008011133531687
days_to_earn q2 & overnight20 q4,-3.840112154010247e-05,-1.3758202009983054,-0.37133187325026273,rejected,0.02634694470342519,0.7103903608876916
overnight20 q3 & r5 q1,-4.132164214670513e-05,-1.4607735519451506,0.2817787964363003,rejected,0.0,0.7781131303975841
dist_ma50 q2 & min20 q4,5.4314217450639555e-05,0.8850346790900374,0.8567591234738076,rejected,0.0502063462506523,0.39157802070950365
days_to_earn q4 & ins_officer30 q2,4.4963155302994683e-05,-0.0712604034947209,1.6687025261943098,rejected,0.0,0.09517634826204664
ind_mom20 q3 & log_dv q3,-4.8149913271211175e-05,-1.6810131267692252,-0.05865750350652263,rejected,0.005600683338315604,0.9532249083112122
earn_in_week q1 & rel_ind20 q3,-6.369414366089203e-06,-0.7261388718468886,1.0111688828079943,rejected,0.0,0.3119356062888413
gap_today q3 & ind_mom60 q0,1.941619461484479e-05,1.1702685176060508,-0.5660793528647974,rejected,0.0,0.5713398383365031
ear q3 & ins_officer30 q2,2.1164841750118097e-05,-0.5024189044138462,1.2324267980443726,rejected,0.0,0.21778969561402825
days_to_earn q3 & r120 q1,3.809682317362361e-05,0.30163339790863986,1.4323567484725626,rejected,0.08230691981833553,0.15204174995687678
days_to_earn q3 & dist_ma50 q3,-7.157548032455199e-06,-0.8645421320996176,0.8693012563970323,rejected,0.0,0.3846823758623975
dist_52wh q2 & ins_officer30 q2,5.387396714407258e-05,-0.0957760478687171,1.6368285558996651,rejected,0.0,0.1016662972809143
r120 q2 & rel_ind20 q3,3.196172390272691e-05,-0.09292212897300396,1.6387215390407768,rejected,0.0,0.1012712661434816
range_compress q4 & vol_surge1 q3,-5.710921323895369e-05,-1.3576894211285098,-0.36404323429305896,rejected,0.02277180315371024,0.7158257248956632
days_since_earn q1 & min20 q4,4.909280085906969e-05,1.216894608097958,0.5021494052336811,rejected,0.032911626859187554,0.6155624294740824
days_since_earn q2 & days_to_earn q2,-5.90272063102623e-05,-0.2912109644060576,-1.4262877166094965,rejected,0.0848218581423699,0.1537853087759262
frog q3 & max20 q1,-4.813585738382877e-05,-1.6881488050285107,-0.025675715973697232,rejected,0.002023662849801088,0.9795159933160085
overnight20 q4 & rel_ind60 q1,-9.77737515184545e-06,0.22455887477062622,-1.4887141065995766,rejected,0.0,0.13656266872479683
ins_buyers30 q2 & r5_nonews q4,-2.5448403671230432e-05,0.22621175052705902,-1.4862579382191594,rejected,0.0,0.1372109077305912
ins_value30 q2 & r5_nonews q4,-2.5448403671230432e-05,0.22621175052705902,-1.4862579382191594,rejected,0.0,0.1372109077305912
r20 q1 & skew60 q1,3.439412685850833e-05,1.308547738310395,-0.39897813787112085,rejected,0.0,0.6899093131078299
overnight20 q3 & r120 q2,-1.2485493419446642e-06,-0.6672729189665422,1.0376091671139507,rejected,0.0,0.299452048325442
atr_pct q2 & intraday20 q1,-4.977244800304017e-06,-0.6696482756350924,1.0317919875440453,rejected,0.0,0.3021695735951313
dist_52wh q2 & ev_shelf q2,3.959615604875623e-05,-0.21019232487385983,1.487748600562837,rejected,0.0,0.1368172053581164
mom_12_1 q0 & r1 q3,-1.374633757418657e-05,0.27896811366915086,-1.4179609053525248,rejected,0.0,0.15620217899157499
r5_news q4 & vol_surge1 q3,2.0902574686125918e-05,0.8143769789469751,0.8806880439421512,rejected,0.054347817162189116,0.37848668977099165
days_to_earn q3 & dist_ma50 q2,4.220740920871601e-05,0.951702661441221,0.7428645660021247,rejected,0.049097276127541244,0.45756368040108375
days_to_earn q4 & rel_ind60 q1,-3.783355810048419e-05,-0.7109816104813279,-0.9825736439786871,rejected,0.04961820533960306,0.3258173212730325
gap_today q2 & intraday20 q3,1.429153424725504e-05,-0.33158025798369006,1.3615490776518848,rejected,0.0,0.17334023512259833
r60 q3 & range_compress q4,9.482183035482941e-06,-0.4129416093704138,1.279860107813428,rejected,0.0,0.20059433967690965
mom_12_1 q0 & rel_ind20 q3,-2.503261948971497e-05,-0.8207951684560969,-0.8690303205734308,rejected,0.05110041794328437,0.38483054671867534
ear q4 & r5 q0,1.3767769918252828e-06,0.7252243143934507,-0.9639235197585041,rejected,0.0,0.3350842710943685
days_since_earn q1 & r5 q4,-2.6337295716033948e-05,-0.540499744785604,-1.1421327819224676,rejected,0.08920139487529068,0.2533988309429781
ind_mom60 q3 & r120 q1,4.451231555989721e-05,1.2488621098920987,0.4291103290639997,rejected,0.022945995398695698,0.6678429357502184
days_to_earn q1 & ind_mom60 q0,-2.0467662627572792e-05,-0.11422747420070693,-1.5585197409701406,rejected,0.07636765267216576,0.1191100920662474
days_since_earn q1 & ind_mom60 q0,-2.9702038110621854e-05,-0.6231792862365282,-1.0495604234131979,rejected,0.06274346352690041,0.2939202610065423
days_since_earn q3 & ind_mom60 q3,-2.8899722826783924e-05,-0.1836802015803494,-1.4885394128958416,rejected,0.07671267940591747,0.13660869617720828
dist_ma50 q0 & frog q0,-2.8346554727266444e-05,-0.03407044446803417,-1.6364411912984305,rejected,0.08883912041172218,0.10174728424258392
ind_mom60 q0 & r120 q1,-3.307806243862693e-05,-0.4354503599961374,-1.2323901987272559,rejected,0.08795214181911129,0.21780336040983062
atr_pct q0 & days_since_earn q1,3.094401125736511e-05,0.17014281292320976,1.4964740373397352,rejected,0.0811617969555899,0.13453016863811254
max20 q2 & vol_surge1 q4,4.137991888036108e-05,1.5406350750645121,0.1213738641175281,rejected,0.012565023197551524,0.9033949172272278
ev_offering q2 & ind_mom60 q0,-3.291230379011526e-05,0.0022446465289809726,-1.659754699076465,rejected,0.0,0.09696381043966759
ins_buyers30 q2 & vol20 q0,5.58040319650148e-05,0.4611813003011357,1.2003269455360908,rejected,0.07898869114992169,0.23001238882337058
ins_value30 q2 & vol20 q0,5.58040319650148e-05,0.4611813003011357,1.2003269455360908,rejected,0.07898869114992169,0.23001238882337058
ins_officer30 q2 & vol20 q0,5.73857878011254e-05,0.4822846505085755,1.1717229498047135,rejected,0.08370169165677982,0.24130830590388225
atr_pct q2 & ev_red_flag q2,-8.737793561305749e-05,-1.3008927476349759,-0.35184952455487145,rejected,0.024118208370476523,0.7249511151316241
days_to_earn q3 & min20 q4,4.1934337817380266e-05,0.7109209204207289,0.9416910075869895,rejected,0.04601078477338713,0.34635086029407397
atr_pct q4 & min20 q2,-1.1805689911414733e-05,-1.2252778483157922,0.4263543168342994,rejected,0.0,0.669849684167536
dist_52wh q1 & mom_12_1 q0,-3.14016309922284e-05,-1.3524937423690535,0.2984145785073806,rejected,0.0,0.7653867636327036
ind_mom60 q3 & r60 q0,6.4816880676849915e-06,1.1929717531740986,0.45391144697959557,rejected,0.024795586091753596,0.6498925642391842
rel_ind20 q1 & rel_ind60 q4,1.1277656342138329e-05,1.1140061761704798,-0.532135890398822,rejected,0.0,0.5946318812825337
close_loc q3 & ear q3,3.1440177352914585e-06,-0.6744925204704488,0.9709467477651874,rejected,0.0,0.3315747973740067
ev_red_flag q2 & ind_mom60 q2,-7.356058454761995e-05,-1.4813189371453988,0.16247792228287944,rejected,0.0,0.8709295127261384
r1 q2 & rel_ind60 q1,5.482023721958231e-05,1.5890186232964219,0.05337283767838064,rejected,0.007856256051499257,0.957434846749111
dist_52wh q1 & log_dv q4,-2.9982085022662686e-05,-1.4619303023546608,0.17744398673481268,rejected,0.0,0.8591596590468837
atr_pct q0 & skew60 q4,2.2085333514306676e-05,-0.1297748839272339,1.5092787606076838,rejected,0.0,0.13122756011175157
days_to_earn q4 & r5 q1,-1.6302743563049905e-05,-0.9789512272930423,0.6574683980829865,rejected,0.0,0.5108797844392287
max20 q2 & vol20 q0,3.621194927317439e-05,1.1268415310311677,0.5091949398170634,rejected,0.03599000752488661,0.6106155896238978
overnight20 q1 & r1 q2,2.0854531940734147e-05,-0.28947194242375557,1.3459403711839601,rejected,0.0,0.17832174770070547
mom_12_1 q4 & vol_surge1 q2,-2.9670594138325566e-05,-0.7669909974304493,-0.8675595520574751,rejected,0.05171659272916973,0.38563549732754265
dist_52wh q2 & intraday20 q3,4.7918628916576936e-05,1.2236335292400828,0.4099852031512227,rejected,0.02523691024880537,0.681816802003157
dist_ma50 q1 & overnight20 q2,-4.548085511918583e-05,-0.8240839760985015,-0.8094474656987561,rejected,0.051517236711556315,0.4182578091459977
days_to_earn q3 & news5 q1,-3.871042799501192e-05,-1.5883573436156286,-0.044670482173711855,rejected,0.00817882285534678,0.9643699620154871
frog q1 & rel_ind20 q1,3.53145622300043e-05,0.4442987028639288,1.1886315286064981,rejected,0.07915612158255957,0.23458469542957225
ind_mom20 q4 & log_dv q0,1.4185739962168328e-08,0.7481830238084707,-0.8841995072409091,rejected,0.0,0.37658852431555856
days_since_earn q1 & intraday20 q3,1.1546071774240098e-05,0.5359402140586568,1.0964115303889246,rejected,0.07346939682969278,0.27289872026356754
ins_officer30 q2 & r5_nonews q1,2.841997336079433e-05,-0.2699235856752329,1.3600371466376675,rejected,0.0,0.17381816915318085
skew60 q3 & vol_surge5 q4,1.221042150814454e-06,-0.6457987642544036,0.9839361498236765,rejected,0.0,0.32514690798831664
intraday20 q2 & r1 q1,-1.9541904999254605e-05,-1.0949829612499695,0.5338043609098079,rejected,0.0,0.5934768963112911
ear q2 & skew60 q1,1.070165360318366e-05,0.7884807338662464,-0.8354687958259913,rejected,0.0,0.4034538090457393
rel_ind20 q1 & vol_ratio q4,-2.9366685896546926e-05,-0.6303728768372702,-0.9916265882078497,rejected,0.04702667689466507,0.3213797142418554
days_to_earn q4 & ins_buyers30 q2,2.785898435162696e-05,-0.24512279962656044,1.3752012101384117,rejected,0.0,0.169069073252679
days_to_earn q4 & ins_value30 q2,2.785898435162696e-05,-0.24512279962656044,1.3752012101384117,rejected,0.0,0.169069073252679
min20 q3 & r5 q2,4.868039703629158e-05,1.4068644990167192,-0.21337484005340115,rejected,0.0,0.8310346033564282
overnight20 q0 & r5_news q2,4.091247004352203e-05,1.4697643418272854,-0.15046350080502732,rejected,0.0,0.8803989450095048
days_since_earn q0 & r5 q1,-1.4131112424240875e-05,-0.8941840606446082,0.7215412839497624,rejected,0.0,0.47057654987478104
atr_pct q1 & r5_nonews q4,4.855473437067404e-05,1.5524740699100843,0.06290297627235711,rejected,0.004379264066879024,0.9498437648177578
days_since_earn q1 & ind_mom60 q3,1.1650121559581486e-05,-0.24933720494676334,1.3603314493053211,rejected,0.0,0.17372506053884296
dist_ma200 q1 & rel_ind60 q1,1.7404578508727337e-05,0.9318957782601709,-0.6729121227579999,rejected,0.0,0.5010031993187534
log_dv q0 & news5 q2,6.393564501434759e-05,1.3206537046895959,0.2839765378189179,rejected,0.02377576549120978,0.7764283608900507
days_since_earn q1 & r5_nonews q4,-2.6332126902077772e-05,-0.3514663463227761,-1.251152387787625,rejected,0.07107569354498422,0.2108788853273427
r1 q2 & r120 q2,2.2708759263518153e-05,-0.2098895403466187,1.3926008435383903,rejected,0.0,0.16374052780089052
ev_shelf q2 & ind_mom60 q0,-3.194213850502502e-05,0.013043657061898329,-1.5876037424397258,rejected,0.0,0.11237597141639173
gap_today q2 & news5 q1,-3.063175923104133e-05,-0.33998067451934205,-1.2591811068340357,rejected,0.07543837075723701,0.2079649240903153
ins_buyers30 q2 & overnight20 q4,1.3399758293797406e-05,-0.3568757376143537,1.2409026574258977,rejected,0.0,0.21464171095436413
ins_value30 q2 & overnight20 q4,1.3399758293797406e-05,-0.3568757376143537,1.2409026574258977,rejected,0.0,0.21464171095436413
days_since_earn q2 & r5 q1,-9.766404597023773e-06,-0.7801490246569516,0.8167487016236233,rejected,0.0,0.4140720533400134
r120 q2 & vol_surge1 q3,-3.5604958081710884e-05,-1.3341948299519024,0.2621290136631365,rejected,0.0,0.7932219789559772
days_since_earn q1 & r20 q3,-7.268217152280358e-06,-0.7247007277124854,0.8683236861747944,rejected,0.0,0.3852171589443314
close_loc q1 & rel_ind20 q3,-3.5223643174518545e-05,-0.3811032925638319,-1.2076006415423093,rejected,0.07742999235350757,0.22720091234050277
dist_52wh q2 & r5_nonews q4,-1.1238023949244248e-05,0.22613535863190526,-1.362459367009062,rejected,0.0,0.17305295911575574
gap_today q2 & vol_surge1 q3,-4.18346478985961e-05,-1.246316812863043,-0.33453622991673976,rejected,0.028827757516198267,0.7379749565871354
r5_nonews q4 & vol_surge5 q0,-2.286013044538014e-05,-0.7239233449799154,-0.8533962529657682,rejected,0.045444482373097526,0.393439598721059
days_to_earn q3 & frog q4,-1.1943558555098421e-05,-0.9476212167506153,0.6277839073437392,rejected,0.0,0.5301455096307799
r120 q1 & r5_nonews q4,9.966854963151491e-06,1.000844431293555,-0.5711105261153104,rejected,0.0,0.5679247237766132
r120 q1 & r5_nonews q0,-3.2579828433857403e-05,-0.48196999373751015,-1.0873211234339961,rejected,0.06885012423332719,0.276894916420115
r1 q3 & r120 q1,-5.840677811415675e-06,0.47240519739581055,-1.093670402661271,rejected,0.0,0.27409955960762156
ins_officer30 q2 & r1 q3,-2.3639040183785205e-05,0.34514756683708264,-1.2198614356115345,rejected,0.0,0.2225174071992086
range_compress q1 & rel_ind20 q3,-4.181664292779106e-05,-1.4469311826850835,0.11121332046041692,rejected,0.0,0.9114471889602884
dist_ma50 q3 & mom_12_1 q0,-2.2387363088098583e-05,-0.3189205685256423,-1.2350520901029833,rejected,0.0809742853840957,0.21681111837622918
ear q2 & r1 q1,4.9789095270908486e-05,1.482494884299448,0.06901768729588152,rejected,0.0026700297217014707,0.9449755406438436
intraday20 q3 & range_compress q4,2.8853185408503905e-05,-0.05752350386382693,1.4932381377181791,rejected,0.0,0.13537486234381732
days_to_earn q3 & ind_mom20 q3,-3.669257649427534e-05,-1.1652330734911476,-0.3839896602293826,rejected,0.026596618019138776,0.7009861110866531
earn_in_week q1 & intraday20 q3,1.566522460107409e-05,0.7167720370168938,0.8324464630521217,rejected,0.04804486850994249,0.4051569852145524
r120 q4 & r5 q2,-1.1095117300383614e-05,-0.8993266965393352,0.6495057232330114,rejected,0.0,0.5160115483601406
intraday20 q3 & mom_12_1 q0,2.331285228343152e-05,0.7590425804838588,0.7881108577592892,rejected,0.05078116616400806,0.4306318647036371
min20 q4 & r120 q2,4.168131426004447e-05,0.2628006408841136,1.283523246546724,rejected,0.07142387670393559,0.19930882060172325
r20 q4 & rel_ind60 q1,-2.4271923633560966e-05,-0.14335638889780203,-1.402805909511766,rejected,0.08585159435485361,0.16067472432090552
r1 q2 & r5 q1,2.838235658316274e-05,0.0035640454337941873,1.5400629996008104,rejected,0.0700562291034403,0.12354499769618608
days_to_earn q1 & r1 q3,-1.89785959833752e-05,0.12326217517389874,-1.4187534544612848,rejected,0.0,0.15597090697014615
ear_volsurge q4 & mom_12_1 q1,-8.784372320213623e-06,-0.8666338332534566,0.6717006448793627,rejected,0.0,0.5017742907524583
days_to_earn q2 & ev_shelf q2,-5.295169409462765e-05,0.08994544431316624,-1.447707461298253,rejected,0.0,0.14769888235023523
dist_ma50 q3 & ins_buyers30 q2,5.696230176079836e-05,0.2891330681709727,1.2414561504804438,rejected,0.07560727590812863,0.21443728727461162
dist_ma50 q3 & ins_value30 q2,5.696230176079836e-05,0.2891330681709727,1.2414561504804438,rejected,0.07560727590812863,0.21443728727461162
dist_52wh q2 & gap_today q3,-2.8180841942577557e-05,-0.058707805917480906,-1.471436471443025,rejected,0.07243455390157871,0.1411731162311329
dist_ma50 q2 & ind_mom60 q0,-2.8171912517158375e-05,-0.7672441964322504,-0.762498129254449,rejected,0.05121822274131504,0.44576275924911296
gap_today q2 & ins_buyers30 q2,2.948593042705849e-05,-0.3614629791975749,1.1677232456042204,rejected,0.0,0.24291841709380735
gap_today q2 & ins_value30 q2,2.948593042705849e-05,-0.3614629791975749,1.1677232456042204,rejected,0.0,0.24291841709380735
frog q2 & log_dv q2,9.2616788939816e-06,0.8515011151343893,0.6751794612286279,rejected,0.04409673954598503,0.4995617539632138
days_since_earn q3 & range_compress q1,-3.598157745519327e-05,-0.5020700995190532,-1.0240515230970237,rejected,0.05179895189876646,0.30581093969373147
dist_ma50 q3 & vol_surge1 q3,-2.8135486097693887e-05,-1.177395528785887,0.34815587112696095,rejected,0.0,0.7277231267187698
dist_52wh q3 & vol_surge5 q1,-2.072106394743449e-05,-0.9872945428900259,0.5378594067108383,rejected,0.0,0.5906741150338868
mom_12_1 q4 & r5_nonews q1,-7.439950489324851e-06,-0.7762820970148749,0.7478144030947749,rejected,0.0,0.45457211323633306
r120 q1 & r5 q1,1.947958006402004e-05,0.9015469445846527,-0.62000392726484,rejected,0.0,0.5352552013559237
r5 q2 & vol_surge1 q3,-4.3307519708560154e-05,-1.2610113042630429,-0.2599993638583369,rejected,0.02236066781773873,0.7948642642950394
days_to_earn q2 & earn_in_week q1,-3.0259709046696553e-05,-1.2449399557215854,-0.27411282207432314,rejected,0.020320119840645936,0.7839979205028582
days_since_earn q3 & rel_ind20 q3,-3.1147198313444515e-05,0.013299145675696893,-1.5038791745124438,rejected,0.0,0.13261248014293403
days_since_earn q3 & r20 q2,-4.160177202002588e-05,-0.9475478901595836,-0.5665484203830277,rejected,0.04432848895980955,0.571021026953445
days_to_earn q1 & dist_52wh q1,-2.5224894426159545e-05,-0.3063193378983582,-1.2039888926235514,rejected,0.07278168453999788,0.22859387167829107
gap_today q3 & r20 q2,-4.759471264733662e-05,-1.0561730682349282,-0.4534375509572254,rejected,0.023169210943557967,0.6502337019705247
mom_12_1 q0 & r60 q3,-2.3634619695406146e-05,-0.9939708619779822,-0.5143150922623745,rejected,0.03425764594041009,0.6070317116181445
r5_news q4 & rel_ind20 q3,2.1066241351410406e-05,0.615786423971503,0.8922281316308088,rejected,0.04642085410184232,0.37227066655562346
days_to_earn q3 & r1 q2,3.4320600536867735e-05,0.13847806907549362,1.3676576283453723,rejected,0.07271954706079192,0.17141926875678898
close_loc q1 & earn_in_week q1,-3.7994719402116444e-06,0.30186673125258096,-1.2042567686328238,rejected,0.0,0.22849035042115584
ind_mom60 q0 & ins_officer30 q2,-2.83625227144466e-05,0.024035144041231856,-1.476027704341292,rejected,0.0,0.1399364550694378
mom_12_1 q0 & r20 q3,-2.509650259456831e-05,-1.3152760625849877,0.1822529115809713,rejected,0.0,0.8553842508176731
ev_shelf q2 & r5_nonews q4,-3.319818596149949e-05,0.04028571311820796,-1.456979528873067,rejected,0.0,0.14512203111736535
days_since_earn q1 & range_compress q1,7.371162745552498e-06,0.6943775206353016,-0.8028849904516282,rejected,0.0,0.4220412121927172
ind_mom60 q0 & r5_nonews q1,-2.1076561225676415e-05,-0.19970582333464926,-1.2946615230187777,rejected,0.06968631466597891,0.19543701877451908
days_to_earn q1 & r1 q2,-4.274353544041718e-05,-1.0397661553894424,-0.45298713006617203,rejected,0.020763736648349903,0.6505580089020612
ind_mom60 q3 & intraday20 q3,1.0302719631903708e-05,-0.2702163763192857,1.222077408076869,rejected,0.0,0.22167835559982532
close_loc q1 & r5_nonews q4,-1.933337103815046e-05,-0.16104721829404842,-1.33005856021792,rejected,0.0658688532439489,0.18349897766466106
dist_52wh q3 & ear_volsurge q3,1.2736754122463406e-05,0.7685900332400728,-0.7204711423699324,rejected,0.0,0.47123496122021336
ear q0 & frog q2,1.3889171840762357e-05,0.09708695580882458,1.3897660998255736,rejected,0.0805508809361482,0.16459991540346247
news5 q1 & rel_ind60 q1,-2.283972480055723e-05,-0.03379920168366752,-1.4528550929273827,rejected,0.06693690392780778,0.14626399161273368
days_since_earn q0 & r5_nonews q3,-2.89371849505804e-05,-0.6807702356325905,-0.805189671847781,rejected,0.05077596323253031,0.42071023553994447
gap_today q3 & r5 q1,5.3578353876615864e-06,-0.47848639499148754,1.0033187611105816,rejected,0.0,0.3157070869051379
news5 q1 & r20 q2,-2.1661191114027254e-05,-0.5384141074148613,-0.9384889025581782,rejected,0.04307923835764722,0.3479932173691983
ins_buyers30 q2 & rel_ind20 q1,4.422275977316026e-05,0.9952476104027149,-0.472420739631618,rejected,0.0,0.6366265037420937
close_loc q1 & ins_officer30 q2,-2.9706841124272426e-05,0.27763332483077335,-1.1869653485476521,rejected,0.0,0.23524128887666898
frog q0 & intraday20 q3,1.2423443467541881e-05,-0.22780457905037513,1.2359158202263731,rejected,0.0,0.21648985581877184
close_loc q1 & dist_52wh q2,-2.453853600542914e-07,-0.520895817606606,0.9424495131024314,rejected,0.0,0.34596254775547736
days_to_earn q4 & news5 q4,3.476246126892587e-05,0.9558014220216311,0.5048999486942767,rejected,0.03536439988602347,0.6136291101627835
gap_today q3 & intraday20 q3,4.002429191809898e-05,1.143509279044865,0.31525545707180025,rejected,0.029601013065821486,0.7525677019474142
intraday20 q3 & r60 q3,3.147364863206649e-05,0.33922616432056113,1.1191624147830197,rejected,0.0759850143201559,0.26307085664698876
news5 q1 & r60 q3,2.362091334519425e-05,-0.08659670817250441,1.366245376940534,rejected,0.0,0.171861959294383
max20 q3 & vol20 q1,1.5814419914082447e-05,-0.0761142647961527,1.3727141827570366,rejected,0.0,0.1698412183280845
gap_today q3 & r60 q3,-3.03709916917871e-05,-0.5078212453744858,-0.9390453147472994,rejected,0.042525797808967675,0.3477074791224446
ind_mom60 q3 & mom_12_1 q0,-1.570536534419419e-05,-0.49786563740354856,-0.9477968411234466,rejected,0.03805482708040108,0.3432328889791004
overnight20 q4 & range_compress q1,-7.157189871501072e-06,0.3025518191596135,-1.1423625472171552,rejected,0.0,0.25330335234528556
dist_ma50 q3 & ins_officer30 q2,5.384451139417368e-05,0.22920007956573354,1.2157138968054098,rejected,0.07130675411517336,0.22409392847124351
days_since_earn q2 & ev_shelf q2,-5.713937746732833e-05,-0.26746611769249534,-1.1757525426914963,rejected,0.07106089976295554,0.2396937755616953
atr_pct q0 & ins_officer30 q2,4.3125601305994876e-05,0.1646164629195968,1.2777767228485084,rejected,0.06642506361268709,0.20132816405236453
days_to_earn q3 & vol_surge1 q3,-2.1108195130618645e-06,0.5129998669032507,-0.928004991306039,rejected,0.0,0.353404980514946
r20 q3 & r5 q1,-3.985802628158545e-06,-0.6247134901186616,0.8153548460743243,rejected,0.0,0.4148692228444702
ins_buyers30 q2 & r1 q3,-3.866285997235045e-05,0.1479797758592122,-1.2919095612250617,rejected,0.0,0.1963884661979706
ins_value30 q2 & r1 q3,-3.866285997235045e-05,0.1479797758592122,-1.2919095612250617,rejected,0.0,0.1963884661979706
ind_mom60 q3 & r5_nonews q4,-1.7394255389883398e-05,-0.6001019063359884,-0.8390251675063762,rejected,0.047094760447895505,0.4014551867923871
ear q1 & r5 q1,-4.464426653823863e-05,-1.0545373259791078,-0.3809586305421926,rejected,0.025697187565884565,0.703233945966165
vol20 q3 & vol_ratio q4,-5.143682203719305e-05,-1.4181553962583513,0.015909152269773533,rejected,0.0,0.9873068684717247
atr_pct q0 & ins_buyers30 q2,4.125896626248562e-05,0.12079599592781101,1.3106154691186245,rejected,0.06596338910093516,0.18998771030121522
atr_pct q0 & ins_value30 q2,4.125896626248562e-05,0.12079599592781101,1.3106154691186245,rejected,0.06596338910093516,0.18998771030121522
ev_red_flag q2 & news5 q4,3.892403843352338e-05,0.376068598633727,1.0530728220761318,rejected,0.05643404075712325,0.2923076178182763
close_loc q1 & r60 q3,-2.2412541607886074e-05,-1.0356460089010355,0.39285084816712157,rejected,0.0,0.6944296462771198
r1 q3 & r120 q2,-3.567470759856047e-05,-0.5195873307676991,-0.907395208138715,rejected,0.0435186725215273,0.3641978425346137
days_since_earn q3 & min20 q4,4.1973235530672886e-05,1.2812275047363186,-0.1457003088683501,rejected,0.0,0.8841579775300341
min20 q1 & r5_news q2,-5.409982803336312e-05,-0.5301986933925475,-0.8956507755440374,rejected,0.043925261490550864,0.37043930812659986
r20 q2 & rel_ind20 q3,2.290253865408116e-05,0.04934269568924034,1.3754144581906227,rejected,0.06930633892428587,0.16900298910583228
gap_today q3 & rel_ind60 q1,-3.340837389971978e-05,-0.3877961326313357,-1.0364590320875242,rejected,0.051230863549990506,0.29998804256739847
days_since_earn q3 & r1 q2,-3.859500702692295e-05,-0.5394293441093044,-0.88431692824608,rejected,0.045603236041233834,0.3765251525667034
ind_mom60 q0 & range_compress q1,-3.132147388493679e-05,-0.7836598087991541,-0.6400305764077832,rejected,0.04892849467628415,0.5221527211075419
r20 q3 & vol_ratio q4,-1.3500799944111419e-05,-0.9134212702716149,0.5087490511420704,rejected,0.0,0.6109281356395271
max20 q2 & vol_ratio q0,3.404305688743589e-05,1.3168315313266512,0.10479138299926573,rejected,0.007848443705642699,0.91654134777263
close_loc q1 & days_since_earn q2,3.758898945506382e-05,0.9703375725322809,0.44540910383291793,rejected,0.022876704329678865,0.6560241343488077
days_to_earn q1 & mom_12_1 q3,4.3500377750940513e-05,1.3599363330476846,0.055547013129419724,rejected,0.006464310373256195,0.9557026766777701
r5_nonews q4 & range_compress q2,1.5618724183373037e-05,0.801402172724505,-0.6135825491392007,rejected,0.0,0.5394912181380643
dist_52wh q1 & overnight20 q4,1.6492023462027633e-05,0.3167258171023075,1.0909625376059744,rejected,0.06313062252029196,0.2752893671831888
ins_officer30 q2 & r5_nonews q4,-3.2111550805604236e-05,0.016947196576789225,-1.3899718776199252,rejected,0.0,0.1645374172092012
ear q1 & intraday20 q3,3.654497662754661e-05,1.358827938241463,-0.03715244005724726,rejected,0.0,0.9703634597438248
days_since_earn q2 & ins_buyers30 q2,-5.963590504951513e-05,-0.48825419529486036,-0.90733180432467,rejected,0.044317570828142326,0.3642313603935439
days_since_earn q2 & ins_value30 q2,-5.963590504951513e-05,-0.48825419529486036,-0.90733180432467,rejected,0.044317570828142326,0.3642313603935439
ear q4 & news5 q1,1.780274703439268e-07,0.556555955719488,-0.838593493510596,rejected,0.0,0.4016974630807902
ev_offering q4 & ins_value30 q2,-3.159534545360401e-06,-0.6133465039556146,0.7814509761474168,rejected,0.0,0.434537299427634
dist_52wh q2 & r5 q1,4.07229753285009e-06,-0.40953652739600305,0.9850616158073842,rejected,0.0,0.32459380619614975
dist_52wh q2 & vol_surge1 q3,-4.073890263598245e-05,-0.8476733273153257,-0.5466536276703274,rejected,0.041880079273627364,0.5846167184336943
days_to_earn q2 & ind_mom60 q0,4.738288949457034e-06,0.6208786259354354,-0.7732116817618616,rejected,0.0,0.43939711377898427
days_since_earn q3 & vol_ratio q2,-2.9036517264086762e-05,-0.4283880171875283,-0.9652001103015355,rejected,0.03834712315624568,0.3344445917285026
mom_12_1 q0 & r5 q1,-2.1507675971365538e-05,-0.781141968265927,-0.6118573117924354,rejected,0.0439272968722915,0.5406321671088564
days_since_earn q0 & r120 q2,-4.4188674521901385e-05,-1.370333538459833,0.020584920919419356,rejected,0.0,0.9835767692817139
close_loc q2 & earn_in_week q4,7.345925220301438e-06,0.68387512367545,0.705829111559187,rejected,0.046855601324446765,0.48029441583575244
ind_mom60 q4 & intraday20 q1,-1.981830062831208e-05,-0.18088179546230665,-1.2080907875676081,rejected,0.06752926293244227,0.22701234289043842
close_loc q1 & mom_12_1 q3,3.0259265949494855e-05,0.43581126672658527,0.9522204493668796,rejected,0.03776726212689971,0.3409851921451796
days_since_earn q2 & gap_today q0,1.993752435491802e-05,0.9918412070451859,-0.3798321224038005,rejected,0.0,0.704070035968219
r5 q1 & r5_nonews q1,4.023526100172431e-05,0.2505535349519049,1.1182831657718486,rejected,0.0724868740576572,0.263446074373472
intraday20 q3 & vol20 q0,3.2747679648439026e-05,0.3151997942384217,1.0525704081287865,rejected,0.055171289808950426,0.29253792554295793
close_loc q1 & gap_today q3,4.010140027615274e-06,0.6418092387395973,-0.7251820801574039,rejected,0.0,0.46834033484327897
range_compress q4 & rel_ind60 q1,3.858302776610272e-06,-0.4389805755628432,0.9253469341613232,rejected,0.0,0.35478547242886366
rel_ind20 q4 & vol20 q0,2.3180211736719197e-05,0.2267851305245808,1.128385047817751,rejected,0.0742207180770247,0.25915733966034254
days_since_earn q3 & r5 q1,4.001466929342896e-05,0.7689761337056514,0.5837461214781979,rejected,0.03718022542544669,0.559391132088498
ind_mom60 q0 & range_compress q2,6.158214045626958e-07,0.3649467366669928,-0.9860644404588632,rejected,0.0,0.32410149188635223
frog q0 & r120 q1,-3.527823314832735e-05,-0.5871344610898027,-0.7632360586690814,rejected,0.046172371048906945,0.44532262767589953
dist_ma50 q2 & rel_ind20 q3,2.896281809545139e-05,0.018360626400356482,1.3272600713021616,rejected,0.06076905286667969,0.18442266717367084
r20 q4 & range_compress q1,-2.967187694612575e-05,-0.18162251638369808,-1.1628217523463986,rejected,0.0704287981921694,0.24490182972525468
days_since_earn q2 & intraday20 q3,3.139014016975897e-05,0.6486575115592631,0.6916440847980556,rejected,0.04308434779752349,0.48916086941787945
r20 q3 & r5_news q4,2.1362878009266278e-05,0.8247686597897872,0.5152390976077119,rejected,0.0318421840629876,0.6063859510812786
r120 q2 & r20 q4,-6.390265914207814e-06,-0.6437969769650814,0.6950365194594521,rejected,0.0,0.4870324154832209
ear q1 & rel_ind20 q3,-3.1262133188838044e-05,-0.793119300522708,-0.5421006859143673,rejected,0.03797596458864428,0.5877491462341811
days_to_earn q2 & r5 q1,-5.299543171154336e-06,-0.5475249190331014,0.7865351736160573,rejected,0.0,0.4315540209521357
r120 q1 & r20 q3,1.2082198611282291e-05,0.831016444947777,-0.5013395971124097,rejected,0.0,0.6161321421674129
days_to_earn q2 & ins_buyers30 q2,-5.2193812638352206e-05,0.012742053088754706,-1.3186144964998294,rejected,0.0,0.1872980248095061
days_to_earn q2 & ins_value30 q2,-5.2193812638352206e-05,0.012742053088754706,-1.3186144964998294,rejected,0.0,0.1872980248095061
r5 q1 & rel_ind20 q3,-1.815146090633365e-06,-0.4717614408758206,0.8573237344354573,rejected,0.0,0.3912659950055502
days_to_earn q1 & vol20 q0,-3.867691189663661e-06,-0.5190623058489465,0.8027438608922282,rejected,0.0,0.4221227960549376
days_to_earn q2 & r120 q2,6.969191164375716e-06,-0.37382778560930546,0.9473790100421725,rejected,0.0,0.34344568295478684
days_to_earn q3 & dist_ma200 q3,-3.6331653183773584e-05,-1.3053571895316183,-0.013792370225032798,rejected,0.0021143778170126305,0.9889956296342775
gap_today q3 & r20 q3,3.1123435498945926e-05,0.33037703649232286,0.987947572378287,rejected,0.04220967049284727,0.3231783252098107
news5 q1 & rel_ind20 q3,-4.3578500862350986e-07,-0.6177365178176906,0.6993800094303739,rejected,0.0,0.4843145774402532
mom_12_1 q3 & r120 q1,3.12727206253127e-05,0.8876116710469214,0.4261193302041533,rejected,0.025940683782827056,0.6700208954476649
days_to_earn q3 & gap_today q3,2.8974327983935913e-05,0.6695073028871341,0.6440788121628716,rejected,0.044933004621663386,0.519524328979803
earn_in_week q4 & overnight20 q3,-2.919893397367348e-06,-0.9378171284794916,0.3752139797840685,rejected,0.0,0.7075013340950609
atr_pct q0 & gap_today q3,3.664885678422072e-05,0.5745323032621328,0.7368719154761969,rejected,0.04288346817789178,0.46120024436313356
dist_52wh q1 & range_compress q2,-2.6091663282471473e-05,-1.08427368081433,0.225157756610057,rejected,0.0,0.8218565510152444
atr_pct q0 & vol_ratio q4,2.2947581945779132e-05,0.12711349994887702,1.1782611357113206,rejected,0.06475920551959793,0.23869251652503418
mom_12_1 q3 & vol_surge1 q3,9.739253205293842e-06,-0.4116787861914188,0.8894181870462681,rejected,0.0,0.3737783742153284
intraday20 q3 & r120 q1,2.0327907838200236e-06,0.6336862623603353,-0.6673873780347889,rejected,0.0,0.5045247261172652
days_to_earn q2 & dist_ma50 q2,-1.1503733480901509e-05,-0.7049655014038365,0.5958743708623989,rejected,0.0,0.5512591558103651
overnight20 q4 & r120 q1,1.8306223893681827e-05,0.9787000234226916,-0.3203459560127611,rejected,0.0,0.7487060892956043
intraday20 q3 & min20 q4,3.754600116695505e-05,0.450663821833088,0.8483744508644527,rejected,0.04114120189699491,0.3962294666848479
days_since_earn q4 & vol20 q3,2.3116381867872054e-05,0.7153312455411276,0.5801464061256082,rejected,0.03691941386302893,0.5618158915708211
days_to_earn q1 & r120 q1,-8.938804192050302e-06,0.24746374896903026,-1.0442325172588693,rejected,0.0,0.2963778258791493
dist_52wh q1 & news5 q1,-7.796435785971302e-06,-0.8345494153998058,0.4566258765007832,rejected,0.0,0.6479399766983143
dist_ma50 q3 & range_compress q1,1.4026279232349122e-05,0.8095408555065915,-0.479663603595295,rejected,0.0,0.6314666120694858
news5 q1 & range_compress q4,1.3671766178001938e-05,-0.08885884517783278,1.1947690905981927,rejected,0.0,0.232177259897436
days_since_earn q1 & r20 q0,1.705671864350314e-05,0.24875574653025237,1.0347559878149803,rejected,0.047680646520928786,0.3007828818038471
ear q2 & ind_mom60 q4,-2.4837146690847003e-05,-0.5625027876313484,-0.7179365692272334,rejected,0.048787594537050796,0.47279639839396564
dist_52wh q1 & ind_mom60 q3,-1.8836531723290143e-06,-0.4933438943844123,0.7839081496246466,rejected,0.0,0.43309400745413185
r5_nonews q0 & vol_surge5 q3,-2.0695439560382898e-05,-0.5292840275417542,-0.7465631336252231,rejected,0.04546306173299567,0.45532730898193835
days_to_earn q2 & r5_nonews q2,3.886751022071554e-05,1.0076964034817295,0.26455733325515574,rejected,0.01998650430504546,0.7913504923389305
r1 q0 & rel_ind20 q1,-2.4495012306522065e-05,-0.6303769567810267,-0.6410689931206329,rejected,0.04466100550792438,0.5214778585524118
r5_nonews q1 & rel_ind20 q3,1.0709727155297e-05,-0.2670285998217316,1.0038926115563909,rejected,0.0,0.315430378219709
days_to_earn q4 & vol_ratio q1,1.624392320272491e-05,-0.0032774640999492575,1.2632244135680557,rejected,0.0,0.20650854146957995
earn_in_week q1 & min20 q4,-3.0151601263950887e-06,-0.5113001969591092,0.7496207967770361,rejected,0.0,0.453483121797559
days_since_earn q4 & ev_offering q2,4.222851445927702e-05,1.0407816414874465,-0.21804157851200784,rejected,0.0,0.8273967157285571
mom_12_1 q0 & range_compress q4,-1.4360267366270186e-05,-0.8412640203093561,0.4122028582392225,rejected,0.0,0.680190742350819
r20 q4 & rel_ind60 q2,-2.4418441526629435e-05,-1.1086249825039716,-0.14227815960161594,rejected,0.012556819607372467,0.8868602971264644
days_to_earn q1 & dist_52wh q2,-2.3346476987788842e-05,-0.08022046741195869,-1.1706062726301596,rejected,0.06564892054226819,0.2417570748414117
gap_today q3 & min20 q4,1.94118031182962e-05,0.8699427706881953,-0.3729106840998292,rejected,0.0,0.709214919916676
min20 q2 & skew60 q2,7.064739232485405e-06,-0.3446925062164146,0.8979334729866519,rejected,0.0,0.3692210179510091
ear q2 & r1 q0,-7.765177381084982e-06,-0.5894621316793346,0.6502114605711534,rejected,0.0,0.5155556391602641
days_since_earn q3 & ind_mom60 q0,-2.24728054547196e-05,-0.6800647692593194,-0.5592824644283998,rejected,0.0412781809430266,0.5759689609693404
dist_ma200 q2 & rel_ind20 q1,-4.301356590811239e-05,-1.0134689176689278,-0.22552319898474776,rejected,0.020610992564855712,0.821572279994421
overnight20 q2 & r5 q3,-3.433991378964577e-05,-0.9058026578130163,-0.3328018546358619,rejected,0.0262582168674218,0.739283858172439
mom_12_1 q1 & range_compress q1,-2.906464571864409e-05,-0.6617740943913073,-0.5741072375760098,rejected,0.0375970908282715,0.5658952359932763
dist_ma200 q1 & vol20 q1,9.345264216240588e-06,-0.3213850484505693,0.9124270232494655,rejected,0.0,0.36154396942802436
earn_in_week q4 & range_compress q3,1.0768642819539536e-05,0.7842838478662548,0.4492986196169083,rejected,0.02097032416473321,0.653216253430889
ear_volsurge q3 & r5_news q2,-4.663302669192271e-05,-0.4897356675397545,-0.7421326097769825,rejected,0.04137227337711457,0.45800699393503275
days_since_earn q0 & rel_ind60 q1,-2.7667147247292316e-05,-0.6594418364598398,-0.5652330492948408,rejected,0.040436881434761075,0.5719152601054546
days_since_earn q3 & r20 q3,3.404788809062092e-05,1.1449764676276037,0.07907134450707763,rejected,0.002679242456790246,0.9369758759006236
r120 q2 & rel_ind60 q1,-1.5042902423473558e-05,-0.7706745915056774,0.45160168218042757,rejected,0.0,0.6515559579475532
dist_52wh q1 & r20 q3,-7.517309451420338e-06,-0.6835272948304856,0.5336752497143408,rejected,0.0,0.5935662357979878
dist_52wh q1 & intraday20 q3,-1.76147901836553e-05,-0.07454967785685745,-1.141625552403531,rejected,0.06760583980310357,0.25360969807638484
mom_12_1 q3 & r5_nonews q1,3.504156171771942e-05,0.683164909164567,0.530971265852375,rejected,0.03357307484925204,0.5954386911528635
dist_52wh q2 & range_compress q1,-1.6670285673052676e-05,-0.7921762412951349,0.41987117147272324,rejected,0.0,0.6745795687467697
ins_buyers30 q2 & mom_12_1 q0,-2.5717395602821133e-05,-0.06470226469680695,-1.1460996251854705,rejected,0.06482753709306174,0.25175393267870055
ins_value30 q2 & mom_12_1 q0,-2.5717395602821133e-05,-0.06470226469680695,-1.1460996251854705,rejected,0.06482753709306174,0.25175393267870055
gap_today q3 & ind_mom60 q3,-2.6509534216922126e-05,-0.8078361916740677,-0.4027739002986471,rejected,0.023436972935338984,0.6871145631390351
gap_today q4 & vol20 q0,-2.7773798831306147e-05,-1.0949838895665318,0.11544104607429867,rejected,0.0,0.9080955463554281
ind_mom60 q4 & rel_ind60 q3,2.741315124863142e-05,1.0940392587834173,0.11452572327733755,rejected,0.010136971748478435,0.9088210563222952
ev_red_flag q2 & frog q0,-4.178944007570303e-05,-0.08821157423340541,-1.1033082968783472,rejected,0.05945681710992488,0.269893304772005
dist_ma50 q1 & ev_offering q2,1.6969493279401046e-05,0.669273388629739,-0.520041802179207,rejected,0.0,0.6030344399176584
r5_nonews q4 & vol_surge1 q3,-1.4606348634892086e-05,-0.013841183954412778,-1.1750622892203704,rejected,0.06061141901911918,0.23996979636516902
ear q4 & intraday20 q3,-5.386388274558016e-06,-0.5629607895878751,0.6240394304059018,rejected,0.0,0.532601690180089
days_to_earn q3 & intraday20 q3,6.629521936928608e-06,-0.18672426858590377,0.9988461138599871,rejected,0.0,0.31786924336616695
dist_52wh q1 & r20 q2,-2.3339521408458762e-05,-1.057430010241556,0.12793185427554418,rejected,0.0,0.8982029020985525
log_dv q0 & r20 q1,-2.4269308850873374e-05,-0.5449781257477837,-0.6390376252470121,rejected,0.04408591995907689,0.5227984554401335
days_to_earn q2 & range_compress q2,3.112381946741185e-05,0.25552665959240084,0.9275335439547201,rejected,0.037709977225327,0.35364958392703455
days_since_earn q3 & dist_ma200 q3,8.567183941227289e-06,0.5863050972163026,-0.5944950254050418,rejected,0.0,0.552181068519104
days_to_earn q3 & ind_mom60 q0,-2.0039299027579884e-05,-0.5355547692957888,-0.64480162936859,rejected,0.04163551379495884,0.5190557459089953
days_since_earn q2 & mom_12_1 q3,3.209311790021682e-05,0.37042993376079236,0.8093872797322662,rejected,0.04167565638413023,0.41829241661811967
range_compress q4 & rel_ind20 q3,1.3756206507310623e-05,-0.17167043031255375,1.0075429066040422,rejected,0.0,0.313673949611492
mom_12_1 q4 & r20 q0,5.642786214943272e-07,0.5000994385357415,-0.6790542685409181,rejected,0.0,0.4971034771551988
r5 q2 & rel_ind20 q4,-2.5409344089957546e-05,-0.4094107411389818,-0.7691593382063374,rejected,0.043214089265930886,0.4417987258163162
earn_in_week q1 & gap_today q3,-1.3899610581520669e-05,-0.8434936879197965,-0.33408363329287327,rejected,0.026413825307179464,0.7383164499857753
days_since_earn q1 & dist_52wh q1,-1.2786044016368703e-05,-0.6417434244539912,0.5355380606889345,rejected,0.0,0.5922778462452156
days_since_earn q2 & news5 q1,-1.5788543731548808e-05,-1.004381005544913,-0.1728986549081171,rejected,0.020311903998531458,0.862731088959175
dist_52wh q1 & r5 q1,2.0761613365003617e-05,0.3722052170119004,0.8021640760320281,rejected,0.04521274499827066,0.42245805377868195
days_to_earn q3 & overnight20 q4,1.2291378922092625e-05,0.038578293368441006,1.1343489641518816,rejected,0.06525501575532747,0.25664819786741305
dist_ma50 q2 & r120 q3,-1.296449912923456e-05,-0.6727788622950625,0.49989606668090636,rejected,0.0,0.6171482619893004
ear q4 & vol20 q2,-2.9946380533660163e-05,-0.9844667201372421,-0.1881693690549246,rejected,0.02194248315072525,0.8507438835030803
r20 q0 & range_compress q4,2.1492943668538575e-05,0.25436337518964747,0.9182119770767798,rejected,0.03882538674375935,0.35850789945610945
days_to_earn q1 & r20 q2,-2.991938193412295e-05,-0.7443447318613511,-0.42736081224484046,rejected,0.02158903942725815,0.6691165456863607
r20 q2 & rel_ind60 q1,-3.224402450877403e-05,-0.8422538628661113,-0.3235555538569929,rejected,0.025160988758647494,0.7462745420886059
intraday20 q3 & rel_ind60 q1,3.012778978942118e-05,0.9319763869190114,0.2324853768869397,rejected,0.019257783394236533,0.8161610436617626
ear q1 & max20 q3,-4.364658643168937e-06,-0.5818645898494068,0.5815564811924403,rejected,0.0,0.5608654633768871
atr_pct q2 & ind_mom60 q4,-1.546465453935262e-05,-0.19835305641007242,-0.9602829163391331,rejected,0.030876208433531074,0.3369128456786786
atr_pct q0 & r5 q1,1.5590588974042858e-05,-0.15532748509515135,1.0023648395910112,rejected,0.0,0.3161674171763567
days_to_earn q1 & rel_ind60 q3,-3.32707650885498e-05,-1.1414022644757753,-0.01460057728481598,rejected,0.0009357936742891349,0.9883508386957057
close_loc q1 & ins_buyers30 q2,-3.8194623891862774e-05,0.06325248528981721,-1.0853937830561022,rejected,0.0,0.27774728471644505
close_loc q1 & ins_value30 q2,-3.8194623891862774e-05,0.06325248528981721,-1.0853937830561022,rejected,0.0,0.27774728471644505
dist_ma50 q2 & mom_12_1 q3,1.221717781281106e-05,-0.25257991228698135,0.8938793179940256,rejected,0.0,0.3713864646264687
r20 q2 & range_compress q1,1.9835411185443665e-06,-0.43259159108191625,0.7131081539707805,rejected,0.0,0.4757788342198861
days_since_earn q1 & r60 q3,-2.728258560336883e-05,-1.0129819912698568,0.13242169975525442,rejected,0.0,0.894650751892949
dist_52wh q2 & r60 q4,1.860266467556282e-05,0.5671629012842833,0.5777776304958907,rejected,0.03766880160412863,0.5634142597045019
overnight20 q3 & rel_ind60 q1,-1.96139378756197e-05,-0.1537719234691341,-0.9909796559816277,rejected,0.035778979916199376,0.32169551428717036
r5 q2 & r60 q1,1.94365248983568e-05,0.8192251898515476,-0.3247683799080133,rejected,0.0,0.7453563775625547
days_since_earn q3 & r5_nonews q4,-1.4667246912692698e-05,0.023405297648699235,-1.119012669050843,rejected,0.0,0.26313473425779
dist_52wh q3 & r60 q2,1.9995610235067207e-05,-0.18246165618956348,0.958724480160885,rejected,0.0,0.33769756265531914
dist_52wh q1 & ear_volsurge q0,-6.369348897334584e-06,0.16351691029609186,-0.977640117789703,rejected,0.0,0.328252348266602
range_compress q1 & skew60 q0,-1.7811502070985927e-05,0.1041598628701681,-1.0355919147671244,rejected,0.0,0.3003925655467384
days_to_earn q1 & ear q1,-1.4323287344487671e-05,0.17630222768108336,-0.9608387222234958,rejected,0.0,0.33663326547458666
intraday20 q1 & max20 q1,4.891284850779311e-06,-0.3450219957023708,0.7860582648859047,rejected,0.0,0.4318333533630426
log_dv q1 & mom_12_1 q2,1.6605331801504952e-06,0.42573137175491127,-0.6996618886948516,rejected,0.0,0.4841384826016363
dist_ma200 q1 & ind_mom60 q1,3.085348011209044e-05,0.7169094139732977,0.4020522485746008,rejected,0.023814005167044194,0.6876455743499088
ind_mom60 q0 & intraday20 q3,1.857962901763499e-05,0.9001408172852435,-0.2169884152898829,rejected,0.0,0.8282173731260106
mom_12_1 q3 & overnight20 q3,9.121688050707576e-06,-0.1618451467170223,0.9552427749098011,rejected,0.0,0.33945493896136464
ins_officer30 q2 & vol_surge5 q1,4.95665381752777e-05,0.46407997182986216,0.652686619384916,rejected,0.04135188434394451,0.5139583304838654
close_loc q3 & rel_ind20 q0,-4.556312873753883e-06,0.22569181461825058,-0.890913716457408,rejected,0.0,0.3729754611373532
dist_52wh q1 & r120 q2,1.2282177267295566e-05,-0.14156393282381172,0.9722742424705891,rejected,0.0,0.33091413433794303
ins_officer30 q2 & r5_news q2,-7.581617061074353e-05,-0.6826022803256785,-0.43020484473253723,rejected,0.019415219871963665,0.6670466381240123
days_since_earn q3 & range_compress q2,3.7459090398354216e-05,1.0854603471433142,-0.027013010342927805,rejected,0.0,0.9784493570655944
dist_ma200 q3 & rel_ind60 q1,-1.824593843260378e-05,-0.39902541195115454,-0.7124618661964716,rejected,0.043646756405720626,0.47617881731306033
news5 q1 & vol_surge1 q3,-1.545506929056967e-05,-0.30384856784152703,-0.8040961801408382,rejected,0.0410435255498272,0.4213414304886058
atr_pct q1 & overnight20 q3,3.14540542317141e-05,0.4743028918154398,0.6313187863337995,rejected,0.03954836095239004,0.5278321058209678
news5 q1 & r20 q0,-1.3771270736799801e-05,-0.44004346456912724,-0.6640904947096191,rejected,0.03939988382907022,0.5066323934465022
gap_today q3 & vol_surge1 q0,2.4955937518968326e-05,0.9890449708393387,-0.11217020394740847,rejected,0.0,0.9106884538481108
ear_volsurge q0 & ind_mom20 q4,1.352362509948396e-05,0.18302965359091966,0.9175899977365949,rejected,0.03765244641499739,0.3588335563682781
overnight20 q3 & range_compress q1,-2.736093255604954e-05,-0.8546020309476712,-0.24560756150214094,rejected,0.018815844086775075,0.8059860352763917
frog q3 & rel_ind60 q3,-3.243903663369431e-05,-0.8472062531508466,-0.2514911042572404,rejected,0.02017954115189264,0.8014344390131194
dist_ma50 q3 & r120 q1,2.7908993303845423e-05,0.9489042760090834,0.1485497725106272,rejected,0.013327089939010987,0.8819089088547151
ind_mom60 q0 & ins_buyers30 q2,-1.8117168199984796e-05,0.056446461645703036,-1.0398639274296724,rejected,0.0,0.2984031236362065
ind_mom60 q0 & ins_value30 q2,-1.8117168199984796e-05,0.056446461645703036,-1.0398639274296724,rejected,0.0,0.2984031236362065
ear q3 & intraday20 q3,3.54841705731294e-05,0.7059238968836093,0.3853336669366457,rejected,0.022539967671586166,0.6999902210992139
days_since_earn q2 & rel_ind60 q1,-1.1294710477208718e-05,0.20366890861644008,-0.8825374470744228,rejected,0.0,0.37748623861433395
news5 q2 & vol_surge5 q4,-1.18502339942373e-05,0.23627245985207065,-0.8461015280352064,rejected,0.0,0.39749610839386834
mom_12_1 q4 & vol_ratio q4,-1.3291195824394437e-05,0.023649805537234943,-1.0574058383967022,rejected,0.0,0.2903264081069576
earn_in_week q1 & news5 q1,1.5708450543325483e-05,0.0,1.0745569818817844,rejected,0.0,0.28257312033878634
ind_mom60 q2 & r60 q3,-2.349665210082734e-05,-0.8469205346576727,0.22222006951380155,rejected,0.0,0.8241425714642057
dist_ma50 q3 & log_dv q3,-2.891141621120034e-05,-0.6943814935781426,-0.3651186482578922,rejected,0.01953994330528793,0.7150228411534103
ear_volsurge q1 & max20 q1,3.114745674471169e-05,0.5052941946854358,0.5507869241589637,rejected,0.03895573876632436,0.5817797488084864
dist_ma200 q2 & vol_ratio q3,-1.617584638280293e-05,-0.09780416997442162,-0.9581134555089711,rejected,0.030595129125531497,0.3380055511700134
frog q0 & ins_officer30 q2,-3.814886225164698e-05,-0.16457813282602157,-0.8907292251863028,rejected,0.03891146644148289,0.37307445217843355
news5 q1 & vol_surge1 q2,-1.0111030399418983e-05,-0.2988921838761867,-0.7525911423349465,rejected,0.039649944927799476,0.4516956419992257
ins_buyers30 q4 & ins_officer30 q2,-1.6000146610673722e-06,0.3778376375071336,-0.6721198481059505,rejected,0.0,0.5015074017679285
ins_officer30 q2 & ins_value30 q4,-1.6000146610673722e-06,0.3778376375071336,-0.6721198481059505,rejected,0.0,0.5015074017679285
dist_52wh q1 & dist_ma50 q2,-2.2277105614675026e-05,-0.6400798146322617,-0.40982374688046547,rejected,0.02154203625098712,0.6819352450400676
mom_12_1 q0 & r120 q2,-1.848109582629568e-05,-0.9780869595923886,0.06767285796387179,rejected,0.0,0.9460460559729361
days_since_earn q2 & rel_ind20 q3,-1.972487826985192e-05,-0.8930914673781228,0.15105154356965514,rejected,0.0,0.8799350564303586
r20 q0 & r5 q1,1.9709378966181522e-05,0.840447880210536,0.2021613760624055,rejected,0.0253475967885319,0.839790567103393
atr_pct q2 & rel_ind20 q2,-2.2187736786665166e-05,-0.3090743329416937,-0.7330649181222704,rejected,0.03942217800515857,0.46351883580733255
close_loc q3 & ind_mom20 q3,-2.0656957451114892e-05,-0.8825662472881843,0.15782442644856648,rejected,0.0,0.8745951503560365
gap_today q3 & range_compress q4,-1.1509463784909416e-05,-0.6017547079190848,0.438165850771823,rejected,0.0,0.6612660615843302
r120 q2 & r5_news q4,3.1091033841012785e-06,-0.2739669481519812,0.7634473577859228,rejected,0.0,0.4451966457930393
r20 q3 & r5_nonews q4,2.0784656936695045e-05,0.7504826076722129,0.2858090214197132,rejected,0.019774292274267084,0.7750243981364104
close_loc q1 & vol_surge1 q3,-2.4235993972009674e-05,-0.5636930023088874,-0.46925634838861124,rejected,0.023594155538064685,0.6388864127538225
frog q0 & ins_buyers30 q2,-3.7951140603703136e-05,-0.24053616950026194,-0.7919607154081272,rejected,0.04106667765273288,0.42838358282168776
frog q0 & ins_value30 q2,-3.7951140603703136e-05,-0.24053616950026194,-0.7919607154081272,rejected,0.04106667765273288,0.42838358282168776
days_to_earn q0 & vol_surge5 q1,1.7772094538140776e-05,0.2960982407250394,0.7356731879421995,rejected,0.03744094690963566,0.46192961051333714
frog q1 & log_dv q3,2.177906562224556e-05,0.5419269120063793,0.48696422444290244,rejected,0.027789050970417204,0.6262836839648259
atr_pct q0 & rel_ind60 q1,1.8787813848481542e-05,0.6647014547458708,-0.3640143824056842,rejected,0.0,0.7158472695035625
earn_in_week q4 & r5 q1,-3.9173863902967927e-07,-0.36848021041910883,0.660113434174098,rejected,0.0,0.5091810382265151
ind_mom60 q1 & r5_nonews q0,1.4244530152998883e-05,0.592257578531494,0.4328894501992536,rejected,0.01634094155809123,0.665095084647308
intraday20 q1 & r1 q0,-2.0015897601080076e-05,-0.6325746406893518,-0.38967393450088933,rejected,0.020713658295988834,0.6967776731386204
r1 q2 & r120 q1,1.493930575673661e-05,0.7201042127127963,-0.29930451387203727,rejected,0.0,0.7647077107965188
r5 q0 & vol_surge5 q4,-2.2973551898324715e-05,-0.4934962866946532,-0.5245032542144386,rejected,0.030430881432362694,0.5999285569988426
dist_ma50 q2 & range_compress q4,1.5915042626851026e-05,-0.12584879275749558,0.8883191801277731,rejected,0.0,0.37436908534646296
atr_pct q0 & range_compress q1,2.6524237669512714e-05,0.996767514451394,-0.016604508171567497,rejected,0.0,0.9867521280540933
close_loc q1 & r5 q1,7.965482693943596e-06,-0.15550046053778602,0.8568250670267767,rejected,0.0,0.3915415699819671
mom_12_1 q3 & range_compress q2,3.069306138392029e-05,0.7192443553636104,0.29095601181892533,rejected,0.02031829614405774,0.771084962188051
earn_in_week q1 & r5 q1,-1.3830002276907051e-05,-0.8308391081580588,0.1776176768706465,rejected,0.0,0.8590232411519776
close_loc q1 & dist_ma50 q2,2.17212736004861e-05,0.20620456044830557,0.795535148909825,rejected,0.03915940450931754,0.42630227332148307
earn_in_week q1 & r5_nonews q4,3.5938582167573208e-06,0.0640122485021113,0.9347762347460042,rejected,0.033205109289369275,0.34990362950670983
frog q1 & ind_mom20 q4,2.3400839535535952e-05,0.8102654468606023,0.18546377437480507,rejected,0.021120949649442045,0.8528652911869739
days_to_earn q1 & r5_nonews q1,2.354652954980056e-05,0.6272891703783976,0.36765593642864625,rejected,0.020897439187668638,0.7131298003015067
vol20 q0 & vol_surge1 q4,1.797944724588052e-05,-0.04893235561910201,0.9454061796478419,rejected,0.0,0.3444515485088272
gap_today q3 & vol20 q3,-1.6065465902209664e-05,-0.05109759731548653,-0.9428403459610277,rejected,0.030283171153593608,0.3457625714449773
days_since_earn q1 & mom_12_1 q0,-1.9039611834411428e-05,-0.9841256498890348,-0.0097763647690317,rejected,0.0007736505011823072,0.9921997137452709
ear q3 & news5 q1,-1.1816393639602239e-05,-0.3252781858506327,-0.6680507784361265,rejected,0.036542254414261816,0.5041011797538162
ear q0 & ind_mom60 q0,3.004368724023796e-06,0.4644345738625129,-0.5287816717764297,rejected,0.0,0.5969569134981625
dist_ma50 q3 & gap_today q3,-1.6771769960293703e-05,-0.6551515142887698,0.33674395371532856,rejected,0.0,0.7363099262214703
dist_ma50 q3 & news5 q1,1.9829985759306294e-05,0.707494409212762,0.2842820579421281,rejected,0.019391598394916477,0.7761942348598385
days_since_earn q3 & r60 q3,1.7086722688847637e-05,-0.02816612259415312,0.9586442147123885,rejected,0.0,0.337738010366437
days_since_earn q3 & ear q3,-2.4061995515306057e-05,-0.488819598116652,-0.49367473379979904,rejected,0.02554241198831363,0.6215359118262166
days_to_earn q3 & earn_in_week q1,7.811687144628853e-06,0.03465938325172859,0.9473885032831628,rejected,0.028240308157641607,0.3434408472797837
ind_mom60 q0 & r5_nonews q4,-1.5342922034694986e-05,-0.6483992221117832,-0.33150979325285657,rejected,0.02436875947976598,0.7402594448719002
ind_mom60 q0 & rel_ind20 q3,-2.7727438116133526e-06,0.247208064897599,-0.7312836842248357,rejected,0.0,0.4646058941799235
intraday20 q3 & vol_surge1 q3,-2.4784845435737526e-05,-0.9742471540848714,-0.0039002801844665864,rejected,0.0011133774421444487,0.9968880345479767
ind_mom60 q3 & overnight20 q4,-1.1883505116578579e-05,-0.7490770624441877,0.226363970870139,rejected,0.0,0.8209183477471165
close_loc q4 & r5_nonews q0,8.717131408363393e-06,0.11052912054544284,0.8642695511830243,rejected,0.03336000593294098,0.38743983279104566
days_since_earn q3 & dist_52wh q1,-2.6333592325962697e-06,0.30476259940423234,-0.6691068561073988,rejected,0.0,0.5034273167592405
days_since_earn q2 & gap_today q3,-2.576711941598506e-05,-0.5152973818290285,-0.4567353807420193,rejected,0.020269017439629586,0.6478612570071172
dist_ma200 q1 & vol_surge5 q3,1.2223310354356595e-06,0.37578546613651315,-0.5962395341098781,rejected,0.0,0.5510152185151527
r120 q2 & range_compress q4,1.6824286335986914e-05,-0.12519188182389587,0.8462380470333059,rejected,0.0,0.39741996100589944
mom_12_1 q3 & r5 q1,2.888342500804148e-05,0.7035574563247058,0.26637153865181246,rejected,0.016954811385461,0.7899530824966775
frog q0 & rel_ind60 q1,2.698838650018446e-05,0.8962101857102962,-0.07285128168555056,rejected,0.0,0.9419244624523011
ind_mom20 q0 & ind_mom60 q2,-1.1915511564684966e-05,-0.21532077927354118,-0.7499399603865894,rejected,0.036878137353636105,0.4532908659178921
mom_12_1 q3 & news5 q1,1.864109428746373e-05,0.30627678585512297,0.6583107417383579,rejected,0.03744875514338375,0.5103384770198864
dist_52wh q2 & r120 q1,1.145141972134664e-05,-0.2420079233674261,0.7209212284440348,rejected,0.0,0.4709579810301189
news5 q1 & r5 q1,3.944251826141631e-06,-0.27855739630169624,0.6829314786444071,rejected,0.0,0.49465014168756594
min20 q4 & range_compress q1,2.399480968528106e-05,0.3519763675712122,0.6092894532026114,rejected,0.035651441047498685,0.5423325966074279
r120 q1 & range_compress q4,2.3206847823069184e-05,0.16644380139125137,0.7947671410047711,rejected,0.03740639523999435,0.42674896830258213
days_to_earn q1 & r20 q3,7.915779122180954e-06,0.5346571506997666,-0.4238519823305575,rejected,0.0,0.6716737649646922
days_to_earn q3 & range_compress q2,1.5510234042190348e-05,0.17409017596235443,0.7838287192206127,rejected,0.03882703192052516,0.43314061977969914
intraday20 q0 & r1 q2,1.751962513147299e-05,0.8999819644029363,-0.057019790190612304,rejected,0.0,0.9545294304946146
atr_pct q2 & r1 q1,2.532675798492311e-05,0.1936443125697027,0.7626845465512716,rejected,0.03739390666786136,0.4456515488867172
gap_today q3 & news5 q4,-1.2609859758045221e-05,-0.6869319765318586,0.2678567468188126,rejected,0.0,0.7888095884575833
ear q4 & ev_agreement q2,-8.122864459291474e-06,0.17496463742598142,-0.7794737823860186,rejected,0.0,0.43570067571271237
max20 q4 & range_compress q3,-4.3811254212063963e-07,-0.436724406419949,0.5144730775781318,rejected,0.0,0.6069212784969406
atr_pct q2 & ear_volsurge q0,1.5979854655096637e-05,0.7217352638722178,-0.22917766205639517,rejected,0.0,0.8187308336733726
days_since_earn q0 & ear_volsurge q3,-6.155621662996636e-06,-0.5660574550381613,0.3845934365281957,rejected,0.0,0.7005386576856483
days_since_earn q1 & ins_buyers30 q4,1.1826839365556986e-05,0.4413812520681441,0.4945388206514418,rejected,0.02381063241297671,0.620925696946678
days_since_earn q1 & ins_value30 q4,1.1826839365556986e-05,0.4413812520681441,0.4945388206514418,rejected,0.02381063241297671,0.620925696946678
dist_ma200 q3 & rel_ind20 q3,3.0300886077869404e-05,0.43396390879210583,0.5006320987750378,rejected,0.025244109757640302,0.6166300676842846
ind_mom60 q1 & min20 q0,7.466772115674619e-06,0.6296435308688755,-0.3016951421390776,rejected,0.0,0.762884471846897
vol20 q2 & vol_surge1 q3,3.641548939585819e-06,0.3577756983184346,-0.5715069571000156,rejected,0.0,0.567656045741173
days_to_earn q2 & rel_ind20 q3,-2.7072651506750066e-05,-0.573371383743126,-0.35556617704862903,rejected,0.019370903131333647,0.7221654771697612
atr_pct q4 & vol20 q3,-1.4795907916122022e-05,-0.6037768788065543,-0.3206298671166112,rejected,0.025462658282988326,0.7484909009720666
r120 q1 & r60 q3,2.0203472900823762e-05,0.876602759933675,-0.04713452149558347,rejected,0.0,0.9624060137284274
gap_today q3 & vol20 q0,3.076175279317164e-05,0.8538207824166143,0.06513101595518672,rejected,0.0027325315949423457,0.9480696856912451
days_since_earn q1 & earn_in_week q1,6.777149125045387e-06,-0.06876738209763783,0.8492404100905605,rejected,0.0,0.3957475315952768
news5 q4 & range_compress q1,-1.4155233228782898e-05,-0.5018069406890212,-0.4157504964612456,rejected,0.021104534060924395,0.6775925863560059
news5 q1 & r1 q2,2.454037682354016e-05,0.6802031316856002,0.236666356688543,rejected,0.017737315501311104,0.8129156369999906
min20 q2 & vol_ratio q1,1.0727101036718653e-05,-0.1082592162408581,0.8037178841261244,rejected,0.0,0.42155992314044594
vol20 q1 & vol_surge5 q0,-1.394734146498519e-05,0.017602612653762582,-0.8922167564193274,rejected,0.0,0.3722767624455343
overnight20 q4 & range_compress q4,1.9413722915270017e-05,0.48076294215961557,0.4289477425757469,rejected,0.018115082928146613,0.6679612549180591
dist_ma200 q3 & range_compress q1,1.70681367491077e-05,0.6561902556880014,-0.2534551527017912,rejected,0.0,0.7999165128567214
ind_mom20 q4 & r5_nonews q0,-1.0874987566737823e-05,-0.2680825878097292,-0.6413909285838704,rejected,0.03623021757715792,0.5212687252594193
days_to_earn q1 & ind_mom20 q1,-9.89946790954681e-06,0.13191545490524745,-0.7748519434995028,rejected,0.0,0.43842715159695295
r120 q1 & r20 q4,9.301567521705981e-07,0.4679550528568961,-0.43809261510601044,rejected,0.0,0.661319147549027
atr_pct q3 & mom_12_1 q2,1.2795213772075647e-05,0.6850558820194905,-0.2199174278479417,rejected,0.0,0.8259354631003781
r5 q4 & vol20 q3,-1.9868622782617445e-05,-0.06495363717495083,-0.8392591353076854,rejected,0.03358759076239158,0.40132390942722757
mom_12_1 q0 & r5_nonews q1,-1.3136702176104448e-05,-0.2200767961707564,-0.6806139185535743,rejected,0.033042479560426656,0.49611581753968054
r120 q2 & r5_nonews q4,1.6978447909622125e-05,0.3888735170245686,0.5066725747892445,rejected,0.026719067734201126,0.6123845766201649
dist_52wh q2 & vol_ratio q2,2.1755392655857892e-05,0.3646889322283458,0.5263439360655879,rejected,0.027826367745018853,0.5986492613626496
r5_nonews q1 & r60 q4,2.8316020019609937e-06,-0.31290643470025115,0.5781013901125726,rejected,0.0,0.5631956685911703
days_since_earn q0 & ind_mom60 q4,1.4748373812712282e-05,0.8665359920194495,0.0199083946728861,rejected,0.002676301614853787,0.9841164484925932
ind_mom60 q0 & r120 q2,-1.37825500389494e-05,-0.588629080853215,0.2971207015267931,rejected,0.0,0.7663743601208411
ind_mom60 q3 & r60 q1,-1.871515859702752e-05,-0.7451688805228713,-0.13737209342251008,rejected,0.011039712001409548,0.8907366881268518
days_since_earn q2 & max20 q2,-8.248731083835214e-06,0.2626883942395907,-0.6161731962620927,rejected,0.0,0.5377802168064598
r120 q1 & vol20 q0,1.5590160973369347e-05,0.6430762744931876,-0.2337174523585555,rejected,0.0,0.8152043379294348
gap_today q4 & r120 q2,-5.725548413992159e-06,-0.430479732794155,0.4440616437108402,rejected,0.0,0.6569980167113434
intraday20 q3 & news5 q4,1.376538817426279e-05,0.33718250941064687,0.5359835038981756,rejected,0.028528631171716636,0.5919699513129175
days_since_earn q3 & r1 q3,9.937859559633689e-06,0.5308735994212783,-0.34125871422080584,rejected,0.0,0.7329088256228455
dist_ma200 q3 & gap_today q3,-2.01497039939207e-05,-0.19175561710474362,-0.6736416981077424,rejected,0.03158017203714447,0.5005391362865017
news5 q4 & vol20 q4,9.907389341201659e-06,0.6154245529410579,0.24813363440685196,rejected,0.017197599157681657,0.8040310127088908
days_to_earn q2 & gap_today q0,2.175294265450939e-05,0.8143415089220276,0.04754938880930747,rejected,0.004870609355863084,0.9620753682454519
days_to_earn q1 & dist_ma200 q3,-3.0536921185365866e-06,0.2754559109205974,-0.5840634569824041,rejected,0.0,0.5591776194921465
days_to_earn q1 & rel_ind20 q3,-3.7582653531305156e-06,0.26669664802475757,-0.5905500987674431,rejected,0.0,0.5548219086319793
close_loc q4 & ind_mom20 q0,1.8403266797494254e-06,0.4067502903650743,-0.44997599434329266,rejected,0.0,0.6527277500423205
ear_volsurge q3 & vol20 q2,2.6924117958169083e-05,0.7140093106179354,0.14234021364869925,rejected,0.011089110282413947,0.8868112839863697
gap_today q3 & range_compress q2,-2.3985948712618154e-05,-0.45143778313966043,-0.39650508181765826,rejected,0.019097892850190305,0.6917324596783657
range_compress q3 & vol_ratio q4,-1.9228065566808486e-05,-0.7813182273305136,0.061785928752650224,rejected,0.0,0.9507333093058847
days_since_earn q3 & dist_ma50 q3,-1.0090398447834156e-06,0.29814726093095645,-0.5413919522776639,rejected,0.0,0.5882374530174992
dist_52wh q1 & min20 q4,2.997199771109102e-06,0.46871905778208206,-0.37025985019694807,rejected,0.0,0.7111888861999205
days_since_earn q1 & gap_today q3,2.2575162939007372e-05,0.8027589314575518,-0.03533425444230883,rejected,0.0,0.9718132092811804
r20 q2 & range_compress q4,-2.7076180227126872e-05,-0.5979762923785812,-0.2371221639513062,rejected,0.016599670758945424,0.8125620182891333
mom_12_1 q2 & rel_ind20 q4,2.3063679890163086e-05,0.7188478174710395,0.11515239591529254,rejected,0.008503676330399574,0.9083243301454895
dist_ma200 q4 & r5_nonews q1,-1.6529768775119367e-05,-0.6157815648333262,-0.21756391226484767,rejected,0.020095709238473723,0.8277689047626126
ear q3 & rel_ind60 q1,1.6332701155969553e-05,0.4329933330614406,0.3982955147346889,rejected,0.020076350511178596,0.6904123662937113
ev_agreement q4 & ev_shelf q2,-1.7898282622580917e-05,-0.3245255445247652,-0.5063619718119166,rejected,0.02676540483438283,0.6126025655468967
close_loc q1 & news5 q1,-8.507555778684764e-06,0.07189727737341471,-0.7585080635586261,rejected,0.0,0.44814688759406174
ear q3 & gap_today q3,2.2409392847385863e-05,0.6935349566994741,0.1350121916156309,rejected,0.010198162530032149,0.8926022350764966
intraday20 q3 & r5_news q4,1.0330220018721308e-05,0.7048956353796945,-0.1226169438929523,rejected,0.0,0.902410436409288
min20 q4 & r5_news q4,-2.3566679239797533e-06,-0.3921867163786598,0.43188411862834614,rejected,0.0,0.6658256379053582
days_since_earn q2 & r1 q3,-2.6171463923978014e-05,-0.793532521058786,0.029286724821948423,rejected,0.0,0.9766359144195582
r60 q3 & rel_ind60 q1,-7.942667948482696e-06,-0.24529413373105088,-0.5754297355284629,rejected,0.02963040312666849,0.5650006985088878
dist_52wh q3 & r5_nonews q4,-1.4921598606215865e-05,-0.4665107487545634,-0.35226986826801704,rejected,0.017632916483985277,0.7246358832919051
frog q0 & gap_today q3,-2.0890595851797015e-05,-0.7672800822700595,-0.049512376075950985,rejected,0.005349881165217998,0.9605109746147444
intraday20 q2 & vol20 q2,1.6931913505000754e-05,0.33702198662607336,0.4792809187676589,rejected,0.023387108786638685,0.6317387947782258
mom_12_1 q3 & vol_ratio q0,8.400007200330455e-07,-0.30275337247983175,0.5134844481745275,rejected,0.0,0.6076124866936925
mom_12_1 q0 & r20 q2,-1.408132551114839e-05,-0.7810603719902255,0.03498514360672983,rejected,0.0,0.9720915873062222
close_loc q3 & r5_nonews q4,-1.4024616126977256e-05,-0.7640622756301922,0.0464776229853411,rejected,0.0,0.9629295690794066
dist_ma50 q2 & range_compress q1,-1.954127618165557e-05,-0.743187845819653,-0.06302068569864694,rejected,0.0030939795136112843,0.9497500322551048
close_loc q0 & r20 q3,4.810168155677688e-06,-0.04155480017198774,0.7645852295482608,rejected,0.0,0.44451856726936245
ev_shelf q2 & max20 q3,-2.891894647283829e-05,-0.11385651929336393,-0.691811600595149,rejected,0.03117516669066223,0.48905565055381944
min20 q4 & r5_nonews q4,1.346789850757458e-05,0.5443047868310835,-0.25919598825781365,rejected,0.0,0.7954840262723473
gap_today q0 & r120 q3,1.0919655751747285e-06,-0.29000185667692896,0.5094564229248426,rejected,0.0,0.6104323358372461
atr_pct q0 & close_loc q1,2.1977386435577216e-05,0.21506140374655655,0.5714325183358864,rejected,0.030991386492323317,0.5677064913975765
ins_buyers30 q2 & r5_news q2,-6.173915386619272e-05,-0.7228438702890592,-0.058189022236304,rejected,0.004462160231854505,0.9535980648930887
gap_today q3 & r5_nonews q1,-2.4383807306341637e-05,-0.6887956555736329,0.08571320798090167,rejected,0.0,0.9316944023205924
ins_buyers30 q2 & r5 q3,-3.0451177889207932e-05,-0.2774721799446081,-0.4947810322035765,rejected,0.020632303801043403,0.6207546948272469
days_since_earn q0 & rel_ind60 q3,5.095663254047355e-06,0.003707115075649911,0.7681169525866346,rejected,0.033372142332930024,0.44241770618640897
dist_ma200 q1 & ev_shelf q2,2.7917637172465888e-06,0.3737411051329577,-0.39495824298999344,rejected,0.0,0.6928737051343692
intraday20 q1 & r60 q4,-9.175783458599021e-06,-0.6323226463253894,0.13422539834026606,rejected,0.0,0.8932243426662808
mom_12_1 q3 & r1 q3,2.2958850224448545e-06,0.3563983206637683,-0.4096605167844718,rejected,0.0,0.6820549973081655
ear q1 & r120 q1,-1.88874907712847e-05,-0.4105669293085195,-0.3541162336968635,rejected,0.018270174465841792,0.7232517766176343
intraday20 q3 & range_compress q2,1.7389173670375182e-05,0.288793210294725,0.4677611761727208,rejected,0.020788050194355413,0.6399553872127541
min20 q4 & rel_ind20 q3,2.206820560816021e-05,0.08893056684702123,0.6651807148802503,rejected,0.030519763699287276,0.5059349138071629
intraday20 q3 & r1 q3,-1.9565073433871973e-05,-0.17512066047026717,-0.5779756872457372,rejected,0.02952773036713343,0.5632805338911264
rel_ind60 q1 & vol20 q0,1.0445320773569456e-05,0.4738292547211738,-0.2791844866549257,rejected,0.0,0.7801032483596434
min20 q4 & vol_surge1 q3,-2.420974987035443e-05,-0.6871081803319066,0.06303524557578234,rejected,0.0,0.9497384382056396
overnight20 q4 & vol_surge5 q3,1.397084635764696e-05,0.4959958715222672,0.252706236673831,rejected,0.01643931138638652,0.8004952281131443
ind_mom60 q3 & min20 q4,1.4140566727595227e-05,-0.03255646650459597,0.713209029659866,rejected,0.0,0.4757164195703357
mom_12_1 q0 & r1 q2,4.9981423880673625e-06,0.3966792514874382,-0.3417583742810257,rejected,0.0,0.7325327378393415
close_loc q1 & r20 q3,1.8098437181464192e-05,0.3235735880555899,0.4106979797357812,rejected,0.017340031637241904,0.681294008505265
days_since_earn q3 & range_compress q4,-1.3206986249015017e-05,-0.5159085093111464,0.216236388584511,rejected,0.0,0.8288034904577477
dist_52wh q2 & overnight20 q4,-1.1973520197325305e-05,-0.259143219760573,-0.4704419395732058,rejected,0.019425868626412175,0.6380393063494277
dist_ma50 q3 & r5 q1,1.1675665014455134e-05,-0.0671123081611365,0.661321325813485,rejected,0.0,0.5084062679585588
ear q1 & mom_12_1 q3,-2.1968448016514082e-05,-0.4959120997281507,-0.231965537167269,rejected,0.016080507697016997,0.8165647811309218
atr_pct q0 & days_to_earn q1,-2.2265604182784472e-05,-0.4195803613465403,-0.29994688655439644,rejected,0.018476431813216964,0.7642176695868309
r120 q1 & r20 q2,-2.0860367594226244e-05,-0.3590465244329516,-0.360297533828266,rejected,0.017910262265090016,0.7186246433755257
earn_in_week q1 & r120 q2,7.80770851352222e-08,-0.14377187407041916,0.5670984404967824,rejected,0.0,0.5706473023819814
ind_mom20 q4 & vol_ratio q1,2.946045383323003e-07,-0.28333914587568804,0.4272016979334646,rejected,0.0,0.6692324247270516
news5 q4 & rel_ind60 q1,-1.1214974492277759e-05,-0.15539846444449829,-0.5531299602879137,rejected,0.03109194831696675,0.5801744225589087
close_loc q1 & range_compress q4,-1.572841137226802e-05,-0.5397029235682111,0.16608984830767545,rejected,0.0,0.868086243074034
gap_today q2 & range_compress q1,-1.1449871872683666e-05,-0.030280635156513032,-0.6642946466032346,rejected,0.02965028467061961,0.5065017467045729
ins_opportunistic30 q2 & r60 q1,-4.481403446144878e-06,0.21219607696155093,-0.4817548789384737,rejected,0.0,0.6299800859835862
r60 q4 & range_compress q1,1.8207906985421545e-05,0.6133865873639792,-0.07796785182296348,rejected,0.0,0.9378536256497612
dist_52wh q3 & gap_today q3,-4.632011230851586e-06,0.19660979102100562,-0.49307174361778916,rejected,0.0,0.6219618954800472
min20 q0 & rel_ind60 q3,-5.7379272530870795e-06,-0.49246074203603646,0.19429403142152668,rejected,0.0,0.8459456588236933
ind_mom60 q0 & overnight20 q4,-1.0897487709553143e-05,-0.4662267358134626,-0.2170928890165452,rejected,0.019144393797977995,0.8281359555684276
gap_today q3 & mom_12_1 q3,-4.293871528744056e-06,-0.34794707207570025,0.3301217418601548,rejected,0.0,0.7413079756524449
days_to_earn q1 & r5 q1,-1.9235727608759178e-05,-0.5540849832993788,-0.12390880479440994,rejected,0.008233306844371374,0.9013874814592079
days_to_earn q2 & r20 q2,1.6085653509116636e-05,0.5765265170535085,-0.10024249242831729,rejected,0.0,0.9201518118076644
overnight20 q4 & rel_ind60 q4,1.29546048367136e-05,0.24545855742187098,0.42758704557882704,rejected,0.01622767241829444,0.6689517990784939
log_dv q2 & rel_ind20 q1,3.864959525245748e-06,0.3414680329966267,-0.3265268054569647,rejected,0.0,0.7440258118639607
days_since_earn q3 & skew60 q3,-1.1156494591625354e-05,-0.07285352093932043,-0.5918348843600016,rejected,0.025554199801450805,0.553961160914062
log_dv q0 & vol_surge5 q4,1.3286785770922819e-06,-0.219731733503494,0.43416236604318537,rejected,0.0,0.664170539647922
ear q2 & min20 q0,5.7062855115255284e-06,0.43956610088780035,-0.21150894679482554,rejected,0.0,0.8324901515969315
dist_52wh q2 & r5_news q4,7.280140650886919e-06,0.5623872324537501,-0.0864793805854626,rejected,0.0,0.9310853465664626
atr_pct q0 & r120 q2,1.077604006117471e-05,-0.05957299965032742,0.5866777825841756,rejected,0.0,0.5574201319661576
ind_mom20 q1 & vol20 q1,2.0960846666404804e-05,0.5264728049665088,0.11464819615952926,rejected,0.0077685351886728525,0.9087239765343345
dist_ma50 q4 & vol_ratio q3,8.352819890925245e-06,0.07028310248512198,0.5612664291254035,rejected,0.029045271015457886,0.574615923527735
days_since_earn q3 & gap_today q2,1.3666155727176059e-05,0.49126830646125436,-0.1394592170791103,rejected,0.0,0.889087281010782
max20 q3 & r5_nonews q0,-1.6938947441866134e-06,0.1674870102915005,-0.46238519028554326,rejected,0.0,0.6438051177240617
days_to_earn q1 & range_compress q1,-1.502395822794646e-05,-0.18089272065739626,-0.4449028330398221,rejected,0.01614187714866988,0.6563899752018321
dist_ma50 q2 & r5_nonews q4,-1.4987222475714755e-05,-0.5786159582950849,-0.04263841776887115,rejected,0.006653753598200281,0.9659897703733613
ind_mom60 q3 & news5 q1,-9.194612865116416e-06,-0.16854949395320257,-0.44932907314822684,rejected,0.014714965581922205,0.6531942880165789
close_loc q2 & dist_ma200 q2,1.469429185338009e-05,0.5317934390903631,-0.08414121115609897,rejected,0.0,0.9329441590349143
dist_52wh q2 & ind_mom60 q0,1.6470443624600152e-05,0.5834375164778617,-0.031691117351299904,rejected,0.0,0.9747183786571015
gap_today q3 & overnight20 q4,3.284304268022238e-07,0.19190200215418257,-0.42097719104382353,rejected,0.0,0.6737717374572532
ind_mom60 q0 & mom_12_1 q3,-7.986792308470615e-06,0.021504751514166368,-0.5896452209549204,rejected,0.0,0.5554285276349772
ind_mom20 q0 & overnight20 q2,1.2894335104419425e-05,0.4242540839434898,0.18652971490337084,rejected,0.018260095275308735,0.8520293786214062
ind_mom60 q0 & r60 q3,1.0576833431900647e-05,0.12533874069320652,0.48425368174309347,rejected,0.021506942581773245,0.6282058433980375
frog q4 & r5_nonews q0,-6.079492960544573e-06,-0.4371648257217564,0.1714349226874769,rejected,0.0,0.8638817968940967
atr_pct q0 & r120 q1,1.922510699630802e-05,0.38983643896017645,0.21869756551948136,rejected,0.01754640929807836,0.8268856455183882
intraday20 q0 & r120 q2,-9.549763382558704e-06,-0.14776290306198958,-0.4593157689969972,rejected,0.016292552566325388,0.6460074254883856
r5_nonews q4 & vol_surge1 q2,-1.3551332523014992e-05,-0.5375660774979425,-0.06126576305756323,rejected,0.0032265287958364685,0.951147556683764
max20 q0 & vol_surge5 q2,1.8996047598846925e-05,0.36065969129010134,0.23786627587919656,rejected,0.015230304846582499,0.8119848127995484
days_to_earn q4 & range_compress q1,2.1133948743336507e-06,0.2638680669290084,-0.324896898718595,rejected,0.0,0.7452591041398016
days_since_earn q3 & overnight20 q4,-7.341702032965216e-06,-0.2510514518700252,-0.33547047945099934,rejected,0.0188829625222844,0.737270209807062
days_to_earn q3 & ins_buyers30 q4,4.380521229707566e-06,0.1571647998337578,0.42659635639395915,rejected,0.017068987167184614,0.6696733520547312
days_to_earn q3 & ins_value30 q4,4.380521229707566e-06,0.1571647998337578,0.42659635639395915,rejected,0.017068987167184614,0.6696733520547312
news5 q1 & r5_nonews q1,-9.340763336186802e-06,-0.2605185110554687,-0.32267316078417557,rejected,0.020275450200797997,0.7469427803521325
r5_news q4 & r60 q3,1.0216659215350552e-05,0.5109207676629551,0.07188998319190357,rejected,0.0020216879401643685,0.9426894616789488
dist_ma50 q3 & rel_ind60 q1,-1.4220357491783676e-05,-0.37082667517557133,-0.2114321408065714,rejected,0.019760431444030165,0.8325500788489868
dist_ma50 q0 & max20 q0,1.3967608385446239e-05,0.4953835412838659,-0.08633270890771975,rejected,0.0,0.9312019375856181
days_since_earn q1 & vol_surge1 q3,-1.000776849311945e-05,0.023371058639089726,-0.5573700737437811,rejected,0.0,0.5772746077793147
mom_12_1 q0 & rel_ind60 q1,-3.4412564852517653e-06,0.14061684581853193,-0.43013294732894847,rejected,0.0,0.6670989344521168
atr_pct q1 & dist_52wh q2,-3.8037291613744118e-06,-0.26881535608006674,0.3016472667587491,rejected,0.0,0.7629209716651475
ind_mom60 q0 & r20 q3,-1.0610829339719942e-05,-0.34505215224858754,-0.21872664201883876,rejected,0.016660744181797797,0.8268629941238094
log_dv q4 & r5_nonews q4,-1.0105522481321795e-05,-0.534014519246215,0.020019629303147542,rejected,0.0,0.9840277137834204
overnight20 q4 & r5_nonews q4,-4.376728426018542e-06,-0.3420364632648625,0.20522716388942538,rejected,0.0,0.8373946473918081
news5 q1 & r120 q1,-9.851188105790544e-06,-0.26073315499781735,-0.283638587507266,rejected,0.01577111217621261,0.7766873624680641
close_loc q3 & r5 q2,1.3368604248347243e-05,0.2014694322268229,0.3282484339974361,rejected,0.018467162304219863,0.7427238296553379
dist_ma50 q2 & mom_12_1 q2,1.3235046477202323e-05,0.12282286094750312,0.40028838070012795,rejected,0.01612309607204844,0.6889441250306736
dist_ma50 q0 & frog q4,5.53108211593366e-06,0.22998374987832224,0.29004140445850135,rejected,0.015642461262049545,0.7717845621750885
gap_today q2 & rel_ind60 q1,-1.164357193137891e-05,-0.2395859917282951,-0.273714255208628,rejected,0.013028364753319093,0.784304221909295
rel_ind20 q3 & rel_ind60 q1,-5.095414748675861e-06,0.08732589609367711,-0.42488808137239464,rejected,0.0,0.6709182635402103
r120 q2 & r20 q0,6.70232939254379e-06,0.4045491259771331,-0.10415269790618756,rejected,0.0,0.9170481713390234
ear_volsurge q4 & earn_in_week q1,-4.971867825001944e-06,-0.13519055977721453,-0.372242342884885,rejected,0.015973093384344876,0.7097124225481906
days_since_earn q2 & range_compress q4,1.5427953925442997e-05,0.4493999498522058,-0.05718342967516148,rejected,0.0,0.9543990777634819
close_loc q4 & ev_shelf q2,1.803976837386082e-05,0.08192723415989274,0.4241383904868344,rejected,0.016887735855561786,0.6714648890013819
dist_ma200 q3 & ind_mom60 q0,-1.0606207325928791e-06,0.16775451873819766,-0.33814773191684006,rejected,0.0,0.7352518619886192
days_since_earn q4 & rel_ind20 q2,-1.0492091407514782e-05,-0.19576122363722354,-0.30022135856185267,rejected,0.01568683342573667,0.7640083143130292
days_to_earn q1 & r120 q2,1.0369465318468686e-05,-0.005849396347142819,0.48736523792985187,rejected,0.0,0.6259995235372169
mom_12_1 q3 & rel_ind60 q1,1.2365963054814843e-05,0.48769824292639385,-0.005376670673048118,rejected,0.0,0.9957100581508233
frog q1 & gap_today q0,3.0037776129548548e-06,0.25989404309862957,-0.22778707830751208,rejected,0.0,0.8198117726610747
days_to_earn q3 & overnight20 q3,-1.1395306468279592e-05,-0.40287646350722456,0.08446688273399487,rejected,0.0,0.9326852324668267
dist_ma200 q0 & gap_today q1,7.260893145311553e-06,0.18876733185501973,0.2955131472078741,rejected,0.015811421217694036,0.7676019105427916
intraday20 q3 & r5_nonews q4,-9.829763915690469e-06,-0.2519109684006294,-0.2285101178551949,rejected,0.013866537061873466,0.819249691274494
dist_52wh q1 & range_compress q4,1.1108316027987246e-05,0.23416461988661327,0.24425649092029597,rejected,0.013805634913561921,0.8070321782359171
dist_ma50 q4 & vol_surge5 q1,-2.1654505606290626e-06,-0.26262799289524547,0.21240659304280995,rejected,0.0,0.8317898426260297
days_since_earn q0 & ind_mom60 q1,8.487123243810692e-06,0.3286718161993824,0.14066064064919914,rejected,0.00908463163536617,0.8881380400869738
ear q1 & r5_nonews q1,-9.4707242706446e-06,-0.059266786685218585,-0.40192899577113755,rejected,0.0158588322952214,0.6877362825693667
close_loc q1 & intraday20 q3,1.0597025605902451e-06,-0.1816014337337053,0.27796481798587386,rejected,0.0,0.7810393660347306
dist_ma200 q4 & vol_surge1 q2,-5.076005327204069e-06,-0.3092992300320516,0.1387678741154458,rejected,0.0,0.8896335810617233
dist_52wh q2 & rel_ind60 q1,-9.874787150031937e-06,-0.04137602136493155,-0.40605977671510207,rejected,0.01495018296227056,0.6846986793189087
close_loc q1 & r5_nonews q1,9.925527086738616e-06,0.1999952106199705,0.23894195574501811,rejected,0.013394869656936599,0.811150591666588
r60 q3 & range_compress q1,-1.2721609508786801e-05,-0.4228086493443111,0.014178133686036053,rejected,0.0,0.988687865025421
days_since_earn q3 & mom_12_1 q3,9.874188830927656e-06,-0.004605586427174326,0.4310309338092344,rejected,0.0,0.6664458782265499
ind_mom20 q0 & max20 q1,2.15747911255623e-07,0.1660574632767335,-0.26799203531400073,rejected,0.0,0.7887054494720123
mom_12_1 q0 & range_compress q2,-2.7748963784644863e-06,-0.24095476378566913,0.18756844835579767,rejected,0.0,0.8512149617676525
dist_ma50 q3 & vol_ratio q4,-4.840077928281385e-08,-0.15533353031115074,0.2726936817428355,rejected,0.0,0.7850886919423468
days_to_earn q2 & mom_12_1 q3,1.1564105772200509e-05,0.11462779025598531,0.31224738370998406,rejected,0.01888353998785851,0.7548525239548926
days_to_earn q2 & dist_52wh q2,9.592256723034499e-06,0.10774990453596364,0.31802932431196845,rejected,0.017644482236259987,0.7504626932072338
ind_mom60 q1 & intraday20 q2,5.7389410826818894e-06,-0.056312968281518085,0.36815843012122484,rejected,0.0,0.7127551047332529
skew60 q3 & vol_ratio q2,6.458980644280694e-06,-0.03693069609355968,0.38525578495950474,rejected,0.0,0.7000479164850086
ear_volsurge q1 & r60 q3,4.3537513954428505e-06,-0.09138518614023111,0.32935138859291185,rejected,0.0,0.741890106194915
close_loc q1 & range_compress q2,1.318387432371517e-05,0.4064106407544849,0.006623859228194165,rejected,0.00138952293803656,0.9947149636361992
dist_52wh q2 & r120 q2,-3.911783884660724e-06,-0.21419551640131593,0.19596725187287317,rejected,0.0,0.8446357982033152
r20 q3 & rel_ind60 q1,8.635010204838893e-06,0.35914618868415843,-0.04654022534888571,rejected,0.0,0.9628796736132085
ins_officer30 q2 & r5 q0,1.1526464225671441e-05,0.21402307212370825,0.18452473495456959,rejected,0.01597012506079594,0.8536018246235422
days_since_earn q2 & days_to_earn q1,-8.583394872168376e-06,-0.17267752028472744,-0.21608255663604709,rejected,0.01756888989199478,0.828923396319612
news5 q4 & r120 q1,6.609638276532887e-06,0.15935195469845537,0.22486106908408698,rejected,0.014525163295201822,0.8220873560871644
log_dv q2 & rel_ind20 q0,6.743920348330308e-06,0.2551624811871777,0.1272807264417147,rejected,0.007902557957723575,0.8987182143011219
ins_value30 q2 & vol20 q3,1.6486591580197394e-05,0.3286290656059284,-0.05098872898652195,rejected,0.0,0.9593345018322059
range_compress q1 & vol20 q0,6.138046428242049e-06,0.01200613421694473,0.3622115885031105,rejected,0.013359079348228636,0.7171939203281545
dist_ma50 q2 & r120 q1,1.8194650066675437e-06,-0.1120933654657389,0.2550455690874061,rejected,0.0,0.7986879036720252
ind_mom60 q2 & log_dv q4,-7.2414453310697795e-06,-0.05133961326824687,-0.3155074103512812,rejected,0.017671579954468993,0.7523764255302661
days_since_earn q3 & r120 q2,-9.74362637686606e-06,-0.10563058105094976,-0.2606733180141436,rejected,0.0131378430389377,0.7943444439742011
close_loc q1 & dist_ma50 q3,6.429820910882243e-06,0.01845711400688467,0.3408082600148656,rejected,0.013761406968279532,0.7332479317576728
days_to_earn q3 & range_compress q1,-1.2658630826941322e-06,0.09560973890064234,-0.2590961613529984,rejected,0.0,0.7955610464963871
ins_opportunistic30 q2 & overnight20 q2,-1.4174800066668502e-05,-0.027836232488803948,-0.3241221004403056,rejected,0.015696542747429355,0.7458455956113437
atr_pct q0 & ind_mom60 q4,-2.2046393792370962e-06,-0.20083408004495065,0.15065473724465958,rejected,0.0,0.8802480800410617
days_to_earn q1 & min20 q4,-1.2068720064815081e-05,-0.2768423097527457,-0.07190794963928618,rejected,0.0013729554062982324,0.9426751635326305
atr_pct q0 & days_since_earn q3,1.407981861206067e-05,0.3017003510704519,0.046954807258445974,rejected,0.0041737162908043,0.9625492463544163
gap_today q3 & rel_ind20 q3,4.361316867699449e-07,0.14639847559280275,-0.1869157850683531,rejected,0.0,0.8517266626202116
r20 q1 & range_compress q4,9.82457908515015e-06,0.20049158106347226,0.12445343558635531,rejected,0.006332015835677163,0.9009562666862985
ind_mom20 q1 & max20 q3,3.6085200086796554e-06,0.018236926790342237,0.28943142631619057,rejected,0.013793176087914305,0.7722512488786426
r1 q3 & range_compress q4,8.124186550187446e-06,0.08908472654045486,0.21660684466862293,rejected,0.015818595109960577,0.8285147511042559
mom_12_1 q0 & vol20 q3,7.212645226237931e-06,0.23324044409803116,0.06884726127719566,rejected,0.002084815752523866,0.9451111982484055
dist_52wh q2 & dist_ma50 q2,-5.560291171529993e-06,-0.21336818536526755,0.08669044570549722,rejected,0.0,0.9309175710484574
days_since_earn q0 & range_compress q1,-3.845487341586333e-06,-0.021812134341920423,-0.27078856838980514,rejected,0.011056168224968861,0.7865536526149663
days_since_earn q1 & days_to_earn q2,-3.727817714316821e-06,-0.07035222476970891,-0.21859291727451868,rejected,0.014579801365643501,0.8269671705781183
news5 q1 & r120 q2,-5.7658094463333436e-06,-0.03567972699770283,-0.2523782495994646,rejected,0.012220493242887811,0.8007487104265674
days_to_earn q1 & range_compress q2,-4.6923246189469965e-06,-0.19934025771815475,0.08327517999832072,rejected,0.0,0.9336327352244262
ind_mom60 q3 & rel_ind60 q1,6.1252774032355665e-06,0.15368281437749848,0.12521263045201783,rejected,0.006955355992280485,0.9003552182854836
r60 q4 & vol_ratio q3,-4.1940052230655646e-06,-0.2340962014957742,0.04429679097206696,rejected,0.0,0.9646678295989337
close_loc q1 & overnight20 q4,-2.855158516178837e-06,0.02173770899010354,-0.24704587240718373,rejected,0.0,0.8048727230240249
intraday20 q3 & r20 q4,6.870376120305209e-07,-0.07758531169217932,0.1850695511935513,rejected,0.0,0.8531744836595999
dist_52wh q3 & vol_surge1 q3,7.946653592661614e-06,0.1897796542027283,0.06859622023410647,rejected,0.002399795479144582,0.9453110275979341
days_since_earn q1 & overnight20 q3,-3.1859533797771896e-06,0.037554327887466994,-0.2187903697818252,rejected,0.0,0.8268133489434961
frog q0 & skew60 q3,-2.9968956044870196e-06,-0.01764602225254307,-0.23460128780936612,rejected,0.011549914889933153,0.8145182099186318
days_to_earn q1 & gap_today q2,-5.614526324657604e-06,-0.05499382313153849,-0.19666193243527016,rejected,0.014178266502283715,0.8440921017853185
ind_mom60 q0 & range_compress q4,4.883518600627954e-06,0.003036615005167319,0.2408201197912453,rejected,0.011238370131812774,0.809694535126901
dist_ma50 q1 & vol_surge1 q0,4.434975814028797e-06,0.05912298562415697,0.18308839398467372,rejected,0.014269107438675382,0.8547286621098321
dist_ma50 q1 & rel_ind20 q1,3.2553394612206723e-06,-0.0334432518188471,0.19875375508672904,rejected,0.0,0.8424553722837642
dist_52wh q1 & earn_in_week q1,1.6444507471733678e-06,0.07081499808050172,0.16084520752771692,rejected,0.010647040371796805,0.8722153183053164
r120 q2 & range_compress q1,5.6727156567908695e-06,0.13585917702042766,0.09577391746575976,rejected,0.003491780268629786,0.9237001329596615
ind_mom20 q3 & log_dv q2,-4.037563172433093e-06,-0.20392322201057037,0.027412374901844772,rejected,0.0,0.9781308282140432
intraday20 q0 & r5 q1,-1.1408487035363814e-06,-0.122539811024615,0.10250077784117573,rejected,0.0,0.9183591954745426
vol20 q3 & vol_surge1 q2,5.070604206936346e-07,0.07542812834261126,-0.12177437278733184,rejected,0.0,0.9030777104290529
ind_mom20 q1 & r5_nonews q0,2.3351015306306585e-06,0.05832765690485171,0.11954706206107384,rejected,0.006242698073933201,0.9048419572071335
r20 q3 & range_compress q1,-3.566885667324888e-06,-0.072882087032419,-0.09819094999040513,rejected,0.002986395777365819,0.9217806685990897
dist_ma50 q1 & r120 q3,3.7165591437641053e-06,0.12522020686297797,0.024190301487704506,rejected,0.0011450599433488033,0.9807008141597846
ind_mom60 q0 & range_compress q3,4.116872427751813e-06,0.12702257014751867,0.019886868380924662,rejected,0.0021755046477088483,0.9841336205889122
dist_ma50 q3 & intraday20 q3,3.1735342669444707e-06,0.026436600528635668,0.11417687834737915,rejected,0.0063328950960883585,0.9090975804363816
overnight20 q4 & r5 q2,1.2731576857580838e-06,-0.01137508223756989,0.1286102627468373,rejected,0.0,0.8976660452579911
ind_mom20 q4 & vol_surge1 q1,-3.1710210521858178e-06,-0.08933374637437702,-0.034994596180499646,rejected,0.004890752343465955,0.9720840498589783
days_to_earn q2 & r60 q3,-3.5705284478718374e-06,-0.05729071423484754,-0.05467454950130992,rejected,0.004037812315037622,0.9563977455816015
gap_today q3 & r1 q2,2.6107941161068514e-06,0.060150284667519656,0.01913022020269925,rejected,0.0024027794655020595,0.984737223602339
ear q3 & mom_12_1 q3 unless ear_volsurge q0,2.548259592717689e-05,-1.7240370247554648,3.735661522647096,rejected,0.0,0.0001872223591135431
ear q3 & mom_12_1 q3 unless frog q0,1.226350117742294e-05,-2.0299266288900237,3.0009940492054317,rejected,0.0,0.0026909982386511275
ind_mom20 q2 & news5 q1 unless atr_pct q0,-3.526883018383497e-05,-0.8476532832783726,-4.1509733466526875,rejected,0.7808347315844871,3.310643223037048e-05
ear q3 & mom_12_1 q3 unless r5_news q0,3.087793005442683e-05,-1.6342517712401659,3.3415751288993882,rejected,0.0,0.0008330446848439803
ear q3 & mom_12_1 q3 unless range_compress q0,3.201573854812392e-05,-1.8537853425178645,3.0503504433363187,rejected,0.0,0.0022857448771418302
ear q3 & mom_12_1 q3 unless ev_offering q4,2.7606934338483617e-05,-1.6023830159122558,3.2517273702742893,rejected,0.0,0.0011470598933274235
days_since_earn q2 & mom_12_1 q0 unless ear_volsurge q0,-2.172598496441758e-05,0.5736582217967033,-4.161286060087846,rejected,0.0,3.164603798486698e-05
ear q3 & mom_12_1 q3 unless close_loc q0,1.4188294128212504e-05,-1.7556608391540913,2.9530500284282084,rejected,0.0,0.0031465096476068037
ind_mom20 q2 & news5 q1 unless dist_52wh q4,-3.762564978411765e-05,-0.7579365699793515,-3.941282490427534,rejected,0.7513641223904406,8.104710851806319e-05
ear q3 & mom_12_1 q3 unless r120 q0,3.118077396847184e-05,-1.4903227628995408,3.1269745362305836,rejected,0.0,0.0017661522367125552
days_since_earn q2 & mom_12_1 q0 unless gap_today q0,-1.601250470399878e-05,0.5567300127608327,-4.059422114559791,rejected,0.0,4.9194313000667834e-05
ear q3 & mom_12_1 q3 unless intraday20 q0,2.8434950949974875e-05,-1.6229336570327315,2.984615026431033,rejected,0.0,0.002839354237310922
ear q3 & mom_12_1 q3 unless rel_ind60 q0,2.293355838986662e-05,-1.6563771405925158,2.9217833587352158,rejected,0.0,0.0034803353045299986
ear q3 & mom_12_1 q3 unless vol20 q0,2.1707824260053973e-05,-1.3243035456926182,3.197849449970643,rejected,0.0,0.00138456543434569
ear q3 & mom_12_1 q3 unless ev_red_flag q4,5.3694090187125696e-05,-1.1087723474517284,3.3252270099906944,rejected,0.0,0.0008834656980913219
ear q3 & mom_12_1 q3 unless r5_news q4,2.9800830050194166e-05,-1.324718968409896,3.0424069944195136,rejected,0.0,0.002346943311092415
ind_mom20 q2 & news5 q1 unless r120 q0,-4.497876765849342e-05,-0.9428096031125147,-3.4233007636518606,rejected,0.6727816965617853,0.000618655848126369
ear q3 & mom_12_1 q3 unless ev_agreement q4,3.431154253383783e-05,-1.2485818701862916,3.0994140409816313,rejected,0.0,0.0019390383496310382
ear q3 & mom_12_1 q3 unless r120 q4,2.1501922828193127e-05,-1.5109353586531529,2.751669789817146,rejected,0.0,0.0059292274267334485
ear q3 & mom_12_1 q3 unless intraday20 q4,1.7613546969086837e-05,-1.5458005717630725,2.705684511539485,rejected,0.0,0.006816376949125631
ind_mom20 q2 & news5 q1 unless ear_volsurge q4,-3.8055229135309875e-05,-0.3294349187313324,-3.8927262947847603,rejected,0.6093066963422732,9.912396490702943e-05
ear q3 & mom_12_1 q3 unless rel_ind60 q4,1.829781630138504e-05,-1.4599034881695216,2.74995003386905,rejected,0.0,0.0059604352728146875
ear q3 & mom_12_1 q3 unless ear_volsurge q4,3.6830183104571244e-05,-1.1235307750785724,3.0639845802374084,rejected,0.0,0.002184101672570194
ear q3 & mom_12_1 q3 unless r5_nonews q0,2.327305890710998e-05,-1.381899512387863,2.7895866555451985,rejected,0.0,0.005277537127239046
ear q3 & mom_12_1 q3 unless days_since_earn q4,4.328825569901923e-05,-0.9884648709984588,3.169068245499009,rejected,0.0,0.0015292848205716652
days_since_earn q3 & days_to_earn q1 unless overnight20 q4,-4.7081195474181016e-05,1.030808144129287,-3.1229661393973305,rejected,0.0,0.0017903834439478336
ind_mom20 q2 & news5 q1 unless ev_offering q4,-3.524398050011595e-05,-0.568395961549693,-3.574338261921986,rejected,0.563893539688394,0.0003511147713167336
ind_mom20 q2 & news5 q1 unless days_to_earn q4,-3.508303250066836e-05,-0.5486364088378888,-3.5917463780338266,rejected,0.5211260378531948,0.00032846943779991634
days_since_earn q2 & mom_12_1 q0 unless ev_offering q4,-1.8460817103438536e-05,0.625699987404665,-3.5002764290344253,rejected,0.0,0.00046477592172752987
ind_mom20 q2 & news5 q1 unless ev_agreement q4,-3.50483321053823e-05,-0.5748976785332978,-3.531648787366211,rejected,0.6006357373113281,0.0004129774589175234
ind_mom20 q2 & news5 q1 unless vol_surge5 q4,-2.8689089005398906e-05,-0.3829733487706504,-3.7131336901772625,rejected,0.4530310838604985,0.00020470867901144446
ind_mom20 q2 & news5 q1 unless days_to_earn q0,-4.945486995439911e-05,-1.4480574422234787,-2.6448570684008508,rejected,0.2966484706116429,0.008172543004938174
days_since_earn q2 & mom_12_1 q0 unless r5_news q0,-1.6801544916933012e-05,0.6925908168402987,-3.3533414616585535,rejected,0.0,0.0007984213949219158
ear q3 & mom_12_1 q3 unless days_since_earn q0,1.8709861729821977e-05,-1.5309996904549363,2.5126317763687,rejected,0.0,0.011983434100180828
ear q3 & mom_12_1 q3 unless vol20 q4,1.6653426323246275e-05,-1.6119300762849833,2.4170599959799737,rejected,0.0,0.01564643795100048
days_since_earn q2 & mom_12_1 q0 unless dist_52wh q4,-1.8924849989374814e-05,0.569080321886857,-3.4520548826062885,rejected,0.0,0.0005563345540346325
ind_mom20 q2 & news5 q1 unless ins_opportunistic30 q4,-3.514874348880458e-05,-0.4699970031777837,-3.5495831331300276,rejected,0.5608455569879051,0.0003858416161977817
ind_mom20 q2 & news5 q1 unless ins_officer30 q4,-3.292507759548107e-05,-0.44303854852154034,-3.5529984237334578,rejected,0.5421112092002085,0.00038086674709738216
ind_mom20 q2 & news5 q1 unless r60 q0,-4.317160992698871e-05,-1.1952629158955135,-2.783523773851044,rejected,0.3231932656023223,0.005377192156964722
ind_mom20 q2 & news5 q1 unless frog q4,-3.066314800444386e-05,-0.7992730795129767,-3.154287943407279,rejected,0.5380013061590875,0.0016089025642945448
ear q3 & mom_12_1 q3 unless frog q4,3.405616716723725e-05,-0.9459917421441124,2.996118374711195,rejected,0.0,0.002734402629878325
ear q3 & mom_12_1 q3 unless range_compress q4,2.4822626060687495e-05,-1.2556287643136785,2.6600120743190976,rejected,0.0,0.007813785026738173
days_since_earn q2 & mom_12_1 q0 unless r5_news q4,-1.7974609484937482e-05,0.5242432764082908,-3.3245132436886893,rejected,0.0,0.0008857302655682003
ear q3 & mom_12_1 q3 unless r5_nonews q4,3.765993384444911e-05,-0.9108754330752842,2.9208336647522586,rejected,0.0,0.003490961551072651
days_since_earn q2 & mom_12_1 q0 unless r120 q4,-1.5145670269625003e-05,0.6648548992480945,-3.1501768434869555,rejected,0.0,0.0016317166080757881
days_since_earn q2 & mom_12_1 q0 unless frog q0,-1.4746918696632749e-05,0.5548930135729206,-3.2178091886122906,rejected,0.0,0.0012917372004979364
days_since_earn q2 & mom_12_1 q0 unless ins_value30 q4,-1.787446803275471e-06,1.129453129763645,-2.603209330704342,rejected,0.0,0.00923555445109049
days_since_earn q3 & days_to_earn q1 unless dist_ma200 q0,-5.070126426324061e-05,0.8510346408905816,-2.8469007596014047,rejected,0.0,0.0044147122512336705
days_since_earn q2 & mom_12_1 q0 unless vol_ratio q4,-6.315806986174051e-06,0.7680363037829813,-2.923830116055339,rejected,0.0,0.003457533894520151
days_since_earn q2 & mom_12_1 q0 unless close_loc q4,-2.1576621884399603e-05,0.34624554795775525,-3.3181639653513555,rejected,0.0,0.0009061127692842685
days_since_earn q2 & mom_12_1 q0 unless vol_surge5 q0,-3.1301470812292888e-06,1.1941075231578682,-2.4374561997737163,rejected,0.0,0.014791005980884673
days_since_earn q3 & days_to_earn q1 unless gap_today q0,-0.0001135634916910241,-0.38806876205817153,-3.2406134028610745,rejected,0.49558526540621006,0.0011927282007783624
days_since_earn q2 & mom_12_1 q0 unless vol_surge1 q0,4.315292943645531e-06,1.4038430625405005,-2.204870087942532,rejected,0.0,0.027463212046119137
days_since_earn q2 & mom_12_1 q0 unless ear_volsurge q4,-2.0787499011236896e-05,0.29932071449036046,-3.275746093952271,rejected,0.0,0.0010538325680176383
ear q3 & mom_12_1 q3 unless close_loc q4,6.620726971129667e-05,-0.12843718327041673,3.4053145103019657,rejected,0.0,0.0006608789293392363
days_since_earn q2 & mom_12_1 q0 unless frog q4,-1.7370998282279555e-05,0.36421949471378623,-3.157943937848876,rejected,0.0,0.0015888611041532667
days_since_earn q2 & mom_12_1 q0 unless ind_mom20 q4,-1.72733818520079e-05,0.3045914973350679,-3.2094666091076403,rejected,0.0,0.001329814914032974
days_since_earn q3 & days_to_earn q1 unless r60 q0,-0.00012680125956975329,-0.4395950127006114,-3.0667907565497283,rejected,0.41369423060502036,0.002163702614712923
days_since_earn q2 & mom_12_1 q0 unless close_loc q0,-1.1795536653160901e-05,0.7525622724988356,-2.75250724588861,rejected,0.0,0.005914083765488128
ind_mom20 q2 & news5 q1 unless overnight20 q4,-3.171125496250388e-05,-0.14549268451639272,-3.3461344670665323,rejected,0.4398746890272312,0.0008194664549906827
ind_mom20 q2 & news5 q1 unless r120 q4,-2.2055766627325252e-05,-0.3574655508712843,-3.1306347426774024,rejected,0.4508933575486442,0.0017442895987930971
days_since_earn q3 & days_to_earn q1 unless earn_in_week q4,-0.00011879833790261042,-0.2925330767507162,-3.1758438609755317,rejected,0.40414459404282327,0.0014940134088895886
days_since_earn q3 & days_to_earn q1 unless r5_news q0,-8.985985113711335e-05,0.25306750594560623,-3.1962491199892296,rejected,0.0,0.001392268456130023
days_since_earn q3 & days_to_earn q1 unless close_loc q0,-0.0001147125801585302,-0.7022454524122876,-2.712515468152596,rejected,0.2704182466653633,0.0066774664828511835
days_since_earn q3 & days_to_earn q1 unless overnight20 q0,-0.0001092920918330332,-0.47708373618797345,-2.923141029139973,rejected,0.3721061739141604,0.0034651952755626286
days_since_earn q3 & days_to_earn q1 unless ev_offering q4,-0.00010343466920597903,0.08417889124477894,-3.3072490374526384,rejected,0.0,0.0009421709093838533
days_since_earn q3 & days_to_earn q1 unless r5_news q4,-0.00011173445616382202,-0.14903867565045584,-3.2088947169190165,rejected,0.4027174713575507,0.0013324627402352372
days_since_earn q3 & days_to_earn q1 unless frog q4,-7.251619617567984e-05,0.3300664011652256,-3.024792351301916,rejected,0.0,0.0024880388204365994
days_since_earn q3 & days_to_earn q1 unless ev_red_flag q4,-0.00011451039929785804,-0.014817747169892972,-3.3332126268553393,rejected,0.4086536121578626,0.0008584930674378984
days_since_earn q2 & mom_12_1 q0 unless dist_ma50 q0,-3.1136725149798e-05,-0.3363054777965569,-2.970587045745454,rejected,0.36217782718847474,0.0029723115889091897
ind_mom20 q2 & news5 q1 unless r20 q0,-2.4805146680918236e-05,-0.4755356411534414,-2.7800096922906157,rejected,0.2371526709965029,0.00543572760466899
ind_mom20 q2 & news5 q1 unless rel_ind20 q4,-3.15123900303636e-05,-0.41486017841193157,-2.8367107560990745,rejected,0.3067076851844137,0.004558088422977921
days_since_earn q3 & days_to_earn q1 unless news5 q4,-9.654220738507114e-05,0.07580312285215905,-3.1328736311481498,rejected,0.0,0.0017310395246699702
days_since_earn q2 & mom_12_1 q0 unless vol_surge5 q4,-1.1752067652804706e-05,0.4735039389679796,-2.732260627987771,rejected,0.0,0.00629013606550774
days_since_earn q3 & days_to_earn q1 unless r5 q0,-0.00010352855283119552,-0.5136335366398495,-2.6187154662708187,rejected,0.21037765694265004,0.008826153224909995
days_since_earn q2 & mom_12_1 q0 unless vol_ratio q0,-3.2230796030603957e-05,-0.33152770866934267,-2.796548918591384,rejected,0.22677783629253212,0.005165159103161295
days_since_earn q2 & mom_12_1 q0 unless vol_surge1 q4,-1.984206204735475e-05,0.1953360230703895,-2.892547962661723,rejected,0.0,0.0038213083243469103
ind_mom20 q2 & news5 q1 unless r20 q4,-2.8887879097231262e-05,-0.391283318102656,-2.6662929223787213,rejected,0.22838988950379735,0.007669283750677923
days_since_earn q3 & days_to_earn q1 unless frog q0,-6.607783887273389e-05,0.2942286321130543,-2.743379274237034,rejected,0.0,0.006081040398526422
ind_mom20 q2 & news5 q1 unless r60 q4,-2.8414748225869378e-05,-0.5339642191039922,-2.5006361349542456,rejected,0.20151076203829404,0.012397047647234663
ind_mom20 q2 & news5 q1 unless rel_ind20 q0,-2.2720742025970534e-05,-0.4085218191145557,-2.603074945428587,rejected,0.2099691877784957,0.009239175432232814
days_since_earn q3 & days_to_earn q1 unless dist_ma200 q4,-5.64774062810655e-05,0.32854280410032477,-2.5729725519770636,rejected,0.0,0.010082920385512813
days_since_earn q3 & days_to_earn q1 unless mom_12_1 q4,-6.313577372175933e-05,0.2749080432133725,-2.6230471962078443,rejected,0.0,0.0087147199450974
days_since_earn q3 & days_to_earn q1 unless close_loc q4,-5.277915289524727e-05,0.41974327269400213,-2.4668589170853576,rejected,0.0,0.013630404995804906
ind_mom20 q2 & news5 q1 unless frog q0,-2.6027769864362947e-05,-0.5705910678781985,-2.3065942300618687,rejected,0.13098097319364227,0.02107745151314023
ind_mom20 q2 & news5 q1 unless ear_volsurge q0,-2.0792066562952223e-05,-0.1875381956471613,-2.6894043940309142,rejected,0.19720805749540024,0.007157964761190028
ind_mom20 q2 & news5 q1 unless vol_surge5 q0,-3.5063121336506624e-05,-1.0293832558045273,-1.8262216905576356,rejected,0.16258768277240604,0.06781687537082924
ind_mom20 q2 & news5 q1 unless overnight20 q0,-3.0185799044463882e-05,-1.055439480968245,-1.7868331179493597,rejected,0.1471602446156676,0.07396446491945734
days_since_earn q2 & mom_12_1 q0 unless gap_today q4,-2.1634160800112757e-05,0.13390810813040482,-2.699529986177618,rejected,0.0,0.006943749790884061
days_since_earn q3 & days_to_earn q1 unless r20 q0,-8.872161626404729e-05,-0.3853264134596012,-2.41221245985586,rejected,0.1836410985281685,0.01585603883280317
days_since_earn q3 & days_to_earn q1 unless r20 q4,-7.747932550042771e-05,0.06143367189724297,-2.5155143737868593,rejected,0.0,0.011885883050833858
days_since_earn q3 & days_to_earn q1 unless gap_today q4,-7.702846328697627e-05,-0.11815108681616326,-2.3341088585189005,rejected,0.10061852340466372,0.01959002256707326
days_since_earn q2 & mom_12_1 q0 unless dist_52wh q0,-3.759893269018304e-05,-1.0832718886586405,-1.3490342791779266,rejected,0.110690269690654,0.17732595587967379
days_since_earn q2 & mom_12_1 q0 unless dist_ma50 q4,-4.954479007733788e-06,0.4111125836148039,-1.8955758140080592,rejected,0.0,0.058016157934420644
days_since_earn q3 & days_to_earn q1 unless mom_12_1 q0,-7.900304540375796e-05,-0.04026544709375706,-2.2382990337063045,rejected,0.11234381168629241,0.025201561095148674
days_since_earn q3 & days_to_earn q1 unless r60 q4,-6.066580500604058e-05,-0.013857856090024682,-2.174146582369971,rejected,0.1032377493636193,0.029694128559619306
ind_mom20 q2 & news5 q1 unless dist_52wh q0,-2.8876571799688174e-05,-0.43832844307596824,-1.6816540336858308,rejected,0.10773509433352994,0.0926359462867905
ind_mom20 q2 & news5 q1 unless atr_pct q4,-2.7168096890933937e-05,-0.008725602797432026,-2.0030381373202677,rejected,0.10636712164532408,0.04517319514572492
days_since_earn q2 & mom_12_1 q0 unless r120 q0,-2.2744611380129944e-05,-0.33679327184780844,-1.6276469093190544,rejected,0.10950857433798336,0.10359977641409032
days_since_earn q2 & mom_12_1 q0 unless ind_mom20 q0,-1.2217999204158618e-05,0.10473773908061734,-1.7515474260656703,rejected,0.0,0.07985165950225791
