key_named,effect,t_conf,t_disc,status,p_real,p_coincidence
ear q1,-0.0009984885851643934,-2.251339648605376,-2.2036137563271074,rejected,0.1383222134925882,0.027551519013711185
mom_12_1 q3,5.6855072833678376e-05,-1.8985937838482618,2.3624782342278206,rejected,0.0,0.018153207393791528
r5 q1,0.0008006642548038782,1.329004407470148,2.3572988849272005,rejected,0.03473806300728379,0.018408423703072576
range_compress q4,0.00023380407932937147,-1.1382570838058719,2.4263391378296526,rejected,0.0,0.015252010172794693
range_compress q1,-9.130914910955488e-05,1.258316492089431,-2.1568232757590553,rejected,0.0,0.03101943682618453
rel_ind60 q2,0.0007568787820234558,1.9920989566084026,1.2945731187828047,rejected,0.12018111493589899,0.19546753051460894
gap_today q0,0.0007752770842103361,1.320411967219675,1.926866751514251,rejected,0.15969807167317435,0.05399623799725499
range_compress q2,0.0006487494688939717,0.9589676649989607,2.1065583606184837,rejected,0.11877102806195236,0.035155879311116
r20 q4,-0.0007200236713051309,-0.5457091949463063,-2.4990191430486797,rejected,0.0,0.012453758350361652
r5_news q4,8.488056856030611e-05,-1.1508265629730967,1.8612939315446082,rejected,0.0,0.0627026796769072
vol_ratio q0,0.00026188626277366233,1.9572846843323464,-0.9818947931509164,rejected,0.0,0.32615168119586413
ear_volsurge q3,-0.0007014183484892177,-1.728695450546544,-1.2082851055148622,rejected,0.09450792562767449,0.22693761560354025
log_dv q3,-0.0006377127162306946,-1.2142962171965546,-1.580000614620885,rejected,0.08658376544857287,0.11410672572149345
vol20 q0,0.00017529318260193748,-0.9032536392596846,1.7999916819805892,rejected,0.0,0.07186195165358264
range_compress q3,4.409218017360224e-05,-1.264671848955063,1.4175275117290564,rejected,0.0,0.15632875661083911
rel_ind60 q4,-0.00021229657770962973,0.7876279264321852,-1.8900703214103853,rejected,0.0,0.05874855576697671
intraday20 q4,-0.00024281110838583305,0.686648954938783,-1.9570408730101634,rejected,0.0,0.05034266308177112
dist_52wh q2,3.2007372920000504e-05,-1.1079124734883101,1.5307985255201768,rejected,0.0,0.1258191941502339
r5_news q2,3.949048808817704e-06,1.2325522841035768,-1.379804196139219,rejected,0.0,0.16764694031329494
intraday20 q3,0.0002457406124037931,-0.7843218544424094,1.8149751865496955,rejected,0.0,0.0695277228228119
days_to_earn q1,-0.0003090255941913948,0.38146653284628873,-2.1466995389407733,rejected,0.0,0.03181720950847873
log_dv q1,0.0005576677479227451,0.7065390352332879,1.8132550349155796,rejected,0.11294067592927368,0.06979249502385788
frog q0,-0.0005536469346295469,-0.8858012011990087,-1.6006542451120709,rejected,0.0822727807770215,0.10945352052022563
min20 q4,0.0005776896091225816,0.6212888724634915,1.8526638710586256,rejected,0.11430334580927289,0.06393055149196664
r60 q4,-6.22107159902208e-05,0.9988923926024303,-1.4576069067983572,rejected,0.0,0.14494892478993626
frog q1,0.0005046384862843246,0.5405036020014818,1.8494865042374151,rejected,0.11347999705181633,0.0643875947678546
log_dv q2,5.5540318498329036e-05,1.3380842712000096,-1.0281301079180212,rejected,0.0,0.3038886297207515
dist_ma50 q2,5.1828252181338724e-05,-0.9629174472215211,1.3660999746615017,rejected,0.0,0.1719075862647578
news5 q4,-1.8121118965014944e-05,-1.1219040202560553,1.205662828068595,rejected,0.0,0.2279475232570103
news5 q1,-0.00023157090948560874,0.5226369694451326,-1.8011538706800971,rejected,0.0,0.07167863079771566
ind_mom60 q1,0.000517119127248466,0.3914984528160193,1.9269480139820312,rejected,0.11547545495123626,0.053986108953906924
r20 q3,0.0005467822130588976,1.2121377046118313,1.0892191199456043,rejected,0.06524969079215748,0.27605726932236585
close_loc q3,-9.333168953354249e-05,-1.1672223245211344,1.118858521301463,rejected,0.0,0.26320050083529023
atr_pct q0,9.034101023935973e-05,-0.8539129965740931,1.4250468918151142,rejected,0.0,0.15414364677650652
rel_ind20 q4,-0.0005104680079164435,-0.45234184375821174,-1.7890588502834226,rejected,0.09287189625793336,0.07360533832429854
vol_ratio q4,-0.00023297064204179336,-1.5760341387528485,0.6557686018174238,rejected,0.0,0.5119730214738163
ins_buyers30 q2,5.4926172495025644e-05,-0.4336198171486174,1.7865272662353453,rejected,0.0,0.07401392648880713
ins_value30 q2,5.4926172495025644e-05,-0.4336198171486174,1.7865272662353453,rejected,0.0,0.07401392648880713
rel_ind60 q0,-0.0002643648783858153,-1.6533024853163882,0.5531432741181996,rejected,0.0,0.5801653065512206
r5 q0,-0.00023186241774914438,0.7167049336301978,-1.4670008611222085,rejected,0.0,0.14237582109491814
ins_officer30 q2,2.865904156202371e-05,-0.6331137607862604,1.541161473318678,rejected,0.0,0.12327749152099114
mom_12_1 q0,-0.00023680128342945,0.48274037751101545,-1.6868803744850491,rejected,0.0,0.09162635648892926
ev_agreement q2,4.8189738096380316e-05,1.8203111927501892,-0.3340071648087518,rejected,0.0,0.7383741521203104
dist_ma50 q4,-0.0002519731038368397,0.4520450218453151,-1.6811683346504436,rejected,0.0,0.09273022222958026
dist_ma200 q1,-9.04760126203859e-05,-1.1441876136379832,0.978982407513631,rejected,0.0,0.32758867207670395
ear q0,0.000500191260439203,1.182713274406181,0.9359849029770025,rejected,0.05937370512971866,0.3492809607838522
range_compress q0,-0.0005014949417790858,-0.1675524641178437,-1.9442314236633058,rejected,0.09623967696623627,0.05186755000901968
dist_ma50 q3,0.000441911840530246,0.3772750569099311,1.6792632399709648,rejected,0.07067858721124418,0.09310075184082546
ins_officer30 q4,-0.00014299099829780633,0.5701814566926493,-1.4565587933722934,rejected,0.0,0.14523820927252457
ind_mom20 q4,-0.000472411365608945,-0.37933700247255947,-1.623266048925618,rejected,0.06343778530508432,0.10453254393742244
mom_12_1 q4,3.286300660135042e-05,1.0359965724001163,-0.9415863446679743,rejected,0.0,0.3464044636587614
ev_agreement q4,-0.000280966889758377,-1.6846795354563258,0.28442597714827095,rejected,0.0,0.7760839538088181
max20 q0,0.00013386808392709004,-0.5885793569685063,1.3705864800195082,rejected,0.0,0.17050389993736625
rel_ind20 q2,0.00012362662408494418,1.096213651913985,-0.8620557923965776,rejected,0.0,0.38865681667982976
dist_ma200 q4,1.3538261996599003e-05,0.9927506773909199,-0.9562658734373721,rejected,0.0,0.3389379267193398
ins_buyers30 q4,-0.00020786048493267868,0.3857533040173552,-1.5580047851010548,rejected,0.0,0.11923211380664415
ins_value30 q4,-0.00020786048493267868,0.3857533040173552,-1.5580047851010548,rejected,0.0,0.11923211380664415
r120 q2,-4.433245766126438e-05,-1.0117262074712579,0.9275726128294396,rejected,0.0,0.3536293095596507
dist_ma200 q3,0.0002980470464303176,-0.19124639040264832,1.729392955292322,rejected,0.0,0.08373878998358789
frog q3,-0.0004265475334707934,-1.2604540115999123,-0.6517988177220587,rejected,0.060930669783088164,0.51453096445109
dist_52wh q3,0.00042264537301457927,0.7051526194903956,1.202204897003627,rejected,0.08092289681992036,0.2292841524949575
gap_today q4,-0.00044791088453749976,-0.936885827019345,-0.9456748745811174,rejected,0.05568175321155279,0.34431444147880774
vol20 q4,-4.036611583431206e-05,0.848449806642266,-1.032818072549467,rejected,0.0,0.30168904454424084
earn_in_week q1,-4.9881361669528574e-05,-0.916211669367049,0.9143251949505883,rejected,0.0,0.3605459955481974
r5_nonews q2,0.00034710972691050094,0.10469964247706456,1.709654941398329,rejected,0.06869545436264074,0.08732969951391845
close_loc q0,-0.00013698702634119957,0.617968239499774,-1.1691885062001748,rejected,0.0,0.24232769096917686
ev_offering q2,2.0817864782068797e-05,1.2975667294911035,-0.4889969905166218,rejected,0.0,0.6248438274833285
ear q3,0.0003995568303708598,0.04355992496365676,1.7345902542326357,rejected,0.07238166088156724,0.08281340692082785
min20 q1,-0.0002513756015116162,0.2789090422766054,-1.4877016629612225,rejected,0.0,0.13682958885522717
ear q4,-0.0003636807759901963,0.0400746935749364,-1.7236758606103655,rejected,0.0,0.0847663751673224
mom_12_1 q2,0.0003856447672976685,0.41633113234973557,1.3119833765000066,rejected,0.08008672296275998,0.18952574351021587
days_to_earn q3,0.000397353701464639,0.4628964559396217,1.2634162315876527,rejected,0.07434637824299449,0.20643963385850014
days_since_earn q1,0.0003951394985651802,0.06868020332954186,1.6389304806416496,rejected,0.058363155570149934,0.10122773885353802
r1 q1,0.00014821242863524353,1.173213093242019,-0.5143368680354161,rejected,0.0,0.6070164896285865
atr_pct q4,-0.00014933054715947182,0.5034541165132299,-1.1644767341870363,rejected,0.0,0.2442308665719118
vol_surge1 q1,0.0003657456390856805,0.899260871210489,0.768206850488428,rejected,0.0336314042897226,0.4423643042559838
rel_ind20 q0,6.958296207695955e-05,-0.6445053665016435,1.0137015633738162,rejected,0.0,0.3107251778633418
atr_pct q2,-0.00038516399219915183,-0.9744270901923382,-0.6705910961269602,rejected,0.05487888669093749,0.502481056241145
days_since_earn q2,-0.00035047372343351737,-0.3081443085377333,-1.3221349190722396,rejected,0.07647149795383976,0.18612322779608337
mom_12_1 q1,-0.00016600861445956956,-1.069450012878816,0.5560094452157609,rejected,0.0,0.5782043978915372
gap_today q3,-0.000291664581260512,0.10125217113597389,-1.5043728267058951,rejected,0.0,0.13248539689659608
overnight20 q2,0.00020579154777028246,-0.27481488501310297,1.3212465541032379,rejected,0.0,0.18641916821008347
dist_52wh q1,-0.0003594607163793674,-0.24746266654942375,-1.346697696286095,rejected,0.08128497525822626,0.17807761453953563
r5 q3,-0.000356559953431143,-1.2624815369496187,-0.31238212619996897,rejected,0.03328021063397057,0.754750132437739
ev_offering q4,-0.0001201797787612995,-1.170859909624071,0.3442097972157806,rejected,0.0,0.7306885148762996
vol_surge5 q2,-7.161583345461599e-05,-0.9071596494898415,0.6077969940373036,rejected,0.0,0.5433221232068621
gap_today q2,1.1581335947360496e-05,-0.7957335385010028,0.7159717949888914,rejected,0.0,0.474008764932983
days_since_earn q3,-0.0003161604685658094,-0.14460109334835855,-1.3609972925410183,rejected,0.07324563570185633,0.17351454506530156
r60 q1,-4.8273293201023434e-05,-0.8092829537474941,0.6851374270243846,rejected,0.0,0.4932572046510429
r5_nonews q1,0.00011436712525009214,-0.4343790050721978,1.0572558456747667,rejected,0.0,0.2903948387803279
vol_ratio q1,0.00024741921470306324,-0.15571556595813033,1.3346263699011083,rejected,0.0,0.18199866293245404
max20 q1,-5.546929182734518e-05,-0.8103600196953312,0.6607086450918205,rejected,0.0,0.5087991785910344
ins_opportunistic30 q2,-4.840276164958558e-06,-0.7602481390210671,0.7074322843342876,rejected,0.0,0.47929788004920815
ind_mom60 q3,-0.00033907309777275,-0.8774518086274264,-0.5665438212001742,rejected,0.044784648265621826,0.5710241524714814
overnight20 q1,0.00029471002903571595,0.3361408427445685,1.0856385313115247,rejected,0.04603013204572802,0.27763894561488284
days_to_earn q2,-0.00029464532123002756,-0.25923185174919006,-1.1286911764103993,rejected,0.05207371115816146,0.2590281327902189
news5 q2,7.694343822027e-05,1.3312328926847974,-0.04949327010834939,rejected,0.0,0.9605262003043783
ind_mom20 q1,-7.679710904914372e-06,-0.6444302999164917,0.7014461155293257,rejected,0.0,0.4830246511829641
r120 q4,4.0297535405335204e-05,0.7498000955612517,-0.5843069564897015,rejected,0.0,0.5590138127409042
r20 q0,0.0003042435936853844,-0.0018164575733319135,1.3305671840893651,rejected,0.0,0.18333146628717842
min20 q3,-0.0002486241379042832,-1.1597670220843816,0.17097629511172818,rejected,0.0,0.8642424048802926
dist_ma50 q1,-0.0002889609040089924,-0.6315431682740233,-0.680489281740143,rejected,0.04656211443837621,0.4961947061942456
atr_pct q1,0.000277593197219611,0.1915153237733912,1.116470189383323,rejected,0.047171867904510396,0.2642209236657276
ear_volsurge q4,0.00033175900289557044,0.9413162669069044,0.35927719449834694,rejected,0.034765828649235726,0.7193877331339799
ear q2,0.00025629031561213425,0.39495899912787275,0.8938349882896439,rejected,0.03381546912764575,0.37141018592513264
ev_red_flag q2,-4.2811867548425196e-05,-0.6019600957418703,-0.6820396978367231,rejected,0.04471334967974716,0.49521384930691076
overnight20 q3,-0.00024296328450939698,-0.017757233760843507,-1.2454889366030928,rejected,0.05039848939828804,0.21295207973933253
vol_surge1 q3,-0.00028562256748534466,-0.8971959200851012,-0.34039811586262136,rejected,0.03188987351427932,0.7335567373920693
days_to_earn q4,1.0331434449773174e-05,-0.5284995430930789,0.7051766287364585,rejected,0.0,0.4807003237420461
ins_opportunistic30 q4,1.4348905673680581e-05,0.6861050111055168,-0.5460284227676941,rejected,0.0,0.5850463997539459
ind_mom60 q0,-0.000287706990754297,-0.29111756706623626,-0.9284736196019405,rejected,0.037233824978275105,0.35316194576180443
vol_surge1 q4,-0.0002857306154017052,-0.3840477263210715,-0.8342511870695313,rejected,0.024223902489194808,0.4041394521283793
r20 q1,-0.00027214600287251166,-0.5233606413305444,-0.6890640753822795,rejected,0.04168901495161983,0.4907829460056564
log_dv q4,-0.0001799792321429483,-0.9881343998145768,0.22121325599147273,rejected,0.0,0.8249263881407686
vol_surge5 q0,-0.0002000712202291091,0.11783454733335418,-1.0867456951529553,rejected,0.0,0.2771492133077843
frog q2,0.00023307492489542525,1.1090878075015485,-0.07957054209907555,rejected,0.0,0.9365788249052203
skew60 q0,-3.0736927276376924e-05,-0.6689944866882288,0.5162965166536082,rejected,0.0,0.6056473287375881
max20 q3,-0.00010391791342384047,0.26112008584575563,-0.9202335505039307,rejected,0.0,0.3574507252461735
ear_volsurge q1,-0.00023027874973347235,-1.0334174379626209,0.14515771574299488,rejected,0.0,0.8845863502111037
days_since_earn q0,-1.110259682307176e-05,-0.5505249693557374,0.6186816685569488,rejected,0.0,0.5361260886301435
rel_ind60 q1,-0.00027113950917492184,-0.5814008795887341,-0.5839888395119407,rejected,0.039499970959899426,0.5592278207480607
rel_ind20 q3,0.0002508862060067073,0.21071543081566577,0.9504443172816543,rejected,0.04170793249157922,0.3418865346069884
vol_surge5 q3,0.0002475438504047233,0.08037106627950158,1.0806663683030682,rejected,0.04100612984883912,0.27984554848364496
ind_mom60 q2,0.00026756563923928216,0.3874764924762259,0.77299602914497,rejected,0.030497076758567006,0.43952473066769754
overnight20 q0,0.00011703839801171423,0.7869466729640593,-0.3676520878029373,rejected,0.0,0.7131326703818883
ev_red_flag q4,0.0001047952194432589,0.6348096047766602,0.5174847626696694,rejected,0.043281174771054115,0.6048178029475031
r1 q4,-0.0002580871797429019,-1.0720898796076483,0.06796284113735147,rejected,0.0,0.9458152143380109
skew60 q4,-0.00015978753188555415,0.17998882595366403,-0.9540335756791741,rejected,0.0,0.3400666470844759
r5_nonews q0,-5.688989141957265e-05,0.5075137808958223,-0.6208559860449586,rejected,0.0,0.5346943827692061
atr_pct q3,0.0002926477929376107,0.8324699990035528,0.2909859798986692,rejected,0.02055717087516654,0.771062042199467
overnight20 q4,-0.0002749355312128524,-0.697077494154687,-0.3997596830531101,rejected,0.03192895223305838,0.6893335283967867
r60 q3,0.00016860453675091356,-0.07798215049084198,1.0096881564235183,rejected,0.0,0.31264471851312936
r1 q2,0.0002160495251940598,0.17036355719375496,0.9092893366761493,rejected,0.028381894242787115,0.3631974178071013
rel_ind60 q3,0.00017579320099937872,-0.09025647436320498,0.9858445819054539,rejected,0.0,0.3242093848759397
dist_ma200 q2,-0.00022161359528453416,-0.8305501386321568,-0.2398005396973425,rejected,0.017293682745112886,0.8104848885592417
skew60 q3,-0.00020005263548986805,-0.9248765536140315,0.12795956486733628,rejected,0.0,0.8981809724768884
ear_volsurge q2,0.00022032897427110958,0.9097470554879761,0.1360031377874166,rejected,0.013363192926312583,0.8918188004195636
vol_surge5 q1,4.4313159920154167e-05,0.6061073287578671,-0.4377946073252233,rejected,0.0,0.6615351804979261
dist_52wh q0,-0.00018108730616695504,0.12191089449303547,-0.9193083478781282,rejected,0.0,0.35793431266890613
dist_52wh q4,0.00024217208535883534,0.4054830002716057,0.6306132094048345,rejected,0.0391338559295178,0.5282934597068084
max20 q4,-6.778334580680145e-05,0.3615044753305845,-0.6601722550880483,rejected,0.0,0.5091432947810443
vol20 q3,-0.00025143461688200704,-0.7353459717587518,-0.2786884357427403,rejected,0.020182014018043683,0.7804839379921096
ind_mom20 q3,0.00023961096723307444,0.6212002809464817,0.38437952110235357,rejected,0.031209642307337866,0.7006971766840863
r5_nonews q4,-0.00022372826941142397,-0.21489846365109938,-0.7379183563028895,rejected,0.023595317789182346,0.4605640635440944
skew60 q2,0.00022948309111425657,0.7390810686780926,0.20490964237498085,rejected,0.013026176125215541,0.8376427215425536
intraday20 q2,-0.00015846917029240163,0.05977901739666233,-0.8737974139854413,rejected,0.0,0.382228589008765
ind_mom60 q4,-7.383911248001091e-05,0.31289684562143244,-0.6056545108131759,rejected,0.0,0.544744196679527
intraday20 q0,9.56472333784511e-05,-0.24362451941671967,0.6685539490133935,rejected,0.0,0.5037800568752142
r20 q2,0.000162522189351402,-0.10753106522047787,0.78171974080107,rejected,0.0,0.434379297550576
days_to_earn q0,0.00018459516775613693,0.04739496497483676,0.828763938002399,rejected,0.020071523751712023,0.40723799790214826
dist_ma200 q0,-6.17552037566476e-06,0.4296059713226124,-0.4407457814563182,rejected,0.0,0.6593970490245227
frog q4,0.00019195124400178974,0.3089054219886619,0.5442645750016237,rejected,0.03882587949337818,0.5862594206506105
vol_ratio q3,-0.0001936267579757477,-0.4685013568512509,-0.38371118060352605,rejected,0.030900010917447797,0.7011925249031906
min20 q0,1.303239661410275e-05,0.45892425957629795,-0.36918561994960547,rejected,0.0,0.711989373598618
r60 q2,0.00018536630175846092,0.31398557921196985,0.5072714399194566,rejected,0.038743228291421405,0.6119643749585895
log_dv q0,0.00017887467345540633,0.1312296778812197,0.6588656431900238,rejected,0.03576224236476969,0.5099820498346957
days_since_earn q4,0.0002202887444725623,0.7526505054039597,0.02939690185802434,rejected,0.0,0.9765480436975034
min20 q2,-0.00018346673411649036,-0.497960562887025,-0.2527762360240473,rejected,0.016628318904704845,0.800441132367703
rel_ind20 q1,0.00015752264979467233,0.10362728473537008,0.6466261164237431,rejected,0.037437191800777245,0.5178739511732044
close_loc q4,0.00017003988532547965,0.39634053136093994,0.3522466357340868,rejected,0.027232363669361933,0.7246533050402427
ear_volsurge q0,0.00018306767775718515,0.37666483383955096,0.37050380712442565,rejected,0.025085142183585304,0.7110071404051523
close_loc q1,0.00016710059792393052,0.4734664488038789,0.2430249878779473,rejected,0.01652193926334628,0.8079860401062581
r5 q2,0.00010126191367174282,-0.07974722638075057,0.6364539443110083,rejected,0.0,0.5244805903071302
skew60 q1,0.00017656669065350446,0.5833594449681434,0.12770556616922654,rejected,0.013816231782380384,0.8983819849987145
max20 q2,0.00013663148594628786,0.6402125678576603,-0.05431086204978838,rejected,0.0,0.9566874956630993
r120 q3,0.00015028741316613225,0.3210863190808391,0.36869078134146016,rejected,0.026476687934383587,0.7123582208501487
vol20 q1,0.00015466356594685764,0.3328528676110033,0.3528865005317667,rejected,0.026311401416335263,0.7241735316252531
vol_surge1 q0,0.0001546184212359383,0.45717722492128315,0.19160918421981485,rejected,0.010301688664439122,0.8480483478512898
ind_mom20 q0,0.00015434519062562595,0.10460732672081334,0.5399446780351361,rejected,0.031961238927323984,0.5892351850199764
earn_in_week q2,2.0844576483537884e-05,0.4364932876219862,-0.19183692634787036,rejected,0.0,0.8478699450804067
vol_ratio q2,-8.243251286527245e-05,0.09614049617954391,-0.4881661823201473,rejected,0.0,0.625432136059635
gap_today q1,-9.93487172570038e-05,0.041455380970666464,-0.5410678097719883,rejected,0.0,0.5884608447779875
ind_mom20 q2,0.00013333191728113203,0.4013142229938729,0.17566242298029444,rejected,0.008051956105783548,0.8605591582975828
r60 q0,-0.0001460727125713762,-0.5493816152163048,-0.02563732739823747,rejected,0.0036150434024474517,0.979546612888243
r120 q1,-9.169979001704293e-05,-0.5006597140662875,0.06559410007166809,rejected,0.0,0.9477009864596617
r5 q4,-0.00012959557227131547,-0.5326060586875025,0.02493335456217038,rejected,0.0,0.980108122404956
vol_surge1 q2,0.00011018449035344414,0.02610135056586299,0.5023981530468881,rejected,0.03108629476154602,0.6153874779805487
r1 q0,-9.043766487484051e-06,0.23430378494536203,-0.2650078957478612,rejected,0.0,0.791003379292541
r5_news q0,-7.761778588663352e-05,-0.42581530926308747,0.06288305737586876,rejected,0.0,0.9498596263962046
dist_ma50 q0,9.60524363325989e-05,0.26917767360577904,0.142289188348278,rejected,0.010900435953341406,0.8868515860835411
vol20 q2,-1.1155525827306114e-05,0.14422007048294203,-0.2644647867895442,rejected,0.0,0.7914217951994365
close_loc q2,-8.22982233649543e-05,-0.30040486918315257,-0.07823712157867738,rejected,0.0024567242471271555,0.937639433752024
r5_nonews q3,-6.881022670958321e-05,0.03289217720798493,-0.3413752544539285,rejected,0.0,0.7328211015311835
vol_surge5 q4,6.4615685268866305e-06,0.1855882828700871,-0.16072668053528272,rejected,0.0,0.8723086746006596
r120 q0,-4.510478306331008e-05,0.05444762167341022,-0.249426650265988,rejected,0.0,0.8030307725125598
intraday20 q1,5.828220995973403e-05,0.08865830846745071,0.1713073596449009,rejected,0.006410478483663426,0.8639820938461956
earn_in_week q4,-2.551979055739566e-05,-0.056520621497341134,-0.14302462931758356,rejected,0.009064753866916733,0.8862707297766098
ev_shelf q2,-3.27328408363326e-08,0.08374361287037423,-0.09467141862407281,rejected,0.0,0.9245758206203314
r1 q3,9.213886161415936e-06,-0.017700668995623822,0.06069442055592855,rejected,0.0,0.9516025752420537
news5 q1 & rel_ind60 q4,-0.00021319748122942384,2.2008210647172164,-2.6021941638317725,rejected,0.0,0.009262939274974756
log_dv q1 & r5 q1,0.0010810502506534007,2.484455832822795,2.2026048567526515,rejected,0.1430935287935824,0.027622611310538066
days_since_earn q1 & mom_12_1 q3,-8.315182799288815e-05,-2.283871555022482,2.1980663161856264,rejected,0.0,0.02794438046478379
ins_buyers30 q2 & mom_12_1 q3,2.3857720862794518e-05,-2.0949126143792327,2.3814935755484297,rejected,0.0,0.017242591525714036
ins_value30 q2 & mom_12_1 q3,2.3857720862794518e-05,-2.0949126143792327,2.3814935755484297,rejected,0.0,0.017242591525714036
news5 q1 & range_compress q4,0.00014290206346114203,-1.7237702621074424,2.7521986841042816,rejected,0.0,0.005919659406821585
min20 q1 & range_compress q1,-7.544094850337649e-05,2.0598646079618512,-2.3258166573641037,rejected,0.0,0.0200283336271548
ins_officer30 q2 & mom_12_1 q3,7.441175096382067e-05,-1.8715818220603289,2.4002768084163155,rejected,0.0,0.016382677977749827
ear q1 & ear_volsurge q3,-0.0010017632279630676,-2.6781589269411845,-1.5921521436775319,rejected,0.10110570438872293,0.11135052317852609
mom_12_1 q3 & overnight20 q2,3.533013153269446e-05,-2.2287121406776778,1.9998810003717697,rejected,0.0,0.045513115235457736
dist_52wh q2 & vol20 q0,-0.00014400840145282443,-2.03368963778947,2.1398662898789405,rejected,0.0,0.032365574088284624
days_to_earn q4 & intraday20 q3,-2.0747082142059247e-05,-2.0975095062646973,2.075758494989977,rejected,0.0,0.037916292842629665
news5 q1 & range_compress q1,-0.00012721335928582976,1.292345921379568,-2.8547219491568,rejected,0.0,0.004307452222366229
ear q1 & ins_officer30 q2,-0.0009217289728366778,-2.2118364687429497,-1.8669344699401789,rejected,0.16079840275414733,0.06191073950243928
ear q1 & r5_news q2,-0.0009462519938930969,-2.1242381215299275,-1.9408875440298547,rejected,0.17499231880894234,0.05227191917753597
intraday20 q4 & overnight20 q3,-2.3451483326052954e-05,1.7163694898909596,-2.345060745616951,rejected,0.0,0.019023979854081545
days_since_earn q3 & vol20 q0,0.0004744017115413995,-0.9449171867777187,3.112616639687304,rejected,0.0,0.0018543672136633437
ear q1 & rel_ind60 q4,-0.0005017276651696392,-1.7322270512647195,-2.3190853756555043,rejected,0.09846735087077259,0.020390407562386186
dist_ma200 q3 & news5 q1,0.0008059070199361748,3.1185797736416974,0.9116765320710745,rejected,0.05249379128939839,0.3619390213947339
mom_12_1 q0 & rel_ind20 q4,-0.0006509061557293266,-0.33094237293081874,-3.6943354251278184,rejected,0.14927690533796137,0.00022046262564999122
mom_12_1 q3 & r1 q4,-2.566500350890465e-05,-1.9313870350788755,2.090279312388408,rejected,0.0,0.03659271652100297
range_compress q1 & rel_ind60 q2,-5.30776861991165e-06,1.806672937817606,-2.213949540452222,rejected,0.0,0.026832250266512158
gap_today q3 & r20 q4,-0.00033666273267467543,1.1475251981009993,-2.8527434297119716,rejected,0.0,0.0043343600913206826
news5 q1 & r60 q4,-0.00021596594533040305,1.4276189389674916,-2.537178719399405,rejected,0.0,0.011174988865708616
days_to_earn q1 & range_compress q0,-0.0003282800142207163,0.9029979689115799,-3.030976280365347,rejected,0.0,0.00243764396645681
gap_today q0 & range_compress q4,0.0003636065790796266,-0.6851908372204123,3.214861699652987,rejected,0.0,0.0013050738263262179
ear q1 & log_dv q3,-0.0008863437272778704,-1.939741136639206,-1.956057260550011,rejected,0.15736647255029496,0.050458409137217705
ear q1 & ins_buyers30 q2,-0.0008678151621040541,-2.034042179977521,-1.8490351167768502,rejected,0.1621547321936372,0.06445274214084445
ear q1 & ins_value30 q2,-0.0008678151621040541,-2.034042179977521,-1.8490351167768502,rejected,0.1621547321936372,0.06445274214084445
ins_buyers30 q2 & r5 q1,0.0008474440984554206,1.5024716158526266,2.356235918620604,rejected,0.04646320019597155,0.018461188869701117
ins_value30 q2 & r5 q1,0.0008474440984554206,1.5024716158526266,2.356235918620604,rejected,0.04646320019597155,0.018461188869701117
ind_mom60 q1 & log_dv q1,0.000794112801292925,1.5720503627702678,2.2751426634135337,rejected,0.10190439906369722,0.02289737306915681
ind_mom60 q1 & max20 q0,0.0008400422334265858,1.1137933572609349,2.726972632556081,rejected,0.0,0.006391834021739437
days_to_earn q1 & r60 q4,0.00021496576450270947,2.0741681369902105,-1.7585863687261154,rejected,0.0,0.07864778994078757
intraday20 q4 & range_compress q1,0.00010609798295482162,2.0195652177783767,-1.8130791325951345,rejected,0.0,0.06981961715540887
days_to_earn q1 & dist_ma50 q2,-1.5153804592764498e-05,-1.7302151693759,2.089703791470576,rejected,0.0,0.036644416218222224
ind_mom60 q3 & r60 q1,-0.0008012459115787488,-2.426587277100256,-1.3842428369646713,rejected,0.13042698163499503,0.16628411074485916
days_to_earn q3 & mom_12_1 q3,0.00016202225205897165,-1.337620915732565,2.460673992356263,rejected,0.0,0.013867631232661787
ear q3 & mom_12_1 q3,0.000499456183244698,-0.5990640083337558,3.1701207954675086,rejected,0.0,0.0015237557739847432
ind_mom60 q1 & range_compress q4,0.0008008782710270801,0.8480127343944422,2.914779311134238,rejected,0.0,0.0035594014293706933
ear q1 & range_compress q0,-0.00045173167180124417,-1.2269336600188143,-2.5330480916226805,rejected,0.0,0.01130754380483736
dist_ma50 q1 & ear_volsurge q3,-0.0008209427560790742,-2.78567850024577,-0.9541331265726668,rejected,0.06980859722650608,0.3400162597354259
r20 q4 & range_compress q0,-0.0006431885630940275,-1.0857332581714298,-2.62744358872547,rejected,0.0,0.008602910469917345
mom_12_1 q0 & r20 q4,-0.0006103737379557794,-0.3194306016153187,-3.3826896362296597,rejected,0.0,0.0007177970159660594
dist_ma50 q4 & news5 q1,-0.0002983511776249211,1.0620487792714022,-2.629654016366715,rejected,0.0,0.008547180574481523
intraday20 q3 & r5 q1,0.0008926329778184325,2.489062889017507,1.1791710341117174,rejected,0.10312154915965138,0.2383300776636807
r5_news q2 & range_compress q4,0.00019130653266855716,-1.2429321401664832,2.4244393084077673,rejected,0.0,0.015332045835806959
mom_12_1 q3 & r5_news q2,8.36355997464648e-05,-1.5070404830110846,2.1530233443427136,rejected,0.0,0.031316843924213016
intraday20 q4 & r5_news q2,-0.00011800341741318652,1.3286530881915144,-2.3298827344268136,rejected,0.0,0.019812349799043026
intraday20 q4 & news5 q1,-0.0004247904199416778,0.5817860697859428,-3.0396357709523985,rejected,0.0,0.0023686441289279994
days_since_earn q1 & range_compress q4,0.00043268842544470743,-0.6396656253415403,2.973758188272811,rejected,0.0,0.002941768021079514
ins_officer30 q2 & range_compress q4,0.00025291072867847673,-1.1381303287803481,2.472813592562294,rejected,0.0,0.013405404500420676
log_dv q3 & range_compress q0,-0.0005351026504427188,-0.8826036527677745,-2.7188076841111246,rejected,0.0,0.006551768904274993
r5 q1 & range_compress q2,0.0008257765101997534,1.418728021267184,2.1651337642795476,rejected,0.13377012844822186,0.0303774429281284
days_since_earn q0 & ear_volsurge q3,-0.00040683028330495833,-2.907958455846575,0.6726665724767436,rejected,0.0,0.5011594384350899
gap_today q3 & range_compress q1,-0.0002159582737684215,1.0507753930364696,-2.5272279590085462,rejected,0.0,0.01149668529951477
min20 q1 & range_compress q4,-8.554999764991117e-05,-1.8303317695121375,1.733655216447194,rejected,0.0,0.08297927700070333
dist_ma50 q3 & r5_nonews q2,0.00022253413255519515,-1.099218794280504,2.461332130218374,rejected,0.0,0.013842215836689225
frog q1 & vol20 q0,-0.00016029408883685035,-2.008721299881953,1.5487262453061978,rejected,0.0,0.12144754197443611
range_compress q0 & rel_ind60 q4,-0.00026545154604242356,1.053260963426723,-2.4961338213455853,rejected,0.0,0.012555522512843656
days_since_earn q2 & ind_mom60 q1,0.0007670574971058602,0.9710393854673033,2.5696744479068685,rejected,0.0,0.010179412566423577
news5 q1 & r5 q1,0.0006932029438085714,1.1053670648600034,2.424141834892467,rejected,0.0,0.015344611166311877
frog q1 & r20 q0,0.0006991972819204758,1.3636653383695454,2.162455224518329,rejected,0.14527250303090256,0.030583104816312722
ear q3 & ind_mom60 q1,0.0007924165420660113,1.3597226010983159,2.1617023211654844,rejected,0.1485266746170626,0.030641128617649605
mom_12_1 q3 & range_compress q3,-0.00010770479216225155,-1.935099761657673,1.58164300430146,rejected,0.0,0.11373109084375704
ear q1 & mom_12_1 q0,-0.0005808854152297314,-1.1812633058501147,-2.331157618727862,rejected,0.05909388340317198,0.01974504998255067
overnight20 q3 & r20 q4,-0.0001823836310564683,1.1285493663626422,-2.3749622294091566,rejected,0.0,0.01755074602950269
gap_today q0 & r5_nonews q2,0.000474758428403184,0.6715942436434055,2.8246841168517722,rejected,0.0,0.004732724863105654
ear q3 & range_compress q4,0.0003932019054011747,-0.557848970616491,2.9297176566259946,rejected,0.0,0.0033927011680964943
days_since_earn q2 & range_compress q0,-0.0005356195513222684,0.017542966810756636,-3.4665619049598737,rejected,0.0,0.000527160328241589
r1 q2 & skew60 q2,0.0007607739471953338,0.8410339211511313,2.6392162619531927,rejected,0.0,0.008309795193674025
ear q4 & log_dv q3,-0.0006939965587329206,-1.7149002448485808,-1.7647714090860147,rejected,0.13938135620452685,0.07760219161963568
ind_mom60 q1 & r20 q0,0.00020596157691957765,-1.1411357930610422,2.3371630620297594,rejected,0.0,0.019430707016463565
r5 q2 & r60 q1,-0.00022725924257415738,-2.1073187153665933,1.3704345818182464,rejected,0.0,0.17055128322848245
overnight20 q2 & range_compress q2,0.0008253790242219164,1.8027714073693346,1.665402673231999,rejected,0.0986089231341436,0.0958324464529606
dist_ma50 q2 & frog q1,4.394199939223234e-05,-1.522745902508923,1.9352741247088028,rejected,0.0,0.05295666583259212
ins_officer30 q2 & r5 q1,0.0007516786670908584,1.137661996963304,2.309428377757562,rejected,0.10533393774290103,0.020919821824317973
gap_today q4 & range_compress q0,-0.0005578456075225462,-1.4140597454896238,-2.026268692077392,rejected,0.16363882166243945,0.042737257722298985
log_dv q1 & vol20 q0,0.00034907922452336244,-0.5588033169969502,2.8786393575552247,rejected,0.0,0.003993947774408972
ear q4 & rel_ind60 q4,8.6702309647794e-05,1.6055090576462059,-1.820843688875821,rejected,0.0,0.06863062103385967
dist_ma50 q3 & intraday20 q3,3.036834759645137e-05,-1.632024467872161,1.778566608333119,rejected,0.0,0.07531084263694167
atr_pct q0 & ear q3,0.00019329874733766122,-1.0741370554940561,2.328894873647915,rejected,0.0,0.01986463558227081
ear q3 & min20 q4,0.0007904144423031937,0.8980236503427823,2.4951797777051445,rejected,0.0,0.012589332858164146
ins_buyers30 q2 & range_compress q4,0.0002784995108587289,-0.9803840928578216,2.411100790753212,rejected,0.0,0.015904452536947576
ins_value30 q2 & range_compress q4,0.0002784995108587289,-0.9803840928578216,2.411100790753212,rejected,0.0,0.015904452536947576
r5_news q4 & rel_ind20 q4,-0.0001138657032141782,-1.7820480447478486,1.6046723666149099,rejected,0.0,0.10856592632506935
days_to_earn q3 & rel_ind60 q4,-0.00020998653445425684,1.058328929560486,-2.326009454793344,rejected,0.0,0.020018046298293825
intraday20 q3 & mom_12_1 q3,-0.0004954802247617505,-2.7123760532664103,0.6682104803450943,rejected,0.0,0.50399924648352
days_since_earn q1 & ind_mom20 q4,-0.0006804792821501514,-1.9139705517788184,-1.4661363539545984,rejected,0.10894101382777396,0.14261114350673076
frog q0 & range_compress q4,-5.801153758206569e-06,-1.6874875697554927,1.691545426044393,rejected,0.0,0.09073267951569376
ear q3 & vol20 q0,0.00042793384146781825,-0.7118967216112475,2.6599290185981572,rejected,0.0,0.007815712092883268
r5 q1 & r5_news q2,0.0007558290411844804,1.3087902636865625,2.058164969040219,rejected,0.15503285619085366,0.03957430010991117
frog q0 & range_compress q0,-0.0003412924516808579,0.37162698509493286,-2.993375542497335,rejected,0.0,0.002759100148856943
days_to_earn q1 & min20 q1,-0.000134254577977662,1.0717077628072902,-2.2828969215301194,rejected,0.0,0.022436440872563218
dist_52wh q2 & range_compress q4,-0.0004059335249554662,-2.2463342418074745,1.0987735635344462,rejected,0.0,0.27186684607856776
days_since_earn q1 & intraday20 q4,-0.0006435540372999782,-0.1594934651317523,-3.1846449381636743,rejected,0.0,0.0014493171304317582
dist_ma50 q4 & mom_12_1 q0,-6.577682744049977e-05,1.272981651881529,-2.0644051674745887,rejected,0.0,0.03897931694337511
ins_buyers30 q2 & range_compress q2,0.0007021192497235452,0.9825914851966863,2.353348757580793,rejected,0.05107769931516031,0.01860517481709676
ins_value30 q2 & range_compress q2,0.0007021192497235452,0.9825914851966863,2.353348757580793,rejected,0.05107769931516031,0.01860517481709676
ear_volsurge q3 & log_dv q2,-0.00033212876403332413,0.7823382014730641,-2.5500917368534686,rejected,0.0,0.010769457690664565
r5_news q2 & rel_ind60 q4,-5.4436242930416335e-05,1.4414835423843508,-1.8856060685797873,rejected,0.0,0.059348059014395584
dist_ma200 q1 & ind_mom60 q1,0.0007944447872202953,1.73112644294461,1.5924754411880673,rejected,0.0954579756661701,0.11127791699928018
dist_52wh q2 & news5 q1,0.00015606695467044755,-1.3441005422774102,1.9726246963321614,rejected,0.0,0.04853833716874977
dist_52wh q2 & min20 q4,0.000755608342470846,0.5128656397682492,2.776232930033369,rejected,0.0001722005801824517,0.005499279448186021
ind_mom20 q4 & rel_ind20 q4,-0.0005294079488004422,-1.2424891930451334,-2.039390513206777,rejected,0.15021772367896388,0.04141106847444419
gap_today q0 & ins_officer30 q2,0.0007809669622555399,1.264146519424432,2.010493593885904,rejected,0.16102503515139446,0.04437897355279041
news5 q1 & rel_ind20 q4,-0.00024255575793563904,0.8076907745287729,-2.4616127111361856,rejected,0.0,0.013831393117151
min20 q1 & r5_news q4,2.512131658639265e-05,-1.5022358255491568,1.7632661677612924,rejected,0.0,0.07785560858504402
atr_pct q0 & ind_mom60 q1,0.0007468671471274708,0.5979445756974006,2.665939481190267,rejected,0.0,0.007677351204981281
days_to_earn q3 & range_compress q4,0.0005151273695882687,-0.3508152675544453,2.8948064754488936,rejected,0.0,0.003793923524556099
days_to_earn q1 & gap_today q3,-0.0003498735921853475,0.4378027130523975,-2.799188057783618,rejected,0.0,0.005123129060259532
dist_ma200 q3 & ear q3,0.0007573403600727435,0.39403832569542346,2.8319887378234525,rejected,0.0,0.004625947796393409
days_since_earn q1 & rel_ind20 q4,-0.00020626602544684638,1.1109600487079394,-2.114532805488615,rejected,0.0,0.034469785899025614
vol20 q3 & vol_ratio q4,-0.00022167393007106333,-1.9988738706300249,1.2180197806123636,rejected,0.0,0.22321645597232873
dist_52wh q2 & mom_12_1 q3,-9.178229386565488e-05,-1.8446567817825028,1.366597788202725,rejected,0.0,0.17175141088342
ind_mom20 q3 & range_compress q4,0.0007131785444860489,0.5048263531629348,2.701977787850401,rejected,0.0,0.006892836700756436
dist_52wh q2 & ins_buyers30 q2,-1.1760578285226877e-05,-1.466205222532108,1.735429360945128,rejected,0.0,0.08266478329952896
dist_52wh q2 & ins_value30 q2,-1.1760578285226877e-05,-1.466205222532108,1.735429360945128,rejected,0.0,0.08266478329952896
dist_52wh q2 & range_compress q2,0.0006458703832142056,1.1119626350206162,2.0732371941078087,rejected,0.14760127167285095,0.038150210494712705
dist_ma50 q2 & news5 q1,-8.907779632153344e-05,-1.8866178830149805,1.296055714153059,rejected,0.0,0.19495629087098637
overnight20 q2 & range_compress q4,1.6423137405460228e-05,-1.4259244101193222,1.7567051995550802,rejected,0.0,0.07896807082251273
frog q0 & intraday20 q4,1.2460061001349167e-05,1.5656973285901299,-1.6156169704508603,rejected,0.0,0.1061771524688585
days_to_earn q1 & dist_ma50 q4,8.724703017833422e-05,1.6742516720853102,-1.4942404731185897,rejected,0.0,0.13511277754809198
ins_buyers30 q2 & intraday20 q3,0.00018236716089604246,-1.2440574301384986,1.921329573973909,rejected,0.0,0.05469017099451675
ins_value30 q2 & intraday20 q3,0.00018236716089604246,-1.2440574301384986,1.921329573973909,rejected,0.0,0.05469017099451675
ins_opportunistic30 q2 & range_compress q2,0.0006703059887893762,0.966353809194659,2.195026217693868,rejected,0.12979786178086003,0.02816171712075116
dist_52wh q2 & ear q3,-1.7473457591658504e-06,-1.3142760595087002,1.8459568981800576,rejected,0.0,0.06489846402628868
frog q1 & log_dv q1,0.0006595483313212987,1.1573152341175004,2.0008058850320145,rejected,0.1624084064304092,0.04541331297349069
min20 q1 & r5_news q2,-0.0002856283811820361,0.9063290783399686,-2.2445182218606874,rejected,0.0,0.024799077849886723
mom_12_1 q3 & range_compress q4,0.00018073354970853868,-1.2811013644081226,1.8679599877618946,rejected,0.0,0.06176764831005308
dist_ma50 q4 & mom_12_1 q3,-1.4464944960572127e-05,-1.5742334551727215,1.5720219484516027,rejected,0.0,0.11594546112404097
min20 q4 & range_compress q2,0.0007476139593780085,1.7058688495902077,1.4349797877924808,rejected,0.12227032158099768,0.15129285736695763
r5_news q2 & range_compress q1,-8.408708413712906e-05,1.1498270433115554,-1.9843335847167667,rejected,0.0,0.04721866455631034
ind_mom20 q4 & r5 q4,-0.0005774644130814439,-1.5785202327171604,-1.5475239882347749,rejected,0.09441157829431318,0.1217369446342229
r20 q4 & r5_news q2,-0.0006667506775405099,0.12217545976279154,-2.999184257693435,rejected,0.0,0.0027070354094981043
intraday20 q3 & range_compress q3,0.0003017142444654586,-0.9099822553614645,2.204758440830354,rejected,0.0,0.02747104977251784
ear q1 & intraday20 q4,-0.0006450993753012333,-0.5531433470728869,-2.5613244446151935,rejected,0.0,0.010427392634085077
ear q4 & r60 q4,1.244716214982849e-05,1.30485280937351,-1.8051944567891582,rejected,0.0,0.07104425806798267
gap_today q3 & rel_ind60 q4,-0.0001767774672678121,1.0036398429685252,-2.1056206807540847,rejected,0.0,0.03523731477345827
r5_nonews q2 & vol20 q0,0.00027872920698660393,-0.8908240617729388,2.217884626803049,rejected,0.0,0.026562699966625414
mom_12_1 q3 & r5_nonews q2,4.998957093009024e-05,-1.2846325580576332,1.8152380610785956,rejected,0.0,0.06948733293435295
dist_52wh q3 & r20 q3,0.0007358673506053373,1.327721998108171,1.7683810416411248,rejected,0.13281950296939835,0.07699722379175102
range_compress q4 & skew60 q0,0.0006907923679559303,-0.09254012675780675,2.9983846445471296,rejected,0.0,0.002714148827157204
mom_12_1 q3 & r5_news q4,-0.0002201724986875321,-2.1096740952858744,0.9810715567600728,rejected,0.0,0.32655745563032557
days_to_earn q3 & intraday20 q4,-0.0006162451420161458,-0.2654178448545599,-2.81958709648684,rejected,0.0,0.004808547955922744
min20 q4 & news5 q1,0.0005135186690248008,2.071130530722223,0.9945579814951895,rejected,0.06088254645652207,0.31995129224823415
min20 q4 & r5_news q2,0.0007123753975125031,0.901640698298531,2.1626785700232958,rejected,0.1267792551038574,0.03056591046729258
atr_pct q2 & rel_ind20 q0,-0.0006779642325069176,-1.590610447515076,-1.466419437918294,rejected,0.10428874815286385,0.14253405403157232
max20 q2 & vol20 q0,-0.00024953809656264037,-1.9758200454936587,1.0803535044156585,rejected,0.0,0.27998479223694633
frog q1 & r5_news q4,0.00042569782023382064,0.7234269643746799,2.3260735932646392,rejected,0.0632840238438076,0.020014625005729456
ins_officer30 q2 & r5_news q4,7.712363166222158e-05,-1.1732849803310843,1.8736696430255608,rejected,0.0,0.06097597253499877
ins_officer30 q2 & range_compress q1,-0.00019048130634305367,0.8775211644117641,-2.1638065200391683,rejected,0.0,0.030479201543390184
r5_news q2 & vol20 q0,0.00020459260977305586,-0.9909755315817569,2.0503151273246267,rejected,0.0,0.040333689346093424
range_compress q4 & vol20 q0,4.060483660830339e-05,-1.3666906497034554,1.6673256825192577,rejected,0.0,0.09544966251107019
ear q1 & max20 q0,-0.0002101133313739099,-1.7851974824801409,1.2459815555082827,rejected,0.0,0.2127711667190873
log_dv q1 & max20 q0,0.0005781975794108476,0.4461028194795516,2.5818329060180365,rejected,0.0,0.009827715500171568
ins_officer30 q2 & range_compress q2,0.000649259989103605,0.9894885479495016,2.035136450955912,rejected,0.14023765581763062,0.04183714518609444
days_to_earn q1 & rel_ind60 q4,0.00017685260512946807,1.6726649590431613,-1.347547349246352,rejected,0.0,0.1778040145601908
range_compress q4 & rel_ind60 q3,0.00036147423178827074,-0.7395578217579533,2.2716651232695546,rejected,0.0,0.023106744233793296
days_to_earn q3 & r20 q4,-0.0005976964894622961,-0.10357147039440005,-2.90207588675761,rejected,0.0,0.0037069872916578993
r5 q1 & range_compress q4,0.00023439629248100382,-0.8489536989607354,2.1546416296690034,rejected,0.0,0.031189888722664528
ind_mom60 q1 & ins_buyers30 q2,0.0006877174520798052,0.7516712509711001,2.247766120444601,rejected,0.07457065361905564,0.024591107280687436
ind_mom60 q1 & ins_value30 q2,0.0006877174520798052,0.7516712509711001,2.247766120444601,rejected,0.07457065361905564,0.024591107280687436
range_compress q0 & rel_ind20 q4,-0.0005187336990657388,-0.4162352258215795,-2.5824542999090325,rejected,0.0,0.009810035375455642
dist_ma50 q3 & vol20 q0,0.00018191782654235471,-1.1212147860338104,1.8748038159554339,rejected,0.0,0.06081971803454767
r20 q4 & rel_ind20 q4,-0.0006980072201479168,-0.6236341806749284,-2.3715545501751265,rejected,0.02497747190375343,0.017713431703448197
gap_today q0 & ins_buyers30 q2,0.0007110590205266732,1.0025971815178065,1.99193981150179,rejected,0.16628807659433165,0.046377662164009834
gap_today q0 & ins_value30 q2,0.0007110590205266732,1.0025971815178065,1.99193981150179,rejected,0.16628807659433165,0.046377662164009834
dist_52wh q2 & gap_today q0,9.631695914211978e-05,-1.0823214267732626,1.911875234633161,rejected,0.0,0.05589219888754726
r5_news q2 & range_compress q2,0.0006798825529571763,1.1037885822327747,1.8901591596114933,rejected,0.13763725239438576,0.05873667692856688
days_since_earn q1 & r20 q4,-0.0006014510202067931,-0.32465242355213203,-2.6406520928626045,rejected,0.0,0.008274664264301632
dist_ma50 q4 & gap_today q3,-0.00023697948968874223,0.8643258005568735,-2.0749402425933883,rejected,0.0,0.037992073424247076
intraday20 q4 & rel_ind20 q4,-0.0006766089447133722,-0.7196469447600361,-2.216461079137375,rejected,0.09448270675420327,0.026659940597673917
gap_today q3 & rel_ind20 q4,-0.00029787006668043943,0.9152511251961745,-2.016634664186741,rejected,0.0,0.043733652778175314
close_loc q4 & days_since_earn q3,-0.0006449851437245856,-0.6495731421156218,-2.2821957235194663,rejected,0.07337456200306287,0.022477787472528956
days_since_earn q1 & news5 q1,-0.00029270873175924,-2.1675486930373955,0.7570287117206456,rejected,0.0,0.44903266126485225
ear q1 & vol20 q0,-0.00020437957673720606,-1.8770209988567337,1.0451606309419208,rejected,0.0,0.29594873556758544
ind_mom60 q1 & min20 q4,0.0006958359617911978,1.8234814721192385,1.095584555614103,rejected,0.08136014208719723,0.2732606235423662
dist_ma200 q3 & dist_ma50 q3,0.000668388951211634,0.7584585620554946,2.1545004041706317,rejected,0.13093510688831198,0.031200950308925366
r20 q0 & r5 q1,0.0002672998447590016,-0.6604348555735932,2.248422555947163,rejected,0.0,0.024549258231047262
r20 q4 & range_compress q1,-1.730106146513262e-05,1.368708410974365,-1.539242136883346,rejected,0.0,0.1237451942297869
ind_mom20 q4 & range_compress q1,-7.794190574133997e-05,1.0234678253419667,-1.8799887731239435,rejected,0.0,0.06010960801728833
ins_buyers30 q2 & range_compress q1,-0.0001807896333555508,0.8696432827957672,-2.0240867865204395,rejected,0.0,0.04296122292782969
ins_value30 q2 & range_compress q1,-0.0001807896333555508,0.8696432827957672,-2.0240867865204395,rejected,0.0,0.04296122292782969
days_since_earn q3 & min20 q4,0.000673867532141557,1.5907376451827488,1.3012254051538925,rejected,0.11619665673065711,0.19318131171598243
ind_mom60 q1 & range_compress q3,0.00068078234156088,1.138000204730497,1.7523196079613619,rejected,0.12333657661395259,0.07971886626477198
ear_volsurge q3 & range_compress q0,-0.0004240161402249122,-0.9002544416143186,-1.9892073087827866,rejected,0.16031148720170618,0.04667832552441992
ins_buyers30 q2 & r5_news q4,0.00013728207831389833,-0.9968362326422431,1.8828598912541832,rejected,0.0,0.05971935800686182
ins_value30 q2 & r5_news q4,0.00013728207831389833,-0.9968362326422431,1.8828598912541832,rejected,0.0,0.05971935800686182
close_loc q3 & frog q3,-0.0006755143819445986,-2.4759666674292378,-0.3998077332145803,rejected,0.04117532459929221,0.6892981344561688
mom_12_1 q0 & range_compress q0,-0.00029037122671885315,0.5349560581450483,-2.333352224005272,rejected,0.0,0.01962966658091556
news5 q1 & r20 q4,-0.00034065543023639435,0.29583244758268146,-2.5598407579324296,rejected,0.0,0.010472013553724421
r5 q0 & rel_ind60 q4,-0.00015068786097424105,0.8201120866241824,-2.0334275836113704,rejected,0.0,0.04200934291870286
frog q0 & mom_12_1 q0,-0.0005157335535923855,-0.1575486793517615,-2.691926098136606,rejected,0.0,0.0071040685192995025
max20 q2 & vol_ratio q0,8.444470709419649e-05,1.472036201990643,-1.3768592559707853,rejected,0.0,0.1685557662422501
mom_12_1 q3 & rel_ind20 q4,1.2971807274761319e-05,-1.4170779934912061,1.4287379049705917,rejected,0.0,0.15307957881188708
min20 q4 & mom_12_1 q2,0.0002640983866195849,-0.8384094764474856,2.0060545959247005,rejected,0.0,0.0448504233694741
r5_news q2 & rel_ind20 q4,-0.00047451037295395454,0.32549200740096845,-2.5180625663495095,rejected,0.0,0.011800235761432012
days_since_earn q3 & days_to_earn q1,-0.0002888066049777187,0.6191905443126365,-2.2220862834730983,rejected,0.0,0.026277475064825806
r5_news q2 & range_compress q0,-0.0005070599301703351,0.334885574195285,-2.500854659229481,rejected,0.0,0.012389401193355883
r60 q4 & range_compress q0,-0.00014546388540482034,0.9972314472582575,-1.837944333139825,rejected,0.0,0.06607060849740486
max20 q0 & range_compress q4,5.1610070352582174e-05,-1.0740760365073891,1.7598448575250718,rejected,0.0,0.07843411499548085
days_since_earn q3 & vol_ratio q3,-0.0006352424849161677,-0.9685266516364751,-1.8584709688425962,rejected,0.12655307018608924,0.06310216231917737
ind_mom60 q1 & ins_officer30 q2,0.0006265597759581129,0.5115729436595365,2.309150076626645,rejected,0.08721663166415235,0.020935254761848286
gap_today q3 & intraday20 q4,-0.0003197068346433277,0.524232384573161,-2.2895511777424615,rejected,0.0,0.022047347944802634
ind_mom60 q1 & r60 q0,0.00036642035717431823,-0.3632998724188202,2.445009895619339,rejected,0.0,0.01448481675983014
mom_12_1 q3 & r20 q4,8.087791998300237e-06,-1.4191745116661187,1.3838889687841238,rejected,0.0,0.16639245502248903
ind_mom20 q4 & r20 q4,-0.0005841657848532332,-0.6723324068847125,-2.129424377997194,rejected,0.12741472326763503,0.033219165321713845
days_to_earn q3 & dist_ma200 q0,0.0003954687286297694,0.4917152047770964,2.309774497270741,rejected,0.07662780042654294,0.0209006419139137
ins_officer30 q2 & intraday20 q3,0.0002577834145856639,-0.8662236607057552,1.9346397057497946,rejected,0.0,0.05303452402424553
ear q4 & gap_today q3,-0.0005172692105803843,-0.3841145493439282,-2.410515403667271,rejected,0.0,0.015929998624837165
dist_ma50 q4 & range_compress q1,0.00029152620637656646,1.9298257427668408,-0.8521003578477784,rejected,0.0,0.3941583933899758
mom_12_1 q0 & r5 q0,-0.00016599570316484704,0.8065304432876043,-1.973459818802499,rejected,0.0,0.04844319814388192
days_to_earn q2 & ind_mom20 q4,-0.0005843521902852838,-0.46053148546124373,-2.3186611590238604,rejected,0.07290500310267592,0.020413416122225716
min20 q4 & rel_ind60 q2,0.0006537342567265224,0.8574444549808998,1.9195715464726042,rejected,0.14517389862823266,0.05491204097527428
range_compress q3 & vol20 q0,7.223712276137881e-05,-1.1659000391226666,1.61000345059739,rejected,0.0,0.10739710300003132
frog q0 & mom_12_1 q3,5.323531693508532e-05,-1.1516235392541032,1.6237673340293857,rejected,0.0,0.10442547419190806
dist_ma200 q1 & vol_surge5 q3,-0.0003136136493562412,-2.001055117707565,0.7656056942470356,rejected,0.0,0.4439109552902287
ear q3 & r5_news q4,0.0005147019197752801,0.2706970407931402,2.4895958708172112,rejected,0.0,0.012788842158772566
mom_12_1 q0 & news5 q1,-0.00041790269014648174,-0.527989572265396,-2.2313166178196493,rejected,0.07242091056062282,0.025660163678694104
ear q1 & r60 q4,-0.000351576396251326,-0.20598715648585889,-2.5514979551031387,rejected,0.0,0.010726095355297978
mom_12_1 q2 & r5 q1,0.000651590168999073,1.408169878966372,1.3294491536060902,rejected,0.12056600473817577,0.1836998303469668
intraday20 q3 & vol_ratio q1,0.00019259659754167557,-0.8464732526376684,1.8765801042446832,rejected,0.0,0.06057566634403217
frog q3 & r1 q4,-0.000598211782083873,-2.6121026796305857,-0.11005064120777686,rejected,0.014525807282476072,0.9123692129067505
dist_ma50 q2 & range_compress q0,-0.0002897829379834052,-1.255800360311627,-1.4651052583830244,rejected,0.10107353705157332,0.14289220225108681
log_dv q2 & news5 q1,-0.00047952629872213804,-0.17684987244960576,-2.5414675052689644,rejected,0.0,0.01103882067116629
dist_ma50 q3 & range_compress q2,0.0006788447306056569,1.619380558115739,1.0945742898869877,rejected,0.08199517465312486,0.2737031843423693
ear q1 & range_compress q4,-0.0005680343346163871,-2.3348573191955047,0.3748483081814401,rejected,0.0,0.7077732846137419
dist_ma50 q4 & ear q1,-0.0003453357087968076,-0.696772778902558,-2.0018573369215584,rejected,0.13807204752954036,0.04530007722478242
intraday20 q3 & min20 q4,0.000352385777828925,-0.624245712991223,2.0741889934531694,rejected,0.0,0.03806176203421029
frog q1 & r20 q4,-7.279980117303719e-05,1.295741879869403,-1.400845369706799,rejected,0.0,0.16126031811495248
ins_buyers30 q2 & vol20 q0,0.00020605079892215423,-0.8495212787333289,1.8466370191176797,rejected,0.0,0.06479976519593741
ins_value30 q2 & vol20 q0,0.00020605079892215423,-0.8495212787333289,1.8466370191176797,rejected,0.0,0.06479976519593741
dist_ma50 q2 & mom_12_1 q3,-0.00014273331458397487,-1.5385953771758942,1.157296723531969,rejected,0.0,0.24715115171296562
close_loc q3 & ear q3,0.0002963321316643644,-0.6771134721712823,2.0136423715652847,rejected,0.0,0.044047094454315594
intraday20 q4 & range_compress q0,-0.000450213712920861,-0.601233603292665,-2.0878920936138305,rejected,0.11232990371772274,0.03680756954469552
ins_officer30 q2 & vol20 q0,0.0001833733410625301,-0.8928166788515091,1.7951309384741223,rejected,0.0,0.07263284050526954
dist_ma50 q3 & news5 q1,0.0004888208762607311,1.9008914798647998,0.7824390392746691,rejected,0.04441370481936999,0.43395659829450367
dist_ma50 q2 & ins_buyers30 q2,0.00013896279193817968,-0.9378345128628633,1.7432981292808825,rejected,0.0,0.08128155197338782
atr_pct q0 & log_dv q1,-7.2129482472186355e-06,-1.0179583730939286,1.660596981928449,rejected,0.0,0.09679441553973198
ins_officer30 q2 & r20 q4,-0.0006340657226543398,-0.5631263903099631,-2.1140955594318487,rejected,0.10337597309363321,0.03450710639029229
r20 q4 & r5_news q4,-0.00015486597684727474,-1.6388033913528377,1.0364884530522032,rejected,0.0,0.29997432362900983
ear q3 & log_dv q3,-3.119543014663772e-05,-1.2821906882551022,1.389814426252073,rejected,0.0,0.16458523624489346
min20 q4 & r5_nonews q2,0.0006283022630770019,0.49877340336661685,2.1728018713854795,rejected,0.0975971616338306,0.02979523240978116
ear_volsurge q1 & max20 q2,0.0006189154400238481,2.458377799496904,-0.21027298011359422,rejected,0.0,0.833454622600329
ind_mom60 q1 & intraday20 q4,-0.0004953977983185698,-0.5298900857255787,-2.1354159775545303,rejected,0.12015567811115851,0.03272704672415402
ear_volsurge q3 & range_compress q4,-0.0002336252621400874,-1.8225409246836635,0.8394710237714744,rejected,0.0,0.4012050428338198
ins_buyers30 q2 & r20 q4,-0.0006309830483546043,-0.5851346829800179,-2.0752673186561026,rejected,0.11559800681464354,0.037961766580190986
ins_value30 q2 & r20 q4,-0.0006309830483546043,-0.5851346829800179,-2.0752673186561026,rejected,0.11559800681464354,0.037961766580190986
frog q1 & rel_ind20 q1,0.0003798247085011177,-0.4181617821299883,2.2387016382972478,rejected,0.0,0.02517533587067746
intraday20 q4 & r20 q4,-0.0006056483838867301,-0.3078934636513925,-2.3485498772842996,rejected,0.03729162261768948,0.018846674833920128
days_to_earn q1 & r5_news q2,-0.00022889747160099593,0.6210541762584706,-2.03098010352113,rejected,0.0,0.042257012973775016
ear q3 & range_compress q1,3.5878563200434726e-06,1.286764509789765,-1.3632605845505534,rejected,0.0,0.1728003994524627
intraday20 q3 & rel_ind20 q4,0.00014828722915593924,-0.8397471558571719,1.8061502009500585,rejected,0.0,0.07089488115683745
intraday20 q3 & max20 q0,0.0006218002319978829,0.4315636865134594,2.212636376894764,rejected,0.08798350572273633,0.02692272498892299
ear_volsurge q1 & r60 q3,-8.462814823768915e-05,-1.3411097857044012,1.2956455369886362,rejected,0.0,0.19509763300095
log_dv q1 & r5_nonews q2,0.00040834178228356047,-0.39080423367746064,2.2433558087105854,rejected,0.0,0.024873879177625197
dist_52wh q2 & dist_ma50 q3,-6.505278432022605e-05,-1.3975412673504015,1.2335859646634082,rejected,0.0,0.21735722563889967
log_dv q3 & r20 q4,-0.0003551068855110711,0.20837165610101036,-2.419289285034214,rejected,0.0,0.015550867530898422
gap_today q0 & range_compress q1,0.0005312280030743688,1.9199696903309966,0.6980613882809038,rejected,0.04968244616654099,0.4851388037901468
dist_ma50 q3 & min20 q4,0.0006172941411018814,1.0124766195761739,1.6036632635067718,rejected,0.08269592229908286,0.10878829767420461
range_compress q1 & vol_surge5 q4,3.423071134589591e-05,1.2688827932178386,-1.3459252973065368,rejected,0.0,0.17832660947923692
intraday20 q3 & log_dv q1,-8.213467223676946e-05,-1.5307352949725619,1.0828040856786676,rejected,0.0,0.2788953916861935
intraday20 q3 & vol20 q0,0.0001543146210153919,-0.8961525366355204,1.717362188076558,rejected,0.0,0.08591301590710432
ind_mom60 q1 & intraday20 q2,0.000579476319917554,1.2073867816462622,1.3999700225402505,rejected,0.10853229104664752,0.16152229555406564
log_dv q3 & range_compress q1,-0.0003412331165335577,0.5151211119528506,-2.0905086765510053,rejected,0.0,0.03657212980324433
ear q3 & ins_buyers30 q2,0.0004010690703407052,-0.4334177486296008,2.1636630588076344,rejected,0.0,0.03049021810086653
ear q3 & ins_value30 q2,0.0004010690703407052,-0.4334177486296008,2.1636630588076344,rejected,0.0,0.03049021810086653
dist_ma50 q4 & ind_mom60 q1,-0.000449325727292806,-0.9686526896725443,-1.62438120868018,rejected,0.07837669691890889,0.10429447504524791
dist_ma200 q2 & vol_ratio q3,-0.0006241196980132765,-1.6208661215312907,-0.9713966841662318,rejected,0.06271044776658316,0.3313507790980333
gap_today q0 & mom_12_1 q0,0.0004381489376740882,1.4929801496505688,1.0970859059302664,rejected,0.07766298140246085,0.2726038407292922
days_to_earn q1 & rel_ind20 q4,-0.00027914560054877934,0.5237905725701687,-2.065741046125503,rejected,0.0,0.03885293736038369
days_to_earn q1 & dist_ma50 q3,0.00018212850260840549,1.3917110165523203,-1.1852556029816859,rejected,0.0,0.2359164014910961
r5_news q4 & r5_nonews q2,0.00029499587975071264,-0.04197569835880703,2.5341198609699216,rejected,0.0,0.011273016474933076
dist_52wh q1 & intraday20 q4,-0.0001141786256273134,0.9185862508507293,-1.6541739771739372,rejected,0.0,0.0980921686272227
max20 q2 & r5_nonews q3,-0.00012147438005437127,1.1002662933592142,-1.4696648602138294,rejected,0.0,0.14165254430440946
r5 q0 & rel_ind20 q4,-0.00015367758355504675,0.5672765217438367,-1.9989819269760574,rejected,0.0,0.04561030936675068
ins_buyers30 q2 & range_compress q3,4.170462532180399e-05,-1.203829531560013,1.3584977638747215,rejected,0.0,0.17430579165047272
ins_value30 q2 & range_compress q3,4.170462532180399e-05,-1.203829531560013,1.3584977638747215,rejected,0.0,0.17430579165047272
frog q1 & r5 q1,0.0006078834794074996,1.7579944140524915,0.7947103486914701,rejected,0.045945358261949995,0.426782011139179
mom_12_1 q3 & r5 q1,0.000573262595656589,1.3095901587451002,1.241436871465378,rejected,0.09935115790668647,0.21444440530552195
rel_ind60 q4 & vol_ratio q1,-0.0005211083389452725,-0.9515114345161101,-1.5983360199049523,rejected,0.08521817131461873,0.10996821518032608
atr_pct q0 & mom_12_1 q3,3.0570599235534654e-05,-1.2473949536835591,1.3011291779334446,rejected,0.0,0.19321424190215955
ear_volsurge q3 & r20 q4,-0.0004973799125618071,-0.5483097188482963,-1.994897819455024,rejected,0.13387617363524384,0.04605402540376102
frog q0 & ind_mom20 q4,-0.0004939863480491408,-0.14565747934775497,-2.39681870657685,rejected,0.0022101585701157266,0.016538104090471902
log_dv q1 & r5_news q4,0.00034912971876753144,0.5758822615237964,1.9590574939898313,rejected,0.11787805467303068,0.05010605397701322
gap_today q0 & min20 q1,0.0005495665659487698,1.9641729214344867,0.5688302559693023,rejected,0.05405643598084264,0.569471339746269
min20 q1 & mom_12_1 q0,-0.0002601703864411346,0.5371383728867438,-1.9937799948967605,rejected,0.0,0.04617610273185783
atr_pct q3 & mom_12_1 q2,0.0005631655466998761,1.8063770741747347,0.7238292057813671,rejected,0.037608259085518736,0.46917059672666794
dist_ma50 q4 & range_compress q0,-0.0002845787512243917,0.3857315542440957,-2.1429295266221073,rejected,0.0,0.03211875763812443
mom_12_1 q3 & rel_ind60 q2,0.0002736070612926778,-0.5459039424316541,1.9810005257426886,rejected,0.0,0.047591214628308724
ind_mom60 q1 & r20 q4,-0.00043231788358042133,-0.27481723280471476,-2.2518876079837624,rejected,0.050242622497363124,0.02432937543417439
ins_officer30 q2 & intraday20 q4,-0.00017584521439731676,0.7755449565626867,-1.7510544221690019,rejected,0.0,0.07993653608918123
gap_today q0 & vol20 q0,-0.0001198504356172414,-1.4663765328328984,1.060027549146279,rejected,0.0,0.2891320663224596
mom_12_1 q0 & rel_ind60 q4,-0.0002568841207750343,0.20525808548377508,-2.31973219316497,rejected,0.0,0.020355369170640323
mom_12_1 q2 & range_compress q4,0.0005619580099410892,0.30127438819449126,2.220431298977186,rejected,0.07125245796402159,0.026389504394293294
ins_buyers30 q2 & min20 q4,0.0005932333634781535,0.6049763487745607,1.915874738486942,rejected,0.1268325701311186,0.055381041630826015
ins_value30 q2 & min20 q4,0.0005932333634781535,0.6049763487745607,1.915874738486942,rejected,0.1268325701311186,0.055381041630826015
r20 q4 & r5 q0,-0.00025305267630087216,-0.32987685132056965,-2.186825116036097,rejected,0.09341554118116495,0.028755293222267844
r120 q4 & r20 q3,0.0005417595360667085,1.3668150920769269,1.1448772298456502,rejected,0.08679098795491424,0.25226001755962846
dist_52wh q1 & ear q1,-0.000538152273712135,-1.4061569064483037,-1.1027136461004248,rejected,0.07967914662264751,0.2701515388246067
intraday20 q4 & mom_12_1 q0,-0.0003607909913955599,-0.09008266490732608,-2.416760893869091,rejected,0.0,0.015659299801948193
days_to_earn q1 & ear q1,-0.0005768060782147982,-0.9043189322119582,-1.6013710596776047,rejected,0.07968230908912266,0.10929475869796494
days_to_earn q1 & ins_officer30 q2,-0.0002800221785261866,0.4439683018002896,-2.058109062685503,rejected,0.0,0.03957966525121334
ind_mom20 q3 & log_dv q2,0.00021881098943080527,1.394315682400786,-1.1076477581270914,rejected,0.0,0.26801396939563205
frog q0 & r20 q4,-0.000197939750266363,0.6052181948820092,-1.89399431636207,rejected,0.0,0.058225764284872375
dist_ma50 q1 & overnight20 q2,-0.0005650905976651495,-1.9369865154105275,-0.5613410516923663,rejected,0.05649604355008802,0.5745650612944047
min20 q4 & mom_12_1 q0,0.0003878873370440072,2.2095608888808758,-0.2884850326468857,rejected,0.0,0.772975485965897
dist_ma200 q3 & intraday20 q3,0.00011512097300018985,-0.7078533517851896,1.7881501254957672,rejected,0.0,0.07375179036394792
ind_mom20 q1 & min20 q2,-0.0005006491781777775,-2.2221004987599304,0.27327693604696174,rejected,0.0,0.7846403431717954
frog q0 & ins_buyers30 q2,-0.0005660709660231802,-0.9378204480074476,-1.5562308439518153,rejected,0.08583723770188456,0.1196532094032649
frog q0 & ins_value30 q2,-0.0005660709660231802,-0.9378204480074476,-1.5562308439518153,rejected,0.08583723770188456,0.1196532094032649
dist_ma200 q3 & range_compress q0,-0.00013459855141683834,-1.8076558446935085,0.6852365031877179,rejected,0.0,0.4931946927509868
rel_ind20 q1 & rel_ind60 q4,0.0002696767345420208,2.0480760852385953,-0.4412235080977358,rejected,0.0,0.6590511961037342
rel_ind60 q2 & vol_ratio q2,0.00050692909609587,0.8071382546321997,1.6530843908830415,rejected,0.08218504409677332,0.09831368961713038
ins_officer30 q2 & min20 q4,0.0005752265677664037,0.6040650140618923,1.856067047168722,rejected,0.10984702360790519,0.06344400200307862
atr_pct q0 & range_compress q4,0.0002432849149595103,-0.5632850999814095,1.8966944957882528,rejected,0.0,0.05786827058830977
intraday20 q3 & r5_nonews q2,0.00018664353343367406,-0.7026959603358786,1.753314130261845,rejected,0.0,0.07954810136313725
days_since_earn q1 & dist_ma50 q4,-0.0002980723749567223,0.4372516159649061,-2.0148360972492045,rejected,0.0,0.04392182544439575
gap_today q0 & r120 q3,0.0005256755001629134,2.0367936804841476,0.4148895323528211,rejected,0.04432485759444581,0.678222773029264
frog q1 & range_compress q4,0.00046879289294207634,-0.10860457475732099,2.3420629283515018,rejected,0.0,0.019177481150433003
range_compress q4 & rel_ind60 q2,0.00013397533906988156,-0.7412154845146669,1.7079948249557264,rejected,0.0,0.08763730271745572
gap_today q3 & range_compress q4,-0.00013639554292541568,-1.465648747801895,0.98056200871596,rejected,0.0,0.32680877688279864
gap_today q0 & r20 q0,0.00043130940203411867,0.43893624426576294,2.0049267030716353,rejected,0.11818166377988129,0.044970883505165114
gap_today q0 & mom_12_1 q2,0.0005126575200209692,0.4427696012848224,2.0004415665070243,rejected,0.12629286024093878,0.045452603741145264
ind_mom20 q4 & rel_ind60 q4,-0.00013567947044221897,0.6685886998358604,-1.771117859381871,rejected,0.0,0.07654110473268375
dist_ma50 q3 & mom_12_1 q0,-0.0004332198303363324,-1.031367193884321,-1.4074612747721515,rejected,0.09923998431724754,0.15929065257514996
days_to_earn q3 & r5 q1,0.0005436128880625476,1.124298895446887,1.3139392262677592,rejected,0.1017833608825296,0.18886665679292428
ear q1 & mom_12_1 q3,-0.000498306635899561,-2.3455712687151062,0.09174892746443514,rejected,0.0,0.9268975228024059
days_since_earn q3 & r20 q4,-0.0004895292152737018,-0.42723713610447,-2.009736201606639,rejected,0.11611293262754407,0.044459116276429164
r60 q4 & rel_ind60 q4,-2.054091630235451e-05,1.0619379508752578,-1.373472177111504,rejected,0.0,0.16960560496587176
ear q3 & range_compress q2,0.0005490626416960032,0.6573714265140886,1.7759142038234639,rejected,0.10426483318466646,0.0757470594595616
dist_ma50 q3 & ins_buyers30 q2,0.0005334698626434278,0.7157597468619188,1.7163667428559275,rejected,0.10722636390402952,0.08609493954488129
dist_ma50 q3 & ins_value30 q2,0.0005334698626434278,0.7157597468619188,1.7163667428559275,rejected,0.10722636390402952,0.08609493954488129
frog q0 & ins_officer30 q2,-0.000544198741624977,-0.8648825161250024,-1.5559801308259353,rejected,0.08525631281065499,0.11971281716928013
dist_52wh q1 & r5 q1,0.0005242003699910461,0.9614208350066474,1.458712439359774,rejected,0.09783619707827003,0.14464427090081092
ear q1 & rel_ind20 q4,-0.000404486552259297,-0.18841522889212176,-2.230471294511409,rejected,0.06186838279181448,0.025716171089142478
dist_ma200 q3 & range_compress q4,0.0005332337835557633,0.14321680841766574,2.274053553527599,rejected,0.06279432985935411,0.02296276681334736
ind_mom60 q1 & vol20 q0,0.00047059854197853483,-0.09846896685425702,2.3184957382372042,rejected,0.0,0.020422394310321453
ind_mom20 q4 & r5_nonews q0,-0.00034473309720021045,-0.4268706012001947,-1.9885689259969537,rejected,0.13254621330030766,0.04674880410252802
gap_today q3 & log_dv q1,-4.072881417641981e-05,-1.1411937415134183,1.2727989422069665,rejected,0.0,0.20308939665005354
news5 q1 & r5 q0,-0.00038018593730387786,-0.5602596215660858,-1.8508144961417292,rejected,0.11284672766866306,0.06419624488061197
ev_agreement q4 & rel_ind60 q4,-0.00025869641817640533,-1.7259791576959311,-0.6839791033809942,rejected,0.06005663217128824,0.4939883612864344
days_to_earn q1 & r5_nonews q2,-0.0005583395342333846,-1.1524604669694047,-1.2571067463542882,rejected,0.09372036434906382,0.20871498458622076
ear q3 & frog q1,0.00049781278837901,1.4797246893687697,0.9267329905322657,rejected,0.0571690397506129,0.35406518417777993
ear q1 & r5 q0,-0.00040324575942851865,-0.5510660044116215,-1.8548449799722295,rejected,0.10888878395994217,0.06361836676142914
dist_ma50 q2 & ind_mom60 q1,0.0005278911831900895,0.7204932416495062,1.6821448892064093,rejected,0.07715164934684562,0.09254074765254251
ev_red_flag q2 & news5 q4,-7.147809586832942e-05,-1.217309411869889,1.1817343395135946,rejected,0.0,0.237311128280039
ear q0 & frog q2,0.00031569990589306056,0.7763530108257753,1.6177583289604331,rejected,0.07550098969046519,0.10571469009423883
days_since_earn q1 & rel_ind60 q4,-0.00017585414970048432,0.7375262735553573,-1.6493096011861414,rejected,0.0,0.09908422368049351
dist_ma50 q3 & rel_ind60 q4,0.000533023462544666,2.0556329727576332,0.3298769577841725,rejected,0.03889561324385165,0.7414929348707382
range_compress q2 & rel_ind60 q2,0.0006370937805777198,1.9447146682635972,0.43872254606096805,rejected,0.0463487110292665,0.6608625884062229
ins_officer30 q2 & rel_ind60 q4,-0.00014489613363976586,0.8154599784082721,-1.567153269347292,rejected,0.0,0.11707887037977133
ind_mom60 q1 & overnight20 q3,0.000537961904974833,0.7919710131027994,1.5898870225603394,rejected,0.08120699954452462,0.11186027339170473
ind_mom60 q1 & r1 q0,6.834799045754973e-05,-0.9641420988108367,1.4146254718431173,rejected,0.0,0.15717833640077414
ind_mom60 q1 & r5_news q4,0.00016050495819649132,-0.4572816769410534,1.9194113878775114,rejected,0.0,0.05493229086701852
ins_buyers30 q2 & intraday20 q4,-0.00015254247484496763,0.7310450020131104,-1.6420019832936383,rejected,0.0,0.10058959306429399
ins_value30 q2 & intraday20 q4,-0.00015254247484496763,0.7310450020131104,-1.6420019832936383,rejected,0.0,0.10058959306429399
frog q1 & min20 q4,0.0003095420913282794,-0.49110266247791856,1.8809594472340212,rejected,0.0,0.0599774354896987
dist_52wh q2 & r5_nonews q2,0.0002779574841408473,-0.3615284732434295,2.00432290279457,rejected,0.0,0.04503548204898738
days_since_earn q2 & rel_ind60 q4,-0.0001826551402254096,0.5882875437596505,-1.7757882269447964,rejected,0.0,0.07576782891183845
ind_mom20 q4 & r5 q1,0.000448021708769478,1.3945895133564852,0.9659601968980627,rejected,0.05956616375262854,0.33406409845511226
mom_12_1 q3 & news5 q4,-5.0221041395422516e-05,-1.3910700532175932,0.969354064301131,rejected,0.0,0.3323685630679006
days_since_earn q3 & rel_ind60 q4,1.1918280824693374e-05,1.0408094420452314,-1.3135834620161726,rejected,0.0,0.1889864171250477
frog q0 & r1 q0,-0.00040738411318534494,-1.5194050820473237,-0.8333802821645898,rejected,0.034762702647372155,0.4046302915789768
ins_buyers30 q4 & mom_12_1 q0,-0.00014527781327590772,-0.5812866620432894,-1.7709719341152559,rejected,0.10772423799504292,0.07656536896280154
ins_value30 q4 & mom_12_1 q0,-0.00014527781327590772,-0.5812866620432894,-1.7709719341152559,rejected,0.10772423799504292,0.07656536896280154
frog q1 & intraday20 q4,-0.00016485791398757713,0.5089632065132259,-1.8431572816575796,rejected,0.0,0.06530604993666163
rel_ind20 q3 & skew60 q2,0.000576958632526787,1.6895774312459497,0.6608996593271415,rejected,0.05864161152485125,0.5086766645629436
dist_52wh q1 & range_compress q2,-0.00013127043015735565,-1.3618603869885533,0.9881045355856501,rejected,0.0,0.3231014546984563
ear q4 & range_compress q0,-0.00038506974651665826,-0.1516174614354422,-2.191279197965733,rejected,0.08099403883971745,0.028431594455515262
days_since_earn q3 & range_compress q0,-0.0003540458692932662,0.0004889811660692848,-2.341892036400375,rejected,0.0,0.019186264087599086
dist_52wh q1 & range_compress q1,-0.0002863087096173662,0.5411186682973009,-1.8007632072108413,rejected,0.0,0.07174021031656598
gap_today q3 & vol20 q3,-0.0001711324058775223,0.7643476336308146,-1.5754207053184832,rejected,0.0,0.11515936823328095
days_to_earn q1 & r20 q4,-0.00010544542242756141,0.9032884125181203,-1.4351649370887614,rejected,0.0,0.15124010256436127
days_to_earn q1 & vol20 q0,0.00010120431461721466,-0.7974724264048012,1.5400437487758316,rejected,0.0,0.12354968979675907
intraday20 q4 & log_dv q3,-0.00043070149947906924,-0.45493237238484935,-1.8783386942090312,rejected,0.10715737017113103,0.06033484636361438
dist_52wh q2 & frog q1,-0.00016461120781546988,-1.4864164219240616,0.8445892499245437,rejected,0.0,0.3983402132147774
log_dv q3 & range_compress q4,-9.982398698629541e-05,-1.2663429236194628,1.0601437622626992,rejected,0.0,0.2890792012130001
mom_12_1 q3 & vol20 q0,0.00023692198032918506,-0.7187865052078456,1.6072889323462694,rejected,0.0,0.1079910010235539
r20 q4 & rel_ind60 q4,-0.0004961263741078075,-0.44393534124740636,-1.8803931020380669,rejected,0.10312502251372768,0.060054522966194415
news5 q1 & r5_news q2,-0.00023157090948560874,0.5226369694451326,-1.8011538706800971,rejected,0.0,0.07167863079771566
r5 q0 & vol20 q0,-0.0004509397858203104,-1.0809910462958843,-1.240074190084669,rejected,0.09528572024606659,0.2149479543863223
ins_buyers30 q2 & rel_ind60 q4,-0.00014648746719727527,0.7738632255066218,-1.5465985293382023,rejected,0.0,0.12196008458280984
ins_value30 q2 & rel_ind60 q4,-0.00014648746719727527,0.7738632255066218,-1.5465985293382023,rejected,0.0,0.12196008458280984
intraday20 q0 & r5 q0,0.00011266091571411228,1.5147180123777206,-0.8035346669216751,rejected,0.0,0.42166576789173965
days_since_earn q3 & rel_ind20 q4,-0.00044627851972414625,-0.8631591822779947,-1.4549205924218636,rejected,0.10198346180085277,0.14569124621959237
intraday20 q4 & min20 q4,0.0005394310491676649,1.1315791603476568,1.1860139312803921,rejected,0.08604263752771762,0.23561679792327472
ind_mom60 q1 & range_compress q1,0.00025402592524746736,1.7599893726224942,-0.5549674516329753,rejected,0.0,0.5789169235843978
ear q3 & mom_12_1 q0,-1.224286337232223e-05,1.261072319535283,-1.053549082015553,rejected,0.0,0.2920894116233725
ear q1 & gap_today q3,-0.000554107704173142,-1.5805959769769344,-0.7241652499722897,rejected,0.035914478027310404,0.4689642897321602
dist_ma200 q3 & gap_today q0,0.0004698465080928988,0.8663039831770484,1.4370646680510288,rejected,0.09953615413060403,0.15069961939349705
days_to_earn q4 & rel_ind20 q3,0.0004806326229462461,0.3632115213364413,1.9397359686722238,rejected,0.11764242026915911,0.052411785916442126
mom_12_1 q0 & r5_news q4,-6.491399499307907e-05,-1.5223933408583337,0.7801339825515611,rejected,0.0,0.43531201581477075
days_to_earn q1 & intraday20 q4,-0.0003609812880218528,0.19393953023879082,-2.1072140385344826,rejected,0.0,0.035099030593271276
ind_mom20 q4 & log_dv q3,-0.00046471924987960886,-0.6936908468735744,-1.6069654974286325,rejected,0.07147434017281436,0.1080619369924488
ear q1 & min20 q4,-0.00010053450431007957,-1.512723937244047,0.7858132529824565,rejected,0.0,0.4319769011417835
days_to_earn q1 & ear q4,-9.600975170266682e-05,0.9064947506916611,-1.3919284363013877,rejected,0.0,0.16394406980982057
ear q4 & vol20 q0,0.0004392435396107927,1.4882565568575492,0.8083832635337345,rejected,0.0432970099378585,0.41886998357343747
dist_ma200 q3 & r5_nonews q2,0.0005202616655719847,0.5661297500200356,1.7298481355722979,rejected,0.10101077605943878,0.08365741168713116
dist_ma50 q4 & ind_mom20 q4,-0.00034061815251899163,0.14701663752410563,-2.148621875021861,rejected,0.0,0.03166438620393453
r5 q0 & range_compress q0,-0.00026337813916486365,0.3262651546547285,-1.969141075046917,rejected,0.0,0.04893689318743628
r20 q4 & r5 q1,9.693690186489583e-05,1.296916289895899,-0.9976732197133248,rejected,0.0,0.31843784329213776
days_since_earn q2 & range_compress q2,0.000354236534984945,-0.30892443579821816,1.9851605366378122,rejected,0.0,0.04712661336584371
dist_ma50 q2 & r5_news q4,0.00032219694889071174,0.6259634954944733,1.6659810167853988,rejected,0.07358126924061595,0.09571719548438556
ear q4 & r5 q0,-0.0001032948041512362,0.7297659992655682,-1.559127651731473,rejected,0.0,0.11896617012063031
days_to_earn q1 & mom_12_1 q0,-0.0003224714144997286,-0.5122831769186986,-1.7758282261776517,rejected,0.10051334749027334,0.07576123384781468
atr_pct q0 & ins_buyers30 q2,0.00010542341395530905,-0.8321397345230572,1.4558777079080552,rejected,0.0,0.14542642911766798
atr_pct q0 & ins_value30 q2,0.00010542341395530905,-0.8321397345230572,1.4558777079080552,rejected,0.0,0.14542642911766798
intraday20 q4 & max20 q0,2.1338780462027855e-05,-1.0714714570884674,1.2133232828858411,rejected,0.0,0.2250062445795376
intraday20 q4 & r5_news q4,-0.0001733454063185545,-1.6256387367340885,0.6583780165894028,rejected,0.0,0.5102952577495259
gap_today q0 & r5_news q2,0.0005463679486897534,0.9079334971183572,1.3742474095439197,rejected,0.10680777304984732,0.16936488694733132
ear_volsurge q3 & intraday20 q4,-0.0004772856247469455,-1.124427461405183,-1.1523988003140486,rejected,0.08541991861342746,0.24915723375388718
gap_today q3 & mom_12_1 q0,-0.00036514119892360966,-0.1799894955862684,-2.0940635787829676,rejected,0.08050718978290249,0.036254316966387076
max20 q0 & vol_surge5 q2,0.0001859591714495043,-0.5712663912786594,1.7026261792841104,rejected,0.0,0.08863804765332438
dist_52wh q1 & rel_ind60 q4,3.709119938455525e-06,1.255473818895871,-1.0179126336951902,rejected,0.0,0.3087194771379598
ear q1 & rel_ind60 q2,0.0005540259137264058,1.7491753157227157,0.5221367035756499,rejected,0.05527088465784748,0.6015751528661821
ear q3 & r5_nonews q2,0.0005253760437927644,0.7234553503304854,1.5471167226902764,rejected,0.07799430520003511,0.12183510219316644
ins_buyers30 q4 & log_dv q1,0.0002896775873709195,1.2454175243203536,1.0247394130034488,rejected,0.05679593079124165,0.3054861608674164
ins_value30 q4 & log_dv q1,0.0002896775873709195,1.2454175243203536,1.0247394130034488,rejected,0.05679593079124165,0.3054861608674164
days_since_earn q4 & news5 q1,-0.00014837388697467292,0.6085464313717893,-1.653027092735644,rejected,0.0,0.09832534980503829
atr_pct q0 & vol20 q0,-2.930430224066853e-05,-1.100932768895354,1.1596695093842262,rejected,0.0,0.2461833887629467
ear_volsurge q4 & range_compress q2,-0.00017292632899354297,-1.6204200719599309,0.6388093608696752,rejected,0.0,0.5229469579022477
mom_12_1 q3 & r60 q4,0.00011188354715089622,-0.9241923899141576,1.3350204336672178,rejected,0.0,0.1818696587746917
dist_ma50 q2 & r5 q1,0.0005360575059780957,0.5770165550120153,1.6795391527348216,rejected,0.07695615856432117,0.09304701497895852
ear_volsurge q3 & r5_news q2,-0.0005348348346606513,-1.024189161454278,-1.2301853116192354,rejected,0.0909645006366919,0.21862771896271962
ear q4 & r20 q4,-0.000478780007343499,-1.2480156397772668,-1.0062189935582782,rejected,0.060199374121256054,0.31431023747942965
dist_ma50 q2 & range_compress q4,0.0003664741151428313,-0.3568237680252924,1.8955450382189905,rejected,0.0,0.058020230863005035
dist_ma50 q2 & intraday20 q3,0.0005268630181457199,1.2819347821718008,0.9666258226580449,rejected,0.05759207124704413,0.3337311208797651
frog q1 & ins_officer30 q2,0.0004713888824695667,0.2824538098464092,1.9638293068779429,rejected,0.10320880049917414,0.049549890199783835
dist_52wh q3 & r60 q2,0.0002137370817858238,-0.5811679217443163,1.6625786962946822,rejected,0.0,0.09639679845140575
overnight20 q3 & range_compress q0,-0.00016133061612054423,0.5796307131985299,-1.662705560948234,rejected,0.0,0.09637138852190869
min20 q1 & range_compress q0,-0.000414236510531049,-0.32746569529878417,-1.91382273657014,rejected,0.10901736431780609,0.055642809315791214
ind_mom20 q3 & mom_12_1 q2,0.0004666664047551771,1.1768839294252753,1.0643486738435421,rejected,0.057052059775205013,0.287170775832185
max20 q0 & vol20 q0,0.00015226881092934605,-0.7117348122753642,1.5281591709397782,rejected,0.0,0.12647302321709342
min20 q4 & r5 q1,0.0005326654168397587,0.7919965776608389,1.447543386049938,rejected,0.09546322960275581,0.14774479423995135
ear q3 & range_compress q3,0.00016750918631317348,-0.768714124449642,1.4678085996393622,rejected,0.0,0.14215622086731106
log_dv q1 & r20 q0,0.00039503329292116094,0.36057522934854724,1.8700276014725836,rejected,0.10753199582343065,0.06147998503455851
news5 q1 & range_compress q0,-0.00035709849170395655,-0.28880171160982576,-1.9402003536572543,rejected,0.11085646690473026,0.05235534556485591
intraday20 q1 & r60 q4,3.253255763752612e-05,1.2873435878123984,-0.941229823375297,rejected,0.0,0.34658709653946074
atr_pct q0 & frog q1,-0.00025604956402680844,-1.4743032407182388,0.754246861608534,rejected,0.0,0.45070100355200415
days_since_earn q1 & gap_today q0,0.000470407171358053,1.2930257114987593,0.9341737626886669,rejected,0.05840442985564225,0.35021426748284296
ear q4 & mom_12_1 q0,-0.0002421402949013302,-0.3943536828673968,-1.8297853479351722,rejected,0.10783932306579902,0.06728204260919748
dist_ma50 q3 & intraday20 q4,0.000422016321582091,1.7075379556187456,-0.5148568742930268,rejected,0.0,0.606653038618701
r20 q0 & range_compress q4,5.630536939169081e-05,-0.7722573388716525,1.4491889730322005,rejected,0.0,0.14728481612881125
atr_pct q2 & ind_mom60 q4,-7.943782139512736e-05,0.762490427640764,-1.4579538198758544,rejected,0.0,0.14485327235899065
ins_buyers30 q2 & ins_value30 q2,5.4926172495025644e-05,-0.4336198171486174,1.7865272662353453,rejected,0.0,0.07401392648880713
ins_buyers30 q2 & ins_officer30 q2,5.4926172495025644e-05,-0.4336198171486174,1.7865272662353453,rejected,0.0,0.07401392648880713
ins_officer30 q2 & ins_value30 q2,5.4926172495025644e-05,-0.4336198171486174,1.7865272662353453,rejected,0.0,0.07401392648880713
dist_ma200 q3 & frog q1,0.0004957977706037141,0.18598743278599367,2.0315992324996106,rejected,0.09715449570114491,0.04219424446742377
ins_officer30 q2 & news5 q1,-0.000259487115312075,0.4285957071209325,-1.7865331039412595,rejected,0.0,0.07401298217666363
ear q1 & r20 q4,-0.00032958747157952456,-0.5874021738881234,-1.6193848080213664,rejected,0.07174988038313214,0.1053644934852033
gap_today q4 & vol20 q0,-7.036694234815388e-05,-1.2284193820395457,0.9771084831597833,rejected,0.0,0.3285154484414843
ins_buyers30 q2 & log_dv q3,-0.0005098485338661511,-1.0841062988727566,-1.1190264319140029,rejected,0.07214764512149563,0.263128862933805
ins_value30 q2 & log_dv q3,-0.0005098485338661511,-1.0841062988727566,-1.1190264319140029,rejected,0.07214764512149563,0.263128862933805
atr_pct q0 & rel_ind60 q4,5.086316452341414e-05,-0.930694565270427,1.2702960045207643,rejected,0.0,0.20397921088426516
log_dv q0 & r20 q1,-0.0004672980498686141,-2.187859353234157,0.011683809367100928,rejected,0.0,0.9906778809910304
r20 q0 & rel_ind60 q4,6.01600737435173e-06,1.2203390018367726,-0.9785469116696899,rejected,0.0,0.32780390133348847
ind_mom20 q4 & log_dv q1,-0.0004335069942147247,-0.5751231761217168,-1.6219878376741972,rejected,0.06994611025778355,0.10480595231873595
dist_ma50 q2 & rel_ind60 q4,-0.0004296938010938855,-1.6031414093021457,-0.5939091581067848,rejected,0.052157663255666974,0.5525728733696633
ins_officer30 q2 & log_dv q1,0.00048808981549853245,0.5623365113046082,1.6339927092049475,rejected,0.07449655118929358,0.10226038148632434
days_since_earn q1 & dist_52wh q2,7.885083446624408e-05,-0.773415394948344,1.4217836015371659,rejected,0.0,0.15508908152545822
dist_52wh q2 & intraday20 q4,-0.00045461072710055624,-1.1846603277488061,-1.0097980264435775,rejected,0.058942277354016116,0.3125920658866333
ev_agreement q4 & vol_surge1 q4,2.3007570698141324e-05,0.9537456563295045,-1.2365161837769143,rejected,0.0,0.2162667538239504
ind_mom60 q1 & mom_12_1 q3,0.00030869326104213536,-0.2317889317418114,1.9548025080148028,rejected,0.0,0.05060638504354714
range_compress q2 & rel_ind60 q4,0.00022361498852321656,-0.41284243115119107,1.7727916195312623,rejected,0.0,0.07626324260178922
log_dv q3 & rel_ind20 q4,-0.00012850530763195865,0.5025301478303233,-1.6823188741203938,rejected,0.0,0.09250702313177321
ev_red_flag q2 & frog q0,-0.0004852244280902502,-0.6399529154860536,-1.5395713542886307,rejected,0.08085782316643053,0.12366487248101787
ind_mom20 q2 & news5 q1,2.1866922812425057e-05,1.0029441138831234,-1.1765785209308819,rejected,0.0,0.23936377498311023
atr_pct q0 & ear q1,-0.00014363502218232526,-1.3541024920998492,0.8224708774198037,rejected,0.0,0.4108089548109467
ev_red_flag q2 & ins_officer30 q4,-0.00013849158703539854,0.6414164283001154,-1.5303311027091802,rejected,0.0,0.125934793295163
r5_news q4 & rel_ind60 q2,0.0003253100912967158,0.9220886216933254,1.2445376156339476,rejected,0.08383137906458975,0.21330176418074315
ind_mom60 q1 & r20 q1,0.0005035175421944613,1.1299949882692726,1.0359322128818709,rejected,0.055409942001051565,0.3002337681488169
r5_nonews q2 & range_compress q2,0.0003508091014029774,-0.20825824311872723,1.957615884871931,rejected,0.0,0.050275101995893426
ind_mom60 q1 & intraday20 q3,0.00040286584303996637,0.18618348807402618,1.97724283685514,rejected,0.10765652842730913,0.048014187666979284
days_since_earn q3 & intraday20 q4,-0.0004293801720275085,-0.3331649759346422,-1.8273172691576578,rejected,0.10553087255017617,0.06765208020186463
dist_ma200 q1 & ev_shelf q2,-6.94249923266156e-05,-1.118657278768895,1.0405713647199366,rejected,0.0,0.29807452690320363
frog q0 & log_dv q1,3.8887666159991646e-05,-0.9071618404291201,1.2499086561602235,rejected,0.0,0.21133291697627962
intraday20 q3 & r5_news q4,-0.00029853172747766973,-1.8368779614973232,0.31903405801380014,rejected,0.0,0.7497006866183312
frog q0 & skew60 q3,-0.00040431668656024333,-1.1781579537186961,-0.973318867424267,rejected,0.05845516522077532,0.33039484808395186
news5 q4 & range_compress q0,-2.2005608147936374e-05,-1.1975459463421807,0.9537488422149221,rejected,0.0,0.3402107903864491
frog q1 & ins_buyers30 q2,0.00039646332951002463,-0.11983832558269017,2.031364193666894,rejected,0.0,0.04221806386863043
frog q1 & ins_value30 q2,0.00039646332951002463,-0.11983832558269017,2.031364193666894,rejected,0.0,0.04221806386863043
atr_pct q0 & ear q4,0.00046259571600540465,1.0989330241247584,1.0510013961352678,rejected,0.05692028857847537,0.29325794862007576
min20 q4 & overnight20 q2,0.0005022372778417497,0.9876786229874257,1.1606644169740423,rejected,0.08671233063183229,0.24577839776940621
vol20 q0 & vol_surge1 q4,7.42433127619787e-06,-1.0337200602793943,1.1124298679825215,rejected,0.0,0.26595336852134055
days_since_earn q3 & r5 q1,0.0004889416550443371,0.3632425915103407,1.7824210721289908,rejected,0.09252084838032719,0.07468059172288449
atr_pct q1 & dist_52wh q2,6.14327549538232e-05,-0.7942141518682319,1.3483858044335009,rejected,0.0,0.17753432733536972
days_to_earn q1 & ind_mom20 q4,0.0001607506102169796,1.5035885157341689,-0.6342702155276073,rejected,0.0,0.5259044907677803
ind_mom60 q1 & overnight20 q2,0.0004952994267325887,0.8855236432201219,1.250843978210308,rejected,0.08143046813902502,0.2109914062427079
log_dv q3 & mom_12_1 q3,-0.0004010526130280576,-1.7735316301192274,0.36228034200216597,rejected,0.0,0.7171425466877606
gap_today q3 & vol20 q0,-3.457648350472568e-05,-1.1188799134130831,1.0148235402645196,rejected,0.0,0.31018995037081054
r5 q1 & vol20 q0,4.3327427702850845e-05,-0.8871938811613639,1.2454419813951048,rejected,0.0,0.21296932971388718
ind_mom60 q1 & rel_ind60 q2,0.0005006272936242756,1.1653545863121075,0.9664547048687381,rejected,0.05711377783605306,0.3338167016620789
dist_ma50 q3 & ins_officer30 q2,0.00046287712996353033,0.5300884464413765,1.600657336115881,rejected,0.06978749272336429,0.10945283552604547
dist_ma50 q1 & rel_ind20 q1,-0.00021181939755581975,-1.3867962066714106,0.7436827638560936,rejected,0.0,0.45706841937598913
atr_pct q1 & ear_volsurge q4,0.000444990846779912,1.470914866860235,0.6556876326404866,rejected,0.06207290853643091,0.5120251278599582
dist_ma50 q4 & r5_news q4,-8.08511561628972e-05,-1.214977537304175,0.9005903781291889,rejected,0.0,0.3678061523416363
news5 q1 & vol20 q0,0.0003739105141459776,0.5336129921066202,1.5819469870846903,rejected,0.06756777383711399,0.1136616731342879
ear q4 & min20 q4,0.00046886061022894206,0.9367372221237121,1.1777885084156912,rejected,0.08645023009254321,0.23888093106395442
rel_ind20 q1 & vol_ratio q4,-0.00010248785222470881,-1.305667721555945,0.8075703214417597,rejected,0.0,0.41933797747670365
r5 q1 & vol_ratio q1,3.7516307892759436e-05,-0.908431712765119,1.2031076182093416,rejected,0.0,0.2289346777183999
dist_52wh q1 & ind_mom60 q1,0.00021789323866283646,1.4218068795202101,-0.6881428909043054,rejected,0.0,0.49136280303283003
ind_mom20 q4 & range_compress q4,-0.00046392635891013266,-1.309928120587208,-0.7981650006951653,rejected,0.04636356122640018,0.42477474491206874
days_to_earn q1 & max20 q0,0.00013113290509149001,-0.5787495296286425,1.5222813240082755,rejected,0.0,0.12793860558129314
days_since_earn q1 & vol20 q0,-4.040634183027834e-05,-0.9177690937144659,1.1790121910053484,rejected,0.0,0.2383933214634239
dist_52wh q2 & ind_mom20 q4,-0.0004442958751629108,-1.5227910983268478,-0.5711463036003169,rejected,0.05139556375006709,0.5679004733647979
days_to_earn q1 & log_dv q1,0.000390097608157774,0.6206267684698861,1.4730861774828625,rejected,0.07967879968273059,0.14072780008558994
ins_buyers30 q2 & r60 q4,-3.188330060152606e-05,0.9071789853718352,-1.1808847983381647,rejected,0.0,0.23764849108389133
ins_value30 q2 & r60 q4,-3.188330060152606e-05,0.9071789853718352,-1.1808847983381647,rejected,0.0,0.23764849108389133
ind_mom60 q1 & range_compress q2,1.4232268716220508e-05,-0.9047429166129501,1.1804242615085418,rejected,0.0,0.23783151721238166
days_since_earn q3 & ear q1,-0.0005130369998215401,-1.2565658978488161,-0.8274802674576465,rejected,0.036381384768039655,0.4079649018761352
log_dv q3 & vol20 q0,-2.841416518879839e-05,-1.0846718668479411,0.9960345700130807,rejected,0.0,0.31923334868818326
intraday20 q4 & r5 q1,0.00012129506562401249,1.3454715202692331,-0.7335305704350875,rejected,0.0,0.46323488951802766
frog q1 & gap_today q0,0.0004420864257506915,1.467437958126874,0.6099256211525601,rejected,0.05511675491229868,0.541911079416052
dist_ma50 q3 & vol_surge1 q3,-0.00030520774932913736,-1.6573400286546607,0.41995455993036035,rejected,0.0,0.6745186491358126
range_compress q2 & vol_ratio q1,0.0004899276654778661,0.7162457675088292,1.3572923975881606,rejected,0.09807817762477945,0.17468832198087372
days_to_earn q1 & ind_mom20 q1,-0.00045694867818655205,-1.4137062398682516,-0.6582132384174286,rejected,0.05939299791023198,0.510401119313172
gap_today q3 & range_compress q0,-0.00016919601690832252,0.3825474525070145,-1.6817987833368133,rejected,0.0,0.09260786474463589
r5 q1 & r60 q4,0.0003844543339202478,1.075884776385034,0.9876839754673167,rejected,0.058438630931699834,0.323307444890251
mom_12_1 q3 & r20 q3,-6.760253670360732e-05,-1.1090550052186214,0.9506391467911619,rejected,0.0,0.34178758915374563
mom_12_1 q2 & range_compress q0,-2.5434332665707983e-05,-1.3897066360344632,0.6614010652993958,rejected,0.0,0.5083551429272594
ear q3 & rel_ind20 q4,0.00044038023824759785,0.3749504552517762,1.6694529764481223,rejected,0.07026970296900041,0.09502764217553697
news5 q4 & r20 q4,-0.00018927135354067191,-1.4513526880961516,0.5905321441413417,rejected,0.0,0.5548339420431188
ear q0 & ind_mom60 q0,0.00028734630104073955,1.6461653362150859,-0.3933576348763132,rejected,0.0,0.69405535534473
ev_agreement q4 & ev_shelf q2,-0.0002527625693903623,-1.6657309225002295,0.37359810215480765,rejected,0.0,0.7087033461255858
dist_ma50 q4 & r20 q4,-0.0004679690175096961,-0.40914007872268177,-1.6261350015979734,rejected,0.060639411136476744,0.10392093956027078
ind_mom60 q1 & news5 q4,0.00022043705260972555,-0.24276316075203289,1.790589612125785,rejected,0.0,0.07335917523033963
ear q4 & ind_mom20 q4,-0.00035227568004296176,-1.1746259522520452,-0.8574295470755934,rejected,0.04734356645166237,0.3912075356766808
r20 q1 & range_compress q4,0.00017393183329884,-0.5324167898903941,1.493999325701334,rejected,0.0,0.13517579551972814
intraday20 q3 & overnight20 q2,0.0004609691430983107,1.3957290443685522,0.6282953851637145,rejected,0.05617549157624723,0.5298104542064621
dist_52wh q4 & ear_volsurge q2,0.0004797198931695625,0.5505548091690874,1.4674708259787685,rejected,0.07603679546045751,0.14224801987770005
frog q0 & r5_news q4,-4.464232428444989e-05,-1.1294444202963958,0.886403386688395,rejected,0.0,0.3754001948977267
ear q1 & frog q1,-0.0004498364652811659,-0.7158944070123126,-1.2983841915931829,rejected,0.09211128615832999,0.19415534860077704
ear q2 & min20 q0,0.0003511982857613256,1.5365447991480439,0.476172715702684,rejected,0.05956364835655599,0.6339513358192082
ear q3 & ins_officer30 q2,0.0003760437240954055,-0.17507355589902962,1.8370512370760999,rejected,0.0,0.06620233183825337
ear q1 & ind_mom60 q1,-0.0004165047303037716,-0.4480206746462385,-1.5632391368778313,rejected,0.06469380579161071,0.11799635790940703
days_since_earn q2 & intraday20 q4,-0.0002465975153578659,0.3032978493372128,-1.7035059233721914,rejected,0.0,0.08847343045353893
dist_ma200 q3 & frog q0,0.00037391991927583027,0.6432848764054669,1.363489735661188,rejected,0.0980515424009042,0.17272821718639927
days_since_earn q1 & log_dv q1,0.00044545133895823016,0.7169911071876811,1.2895190981704814,rejected,0.09339808857559606,0.19721768117159555
r60 q4 & range_compress q1,0.00018845161570043344,1.3519381144010767,-0.6524929727153416,rejected,0.0,0.5140832047216531
r5 q2 & rel_ind20 q4,8.633255507972916e-05,1.0914977637269794,-0.9090162961114351,rejected,0.0,0.3633415238731007
log_dv q1 & range_compress q2,0.00045770854851696853,0.9872072081410775,1.0063236186398634,rejected,0.05551955825935942,0.31425992259304925
days_to_earn q2 & r5_nonews q2,0.00045699132826642404,0.7502303263466825,1.241561787839253,rejected,0.0839279712846945,0.2143982877883733
frog q1 & range_compress q2,0.00041577060980005446,0.11263978732616785,1.8779845537612605,rejected,0.08780900238696572,0.06038327816722037
ins_buyers30 q2 & news5 q1,-0.0001935682024101231,0.5037873729156823,-1.4833260375375898,rejected,0.0,0.13798780773190933
ins_value30 q2 & news5 q1,-0.0001935682024101231,0.5037873729156823,-1.4833260375375898,rejected,0.0,0.13798780773190933
ind_mom20 q4 & r5_news q4,-0.00023391845311335498,-1.36148663076511,-0.6183741728741077,rejected,0.05495482728982215,0.5363287185576628
days_since_earn q1 & gap_today q3,0.00045073773712303946,0.7205935521416929,1.2577846296049235,rejected,0.07982215418435809,0.20846965589559957
ear q3 & rel_ind60 q4,0.000415142731436235,0.5345130169041676,1.4429880697308648,rejected,0.08761722182091666,0.14902383200516695
ins_buyers30 q2 & r5_nonews q2,0.00038000151553406914,0.029585137566506343,1.9440357423317582,rejected,0.08971905694258768,0.051891141083350106
ins_value30 q2 & r5_nonews q2,0.00038000151553406914,0.029585137566506343,1.9440357423317582,rejected,0.08971905694258768,0.051891141083350106
range_compress q3 & rel_ind20 q4,0.00011046489837122097,-0.7679384124366867,1.2048606986515755,rejected,0.0,0.22825708286346139
dist_ma200 q3 & mom_12_1 q3,-0.0001887235298426753,-1.3212787815678981,0.6487515351909827,rejected,0.0,0.5164989879548811
overnight20 q2 & r20 q4,-0.00041308508481800445,-1.2096271365475473,-0.7592051194597332,rejected,0.040034136247420395,0.447729864089726
ear_volsurge q3 & mom_12_1 q3,-0.0004649309275598631,-1.376355090994855,-0.5906151023065563,rejected,0.04953021249225215,0.5547783435281273
min20 q4 & vol20 q0,0.0004708768160031979,0.14922651453470104,1.817268713598714,rejected,0.0859734463246101,0.06917597806593488
gap_today q0 & overnight20 q3,0.0004152245156459274,1.5274129569834844,0.4354494533877626,rejected,0.04582592121263628,0.6632362209728376
ind_mom20 q4 & ins_buyers30 q2,-0.0004666931934491608,-0.3250921930108852,-1.6377216222334177,rejected,0.07036418508990336,0.10147977798359652
ind_mom20 q4 & ins_value30 q2,-0.0004666931934491608,-0.3250921930108852,-1.6377216222334177,rejected,0.07036418508990336,0.10147977798359652
ins_officer30 q2 & r5_nonews q2,0.0003723269639392211,0.00575524089885207,1.9546753627311357,rejected,0.08395139881936725,0.05062139985126028
days_since_earn q2 & min20 q4,0.00045962770464483363,0.3650765377005576,1.5946439946977795,rejected,0.06426870205332336,0.11079186855401303
rel_ind20 q0 & vol_surge5 q2,-0.0003864240109392076,-1.4008128906055248,-0.5569925628985011,rejected,0.0553630101044943,0.5775325104916955
intraday20 q4 & news5 q4,-0.00022429280500791136,-1.647421298369993,0.3094464955229132,rejected,0.0,0.756981906427409
dist_ma200 q3 & ind_mom20 q3,0.00011936066858148119,-0.5798772842141202,1.376456308294831,rejected,0.0,0.16868040530295553
ind_mom60 q1 & r5_news q2,0.00045131410781956065,0.5078527563398431,1.447843610722307,rejected,0.08460750928500617,0.14766079300327295
ins_officer30 q2 & r5 q0,-0.00016322611911932206,0.7492813060131318,-1.2056530959575786,rejected,0.0,0.22795127730198622
dist_ma50 q4 & r5 q0,-6.671255292723195e-05,0.46733739091149334,-1.4875554903559407,rejected,0.0,0.13686815895691914
dist_ma50 q4 & rel_ind20 q4,-0.00045721103407533723,-0.7303843425179345,-1.2227442976997362,rejected,0.08223811023815081,0.22142629007845602
atr_pct q1 & r5_nonews q4,0.00039684872610948704,0.2876908754487492,1.6638558386863747,rejected,0.06396406706972539,0.09614124201212697
intraday20 q0 & news5 q1,-0.0002745317058628467,-1.6083586311671836,-0.3406166666413596,rejected,0.0363572284752318,0.7333921808242598
dist_ma50 q3 & log_dv q1,1.4370863682451136e-05,-0.8488689917485102,1.095303392100083,rejected,0.0,0.2733837419183104
mom_12_1 q3 & vol_ratio q1,-2.3044519279988158e-05,-1.0534023848827292,0.8889329500134134,rejected,0.0,0.3740391157292717
log_dv q1 & r5_news q2,0.0004349591707649592,0.5644280420307085,1.3773769214902585,rejected,0.09143922649198248,0.16839574431348842
days_since_earn q3 & mom_12_1 q3,-0.00027596513789606173,-1.4965325174540198,0.44242998083992446,rejected,0.0,0.6581780879332194
dist_ma200 q3 & min20 q4,0.000459490496240517,0.5981160977870206,1.338479357378802,rejected,0.09602869410358983,0.18074022505657805
days_to_earn q4 & vol_ratio q1,0.0003570324029403194,0.2291316533717813,1.7058539271424578,rejected,0.0708544105614704,0.08803527969529078
ins_buyers30 q2 & log_dv q1,0.0004321085164423068,0.357598626045168,1.5757361959131568,rejected,0.05898147108070028,0.11508661205719085
ins_value30 q2 & log_dv q1,0.0004321085164423068,0.357598626045168,1.5757361959131568,rejected,0.05898147108070028,0.11508661205719085
dist_52wh q1 & r20 q4,-0.00019651982416222415,0.3752598207660936,-1.5579783382347756,rejected,0.0,0.11923838318665818
dist_ma50 q0 & mom_12_1 q3,0.00011207829394112613,-0.6873585238035523,1.2429171416531695,rejected,0.0,0.21389836830032516
ind_mom60 q1 & r5 q1,0.00034034332960662054,-0.08234002818725533,1.8475255875324241,rejected,0.0,0.06467100320083415
log_dv q2 & rel_ind20 q1,5.213319735937536e-05,1.0399618748740842,-0.8891736142800544,rejected,0.0,0.37390978102442674
r5 q1 & rel_ind60 q2,0.00041826272576019416,0.41011628091928487,1.5184544861464264,rejected,0.0796898620967331,0.12889986496414255
mom_12_1 q2 & r5_news q4,0.0003190585520195449,1.288975290565547,0.6356917597835606,rejected,0.05402920804353101,0.5249773483065239
r5 q0 & vol_surge5 q4,-0.0001960748947988013,0.6420527759279513,-1.2813646613341656,rejected,0.0,0.20006561061139833
dist_52wh q1 & news5 q1,-6.637979223290673e-05,0.8460873792144024,-1.0753520666930938,rejected,0.0,0.28221713347643435
dist_ma50 q4 & range_compress q4,3.859693004734103e-07,-0.9393327860735978,0.9801804441867457,rejected,0.0,0.3269970558552108
frog q0 & gap_today q0,0.00029493855615589436,-0.08126406225724074,1.8379820057902265,rejected,0.0,0.06606505688327886
dist_52wh q2 & r1 q0,-0.00016816887868275216,-1.1638900777690842,0.755003984355391,rejected,0.0,0.45024659155816826
gap_today q0 & ind_mom20 q4,0.0003367482926517979,1.8139958910774654,-0.10386067791619612,rejected,0.0,0.9172799127650414
dist_52wh q1 & mom_12_1 q3,-0.0003558662508452512,-0.9678184664771798,-0.9498983151330634,rejected,0.05941829037879285,0.34216392303523396
news5 q1 & rel_ind20 q2,7.66759653620099e-05,0.996284333427509,-0.917851918740279,rejected,0.0,0.3586963966993332
dist_ma50 q3 & ind_mom60 q1,0.00041219839016488403,0.4192131339980128,1.4918111337793012,rejected,0.07681710961762736,0.1357486643399373
overnight20 q4 & r5 q2,0.00024450856610765294,1.3263998458367414,-0.5805833810851954,rejected,0.0,0.5615212755659693
log_dv q3 & mom_12_1 q0,-0.0003219458448609712,-0.3781755257138434,-1.5286219965501096,rejected,0.0741956872747594,0.126358179743433
r120 q3 & skew60 q0,2.3724621374227807e-05,1.028527861437955,-0.8781296151383012,rejected,0.0,0.37987338302970974
r1 q2 & r5 q1,0.00045006275281743457,0.6004712321009869,1.305355449210064,rejected,0.09079517819954606,0.19177184100826705
mom_12_1 q0 & r20 q3,-0.00012259477785766412,0.5613451327236701,-1.3426032630400966,rejected,0.0,0.17940047321987637
dist_ma200 q3 & ins_officer30 q2,0.0003034709634547853,-0.17769636562275992,1.721786276505105,rejected,0.0,0.08510824149521166
dist_ma200 q3 & ins_buyers30 q2,0.0002643110983483209,-0.2573438007827111,1.6410132713757557,rejected,0.0,0.10079466033477591
dist_ma200 q3 & ins_value30 q2,0.0002643110983483209,-0.2573438007827111,1.6410132713757557,rejected,0.0,0.10079466033477591
r5_nonews q3 & vol_surge5 q4,-0.00036436401942642715,-1.0266135317204326,-0.870820255221077,rejected,0.04587463123738309,0.3838523038217162
intraday20 q4 & min20 q1,2.4542385534194498e-05,0.9238286607046508,-0.9734186754128756,rejected,0.0,0.3303452608465071
r5_nonews q2 & r60 q4,0.0003267090448753697,0.45580188982090264,1.4413351374234686,rejected,0.08518711315139747,0.14949002507929782
ins_buyers30 q2 & max20 q0,0.00014538115581791167,-0.5446374444748714,1.3507758777552517,rejected,0.0,0.17676723748282486
ins_value30 q2 & max20 q0,0.00014538115581791167,-0.5446374444748714,1.3507758777552517,rejected,0.0,0.17676723748282486
days_since_earn q1 & ins_buyers30 q2,0.0002972679982905162,-0.3305912734983241,1.562605295385388,rejected,0.0,0.11814546199989588
days_since_earn q1 & ins_value30 q2,0.0002972679982905162,-0.3305912734983241,1.562605295385388,rejected,0.0,0.11814546199989588
gap_today q0 & vol_ratio q1,0.00035973527292656814,0.7882720845191374,1.1028972592913218,rejected,0.06611636789277868,0.27007178457428127
ind_mom60 q1 & log_dv q3,0.0003284957197581236,0.0016106952754248156,1.8884962441324387,rejected,0.08222173945913765,0.05895936166081109
dist_ma50 q2 & r20 q4,-0.0001865497227476913,-0.4025697162476604,-1.4847814817627505,rejected,0.07479945982440799,0.13760171892407366
ind_mom20 q4 & ins_officer30 q2,-0.00044714611117959764,-0.34330320368309475,-1.5438643562900731,rejected,0.06525374006014355,0.12262119659476407
dist_ma50 q4 & vol20 q2,-0.0002889249547707185,0.10696382072368785,-1.7758319173237032,rejected,0.0,0.07576062527613835
ins_buyers30 q4 & range_compress q0,-9.846865686563145e-05,0.3504023109691048,-1.5287610098307205,rejected,0.0,0.12632370147362348
ins_value30 q4 & range_compress q0,-9.846865686563145e-05,0.3504023109691048,-1.5287610098307205,rejected,0.0,0.12632370147362348
dist_ma50 q2 & range_compress q2,0.00036035383759503516,0.3500042621463866,1.5285999697171142,rejected,0.07406419724048735,0.12636364354207738
mom_12_1 q3 & rel_ind60 q4,-7.700420477899919e-05,-1.0566137706191212,0.8203806773631622,rejected,0.0,0.41199912726564797
ear q4 & rel_ind20 q4,-0.0004049645610055375,-1.0723660111240414,-0.804121193398717,rejected,0.042197913735979954,0.4213269859086197
dist_ma50 q0 & frog q0,-0.00028893033048726664,0.18600375307212008,-1.688192946169742,rejected,0.0,0.09137419684365818
days_since_earn q2 & mom_12_1 q3,0.00044553344834295,1.0663526091304754,0.8070612242383266,rejected,0.04144884918913417,0.4196312106872311
ins_officer30 q2 & mom_12_1 q0,-0.00014437255286937903,0.5452460010400196,-1.3278817226937438,rejected,0.0,0.18421718364294307
ins_opportunistic30 q2 & overnight20 q2,0.00016299666520403747,-0.483127675641829,1.386292539442984,rejected,0.0,0.16565759403026417
dist_ma200 q3 & log_dv q3,1.3423032143491865e-05,0.8099627372584188,-1.0584908266572843,rejected,0.0,0.2898317307419336
mom_12_1 q3 & overnight20 q3,-5.058899471973552e-05,-0.8442075226384257,1.0219761147683268,rejected,0.0,0.30679220534280194
dist_ma50 q4 & rel_ind60 q4,-0.00016223837468639575,0.4846164099357315,-1.378709174098828,rejected,0.0,0.1679844397903936
min20 q4 & r60 q4,-4.268054708101389e-05,-1.0846839373755754,0.7765581481450252,rejected,0.0,0.4374195016462519
days_since_earn q1 & frog q3,-8.109925969846665e-05,-0.9920901863744379,0.8681298543180146,rejected,0.0,0.3853232492689491
overnight20 q3 & range_compress q1,-0.0003802098324746991,-0.36834225901683826,-1.4914783011228512,rejected,0.07568950802160535,0.13583596399415132
mom_12_1 q3 & r20 q0,0.00034661691997332257,0.12206755791328082,1.7371989319449028,rejected,0.07475476911759737,0.0823520633919821
days_to_earn q2 & r120 q0,-0.00036861129183553965,-0.6146493399666463,-1.2425982558986937,rejected,0.07833587701537385,0.2140159129434518
ind_mom60 q1 & rel_ind20 q4,-0.00033567501763446514,-0.21664355223047083,-1.6405047608693097,rejected,0.06367885876552329,0.10090025939459576
ev_agreement q2 & vol_ratio q4,-0.0002438107255678847,-1.4234728568956987,0.43251379131232615,rejected,0.0,0.6653680308762702
dist_ma200 q3 & r5_news q4,0.0003002301825577485,0.5337054930731965,1.3221064561139937,rejected,0.08754101887400224,0.18613270425412684
news5 q1 & vol_ratio q1,-0.00013656297367495708,-1.1816148080629199,0.6731451168742726,rejected,0.0,0.5008549733262092
r20 q4 & r60 q4,-0.0003945869708587518,-0.5702116622050136,-1.283541885779645,rejected,0.08733653470198982,0.1993022948942048
days_since_earn q1 & dist_ma50 q3,-0.0002924377279455141,-1.5161972982986804,0.3260113060533911,rejected,0.0,0.7444158010597204
gap_today q3 & mom_12_1 q3,0.00013461040028866437,-0.5977321736197018,1.2439317658394575,rejected,0.0,0.21352467700321118
mom_12_1 q3 & range_compress q0,-2.0176341902890858e-05,-0.9835276151849665,0.854429874877355,rejected,0.0,0.39286684878652905
r5 q4 & vol20 q3,-0.00043831573672273945,-1.4465505619931962,-0.3867764744294071,rejected,0.03963808573934412,0.6989216950465045
intraday20 q3 & r5_news q2,0.00043112987477818206,0.03290426369578966,1.794529471455677,rejected,0.06980135656141379,0.07272869895776755
dist_52wh q1 & frog q1,0.00035193985337623297,-0.0641302126289533,1.7597766519963218,rejected,0.0,0.07844568328080143
max20 q0 & min20 q4,0.0004299442386169295,0.40935493877645823,1.413731681318363,rejected,0.0802204340825264,0.15744069954553053
ins_buyers30 q2 & rel_ind20 q4,-0.0004294425956664225,-0.6093948947707112,-1.2044199595080363,rejected,0.07584070001542462,0.22842730132483638
ins_value30 q2 & rel_ind20 q4,-0.0004294425956664225,-0.6093948947707112,-1.2044199595080363,rejected,0.07584070001542462,0.22842730132483638
days_since_earn q0 & ind_mom60 q4,-0.0003171339403382011,-0.9992487326923875,-0.8135511462132748,rejected,0.03946645357846326,0.4159021346339359
log_dv q1 & range_compress q3,-0.0004275546089857732,-1.7845969903683925,0.028117042622832145,rejected,0.0,0.9775688013996978
dist_ma50 q4 & ins_officer30 q2,-0.00020577430000631912,0.41087882944398413,-1.3970355441303701,rejected,0.0,0.1624028827697025
dist_ma50 q3 & ear q4,0.0003620376542429558,0.6734493921063496,1.1318622299204923,rejected,0.06608261229228393,0.2576923600967497
days_since_earn q1 & ind_mom60 q1,0.0002520982624837497,-0.38453445036062406,1.415216707638878,rejected,0.0,0.15700496732079625
r20 q4 & vol_ratio q1,-0.0003452964809932739,-0.22887573392683347,-1.570250679077127,rejected,0.055073250259701424,0.11635680350456978
ear_volsurge q4 & vol_surge5 q3,0.0002961438911287024,0.6940756089415065,1.1027432006302447,rejected,0.06459656042043327,0.2701387004245411
ins_value30 q4 & rel_ind20 q2,-0.00026148660899472337,-0.1917266993674553,-1.6043018933246442,rejected,0.05531758292056699,0.10864752398076405
dist_ma200 q3 & ind_mom60 q1,0.00039717651354449155,0.4089177972010857,1.384496666150257,rejected,0.08563100079175932,0.16620642821521428
gap_today q0 & min20 q4,0.00040693184572387924,0.785145674497621,1.007426148911477,rejected,0.052071751842561124,0.3137300306013906
gap_today q0 & range_compress q2,0.0003973032801042944,0.7486790330596709,1.0432515254271986,rejected,0.0490853064893987,0.2968318153838517
ear q1 & range_compress q1,-0.00019065528959025723,0.2579938193544031,-1.5339079116017857,rejected,0.0,0.12505230936022543
max20 q1 & r20 q0,-0.00041343265038230474,-1.2737019493104171,-0.5180950089940108,rejected,0.052872026332993795,0.6043919823439656
rel_ind20 q4 & rel_ind60 q4,-0.00040179719602679773,-0.353153008607119,-1.4377358740332298,rejected,0.07895855581514549,0.15050901024936464
gap_today q3 & r5 q1,0.00043668162455341107,0.8274817469872536,0.962301431847903,rejected,0.05201605827687587,0.33589820995304465
dist_52wh q2 & overnight20 q4,-0.00014784122920034605,0.35691029405199104,-1.4297604280092007,rejected,0.0,0.15278579019394956
ear q4 & news5 q1,-0.0002710300295019357,-0.266696326057883,-1.51833478366713,rejected,0.07416608777744303,0.12893002316353197
days_to_earn q3 & gap_today q0,0.00034907769981289285,0.9334462842040605,0.851207412865212,rejected,0.04091350661607761,0.39465414570509333
ear_volsurge q4 & overnight20 q4,0.0002755172486771192,0.21679177834543517,1.5675772611806718,rejected,0.0554800971341214,0.11697982224764922
min20 q4 & vol_ratio q1,0.000400416118406821,-0.07742121505057845,1.7067959565624635,rejected,0.0,0.08785998424811758
dist_ma50 q3 & r5 q1,0.0004310187629417962,0.9513563265349974,0.8319732108069418,rejected,0.02976326455952087,0.4054240658377595
close_loc q3 & r5_nonews q4,-0.00010613213370297283,-1.115381570670801,0.664945884338908,rejected,0.0,0.5060851063670184
frog q0 & rel_ind60 q4,-5.6530413320346863e-05,0.6441385756043277,-1.1349328085119474,rejected,0.0,0.2564034721355877
atr_pct q1 & overnight20 q3,5.350786783230732e-05,-0.6729121465174478,1.1037706836167933,rejected,0.0,0.26969262497599067
ind_mom20 q4 & news5 q1,-0.00029327967598895017,0.03566700641655787,-1.7403595644712835,rejected,0.0,0.08179590100992624
earn_in_week q4 & ind_mom20 q2,-0.00016209660666210228,-0.2786184371473406,-1.4962929532959481,rejected,0.06918915924435584,0.1345773306209805
gap_today q0 & max20 q0,-5.648677306356978e-05,-0.867529978963723,0.9061421651795364,rejected,0.0,0.36486060996806446
ear q1 & r5_nonews q1,-0.000409743725836351,-0.8417843591205956,-0.9308906992567989,rejected,0.04779418478031032,0.3519101060824969
ear q1 & range_compress q2,-0.0003957596928909802,-0.876801298179713,-0.8951115085165444,rejected,0.04038651801509831,0.37072748251472853
log_dv q1 & r60 q4,-0.00013842513238012505,0.6058132221573373,-1.1645312395272045,rejected,0.0,0.24420879097996684
ins_officer30 q2 & rel_ind20 q4,-0.00041750871749951014,-0.6037057678860367,-1.1665502982218747,rejected,0.07532102023912711,0.24339202488586328
ear q4 & ins_buyers30 q2,-0.0003320657659442311,0.11903523127707005,-1.6492676385725735,rejected,0.0,0.09909281636532552
ear q4 & ins_value30 q2,-0.0003320657659442311,0.11903523127707005,-1.6492676385725735,rejected,0.0,0.09909281636532552
gap_today q3 & rel_ind60 q0,-0.00035176043388017805,-0.27169782506572726,-1.4960727803263967,rejected,0.06988784712563358,0.13463469023843477
ear q1 & r20 q0,-0.00032690708993093936,-1.0673725512932057,-0.6950202681605037,rejected,0.0445312922508183,0.4870425998029309
close_loc q2 & log_dv q2,-0.0003711721479014604,-0.5042586395023042,-1.2573457991334924,rejected,0.0732741606333136,0.20862844654853255
days_to_earn q1 & frog q0,-0.00014986027896131117,0.5488379621683984,-1.2109824057668621,rejected,0.0,0.22590214786856302
dist_ma50 q4 & r5 q1,0.00011898137650838826,1.1551840194819427,-0.6006576525486343,rejected,0.0,0.5480680299747992
log_dv q1 & min20 q4,0.0001691305904326416,-0.34338467786135196,1.4045090284432755,rejected,0.0,0.1601673250885805
close_loc q3 & vol_surge1 q3,-0.0003622182108784175,-1.0262053267522442,-0.7215330036415851,rejected,0.03370036080743715,0.4705816424360975
intraday20 q4 & rel_ind60 q4,-0.0003610957782761919,-0.5512983139409628,-1.1964027582631271,rejected,0.07689316287228141,0.2315394254830613
ind_mom20 q0 & overnight20 q2,0.00035981068588246287,1.0545058556523073,0.6923774067693547,rejected,0.04734566172297815,0.48870035044455784
days_since_earn q2 & intraday20 q3,0.0004267308806317851,1.6612777552995475,-0.0845527517957183,rejected,0.0,0.9326169630908848
ear q1 & min20 q1,-0.0003550811239857651,-0.5936970476506374,-1.1518650771217172,rejected,0.07194828739793978,0.24937652088833978
ins_buyers30 q2 & mom_12_1 q0,-3.080149138654053e-05,0.7524207345084052,-0.9922052147971621,rejected,0.0,0.32109742918074863
ins_value30 q2 & mom_12_1 q0,-3.080149138654053e-05,0.7524207345084052,-0.9922052147971621,rejected,0.0,0.32109742918074863
min20 q4 & rel_ind20 q4,0.00040973078008989423,0.886309819206822,0.8529262096639327,rejected,0.04055022382817117,0.39370022602265187
dist_ma50 q4 & intraday20 q4,-0.00027378941240425905,0.1703657750966904,-1.5677125477583544,rejected,0.0,0.11694823199219456
days_since_earn q1 & ins_officer30 q2,0.0003723756920904791,-0.08583574869401657,1.6490366972569275,rejected,0.0,0.09914011686446776
r20 q0 & vol_surge1 q0,0.00029649896830479655,0.34051892239379955,1.3932118332685752,rejected,0.08098689540873681,0.16355574246976706
atr_pct q0 & dist_ma200 q3,0.00012204855574255263,-0.6471810891186259,1.0848017224557713,rejected,0.0,0.278009482489634
r120 q4 & r5 q2,0.00042247689792291514,1.5959004654854803,0.1359697483396797,rejected,0.01535163996106943,0.8918451961535324
dist_ma50 q2 & gap_today q0,0.00036853882612617486,0.30805357592231414,1.421678688890142,rejected,0.07562594337383817,0.15511954952672202
frog q3 & max20 q1,-0.00040594460562301955,-1.4085682140317013,-0.32078422518935784,rejected,0.03462329091469732,0.7483739146300733
atr_pct q2 & r1 q1,0.00039517975384137805,0.5300819967874552,1.1945080998872555,rejected,0.07695890660946637,0.2322792741748725
ear q1 & overnight20 q2,-4.08225891917744e-05,-0.8654139236649702,0.8565578449512954,rejected,0.0,0.3916892914572934
dist_52wh q1 & range_compress q0,-0.00022596319632124494,0.12038952474305306,-1.5983992897645325,rejected,0.0,0.10995414260161794
gap_today q0 & intraday20 q4,0.0003136011953569245,0.2583648180685165,1.4446448559478924,rejected,0.07404774449461786,0.1485576664809512
range_compress q1 & rel_ind20 q4,0.00015760259903294587,1.1445380044267068,-0.5584636068728448,rejected,0.0,0.5765278490485575
log_dv q3 & r5_news q4,0.00020163160314893175,-0.29281285740078916,1.409405154604443,rejected,0.0,0.15871540074490767
dist_ma50 q4 & ins_buyers30 q2,-0.00026532251235724796,0.2337205821568516,-1.4657954513097502,rejected,0.0,0.14270402064971452
dist_ma50 q4 & ins_value30 q2,-0.00026532251235724796,0.2337205821568516,-1.4657954513097502,rejected,0.0,0.14270402064971452
ins_buyers30 q2 & min20 q1,-0.0002828364825146837,0.15796406865928633,-1.5404488043331435,rejected,0.0,0.12345099289092355
ins_value30 q2 & min20 q1,-0.0002828364825146837,0.15796406865928633,-1.5404488043331435,rejected,0.0,0.12345099289092355
dist_ma200 q3 & ear q1,-0.0003886548958339124,-0.8133711877209088,-0.8835325939166829,rejected,0.041534378057618636,0.37694858015695215
days_since_earn q1 & ear q4,0.0002863905597941516,1.5510693516085536,-0.14515519117859388,rejected,0.0,0.8845883434122903
days_to_earn q1 & range_compress q2,0.0003479922499427513,0.2756535649991895,1.420040680966543,rejected,0.07502799847581963,0.15559583801615978
intraday20 q4 & r5_nonews q2,0.0001540397287121365,1.0194305973136815,-0.675862782020698,rejected,0.0,0.49912776952616394
days_to_earn q4 & ins_officer30 q2,7.606850317223426e-05,-0.6112701226233689,1.0823595217103528,rejected,0.0,0.27909280724118535
days_to_earn q1 & range_compress q4,-0.0003869683776942085,-0.8138185440712923,-0.8758222363720372,rejected,0.043384616668602265,0.3811266796249196
ear q4 & ins_officer30 q2,-0.0003712699067798096,-0.03269986162735104,-1.6540014743262483,rejected,0.0535973624417908,0.0981272131485812
frog q1 & r5_nonews q2,0.0003745592157162604,0.37979467557509256,1.3056416935642203,rejected,0.08018468388409472,0.1916744346760515
dist_ma50 q3 & r5_news q4,-0.0003108083322274335,-1.1708203805954147,-0.5130405659723136,rejected,0.05368568759659131,0.6079229447033487
r5_news q4 & r60 q4,-0.00012058611443641384,-1.1654971046949194,0.5172361594926376,rejected,0.0,0.6049913130249231
min20 q4 & range_compress q3,0.00042345469522492963,0.218280266674525,1.4628977119932067,rejected,0.06804686297757075,0.14349537018304792
min20 q1 & r5_nonews q2,-0.00032899945661326696,-0.6908634987982656,-0.9897144834277306,rejected,0.04988546282455475,0.3223136937356022
r5 q0 & range_compress q1,6.507486663799423e-05,0.9389582468039184,-0.741324866858459,rejected,0.0,0.4584964876940857
frog q0 & ind_mom60 q1,0.0003687190612302699,0.681668731592524,0.996671477032042,rejected,0.04532439412173717,0.3189239988956525
frog q3 & rel_ind60 q3,-0.0003519864289901134,-1.522348325160811,0.15562247467310106,rejected,0.0,0.8763306085513342
ins_opportunistic30 q2 & r60 q1,-5.4005342096018094e-05,-0.9158208884584427,0.7571299686446888,rejected,0.0,0.4489720012241792
ind_mom60 q2 & r60 q3,2.0385206908729024e-05,-0.6761161732548308,0.9955228367235629,rejected,0.0,0.3194820430312718
atr_pct q0 & intraday20 q3,0.00027949455151538607,-0.20228226313839176,1.4682451630063158,rejected,0.0,0.1420376405244462
overnight20 q4 & vol_surge5 q3,-0.0003049436360593558,-0.83774674691803,-0.8314667703786763,rejected,0.029455876660445718,0.40570999276384495
dist_ma50 q3 & range_compress q4,-0.00011391998399083504,-0.9955266207935829,0.671654658839112,rejected,0.0,0.5018035726967685
intraday20 q4 & rel_ind60 q2,0.00018527062176333124,1.1468907012231238,-0.5173256667235612,rejected,0.0,0.6049288397858614
log_dv q3 & rel_ind60 q4,-0.000277681046633191,-0.23621596475792622,-1.4271729223792116,rejected,0.07182494207780536,0.15353005733427685
ins_buyers30 q2 & r5 q0,-0.0002117291691040684,0.4802069433734889,-1.1817568716221916,rejected,0.0,0.23730218512311882
ins_value30 q2 & r5 q0,-0.0002117291691040684,0.4802069433734889,-1.1817568716221916,rejected,0.0,0.23730218512311882
ins_buyers30 q2 & range_compress q0,-0.0003908133690764586,-0.2629708754120213,-1.398652021412146,rejected,0.07568618359684405,0.16191735830664483
ins_value30 q2 & range_compress q0,-0.0003908133690764586,-0.2629708754120213,-1.398652021412146,rejected,0.07568618359684405,0.16191735830664483
r5_nonews q2 & range_compress q4,0.00017085183567632593,-0.41654532067048167,1.2432827763745526,rejected,0.0,0.21376364881874288
days_since_earn q3 & range_compress q2,0.0004178687834037451,1.076048246358322,0.5800931364201722,rejected,0.04977140518036823,0.561851812027748
ind_mom20 q4 & ind_mom60 q1,0.00024004706650762578,0.8926602118225009,0.7601496853234263,rejected,0.035251071118022115,0.4471651163391941
r5_nonews q0 & vol_surge5 q3,4.69379601753524e-06,0.8877738950810758,-0.7650014060054268,rejected,0.0,0.4442707073906977
dist_ma50 q3 & r5_nonews q3,0.00031572964751081043,1.3512594558642712,-0.29737163674038153,rejected,0.0,0.7661827953855003
close_loc q1 & days_since_earn q3,2.2999735060184325e-05,0.7190517602756902,-0.9287020738082736,rejected,0.0,0.3530435057346075
log_dv q1 & mom_12_1 q3,0.0002953515314155212,-0.09407833356187235,1.5512872866808642,rejected,0.0,0.1208328521530708
days_to_earn q3 & ind_mom20 q3,3.4563268177813636e-05,0.8167210015956857,-0.8277414860829783,rejected,0.0,0.40781691901462835
days_to_earn q4 & news5 q4,-8.859134575027953e-05,-0.9694939033317104,0.6741843570416974,rejected,0.0,0.5001941135683377
ins_officer30 q2 & range_compress q0,-0.0003861387540728802,-0.11435259216949581,-1.5275168882438668,rejected,0.06527410620230287,0.1266325309959087
ind_mom20 q4 & intraday20 q3,-0.0003905871000688723,-1.15003175788943,-0.4886489102980196,rejected,0.055950523945599046,0.6250902795876199
ind_mom20 q3 & log_dv q3,-0.0003995412092208763,-1.4704164093097327,-0.16643875811443276,rejected,0.010176848851651264,0.8678116747348873
news5 q1 & r5_nonews q2,7.120689862378887e-05,-0.30684132973615363,1.3281990541093807,rejected,0.0,0.18411235681647384
days_to_earn q1 & ear_volsurge q3,-1.3103554672218681e-05,0.6926631098680596,-0.9408556742844597,rejected,0.0,0.3467788254165737
mom_12_1 q0 & r60 q4,-0.00016575253963005843,0.12617652507150537,-1.506140546867035,rejected,0.0,0.13203109773995203
frog q1 & gap_today q3,0.00021983322751006638,-0.2559503662893954,1.3741470919436518,rejected,0.0,0.16939602220180647
r5 q0 & range_compress q4,3.0419420145668244e-05,-0.7048595588758866,0.9231751583714566,rejected,0.0,0.3559159323357099
overnight20 q3 & rel_ind60 q4,-0.00034500022804694085,0.013498630690829946,-1.6116964607415774,rejected,0.0,0.10702800823682015
ind_mom20 q0 & max20 q1,-0.00012480977172896836,-0.8914451126309245,0.7313429254421766,rejected,0.0,0.46456971743124137
intraday20 q3 & range_compress q4,0.0002660300766248486,-0.21335150857211246,1.4092540437614276,rejected,0.0,0.15876006248978758
ind_mom20 q4 & intraday20 q4,-0.0002464387380134082,0.1334645558207637,-1.4874350886208396,rejected,0.0,0.1368999352805915
gap_today q0 & rel_ind20 q4,8.939213683603297e-05,-0.4130264231184098,1.2055983905626158,rejected,0.0,0.22797238007097936
frog q4 & vol20 q1,0.00038492985387162185,0.8781546806266382,0.7279184636772432,rejected,0.03022325723356117,0.4666634999631006
days_to_earn q1 & r5 q1,0.0004138056064465599,1.1766254659379032,0.42791559930838124,rejected,0.042563028750824156,0.6687125695571163
overnight20 q1 & r1 q2,0.00035869974952721116,0.37422637994853636,1.2299327505244018,rejected,0.06916189762074977,0.21872228886029238
gap_today q0 & intraday20 q3,0.00032691917034119086,0.971880139047482,0.631512732853694,rejected,0.04898886988209646,0.5277053264719513
mom_12_1 q3 & vol_ratio q0,0.00036350276527526745,0.8712927309076843,0.7316003249445612,rejected,0.028787924860967377,0.46441254984902003
ear q4 & min20 q1,0.0001534915988626285,1.1284356838336513,-0.4740638071870115,rejected,0.0,0.6354544068142198
days_since_earn q1 & mom_12_1 q0,0.00031614319066473477,1.38188615937183,0.21663256718680987,rejected,0.012292201970405882,0.8284947034249615
ear q1 & range_compress q3,3.3768208602363945e-05,-0.6802155220363424,0.9169100297070587,rejected,0.0,0.3591897878083348
days_to_earn q1 & ins_buyers30 q2,-0.0002752206312106471,0.09027373055648995,-1.5068154052079024,rejected,0.0,0.1318579797250886
days_to_earn q1 & ins_value30 q2,-0.0002752206312106471,0.09027373055648995,-1.5068154052079024,rejected,0.0,0.1318579797250886
dist_ma50 q2 & rel_ind20 q4,-0.00025981876207793546,-0.3844038046270701,-1.209450049771991,rejected,0.0634459085841063,0.22648999017745344
dist_ma50 q1 & ev_offering q2,-0.00035130342939820235,-0.7800191748004762,-0.8124192063012352,rejected,0.03658864831648683,0.41655112920848747
intraday20 q2 & vol20 q2,0.0003643807312608413,0.7591954529076126,0.8303406852962901,rejected,0.02850650751710737,0.40634619118396004
ear q3 & gap_today q0,0.0002978133253472924,0.4559413356248897,1.1323893349218395,rejected,0.05876312670641486,0.25747078667067586
log_dv q1 & r5 q0,-0.0001732230264680804,0.3615685710956515,-1.2256897560712168,rejected,0.0,0.22031544660568989
dist_ma200 q3 & range_compress q2,0.00036526261973464136,0.3542021320376725,1.2328020379130165,rejected,0.06994298903712796,0.21764963084242928
dist_ma50 q2 & min20 q4,0.0003810782223222577,0.1834224301422757,1.4006363687518106,rejected,0.06929327840255761,0.1613228395825307
dist_ma50 q4 & r5_nonews q0,-0.00013561462132318926,0.12772910210133132,-1.456222347015689,rejected,0.0,0.14533116381906563
days_to_earn q1 & news5 q1,0.0002932558900407857,1.2688327587636292,-0.3139815185100108,rejected,0.0,0.7535350755763746
log_dv q0 & news5 q2,0.0003523674053575826,0.2398312829322464,1.340798265581606,rejected,0.07898316601316184,0.17998595949895654
mom_12_1 q3 & news5 q1,9.875376872632719e-05,-0.4711018069071845,1.109332678584512,rejected,0.0,0.26728669268300376
dist_ma200 q4 & mom_12_1 q1,7.272209699163466e-06,0.7927812650888234,-0.7846267765738352,rejected,0.0,0.43267242588130295
frog q0 & rel_ind20 q4,-0.00016417532930806237,0.2995694790097858,-1.2769945688729196,rejected,0.0,0.20160416470772957
days_since_earn q3 & vol_ratio q2,-0.0003458296348588397,-1.2145971920197949,-0.361091824410678,rejected,0.03751751153649829,0.7180308047158135
intraday20 q4 & range_compress q4,2.4827245957889724e-05,-0.6100348568506884,0.964933948909856,rejected,0.0,0.334577896006779
min20 q4 & range_compress q4,0.0003061779535737231,-0.13906394235387323,1.435897072793273,rejected,0.0,0.15103163156840713
dist_52wh q1 & intraday20 q3,-0.0001983128320898888,-1.1300811904665398,0.44453582210559994,rejected,0.0,0.6566552357765874
dist_52wh q2 & dist_ma200 q3,0.00018643179503698016,-0.3602810360618718,1.2133430479752636,rejected,0.0,0.22499869088200183
min20 q1 & mom_12_1 q3,-9.020692475684057e-05,-0.9167215914284964,0.6531960368002605,rejected,0.0,0.513629904925297
r5_news q4 & range_compress q4,0.00016921554121472545,-0.17079692868187638,1.3968932152109428,rejected,0.0,0.16244568518880836
ear q4 & intraday20 q0,-0.00020442993157743006,-0.26052268696704917,-1.3061527132273978,rejected,0.07379073580969182,0.1915006298515497
max20 q0 & news5 q1,0.0002898190649312514,0.4564925254671105,1.1095118582754309,rejected,0.055045002531197686,0.26720943171201145
gap_today q0 & r5 q1,0.0003788224861711618,1.0826897774411917,0.481801530906845,rejected,0.05646855568521221,0.6299469417534334
intraday20 q4 & range_compress q3,9.697700546237125e-05,0.9642722083676143,-0.5990437494812989,rejected,0.0,0.549143710660025
mom_12_1 q2 & r20 q4,-0.00020638775894187434,-1.0534221338825516,0.5081169701953192,rejected,0.0,0.6113713147664764
max20 q0 & rel_ind60 q4,0.0003248683945226299,0.06372505006051049,1.4972480179415506,rejected,0.05875130467637351,0.1343287351946741
r60 q3 & range_compress q1,0.00014906633365665883,1.097667262947016,-0.460505569813032,rejected,0.0,0.64515337451523
dist_52wh q2 & ear q1,-0.00014660762792304596,-0.9911045309465246,0.5629310151087664,rejected,0.0,0.5734818596701211
dist_ma50 q3 & r20 q4,-0.00033545541683298167,-0.46521196273997095,-1.0873743974775572,rejected,0.04979112245085412,0.2768713812642799
skew60 q3 & vol_surge5 q4,0.00015929954654866465,-0.3812293004188358,1.1651582787168473,rejected,0.0,0.24395493019175277
dist_ma50 q1 & vol_surge1 q0,-0.0003313185561809555,-0.8634453595404248,-0.6820115780634062,rejected,0.05030037302636364,0.495231629803646
days_since_earn q2 & r20 q4,-0.00020824597350624943,0.07953635321238868,-1.4639735716367814,rejected,0.0,0.14320116952262138
r5_news q4 & rel_ind60 q4,-0.00023261883625755626,-1.1591625987853633,-0.3836342290720923,rejected,0.040444413426285436,0.7012495665722385
intraday20 q4 & vol20 q0,0.0003523031832177853,0.19769440467472588,1.3444584877726264,rejected,0.0782217803134901,0.1788001715730806
atr_pct q2 & ear_volsurge q0,-0.0003650089959758937,-1.2670382700815468,-0.27308997905762344,rejected,0.025053335472541984,0.7847840496153105
days_to_earn q1 & r5 q0,-5.899827302376066e-05,0.5707440748653153,-0.9693565340115174,rejected,0.0,0.3323673312578288
mom_12_1 q0 & r120 q1,8.771827238587623e-05,0.9617444523689218,-0.5769363306591831,rejected,0.0,0.5639824669418394
dist_ma50 q2 & vol20 q0,0.0002974902848854007,-0.13016992470322347,1.4071816248020266,rejected,0.0,0.1593735389368453
atr_pct q0 & skew60 q4,0.0003531455570921669,0.4645186409555037,1.0721775640685782,rejected,0.050787988888553896,0.2836402856309904
frog q1 & rel_ind60 q4,0.00023288791240208922,1.3064133226696555,-0.2281459268382151,rejected,0.0,0.8195327969674147
frog q1 & max20 q0,-0.00018419674582503855,-0.9903118825508946,0.5434180730077695,rejected,0.0,0.5868419849068295
dist_ma50 q2 & intraday20 q4,-0.0002897165893369239,-1.1727161080811241,-0.36029872237742633,rejected,0.0370789650740591,0.7186237546486817
r60 q4 & rel_ind20 q4,-0.00033844619279645497,-0.5411414042790227,-0.9896081978579169,rejected,0.047390026706583974,0.3223656614884805
dist_52wh q2 & r5_news q4,-8.95617994107869e-06,-0.6061562490765648,0.9234865016554894,rejected,0.0,0.35575373157257933
r20 q4 & r5_nonews q2,0.00029366412924874334,1.3329780982773465,-0.19554660158364784,rejected,0.0,0.8449650589811692
atr_pct q0 & days_to_earn q1,-0.00019988422769246677,-1.0323689414551607,0.4960481166811844,rejected,0.0,0.619860463363199
intraday20 q3 & range_compress q2,-5.241014423663164e-05,-0.8063126210690049,0.7213633718445249,rejected,0.0,0.4706859762065426
dist_52wh q2 & r20 q4,-0.0002211990235139759,-0.1716439250849617,-1.3544849386819873,rejected,0.07359807838977528,0.1755817153008965
dist_52wh q3 & vol_surge1 q3,0.0003547441823341639,0.5554108605212746,0.9679308067940451,rejected,0.046496415551790536,0.3330789274840889
gap_today q0 & r5_news q4,0.00014447762019316107,0.015285002813146062,1.5078443498077672,rejected,0.057611252946813525,0.1315943683593072
ind_mom20 q4 & range_compress q0,-0.0002258960840462672,-0.24299799879588965,-1.2760896164279631,rejected,0.07095635313539356,0.2019238417384062
rel_ind60 q2 & vol_surge1 q3,0.0003695866353127254,1.1283380971353598,0.3904788118002686,rejected,0.038967749362135776,0.6961825200414039
dist_ma200 q0 & gap_today q1,-0.00025251220753473347,-0.34966315136071136,-1.1641787427512449,rejected,0.06977259793218178,0.24435158295520257
ear q3 & r60 q4,0.00031059087931133947,0.46536946194531537,1.044036344886326,rejected,0.04326573220004307,0.296468574567256
ear q1 & overnight20 q3,-0.00032978142726305997,-1.2253520541504062,-0.2827995682996891,rejected,0.021695666888815374,0.7773304852752472
days_to_earn q3 & ind_mom60 q1,-7.054895075673185e-05,-0.9888076767232219,0.5129389433662171,rejected,0.0,0.6079940310589595
ind_mom60 q4 & intraday20 q1,-0.00015256775684020598,0.30033213106680146,-1.2004294571256462,rejected,0.0,0.22997259424841088
atr_pct q0 & intraday20 q4,-4.8691829199364816e-05,-0.8420052530312865,0.6573423250844226,rejected,0.0,0.5109608273547107
r5_nonews q0 & vol20 q3,0.00027791823559891553,1.112119695344482,0.38398839744267743,rejected,0.038153793406785944,0.7009870470357477
overnight20 q2 & r5 q3,-0.00015240531765647351,-1.0024954887514965,0.4935115219421764,rejected,0.0,0.6216512006689672
ev_offering q4 & ins_value30 q2,-4.737454683182497e-05,-0.9598617647492573,0.5335369090410572,rejected,0.0,0.5936619685247894
ear q3 & vol_ratio q4,0.0003161797582804185,0.4635986520361554,1.028678292669782,rejected,0.0427704829487707,0.3036308737166613
days_to_earn q1 & dist_52wh q1,-6.728582319020882e-06,0.672218317325897,-0.8182077476527971,rejected,0.0,0.4132385719365862
dist_ma200 q3 & range_compress q1,4.2353593592752574e-05,0.622596208211139,-0.8676291794563741,rejected,0.0,0.38559736712034726
ear q4 & mom_12_1 q3,-0.00023827801593807914,-1.2710347277553524,0.21739728379392712,rejected,0.0,0.8278987478043839
ear q4 & range_compress q2,0.00026791180046398163,0.7758342890051497,0.7094678031254522,rejected,0.03263633503486002,0.4780342247530829
log_dv q1 & range_compress q1,0.00032746663533442065,0.6573115445701591,0.8270277257040053,rejected,0.030967091030775405,0.4082213468434867
dist_ma50 q3 & gap_today q0,0.00028326042291399925,0.2843076751860867,1.199396586920192,rejected,0.06576291503848772,0.230373774106139
ear q1 & r5_nonews q2,-0.0003554065720344426,-0.8626013997109775,-0.6191380228188461,rejected,0.04794638934936037,0.5358254366626871
rel_ind60 q4 & vol20 q0,0.00019111777125783874,-0.32963623682399107,1.1513822991713702,rejected,0.0,0.2495749926653653
days_since_earn q2 & r5 q1,0.00032952028057512214,0.5837378025273962,0.8941513953329474,rejected,0.037386572926621425,0.3712408937228639
dist_52wh q1 & frog q3,-0.00030974915452566907,-1.3447622041545169,-0.13216125989710273,rejected,0.015166914544223429,0.8948567424010362
log_dv q3 & r5_nonews q2,0.0003767371822835744,0.9559325837167922,0.5172360343215159,rejected,0.0506287134448673,0.6049914003924645
dist_52wh q1 & vol20 q0,-0.00015087805479703368,-0.9687199436458642,0.5035434725694427,rejected,0.0,0.6145822240065462
close_loc q3 & ind_mom20 q3,3.4987141435449746e-05,-0.520585447078742,0.9513973556615134,rejected,0.0,0.3414027021901143
atr_pct q2 & ev_red_flag q2,-0.00034533606988315673,-0.9452284176664119,-0.526436518674923,rejected,0.04598508540302577,0.5985849480511733
ind_mom60 q4 & rel_ind20 q1,-0.00017037669571027102,0.39360435721045234,-1.0771226706976151,rejected,0.0,0.2814254661636153
dist_ma200 q2 & vol_surge1 q3,-1.2451265865653188e-05,0.5689662988275485,-0.9009760581845964,rejected,0.0,0.3676010494842021
max20 q0 & range_compress q1,-0.0001666786436677747,0.22759779301168973,-1.241041535119329,rejected,0.0,0.21459040553340344
gap_today q0 & log_dv q1,0.00013050135483988446,-0.3440484662460723,1.1229747086539295,rejected,0.0,0.26144823601441025
dist_ma50 q4 & frog q1,0.0001802600661572436,1.191141962000525,-0.2738586006448635,rejected,0.0,0.7841932875762416
ind_mom20 q4 & mom_12_1 q0,-0.00012489076479760717,0.3351649244681144,-1.128463321609184,rejected,0.0,0.2591242986045151
days_to_earn q1 & intraday20 q3,0.000258219454847634,1.2512071606455475,-0.20962073350738852,rejected,0.0,0.8339636961527377
max20 q2 & overnight20 q4,0.0003092290649718578,1.006493012137022,0.45383864125388734,rejected,0.0445694761971153,0.6499449692373329
min20 q1 & news5 q1,-0.0001422310775394381,0.40278459880382866,-1.0534917987585584,rejected,0.0,0.29211565108299453
days_since_earn q1 & ins_buyers30 q4,0.0002187750205871247,0.9338989133693105,0.520923158807997,rejected,0.04874333524311439,0.6024203017316185
days_since_earn q1 & ins_value30 q4,0.0002187750205871247,0.9338989133693105,0.520923158807997,rejected,0.04874333524311439,0.6024203017316185
dist_52wh q1 & ins_value30 q2,-0.0003356043237587714,-0.3597806287482059,-1.0933149639455757,rejected,0.053498308596596766,0.2742555350180718
atr_pct q0 & min20 q4,0.00018072499041910654,-0.34416329894962794,1.1087975874343723,rejected,0.0,0.267517511491042
dist_ma50 q4 & min20 q1,0.00018731177169447515,1.1967152365490805,-0.25512895796716856,rejected,0.0,0.7986234988275294
days_to_earn q1 & ind_mom20 q0,-0.00013504656578654088,0.284952069481196,-1.1651535136835531,rejected,0.0,0.24395685864651412
days_since_earn q2 & gap_today q0,-0.0002782341772154403,-0.3627210395039135,-1.0824576004032702,rejected,0.048852751503446624,0.279049245701389
dist_ma200 q1 & max20 q2,0.00033919518501198927,0.42805810403087396,1.0148989154231678,rejected,0.043144056556935366,0.3101540152629917
dist_52wh q2 & log_dv q1,6.480318875178337e-06,-0.6209901637558204,0.8210452235957119,rejected,0.0,0.41162050910009507
news5 q1 & range_compress q3,0.0002626143662517851,0.712498578378051,0.7288526025818333,rejected,0.02773424692467038,0.4660918304585551
skew60 q3 & vol_ratio q2,-9.116836930323802e-05,-0.8632029241264525,0.5711854730594895,rejected,0.0,0.5678739244001207
mom_12_1 q4 & vol_ratio q4,0.00024736940968705256,0.8615136150420777,0.5707194402242104,rejected,0.044859957232130696,0.5681898388286112
gap_today q0 & log_dv q3,0.00023498106232832557,0.41039721120639533,1.021541310242998,rejected,0.04412267995689356,0.30699804752666693
ind_mom60 q1 & r60 q4,-0.00024324823818722537,-0.4499742290875136,-0.9814496503216287,rejected,0.04285567738135714,0.32637105204373373
atr_pct q4 & vol20 q3,-0.00022913406034035094,-0.5440627737821102,-0.8860318745425665,rejected,0.035765916762446594,0.3756003513574559
intraday20 q4 & overnight20 q2,-0.00030713847155509596,-1.0495053297138945,-0.37853151315178013,rejected,0.036206544702363924,0.7050357881402499
close_loc q2 & gap_today q0,0.0002763663607535363,0.7605993343878065,0.6648821816423421,rejected,0.049574845075649146,0.5061258532850451
log_dv q1 & r20 q4,-0.0002931249110414894,-0.6583810353426044,-0.7664823238991323,rejected,0.03060538862594233,0.44338936544815216
log_dv q3 & min20 q4,0.0003535801966565635,0.9322573164887221,0.4899576854604647,rejected,0.05150643204995189,0.6241638419602724
ind_mom60 q1 & range_compress q0,-0.00018249148936374515,-1.3962472223131395,0.024477716452973926,rejected,0.0,0.9804715580835945
intraday20 q4 & vol_ratio q1,-0.00027290343721628294,0.05201032821453526,-1.36770676300488,rejected,0.0,0.1714038821716439
days_since_earn q2 & ear q1,-0.0003244569524312182,-1.133826504830962,-0.284985578977239,rejected,0.020137030170082646,0.7756551903209935
ind_mom20 q4 & log_dv q0,-0.0002730138782581265,-0.3325087894698567,-1.0847175989652549,rejected,0.04652588007923837,0.27804675077591035
intraday20 q3 & news5 q1,0.00028576166411442664,1.26228406231627,-0.1536625835264331,rejected,0.0,0.8778757883367065
days_since_earn q2 & vol_surge1 q3,-0.00030343875395305754,-0.8642684952482752,-0.5508259738463184,rejected,0.049580920228170254,0.5817529769937502
ear q3 & r5_news q2,0.0002675394233800624,-0.1370674893021037,1.276124585052993,rejected,0.0,0.20191148211215684
gap_today q3 & range_compress q2,6.641929700657896e-05,-0.5334331784220862,0.8746785289419717,rejected,0.0,0.38174884592141584
dist_ma200 q3 & vol20 q0,0.00027458740510402717,-0.11336137042620102,1.294186235521075,rejected,0.0,0.19560110005920467
frog q0 & log_dv q3,-0.0003174874779335786,-0.8000353792467025,-0.6072520726703066,rejected,0.04718294732584791,0.543683639500812
dist_ma200 q3 & r20 q4,-0.00020089717146843454,-1.0654476945225102,0.3367093561307787,rejected,0.0,0.736336009647541
frog q0 & vol20 q0,0.00013874184570926025,-0.36048053196051427,1.0406746309142247,rejected,0.0,0.29802658113224456
days_since_earn q0 & rel_ind60 q3,-6.580205438081087e-05,-0.5624222346443893,0.8372619775126786,rejected,0.0,0.4024453266748941
dist_52wh q2 & vol_ratio q2,0.0003265838921097938,0.6985352076560987,0.7009995627582184,rejected,0.03748057849259267,0.4833032880799652
dist_ma50 q4 & vol_surge5 q1,-0.00026309490823549686,-0.1878665903499918,-1.2061094349024535,rejected,0.05635006280729208,0.22777529742174252
days_since_earn q4 & rel_ind20 q2,-0.0001721450413091581,0.240820261692199,-1.1500336937683864,rejected,0.0,0.2501299940052808
ind_mom60 q1 & vol_ratio q1,0.00030800502125770185,0.9048424179769762,0.48464203067104766,rejected,0.05254012784114385,0.6279302936973199
range_compress q3 & rel_ind60 q4,-0.0002587289981660386,-1.2952164541972626,0.09349106774694935,rejected,0.0,0.9255134455210574
range_compress q2 & vol20 q0,0.00030601089149930174,0.029978869520782152,1.356727567974013,rejected,0.0665075626654305,0.17486778958794466
days_to_earn q1 & min20 q4,0.0003290135016508348,0.1778033819946058,1.2085749040150446,rejected,0.05644315714395692,0.22682620272074625
log_dv q1 & range_compress q4,0.00023987228960728344,0.01798739385445649,1.3647552898497133,rejected,0.06649851664806901,0.17232997553361926
ind_mom60 q1 & min20 q0,1.6140477375749327e-05,-0.6901794979547157,0.6917753509722366,rejected,0.0,0.48907841838256466
gap_today q0 & range_compress q3,-7.495897713986525e-06,-0.6850275104186091,0.6940721247044928,rejected,0.0,0.48763697884522406
vol20 q2 & vol_surge1 q3,0.00029027290883711733,1.1634725010656972,-0.21479886961466096,rejected,0.0,0.829924134245932
r20 q4 & rel_ind60 q2,-1.4443013891289253e-05,0.4941573466104288,-0.8826288708751002,rejected,0.0,0.3774368244071891
overnight20 q2 & r5 q1,0.0003207989375590068,0.1406288488374602,1.2351076307660032,rejected,0.06124367945531864,0.2167904498321229
r20 q0 & range_compress q2,0.0002529792875972738,0.6265758279000345,0.7459177059520179,rejected,0.02934901277549641,0.4557171287167759
r60 q4 & range_compress q2,0.00016686395502566186,-0.22082841135565395,1.1515289887793125,rejected,0.0,0.24951467636179872
dist_ma200 q3 & min20 q1,6.813057628815819e-05,-0.5215687994848603,0.8471321204339723,rejected,0.0,0.39692148338382394
r5_nonews q2 & range_compress q1,0.00020166307193082253,1.008246204563395,-0.35875808770925643,rejected,0.0,0.7197760693208971
min20 q4 & mom_12_1 q3,0.0003051618622932684,-0.05326615142137585,1.3121720553142293,rejected,0.0,0.1894620883205604
ear q1 & log_dv q1,-0.00023220707181178895,-1.3329879076429747,0.02891510387734912,rejected,0.0,0.9769322995066324
ind_mom20 q0 & ind_mom60 q2,-5.983651433027706e-05,0.3988810317804445,-0.959125185159083,rejected,0.0,0.33749568421801984
dist_ma200 q1 & vol20 q1,-1.0579395717992855e-05,-0.5282259598963175,0.8297189755190852,rejected,0.0,0.40669769032599434
log_dv q1 & vol_ratio q1,0.00027936943830296344,0.40265214709552694,0.9551347278673179,rejected,0.04538900004442256,0.33950956892860584
overnight20 q0 & r5_news q2,0.0002454504748815572,1.1697155633097407,-0.1848675134455141,rejected,0.0,0.8533329522677955
days_since_earn q1 & r5 q1,0.0003020888174647128,0.08407269812302173,1.2696292812937762,rejected,0.060383438391577476,0.20421671408716385
mom_12_1 q0 & range_compress q2,0.00023757842374262658,0.50225141605967,0.8496367216977236,rejected,0.03501743573236662,0.39552708918221696
log_dv q1 & min20 q1,0.0002841093374321684,0.47370076128061195,0.8763505540238217,rejected,0.03533116002036908,0.38083949001057593
frog q0 & min20 q4,0.0002987302427804242,0.9519823474725562,0.39769508818128624,rejected,0.03658513788539805,0.6908549585049375
dist_52wh q2 & mom_12_1 q0,-0.00017866107209171459,-0.3799763553488136,-0.9696241617085951,rejected,0.042766273204605,0.3322338648653306
range_compress q1 & rel_ind60 q4,0.0002450495402936101,1.1770495230262132,-0.17021002510622943,rejected,0.0,0.8648449678691318
r5 q1 & range_compress q3,0.000308403495130487,0.6346230405688648,0.7097814190376018,rejected,0.03014253397749157,0.4778396932482617
ear q3 & gap_today q3,0.000302688520090493,0.9434466750959282,0.40041878213100524,rejected,0.033693963229587204,0.6888480927133024
max20 q3 & r5_nonews q0,0.00013037202217673724,1.065505489375972,-0.27711927555271065,rejected,0.0,0.7816885214651111
gap_today q3 & news5 q1,0.00014962682471567247,0.9578803521083952,-0.3839667791105649,rejected,0.0,0.7010030701275087
ind_mom20 q1 & news5 q1,-9.942612744418297e-05,-0.8149472812899071,0.524494872638538,rejected,0.0,0.5999343851216808
dist_ma50 q2 & overnight20 q1,2.3305913272401864e-05,-0.6627063059554895,0.6761581532026291,rejected,0.0,0.49894023811108396
ins_buyers30 q2 & r5 q3,-0.00030872675280913604,-1.2859965155134454,-0.05177615320377803,rejected,0.0030115391433837737,0.9587070570454033
atr_pct q4 & min20 q2,-3.61827052778345e-05,0.35467736190875143,-0.9750667576253412,rejected,0.0,0.3295271467561142
dist_52wh q3 & r5_nonews q4,0.00026677425042156023,0.6350817515384983,0.6917436526881997,rejected,0.04277624236209164,0.4890983280535181
news5 q1 & vol_surge1 q2,0.00019994411562241943,0.3055435872190926,1.0179479600724355,rejected,0.04137250459886136,0.30870268774159554
frog q1 & intraday20 q3,0.00025423097575377973,0.08939709120428141,1.2324638621204376,rejected,0.05936381579909387,0.2177758579230154
frog q1 & range_compress q1,-9.470725897467075e-06,0.5148489785032974,-0.8060574482573514,rejected,0.0,0.42020972529653217
gap_today q3 & ins_buyers30 q2,-0.00028017032276646936,-0.09500740416543499,-1.2253321167947728,rejected,0.05711399987637786,0.22045011224940586
gap_today q3 & ins_value30 q2,-0.00028017032276646936,-0.09500740416543499,-1.2253321167947728,rejected,0.05711399987637786,0.22045011224940586
ev_offering q2 & ind_mom60 q0,-0.00031011856575501235,-0.29814013809100975,-1.0221955153574431,rejected,0.039926220129654647,0.3066883729310714
r5 q0 & range_compress q2,0.000256825547424286,0.6147638176957326,0.7016620490345488,rejected,0.034864309692694016,0.4828899457932575
frog q1 & r60 q4,0.00020911690234948595,1.0931234488526063,0.22194453498848715,rejected,0.012045648482416235,0.8243570610764324
ind_mom20 q4 & vol_surge1 q1,-0.000244955239096367,-0.2891178107058635,-1.0251897005611816,rejected,0.037628320214829834,0.30527368702796626
news5 q1 & range_compress q2,0.00026344690711000026,0.14144615697099394,1.1700952206079398,rejected,0.05793892745497888,0.24196265162482847
dist_52wh q2 & intraday20 q3,0.0002949324755198204,0.3713012509163457,0.939354371333036,rejected,0.04276751764021934,0.34754883160660377
close_loc q1 & ev_agreement q4,-8.777691804806673e-05,-1.0070781929037926,0.30343414135466085,rejected,0.0,0.761559030314447
dist_ma200 q3 & dist_ma50 q4,-0.000313090001049757,-1.1138173789553572,-0.19661545021958407,rejected,0.012914349470531767,0.8441284790884886
mom_12_1 q2 & range_compress q2,0.00035051369577607065,1.0946521229737556,0.21560003790561838,rejected,0.013299616225832948,0.8292995262506127
days_since_earn q3 & log_dv q1,0.00031636016100165625,1.133725988369146,0.17465004693726152,rejected,0.011834848592899586,0.8613546211245077
close_loc q2 & dist_ma200 q2,-7.787328236411025e-05,-0.7772091691974439,0.5287549578775761,rejected,0.0,0.5969754472717723
r5_news q4 & range_compress q3,2.5194479445649212e-06,-0.5959248721694889,0.7057267772004676,rejected,0.0,0.4803580654250633
days_since_earn q1 & range_compress q1,0.0001690427277224975,1.032226700915451,-0.26839025352207346,rejected,0.0,0.7883989409642487
dist_52wh q2 & r5 q1,0.00029400547184066367,0.3048649763017239,0.9955559283741422,rejected,0.038709490105964854,0.31946595717620646
ear q3 & ind_mom20 q4,4.80498338056838e-05,0.8282309010645514,-0.47135264338027727,rejected,0.0,0.6373889280414596
dist_ma50 q3 & ear q3,0.0002487292183615488,-0.11744682480571,1.1820908311580534,rejected,0.0,0.23716966208677928
dist_ma50 q0 & max20 q0,-4.015496935105746e-05,-0.5776996902519101,0.7218291829991609,rejected,0.0,0.47039950490739096
days_since_earn q1 & r5 q4,-0.00022737997335578634,-1.0988738790976302,-0.19992123427621192,rejected,0.013001154612643,0.8415421831285876
ind_mom60 q1 & rel_ind60 q4,-0.00028256364453423447,-0.08178241665154136,-1.2152479587106932,rejected,0.05510051114338594,0.22427153391646995
log_dv q1 & range_compress q0,0.00020596836296631304,0.643935892464529,0.6518164921891891,rejected,0.0497161955538319,0.5145195611475122
close_loc q2 & earn_in_week q4,8.974783271805717e-05,0.5338477882765041,0.7598328520519482,rejected,0.031103759033110245,0.44735450303973295
days_since_earn q1 & min20 q4,0.00025657204805909836,0.15348688087426499,1.1398835074900093,rejected,0.051493546807004104,0.25433483694285564
intraday20 q3 & r20 q4,-0.00025973086536659073,-1.1922258655825162,-0.09504439634085762,rejected,0.009155276135506665,0.9242795633279911
intraday20 q1 & max20 q1,0.0002742731725252473,0.08644041522049553,1.1979984974997064,rejected,0.05809316636402657,0.23091760191449107
r20 q3 & vol_ratio q4,0.000277336531967776,0.1783524929360447,1.104358458897914,rejected,0.04674802204270259,0.26943767328971013
ev_shelf q2 & max20 q3,-8.596479232800828e-05,0.3417525856886089,-0.9394769323890108,rejected,0.0,0.34748593029059416
gap_today q0 & overnight20 q2,0.00019298464808406755,1.0449022919904487,-0.23323376113438365,rejected,0.0,0.8155798910566812
ins_value30 q2 & r1 q2,0.00024942076869790566,0.05456556089838435,1.2232545849422969,rejected,0.055251551399181885,0.22123355460905506
ind_mom60 q1 & mom_12_1 q0,0.0001220723093699112,0.9425180508029571,-0.32854954824257127,rejected,0.0,0.7424961873775044
max20 q0 & range_compress q2,0.00018878919979510526,-0.22609479591039472,1.0446312511352158,rejected,0.0,0.2961934301988056
days_to_earn q3 & range_compress q1,0.00016498004309523927,0.9940392491933646,-0.27372836902453024,rejected,0.0,0.7842933747726892
intraday20 q4 & r60 q4,-0.00025917830508738167,-0.3828420995484839,-0.8843660329941329,rejected,0.03414525135862234,0.37649865283914896
dist_ma50 q0 & frog q4,6.73011991259944e-05,-0.3909454341429206,0.8759733194668186,rejected,0.0,0.38104453838772195
dist_ma50 q4 & range_compress q2,-9.586425579087481e-05,-0.7224018413532071,0.5427687821355952,rejected,0.0,0.5872890097635315
intraday20 q0 & max20 q3,0.00019982993844667828,1.0433158694607332,0.2209647614068326,rejected,0.012391198294696064,0.8251198711155805
log_dv q0 & vol_surge5 q4,4.4307935665675135e-05,-0.45638716951722064,0.8037445217398139,rejected,0.0,0.4215445358635941
days_since_earn q2 & log_dv q1,-0.0003108616033395805,-1.2335154350498387,0.026135715844058167,rejected,0.0,0.9791490896610117
atr_pct q0 & ind_mom60 q4,-0.00014306021502494818,-0.9771494238606708,0.2793537882724172,rejected,0.0,0.7799733314793281
days_since_earn q2 & range_compress q1,-0.00010342332904185488,0.3359984627864605,-0.9184245338105492,rejected,0.0,0.3583966512970538
days_since_earn q1 & intraday20 q3,0.00016987233283131397,-0.13048485820300695,1.1217533574594722,rejected,0.0,0.26196732286609326
gap_today q3 & r5_news q4,-0.0002115778308248947,-1.1167682577020914,-0.13399549868899555,rejected,0.013971302311435658,0.8934061338623095
atr_pct q1 & dist_ma200 q0,-0.00017355931205719966,-0.10020080543997247,-1.145841611765046,rejected,0.05296493033196955,0.2518606940233727
intraday20 q4 & mom_12_1 q3,0.00012128295538182848,-0.3757395662560388,0.8693925107388136,rejected,0.0,0.38463247804721995
r5_nonews q2 & rel_ind60 q4,0.0002715910106087909,0.5853009202706345,0.6594777549636461,rejected,0.04608570089129827,0.5095890261499552
dist_ma50 q2 & r120 q3,-0.00024382480981318145,-1.0750978366991129,0.16920413801381035,rejected,0.0,0.8656360750585252
ear q1 & max20 q3,-0.00024169427229291487,-0.5055300298143838,-0.7373271130568491,rejected,0.027145490518054392,0.4609234479225955
overnight20 q2 & range_compress q0,-5.4883003142260906e-06,0.5576165595554597,-0.6846135042975315,rejected,0.0,0.49358784315488574
ins_buyers30 q2 & r60 q3,0.00021686262172709953,-0.03245949127273465,1.2077858633789091,rejected,0.0,0.22712964049501735
dist_52wh q1 & ear_volsurge q0,-1.1608536447136634e-05,0.5393929743385198,-0.6993142653024375,rejected,0.0,0.4843556539244096
max20 q0 & mom_12_1 q3,0.00021178385254468592,-0.19296928703371785,1.044907189860689,rejected,0.0,0.296065866464385
dist_52wh q2 & r1 q1,0.0002675192968279418,0.24391557607365125,0.9914554416952763,rejected,0.03809415199884913,0.32146323973091756
days_to_earn q1 & r5_nonews q0,-2.1721364366182995e-05,0.5581339051566729,-0.6758291769145299,rejected,0.0,0.4991491078090499
days_to_earn q1 & log_dv q3,-0.00026044960195184406,-0.2637534539429292,-0.9648682149658809,rejected,0.04108254605238656,0.3346108234694599
days_to_earn q4 & ins_buyers30 q2,0.0001122489259504279,-0.33886865112697456,0.886452138836637,rejected,0.0,0.37537393400612845
dist_52wh q1 & gap_today q0,0.0002351426877830803,0.4039435684503413,0.8195207670433216,rejected,0.02903048093599924,0.41248935848125406
intraday20 q4 & r5 q0,-0.00015106457859116485,-0.27591253984109243,-0.9430940082310807,rejected,0.04019791018372552,0.34563282023657527
gap_today q0 & rel_ind60 q2,5.14927020251372e-05,0.636219085980757,-0.5814128705723004,rejected,0.0,0.5609622251531448
r5 q0 & rel_ind60 q1,0.00016092462038885794,0.9437410080297021,-0.27065039582048017,rejected,0.0,0.7866599315960665
days_to_earn q1 & vol_ratio q1,-0.0002722300313001619,-0.3865800839784809,-0.8235952056144875,rejected,0.0269612107047362,0.41016960105323463
frog q1 & rel_ind20 q4,-3.812047733010958e-05,0.5589979297368158,-0.6499572247102089,rejected,0.0,0.5157198524684012
dist_ma200 q3 & r5 q1,0.00029855894652896657,0.8861230355161186,0.3222867939413323,rejected,0.03126832476926046,0.7472354367630972
ev_red_flag q2 & ind_mom60 q2,0.00028440671945461395,0.45446672251654135,0.7526767668935633,rejected,0.029297998323663508,0.45164417443161636
intraday20 q3 & range_compress q1,0.0002497307193340489,0.17731558000545247,1.0297949633244519,rejected,0.035306369883036696,0.30310626559983506
range_compress q2 & rel_ind20 q4,-0.00015919076090902809,-0.8012467497107867,0.40457639621862823,rejected,0.0,0.6857889116240378
news5 q2 & vol_surge5 q4,-0.00011523645732569511,0.3320741386726921,-0.8698883649111785,rejected,0.0,0.38436141450257555
ear q4 & range_compress q4,0.0001698562859194856,0.04994450444005919,1.1460481980483195,rejected,0.051140896622057605,0.251775209790578
ear_volsurge q3 & gap_today q0,4.446238117825944e-06,-0.5786970572045814,0.6165330114434486,rejected,0.0,0.5375427913790786
days_since_earn q3 & range_compress q4,-0.0001725391874545135,-0.8556847356201234,0.3303764967758544,rejected,0.0,0.7411154983239714
dist_ma50 q0 & vol_ratio q4,5.826938608045009e-06,-0.6060779774058206,0.5753173306428757,rejected,0.0,0.5650767027162138
intraday20 q4 & range_compress q2,0.00023756909498624443,0.6232202540429742,0.55742157224786,rejected,0.043598948667040324,0.5772394299387213
close_loc q4 & ind_mom20 q0,-0.0002200262919617664,-0.7419349754950365,-0.4377821448026224,rejected,0.037806590819514985,0.661544215491972
dist_ma50 q4 & r5_nonews q2,0.00023191309669479858,1.0000036240336247,-0.1783628403356454,rejected,0.0,0.858438030442635
min20 q1 & rel_ind60 q4,-9.77941998112681e-05,0.28499725045499424,-0.8907907147713104,rejected,0.0,0.37304145738427447
min20 q4 & r20 q4,0.0002771043432302024,0.2693593033103422,0.9062633710516423,rejected,0.030729280104314423,0.36479646809215427
close_loc q3 & rel_ind20 q0,6.90114251462541e-05,-0.3077176424464665,0.8676946073733928,rejected,0.0,0.38556153878395066
ear q4 & r5_news q4,-0.00015277923912897267,-0.8693212880692162,-0.3011974510461403,rejected,0.02510261677549125,0.7632639334037968
rel_ind20 q4 & vol20 q0,3.181990829844929e-06,-0.47418318708669416,0.6942807985922543,rejected,0.0,0.4875061302550983
min20 q4 & rel_ind60 q4,0.00020175644383340374,-0.0980272521341401,1.070136363198483,rejected,0.0,0.28455793340451907
dist_ma50 q3 & mom_12_1 q3,4.190712808707905e-05,-0.4506588593444466,0.7107033337995338,rejected,0.0,0.4772680933412582
r5_nonews q4 & vol_surge5 q0,-5.357679662830373e-05,0.3935631724182148,-0.7642521210119095,rejected,0.0,0.444717011689525
overnight20 q3 & r5 q1,-0.00027006333479368184,-0.45032345915079697,-0.7051490230427233,rejected,0.0297692531180971,0.48071750129358054
atr_pct q0 & vol_ratio q4,0.00023051250925868895,0.18852327950993117,0.9658378825905002,rejected,0.03788400631246275,0.33412530916626887
dist_52wh q1 & log_dv q1,0.0002704019569930766,0.9545492886559542,0.19821861560609746,rejected,0.011814199953884042,0.8428740233005547
max20 q0 & rel_ind20 q4,6.298536397246611e-06,-0.623112471274365,0.5267565657503914,rejected,0.0,0.5983626487269692
mom_12_1 q0 & range_compress q1,-0.0001299067237699076,0.17265438808873468,-0.9771238735587658,rejected,0.0,0.3285078299795254
ear q4 & r5 q1,-2.2650270942110868e-05,-0.5958080269960049,0.5498858979181571,rejected,0.0,0.5823976372478863
dist_ma50 q4 & gap_today q0,0.00021925186888599633,0.8688322966899724,0.2725450721724846,rejected,0.022470951076951975,0.7852029398273739
ear q3 & news5 q1,-0.0001967438253546371,-0.7372956579504387,-0.40172552906922215,rejected,0.032063889713912004,0.687886034246433
ear_volsurge q4 & mom_12_1 q1,-0.00012122518322575737,-0.8557331853859418,0.282428764436848,rejected,0.0,0.7776147615346681
overnight20 q0 & skew60 q1,0.0002045677008500158,0.5558726005905598,0.5745414728831434,rejected,0.038747022534738836,0.5656014443031878
dist_ma200 q3 & rel_ind20 q4,-3.999954116298181e-05,-0.5665643310562949,0.5616358628916541,rejected,0.0,0.5743641408260203
atr_pct q0 & news5 q1,0.00019168528139512138,0.08496961447874549,1.042869975384915,rejected,0.034510614451486635,0.2970085170481263
earn_in_week q1 & min20 q4,0.00010930004888694308,0.9106652771470294,0.21605648331262578,rejected,0.011526827719543694,0.8289437198293088
range_compress q4 & vol_ratio q1,-7.080177306152964e-05,-0.6690464064928144,0.4571912023001894,rejected,0.0,0.6475336213043871
min20 q1 & r20 q4,4.066072292606116e-05,0.6239418991299053,-0.5009391292934725,rejected,0.0,0.6164139630561258
close_loc q0 & r20 q3,0.0002343905651717042,1.105055438072634,-0.015541387309439377,rejected,0.0,0.9876002661753885
ind_mom20 q4 & vol20 q0,0.00018335104149341715,-0.16144607663874805,0.959113541397194,rejected,0.0,0.33750154934567395
ear q4 & intraday20 q4,-0.00012430313932159062,0.10173534568876642,-1.0149254761468713,rejected,0.0,0.31014135309262625
ins_value30 q2 & vol20 q3,-0.00028897040117514925,-0.9315920800897006,-0.18454186763781866,rejected,0.010367784473054397,0.8535883854973421
days_since_earn q0 & r5_nonews q3,-0.0002427160548768029,-0.3018084789313885,-0.8139041102214452,rejected,0.028433330198947022,0.41569988587674234
dist_ma50 q4 & log_dv q3,-0.00015734983884915983,0.06215159792036386,-1.0526950344510784,rejected,0.0,0.2924807851849148
atr_pct q0 & range_compress q1,-0.0002453544685565049,-0.718132510743126,-0.39289133614999705,rejected,0.03255672510917562,0.6943997408488702
ear q2 & r1 q1,3.198331938396344e-05,0.6329602096510252,-0.4778776848827488,rejected,0.0,0.6327372649502971
dist_ma200 q3 & gap_today q3,0.0002470459142408764,0.22778372597579244,0.875924220729574,rejected,0.03173525314025353,0.3810712313204851
dist_ma50 q4 & ear q3,0.00024053455959727508,0.34961620784781827,0.7506066057444271,rejected,0.026866108108839836,0.4528894444783938
gap_today q0 & r5 q0,0.00017558157434886286,1.0034184504465093,-0.09663596794770743,rejected,0.0,0.9230154918634135
close_loc q4 & r5_nonews q0,0.0001552227645037328,0.0029482158643402583,1.096954054926842,rejected,0.042334720588310386,0.27266147715461414
intraday20 q4 & log_dv q1,-0.00023473570280647558,-0.4963092928123587,-0.6024560566048609,rejected,0.038439783612828224,0.5468706056273553
r5 q0 & r5_nonews q2,0.00016647170330186796,0.8497517174838837,0.2475430436004956,rejected,0.01849631522526456,0.8044879837927892
r5 q1 & range_compress q0,0.00016987843520634252,0.5705080995638088,0.5257901373176366,rejected,0.040314306231901034,0.5990340278886903
ear q3 & r5 q0,0.00017358501200436007,1.073727921144585,-0.022059121055640316,rejected,0.0,0.9824007952060493
max20 q3 & vol20 q1,-0.00022613343738373982,-1.0404612699677835,0.05490121128055525,rejected,0.0,0.9562171668739106
ear q4 & intraday20 q3,-9.60529990334556e-05,-0.7446550590098224,0.34819796071257264,rejected,0.0,0.7276915191881693
days_to_earn q0 & log_dv q3,-0.00021178888854579933,-0.40229504381042286,-0.6891809776710709,rejected,0.038542049858678984,0.4907093859492816
dist_ma200 q3 & log_dv q1,0.00012864572565357676,-0.20891436681693556,0.8818175931378891,rejected,0.0,0.3778754561401203
days_to_earn q1 & ear q3,1.7336815032728815e-05,0.5413797805391901,-0.5484815615269757,rejected,0.0,0.5833612864751074
dist_ma200 q3 & ind_mom20 q4,0.0002493430259941147,0.5476297649272039,0.5400276919131618,rejected,0.04123696061099292,0.5891779352338802
min20 q2 & skew60 q2,-0.00024959843292298464,-0.5729210805894489,-0.5131510256399768,rejected,0.04385492901740172,0.6078456809099664
overnight20 q4 & rel_ind60 q4,-2.4788973259326156e-05,0.49740723139468546,-0.586521652804598,rejected,0.0,0.5575250150889641
earn_in_week q4 & r5 q1,0.00010258063701527604,0.3576632393414353,0.7259791527610937,rejected,0.02444736093065984,0.46785155078653295
dist_52wh q1 & min20 q4,2.4053729143411273e-05,-0.4439787032830215,0.6391582045435658,rejected,0.0,0.5227200186425813
dist_52wh q2 & range_compress q1,-0.00026463652778237125,-0.9223135123413788,-0.16001858346752743,rejected,0.010944308204254748,0.8728664353590838
mom_12_1 q1 & range_compress q1,-0.00017932474683637906,0.09100452544309892,-0.990869985312873,rejected,0.0,0.32174907011399506
frog q0 & range_compress q1,-0.0001774713853658919,0.10291287343080718,-0.9753068570217767,rejected,0.0,0.3294080701562854
days_since_earn q1 & r5_nonews q2,-0.000245992094797976,-0.7119970816719673,-0.36229642958531916,rejected,0.03059836975280059,0.7171305259903074
gap_today q0 & r60 q4,0.00020875470718786237,0.8317088026807298,0.2397136927275681,rejected,0.017834240302332247,0.8105522191388785
dist_52wh q3 & vol_surge5 q1,-0.0002483703482524929,-0.30604694683929284,-0.7629625646474272,rejected,0.027604969540380993,0.4454857219054672
frog q0 & range_compress q2,0.00010460849052923636,-0.2932332285187429,0.7736877429323726,rejected,0.0,0.4391154700864915
days_to_earn q1 & overnight20 q2,0.00023179358485251648,0.9722064962782843,-0.09259571446848651,rejected,0.0,0.9262247484808677
r60 q4 & vol20 q0,0.0001128979462891757,-0.3592474598404996,0.7051593775229342,rejected,0.0,0.48071105821335963
ev_offering q2 & rel_ind20 q3,0.00023207215886385658,0.19147687255383528,0.872648073381515,rejected,0.0312608424810004,0.38285492898910417
ear_volsurge q3 & r5 q1,-0.00017493582357803946,-0.8604173063664075,0.20308785316813313,rejected,0.0,0.8390663656669918
ind_mom20 q4 & min20 q4,0.00024369570205015647,0.06502315208762607,0.9984654410018831,rejected,0.03325666343275538,0.31805371437779306
dist_ma50 q3 & ind_mom20 q4,-0.00023601086217838884,-0.17280087794439533,-0.8852230162361623,rejected,0.029342436976626703,0.3760363610224782
frog q1 & mom_12_1 q2,0.00017477042636020868,-0.102355719770463,0.9542748929688765,rejected,0.0,0.33994451341235155
gap_today q3 & ind_mom60 q1,0.0002451061839004847,0.01825018198349445,1.038272170984911,rejected,0.033163685008900295,0.2991433609418299
days_since_earn q1 & ear q3,8.452301142293548e-05,-0.28807016457894574,0.7682389271666732,rejected,0.0,0.4423452506823645
days_to_earn q1 & r20 q2,-0.00024893007155276926,-0.8142626557724777,-0.24160063516140662,rejected,0.017858245225583106,0.8090896298777328
frog q0 & news5 q1,-0.00012995238419674648,0.15069179962600424,-0.9041504104879168,rejected,0.0,0.3659156510655132
frog q1 & r5_news q2,0.0002370669490796815,0.2758728957766262,0.7770355638202951,rejected,0.02878817501483982,0.4371377884513946
r1 q3 & range_compress q4,0.0002542395762286499,0.19006702548152582,0.8588109707603695,rejected,0.030394841966651615,0.3904448138861562
ear q3 & intraday20 q4,-2.7308921972953633e-06,-0.5634518108704044,0.4823891270672414,rejected,0.0,0.6295295435906368
earn_in_week q4 & vol20 q3,-6.629854745370443e-05,-0.958339669356402,-0.08490124413909243,rejected,0.005833613301124217,0.9323399026806317
overnight20 q3 & range_compress q4,0.00024055446681565745,0.6608679883721177,0.3813051302941327,rejected,0.03362580378572995,0.702976847283439
frog q1 & ind_mom60 q1,0.00018096318813700936,-0.06592242280948737,0.9758878819003112,rejected,0.0,0.3291200279240305
mom_12_1 q4 & vol_surge1 q2,5.410251597408078e-05,0.6094514350244494,-0.4305190936922462,rejected,0.0,0.6668180804756816
ear q4 & frog q1,-0.00021912577912336703,-0.8424074335864602,-0.19460787897837256,rejected,0.012902615689066596,0.8456999344595715
days_since_earn q1 & range_compress q2,0.00021143470922184538,-0.03993773219904926,0.9940947112077054,rejected,0.0,0.32017675993748307
ear q1 & frog q0,-0.00021993611604431495,-0.6284910019324796,-0.40526758388183026,rejected,0.02919281237259603,0.6852808315350429
days_since_earn q3 & ind_mom60 q4,0.00020836094220198667,0.9712449792089305,-0.06030890943838987,rejected,0.0,0.9519096061584251
ear q3 & min20 q1,-2.4000800029786126e-05,0.4235722246860702,-0.6062813698877721,rejected,0.0,0.5443279276242923
vol20 q3 & vol_surge1 q2,0.00022408516175379504,0.6473013843226053,0.38091567853596675,rejected,0.033950367098905664,0.7032658182073126
frog q1 & mom_12_1 q0,0.00021389473808855293,0.91733329715232,0.1103830779561363,rejected,0.011456873181059457,0.9121055729489183
mom_12_1 q0 & r5_nonews q2,0.00014917561222156393,0.8412436911291379,-0.18549021116013523,rejected,0.0,0.8528445574078101
dist_ma50 q4 & ear q4,-6.0565582277232555e-05,0.28696273892131696,-0.7390515937411791,rejected,0.0,0.4598756688209314
days_to_earn q1 & overnight20 q3,-5.388734980069093e-05,0.32302738084106386,-0.6980929253501339,rejected,0.0,0.4851190821514528
frog q1 & news5 q1,6.429182587774096e-05,0.6858132910463207,-0.3295855790587586,rejected,0.0,0.7417131205467831
ins_officer30 q2 & vol_surge5 q1,5.014686771151439e-05,0.6146370275673303,-0.3996601964152024,rejected,0.0,0.6894068128121456
frog q4 & r5_nonews q0,3.428945069489433e-06,0.5145590009085799,-0.4984774762773116,rejected,0.0,0.6181475408225177
ear q1 & ind_mom20 q4,-0.00023245733904532885,-0.6464513957130629,-0.36358872402312237,rejected,0.030436935245539306,0.7161651482347038
close_loc q1 & dist_ma50 q4,-0.00016864474600521287,-0.3058374645736021,-0.7018637645597592,rejected,0.028497536769521718,0.4827641284156379
ind_mom60 q0 & range_compress q3,-0.0002136263733789738,-0.9175379907424674,0.08899836520741779,rejected,0.0,0.9290832093412108
mom_12_1 q3 & r5 q0,9.406752597480439e-05,-0.24001480883055054,0.7647609774933151,rejected,0.0,0.4444138884281929
days_since_earn q3 & news5 q1,0.00020524939685787763,0.9739814881132174,-0.029335472221730295,rejected,0.0,0.9765970363263566
dist_52wh q2 & range_compress q0,-4.4386763074058624e-05,0.2971248298580048,-0.7028633156104571,rejected,0.0,0.48214093459191976
intraday20 q3 & min20 q1,0.00019605338981228804,0.6529463125317472,0.34527677345541996,rejected,0.02715767946393629,0.7298863063179796
frog q1 & r5 q0,0.00018457964028188554,0.18645920916430958,0.8114964634348429,rejected,0.027390567227593504,0.4170806230231646
news5 q4 & range_compress q4,0.00014158388927479115,-0.09042541924118862,0.9071890747581512,rejected,0.0,0.3643068201578567
frog q4 & r20 q0,6.861924600327609e-05,-0.2789631315327268,0.7116690876722749,rejected,0.0,0.4766697141054117
days_since_earn q3 & vol_surge5 q1,-0.00023250086352170118,-0.537290278633995,-0.44976423767533946,rejected,0.037164953283472156,0.6528804469418978
ind_mom60 q1 & mom_12_1 q2,0.00021394327394344992,0.028417083856780274,0.9579524489638301,rejected,0.034389015341714645,0.3380867369489587
gap_today q0 & rel_ind60 q4,0.00019171950767729053,0.5231646006487732,0.46175498785118935,rejected,0.038007808577949,0.6442570332816471
days_to_earn q0 & vol_surge5 q1,-0.00020077796247199383,-0.7606190724915309,-0.22386695152373698,rejected,0.009860697822384804,0.8228608319569015
gap_today q0 & range_compress q0,0.00015330392170638223,0.9587140663434186,-0.02572676582328037,rejected,0.0,0.9794752748797788
log_dv q1 & rel_ind20 q4,-0.00020308542893548523,-0.45144160350254964,-0.5316922189403148,rejected,0.039002101132801975,0.5949391819652847
range_compress q1 & skew60 q0,0.00012576197040973757,0.7583587398974487,-0.21997744562146157,rejected,0.0,0.8258887202667111
ear q3 & log_dv q1,0.00017280558437733032,0.05819488399867612,0.9168368903032151,rejected,0.03140464188034478,0.3592281183663812
dist_ma50 q2 & mom_12_1 q2,0.00020218835330416466,0.155078215425712,0.8189996628445781,rejected,0.025359744594429398,0.4127866059479558
dist_ma50 q3 & min20 q1,-0.00010003736757365354,0.23680937137329833,-0.7351366989686073,rejected,0.0,0.46225624587141817
gap_today q0 & news5 q1,-8.1398180191542e-05,0.22675236985671365,-0.7451655773622862,rejected,0.0,0.4561716295620836
atr_pct q0 & gap_today q0,-4.1374378111416005e-05,-0.5244393072931206,0.4467785293392912,rejected,0.0,0.6550349751079714
days_since_earn q2 & r1 q3,0.00020245282959664007,-0.015323512671963335,0.9557503923604005,rejected,0.0,0.3391983565513427
ear q3 & intraday20 q3,0.00022427642627050664,0.30888909336154136,0.6613118317597115,rejected,0.03826306225152424,0.5084123552578836
ear q4 & log_dv q1,0.0001910529385563909,0.7430582921896414,0.22622799007974312,rejected,0.012746806180954657,0.8210241019266483
frog q2 & log_dv q2,0.00010915197708819148,0.44839986065978826,0.5206605355302809,rejected,0.039688305376579074,0.6026032708108114
atr_pct q0 & range_compress q2,8.562492863651917e-05,-0.2996373384958061,0.668523610297619,rejected,0.0,0.5037994159490687
ind_mom20 q4 & range_compress q2,-0.0001940910121914276,-0.810765751250508,0.15505302122774373,rejected,0.0,0.8767795178048025
ind_mom60 q1 & news5 q1,0.00016688238531321244,0.18599255302705534,0.7789638848096528,rejected,0.026604113524166407,0.4360009893909945
atr_pct q0 & r20 q4,-7.824195615982142e-05,-0.6744202137237381,0.2891713291331404,rejected,0.0,0.7724502710720835
ind_mom20 q4 & mom_12_1 q3,-0.00023294747989906667,-0.7754307828397009,-0.18684145385666456,rejected,0.008918264132648257,0.8517849437156924
days_to_earn q2 & gap_today q0,0.00010525832857453768,-0.2845057483652752,0.6759725618057199,rejected,0.0,0.4990580658748638
atr_pct q0 & r5 q1,0.00012156938390733007,-0.16867900849130574,0.785924253507067,rejected,0.0,0.4319118646368885
frog q0 & r5 q1,0.0002130692622068504,0.3073858198135236,0.6471086214175216,rejected,0.043025739259441,0.5175616458792176
dist_ma50 q1 & r120 q3,0.00019937412345965438,0.5834112672281543,0.37008024620487806,rejected,0.028439913010183792,0.711322700109072
ear q4 & r5_nonews q2,-0.00022011051756082298,-0.6307089210303397,-0.3161190990999434,rejected,0.027459783507179158,0.7519121105308644
days_to_earn q3 & max20 q4,0.00013216345074643147,0.4044570665569012,0.5402249593106649,rejected,0.03894292386665667,0.5890419018155587
ear_volsurge q1 & max20 q1,5.297202695063488e-05,-0.3166868839948582,0.625943313346456,rejected,0.0,0.531352123417216
intraday20 q2 & r1 q1,-0.00022214540738245888,-0.3712233254986331,-0.5693377164758219,rejected,0.035822745576327704,0.5691269757465576
ear q1 & news5 q4,-0.00016042903539529677,-0.37646635774723997,-0.5640030537077457,rejected,0.03500297454898756,0.5727520539129023
days_since_earn q1 & log_dv q3,-5.9460328437262586e-05,-0.5678445187442803,0.3722733291649652,rejected,0.0,0.7096893541133134
days_to_earn q3 & ear q1,-0.00018313860538800414,-0.28433968426209544,-0.6538153239100922,rejected,0.04137409264872547,0.5132307926397521
dist_ma50 q3 & vol_ratio q4,-3.121435424049596e-05,-0.5430999696214591,0.39393724300271654,rejected,0.0,0.6936273730986957
ind_mom60 q4 & rel_ind60 q3,3.0098297948779215e-06,0.4199271861042841,-0.5162550117153775,rejected,0.0,0.6056763129339564
days_since_earn q3 & range_compress q1,-0.00011953959874594194,0.13070028119515215,-0.7998320417061704,rejected,0.0,0.4238081159022623
log_dv q1 & mom_12_1 q0,0.0001548109966719018,0.3428236724972621,0.5860336110723534,rejected,0.035064849595185965,0.5578529282528483
r1 q1 & vol_surge5 q1,0.0001839976680825418,0.7222297678084457,0.20339589014994275,rejected,0.012313575821508115,0.8388256118606403
ear_volsurge q0 & skew60 q0,0.00011316967591966007,0.03419627141681439,0.8891420293941384,rejected,0.025723424149490207,0.3739267533913027
ear q4 & gap_today q0,-0.00016439786984382573,-0.39118539209993425,-0.5264675709147912,rejected,0.03573384907612685,0.5985633780457285
mom_12_1 q3 & range_compress q2,5.4700700757479186e-05,-0.2993012265515417,0.6178500252385836,rejected,0.0,0.5366742040833801
ind_mom60 q1 & r5_nonews q2,0.00019760829870991558,0.10894277385584801,0.8035552048480981,rejected,0.02714831858763939,0.42165390233677974
dist_ma50 q4 & r1 q3,-0.00011559461013836972,0.1384453537543456,-0.7643892520904476,rejected,0.0,0.4446353117846829
days_since_earn q1 & dist_ma200 q3,0.00021056047474684407,0.5025292561731312,0.3985522838647971,rejected,0.030614015262905695,0.6902231264550864
ear q1 & vol_ratio q1,-0.00020492846842090073,-0.4245499066844645,-0.4760736719977198,rejected,0.04268392204256203,0.6340218929830694
close_loc q4 & skew60 q0,0.00020837532424119665,0.8525891359431187,0.04750452098671535,rejected,0.004012798859015458,0.9621111271792128
r5 q1 & rel_ind60 q4,9.716787853348195e-05,0.6833852444787679,-0.2151889909978802,rejected,0.0,0.8296199737905265
dist_52wh q3 & gap_today q3,-0.00016407111705197885,0.09495720095759246,-0.8014478777509944,rejected,0.0,0.4228724072002242
frog q1 & rel_ind60 q1,5.2213493851551514e-05,-0.33261722519305315,0.5623222788002988,rejected,0.0,0.5738964618458605
ind_mom20 q2 & overnight20 q2,-0.00020051029558134067,-0.5553717413417031,-0.33933551382792676,rejected,0.028782531550654234,0.7343569918973436
ear q1 & intraday20 q3,0.00019859988083948643,0.1777691250980653,0.7153557575076426,rejected,0.022970288550839435,0.4743892432260347
dist_ma50 q3 & log_dv q3,-0.0001604599536907157,0.02940465153883759,-0.8626410780423078,rejected,0.0,0.3883348377065002
r20 q4 & vol20 q0,0.00016722588436350553,-0.08695178181729656,0.8019338406123786,rejected,0.0,0.4225912295347351
range_compress q3 & vol_ratio q4,-7.638218245133848e-05,-0.6525934754036129,0.2306126296713789,rejected,0.0,0.8176157550038509
min20 q4 & r5_news q4,-0.00010349723075082431,-0.7183833302539787,0.16414451877791858,rejected,0.0,0.869617376157259
log_dv q3 & news5 q1,-0.00016122071969223946,-0.21445956519867887,-0.6666765346763087,rejected,0.03751327097929774,0.5049787704825867
ear q1 & mom_12_1 q2,-0.00023768191420423185,-0.838428425942811,0.04181215311410766,rejected,0.0,0.9666484467023696
dist_ma200 q1 & rel_ind60 q1,-0.0002301620150859342,-0.8682815265083206,-0.010597560682300241,rejected,0.004029060778483201,0.9915445282196502
ear q0 & min20 q2,0.00011572815096188714,-0.08349360355487993,0.7935780252098719,rejected,0.0,0.42744112949128443
dist_52wh q2 & dist_ma50 q4,-0.00011561563464854873,0.03877643322811737,-0.8359170826226016,rejected,0.0,0.40320155151852244
gap_today q3 & vol_surge1 q0,0.00019253312697145136,0.45073283347952037,0.4226285025686426,rejected,0.03122222692332673,0.6725663276852759
news5 q4 & vol20 q4,-3.0499267197386386e-05,-0.5384842732350528,0.33279911473552093,rejected,0.0,0.7392859265243541
ear_volsurge q3 & range_compress q2,1.0287833624013503e-05,-0.34096330945814596,0.524857009951022,rejected,0.0,0.5996825965641557
dist_ma200 q3 & ear q4,-0.00015071753185370488,-0.7377655659524217,0.12802396047542028,rejected,0.0,0.8981300113494575
min20 q0 & rel_ind60 q3,-3.8795226739332236e-05,0.14459098794979625,-0.7157163726506438,rejected,0.0,0.4741664990281655
overnight20 q2 & rel_ind60 q4,-0.00011965858351171472,0.0597282462562515,-0.7940007194243833,rejected,0.0,0.4271950125285289
intraday20 q3 & r5 q0,1.7727301714792386e-05,-0.4277315436231422,0.42573667818630273,rejected,0.0,0.6702997324295072
atr_pct q2 & intraday20 q1,0.00021563063895354393,0.7135867003807276,0.13726638763144908,rejected,0.012503014657390246,0.890820237691059
news5 q4 & r5 q1,0.0001235591187260455,-0.047270342184953594,0.8023888892682819,rejected,0.0,0.4223280381237555
ind_mom60 q1 & min20 q1,0.00015990074476578521,0.7997239765874014,-0.04929761883036315,rejected,0.0,0.9606821171105824
max20 q0 & r5 q1,6.724543612049399e-05,-0.21960764206941946,0.6286018625132045,rejected,0.0,0.5296097406778415
dist_ma50 q2 & ear q1,-0.00022364614969807653,-0.81491576125506,-0.02678028464644721,rejected,0.002645350290768898,0.9786349781512569
dist_ma50 q4 & min20 q4,0.00011979235784900384,-0.15305153941276156,0.6884215720609599,rejected,0.0,0.49118734309345263
close_loc q4 & ev_shelf q2,0.00019047088274925971,0.38114706586185687,0.4595070238481422,rejected,0.03665338854625065,0.6458701093195833
earn_in_week q2 & ins_buyers30 q2,5.922181691696277e-05,0.22481396596779518,0.615079104812574,rejected,0.0363048681336684,0.538502480579749
intraday20 q0 & r1 q2,3.909021810341847e-05,0.5045521499090155,-0.3332066071851894,rejected,0.0,0.7389783310291365
r5_news q4 & range_compress q2,3.067511807326226e-05,-0.2404967819896099,0.5896428281445261,rejected,0.0,0.5554301321750905
min20 q4 & r5 q0,0.00012129152509974803,0.6666639424377586,0.16300085310435253,rejected,0.009100463862843968,0.8705177629748971
r5 q1 & rel_ind20 q4,-0.0001311612160130231,0.03572070919735435,-0.7929037092036271,rejected,0.0,0.42783392610543297
days_since_earn q1 & ear q1,-0.00018523528459857763,-0.46117213350591335,-0.365480361779965,rejected,0.027905842641009627,0.7147528634700177
range_compress q0 & rel_ind60 q2,6.976335746362977e-05,0.7145017716502448,0.11162855482511576,rejected,0.01022370481673576,0.9111179300434169
days_to_earn q1 & r20 q0,-8.361886683913023e-05,-0.6707045190782426,0.15238667231838166,rejected,0.0,0.8788819682632135
frog q1 & ind_mom20 q4,0.00019288438197499676,0.7029966672192022,0.11998742631321935,rejected,0.0131934473917727,0.9044931083433926
ind_mom60 q3 & r60 q0,-5.10580104122679e-05,-0.7080455816758242,-0.1119848798176417,rejected,0.009237370072141987,0.9108353953120624
ear q4 & vol20 q2,-0.00017347376090650956,-0.24479935053534102,-0.5727992724410284,rejected,0.03291720988790586,0.5667806117671381
frog q1 & mom_12_1 q3,6.0226703577516956e-05,-0.2305459345930104,0.586447056969163,rejected,0.0,0.5575751296386249
dist_ma50 q4 & frog q0,-1.2252137052262684e-05,0.3349881901602059,-0.4819273192890017,rejected,0.0,0.6298575781951988
r20 q0 & range_compress q1,0.00014764843913483882,0.4487041975078255,0.36759390159152533,rejected,0.029417216272721588,0.7131760627564127
range_compress q1 & rel_ind20 q3,-0.00014275920206316403,-0.6506866280934667,0.16454452914139958,rejected,0.0,0.8693024952374296
days_since_earn q3 & ind_mom60 q1,-0.00016186513103621803,-0.11032407852122027,-0.7018452456409764,rejected,0.025475358888015373,0.4827756786025608
ind_mom20 q4 & vol_ratio q1,-0.00019390913207132813,-0.7823563362547228,-0.027123902910024936,rejected,0.00213536018641847,0.9783609100070206
r5_nonews q4 & vol_surge1 q2,-2.5562851165440183e-05,-0.4022261025757075,0.40274043411016897,rejected,0.0,0.6871391850715021
min20 q4 & range_compress q0,0.00011740165877810678,0.186359029849806,0.6107451605371931,rejected,0.034134128232626584,0.5413683035627606
days_to_earn q1 & frog q1,-0.0001741823046760076,-0.4107518582996136,-0.3843185090181949,rejected,0.028551328565888694,0.7007423912147506
dist_ma50 q4 & vol20 q0,0.00017450323206556062,0.30435961741911655,0.49036191131496065,rejected,0.0382527898857746,0.6238778241462304
frog q1 & vol_ratio q1,6.668804440046056e-05,-0.21322741250100863,0.5757499953704082,rejected,0.0,0.5647841770910367
news5 q4 & range_compress q2,-6.794756869361855e-06,-0.38493100468110264,0.39582569588822797,rejected,0.0,0.6922336192059355
days_since_earn q3 & skew60 q3,-0.00015292263320981983,-0.7594334872305887,0.020799795478250116,rejected,0.0,0.9834053608892532
min20 q4 & range_compress q1,9.681864650130257e-05,-0.1561298675479391,0.6213012517533955,rejected,0.0,0.5344014302578965
days_to_earn q1 & rel_ind60 q2,-0.00015894423950515933,-0.1954105930785372,-0.5819831146042224,rejected,0.03208447643220693,0.5605780545409567
days_to_earn q1 & gap_today q0,-8.615471200088947e-05,0.12463116149505808,-0.6500019674696624,rejected,0.0,0.5156909507359032
max20 q2 & vol_surge1 q4,0.00016862205781372925,0.39013666039718536,0.38441623689913396,rejected,0.02729749171889017,0.700669968035784
days_since_earn q1 & frog q1,0.00018558032758521814,0.7641367660236835,-0.00952913745312463,rejected,0.0,0.992396963413497
days_since_earn q2 & max20 q2,-9.001770728830277e-05,0.14854464184796015,-0.625027225626353,rejected,0.0,0.5319531894736033
dist_ma50 q4 & intraday20 q3,-0.00018147009546478333,-0.770589069493602,-0.00267666711932827,rejected,0.0011939471399287677,0.9978643311812628
mom_12_1 q4 & r20 q0,0.00013898894243951452,0.3830368280010924,0.3895846199720702,rejected,0.02845948049504249,0.6968437267913298
days_since_earn q4 & ev_offering q2,0.00021670418572038408,0.7372877490894905,0.03485295537012363,rejected,0.0030183638245690294,0.9721969939763742
gap_today q3 & min20 q4,0.00017942079546610928,0.18454777483903786,0.5858926378207079,rejected,0.03215286414220257,0.5579476650436279
days_to_earn q3 & range_compress q2,0.0001705840568098653,0.07786381374805373,0.6919049580025796,rejected,0.029893252579429055,0.48899701683568775
gap_today q4 & r120 q2,-0.00017583057871092375,-0.7682896802740196,0.001332557012757821,rejected,0.0,0.9989367736477942
days_to_earn q1 & dist_52wh q2,-0.00015561663575927725,-0.19126349787795716,-0.5772542087373094,rejected,0.0322219640885114,0.5637677421701167
mom_12_1 q2 & vol_surge1 q3,0.00012502778824403257,0.5422206233989841,-0.22357230406742673,rejected,0.0,0.823090116318361
r5_nonews q1 & r60 q4,0.00015036511117084856,0.4618536559987318,0.3013698790402811,rejected,0.020605494178139765,0.7631324602802739
ear_volsurge q3 & ind_mom60 q1,-9.35936245111407e-05,-0.5668995427698501,0.19014778265057125,rejected,0.0,0.8491933279067702
log_dv q4 & r5_nonews q4,0.00015518347089942637,0.19208375820540624,0.5621869387166186,rejected,0.03253551796447735,0.5739886594618607
intraday20 q3 & r60 q4,-0.00012362889804148658,0.058295382654347305,-0.6947841900128295,rejected,0.0,0.48719055758497093
earn_in_week q4 & range_compress q3,6.540572905954055e-05,0.39304264172715075,0.35665505510747836,rejected,0.02783940870629731,0.7213500563199537
log_dv q3 & r5 q1,2.972269765438157e-06,0.2981307885819226,-0.44625243285934985,rejected,0.0,0.6554149120202246
log_dv q1 & rel_ind60 q4,-5.900725278149266e-05,0.2555954899667604,-0.4874193350171916,rejected,0.0,0.625961194284899
log_dv q3 & range_compress q2,0.00018160380678559698,0.5338790601114747,0.20877404942950603,rejected,0.012528899736316807,0.834624630479175
dist_ma50 q3 & rel_ind20 q4,0.00015803397830748398,0.0677588531779088,0.67449874477837,rejected,0.03346426337456651,0.499994283482276
r5 q1 & range_compress q1,0.00017705933459576998,0.7023921659249669,-0.035200008912373466,rejected,0.0,0.9719202551258525
r5 q2 & vol_surge1 q3,-2.1939389827280456e-05,0.29108663904316706,-0.4460699958045024,rejected,0.0,0.6555466854412401
intraday20 q1 & r1 q0,-6.035191300406152e-05,0.22344108063459345,-0.5129941389556116,rejected,0.0,0.6079554205551487
days_to_earn q1 & ind_mom60 q1,3.8493756835412936e-05,0.4040862814820685,-0.33040099251875915,rejected,0.0,0.7410969916831776
ear_volsurge q3 & range_compress q1,-0.0001712767608371307,-0.5547298739847767,-0.17769581012378596,rejected,0.008311257565432932,0.8589618759193751
r1 q0 & rel_ind20 q1,8.958534027073221e-05,-0.04015340996869809,0.6899169181241154,rejected,0.0,0.49024643598996703
news5 q4 & range_compress q1,-2.130334407227992e-05,0.2366541411535516,-0.4873963413363767,rejected,0.0,0.6259774858073581
ins_buyers30 q2 & rel_ind20 q1,7.001053609420374e-05,-0.17543371465237997,0.5446409325393542,rejected,0.0,0.5860004968447763
days_to_earn q1 & rel_ind60 q3,-8.925162275659409e-05,-0.4997082863838477,0.21721024955989418,rejected,0.0,0.8280444973710733
dist_ma200 q3 & r60 q4,-0.00011789832076865776,-0.5856324471316039,0.13107826868564076,rejected,0.0,0.895713391901054
days_to_earn q1 & range_compress q1,-1.077214867077747e-06,0.3047997070108384,-0.4026652349566009,rejected,0.0,0.6871945122264473
frog q0 & r5_nonews q2,4.7610296903304264e-06,-0.27692128969707247,0.429475609491351,rejected,0.0,0.6675771401033184
dist_ma200 q4 & r5_nonews q1,-5.1322587841450336e-05,0.20742156171530093,-0.4956152049042953,rejected,0.0,0.6201659231326137
intraday20 q4 & mom_12_1 q2,0.0001908407290579705,0.6010532125462033,0.10019362913716061,rejected,0.009764285632798053,0.9201906037766338
r5_news q4 & range_compress q1,5.698651842037502e-06,-0.2686394218243166,0.43092015767087094,rejected,0.0,0.6665264259687806
r20 q4 & range_compress q3,-0.00014194219363013056,-0.3533619278532323,-0.34385580812110333,rejected,0.024142582895487485,0.7309547275367527
dist_52wh q2 & ear q4,-0.00015160181406929354,-0.6526322228394738,0.041921653095241096,rejected,0.0,0.9665611548957725
mom_12_1 q2 & range_compress q1,-8.930043004598654e-05,0.11870571176596292,-0.5735183732232509,rejected,0.0,0.566293762465643
dist_ma50 q3 & frog q0,-6.083488621056818e-05,-0.4038290416849058,0.28182598916406226,rejected,0.0,0.7780769418696446
gap_today q3 & intraday20 q3,8.397196095590724e-05,-0.1617525715128996,0.5228021803368941,rejected,0.0,0.6011119221703949
overnight20 q2 & range_compress q1,-8.757252484642109e-05,0.11739354367953886,-0.5650349934250616,rejected,0.0,0.5720499627312238
log_dv q1 & news5 q1,0.00012503595821599384,0.5589582830988321,0.1218806722506274,rejected,0.011980838635136798,0.9029935228064359
days_since_earn q0 & ind_mom60 q1,0.00013324546511729477,0.06838132603907504,0.6097069387537482,rejected,0.03171040907313187,0.5420559572904398
r20 q4 & range_compress q4,8.384750004591877e-07,-0.2780008932463124,0.39860990855809764,rejected,0.0,0.6901806594942688
range_compress q4 & rel_ind20 q4,8.731938926623133e-05,-0.11404609653858198,0.5607833599870925,rejected,0.0,0.5749452316852766
ins_buyers30 q2 & r5_news q2,4.096057165350331e-05,0.5926622933199686,-0.07698336847634887,rejected,0.0,0.9386367757327473
ins_value30 q2 & r5_news q2,4.096057165350331e-05,0.5926622933199686,-0.07698336847634887,rejected,0.0,0.9386367757327473
overnight20 q3 & range_compress q2,0.00012024288205083033,-0.008897525779777102,0.6568611050862911,rejected,0.0,0.5112702294938674
ins_buyers30 q4 & r5 q4,-3.9322567212158834e-05,0.11512887236168645,-0.5468502103344373,rejected,0.0,0.5844816444249562
ear q2 & ind_mom60 q4,-7.886089736499552e-05,0.1539674323426057,-0.5077551307252932,rejected,0.0,0.6116250800573482
r20 q0 & range_compress q0,4.695897501514415e-05,-0.1952030489013733,0.46119769880030687,rejected,0.0,0.6446567725386675
r5_nonews q2 & range_compress q0,2.8923040546398207e-05,0.3700207263823353,-0.2845356962068386,rejected,0.0,0.7759998823565598
days_to_earn q0 & ev_red_flag q2,0.0001378898795993177,0.036122533466855664,0.6137294592778098,rejected,0.031152105122291964,0.5393941179901204
dist_ma50 q2 & range_compress q1,-0.00010973735085936083,-0.5251917871395206,0.11930423121259764,rejected,0.0,0.9050343314211646
gap_today q0 & mom_12_1 q3,1.189567226596022e-05,0.2959245068872701,-0.34734720644971306,rejected,0.0,0.7283304901818051
ear_volsurge q3 & vol20 q2,-8.968654135780995e-07,-0.29684532166089195,0.34470886713616367,rejected,0.0,0.7303132512699093
gap_today q0 & ind_mom60 q1,0.0001018714671746043,-0.043356265622782345,0.5977147519376912,rejected,0.0,0.5500302805377452
dist_52wh q2 & rel_ind60 q4,-5.975911524549829e-05,0.14378550070109244,-0.4959060081559973,rejected,0.0,0.6199607269966116
days_to_earn q1 & range_compress q3,3.0147650100870918e-06,-0.29037421360226473,0.339512264964322,rejected,0.0,0.7342238591019087
mom_12_1 q3 & range_compress q1,3.1652316016902873e-05,-0.22648990655754148,0.39628494952503823,rejected,0.0,0.6918948288917738
r20 q4 & range_compress q2,2.0519596874131623e-05,-0.2158747084780788,0.40536451985415833,rejected,0.0,0.6852095869528014
range_compress q0 & vol_ratio q1,-9.623629797600024e-05,-0.47820720168867625,-0.12654115900623855,rejected,0.013064168901542633,0.8993035707054393
gap_today q2 & vol_surge1 q3,-0.0001370480827316315,-0.5519469817124424,0.05220202182689867,rejected,0.0,0.9583677219471787
ear q3 & r20 q4,0.00011451037822340926,-0.019382745558866134,0.5821635441819412,rejected,0.0,0.5604565265619008
close_loc q3 & r5 q2,0.0001453712093922359,0.390081564939876,0.2011078760772177,rejected,0.009428095303681248,0.8406142235926004
dist_ma200 q3 & r5 q0,-8.319332376096617e-05,-0.5050629610361075,0.08382909169706938,rejected,0.0,0.9331923175923894
ind_mom20 q1 & max20 q3,2.422587718912264e-05,-0.18643936922712637,0.402170830694647,rejected,0.0,0.6875583077745548
min20 q3 & r5 q2,-1.1840249464735427e-05,-0.28722109883936386,0.3011203546878,rejected,0.0,0.7633227201456773
frog q0 & r60 q2,-0.0001197359420699434,-0.48469102186718177,-0.10294244089101612,rejected,0.008365214118810084,0.9180086536472322
days_since_earn q1 & range_compress q0,8.667025182393597e-05,0.19270580848500962,0.3916332653557102,rejected,0.024984722094741056,0.695329205193044
frog q1 & range_compress q3,6.020141993610094e-05,-0.15804648767559631,0.42625447215782547,rejected,0.0,0.6699224289126868
log_dv q1 & mom_12_1 q2,-5.934219191500147e-05,0.10571569092311438,-0.4763789093113494,rejected,0.0,0.6338044574393411
days_to_earn q2 & max20 q2,0.00014966670266716717,0.5367953885886718,0.03812478756361353,rejected,0.002854547547861172,0.9695881880560454
dist_ma50 q4 & vol_ratio q3,3.429981279459185e-05,-0.17199948941656198,0.3987844259757862,rejected,0.0,0.6900520534923169
mom_12_1 q2 & rel_ind60 q4,-0.00012429297944000368,-0.4984849916052401,-0.07114023114727733,rejected,0.0025169551965418613,0.9432861494401314
dist_ma50 q3 & range_compress q0,8.563158477947324e-05,0.5417701584004613,0.026002574954949613,rejected,0.002741951928144611,0.9792552846295646
frog q1 & range_compress q0,9.011026077422147e-05,0.35581613245754834,0.21102597358986722,rejected,0.011064728845678412,0.8328670037124789
dist_ma50 q4 & log_dv q1,-7.585909099554813e-05,-0.46620110632844364,0.09760873758720472,rejected,0.0,0.9222429860502133
gap_today q0 & r20 q4,9.63972095093909e-05,0.1665527143398044,0.3949155605012767,rejected,0.02338687200482402,0.6929052058355383
min20 q1 & range_compress q2,3.9124575505838006e-05,-0.1481384934704078,0.40987815941905087,rejected,0.0,0.6818953275585443
dist_ma200 q4 & vol_surge1 q2,0.00011039662858889244,0.19507267216205354,0.36180501794153413,rejected,0.02399667315859669,0.7174977420635575
ear q2 & skew60 q1,0.0001356298549421623,0.32863914058223376,0.22316600682298843,rejected,0.008827776306669784,0.8234063074165481
ear q1 & r5 q1,-0.000129290934868613,-0.16680235559614073,-0.382191905064463,rejected,0.02513591780654777,0.702319025741889
r120 q1 & r5_nonews q0,-0.00011890685227534751,-0.4224654207925309,-0.11986430124706003,rejected,0.011954334959046398,0.9045906440153341
r5 q1 & r5_nonews q2,1.0746875951937546e-05,0.26015166047781824,-0.28163871662612044,rejected,0.0,0.7782205498264619
frog q4 & skew60 q3,0.00010608988184296205,0.07045842353074407,0.47086045016132383,rejected,0.032818328483023546,0.6377403927525936
days_since_earn q2 & frog q1,9.803010494878215e-05,0.47684816904670485,-0.06296686203199954,rejected,0.0,0.9497928922045457
mom_12_1 q0 & r5 q1,-9.729375528899411e-05,-0.5106884720248335,0.02818925787327008,rejected,0.0,0.977511204796385
max20 q4 & range_compress q3,-1.2457623434169753e-05,0.23900402724436065,-0.29543604638881626,rejected,0.0,0.767660800462426
dist_ma50 q3 & range_compress q1,-0.00011729225323476188,-0.21229833136754755,-0.31755036480487553,rejected,0.02139488227628587,0.7508260297441102
mom_12_1 q0 & vol20 q0,8.636198214903027e-05,0.43846624560870107,0.08709276798262064,rejected,0.005675770524790278,0.9305977738574338
ind_mom20 q4 & r5_nonews q2,-1.4238825529159914e-05,0.15342988848066008,-0.3697593945640911,rejected,0.0,0.7115617726788198
dist_ma50 q3 & ear q1,-5.24241723650916e-05,-0.3705299757151701,0.15166444255813913,rejected,0.0,0.8794516034067497
ev_offering q2 & skew60 q1,8.533833339213969e-05,0.41830156692781967,-0.10149991136844172,rejected,0.0,0.9191536279143028
ear q3 & range_compress q0,-5.963987262574951e-05,-0.46697810849353677,-0.046679108284540284,rejected,0.0033516585344518747,0.9627689813658035
ear q4 & range_compress q1,-3.90983127517429e-05,0.10685288381627141,-0.406524190645249,rejected,0.0,0.6843574863197093
ear q4 & frog q0,-8.74179932311185e-05,-0.009097585082337677,-0.5042245382966656,rejected,0.030363706526985897,0.6141035987696698
dist_ma200 q3 & range_compress q3,5.4357024349626056e-05,-0.11383986056652959,0.38796241696959616,rejected,0.0,0.6980438464092977
ear q3 & r5 q1,-0.0001221938007482172,-0.37871934810701047,-0.12284109406587682,rejected,0.010488926048664162,0.9022329323138902
ind_mom60 q1 & r5 q0,8.847224777592305e-05,0.42303515224511884,0.07174001461033803,rejected,0.0020036658550941456,0.9428088111314358
days_since_earn q2 & range_compress q4,-2.9639901440465074e-05,-0.2699130423947469,0.2158151899058621,rejected,0.0,0.8291318074930645
days_since_earn q2 & days_to_earn q1,-0.00010219972342952503,-0.22295480638489107,-0.2547661212229188,rejected,0.014658309321879469,0.7989037433484275
dist_ma200 q3 & mom_12_1 q0,-7.020237818410898e-05,-0.2295302983606199,-0.24496350273110312,rejected,0.013965905846015992,0.8064846910953952
intraday20 q3 & log_dv q3,9.372526992421257e-05,0.06650978260605894,0.40635774694312005,rejected,0.020141554327630123,0.6844797608350489
ear q3 & frog q0,-8.546251900057502e-05,-0.1695612441412404,-0.29105880020743463,rejected,0.014236520712932261,0.7710063490853816
ind_mom20 q1 & r5_nonews q0,-8.307522026496398e-05,-0.32152511647957366,-0.1326852643335636,rejected,0.01003042595328313,0.8944422971726891
days_to_earn q1 & mom_12_1 q2,-7.402480917949435e-05,0.06300056501390816,-0.3911945093523095,rejected,0.0,0.6956534664964048
days_since_earn q4 & vol20 q3,-7.46970797327793e-05,-0.392294687420927,0.05099976334269857,rejected,0.0,0.9593257091295394
r60 q4 & vol_ratio q3,-8.047513925888106e-05,-0.28348617031504936,-0.1582860002606093,rejected,0.008098675582401006,0.8742314392477242
dist_ma200 q2 & rel_ind20 q1,-0.0001048818718658295,-0.1952685213969898,-0.24631096696353524,rejected,0.013699863053213215,0.8054415210157108
dist_52wh q2 & ind_mom60 q1,9.625097820159252e-05,0.15999772148744548,0.27447350854071284,rejected,0.014640765569090754,0.7837207592883083
min20 q1 & rel_ind20 q4,9.024156216049927e-05,0.40378959774534545,0.029281179655638596,rejected,0.0006673188740433755,0.9766403369254777
ind_mom60 q3 & news5 q2,-9.788597904689988e-05,-0.20889676675886826,-0.21469017046980296,rejected,0.010137089431399753,0.8300088867226416
frog q1 & min20 q1,-8.665571233207561e-05,-0.11008418343136311,-0.306255168797489,rejected,0.019176793003905533,0.7594103703515851
atr_pct q0 & rel_ind20 q4,4.5126534874395956e-05,-0.10812954728435312,0.3068472890694843,rejected,0.0,0.7589596119132591
mom_12_1 q2 & r120 q4,7.149263110039576e-05,0.36222899332622405,0.05031873608456547,rejected,0.0029370433234158612,0.9598683934452994
ind_mom60 q1 & r5_nonews q0,2.6105699125395398e-05,-0.11311502563452908,0.29007065881018584,rejected,0.0,0.7717621821072358
days_since_earn q3 & gap_today q0,7.014865415508902e-05,0.284716388136686,0.11046412413094418,rejected,0.008161184171845715,0.9120413005031749
dist_52wh q2 & rel_ind20 q4,-6.539308090306761e-05,-0.14770673228083425,-0.2424534808343946,rejected,0.013485697850346921,0.8084287985176019
r5_nonews q2 & rel_ind20 q4,8.515871913929831e-05,0.35981370453800704,-0.02557908348962197,rejected,0.0,0.9795930695684988
dist_ma50 q3 & gap_today q3,8.551044977706418e-05,0.0068357241979600455,0.369768564291312,rejected,0.02020638353386361,0.7115549397494028
dist_ma50 q3 & frog q1,3.8695474889874916e-05,-0.09957766945628858,0.27514459512208883,rejected,0.0,0.7832051512895098
days_to_earn q1 & dist_ma200 q3,8.459631048494372e-06,-0.12941055166008295,0.2334804937872304,rejected,0.0,0.8153883147411448
ear_volsurge q0 & ind_mom20 q4,-6.940333060902273e-05,-0.13409421604627225,-0.22758239390083906,rejected,0.009189598628685581,0.8199709084393856
range_compress q4 & rel_ind60 q4,-5.775917284314138e-05,-0.2181557661131674,-0.13991413358376595,rejected,0.01049954513241621,0.888727834150313
min20 q2 & vol_ratio q1,3.277525013589906e-05,0.2363315251501614,-0.11835508234540766,rejected,0.0,0.9057863146490971
vol20 q1 & vol_surge5 q0,-5.138223095384875e-06,0.1331332245236852,-0.21815294816225805,rejected,0.0,0.8273099440495509
mom_12_1 q2 & rel_ind20 q4,2.1540062833514776e-05,-0.08757919608771464,0.2633910773869476,rejected,0.0,0.7922491670977391
dist_ma200 q3 & intraday20 q4,8.23086307124951e-05,0.32533924967701755,-0.025600306222952725,rejected,0.0,0.9795761418205635
range_compress q1 & vol_ratio q1,-8.05605100515767e-05,-0.1706924928563203,-0.17489285995293172,rejected,0.007340124562280694,0.8611638207391318
days_to_earn q3 & range_compress q0,4.701788390100977e-05,0.003571666662149679,0.33883188820915666,rejected,0.02065308991273315,0.7347363774328033
log_dv q2 & rel_ind20 q0,-5.803568275546028e-06,0.14894796769156854,-0.18647409741381749,rejected,0.0,0.852072989859816
frog q1 & overnight20 q2,-8.026762680692388e-05,-0.23091166692543946,-0.09864251091554191,rejected,0.007081442006139522,0.9214221157682027
ind_mom20 q0 & vol_surge5 q3,6.581272315107884e-05,0.1865337756623774,0.13580535297681334,rejected,0.009691776268922508,0.8919751592073751
intraday20 q3 & rel_ind60 q4,-6.20418385440145e-05,-0.02833998488632534,-0.29220888865245753,rejected,0.014066091279464897,0.770126915915819
earn_in_week q4 & overnight20 q3,2.0545903269971885e-05,-0.07203363883638694,0.24807124043190543,rejected,0.0,0.8040792870390572
range_compress q1 & vol20 q0,6.852872380232183e-05,0.2121999023208331,0.10609705210713319,rejected,0.008068465290131877,0.9155053500233599
dist_52wh q3 & ear_volsurge q3,-3.360792908151386e-05,-0.19617025339067298,0.11167466637304023,rejected,0.0,0.9110813669621741
min20 q1 & r5 q1,-2.6051914459682834e-06,0.148720811276163,-0.15160882092367162,rejected,0.0,0.879495475746518
intraday20 q3 & mom_12_1 q0,-1.908065753394879e-05,-0.21256099637348577,0.08727259077159477,rejected,0.0,0.9304548402703386
intraday20 q2 & r20 q3,6.149051956247157e-05,-0.0021209086168322193,0.2960107295216079,rejected,0.0,0.7672218874301915
days_since_earn q3 & frog q1,-5.914835543750259e-05,-0.044671576361152716,-0.24460460993001998,rejected,0.012588210994331736,0.806762594271287
days_since_earn q1 & frog q0,1.282963590723138e-05,-0.10698673657870805,0.171664794916988,rejected,0.0,0.8637010644733755
ind_mom20 q1 & vol20 q1,-2.6296781124861984e-05,0.06761538016739435,-0.20498450363767007,rejected,0.0,0.8375842322581167
dist_ma200 q3 & rel_ind60 q4,6.138693095175892e-05,0.10844257294568838,0.16057502005087576,rejected,0.006882857538295232,0.87242813066793
mom_12_1 q4 & r5_nonews q1,-5.548515025557852e-05,-0.20338820965789778,-0.0607307633749763,rejected,0.0006497617228608178,0.9515736312610574
mom_12_1 q0 & range_compress q4,-2.5047320084446723e-05,0.027979054732707193,-0.2318558615890666,rejected,0.0,0.8166499677253989
ind_mom60 q2 & log_dv q4,-5.855710470849814e-05,-0.11149993873466202,-0.14393044037307237,rejected,0.009486022993001579,0.8855553980069113
overnight20 q1 & skew60 q0,-5.981907332404007e-05,-0.1985754774466202,-0.05571956823431699,rejected,0.0016896530869090908,0.9555652105217545
gap_today q3 & r5_nonews q2,7.3007009806082256e-06,0.13120151628006904,-0.12021699887852835,rejected,0.0,0.9043112522747283
ear q2 & r1 q0,-2.221681211465745e-05,0.06085124449316288,-0.17706836013691882,rejected,0.0,0.8594546941448415
r5_news q4 & vol20 q0,4.224020388542908e-05,0.22311093224911788,0.0030565148459401423,rejected,0.0008580055719013608,0.9975612577917968
days_since_earn q3 & intraday20 q3,5.2426397872703604e-05,0.07697966102773383,0.1482348835482172,rejected,0.008651087523740926,0.8821574028243557
dist_ma50 q2 & log_dv q1,3.058354654048304e-05,-0.01478442095272298,0.20084699516382512,rejected,0.0,0.8408182147633958
dist_52wh q2 & r60 q4,3.533033638369305e-05,0.03856285184691712,0.1625257413011313,rejected,0.006235901893116718,0.8708918591227821
days_to_earn q1 & mom_12_1 q3,-3.672560258542903e-05,6.063545089009086e-05,-0.19478021852030036,rejected,0.0,0.8455650090138862
dist_52wh q1 & range_compress q4,1.580752053929469e-05,-0.026233225612203454,0.1466792662034567,rejected,0.0,0.8833851847480336
r20 q1 & skew60 q1,-1.2704908533555436e-05,-0.107449822579279,0.0582171804380658,rejected,0.0,0.95357563592104
mom_12_1 q0 & vol20 q3,3.2781487608628e-05,0.058657712538154626,0.10379011349153336,rejected,0.0067867261014145945,0.9173359123852258
ear q1 & news5 q1,-3.2035348493480934e-05,-0.1394958595507894,-0.016337511931396174,rejected,0.002916559767812125,0.9869651313360515
ear q1 & gap_today q0,-4.5450079132065015e-06,-0.07379719586221782,0.06491813622605885,rejected,0.0,0.9482391804326159
intraday20 q3 & range_compress q0,-4.6001946147935764e-06,-0.10115563636563847,-0.02808361001336656,rejected,0.0011428883447119574,0.9775954662328841
frog q0 & intraday20 q3,-2.3314880093977558e-05,-0.04991658240230232,-0.06665702701232287,rejected,0.0011081341467021933,0.9468547456602374
frog q1 & log_dv q3,1.648214505794039e-05,0.07920306895550346,-0.02032475862743108,rejected,0.0,0.9837843053360762
dist_52wh q1 & log_dv q4,-1.656691211393146e-05,-0.013719149400838484,-0.0771103152100328,rejected,0.0012757477524135664,0.9385357870844494
days_to_earn q3 & frog q4,2.7888799569874657e-06,-0.03625349050792186,0.048713822364590015,rejected,0.0,0.9611473603002612
ear q4 & ind_mom60 q1,-9.628377076916537e-06,-0.04164478819902316,-0.005450044299474701,rejected,0.0011309042095272272,0.9956515153249291
ear_volsurge q4 & earn_in_week q1,-5.652687694651378e-07,0.019569658180457108,-0.012891687149601599,rejected,0.0,0.9897142067703467
mom_12_1 q0 & rel_ind20 q4 unless r120 q4,-0.0004984282985933949,0.9592733183694824,-4.253289746853431,rejected,0.0,2.106527228332968e-05
mom_12_1 q0 & r20 q4 unless r120 q4,-0.0006218557869196731,0.695592131512188,-4.265906879264929,rejected,0.0,1.9909181439899958e-05
days_since_earn q2 & range_compress q0 unless gap_today q4,-0.0003375880844043846,0.8287876728056468,-3.722293250391066,rejected,0.0,0.0001974215460256279
days_since_earn q2 & range_compress q0 unless close_loc q4,-0.0005012160011096376,0.4516023365736158,-3.9564838483808966,rejected,0.0,7.606102839596485e-05
gap_today q0 & range_compress q4 unless r1 q4,0.00036246028264001875,-0.9136490303282473,3.468231872814342,rejected,0.0,0.0005238950368947659
mom_12_1 q0 & rel_ind20 q4 unless days_to_earn q4,-0.0005055444920429873,0.3399454010353253,-3.9681110824779275,rejected,0.0,7.244456625135055e-05
gap_today q0 & range_compress q4 unless r5 q4,0.0001446577056327382,-1.2674710692973952,2.977993672152596,rejected,0.0,0.002901419747759412
mom_12_1 q0 & r20 q4 unless days_since_earn q0,-0.00044850711831990206,0.6228653867121607,-3.599085816274487,rejected,0.0,0.00031933780474178503
mom_12_1 q0 & rel_ind20 q4 unless ear_volsurge q4,-0.0006994756484298538,-0.44919257365075,-3.7198477692478704,rejected,0.0797250695414634,0.00019934289234448932
mom_12_1 q0 & rel_ind20 q4 unless r20 q0,-0.0006557103870606655,-0.3017293335736426,-3.8287554700162643,rejected,0.0,0.0001287928942618225
gap_today q0 & range_compress q4 unless r5_news q0,0.000216135348321983,-1.2268291582951685,2.8783289663667833,rejected,0.0,0.0039978800038051685
gap_today q0 & range_compress q4 unless ev_red_flag q4,0.0004341069854158823,-0.5889174334047488,3.502975230290753,rejected,0.0,0.00046009224553057287
days_since_earn q2 & range_compress q0 unless r5_news q0,-0.0005595558352807249,0.17947027936785864,-3.894176915798863,rejected,0.0,9.853272049081662e-05
gap_today q0 & range_compress q4 unless frog q4,0.00045532600209520545,-0.4600425160474118,3.5813374226201704,rejected,0.0,0.0003418398285038384
mom_12_1 q0 & rel_ind20 q4 unless atr_pct q0,-0.0006524717914515663,-0.38834765039139224,-3.642928190827137,rejected,0.036090685269624674,0.00026955405557496306
mom_12_1 q0 & r20 q4 unless intraday20 q0,-0.0006779379437286628,-0.7340786236605508,-3.2837825975447834,rejected,0.0,0.0010242389949222275
gap_today q0 & range_compress q4 unless close_loc q4,0.0002630482402346789,-0.9152821698760505,3.0926760234162733,rejected,0.0,0.0019836055646138763
mom_12_1 q0 & r20 q4 unless days_since_earn q4,-0.0006351128530987016,-0.7130689567149096,-3.2806050202612975,rejected,0.0,0.0010358469307131587
mom_12_1 q0 & rel_ind20 q4 unless dist_52wh q4,-0.0006323935685897538,-0.3437044025561735,-3.5941427257131178,rejected,0.06638097386675962,0.0003254614020908321
mom_12_1 q0 & r20 q4 unless vol20 q0,-0.0006397276118367534,-0.430525765849499,-3.4970440223792973,rejected,0.0,0.0004704441924655423
mom_12_1 q0 & rel_ind20 q4 unless ev_offering q4,-0.0006058482513143369,-0.12204851360758331,-3.7832120112488683,rejected,0.0,0.00015481743349364288
mom_12_1 q0 & rel_ind20 q4 unless ev_agreement q4,-0.0006223632972320288,-0.14508099244393516,-3.758523046438234,rejected,0.0,0.0001709192976542175
days_since_earn q2 & range_compress q0 unless ev_offering q4,-0.0005450975122897797,0.14060744892975613,-3.7078424199171227,rejected,0.0,0.0002090326593778155
mom_12_1 q0 & rel_ind20 q4 unless days_to_earn q0,-0.0006381914020586693,-0.48048249240828994,-3.3493811275131518,rejected,0.0,0.0008099230132681509
mom_12_1 q0 & r20 q4 unless vol20 q4,2.8681405910691386e-05,1.48739344152415,-2.3096466889557425,rejected,0.0,0.020907722514557123
gap_today q0 & range_compress q4 unless dist_ma200 q4,0.00047763666283992794,-0.3203559110061154,3.467686628081465,rejected,0.0,0.0005249590767494006
mom_12_1 q0 & rel_ind20 q4 unless vol_surge5 q4,-0.000564406901679121,-0.06818330073110515,-3.7069772302194295,rejected,0.1398784637975831,0.0002097477929252776
days_since_earn q2 & range_compress q0 unless dist_52wh q4,-0.0005730875023256691,-0.5731094768405605,-3.1992026819738735,rejected,0.0,0.0013780824824832052
mom_12_1 q0 & r20 q4 unless close_loc q4,-0.0005600670212158858,-0.567280847506452,-3.1848537101891123,rejected,0.0,0.0014482720044819537
mom_12_1 q0 & rel_ind20 q4 unless atr_pct q4,9.322556238686719e-07,1.340975969482422,-2.387286657051039,rejected,0.0,0.01697325093216779
mom_12_1 q0 & rel_ind20 q4 unless overnight20 q4,-0.0005305089547614271,-0.42771595041079996,-3.2599987791603127,rejected,0.0,0.0011141269336779021
mom_12_1 q0 & r20 q4 unless r5_news q0,-0.0006161538620421258,-0.4376715701645126,-3.2272750328299353,rejected,0.0,0.0012497527169825244
mom_12_1 q0 & rel_ind20 q4 unless r60 q4,-0.00036571676165831875,0.3930665529139212,-3.2589705142857626,rejected,0.0,0.0011181728864386677
gap_today q0 & range_compress q4 unless r20 q4,0.00032317022454762947,-0.6127630897324134,3.038340728876298,rejected,0.0,0.0023788481605177764
mom_12_1 q0 & r20 q4 unless ear_volsurge q4,-0.0005922331193768944,-0.6144897142898689,-3.035584796097393,rejected,0.0,0.0024006970715147427
days_since_earn q2 & range_compress q0 unless ear_volsurge q0,-0.0004273593326803084,0.42994726108734077,-3.2099801448789473,rejected,0.0,0.0013274414123695222
mom_12_1 q0 & rel_ind20 q4 unless ins_opportunistic30 q4,-0.000601879579885222,-0.3102864645326583,-3.3131221335687306,rejected,0.0,0.0009226068168193361
days_since_earn q2 & range_compress q0 unless ear_volsurge q4,-0.00041655420257522875,0.09437965559213343,-3.520885628329991,rejected,0.0,0.00043010808757150615
gap_today q0 & range_compress q4 unless close_loc q0,0.00037569943006337706,-0.3987780264023459,3.205724498230125,rejected,0.0,0.0013472290900132865
mom_12_1 q0 & r20 q4 unless ev_red_flag q4,-0.000587431715119867,-0.2525806773361483,-3.3305848722786155,rejected,0.0,0.0008666373968090273
gap_today q0 & range_compress q4 unless mom_12_1 q0,0.0003635730679765308,-0.607904979259156,2.96561480965632,rejected,0.0,0.003020785709961841
gap_today q0 & range_compress q4 unless r60 q0,0.0002700427386119062,-0.6451109702896635,2.92644094643686,rejected,0.0,0.0034286459183523084
gap_today q0 & range_compress q4 unless ev_offering q4,0.0003647390401387349,-0.5460360737012925,3.0206653918939597,rejected,0.0,0.0025221991733527078
mom_12_1 q0 & r20 q4 unless ear_volsurge q0,-0.0005736523843990655,-0.6891784580781657,-2.8753836844203073,rejected,0.02569517988323917,0.004035367968789141
mom_12_1 q0 & rel_ind20 q4 unless vol_surge5 q0,-0.0005244713654155618,-0.6706035787563183,-2.8911111874509556,rejected,0.0,0.003838822780036881
days_since_earn q2 & range_compress q0 unless r5_news q4,-0.0005373048623749885,-0.12752449533978386,-3.4335574785847562,rejected,0.0,0.0005957158839088205
mom_12_1 q0 & rel_ind20 q4 unless r60 q0,-0.0005562131861401975,-0.5054566877280412,-3.0547554230875615,rejected,0.0,0.0022524412401826476
mom_12_1 q0 & r20 q4 unless rel_ind60 q4,-0.0003902319021698558,0.37604673005322187,-3.1781031324339857,rejected,0.0,0.0014824201017754471
gap_today q0 & range_compress q4 unless r60 q4,0.0003805541256070095,-0.5091942355939001,3.0417756497105612,rejected,0.0,0.0023518711521947787
gap_today q0 & range_compress q4 unless earn_in_week q4,0.00039344928695344894,-0.4128188619808653,3.1272019489420138,rejected,0.0,0.0017647865809757416
mom_12_1 q0 & r20 q4 unless ev_offering q4,-0.0005783766301536751,-0.12081030500198885,-3.4136067660721823,rejected,0.0,0.0006410903398428532
days_since_earn q2 & range_compress q0 unless vol_surge5 q4,-0.0005404797097018849,-0.406564534964442,-3.1235165432891496,rejected,0.01344909309478215,0.001787038189103881
gap_today q0 & range_compress q4 unless overnight20 q4,0.000450869847575278,-0.2910810938362471,3.2275772192568173,rejected,0.0,0.0012484334013814233
mom_12_1 q0 & r20 q4 unless r5_news q4,-0.000449316933324663,0.3228254451994881,-3.182092251964945,rejected,0.0,0.0014621523743233973
days_since_earn q2 & range_compress q0 unless ins_value30 q4,-0.0005548366262075256,-0.4007561924656193,-3.077609691713773,rejected,0.0,0.002086680250293256
days_since_earn q2 & range_compress q0 unless vol_ratio q4,-0.00039151977432560787,0.26525659702313514,-3.20134500047791,rejected,0.0,0.0013678764596498328
days_since_earn q2 & range_compress q0 unless vol_ratio q0,-0.00044724473238309467,-0.6498004177388076,-2.801225941004359,rejected,0.0026052075574642484,0.005090886184161604
mom_12_1 q0 & rel_ind20 q4 unless ear_volsurge q0,-0.0005459098911622832,-0.6223385409252244,-2.8233858375699556,rejected,0.0,0.004751934602264351
days_since_earn q2 & range_compress q0 unless ind_mom20 q0,-0.00046774583069436696,-0.6377681945505749,-2.801977471006116,rejected,0.0,0.005079042036470237
days_since_earn q2 & range_compress q0 unless dist_52wh q0,-9.536073780316937e-05,1.03427786209041,-2.3950755481652024,rejected,0.0,0.016616941045143073
mom_12_1 q0 & rel_ind20 q4 unless frog q4,-0.00044564974782491945,0.2084386864764588,-3.1949755912099245,rejected,0.0,0.0013984266713528211
mom_12_1 q0 & r20 q4 unless rel_ind60 q0,-0.000522736586234358,-0.3777942011268436,-3.024100218342533,rejected,0.011993578050871208,0.002493738153833493
mom_12_1 q0 & r20 q4 unless r5_nonews q4,-0.0004022214573920402,-0.17779209751964176,-3.2021996902250254,rejected,0.0,0.0013638242011197762
mom_12_1 q0 & r20 q4 unless range_compress q4,-0.0005195112930849625,-0.12024979370258454,-3.246975543340011,rejected,0.0,0.0011663841211438626
gap_today q0 & range_compress q4 unless news5 q4,0.00015839319243426007,-1.000040442889831,2.3664061551653575,rejected,0.0,0.01796172733074878
mom_12_1 q0 & rel_ind20 q4 unless overnight20 q0,-0.0005254156779606332,-0.1594432280494338,-3.1997002303979136,rejected,0.0,0.0013757059159356943
gap_today q0 & range_compress q4 unless dist_ma200 q0,0.00023935271613059975,-0.6647165561562722,2.6884611312337445,rejected,0.0,0.007178219202697566
days_since_earn q1 & intraday20 q4 unless days_to_earn q0,-0.0006435540372999782,-0.1594934651317523,-3.1846449381636743,rejected,0.0,0.0014493171304317582
mom_12_1 q0 & r20 q4 unless ev_agreement q4,-0.0005522238269822267,-0.04911809339144434,-3.2934706193439087,rejected,0.0,0.0009895868342240485
mom_12_1 q0 & r20 q4 unless frog q4,-0.000504816598556714,0.0881961847958203,-3.21899641524477,rejected,0.0,0.0012864009342473685
days_since_earn q2 & range_compress q0 unless vol_surge5 q0,-0.00026216390646282385,0.5361521688106539,-2.7196283251705635,rejected,0.0,0.006535533060723507
days_since_earn q2 & range_compress q0 unless r120 q4,-0.00046389131090839546,-0.8220026684457674,-2.4310680526281767,rejected,0.0,0.015054386681625434
gap_today q0 & range_compress q4 unless r5_news q4,0.00030320970865065967,-0.4817947172510843,2.764088546246257,rejected,0.0,0.0057082046921117175
gap_today q0 & range_compress q4 unless mom_12_1 q4,0.00031458086724789493,-0.44916271921893514,2.7773618214551647,rejected,0.0,0.005480213602350095
days_since_earn q2 & range_compress q0 unless vol_surge1 q4,-0.0005013585516726068,-0.3329311108848216,-2.876917528771502,rejected,0.013853190696645715,0.004015805346585086
gap_today q0 & range_compress q4 unless r5 q0,0.00029061373508096415,-0.5294658384421711,2.614900558555297,rejected,0.0,0.008925343686860456
days_since_earn q2 & range_compress q0 unless vol_surge1 q0,-0.0002516940958166099,0.4475989395078716,-2.6930143723304636,rejected,0.0,0.007080921653516653
mom_12_1 q0 & rel_ind20 q4 unless ins_officer30 q4,-0.0005137147983296035,-0.30295449002329167,-2.8284482659613897,rejected,0.0,0.004677426037523126
gap_today q0 & range_compress q4 unless r20 q0,0.00037141052219513145,-0.33937442047849764,2.729056246061001,rejected,0.0,0.006351586945970317
days_since_earn q2 & range_compress q0 unless ind_mom20 q4,-0.000336045800709878,0.36766038028486114,-2.677584192822297,rejected,0.0,0.007415521296132762
gap_today q0 & range_compress q4 unless r1 q0,0.00043798470597610075,-0.20849903433203307,2.8038923772297366,rejected,0.0,0.005048975538382968
days_since_earn q2 & range_compress q0 unless frog q0,-0.00039247348124978764,0.08078152577214291,-2.8474521930997048,rejected,0.0,0.004407071292822827
mom_12_1 q0 & rel_ind20 q4 unless frog q0,-0.00044273088744327393,-0.04339387295312213,-2.84084168949184,rejected,0.0,0.004499464250674068
days_since_earn q2 & range_compress q0 unless dist_ma50 q0,-0.000359146123420191,0.0529021354414809,-2.806292680356051,rejected,0.0,0.005011514981623888
days_since_earn q2 & range_compress q0 unless frog q4,-0.0004123589318224426,-0.22647324323614407,-2.6235755157808276,rejected,0.0,0.008701215365829002
mom_12_1 q0 & r20 q4 unless close_loc q0,-0.0004165044688519637,-0.1610527942934206,-2.6676669749321764,rejected,0.0,0.007637992521962792
days_since_earn q2 & range_compress q0 unless dist_ma50 q4,-0.00036306117749801165,-0.210603771119272,-2.614652785532698,rejected,0.0,0.008931820271020493
days_since_earn q2 & range_compress q0 unless gap_today q0,-0.00038899020484202244,0.04984733704956629,-2.7514940085822097,rejected,0.0,0.005932410500809377
gap_today q0 & range_compress q4 unless frog q0,0.0003381444021772242,-0.16531204643459282,2.5258829818533446,rejected,0.0,0.011540791487399508
mom_12_1 q0 & r20 q4 unless frog q0,-0.0004026613788556698,-0.1559295584228263,-2.420750013479335,rejected,0.0,0.015488524489961353
days_since_earn q2 & range_compress q0 unless r120 q0,-0.0002243154513257382,0.2778688803598011,-2.1991272896796605,rejected,0.0,0.027868872583967436
mom_12_1 q0 & r20 q4 unless r5_nonews q0,-0.0003031766200620054,0.22237771116839566,-2.229096459655798,rejected,0.0,0.025807487433414714
days_since_earn q2 & range_compress q0 unless close_loc q0,-0.00037863619071248444,-0.1681600335792017,-2.2768581803905343,rejected,0.05869166520387284,0.022794695882325685
mom_12_1 q0 & rel_ind20 q4 unless r120 q0,-0.00029069985300796326,-0.9160171127976336,-1.3544029269795903,rejected,0.10737254943996216,0.17560786431303949
mom_12_1 q0 & r20 q4 unless r120 q0,-0.00030521045605833377,-0.7388200381490787,-1.5310371653168047,rejected,0.08495428481422619,0.12576020761427206
gap_today q0 & range_compress q4 unless overnight20 q0,0.0002817642056510776,-0.04063773370380825,2.1775765231562616,rejected,0.0,0.029437578962748786
mom_12_1 q0 & r20 q4 unless intraday20 q4,-0.0001692456850058234,0.28886825806269073,-1.8046463220776676,rejected,0.0,0.07113004450781997
mom_12_1 q0 & rel_ind20 q4 unless dist_52wh q0,-0.0002456092147585524,-0.04112654866336775,-1.648145345328772,rejected,0.05608360609378124,0.09932284909443512
mom_12_1 q0 & rel_ind20 q4 unless r20 q4,1.970476746283038e-06,0.7532200076736841,-0.8944465612527523,rejected,0.0,0.37108300966485486
mom_12_1 q0 & r20 q4 unless range_compress q0,-0.00016508875456053344,0.146069872729719,-1.3633316075080009,rejected,0.0,0.1727780249127172
