key_named,effect,t_conf,t_disc,status,p_real,p_coincidence
rel_ind60 q2,0.0,-1.4074254277800717,3.084981450348301,rejected,0.0,0.0020356484863989035
r5 q1,0.0,-1.037838550326353,2.583949296538504,rejected,0.0,0.009767615261234179
earn_in_week q1,0.0,-0.2892721318810523,-2.859255492795443,rejected,0.06989378878047543,0.0042463662852453635
atr_pct q3,0.0,2.148499571054981,0.9462151779496453,rejected,0.0,0.34403884619539693
ev_agreement q2,0.0,-1.3601266126720846,1.6544425788249117,rejected,0.0,0.09803762122201556
vol20 q3,0.0,2.428164791846864,0.523034453450122,rejected,0.016240065709400456,0.6009502774643515
ev_agreement q4,0.0,1.3988373084455148,-1.5426082453553618,rejected,0.0,0.12292585624877068
dist_52wh q1,0.0,1.1269629316339218,-1.770347501626704,rejected,0.0,0.07666926949109445
min20 q1,0.0,1.6812427074635867,1.1587054500815541,rejected,0.008014446818372394,0.2465762685438624
frog q1,0.0,0.9579803779205962,1.776165589949168,rejected,0.004837670459776894,0.0757056280241623
rel_ind60 q1,0.0,1.837301778824508,-0.8032430718996484,rejected,0.0,0.421834254747114
frog q0,0.0,0.773417913157936,-1.8345549361511184,rejected,0.0,0.06657166091793587
gap_today q4,0.0,-0.9100197704296358,-1.684103182476539,rejected,0.0,0.0921617294345356
close_loc q2,0.0,0.8903741712943827,-1.628070240560832,rejected,0.0,0.10350999285815657
dist_ma50 q1,0.0,0.7116729348139861,1.7543567319925706,rejected,0.003849502825095012,0.07936940038174674
news5 q2,0.0,0.16724405415732424,2.275445084424769,rejected,0.0,0.022879243437996136
r5_news q4,0.0,1.145967447934196,-1.2654831145673755,rejected,0.0,0.20569819758843347
vol_surge1 q1,0.0,0.7756369795503806,1.6167899006004895,rejected,0.0,0.10592364018835414
frog q2,0.0,-1.7470502887826904,-0.6327923853633584,rejected,0.009819972256601833,0.5268692299856759
r5 q3,0.0,0.8866693360151334,-1.4855552600643112,rejected,0.0,0.13739679649086967
ear_volsurge q1,0.0,1.525055790453214,0.7897919973840808,rejected,0.0,0.4296492534074654
vol_surge1 q3,0.0,1.0358744651663563,-1.2724103517974346,rejected,0.0,0.2032273579505397
close_loc q1,0.0,1.0226373069295738,1.2841724286176353,rejected,0.03599870269873093,0.19908163001785145
gap_today q0,0.0,0.2617059893995046,2.0238624127266767,rejected,0.008511870591854126,0.042984310291650896
close_loc q3,0.0,-1.1976342949884962,1.084999773407256,rejected,0.0,0.2779217556265049
vol_surge5 q4,0.0,-1.3153240321453843,-0.9671544179847215,rejected,0.0,0.33346684500032486
r20 q1,0.0,0.9605699669021628,1.3156179269556214,rejected,0.03008239672797494,0.18830231349350335
mom_12_1 q2,0.0,-1.2364496224782038,1.0393479903643352,rejected,0.0,0.29864292313800167
rel_ind20 q4,0.0,0.7433888816879928,-1.5079803631321085,rejected,0.0,0.13155955289499108
frog q4,0.0,0.8585440042816543,1.391665830226961,rejected,0.01428061491202914,0.1640236141109549
ind_mom60 q2,0.0,-1.4850714010807833,-0.7522302411344964,rejected,0.0,0.4519126104507723
r5_nonews q4,0.0,-0.4654704405533295,-1.7441265275374156,rejected,0.006746897250876451,0.08113702930231581
vol20 q2,0.0,1.8874448893365319,0.3175426051854747,rejected,0.00878187878486163,0.7508319166117656
vol_surge5 q2,0.0,1.2613843621961836,0.9199237299988373,rejected,0.0,0.35761261724007504
days_since_earn q3,0.0,0.24802450533357023,1.9203217265878054,rejected,0.0,0.05481727366721591
frog q3,0.0,-1.2831237035542602,-0.8612227029902724,rejected,0.0,0.38911539840030895
atr_pct q2,0.0,1.6077008727926012,-0.5243076444603891,rejected,0.0,0.6000645807800458
ear q2,0.0,-1.8435921196047467,-0.2882547551974781,rejected,0.007116731406977556,0.7731517379909286
days_since_earn q4,0.0,-1.3166154054621029,0.8102126572977832,rejected,0.0,0.41781796408384964
dist_ma200 q2,0.0,-1.7092624861787526,0.4145124753705236,rejected,0.0,0.6784988325518069
r5 q4,0.0,0.43087550833811555,-1.6905641641729563,rejected,0.0,0.09092007381121833
days_to_earn q0,0.0,0.673203534610981,1.4402703492558282,rejected,0.009211104319903423,0.14979092676334177
r5_news q0,0.0,-1.441794833583317,-0.6645144839524638,rejected,0.0,0.5063610818864068
vol20 q4,0.0,-1.2654433667264529,-0.7715468673009369,rejected,0.0,0.4403828538401807
min20 q0,0.0,-1.18556297399549,-0.8316013203427679,rejected,0.0,0.4056340165874149
r1 q1,0.0,1.7556631560277165,-0.23709504663699396,rejected,0.0,0.8125830550374946
r60 q3,0.0,1.406254337261874,0.5587132072780776,rejected,0.011855008290425339,0.5763574642497851
ear_volsurge q0,0.0,-1.589546005312215,-0.3726195618210111,rejected,0.008080632246615819,0.7094316115085237
ind_mom20 q4,0.0,1.5535799327048645,-0.4077035169831022,rejected,0.0,0.6834913551109668
vol_ratio q4,0.0,1.1752821078027205,-0.7486586092485651,rejected,0.0,0.4540629969644185
gap_today q1,0.0,0.6198896748108874,-1.2950480345503057,rejected,0.0,0.19530365961903007
r5_news q2,0.0,0.20345079523422102,1.6938850374663623,rejected,0.0,0.09028713071583164
log_dv q2,0.0,0.9528333230084837,0.9408982506489837,rejected,0.0,0.3467570041899581
range_compress q0,0.0,-0.9120461365531041,-0.9811472779871903,rejected,0.0,0.32652011883407206
skew60 q1,0.0,0.2141832303472763,1.6514407001922167,rejected,0.0,0.09864861993239621
ear q4,0.0,1.5585489936746084,0.2498639388180213,rejected,0.012213909144345501,0.802692571465422
days_to_earn q2,0.0,-1.7266300758198514,0.05186121944502343,rejected,0.0,0.958639275069282
r5_nonews q2,0.0,0.9733248319658901,0.8015109615704067,rejected,0.0,0.4228359007732638
r5_nonews q0,0.0,0.1340067382393389,1.6402355615945539,rejected,0.0,0.10095619792537629
overnight20 q0,0.0,-0.9075256539762048,0.8358289901553713,rejected,0.0,0.4032511149754932
days_since_earn q2,0.0,0.9930055165964803,-0.7472539209891779,rejected,0.0,0.45491030135206634
range_compress q4,0.0,1.0887010636759074,0.6504847489471306,rejected,0.00631817519196533,0.5153791499263594
news5 q4,0.0,-0.16865608533020002,-1.5573848497529976,rejected,0.0,0.11937914096101818
max20 q4,0.0,-0.8655953095133352,-0.8396746868759388,rejected,0.0,0.4010908104832396
atr_pct q4,0.0,-1.0622917994166468,-0.6401875189204371,rejected,0.008544945418078834,0.5220506960518503
rel_ind20 q2,0.0,-0.11753533373141246,1.582624865908237,rejected,0.0,0.11350699245702842
days_to_earn q3,0.0,-0.4417913881442721,-1.240921899653715,rejected,0.011187702347203544,0.21463460179335514
r120 q2,0.0,-1.2931482506459102,0.38471833914326453,rejected,0.0,0.7004461064004927
ev_offering q2,0.0,1.027707345640825,0.6430734672889454,rejected,0.006167282732917214,0.5201764299541957
days_since_earn q0,0.0,0.5460768541367615,-1.1212813871997434,rejected,0.0,0.26216810572418026
min20 q3,0.0,0.4263457828189777,-1.2319155581483214,rejected,0.0,0.21798062901684065
vol_ratio q2,0.0,-0.7310984626937934,0.9265052172040756,rejected,0.0,0.35418348705890135
vol_surge5 q3,0.0,1.0315564155845423,0.6204745148659797,rejected,0.013275481023672923,0.5349454275338323
min20 q2,0.0,1.2804143417462932,0.3596892180440018,rejected,0.005241079913955031,0.7190795559005267
ind_mom20 q2,0.0,-0.26833882067254156,1.365181315738357,rejected,0.0,0.1721960693361478
vol_surge1 q2,0.0,-0.11082753093706652,1.498858007322413,rejected,0.0,0.13391047227483555
r5_nonews q1,0.0,-1.1869809348776055,-0.3988334684853294,rejected,0.009522239353001343,0.6900159145209326
max20 q2,0.0,0.9481655921244032,0.630281981605838,rejected,0.010699607506994486,0.5285101096557294
r20 q0,0.0,-1.0103637395946732,0.5675471318480493,rejected,0.0,0.5703425144263101
ind_mom60 q1,0.0,0.015775118367013296,1.5392758590569822,rejected,0.0,0.12373696489561882
vol_surge1 q4,0.0,0.032333166798130274,-1.5170118356726308,rejected,0.0,0.12926369582587038
dist_ma50 q4,0.0,0.31501043390911254,-1.2311824380352612,rejected,0.0,0.2182546382339916
vol_ratio q0,0.0,-0.6046579581304791,0.9214791033240091,rejected,0.0,0.3568003462964041
dist_52wh q2,0.0,-0.48056801120251796,1.038532550547229,rejected,0.0,0.2990221891461448
ear_volsurge q3,0.0,1.3430143806598829,-0.17521719463085694,rejected,0.0,0.8609089739720748
overnight20 q3,0.0,0.5887937013557126,-0.9239717296873824,rejected,0.0,0.35550103489777446
r20 q3,0.0,0.3488970744323124,-1.1541459781092291,rejected,0.0,0.2484403260089716
skew60 q2,0.0,0.7155607040186822,-0.784957626220596,rejected,0.0,0.43247841324768166
overnight20 q4,0.0,0.26018226229135466,-1.2205953625771082,rejected,0.0,0.22223926304848846
days_to_earn q4,0.0,0.6252048728086518,-0.8464190937223609,rejected,0.0,0.39731899058909287
ind_mom60 q0,0.0,1.368768100397957,0.09427618633635533,rejected,0.0024086611770588553,0.9248897661986573
ins_opportunistic30 q2,0.0,0.8787527641959015,-0.5808174917714738,rejected,0.0,0.5613634648729529
mom_12_1 q1,0.0,1.0583256336258156,-0.4011880167514789,rejected,0.0,0.6882817026688857
intraday20 q1,0.0,0.900496951238052,0.5573195552897512,rejected,0.01094499377081081,0.5773091171438156
rel_ind20 q0,0.0,-0.67674537274869,0.765698752074202,rejected,0.0,0.4438555697761301
r5 q0,0.0,-0.6662898843255406,0.7756369656167605,rejected,0.0,0.4379633677729188
r20 q4,0.0,0.3579233092666902,-1.0745885174912073,rejected,0.0,0.28255899496533954
log_dv q3,0.0,-0.942348351565895,-0.4731290780033004,rejected,0.004262328074174714,0.636121092479335
days_to_earn q1,0.0,1.1548580338101753,0.24613232538654514,rejected,0.012101937140204756,0.8055798005893634
ev_offering q4,0.0,-0.8335980219300556,-0.5650235044767074,rejected,0.008080646566814887,0.5720577771077526
r1 q4,0.0,-0.25289323550406834,-1.1387473513131938,rejected,0.0,0.2548085467480934
dist_ma200 q1,0.0,0.8279157795197756,-0.5520373169524212,rejected,0.0,0.5809227864850004
ind_mom20 q3,0.0,-0.07157894533867985,-1.2910042177389145,rejected,0.02076131927960703,0.19670221498859813
r60 q4,0.0,-0.757199067908261,-0.5829835588804664,rejected,0.007475424233547646,0.5599043681835076
ins_opportunistic30 q4,0.0,-0.7649238792994915,0.5452449827164862,rejected,0.0,0.5855850376124488
ind_mom20 q1,0.0,-0.9696170602576172,-0.33875918158175117,rejected,0.0031579172328136634,0.73479115331446
ind_mom60 q3,0.0,0.3150293898225822,-0.9907625373495879,rejected,0.0,0.3218015461644338
intraday20 q0,0.0,-0.7850563589807993,0.517093879537304,rejected,0.0,0.6050906259228575
r120 q1,0.0,1.1186565774070498,-0.18004251375136177,rejected,0.0,0.8571191923541626
vol_surge5 q0,0.0,-0.9230476252228501,-0.35184270678181007,rejected,0.007495866896604715,0.7249562284249891
close_loc q4,0.0,-1.0432910096580685,0.21879671129626277,rejected,0.0,0.8268084088169333
max20 q3,0.0,0.6479557752924757,0.6105370942400594,rejected,0.008073890976614028,0.5415060788656401
dist_ma50 q2,0.0,-0.9835264190888091,0.26643873600573276,rejected,0.0,0.7899013360032937
dist_52wh q3,0.0,0.6014587294942136,0.6440533463136006,rejected,0.003963965129412777,0.5195408417890948
dist_ma50 q3,0.0,1.1113223849045328,0.12650372433762716,rejected,0.0,0.8993332011369992
vol_surge1 q0,0.0,-1.182878999121077,0.03908000074435482,rejected,0.0,0.968826605881103
vol_surge5 q1,0.0,1.000959154333413,-0.1891332434135849,rejected,0.0,0.8499883871873318
intraday20 q4,0.0,-0.329364419300234,-0.8441892508947395,rejected,0.0,0.39856366019566974
skew60 q0,0.0,-0.6464549284796117,-0.5254064390852391,rejected,0.010327793582560087,0.5993006782396286
max20 q1,0.0,0.6315579840717089,-0.5359265350945155,rejected,0.0,0.592009324638431
rel_ind60 q0,0.0,-0.45518412548342135,-0.700898416432732,rejected,0.0,0.4833664127802559
gap_today q2,0.0,-0.3733009856206957,0.7279066858565242,rejected,0.0,0.4666707101758026
close_loc q0,0.0,0.2915401892811399,-0.7858863861517887,rejected,0.0,0.4319340509254142
atr_pct q0,0.0,-0.043845829797030236,1.0123321318376688,rejected,0.0,0.3113792764460802
days_since_earn q1,0.0,-0.1328519499562494,-0.9232759973780572,rejected,0.0,0.35586339305128706
min20 q4,0.0,-0.24323335263646034,0.7849271813463732,rejected,0.0,0.43249626423831716
vol_ratio q3,0.0,-0.22293898958628464,-0.8046054988519714,rejected,0.0,0.4210473679446732
overnight20 q1,0.0,0.2614082478020669,0.7608355230265518,rejected,0.0,0.4467553139139273
dist_ma50 q0,0.0,-0.8101349804120351,-0.20770111161589358,rejected,0.010743936289967605,0.8354623496632796
log_dv q0,0.0,-0.07197036781678011,-0.938157439553303,rejected,0.0,0.34816350682398645
dist_52wh q4,0.0,-0.3164190177879404,0.6892730683564612,rejected,0.0,0.49065144261691035
ear q1,0.0,0.7340473512309732,-0.26273775254375903,rejected,0.0,0.7927527164148498
ev_red_flag q2,0.0,0.7009513668029093,-0.2956509743871395,rejected,0.0,0.767496640925214
overnight20 q2,0.0,0.06530651730411717,0.9118956973577413,rejected,0.0,0.361823626759297
r1 q0,0.0,-0.32376164304614663,0.650274350191455,rejected,0.0,0.5155150223567639
earn_in_week q4,0.0,0.1579546061666789,0.8159218696476973,rejected,0.0,0.4145448230930578
atr_pct q1,0.0,-0.3223487079838465,-0.6506311466338335,rejected,0.004020588258048598,0.5152846194177033
ind_mom20 q0,0.0,-0.36388444461307257,0.5925471997581042,rejected,0.0,0.5534842239617666
ev_shelf q2,0.0,0.7532944942317037,0.20273075433671015,rejected,0.009473916341022213,0.8393454838066058
mom_12_1 q0,0.0,0.11890335549383212,-0.8246324025334835,rejected,0.0,0.4095803195904021
rel_ind20 q3,0.0,0.01401310519886671,-0.9040005975969415,rejected,0.0,0.3659950845112606
r1 q3,0.0,-0.44290716426184873,0.4698858568518675,rejected,0.0,0.6384365693988598
ev_red_flag q4,0.0,-0.6177707335199293,0.28720924903777567,rejected,0.0,0.7739521048237077
gap_today q3,0.0,0.8300594911540075,-0.03828911767896115,rejected,0.0,0.9694571672593847
r1 q2,0.0,-0.467281045928352,0.3972390908737407,rejected,0.0,0.6911911582630244
intraday20 q2,0.0,0.7219107241250281,0.11171706976060951,rejected,0.001977010136958308,0.91104774434676
r60 q1,0.0,0.4869380477203233,0.33132785433872763,rejected,0.006548608849615937,0.7403968536715584
ev_shelf q4,0.0,-0.5958547377063309,-0.1906513097150039,rejected,0.006467501180508551,0.8487987880734331
rel_ind60 q3,0.0,0.38153858555201126,-0.39180271654302457,rejected,0.0,0.6952039877138588
dist_ma200 q4,0.0,0.5362185165092505,0.22691642477239327,rejected,0.00691859140582755,0.8204887300482888
range_compress q1,0.0,0.5993041333187412,0.14728784774353096,rejected,0.0,0.8829048239642444
intraday20 q3,0.0,0.47000389031941653,-0.27489230122704356,rejected,0.0,0.7833989821120092
range_compress q2,0.0,-0.17110763002628038,0.5714822456386568,rejected,0.0,0.5676727919646078
r20 q2,0.0,0.10769701211727696,0.6344354373410134,rejected,0.004579848283783418,0.5257966888134804
r60 q2,0.0,-0.2850687603359275,0.4488453942895605,rejected,0.0,0.6535431896881547
log_dv q4,0.0,0.15584305996916556,0.5700867426155098,rejected,0.004517257778158297,0.5686188664873275
r5_nonews q3,0.0,0.3879814366617237,-0.31087474940688165,rejected,0.0,0.7558958410686933
r5 q2,0.0,0.41784581596695725,0.24877838796664375,rejected,0.00843699456502993,0.8035322095223002
skew60 q4,0.0,0.2543336238364292,-0.4028793681952076,rejected,0.0,0.6870369698759938
vol20 q1,0.0,-0.09070628934752617,0.5622386513767097,rejected,0.0,0.5739534304599463
ins_officer30 q2,0.0,0.03209874956339021,0.6117327296112647,rejected,0.004843752139136852,0.5407146035561907
dist_52wh q0,0.0,-0.30367727443170267,-0.3385167464198828,rejected,0.003227988712131347,0.7349738094073096
skew60 q3,0.0,-0.5524687948255242,0.06203141606870115,rejected,0.0,0.9505378137625129
ear q0,0.0,0.12524538102295094,0.4811688638542039,rejected,0.0007451272615130262,0.6303964880918824
mom_12_1 q4,0.0,-0.16749406625635654,0.4339756836918853,rejected,0.0,0.6643060989506868
range_compress q3,0.0,0.24096404828169912,0.3551112200906344,rejected,0.004880048914371004,0.7225062713306041
ear_volsurge q2,0.0,-0.2325905176405011,-0.3587887182635294,rejected,0.0038763203629367912,0.7197531530429275
r120 q3,0.0,-0.45895451677951127,0.1070692074756404,rejected,0.0,0.9147340755841762
ear_volsurge q4,0.0,-0.2720621598334183,0.289839038365026,rejected,0.0,0.7719393808171752
ins_officer30 q4,0.0,-0.027959029219588594,-0.5270026902145647,rejected,0.005043147064978632,0.5981917202963938
ear q3,0.0,0.15415824589892346,-0.3758510113071536,rejected,0.0,0.7070276619305444
max20 q0,0.0,-0.05745183112622553,0.457624359959628,rejected,0.0,0.6472223392360285
dist_ma200 q3,0.0,0.09943830501904646,-0.4044482817001983,rejected,0.0,0.685883102005596
ind_mom60 q4,0.0,-0.3882252965490149,0.0986125607853177,rejected,0.0,0.9214458965703928
r60 q0,0.0,-0.23361949917899935,-0.24977958763872632,rejected,0.008082947003115282,0.802757806194406
mom_12_1 q3,0.0,0.17885663732320844,0.23111925259568622,rejected,0.005744877833653143,0.8172221585783106
rel_ind20 q1,0.0,0.11012772514238632,0.2792130730156524,rejected,0.0021087196500025767,0.7800813116302246
news5 q1,0.0,0.09455451681986289,0.29156434525154123,rejected,0.0029810944924685157,0.7706197398079726
rel_ind60 q4,0.0,-0.021741451351139238,-0.35875952724189303,rejected,0.0036984527621989715,0.7197749923275625
r120 q4,0.0,0.3218622015958721,0.03735416149520124,rejected,0.0014244470166296882,0.9702026209686051
earn_in_week q2,0.0,-0.14549360990280236,-0.18244599899211889,rejected,0.0034074273496012635,0.8552327295527232
vol20 q0,0.0,-0.2998509086810031,0.025965686622744753,rejected,0.0,0.9792847073258909
r120 q0,0.0,0.14326965472421038,-0.18134028069300415,rejected,0.0,0.8561004906889844
vol_ratio q1,0.0,-0.010473510723883434,-0.27565798514297896,rejected,0.0013160644704454931,0.7828107686781742
ins_buyers30 q2,0.0,-0.003984953449648017,-0.21412340560693638,rejected,0.0075525305182531895,0.8304508240209496
ins_value30 q2,0.0,-0.003984953449648017,-0.21412340560693638,rejected,0.0075525305182531895,0.8304508240209496
dist_ma200 q0,0.0,-0.09068310124502496,0.12353785597221068,rejected,0.0,0.9016811991345476
ins_buyers30 q4,0.0,0.0035303273136512623,0.19635058655832982,rejected,0.0040646383528204185,0.8443357695621543
ins_value30 q4,0.0,0.0035303273136512623,0.1963505837574032,rejected,0.004385919848654228,0.844335771754303
log_dv q1,0.0,0.038831807114613086,-0.11408832002241848,rejected,0.0,0.9091677810390476
atr_pct q3 & dist_ma50 q1,0.0,3.0884322081272835,2.0243494240867856,rejected,0.009406399913385016,0.04293421165761232
ev_agreement q2 & rel_ind60 q2,0.0,-1.569245819319343,3.247994863499853,rejected,0.0,0.0011622136869170608
rel_ind60 q2 & vol_ratio q2,0.0,-2.1714690729072728,2.618132999000212,rejected,0.0,0.008841233822581363
mom_12_1 q2 & rel_ind60 q2,0.0,-2.16350342703112,2.311787319961205,rejected,0.0,0.02078940653180263
ind_mom60 q1 & r20 q1,0.0,1.7520496004615824,2.716264986222364,rejected,0.10269632670722328,0.006602305081382441
ev_agreement q2 & r5 q1,0.0,-1.3665514029262744,2.878930788750666,rejected,0.0,0.00399025893875936
days_since_earn q3 & frog q4,0.0,2.3581283676657794,1.8835181511529713,rejected,0.0002944594715223926,0.05963018235110265
days_to_earn q0 & r20 q1,0.0,1.2641641123271903,2.964637436748385,rejected,0.2679980333426137,0.003030398463978997
ear_volsurge q3 & vol20 q2,0.0,2.6101907092917673,1.3992153582764968,rejected,0.013120173169050509,0.1617484123783134
r20 q1 & rel_ind60 q2,0.0,0.5314393836482665,3.42680481283396,rejected,0.37407422280027863,0.0006107278915154582
r5 q1 & vol_ratio q2,0.0,-0.6554495754580961,3.2925795576451997,rejected,0.0,0.0009927280676322657
dist_52wh q1 & vol_surge1 q1,0.0,3.5242547913404314,0.4044782216292238,rejected,0.006984921355740539,0.6858610895953856
dist_52wh q1 & vol_surge5 q4,0.0,0.3841512830938074,-3.4513761844048543,rejected,0.0,0.000557735594777772
days_since_earn q3 & r5_nonews q0,0.0,1.3420996763990407,2.475580150710429,rejected,0.0008906435764958011,0.01330199007308759
gap_today q0 & vol_surge1 q1,0.0,0.6110510787239753,3.1994227275967075,rejected,0.3884389288534599,0.001377030956237757
r5_news q2 & rel_ind60 q2,0.0,-1.1913381952789064,2.5844912906981694,rejected,0.0,0.009752276750924369
earn_in_week q1 & ev_agreement q2,0.0,-1.1584901282870204,-2.6034743795516,rejected,0.06595084133715678,0.009228416481283133
dist_ma50 q1 & rel_ind60 q2,0.0,-0.4287221123509986,3.332599466886015,rejected,0.0,0.0008603870907637415
r5 q1 & rel_ind20 q2,0.0,-1.4168832121347652,2.316622449000221,rejected,0.0,0.02052430739359397
days_since_earn q0 & frog q0,0.0,1.3128517090260734,-2.419580178246221,rejected,0.0,0.01553843479874043
dist_ma50 q1 & vol_surge1 q1,0.0,1.9365868912770094,1.7896107018296297,rejected,0.008060785206582797,0.0735165168652313
dist_ma50 q1 & r5 q1,0.0,-0.9073263284969108,2.7898198911045577,rejected,0.0,0.0052737369967195925
dist_52wh q1 & r20 q3,0.0,-0.6669043664099175,-3.0289006283320363,rejected,0.255371677907058,0.0024544540213601355
ind_mom60 q1 & vol_surge1 q1,0.0,1.6021742212160826,2.0897004217316946,rejected,0.01618725063040312,0.036644719108838285
r5 q1 & r5_news q2,0.0,-0.9111605883406352,2.7647894712579792,rejected,0.0,0.005695954419695659
log_dv q0 & r5 q1,0.0,-2.636253526968378,1.0267074777428717,rejected,0.0,0.30455822712155634
r5_nonews q0 & vol20 q3,0.0,1.424556748614283,2.2177717078031343,rejected,0.0021758424499810276,0.026570402108890126
frog q1 & min20 q1,0.0,2.2309489874538504,1.3931370172234707,rejected,0.014278846680021955,0.16357836109125642
days_to_earn q0 & dist_ma50 q1,0.0,0.8176697594564352,2.8000353422415802,rejected,0.061370728940434945,0.005109701188934505
days_since_earn q0 & ev_agreement q4,0.0,1.0079468742341506,-2.595344619263528,rejected,0.0,0.009449611852921837
close_loc q2 & gap_today q1,0.0,0.7980440030386824,-2.7935948644620714,rejected,0.0,0.0052125737635583145
dist_ma50 q1 & min20 q1,0.0,1.9239512565314023,1.6601982635336252,rejected,0.0,0.0968745738787698
close_loc q1 & rel_ind20 q4,0.0,1.4394193732175973,-2.144378131646767,rejected,0.0,0.03200260102281054
days_since_earn q3 & vol_ratio q0,0.0,-0.4401396014194252,3.1424102414369517,rejected,0.0,0.0016756307987235634
frog q0 & gap_today q4,0.0,-1.5024360934433383,-2.043892746870989,rejected,0.0,0.04096414384197893
r5_nonews q0 & vol_surge1 q2,0.0,1.1291114338764474,2.4108564014518308,rejected,0.0,0.015915113217039582
earn_in_week q1 & log_dv q2,0.0,-2.10317132935503,-1.4227053160791705,rejected,0.020804603705970516,0.1548215989029867
r5_nonews q4 & vol_surge5 q0,0.0,-2.1436075639888994,-1.3607568640944503,rejected,0.022330123688874357,0.17359053781705497
dist_52wh q1 & r5_nonews q4,0.0,0.7093476660680262,-2.7880088823362494,rejected,0.0,0.005303308972389558
ear q4 & vol20 q2,0.0,2.6713351000028855,0.8226284857525236,rejected,0.0,0.41071929454487416
days_to_earn q1 & r5_nonews q0,0.0,1.4661043446470432,2.0261065946850834,rejected,0.004342773974269003,0.0427538624558658
dist_ma50 q1 & r5_nonews q0,0.0,1.6617089132343164,1.8102056573718883,rejected,0.005719318231510249,0.07026390062521456
close_loc q3 & r5 q1,0.0,-1.8246363775077021,1.614214317314755,rejected,0.0,0.10648094752910131
dist_ma200 q0 & gap_today q1,0.0,1.3583834505417736,-2.0790239256600245,rejected,0.0,0.03761515143773314
ind_mom20 q3 & r5 q3,0.0,1.2247641255159907,-2.2071121917919294,rejected,0.0,0.02730622223197785
frog q0 & r5 q3,0.0,2.195528204853251,-1.2337431979007705,rejected,0.0,0.21729861156776056
dist_52wh q1 & r1 q4,0.0,-0.28587874163170396,-3.1276257226832325,rejected,0.3163109372368953,0.0017622443303891104
dist_52wh q1 & ind_mom20 q3,0.0,0.8815504678175206,-2.5238494726898577,rejected,0.0,0.011607762044211826
r5 q1 & vol_surge5 q4,0.0,-2.35938027204285,1.0439113316763673,rejected,0.0,0.2965264149601901
frog q0 & r20 q1,0.0,1.8911870189179312,-1.5015613860593946,rejected,0.0,0.1332104220271371
min20 q1 & vol_surge1 q2,0.0,-1.380065545390262,2.008349464203785,rejected,0.0,0.0446061690334037
r20 q1 & vol_surge1 q1,0.0,1.7338526617526981,1.6352323369055917,rejected,0.0,0.10200035172886195
dist_52wh q1 & ins_value30 q2,0.0,1.5151628894612192,-1.8427015547297145,rejected,0.0,0.06537259690809102
dist_ma50 q1 & skew60 q1,0.0,1.1034376089631497,2.2444961291095615,rejected,0.008636120613258828,0.02480049770093198
news5 q2 & r5 q1,0.0,-1.115247763714536,2.2167635780532837,rejected,0.0,0.026639251616495403
days_to_earn q3 & gap_today q0,0.0,-2.4743217455998288,0.8545409444277551,rejected,0.0,0.39280533307742166
dist_ma50 q2 & rel_ind20 q4,0.0,-1.5101715976717505,-1.8159855538253535,rejected,0.0,0.06937258817416787
news5 q2 & rel_ind20 q2,0.0,-0.6305614993655102,2.691072074941282,rejected,0.0,0.00712228057042871
close_loc q1 & news5 q2,0.0,1.2967331266463877,1.9996465500278897,rejected,0.007439176516689937,0.045538443599805425
dist_52wh q1 & r5 q4,0.0,0.5453143821544391,-2.74895950093802,rejected,0.0,0.00597847725289173
gap_today q0 & news5 q2,0.0,0.5439296629920497,2.7361170669700265,rejected,0.06345844971687152,0.006216890491236271
ev_agreement q2 & frog q1,0.0,0.771812034865003,2.5023085302906347,rejected,0.009248742631875825,0.0123386345836987
close_loc q2 & dist_ma200 q2,0.0,1.7095776675658534,-1.5535324862380557,rejected,0.0,0.12029597441026567
dist_52wh q1 & vol_surge1 q4,0.0,0.43533997239154354,-2.8183903008743645,rejected,0.0,0.004826510044766747
r5 q4 & vol_surge1 q4,0.0,1.1408496686313965,-2.1101410670695278,rejected,0.0,0.034846206894657894
close_loc q1 & dist_ma50 q4,0.0,1.477481880100187,-1.7590626359157049,rejected,0.0,0.07856687035677397
r5_nonews q4 & range_compress q0,0.0,-1.0139162289490102,-2.2175853224747883,rejected,0.00709879743103864,0.02658311956877437
earn_in_week q1 & overnight20 q3,0.0,-1.9018797481635248,-1.280547665924857,rejected,0.044186283794628065,0.2003525921230898
atr_pct q3 & gap_today q0,0.0,1.4345709261434325,1.7419495424308982,rejected,0.012211716020282364,0.08151727380504979
dist_ma50 q3 & ins_value30 q4,0.0,-2.1312695388319467,-1.039557625131058,rejected,0.0,0.2985454726544299
days_since_earn q1 & gap_today q0,0.0,-1.783047450825819,1.3769951556057987,rejected,0.0,0.16851374559837015
earn_in_week q1 & r5 q4,0.0,0.47357810610496137,-2.684104762941756,rejected,0.0,0.007272431390509292
frog q0 & gap_today q1,0.0,1.3177623282320252,-1.8343467606686419,rejected,0.0,0.06660253710012613
atr_pct q3 & r5_nonews q0,0.0,1.2649999387136432,1.8636182115933144,rejected,0.000217257766230615,0.06237533832783339
close_loc q2 & r1 q4,0.0,-0.7285496195974626,-2.397816510439414,rejected,0.005423766572975194,0.016493124910619772
close_loc q1 & rel_ind20 q2,0.0,-0.8218536336635651,2.303586364307895,rejected,0.0,0.021245874010677217
ev_red_flag q2 & frog q0,0.0,1.2188553541376541,-1.8883455080584295,rejected,0.0,0.05897958166458915
close_loc q3 & rel_ind60 q2,0.0,-2.1676110436060982,0.9242107768277634,rejected,0.0,0.35537658576038533
earn_in_week q1 & ind_mom60 q3,0.0,-2.2365014314551193,-0.849746442634513,rejected,0.0,0.39546607166692777
days_to_earn q0 & vol_surge1 q1,0.0,1.5100674968785925,1.562116406216778,rejected,0.0,0.11826056861219485
news5 q2 & rel_ind60 q2,0.0,-1.1114009526391564,1.9570991499846733,rejected,0.0,0.050335812358732586
ev_agreement q4 & frog q1,0.0,0.6933558390747386,-2.3635337798702865,rejected,0.0,0.01810157634179647
frog q0 & vol_surge5 q2,0.0,1.0979157744589274,-1.956317539951511,rejected,0.0,0.05042775922623504
ev_agreement q4 & ev_shelf q2,0.0,1.5300151076444524,-1.523647534157956,rejected,0.0,0.12759678215879466
close_loc q2 & r20 q3,0.0,0.8994498230394969,-2.1441526092177314,rejected,0.0,0.032020660873547845
dist_52wh q1 & vol_surge1 q3,0.0,1.0302743028042551,-2.012602077060909,rejected,0.0,0.04415650829203039
ind_mom60 q1 & rel_ind20 q2,0.0,0.5720092094778612,2.463528439482772,rejected,0.005416152947076266,0.013757698064441657
rel_ind20 q4 & vol_surge1 q4,0.0,0.9285846544496502,-2.1038122020166488,rejected,0.0,0.03539483198938172
frog q1 & news5 q2,0.0,1.1680646389731633,1.8593526044673112,rejected,0.0024582977956749074,0.06297717515338852
days_since_earn q1 & earn_in_week q1,0.0,-0.6522463963361921,-2.3746571269659804,rejected,0.0,0.017565258317824906
earn_in_week q1 & log_dv q0,0.0,1.9072563274864596,-1.1110839763647788,rejected,0.0,0.26653220436674513
ev_agreement q2 & vol_surge5 q4,0.0,-2.249829145681205,-0.7672243290481702,rejected,0.0,0.44294815021726297
atr_pct q3 & news5 q2,0.0,2.0347448953544576,0.9804077265752501,rejected,0.0,0.3268848972881979
close_loc q2 & rel_ind20 q4,0.0,1.7468199049295878,-1.2579734674322274,rejected,0.0,0.2084013519599433
days_since_earn q3 & skew60 q3,0.0,-1.547421237342829,1.4463456812519802,rejected,0.0,0.1480802690282422
dist_52wh q1 & ind_mom60 q3,0.0,1.4580028974006287,-1.529756021508127,rejected,0.0,0.1260771311178102
earn_in_week q1 & r20 q4,0.0,0.7504415828334545,-2.2321323487008042,rejected,0.0,0.02560621699762376
close_loc q2 & news5 q2,0.0,1.0680355218548574,-1.9132066230747518,rejected,0.0,0.05572160598025482
rel_ind60 q2 & vol_surge1 q2,0.0,-1.4301718450027436,1.5498741029477228,rejected,0.0,0.12117173651143273
max20 q2 & r5_nonews q3,0.0,-0.7723439212719176,-2.204316832846456,rejected,0.013217932574482266,0.027502069958611475
atr_pct q3 & r5 q1,0.0,-0.059379119194329845,2.9095960151351754,rejected,0.0,0.0036189620694871256
ev_agreement q4 & vol_surge1 q1,0.0,0.5947113051472948,-2.3713730609718446,rejected,0.0,0.017722133108640844
ev_agreement q4 & ind_mom20 q3,0.0,0.5950244533151093,-2.3707881742590895,rejected,0.0,0.01775020069052336
dist_ma50 q4 & vol_surge1 q4,0.0,1.0832163364114147,-1.8825489509742854,rejected,0.0,0.059761520100259764
frog q0 & range_compress q0,0.0,-0.7384505267102741,-2.226755576037985,rejected,0.00899460204713572,0.025963613864294993
r1 q1 & vol_surge5 q1,0.0,1.6651547908799382,-1.2882048696927457,rejected,0.0,0.19767465729886605
frog q1 & r5 q1,0.0,0.24330382619149027,2.7095613774670793,rejected,0.062226232835926466,0.006737223848224027
atr_pct q3 & frog q0,0.0,2.3579038035617987,-0.5924127956379135,rejected,0.0,0.5535742000057406
ins_officer30 q4 & r120 q2,0.0,-1.841198759912729,1.100779021996121,rejected,0.0,0.2709928440399289
days_since_earn q3 & r5 q1,0.0,-0.9217776454907829,2.014837792471111,rejected,0.0,0.04392164776271843
r5 q4 & vol20 q3,0.0,1.182840225953796,-1.7534611032076817,rejected,0.0,0.07952289054710969
min20 q1 & r5_news q2,0.0,1.5762391948760206,1.3514760521829643,rejected,0.02107970277782845,0.1765429861455908
dist_ma50 q1 & vol_surge5 q2,0.0,1.6239998361478205,1.3005078780193404,rejected,0.0264176193476976,0.1934269579475203
atr_pct q3 & r5_news q2,0.0,1.8883526037008185,1.0312178934701917,rejected,0.0,0.3024386514340383
days_to_earn q0 & news5 q2,0.0,1.3832976060581024,1.5334222715503356,rejected,0.0,0.12517184470128126
close_loc q1 & vol_surge1 q1,0.0,-0.32080417469034794,2.595665030858773,rejected,0.0,0.009440805332290908
dist_52wh q2 & rel_ind60 q2,0.0,-1.4126188506679584,1.5030778908325424,rejected,0.0,0.132818959382699
news5 q2 & vol_surge1 q1,0.0,1.031852520978551,1.876202031876425,rejected,0.002481658679884463,0.060627543190368054
r5 q1 & vol_surge1 q4,0.0,-2.52072464834838,0.3805156881576222,rejected,0.0,0.7035626533526708
frog q4 & gap_today q0,0.0,1.134762085714764,1.7594073608294603,rejected,0.0,0.07850834257664488
ev_agreement q2 & vol_surge1 q1,0.0,0.6537660467988055,2.2344394382457944,rejected,0.005750588271777238,0.02545417319376541
r5 q3 & vol_surge1 q3,0.0,1.68117005975542,-1.1997321051289014,rejected,0.0,0.23024340006383673
days_since_earn q0 & rel_ind60 q2,0.0,-0.4640990300028616,2.4158034540442306,rejected,0.0,0.01570053375140786
frog q4 & skew60 q1,0.0,0.6989459890399153,2.1804185652597896,rejected,0.013881194206224464,0.029226449210673845
log_dv q0 & r5_nonews q4,0.0,1.028732847103667,-1.8451561578230478,rejected,0.0,0.06501482602478342
close_loc q1 & gap_today q0,0.0,1.4360928205695016,1.4346418242317507,rejected,0.012957686161254868,0.15138918986312
dist_ma200 q1 & ind_mom60 q1,0.0,1.96271812749143,0.9007720255927637,rejected,0.0,0.36770954418945995
days_to_earn q3 & r5_nonews q4,0.0,-0.9561028984573481,-1.9068638152039759,rejected,0.0,0.0565382249825371
gap_today q0 & log_dv q2,0.0,-0.14241565117652652,2.717711621051871,rejected,0.0,0.0065735103678113025
skew60 q1 & vol_surge1 q1,0.0,1.4746373011640903,1.383980432922356,rejected,0.02027074484612308,0.1663644462438705
close_loc q2 & r5_news q2,0.0,1.3861087021706464,-1.4711804528844648,rejected,0.0,0.1412423220046414
days_since_earn q0 & r5_nonews q3,0.0,1.696221306711021,-1.1590846228113556,rejected,0.0,0.24642169319855226
close_loc q3 & r5_news q2,0.0,-1.318982168921428,1.5331471911323755,rejected,0.0,0.1252395924413169
close_loc q1 & r20 q1,0.0,0.8752565631459396,1.9754550132530486,rejected,0.0,0.048216535020376865
intraday20 q2 & vol20 q2,0.0,1.191921772665176,1.6321817063385409,rejected,0.0,0.10264121336016244
gap_today q0 & vol_ratio q0,0.0,-0.9230069810589546,1.896110353323775,rejected,0.0,0.057945453841463664
r1 q4 & r5 q1,0.0,-1.4781266346432973,1.335271133992821,rejected,0.0,0.18178762263966086
ind_mom60 q3 & r60 q1,0.0,0.6885632033699445,-2.1211315259660686,rejected,0.0,0.033910735587623406
atr_pct q3 & rel_ind60 q2,0.0,1.1516390710566022,1.6532652608317735,rejected,0.0,0.09827688978052805
atr_pct q3 & ev_agreement q2,0.0,1.9820840902866745,0.8211367466472912,rejected,0.0,0.41156838099154985
days_to_earn q3 & gap_today q1,0.0,1.7380359065798492,-1.0635978835411575,rejected,0.0,0.28751090160519477
frog q1 & r5_news q2,0.0,0.930843280008001,1.8623535427762048,rejected,0.0,0.06255327294881048
frog q4 & r5_nonews q0,0.0,1.3018871528251432,1.48790286307915,rejected,0.0,0.1367765125347453
earn_in_week q1 & news5 q2,0.0,-1.3783019626885833,-1.4097102546462206,rejected,0.011573806281930785,0.15862525552553886
r5 q3 & vol_surge1 q4,0.0,0.5552753389289058,-2.23155760929915,rejected,0.0,0.025644215981548896
close_loc q2 & gap_today q4,0.0,-1.4659046049898101,-1.3185230918964197,rejected,0.032287658644520253,0.1873286001145314
close_loc q0 & r20 q3,0.0,1.3389366859938914,-1.4424216460412411,rejected,0.0,0.1491834610054803
dist_ma50 q1 & vol_surge1 q0,0.0,-2.1158689592202786,-0.654899641921361,rejected,0.006466552997376251,0.5125323708043554
atr_pct q3 & earn_in_week q1,0.0,0.858169756159164,-1.9005734339157618,rejected,0.0,0.05735790794884597
ev_agreement q2 & min20 q1,0.0,1.3023412176503804,1.4506303902592448,rejected,0.002751752985690164,0.1468828082070351
ev_agreement q4 & news5 q4,0.0,0.6275070223694876,-2.1208416445784324,rejected,0.0,0.03393513083767458
vol_surge1 q0 & vol_surge5 q4,0.0,-2.083932233527294,0.6563253631978784,rejected,0.0,0.5116148017452138
gap_today q0 & min20 q1,0.0,1.1224400957964558,1.6176169620593124,rejected,0.0,0.10574517131056621
dist_ma50 q1 & ind_mom60 q1,0.0,0.8039384962403189,1.9355101843805855,rejected,0.0,0.0529277201263294
close_loc q2 & min20 q3,0.0,0.9931181258832278,-1.7444511116762238,rejected,0.0,0.08108045913860519
frog q1 & ind_mom60 q3,0.0,1.6223264693421624,-1.1100499530193544,rejected,0.0,0.26697750151081584
ins_value30 q2 & vol20 q3,0.0,2.411150727352437,0.31999716214336676,rejected,0.0058861099763108035,0.7489704818229225
atr_pct q3 & frog q1,0.0,1.556873247642703,1.1739761044298713,rejected,0.012416898056182013,0.24040459700951017
days_to_earn q0 & gap_today q0,0.0,1.1834746685471247,1.5312426664870489,rejected,0.0,0.12570942948898686
dist_52wh q2 & vol_ratio q2,0.0,-1.5553626888768755,1.1564284065788817,rejected,0.0,0.24750596793183682
r5_news q2 & rel_ind20 q2,0.0,-0.11687229740829924,2.593064562064955,rejected,0.0,0.009512491149927818
ind_mom60 q1 & r5 q1,0.0,-0.27493758576723626,2.430640354356181,rejected,0.0,0.015072167150141128
log_dv q0 & r5 q4,0.0,1.176267581348862,-1.5272110409961615,rejected,0.0,0.12670854169433526
frog q4 & r5_news q2,0.0,1.0807582291365514,1.6128540029433807,rejected,0.0,0.106776230356939
gap_today q0 & r5_news q2,0.0,0.34427091012977745,2.345210704012204,rejected,0.0026430048125428533,0.01901632962373295
earn_in_week q1 & r5_news q2,0.0,-1.0853882612138843,-1.5955883948221283,rejected,0.0,0.11058072023838018
dist_52wh q3 & vol_surge5 q1,0.0,1.8161408544362045,-0.8647737452016411,rejected,0.0,0.38716298414404116
close_loc q1 & skew60 q1,0.0,-0.5455789385427524,2.134608781069219,rejected,0.0,0.03279297958266264
gap_today q0 & r5 q1,0.0,-0.7048832324622775,1.97467477100732,rejected,0.0,0.0483050677668118
r5_nonews q0 & vol_surge1 q1,0.0,0.5600362706994263,2.103863809546664,rejected,0.010608263182527698,0.03539032869567974
frog q3 & r1 q4,0.0,-0.7019464554474637,-1.9618686426173737,rejected,0.0,0.04977777942549062
frog q0 & r5_nonews q4,0.0,-0.4659038011579519,-2.1876989304658694,rejected,0.013914400049158818,0.028691540032474278
ev_agreement q4 & r5_news q4,0.0,1.4727603464221504,-1.1788614329158085,rejected,0.0,0.23845335714873142
gap_today q4 & rel_ind20 q2,0.0,-2.17111459702891,0.480107711025483,rejected,0.0,0.6311508054659725
gap_today q4 & range_compress q0,0.0,-0.5673615762712637,-2.0822881083676683,rejected,0.0030365387441745996,0.03731616145032843
close_loc q1 & r5_news q2,0.0,0.9994284464512829,1.6499708555987702,rejected,0.0,0.09894889711060881
ind_mom60 q3 & rel_ind60 q2,0.0,-0.6777767587940868,1.9698455190379922,rejected,0.0,0.04885607794353762
news5 q2 & vol_surge5 q2,0.0,0.7615187863092107,1.8849499351094456,rejected,0.0,0.05943659741386235
ins_buyers30 q2 & r5 q3,0.0,0.9615474425652218,-1.6843256885294489,rejected,0.0,0.09211874346278574
dist_52wh q1 & r5 q1,0.0,-0.9592139051551434,1.683046646877443,rejected,0.0,0.09236606161758647
ev_agreement q2 & mom_12_1 q2,0.0,-1.3119773270654704,1.3297198977783742,rejected,0.0,0.18361057641230574
min20 q1 & r5_nonews q0,0.0,1.3829985873600976,1.2586743003239846,rejected,0.03518940728399456,0.2081479977284287
range_compress q4 & skew60 q0,0.0,1.0515169237005175,1.5830571494457302,rejected,0.0,0.11340843915481637
dist_52wh q2 & skew60 q1,0.0,1.232392251917201,1.3988096315973315,rejected,0.011409015279375571,0.16187007726104147
rel_ind20 q2 & rel_ind60 q2,0.0,0.2609825309235209,2.3698545172166363,rejected,0.010637499916116566,0.017795085811238467
close_loc q2 & r5_nonews q4,0.0,-0.48872665069480326,-2.14050476128681,rejected,0.0032359518778514416,0.032313996432022894
r20 q1 & range_compress q4,0.0,0.22935382228622062,2.393532369634637,rejected,0.0034031548158792576,0.01668700881695138
gap_today q4 & r5 q1,0.0,-2.4753473460193947,0.145936875664678,rejected,0.0,0.8839712206397483
days_to_earn q0 & r20 q3,0.0,1.1001491296921764,-1.5205140932993402,rejected,0.0,0.12838181941740365
atr_pct q2 & rel_ind20 q0,0.0,1.432033147418853,-1.178831597805742,rejected,0.0,0.23846523950916765
earn_in_week q1 & r20 q3,0.0,-2.4986502720498387,0.10723681723646798,rejected,0.0,0.9146011078913876
ind_mom60 q1 & min20 q1,0.0,1.0694954132370775,1.533895494672561,rejected,0.0,0.12505536455159316
ev_agreement q2 & gap_today q0,0.0,-0.3105244659081553,2.2897823763961793,rejected,0.0,0.02203393528535924
r5_news q4 & rel_ind20 q2,0.0,0.9150859358970119,-1.683506908561844,rejected,0.0,0.09227700311241885
min20 q3 & rel_ind20 q4,0.0,1.4435041952553882,-1.1451298809353163,rejected,0.0,0.25215535917964954
dist_ma50 q1 & r20 q1,0.0,0.6870072263459873,1.8999891030016547,rejected,0.0,0.05743454967765763
log_dv q2 & rel_ind60 q2,0.0,-0.3774961525388737,2.207461181285718,rejected,0.0,0.027281856122116692
r20 q1 & rel_ind20 q2,0.0,-0.5440491509958206,2.037488691154334,rejected,0.0,0.041601094074001865
gap_today q0 & overnight20 q3,0.0,0.7266678580496672,1.8541046955456082,rejected,0.0,0.06372418307644755
days_to_earn q3 & earn_in_week q1,0.0,-0.8241345849929486,-1.7557994976880413,rejected,0.0017974676853197123,0.07912265020229439
days_since_earn q0 & rel_ind20 q4,0.0,1.373307619376892,-1.2051540544704784,rejected,0.0,0.22814383560781004
close_loc q1 & frog q4,0.0,1.2683622865676105,1.310036194918036,rejected,0.021834963197416367,0.1901835913744712
dist_ma50 q1 & log_dv q0,0.0,-1.1799398288321155,-1.3971810336244228,rejected,0.013076481947303955,0.16235913866994817
close_loc q1 & ind_mom20 q2,0.0,-0.5587717105159503,2.0176532076182236,rejected,0.0,0.043627391300378904
ev_agreement q4 & vol_surge1 q4,0.0,2.134436221152927,-0.4351725013063391,rejected,0.0,0.6634372210558864
days_since_earn q4 & news5 q1,0.0,-2.0294639430902333,-0.535144574569736,rejected,0.01081908258192561,0.5925498890084144
intraday20 q0 & news5 q1,0.0,-1.7138711727573954,-0.8492289554674765,rejected,0.0,0.3957539041617308
close_loc q2 & range_compress q0,0.0,-1.030120177228237,-1.5316135741414922,rejected,0.0,0.1256178208359222
ind_mom60 q3 & r5_nonews q4,0.0,-0.6769455337539872,-1.8786404825137655,rejected,0.002707991745001794,0.06029359959042396
log_dv q2 & r5_news q2,0.0,1.1592244637597253,1.3921104487377687,rejected,0.012023384516666286,0.16388895466158504
dist_ma50 q1 & vol_surge1 q2,0.0,1.1848290558576215,1.3613804169974253,rejected,0.01833162400764706,0.1733935014435167
frog q1 & vol_surge1 q1,0.0,0.9071458744804084,1.637493763536127,rejected,0.0,0.10152734096995311
r20 q1 & rel_ind20 q4,0.0,0.798071249656496,-1.7444451294626082,rejected,0.0,0.08108150145933074
days_to_earn q3 & r5 q4,0.0,-0.929055980568761,-1.6109163210526978,rejected,0.0,0.10719796219006925
days_to_earn q0 & r5 q1,0.0,-0.4018340201051646,2.136564320922435,rejected,0.0,0.03263344418438552
r5 q1 & vol_ratio q0,0.0,-1.1515380377230042,1.3862583361408165,rejected,0.0,0.16566803409775113
r5_nonews q4 & vol_surge1 q2,0.0,-1.6921419427118238,-0.8452139337950583,rejected,0.0,0.3979914040358799
close_loc q3 & vol_surge1 q1,0.0,0.5723845719035069,1.964027845037261,rejected,0.0,0.049526862858846506
r1 q4 & r5_nonews q4,0.0,-0.9977490490282093,-1.5366976517077757,rejected,0.0,0.12436736645121929
days_to_earn q0 & r5_news q2,0.0,0.9994719165408195,1.5258643677314423,rejected,0.0,0.12704364626966527
gap_today q0 & ind_mom20 q2,0.0,-0.8074179321247622,1.7176220122412127,rejected,0.0,0.08586558262159337
min20 q1 & news5 q2,0.0,1.7926418312003995,0.7303699381361786,rejected,0.0,0.46516408866861353
min20 q1 & rel_ind60 q2,0.0,-0.3544672451236762,2.168145800994306,rejected,0.0,0.030147595013754424
overnight20 q1 & skew60 q0,0.0,-0.7810395504177045,-1.7376129888848395,rejected,0.009403338355144621,0.08227902958622048
dist_ma50 q1 & ev_agreement q2,0.0,0.5188876119919644,1.993274514829818,rejected,0.005189383373344644,0.046231395483491276
close_loc q1 & frog q1,0.0,0.8766611969163296,1.6292229947446983,rejected,0.0,0.10326582079911266
days_to_earn q0 & r5 q3,0.0,1.8601888084628848,0.6429357894036384,rejected,0.007921029744079293,0.5202657653664577
rel_ind20 q2 & vol_surge1 q1,0.0,0.5840790457879003,1.9134589898047063,rejected,0.0,0.05568931878410736
news5 q4 & r5 q3,0.0,-0.4260465269038606,-2.0707237468319875,rejected,0.008901816619936083,0.038384619736815916
days_to_earn q0 & rel_ind20 q2,0.0,0.5215769635990262,1.975132598187477,rejected,0.0,0.04825310236392927
ev_agreement q2 & vol_surge1 q3,0.0,1.0536925405802362,-1.4424094059289803,rejected,0.0,0.14918691194259368
close_loc q3 & frog q3,0.0,-1.7448913711149572,-0.7485847571889602,rejected,0.0,0.45410752216493305
rel_ind60 q2 & vol_ratio q0,0.0,-0.9993459206280868,1.4935347687006828,rejected,0.0,0.1352972601276469
days_since_earn q3 & min20 q3,0.0,-1.2608222384456134,1.2312658549829243,rejected,0.0,0.21822344804168836
frog q1 & vol_surge1 q4,0.0,0.863490238628344,1.6259277721941519,rejected,0.0,0.10396502131735748
dist_ma50 q3 & vol_surge1 q3,0.0,0.8463068463874434,-1.6420157930106287,rejected,0.0,0.10058673116776498
ev_agreement q4 & ind_mom60 q1,0.0,-1.4666372524724902,-1.019406097434918,rejected,0.0,0.30801021260933614
dist_52wh q2 & frog q0,0.0,1.4964796819706376,0.988726940045787,rejected,0.0,0.3227967582742486
ev_agreement q2 & vol_surge1 q4,0.0,-1.0351929123264723,-1.4495260107809398,rejected,0.006286868862137484,0.14719074181700925
mom_12_1 q0 & r20 q3,0.0,0.43634070107661477,-2.04100429649029,rejected,0.0,0.04125040003936511
overnight20 q3 & rel_ind60 q2,0.0,-1.0076097304024456,1.4655036206905787,rejected,0.0,0.14278356525466435
ev_agreement q2 & gap_today q4,0.0,-0.8598853619315701,-1.6131582136450608,rejected,0.0,0.10671013920628167
rel_ind60 q2 & vol_surge1 q1,0.0,0.7894698590144429,1.682475148766623,rejected,0.0,0.09247673991039619
ev_agreement q4 & min20 q1,0.0,1.2335886481867935,-1.234477826007389,rejected,0.0,0.21702490443532332
close_loc q2 & r5 q1,0.0,0.9052168588696364,1.5615403659469171,rejected,0.0,0.11839630738964434
news5 q4 & r5_news q4,0.0,1.127789483219024,-1.3278534201898056,rejected,0.0,0.18422653519928242
days_to_earn q0 & ev_red_flag q2,0.0,0.9546711716408249,1.4982338447480286,rejected,0.0,0.1340725052057242
log_dv q2 & news5 q2,0.0,0.8794003715342897,1.5717456504185305,rejected,0.0,0.11600955055237008
dist_ma50 q1 & r5_news q2,0.0,0.7461078653905471,1.703095657785553,rejected,0.0,0.08855016842045856
days_since_earn q3 & rel_ind20 q2,0.0,0.2524391314588537,2.194771725849245,rejected,0.012941265843352926,0.028179976642804146
dist_ma50 q1 & vol_surge1 q3,0.0,0.6313120366829039,1.8140700049116716,rejected,0.0,0.06966694878339758
frog q1 & ind_mom20 q2,0.0,1.4045442957312866,1.040754906895133,rejected,0.0,0.2979893131157747
news5 q2 & r5_news q2,0.0,0.16724405415732424,2.275445084424769,rejected,0.0,0.022879243437996136
days_to_earn q0 & rel_ind60 q2,0.0,-0.21827520337638906,2.2230550462631187,rejected,0.0,0.026212088395520455
skew60 q3 & vol_ratio q2,0.0,-1.1845524820588087,1.2519772154812467,rejected,0.0,0.21057816642613672
r5_news q2 & vol_surge1 q1,0.0,0.6686073376801609,1.767685688295219,rejected,0.0030096472399295804,0.07711346388577127
days_since_earn q3 & frog q1,0.0,-0.31522830149598,2.1181357885444756,rejected,0.0,0.03416356935599488
earn_in_week q1 & r20 q1,0.0,-1.4741359276163681,-0.9578052651813196,rejected,0.0,0.33816096370820714
max20 q1 & r20 q0,0.0,0.6133394108890529,-1.8164616034813723,rejected,0.0,0.06929959274731097
ev_agreement q4 & r1 q4,0.0,1.8060163806734046,-0.621223070117496,rejected,0.0,0.5344528622346999
frog q0 & r1 q4,0.0,0.24153081087465045,-2.183612221849939,rejected,0.0,0.02899075471354536
r5_nonews q3 & vol_surge5 q4,0.0,-1.0336755375794833,-1.3848938295425177,rejected,0.018842233641830467,0.16608493408481959
frog q1 & rel_ind60 q2,0.0,-0.15532235357608837,2.252141196484903,rejected,0.0,0.024313350640886706
ev_agreement q4 & r20 q4,0.0,0.8474223161071728,-1.5562931718625435,rejected,0.0,0.11963839437246941
ev_agreement q2 & news5 q2,0.0,-0.48647915244508616,1.914197991493309,rejected,0.0,0.055594862307059865
overnight20 q0 & r5_news q2,0.0,-0.7268612646572264,1.6721908929078189,rejected,0.0,0.09448668574951294
r5_news q4 & vol_surge1 q1,0.0,1.3532895213949532,1.0453575207315555,rejected,0.0,0.29585776195358726
days_since_earn q0 & vol_surge1 q4,0.0,0.8199875122425855,-1.5766186710965249,rejected,0.0,0.1148832939644092
days_to_earn q1 & r20 q2,0.0,1.7441486346923412,0.6479461776628241,rejected,0.007751682601792044,0.5170197622978635
r20 q1 & vol_surge1 q2,0.0,-0.4219449662203238,1.9685393668630373,rejected,0.0,0.04900601119969959
news5 q4 & rel_ind60 q2,0.0,-0.5719051052023026,1.8105060397122603,rejected,0.0,0.07021734859400117
overnight20 q4 & r5 q4,0.0,0.6694149131927368,-1.7108682065923015,rejected,0.0,0.08710544492788885
days_to_earn q3 & gap_today q4,0.0,-0.2078498547167057,-2.1686005858707507,rejected,0.0017480773546261787,0.030113020665250827
close_loc q2 & r5 q4,0.0,0.07445252220411724,-2.3018839797031663,rejected,0.0,0.021341715894160822
ear q2 & r1 q0,0.0,-1.8322259420478066,-0.544072531099801,rejected,0.013294377738700285,0.5863915621006996
ind_mom20 q3 & rel_ind60 q2,0.0,-0.7306206761381897,1.6437495779693538,rejected,0.0,0.10022794045844356
close_loc q1 & vol_surge1 q3,0.0,1.2239835607134844,1.1464151195461716,rejected,0.002705459020591768,0.2516234296448404
gap_today q1 & r5_nonews q4,0.0,-0.7655509029582696,-1.6038532727351384,rejected,0.0,0.10874639871444969
days_to_earn q0 & min20 q3,0.0,0.44302887815341374,1.9211757894065633,rejected,0.0,0.05470954932441595
dist_52wh q2 & news5 q2,0.0,-0.8976717090930588,1.466249385636767,rejected,0.0,0.14258035886148043
ind_mom20 q2 & vol_surge1 q2,0.0,0.8127755393086812,1.5495293077214363,rejected,0.0,0.1212545318415587
days_since_earn q0 & r5 q1,0.0,-1.6792071413124505,-0.6818187561241813,rejected,0.0010865460508942765,0.4953535627980105
r5_news q2 & vol_surge1 q3,0.0,1.246010744981477,-1.1149313959052711,rejected,0.0,0.26487982148923195
dist_52wh q2 & r5_news q2,0.0,-0.5669859548322798,1.7912834518526346,rejected,0.0,0.0732478202796285
vol20 q3 & vol_surge1 q2,0.0,0.8958810459041349,1.4623356408326453,rejected,0.0,0.1436492563807668
r1 q2 & r5 q1,0.0,-0.9315211135957987,1.4259284801883205,rejected,0.0,0.15388898753101618
rel_ind60 q2 & vol_surge1 q4,0.0,-1.4406949840702745,0.9149132221611315,rejected,0.0,0.36023718816723904
ev_agreement q2 & log_dv q2,0.0,1.140877556712749,1.2112833617318823,rejected,0.009082427679655433,0.22578682322064317
dist_52wh q1 & news5 q4,0.0,-0.11646394476166509,-2.2352046206982505,rejected,0.004836532415059638,0.025403918281512956
r20 q1 & r5 q1,0.0,0.5206499813851605,1.8290739526412054,rejected,0.002233083021817595,0.06738853041919551
frog q1 & overnight20 q4,0.0,1.2064731561265025,1.141916316795288,rejected,0.0,0.2534888056026394
dist_ma50 q1 & frog q4,0.0,-1.1750707967993002,1.1726059971385288,rejected,0.0,0.24095384335768366
frog q0 & vol_surge1 q2,0.0,1.1808248832039734,-1.1658380616479462,rejected,0.0,0.24367992521627665
gap_today q0 & vol_surge5 q2,0.0,0.41416469401039063,1.9298438806367424,rejected,0.0,0.05362618461476028
atr_pct q3 & mom_12_1 q2,0.0,1.2641228517181835,1.0793838882839801,rejected,0.0,0.28041663031809044
dist_ma50 q1 & ev_offering q2,0.0,0.665854382597125,1.674575866108691,rejected,0.0,0.09401747769958885
ind_mom60 q1 & min20 q0,0.0,-1.3274616570935343,1.011260947466446,rejected,0.0,0.31189155203199015
news5 q4 & r5_nonews q4,0.0,-1.531299039732324,-0.8071267375003058,rejected,0.0,0.4195934691641843
r5 q1 & r5_nonews q0,0.0,-0.04114088535175088,2.2970779255310694,rejected,0.0,0.021614324785660305
news5 q1 & rel_ind20 q2,0.0,1.5951554492609024,0.736550519825094,rejected,0.0,0.46139573448652016
close_loc q1 & r5 q4,0.0,1.7921428091125347,-0.5294268155252962,rejected,0.0,0.5965094002496156
ind_mom20 q3 & log_dv q3,0.0,-1.0255100559060741,-1.2890971018127084,rejected,0.036974433385496726,0.19736433100318623
r20 q4 & vol_surge1 q4,0.0,0.5785044381468475,-1.7355567682565163,rejected,0.0,0.08264223567561332
close_loc q1 & rel_ind60 q2,0.0,-0.5756572825593655,1.7376647649160788,rejected,0.0,0.08226990071968975
dist_ma200 q2 & vol_ratio q3,0.0,-1.2194510786534882,1.0916821586934753,rejected,0.0,0.27497282983961036
days_since_earn q1 & frog q3,0.0,-1.0123760900169554,-1.289803133019395,rejected,0.03429280060280426,0.1971190198796032
days_since_earn q3 & gap_today q0,0.0,0.3514922434368252,1.9485505028546999,rejected,0.0,0.05134912808690856
close_loc q2 & ev_agreement q2,0.0,0.7507134412397789,-1.5475768855731338,rejected,0.0,0.12172420006174248
close_loc q1 & ind_mom60 q1,0.0,0.2658119311697552,2.03202568053187,rejected,0.0009238490720681185,0.04215105622662982
ev_agreement q4 & gap_today q1,0.0,1.2460706167088682,-1.0465175282191825,rejected,0.0,0.2953221565305106
log_dv q0 & rel_ind60 q2,0.0,-1.9816846899270057,0.3078686729885947,rejected,0.0,0.7581822640785894
gap_today q4 & vol_surge5 q4,0.0,-0.7224136832011229,-1.5664382186141843,rejected,0.0,0.11724606152201628
atr_pct q0 & skew60 q4,0.0,-0.9286747715714039,1.3583727291180812,rejected,0.0,0.1743454430894822
dist_ma50 q4 & gap_today q4,0.0,0.1816823496952625,-2.1046467656095618,rejected,0.0,0.035322067588875544
overnight20 q4 & rel_ind20 q4,0.0,1.0089300899645672,-1.277376753403746,rejected,0.0,0.20146926783218874
news5 q4 & rel_ind20 q2,0.0,-0.0225642314315369,-2.263025295962915,rejected,0.0,0.02363412998189927
r5 q1 & rel_ind60 q2,0.0,-0.7266788069433486,1.557376566667708,rejected,0.0,0.11938110638272374
ev_agreement q2 & r20 q1,0.0,0.7028283989773335,1.5807231192734301,rejected,0.0,0.11394135980004784
earn_in_week q1 & vol_surge1 q3,0.0,-0.13470659106919652,-2.14830446548365,rejected,0.0005999672927817541,0.031689576391195656
days_to_earn q0 & vol_surge5 q1,0.0,1.619495694523435,-0.6631727863602386,rejected,0.0,0.5072198984652324
close_loc q3 & ev_agreement q2,0.0,-1.1423489216527847,1.1397430987108284,rejected,0.0,0.25439334587823215
ev_agreement q2 & r5_nonews q4,0.0,-0.6545915753721009,-1.625202620993155,rejected,0.0,0.10411939215823936
ear_volsurge q3 & r5_news q2,0.0,1.8143736545404265,0.4647630936290489,rejected,0.004050608085014173,0.6421011199516211
overnight20 q4 & r5 q3,0.0,-0.4360120501465749,-1.8401056142494436,rejected,0.0038518537098592735,0.06575273321403367
r5_nonews q4 & vol_surge1 q4,0.0,0.4988681882087856,-1.7748842955113255,rejected,0.0,0.07591699387218813
days_since_earn q3 & mom_12_1 q2,0.0,-0.7508777540566793,1.5217884882935369,rejected,0.0,0.12806208684276602
ear q2 & min20 q0,0.0,-1.9742782004555774,-0.2976994560243928,rejected,0.0044195949538017925,0.7659325586440031
frog q1 & r5_nonews q0,0.0,0.1367950678736121,2.1300267310196754,rejected,0.0010508695432981333,0.03316940654215595
ind_mom20 q3 & mom_12_1 q2,0.0,-1.0460103652068764,1.2190867840525852,rejected,0.0,0.22281125543643637
days_to_earn q0 & frog q4,0.0,0.010661439171459678,2.2537663237567758,rejected,0.0,0.024210872431349426
frog q1 & gap_today q0,0.0,0.4515599334977407,1.8124438724891085,rejected,0.002071756694304317,0.06991763907118702
gap_today q4 & r5_news q2,0.0,-0.8847163067321101,-1.378021961913526,rejected,0.020565661865438862,0.16819650757194207
earn_in_week q1 & r5_nonews q4,0.0,-0.16543367578434287,-2.0907760244606726,rejected,0.010227287734606546,0.03654814628676116
dist_52wh q1 & news5 q2,0.0,1.4785177557867661,-0.7753056027565242,rejected,0.0,0.4381590994679749
dist_52wh q1 & r5_news q2,0.0,1.1786062141174523,-1.0748862439720004,rejected,0.0,0.28242566144719905
close_loc q1 & frog q0,0.0,1.118127623359935,-1.131465222089012,rejected,0.0,0.25785933328697636
ev_agreement q4 & gap_today q0,0.0,1.1127679476995869,-1.1359028454775473,rejected,0.0,0.2559972273015284
close_loc q1 & ev_agreement q4,0.0,1.2140651218682033,-1.0340733216562212,rejected,0.0,0.3011018871185749
close_loc q2 & days_to_earn q0,0.0,1.5596634618364698,-0.6874578346829465,rejected,0.0,0.4917942630634854
days_to_earn q3 & rel_ind60 q2,0.0,-0.890636045500763,1.3554893650539586,rejected,0.0,0.17526169466688035
gap_today q1 & rel_ind60 q2,0.0,-0.6283183402803916,1.61104941490934,rejected,0.0,0.10716895248833941
frog q4 & vol_surge1 q2,0.0,-0.02825255640221299,2.2085526946587852,rejected,0.0,0.027205768777733095
days_since_earn q4 & vol20 q3,0.0,1.7773068595641786,0.45582854123272404,rejected,0.004756284865318056,0.6485132784791618
frog q1 & min20 q3,0.0,1.564402978123664,0.6607302661813318,rejected,0.0,0.5087853103313591
days_since_earn q3 & vol_surge5 q2,0.0,1.8488890462596053,0.37612305369444027,rejected,0.0034607455047744626,0.7068254162072308
frog q1 & rel_ind60 q1,0.0,0.7147444566671863,1.50896643641231,rejected,0.00020119582730779393,0.131307360221516
r5_nonews q0 & rel_ind60 q2,0.0,-1.607490677421351,0.6152912662460126,rejected,0.0,0.5383623843273769
dist_52wh q3 & r5_nonews q4,0.0,0.9543976702059365,1.2657249781520954,rejected,0.036978810325617964,0.20561156243036843
earn_in_week q1 & news5 q4,0.0,0.711936677799509,-1.5067391867162863,rejected,0.0,0.13187752285558121
ins_buyers30 q2 & r60 q3,0.0,1.5019828462629823,0.7159060413060122,rejected,0.0,0.4740493678561364
days_since_earn q0 & rel_ind60 q3,0.0,0.9486747889805113,-1.2656300509503098,rejected,0.0,0.2056455620440761
days_since_earn q0 & frog q1,0.0,0.9815216442952397,1.2318572909824326,rejected,0.011056160746501596,0.2180023977636447
close_loc q2 & earn_in_week q1,0.0,0.35238005900876807,-1.8598580024026774,rejected,0.0,0.06290561854651208
frog q4 & ind_mom20 q2,0.0,1.2693889870265855,0.9387790026496212,rejected,0.0,0.3478442216158104
atr_pct q3 & close_loc q2,0.0,2.1550755413767257,0.05270217652606687,rejected,0.005277290126622387,0.9579692048207625
ind_mom20 q2 & skew60 q1,0.0,-0.2026142445064731,2.004388738311467,rejected,0.0,0.04502843473194244
ear_volsurge q1 & max20 q2,0.0,1.070223371810919,1.1340725555206068,rejected,0.0,0.2567641145805798
min20 q3 & news5 q4,0.0,0.13700716611728853,-2.064220141282123,rejected,0.0,0.03899684867860691
frog q0 & news5 q2,0.0,1.1833677280118708,-1.0162717585028347,rejected,0.0,0.3094999932756945
min20 q1 & vol_surge1 q1,0.0,1.766165521070991,0.43043460461419586,rejected,0.005512530791869365,0.6668795275215096
min20 q1 & rel_ind20 q2,0.0,1.917761684725642,-0.27516434670348605,rejected,0.0,0.7831899772321842
days_to_earn q3 & vol_surge1 q1,0.0,-0.8049616975202742,-1.3873297087926397,rejected,0.014990234266523137,0.16534124800095762
days_since_earn q0 & dist_52wh q1,0.0,0.506730960240207,-1.683507498931237,rejected,0.0,0.09227688892297854
news5 q1 & vol_surge1 q2,0.0,1.753592034246484,0.43643745999137,rejected,0.006413052549739559,0.6625193652139691
overnight20 q3 & r5_nonews q4,0.0,0.9849314566430021,-1.2035824080250457,rejected,0.0,0.22875102230397806
intraday20 q1 & max20 q1,0.0,0.8464811878163542,1.3412652351105343,rejected,0.02032859228075074,0.17983435281163068
dist_52wh q1 & r5 q3,0.0,0.3508118518496768,-1.8367354815160015,rejected,0.0,0.06624895457899099
log_dv q2 & r5_nonews q0,0.0,1.515887555604088,0.6696353610078729,rejected,0.0,0.5030902665600998
gap_today q4 & ind_mom60 q1,0.0,-1.6022647058203643,0.5778371248241201,rejected,0.0,0.5633740881579199
frog q1 & ind_mom20 q4,0.0,1.1955299483095023,0.9824184782186342,rejected,0.0,0.3258937266717468
vol20 q3 & vol_ratio q4,0.0,1.9581970208716162,0.2167818098791387,rejected,0.012398487894428482,0.8283783884942676
close_loc q3 & skew60 q1,0.0,-0.7741333146777232,1.4003889562890282,rejected,0.0,0.16139687529846944
dist_52wh q1 & ev_agreement q2,0.0,0.6241897842878716,-1.5503065945552867,rejected,0.0,0.12106794527545538
close_loc q1 & r5_nonews q0,0.0,0.6972510655215798,1.4739157299574028,rejected,0.0,0.14050428195796497
earn_in_week q1 & ind_mom20 q3,0.0,-1.5661206556035547,-0.5999187803551703,rejected,0.012484964279174806,0.5485603655867957
ind_mom60 q1 & min20 q3,0.0,0.8298011945446472,-1.3331005452524987,rejected,0.0,0.18249881048365302
dist_52wh q1 & frog q3,0.0,-0.48880032451279315,-1.673490778627112,rejected,0.0,0.09423072037630773
dist_52wh q1 & vol_surge1 q2,0.0,-1.1747319785838943,0.9870451700841623,rejected,0.0,0.32362049525596726
r5_news q2 & rel_ind20 q4,0.0,0.7876561113851578,-1.3732505934391726,rejected,0.0,0.1696744562016064
days_since_earn q3 & frog q0,0.0,-1.5263868869831991,-0.634423104032277,rejected,0.008742768314595955,0.5258047355131403
frog q0 & ind_mom60 q3,0.0,0.788029282323048,-1.3702679548635563,rejected,0.0,0.170603272368895
frog q0 & min20 q3,0.0,0.05818604862397423,-2.0999406049951124,rejected,0.0,0.03573406626328418
days_to_earn q0 & ind_mom60 q1,0.0,-0.8075859717032601,1.3495426289261514,rejected,0.0,0.17716273756124373
days_since_earn q3 & dist_52wh q2,0.0,-0.12225422878008244,2.030461059483215,rejected,0.0,0.04230969552863352
days_since_earn q3 & r5_news q2,0.0,0.30360788479674217,1.847278722781883,rejected,0.0,0.06470675504704401
ind_mom20 q0 & ind_mom60 q2,0.0,-1.3858632586392066,0.7641001863829081,rejected,0.0,0.4448075412476046
mom_12_1 q2 & r120 q4,0.0,0.9015294476357756,1.248160112507333,rejected,0.01970959276700736,0.2119724279586116
frog q0 & ind_mom20 q2,0.0,-0.9256952487714953,1.223844268016216,rejected,0.0,0.2210109811311722
dist_52wh q1 & log_dv q0,0.0,0.5134440755649253,-1.6298532799924117,rejected,0.0,0.10313250991231505
r20 q3 & r5 q4,0.0,0.45538142304408485,-1.6835708627783263,rejected,0.0,0.09226463372680441
r5 q1 & range_compress q0,0.0,-1.4680969412433873,0.6695700718538052,rejected,0.0,0.5031318977930197
atr_pct q1 & ear_volsurge q4,0.0,-1.715193070130213,0.41954877397822593,rejected,0.0,0.6748151169677215
news5 q2 & vol_surge1 q4,0.0,-0.44426978410731166,-1.6897750822891753,rejected,0.0,0.09107099263706044
atr_pct q2 & ev_red_flag q2,0.0,1.6685579041018774,-0.465139224144659,rejected,0.0,0.6418317582608565
news5 q2 & rel_ind20 q4,0.0,0.7800270611598148,-1.3531838226549466,rejected,0.0,0.17599691209000762
days_since_earn q0 & gap_today q0,0.0,0.8255294780561054,1.305982177199956,rejected,0.023310441603945346,0.1915586186082368
close_loc q2 & vol_surge1 q3,0.0,0.5603639500275589,-1.5702501085712743,rejected,0.0,0.11635693617776499
r20 q3 & r5 q3,0.0,0.8335546663658956,-1.2961601873850779,rejected,0.0,0.19492030265240365
ev_agreement q2 & ind_mom60 q1,0.0,0.2715413296358009,1.8517263128408568,rejected,0.0,0.06406513357045866
rel_ind60 q2 & skew60 q1,0.0,0.758085725164692,1.364916254526519,rejected,0.014923758518326637,0.17227937281776026
dist_ma50 q1 & r120 q3,0.0,-0.5608321721891648,1.5616903464685274,rejected,0.0,0.11836095405153742
news5 q2 & vol_surge1 q2,0.0,-0.25540588939480724,1.8661535143351407,rejected,0.0,0.06201989066976906
days_to_earn q0 & ev_agreement q2,0.0,0.49481225604085644,1.6253788959555842,rejected,0.0,0.10408184984360182
ind_mom20 q4 & r5 q4,0.0,0.5818556835842436,-1.5346274251891852,rejected,0.0,0.12487537205747544
r5 q3 & r5_news q2,0.0,1.0840632093179061,-1.0290934151948794,rejected,0.0,0.3034357801416297
dist_52wh q1 & earn_in_week q1,0.0,0.04044037239169575,-2.06625946099409,rejected,0.0,0.038803987036459035
r5 q1 & skew60 q1,0.0,-0.3034107508741569,1.8025371952324063,rejected,0.0,0.07146092814769463
news5 q4 & r5 q4,0.0,1.2776769877353167,-0.8281440603727236,rejected,0.0,0.4075889194594491
frog q1 & log_dv q2,0.0,1.4433364819499248,0.6607815477448814,rejected,0.0,0.5087524179597276
ind_mom20 q3 & vol_surge1 q3,0.0,1.4927869022347102,-0.610706444689252,rejected,0.0,0.5413939387181815
days_since_earn q3 & dist_ma50 q1,0.0,0.9159563984132875,1.1838172658018211,rejected,0.017909719596770724,0.23648540601746437
dist_52wh q1 & frog q0,0.0,1.3755728819090103,-0.7232491518469013,rejected,0.0,0.4695268262525457
log_dv q2 & r5 q1,0.0,-1.2809879368859582,0.8173738892480813,rejected,0.0,0.41371479260495386
gap_today q4 & overnight20 q4,0.0,-0.4409304172186997,-1.657382959537153,rejected,0.0,0.09744207436476693
gap_today q0 & r5 q3,0.0,0.9380692015027682,1.1565555456853631,rejected,0.005041040368295638,0.24745399341093707
min20 q1 & r5 q1,0.0,1.2604285986324293,0.8326440477117623,rejected,0.0,0.40504550913946946
ear_volsurge q4 & overnight20 q4,0.0,-1.0931365478937602,0.9975434719329598,rejected,0.0,0.3185007837934426
mom_12_1 q2 & r5 q1,0.0,-0.2196378670192924,1.8699679265531735,rejected,0.0,0.061488271923752905
ev_agreement q2 & rel_ind20 q2,0.0,-0.042027698982312955,2.0417461478814265,rejected,0.0,0.04117671857527156
gap_today q0 & r120 q3,0.0,0.4014942238347636,1.6803598653767549,rejected,0.0,0.09288731984891234
dist_ma50 q1 & range_compress q0,0.0,-0.5465242665252982,-1.5345189999851907,rejected,0.0,0.12490202265967003
days_to_earn q3 & r5 q3,0.0,-0.5678339023605011,-1.511617273136708,rejected,0.0,0.13063125488083524
news5 q2 & vol_surge5 q4,0.0,-1.083633203863541,-0.9953354587194096,rejected,0.0,0.3195731374960347
gap_today q1 & vol_surge1 q1,0.0,1.3286277212057596,-0.7483307759820182,rejected,0.0,0.45426066551447397
news5 q2 & vol_ratio q0,0.0,-0.8799177196851561,1.1919835218041548,rejected,0.0,0.23326770653086468
news5 q2 & skew60 q1,0.0,-0.35238400230740974,1.7162514962628026,rejected,0.0,0.08611602164346849
mom_12_1 q4 & vol_surge1 q2,0.0,-0.7448753033941556,1.3228322731636877,rejected,0.0,0.18589116209278234
days_since_earn q3 & ind_mom60 q1,0.0,0.1946173853639153,1.8670127278342337,rejected,0.0035629019152366554,0.06189981046595115
days_since_earn q3 & ev_agreement q2,0.0,0.17520167476807572,1.8851255793110813,rejected,0.0,0.05941288531674399
r5 q4 & r5_news q4,0.0,1.280598657185688,-0.7782063612194458,rejected,0.0,0.43644736729878947
ind_mom60 q1 & r5_news q2,0.0,0.13014107471107153,1.927367960256575,rejected,0.0,0.05393378959263437
earn_in_week q1 & min20 q1,0.0,0.27657599341476696,-1.7764513402464288,rejected,0.0,0.07565855542297194
range_compress q1 & rel_ind20 q3,0.0,-0.5987950716254896,-1.453301988266132,rejected,0.0008904384852134621,0.14613992551625246
r1 q3 & range_compress q4,0.0,1.9824596698930117,-0.06619988142771221,rejected,0.0,0.9472186911761853
ev_agreement q2 & r5 q3,0.0,0.9311180282062808,-1.1172487865653853,rejected,0.0,0.26388796614661925
ear q0 & min20 q2,0.0,-0.8446223274151794,1.2023576658083552,rejected,0.0,0.2292249837049928
mom_12_1 q2 & vol_surge1 q1,0.0,-0.8920868552420901,1.152034041401263,rejected,0.0,0.24930708512316185
ev_agreement q2 & frog q4,0.0,0.553873611590084,1.4888854765723727,rejected,0.0,0.13651752862229863
close_loc q1 & dist_ma50 q1,0.0,0.7160276880365812,1.325786857873947,rejected,0.026023104492121835,0.18491030733743583
close_loc q2 & frog q0,0.0,-0.040647060875671874,-2.0002521263492605,rejected,0.001895153866591469,0.0454730456690958
ind_mom60 q1 & intraday20 q2,0.0,1.2721067619434527,0.7681204257806199,rejected,0.0,0.4424156429411442
gap_today q0 & range_compress q0,0.0,-0.43824085882876707,1.5995726528752756,rejected,0.0,0.10969341921433007
close_loc q2 & days_to_earn q3,0.0,-0.31692751546624415,-1.7186962234034422,rejected,0.0,0.08566970007397735
r5_news q2 & r5_nonews q0,0.0,-0.1412696579777504,1.8938024657835462,rejected,0.0,0.05825123425014828
days_to_earn q0 & min20 q1,0.0,1.6785485384824128,0.35610031334582204,rejected,0.007938845659727942,0.7217654425741642
skew60 q1 & vol_surge1 q3,0.0,1.0961212511331504,-0.9381088205041639,rejected,0.0,0.3481884893638202
days_to_earn q0 & vol_surge1 q2,0.0,-1.2019894352570266,0.8303285949507475,rejected,0.0,0.4063530250331452
ev_agreement q4 & vol_surge1 q2,0.0,-1.062873546775581,0.9678580492009574,rejected,0.0,0.3331152679581634
r1 q4 & rel_ind60 q2,0.0,0.0017295632223388346,2.0274379756246055,rejected,0.0,0.042617641545083865
frog q1 & rel_ind20 q4,0.0,1.46376546004567,-0.5648473802275586,rejected,0.0,0.5721775769449226
earn_in_week q1 & rel_ind60 q2,0.0,-1.426970181951746,0.6009376751076884,rejected,0.0,0.5478814985174805
ind_mom60 q1 & rel_ind20 q4,0.0,-1.1600437401916996,-0.8672152422413429,rejected,0.0,0.3858240863339746
ev_agreement q4 & r20 q3,0.0,1.1997328630471256,0.8260934732794019,rejected,0.0,0.4087510697686414
r1 q4 & rel_ind20 q4,0.0,0.8885659272716192,-1.1371315877500865,rejected,0.0,0.2554832807079895
ev_agreement q4 & r5 q4,0.0,1.113728598526063,-0.9101412621462464,rejected,0.0,0.36274801629442294
ev_agreement q4 & r5 q3,0.0,-0.1700886152646887,-1.8525772319720681,rejected,0.0,0.06394297832704919
dist_52wh q1 & dist_ma50 q1,0.0,1.9638813397225976,-0.05849056390832201,rejected,0.0,0.9533578785383501
days_since_earn q1 & r5 q4,0.0,-0.904095339508425,-1.1177485417926063,rejected,0.0,0.2636744045177719
frog q1 & log_dv q0,0.0,1.021979127299611,-0.995483286630659,rejected,0.0,0.31950126903104187
days_since_earn q4 & ev_offering q2,0.0,-1.1759840645111028,0.8399044893910566,rejected,0.0,0.400961940285243
days_since_earn q1 & r5_nonews q4,0.0,-0.7659603679246632,-1.2491872257078163,rejected,0.01750684537227024,0.2115966031372268
intraday20 q0 & r5 q0,0.0,-0.6886364554452578,1.3255682197663714,rejected,0.0,0.18498275874281847
news5 q2 & vol_surge1 q3,0.0,1.3567814852451454,-0.6569621971796212,rejected,0.0,0.5112052238493432
r5 q1 & vol_surge1 q2,0.0,0.39349400915986044,1.6164422205806537,rejected,0.0,0.10599873620264694
earn_in_week q1 & overnight20 q4,0.0,-0.07980761135699359,-1.9289817454557576,rejected,0.0,0.05373312846268441
mom_12_1 q4 & vol_ratio q4,0.0,0.9768919938104852,1.0304469366495355,rejected,0.0,0.30280024950095774
gap_today q0 & skew60 q1,0.0,0.8085369417901885,1.1910385708405646,rejected,0.015065982209367876,0.23363844334387937
r5 q4 & range_compress q0,0.0,-0.21566736772269218,-1.7838953050591206,rejected,0.0,0.0744406789602849
mom_12_1 q2 & r5_news q2,0.0,-1.0511434929252144,0.9440813890821445,rejected,0.0,0.3451280589575454
dist_ma50 q4 & ev_agreement q4,0.0,1.3268590019835056,-0.663158527277225,rejected,0.0,0.5072290297683286
ev_agreement q2 & r1 q4,0.0,-0.9546818967785874,-1.034236180184754,rejected,0.0,0.30102576396094455
frog q4 & rel_ind20 q4,0.0,1.0433736071476336,0.9424065427305659,rejected,0.0,0.3459845387758525
r5_news q4 & rel_ind60 q2,0.0,0.5110823088434407,1.4746819535855484,rejected,0.0,0.1402980700728857
ind_mom60 q1 & r5_nonews q4,0.0,-0.703954169206224,-1.2808698169166242,rejected,0.03482108315632218,0.20023939603992919
earn_in_week q1 & r5_news q4,0.0,0.5625323089971579,-1.420722601102125,rejected,0.0,0.155397419362338
ind_mom60 q2 & r60 q3,0.0,-0.9860742082925336,-0.9968638683709856,rejected,0.0,0.31883059180382267
days_since_earn q3 & min20 q1,0.0,0.5346643786612473,1.446613286268378,rejected,0.004935642806843607,0.14800526294080257
gap_today q4 & mom_12_1 q2,0.0,-1.0318216348045928,0.9480146555152485,rejected,0.0,0.34312199337228055
r60 q4 & vol_ratio q3,0.0,-1.054987389394676,-0.9219843322194013,rejected,0.0,0.35653674820798714
gap_today q4 & r5_nonews q4,0.0,-0.7118388591305119,-1.2651125963256862,rejected,0.037672853970093415,0.2058309680783874
r1 q4 & vol_surge1 q4,0.0,0.40050855374516886,-1.5745683465010343,rejected,0.0,0.11535611400555597
ev_agreement q4 & r20 q1,0.0,1.0391494485753539,-0.9347514890640644,rejected,0.0,0.3499163850751326
r5_nonews q1 & r60 q4,0.0,-1.7040940670583176,-0.26867652827007343,rejected,0.005280744689756051,0.788178615560786
r20 q1 & r5_nonews q0,0.0,0.9071851768945963,1.0654165668597146,rejected,0.0,0.2866874630633819
close_loc q2 & gap_today q0,0.0,1.0307110965630242,0.94126826352688,rejected,0.0,0.34656740210080983
dist_52wh q1 & log_dv q4,0.0,1.6381508204471817,0.3331073082534686,rejected,0.009411634851072739,0.7390532829370953
r5 q3 & rel_ind20 q4,0.0,1.0317304619876382,-0.9383880492605166,rejected,0.0,0.34804502524723296
news5 q2 & r20 q1,0.0,0.8059402509951085,1.1617161439913577,rejected,0.00566027287196917,0.24535078583026407
ind_mom60 q1 & r5_nonews q0,0.0,0.06211367556827664,1.9050552216512042,rejected,0.0,0.05677289326260714
gap_today q4 & news5 q2,0.0,-0.5402094907634805,-1.4265380975113657,rejected,0.009612330616003932,0.15371307807867887
frog q0 & news5 q4,0.0,0.3603147797704963,-1.6026288223752667,rejected,0.0,0.1090166264730129
earn_in_week q1 & ind_mom20 q2,0.0,-1.4326470763334498,0.5298393463565555,rejected,0.0,0.5962233223964997
ear q0 & frog q2,0.0,-1.2928626400100547,0.6691530965816325,rejected,0.0,0.5033978224698414
ev_agreement q2 & frog q0,0.0,0.23567107032501744,-1.726197927130269,rejected,0.0,0.08431181084856691
gap_today q4 & vol_surge1 q3,0.0,-0.5464166276791069,-1.4126116382529221,rejected,0.014422761015334101,0.15776994516774434
ind_mom20 q2 & overnight20 q2,0.0,1.1917341503688568,-0.7635511065328242,rejected,0.0,0.4451347956018882
r60 q3 & range_compress q1,0.0,1.0789727412663712,0.8750024067703647,rejected,0.0,0.3815725961585849
days_since_earn q2 & max20 q2,0.0,0.8528174829653747,-1.0964281927485322,rejected,0.0,0.2728914318008319
frog q0 & vol_surge1 q3,0.0,0.10362225817935976,-1.8411159285733603,rejected,0.0,0.06560457191832232
close_loc q1 & vol_surge1 q4,0.0,1.2844221214566065,-0.6580527178426291,rejected,0.0,0.5105042566290837
dist_52wh q1 & r5_nonews q0,0.0,0.6120350573220513,1.3276059718596716,rejected,0.023570917138927845,0.1843083106732601
gap_today q3 & vol20 q3,0.0,1.7140819571575898,0.22300274677758958,rejected,0.010533813461616744,0.8235333687139612
min20 q3 & r5 q3,0.0,1.2487342778971329,-0.6866844203080511,rejected,0.0,0.49228161680728344
ind_mom60 q1 & r20 q4,0.0,-1.075606225726035,-0.858402190343318,rejected,0.0,0.390670418540347
dist_52wh q1 & overnight20 q3,0.0,1.4942592550766898,-0.4392447229479435,rejected,0.0,0.6604842225061913
r20 q0 & vol_surge1 q0,0.0,-1.173236384424537,0.7601617745372004,rejected,0.0,0.4471578909296847
earn_in_week q1 & min20 q3,0.0,-0.5460007372916573,-1.386390292377431,rejected,0.013162048552100396,0.16562775907787045
days_since_earn q3 & rel_ind60 q2,0.0,0.9818804368899958,0.9476109955711097,rejected,0.0,0.3433275264270823
r20 q4 & r5 q1,0.0,-1.0502268032703184,0.8764393067993071,rejected,0.0,0.38079125769176086
close_loc q1 & ev_agreement q2,0.0,0.36632421329460263,1.5599159281197192,rejected,0.0,0.11877974990437545
gap_today q0 & r20 q1,0.0,0.7033175558852894,1.2194399044018551,rejected,0.009225062342534038,0.22267727202055665
r20 q1 & r5_news q2,0.0,0.6326222425954495,1.2901199476378278,rejected,0.028658909674072527,0.19700901496254888
r5 q3 & rel_ind60 q2,0.0,1.2332193276604853,0.6887591816362807,rejected,0.0,0.49097482642680956
range_compress q0 & rel_ind60 q2,0.0,-1.797965887805722,0.12014286049560963,rejected,0.0,0.9043699804985336
overnight20 q3 & r5_news q2,0.0,0.8931119634376213,-1.0247305039764574,rejected,0.0,0.30549036569298726
dist_52wh q1 & min20 q3,0.0,0.5310932313094648,-1.38628250176426,rejected,0.0,0.16566065783642744
r5_nonews q0 & rel_ind20 q2,0.0,0.09629953956934419,1.8197409753744698,rejected,0.0,0.06879846015661531
gap_today q4 & vol_surge1 q4,0.0,0.4075248895241072,-1.5083233455267657,rejected,0.0,0.1314717910565669
dist_ma50 q1 & frog q0,0.0,1.0444865149575175,0.8698869265581116,rejected,0.0,0.3843622006233391
close_loc q3 & news5 q2,0.0,-1.1295217865982226,0.7831789359052537,rejected,0.0,0.43352204257658966
r5_nonews q4 & rel_ind60 q2,0.0,-0.570095245656737,1.3424761100988012,rejected,0.0,0.17944167134987624
r5 q3 & r5_news q4,0.0,-0.1721416380665896,-1.7346385507363216,rejected,0.010498755260632842,0.08280484671482616
frog q0 & overnight20 q4,0.0,0.06249074423772576,-1.842104500282395,rejected,0.0,0.06545986566665242
ind_mom60 q3 & r5_nonews q0,0.0,1.1512409918659152,0.7517203164490361,rejected,0.0,0.4522192700306261
days_since_earn q0 & news5 q4,0.0,0.3860225221913185,-1.5154025876793396,rejected,0.0,0.12967048249643806
news5 q2 & r20 q3,0.0,0.45009227313386685,-1.449662469869928,rejected,0.0,0.14715266628875426
ev_agreement q2 & ind_mom20 q2,0.0,-0.4481607031036174,1.4512540521490003,rejected,0.0,0.14670913066402708
days_since_earn q3 & r20 q4,0.0,-1.1542069413049338,-0.7398182193912652,rejected,0.0,0.45941030232536323
close_loc q3 & earn_in_week q1,0.0,-1.1500848653165578,0.7437200130533984,rejected,0.0,0.45704587933864355
r5_news q2 & vol_surge5 q4,0.0,-0.9942047472393176,-0.8983291447286643,rejected,0.0,0.3690100990603098
gap_today q0 & min20 q3,0.0,-0.9989761673165118,-0.8907889747870101,rejected,0.0,0.37304239102037
frog q1 & gap_today q4,0.0,1.0174406771983189,0.8710141417254194,rejected,0.0,0.38374643156708177
days_to_earn q3 & r5_news q2,0.0,-0.6358659558404496,-1.2523965927633025,rejected,0.021446466997440444,0.21042538725095536
ind_mom20 q4 & vol_ratio q1,0.0,1.5309648505725508,0.3566859099299249,rejected,0.007249348935999756,0.7213269548837693
dist_ma50 q1 & frog q1,0.0,-0.26208882606656037,1.625560946183194,rejected,0.0,0.10404308882593186
dist_ma50 q3 & gap_today q3,0.0,1.1398924219774855,-0.7445398355414498,rejected,0.0,0.45654995081956534
dist_ma50 q4 & earn_in_week q1,0.0,-0.06949246936322222,-1.8143139870541913,rejected,0.0,0.06962939938374577
news5 q2 & overnight20 q3,0.0,0.6623690800590674,-1.220137149239447,rejected,0.0,0.22241288784529467
ev_offering q2 & skew60 q1,0.0,0.3009447899643287,1.5814981959504373,rejected,0.0,0.11376417111329452
r5 q0 & vol_surge5 q4,0.0,-1.8067990128833926,0.07028135079640953,rejected,0.0,0.943969725706616
ind_mom60 q3 & r5 q4,0.0,-0.11839840373435667,-1.7557803438500161,rejected,0.0030873867566936276,0.07912592191182019
overnight20 q3 & r5 q1,0.0,-1.1174659129722548,-0.7564444508906574,rejected,0.0,0.4493827655348328
r1 q4 & r5 q3,0.0,0.2966382898383374,-1.5750004209014565,rejected,0.0,0.11525634739857801
dist_52wh q1 & ear_volsurge q0,0.0,-0.6274734699411464,-1.2431651745827594,rejected,0.013173343002013959,0.21380697295906004
r5_nonews q0 & vol_surge5 q3,0.0,0.8221037991000328,1.0474950972887418,rejected,0.0,0.2948712921930153
ev_agreement q2 & r5_news q2,0.0,-0.4002782478544069,1.4655822702970256,rejected,0.0,0.14276212429253257
days_since_earn q0 & earn_in_week q1,0.0,1.1430503554340599,-0.7223757410719164,rejected,0.0,0.47006349749393445
r20 q3 & r5_nonews q4,0.0,0.4585556753693139,-1.403149016797845,rejected,0.0,0.1605724070017122
frog q0 & vol_surge1 q4,0.0,0.04292813246793292,-1.8182113754208056,rejected,0.0,0.06903183203389904
dist_ma50 q0 & frog q0,0.0,-0.18534042785672755,-1.674181836865257,rejected,0.0,0.09409486800489644
days_to_earn q4 & news5 q4,0.0,0.2709671708022325,-1.5878513226179372,rejected,0.0,0.11231996289905986
atr_pct q3 & dist_52wh q1,0.0,0.7316634787020778,-1.127129827891843,rejected,0.0,0.2596875937583523
r5_news q2 & vol_surge1 q2,0.0,0.1958220487871528,1.6621768232769085,rejected,0.0,0.09647732564319927
days_to_earn q3 & ev_agreement q2,0.0,-0.6133012442230823,-1.242681585808106,rejected,0.012861131762172715,0.21398519216640774
ind_mom20 q2 & ind_mom60 q1,0.0,-0.2572850054049325,1.596299658961883,rejected,0.0,0.11042190621126538
days_since_earn q0 & skew60 q1,0.0,-0.8880561881427175,0.9652110973577506,rejected,0.0,0.3344390897068895
gap_today q2 & vol_surge1 q3,0.0,-0.8222187736603881,-1.0287196689831772,rejected,0.0,0.3036114245071398
days_to_earn q3 & dist_52wh q1,0.0,-0.5422011515569755,-1.3049249794865005,rejected,0.02193975013585542,0.19191839445061004
dist_52wh q2 & r1 q1,0.0,1.1128021936858363,0.7311341758807363,rejected,0.0,0.464697201193336
dist_ma50 q4 & r5_nonews q4,0.0,-0.36852683350800713,-1.473932509955909,rejected,0.0,0.14049976350304424
min20 q3 & rel_ind60 q2,0.0,1.1967416988312303,0.6437031532815752,rejected,0.005629885662451319,0.5197679447680975
frog q0 & ind_mom20 q3,0.0,0.560936178944144,-1.2776414019632745,rejected,0.0,0.20137589534960795
dist_52wh q2 & r5 q1,0.0,-0.24830029030820702,1.5883167430775547,rejected,0.0,0.11221473332061992
atr_pct q2 & r1 q1,0.0,1.62997325994703,0.20471803520949292,rejected,0.011218461486048966,0.8377924287677266
ev_agreement q4 & rel_ind20 q4,0.0,0.8778335096406668,-0.9566002559845647,rejected,0.0,0.33876905958274
r5_news q2 & r5_nonews q4,0.0,-0.07817448998172964,-1.7542452681779466,rejected,0.004463851215728521,0.07938848958030718
mom_12_1 q2 & r5_nonews q0,0.0,-1.0458773767384426,0.7855093227604832,rejected,0.0,0.43215500644354915
frog q0 & r5_news q2,0.0,0.6153953028080027,-1.2149566287404356,rejected,0.0,0.2243826336613256
atr_pct q1 & r5_nonews q4,0.0,1.1558136557040528,-0.6709654244438334,rejected,0.0,0.5022425560356749
close_loc q2 & log_dv q2,0.0,0.9182518693762404,-0.9082416842371935,rejected,0.0,0.3637505452490369
dist_52wh q2 & vol_surge1 q1,0.0,-0.04833406595176943,1.7780944275409432,rejected,0.0,0.07538834751665718
gap_today q4 & rel_ind60 q2,0.0,-0.7504734624416992,1.0658949946194056,rejected,0.0,0.28647111191942204
atr_pct q0 & dist_ma50 q1,0.0,-0.5416439844807813,1.2746649261873415,rejected,0.0,0.2024278662002683
dist_52wh q1 & gap_today q4,0.0,0.318530256759959,-1.4972869341368293,rejected,0.0,0.13431861316509458
dist_52wh q2 & ev_agreement q2,0.0,-0.731908211058812,1.0812417124954434,rejected,0.0,0.27958960765283997
dist_52wh q1 & vol_surge5 q2,0.0,1.2005315930751734,-0.6114845722059482,rejected,0.0,0.5408788288648886
days_to_earn q0 & news5 q4,0.0,-1.6427702657531207,-0.16920347351630005,rejected,0.008238302374174148,0.8656365977152104
ev_agreement q2 & range_compress q0,0.0,-1.2205550691713438,-0.5909487314964887,rejected,0.010799596551976483,0.554554772944609
r20 q1 & skew60 q1,0.0,0.3245952459580098,1.4858745306739425,rejected,0.0,0.13731231154808793
frog q0 & vol_surge1 q1,0.0,0.7050435149330214,1.1050451065690907,rejected,0.0,0.26914004452714446
ear q1 & max20 q3,0.0,0.9960807999592738,0.8136496325235777,rejected,0.0,0.4158456960291004
ind_mom60 q2 & log_dv q4,0.0,0.34441155126621664,-1.462213878519925,rejected,0.0,0.1436826096501384
mom_12_1 q0 & r120 q1,0.0,1.3742117035877082,-0.43019199320373275,rejected,0.0,0.6670559858778662
atr_pct q3 & r5 q4,0.0,1.2718903118977452,-0.5322809361204774,rejected,0.0,0.5945314338266616
gap_today q4 & overnight20 q3,0.0,-0.23838138375366047,-1.565683549887508,rejected,0.0,0.11742271926683567
dist_ma50 q1 & gap_today q1,0.0,1.2766179561799336,0.5267873663611478,rejected,0.0103388994647014,0.5983412571164201
r5_news q2 & vol_ratio q0,0.0,-0.5462452380653682,1.2561184677904091,rejected,0.0,0.2090730213431256
rel_ind20 q4 & rel_ind60 q2,0.0,-1.3977821035674332,-0.402486016908815,rejected,0.009044829012798229,0.6873263771757485
days_since_earn q1 & rel_ind60 q2,0.0,-0.45731924802255375,1.3427786555772472,rejected,0.0,0.17934365678253292
close_loc q2 & frog q1,0.0,1.2083117264979755,-0.5911954733830831,rejected,0.0,0.5543894553685764
dist_52wh q2 & news5 q1,0.0,0.9580126147012594,0.8405032202488839,rejected,0.0,0.40062629679284956
dist_ma50 q2 & mom_12_1 q2,0.0,-1.4373698141194373,0.36021955569916375,rejected,0.0,0.718682951645121
gap_today q0 & vol_ratio q2,0.0,-0.7279841571995396,1.0656528167997292,rejected,0.0,0.2865806140369278
dist_ma50 q4 & rel_ind20 q2,0.0,-1.2434246534259425,-0.5485686310475708,rejected,0.011353622430833711,0.5833015181617616
frog q1 & r20 q1,0.0,0.4240840801340289,1.3669225723562912,rejected,0.009162068141388724,0.17164957599356814
min20 q2 & skew60 q2,0.0,1.4108863119761657,-0.37747562627163456,rejected,0.0,0.7058201744144001
overnight20 q4 & r5_nonews q4,0.0,-0.28973781010268507,-1.4984211784824548,rejected,0.0,0.13402385735227046
days_since_earn q2 & vol_surge1 q3,0.0,0.6974389350590835,-1.0907058155749443,rejected,0.0,0.2754023508148539
rel_ind20 q2 & skew60 q1,0.0,0.6085012120023656,1.1795247764673003,rejected,0.017260982467535223,0.23818927677609192
days_to_earn q2 & r5_nonews q2,0.0,-0.5668720399231265,1.2177875538710754,rejected,0.0,0.22330471519571343
close_loc q2 & overnight20 q4,0.0,0.10215315651906685,-1.6816293102391693,rejected,0.0,0.09264074333773188
close_loc q2 & ind_mom20 q3,0.0,0.39102690461335576,-1.3925942135693337,rejected,0.0,0.16374253380521658
mom_12_1 q3 & vol_ratio q0,0.0,0.24160188573486324,1.5414130062842077,rejected,0.0,0.12321630055709822
frog q0 & min20 q1,0.0,1.0770188888279182,0.7044068605246793,rejected,0.0,0.48117943477836567
overnight20 q4 & vol_surge1 q1,0.0,0.9830499286824161,0.7972797169477589,rejected,0.0,0.42528859746729003
days_since_earn q0 & r5_nonews q4,0.0,-1.3901667898297059,-0.38895503397564035,rejected,0.0,0.6973094099980726
days_since_earn q0 & rel_ind20 q2,0.0,-1.111197744478518,0.6654522120934461,rejected,0.0,0.5057612992727674
range_compress q0 & skew60 q1,0.0,-0.40981340480942485,1.366069288902677,rejected,0.0,0.1719172165582463
ev_agreement q2 & r5 q4,0.0,-0.2613568648840657,-1.510790638650977,rejected,0.00040110587997491305,0.13084180055456673
frog q1 & overnight20 q3,0.0,1.2979877159046993,0.47097734481749026,rejected,0.006072277052278741,0.6376569133857647
ev_agreement q4 & mom_12_1 q2,0.0,0.2947605832846942,-1.4739339727679337,rejected,0.0,0.14049936960781675
min20 q0 & rel_ind60 q3,0.0,-0.711165885136477,-1.0571368744053546,rejected,0.0,0.2904491243590281
dist_52wh q2 & rel_ind20 q2,0.0,-1.017673124950887,0.7494235334423164,rejected,0.0,0.4536019711171954
days_to_earn q3 & r20 q1,0.0,-0.9594395303938811,-0.8045617674417043,rejected,0.0,0.42107261218061903
ind_mom60 q1 & skew60 q1,0.0,0.7568597286347739,1.0061593981257617,rejected,0.0,0.31433889968093315
gap_today q4 & r20 q3,0.0,-0.9174362419778715,-0.8453361996863301,rejected,0.0,0.3979231551037282
close_loc q2 & r5 q3,0.0,1.3000907688924521,-0.4597302457879215,rejected,0.0,0.6457098568473301
mom_12_1 q2 & rel_ind20 q2,0.0,-0.36468300917236285,1.3918501255897524,rejected,0.0,0.1639677873569292
earn_in_week q1 & gap_today q4,0.0,-0.8504283224941618,-0.9018267599209666,rejected,0.0,0.3671489022018497
close_loc q2 & vol_surge1 q4,0.0,-0.8448654047272867,-0.9066759536950146,rejected,0.0,0.36457818309072426
ind_mom20 q2 & vol_surge1 q1,0.0,0.5231261604043569,1.2283140727503583,rejected,0.014910093372103745,0.21932909018385988
dist_ma50 q1 & gap_today q4,0.0,-0.48272079229339143,1.2671610907994888,rejected,0.0,0.20509769520727517
frog q4 & gap_today q1,0.0,0.7252507282993095,1.0244801942538626,rejected,0.0006927696907807423,0.3056085209654995
frog q1 & ind_mom20 q3,0.0,1.0516437130744207,-0.6935800293282374,rejected,0.0,0.48794562141690767
days_since_earn q3 & r5_nonews q4,0.0,-0.8534709307457949,-0.890377233526359,rejected,0.0,0.3732633627243721
atr_pct q3 & skew60 q1,0.0,1.2397740859411834,0.5036800926977335,rejected,0.010515327645242132,0.6144861997798252
log_dv q4 & r5_nonews q4,0.0,-0.8988062556539897,0.8445761554488579,rejected,0.0,0.39834752684027125
ev_agreement q2 & skew60 q1,0.0,-0.13174897119398737,1.6086633386129878,rejected,0.0,0.10768997634292259
dist_ma50 q4 & rel_ind20 q4,0.0,0.8155866566850638,-0.9209746791416067,rejected,0.0,0.3570636469895508
close_loc q2 & vol_surge1 q1,0.0,0.8697690736593581,-0.8665381843045082,rejected,0.0,0.3861950959096174
frog q4 & news5 q2,0.0,0.9201148876988139,0.815469609065374,rejected,0.0,0.4148035537014037
dist_ma50 q1 & news5 q2,0.0,0.7186378718642228,1.0164935703038738,rejected,0.0,0.3093944077740893
atr_pct q2 & intraday20 q1,0.0,0.6946908309924894,1.039183878806567,rejected,0.0,0.2987192265940599
rel_ind20 q3 & skew60 q2,0.0,0.7522502595455859,-0.9813082106813663,rejected,0.0,0.3264407749845538
overnight20 q4 & vol_surge1 q2,0.0,0.521448752276697,-1.2116139892712623,rejected,0.0,0.22566017704421512
ind_mom60 q1 & news5 q2,0.0,0.18995010822259056,1.5421042086977703,rejected,0.0,0.12304827239746717
r5_news q2 & skew60 q1,0.0,0.0861417477595523,1.6452033981377678,rejected,0.0,0.09992787300103281
min20 q3 & r5 q4,0.0,-0.11057521605356009,-1.619784330324299,rejected,0.0,0.1052786134690964
ind_mom20 q2 & vol_surge1 q4,0.0,-0.7648780730573793,-0.9652631956699953,rejected,0.0,0.33441300107064614
dist_ma50 q1 & ind_mom20 q2,0.0,0.9086843372670784,0.821279200319385,rejected,0.0,0.41148725249961665
ind_mom20 q3 & ind_mom60 q1,0.0,-0.685152170472782,-1.043153563607056,rejected,0.0,0.2968771762922359
days_since_earn q3 & log_dv q2,0.0,1.0341675821785072,-0.693413430881984,rejected,0.0,0.48805013595611535
dist_ma50 q1 & vol_ratio q2,0.0,0.4659028866063956,1.2605812756031072,rejected,0.02520319522862742,0.20745974831178363
close_loc q3 & frog q1,0.0,0.46490215553591857,1.2603279651610977,rejected,0.026305620025915362,0.20755107577131476
frog q1 & vol_surge5 q2,0.0,1.3820553356384473,0.34170727080806085,rejected,0.005887645107158517,0.7325711998279705
gap_today q4 & r120 q2,0.0,-0.3599275090282542,-1.3622546405650302,rejected,0.013551399736891154,0.17311753719448328
ev_agreement q4 & rel_ind20 q2,0.0,-0.33696584304056276,-1.383745798471633,rejected,0.015017400062187849,0.16643630474061027
ev_agreement q2 & r5_nonews q0,0.0,-0.023435611769263513,1.695103690613883,rejected,0.0,0.09005575225262423
frog q1 & r20 q3,0.0,1.087580808744069,-0.6298191078346417,rejected,0.0,0.5288129425599065
days_since_earn q1 & dist_52wh q1,0.0,-0.42009839425389955,-1.2961014842401029,rejected,0.021709948338847485,0.19494052370719886
ind_mom20 q1 & min20 q2,0.0,0.7145936878315244,-0.9991964929659128,rejected,0.0,0.317699514443285
max20 q2 & vol20 q0,0.0,0.28708506545806,-1.424998531683296,rejected,0.0,0.15415762554349222
days_since_earn q3 & skew60 q1,0.0,1.6039263065224962,0.10684724508551288,rejected,0.0038761208626462533,0.914910165820128
gap_today q4 & min20 q1,0.0,-0.4033497884546563,1.306673290998807,rejected,0.0,0.19132369342731864
ind_mom20 q3 & rel_ind20 q4,0.0,0.7046599720828562,-1.004216334907332,rejected,0.0,0.3152743502552226
dist_ma50 q1 & gap_today q0,0.0,0.6246012187079211,1.0812318438210322,rejected,0.0,0.2795939963732302
dist_52wh q1 & mom_12_1 q2,0.0,0.7373583290657134,0.9652197990351167,rejected,0.0,0.3344347321828098
days_to_earn q0 & frog q1,0.0,0.23782496892112323,1.4640661018412362,rejected,0.0,0.14317588817862092
days_to_earn q0 & log_dv q3,0.0,0.6381716102777876,1.063313197715186,rejected,0.0,0.28763994206686705
ind_mom20 q4 & vol_surge1 q1,0.0,1.5866648197055886,0.11431938575384533,rejected,0.0009015310809429827,0.9089846156322605
days_to_earn q0 & dist_52wh q1,0.0,1.4351253454845072,0.2643787810790028,rejected,0.0067516981929608665,0.7914880602689167
frog q0 & vol_ratio q0,0.0,-0.5172176853271341,-1.1816761799624458,rejected,0.013747658062990832,0.2373342133272866
frog q0 & r5_news q4,0.0,0.5269450407950423,-1.1718524835037523,rejected,0.0,0.24125628703620644
dist_52wh q1 & r5_news q4,0.0,0.03376044795438965,-1.663029494450887,rejected,0.0,0.09630653166087137
mom_12_1 q1 & range_compress q1,0.0,0.8952007615647665,-0.8006631687654118,rejected,0.0,0.42332667032154336
frog q1 & ind_mom60 q1,0.0,0.3123930716031604,1.3828693071044929,rejected,0.01601450272182506,0.16670494297982583
dist_52wh q1 & ev_agreement q4,0.0,0.8543859283673049,-0.8407617307374708,rejected,0.0,0.40048143017603327
r5 q1 & vol_surge1 q1,0.0,0.5167895388694421,1.1778486487993027,rejected,0.01841847813632513,0.23885695006272192
ev_agreement q4 & r5 q1,0.0,1.1877719702257212,-0.5068259194018497,rejected,0.0,0.6122769681885394
dist_ma50 q3 & vol_ratio q4,0.0,1.0723638950325363,-0.6218310206358442,rejected,0.0,0.5340529863550035
days_since_earn q3 & overnight20 q3,0.0,0.3603072828894922,1.3303218167127924,rejected,0.017198306809660772,0.18341226200352437
gap_today q4 & log_dv q2,0.0,-1.0292574416757025,-0.6606454092902431,rejected,0.0,0.5088397406126872
r20 q3 & vol_surge1 q2,0.0,-0.4052413013267433,1.2820339212794252,rejected,0.0,0.19983074707124668
gap_today q1 & vol_surge1 q2,0.0,-0.5552959398629751,1.131396298357712,rejected,0.0,0.2578883288092758
dist_ma50 q4 & rel_ind60 q2,0.0,0.5640606709112315,-1.1222011659226685,rejected,0.0,0.2617769170316203
r5_news q2 & vol_ratio q2,0.0,-0.8428282328027529,0.8426165314097207,rejected,0.0,0.39944294245049405
ear q4 & r5 q0,0.0,0.5608181657745621,1.124538710811818,rejected,0.0,0.2607845578076475
min20 q3 & vol_surge1 q4,0.0,-0.18507946319315619,-1.4981485458775097,rejected,0.001238189693572327,0.134094660609555
gap_today q1 & r5_news q2,0.0,0.33117754634117386,-1.3515167676982693,rejected,0.0,0.17652995233747987
r5 q3 & skew60 q1,0.0,0.895739231788783,0.7858806470032864,rejected,0.0,0.43193741352059584
close_loc q3 & dist_52wh q1,0.0,0.047292938536273324,-1.6273913037074892,rejected,0.0,0.10365401730710083
r5 q3 & vol_surge1 q2,0.0,-0.05898179864036713,-1.6153738881977404,rejected,0.0,0.10622975139934104
dist_ma50 q1 & overnight20 q2,0.0,1.2286888501466522,-0.44262485602450186,rejected,0.0,0.6580371030515275
ind_mom20 q3 & news5 q4,0.0,-0.1778331897392354,-1.4927313132173405,rejected,0.0005583026221337013,0.135507533261209
close_loc q1 & r5 q1,0.0,-0.15367029481052458,1.5156256641225645,rejected,0.0,0.12961403383236814
r20 q1 & vol_surge1 q4,0.0,0.7447070222806123,-0.9238857949551988,rejected,0.0,0.3555457796669703
dist_52wh q1 & dist_ma50 q4,0.0,0.12636775171864412,-1.5393703815461088,rejected,0.0,0.12371390053490551
days_since_earn q3 & gap_today q1,0.0,0.37417387501423316,-1.2864972757544484,rejected,0.0,0.1982695689684409
close_loc q3 & r5 q4,0.0,-1.0192998976547063,-0.6397904826110007,rejected,0.008307935101180365,0.5223088209112378
close_loc q2 & r20 q4,0.0,0.9086187610566049,-0.7491675098006155,rejected,0.0,0.4537562491754497
days_since_earn q0 & r5 q4,0.0,0.7689485310949478,-0.8873410142542791,rejected,0.0,0.3748953302806104
days_to_earn q0 & r5_nonews q0,0.0,-0.9585724655057725,0.6946657907448945,rejected,0.0,0.4872647713600104
dist_52wh q2 & earn_in_week q1,0.0,-0.5716985547510633,-1.0809330654776235,rejected,0.0,0.27972688893335995
mom_12_1 q2 & rel_ind20 q4,0.0,-1.0490004421282615,0.6017909017445747,rejected,0.0,0.5473133321192872
ev_agreement q2 & rel_ind20 q4,0.0,0.3462367591318775,-1.3034059851717108,rejected,0.0,0.19243619424588446
close_loc q3 & days_since_earn q3,0.0,-0.17599719689440316,1.4736035143980935,rejected,0.0,0.14058837457579157
gap_today q1 & rel_ind20 q4,0.0,0.456484286524692,-1.192033741760004,rejected,0.0,0.2332480151930765
close_loc q1 & r5_nonews q4,0.0,1.5805020068526712,-0.06751724910198494,rejected,0.0,0.9461699305605809
close_loc q4 & r5_nonews q0,0.0,-0.511663300146888,1.1328431525154226,rejected,0.0,0.2572801261985996
r5 q4 & vol_ratio q2,0.0,0.33286633894818013,-1.3113226178524375,rejected,0.0,0.18974879006351567
days_to_earn q3 & rel_ind20 q4,0.0,-0.005371301388434557,-1.6380563901440754,rejected,0.0,0.10140993106678214
rel_ind60 q2 & vol_surge5 q4,0.0,-1.5380324390715603,0.1046763834357572,rejected,0.0,0.9166326022799419
r5 q4 & rel_ind20 q4,0.0,0.6811352849684627,-0.9610416104922356,rejected,0.0,0.33653124627031
ear q2 & r1 q1,0.0,0.47130719349887457,-1.1687283816996314,rejected,0.0,0.2425130832162509
r5 q4 & r5_news q2,0.0,-0.16859967272247417,-1.4711646842771615,rejected,0.0,0.14124658535520374
r1 q4 & r5_news q2,0.0,-0.6971513637177156,-0.9392321745345584,rejected,0.0,0.3476115531866852
ear_volsurge q4 & mom_12_1 q1,0.0,-0.4562663224748511,-1.1801013678513568,rejected,0.013957385805907035,0.23795990066734102
frog q1 & log_dv q3,0.0,-0.41371477542086205,1.2211802744652327,rejected,0.0,0.22201777107783896
r5 q4 & r5_nonews q4,0.0,-0.20632609447393763,-1.4259472705227454,rejected,0.009149770422742731,0.15388356316056692
dist_ma50 q1 & ind_mom60 q3,0.0,-0.04895110595772923,-1.582015589778721,rejected,0.0,0.11364601159382944
frog q4 & min20 q3,0.0,-0.554713536293818,1.073879004119319,rejected,0.0,0.2828769146883345
r5 q1 & vol_surge5 q2,0.0,1.0227391730010822,0.605042085473444,rejected,0.01177476264947943,0.5451510335913539
atr_pct q0 & r5 q4,0.0,-0.5462412505400553,1.0815108851990203,rejected,0.0,0.2794699213122515
gap_today q4 & ind_mom20 q3,0.0,-0.45740862621483036,-1.1698302072802391,rejected,0.005940890109971678,0.24206930481855735
mom_12_1 q2 & skew60 q1,0.0,-0.7235221881936136,0.8981288935676841,rejected,0.0,0.36911683664526906
ins_officer30 q2 & r5 q0,0.0,-0.7909579780614393,0.8289629174165407,rejected,0.0,0.40712539103186524
gap_today q4 & min20 q3,0.0,-0.3736178777723744,-1.2424610756096843,rejected,0.012232188072763347,0.21406649337137343
dist_52wh q2 & dist_ma50 q1,0.0,-0.03739196742645209,1.57830051555994,rejected,0.0,0.11449658754323734
days_since_earn q3 & ind_mom60 q4,0.0,0.03810400911715691,1.5697890588606727,rejected,0.0,0.11646419381693841
frog q3 & rel_ind60 q3,0.0,1.0964920645725884,-0.5099822836314675,rejected,0.0,0.610063873651141
dist_52wh q2 & r5 q4,0.0,-0.41018272608078954,-1.194056455070626,rejected,0.006393227524452729,0.23245588518634377
news5 q2 & r5 q3,0.0,0.856496614560115,-0.7469705767723767,rejected,0.0,0.4550813217374183
dist_ma50 q1 & rel_ind20 q2,0.0,-0.15926234118481547,1.4441320707305036,rejected,0.0,0.14870182834449494
days_since_earn q0 & r5_nonews q0,0.0,0.3287374914290664,1.2739003982677612,rejected,0.028709720161119938,0.20269871725484423
r5 q4 & rel_ind60 q2,0.0,-0.37084936271276636,1.2317238516045714,rejected,0.0,0.21805225690806276
news5 q2 & overnight20 q4,0.0,0.5055757852315345,-1.0967568930167235,rejected,0.0,0.27274767868679634
r1 q4 & r5_nonews q0,0.0,0.5089883369403497,1.0929305514506,rejected,0.0,0.2744242930876891
mom_12_1 q4 & r5_nonews q1,0.0,-1.4858237475774216,-0.1117825786499405,rejected,0.0018375338642894357,0.9109958011638961
frog q0 & r60 q2,0.0,-0.30111880691913184,-1.2954420366804267,rejected,0.02132564454518166,0.19516778465016776
ev_agreement q4 & r5_news q2,0.0,1.2873908786303812,0.30883944665428414,rejected,0.005059530932231546,0.7574436608705601
max20 q3 & r5_nonews q0,0.0,0.1718725478939575,1.4228033398038353,rejected,0.010859261404096817,0.15479317293063383
atr_pct q3 & days_since_earn q3,0.0,0.30233895352601153,1.2896328892837239,rejected,0.027230983207652975,0.19717815077328002
r5 q4 & rel_ind20 q2,0.0,1.5863287433451199,-0.004758478198991016,rejected,0.0,0.9962032980403065
mom_12_1 q2 & news5 q2,0.0,-0.6719334891897075,0.9167350062210169,rejected,0.0,0.35928151758577787
close_loc q1 & days_to_earn q0,0.0,0.8869141295644131,0.7006910816047669,rejected,0.0,0.4834958229563007
r1 q4 & r5 q4,0.0,0.11146094275518971,-1.4746955986149612,rejected,0.0,0.1402943999304801
gap_today q1 & min20 q3,0.0,0.5002075428374031,1.0852893864155129,rejected,0.0,0.2777935051953551
r20 q4 & r5 q4,0.0,0.39115163748197007,-1.192594307220237,rejected,0.0,0.23302829644490713
earn_in_week q1 & vol_surge1 q2,0.0,-0.4509759485369058,-1.1291442296009844,rejected,0.0,0.25883699576187136
gap_today q1 & r5 q4,0.0,0.37890099954620804,-1.1958031248616907,rejected,0.0,0.2317733962081974
ind_mom60 q1 & r5 q4,0.0,-0.5493934089859579,-1.0249018947089812,rejected,0.0,0.30540948052564976
close_loc q2 & vol_surge5 q4,0.0,-0.8882489550489521,-0.6842489011482603,rejected,0.0,0.49381800784774654
r5 q4 & vol_surge5 q4,0.0,0.603624466523655,-0.9662904889872663,rejected,0.0,0.3338988439171271
max20 q2 & vol_surge1 q4,0.0,-0.834260220912532,0.7340981696158125,rejected,0.0,0.4628889090307851
frog q0 & vol_ratio q2,0.0,1.5079717577621705,0.058910386540994564,rejected,0.004843527240112054,0.953023485157782
days_to_earn q3 & frog q4,0.0,1.157523628820164,0.40889333470496725,rejected,0.007248410927165951,0.68261794065228
days_since_earn q3 & r5 q3,0.0,0.6727025467889385,-0.8933871434213776,rejected,0.0,0.3716498852136989
atr_pct q3 & r5_nonews q4,0.0,0.9082861516793177,-0.6565743252246501,rejected,0.0,0.5114546621621909
close_loc q3 & gap_today q0,0.0,-0.2244377046966562,1.3396489864290377,rejected,0.0,0.18035948982977643
dist_ma50 q1 & overnight20 q3,0.0,-1.0415589508545524,0.5209598491678532,rejected,0.0,0.6023947416283851
dist_ma50 q4 & r5 q4,0.0,0.24028516389150298,-1.3221448900194797,rejected,0.0,0.18611990815299959
mom_12_1 q0 & vol20 q3,0.0,1.353928495880082,-0.20426317436580516,rejected,0.0,0.8381478458464486
r5_news q4 & vol_surge1 q4,0.0,0.7090928258948723,-0.8407740719724426,rejected,0.0,0.40047451506233267
ind_mom20 q2 & r5_news q4,0.0,1.0212884040545507,0.5278490642288048,rejected,0.008476069874641515,0.5976041000164108
frog q4 & vol_surge1 q3,0.0,1.0599379266396034,0.48804452198221704,rejected,0.0033475093229593292,0.6255183057310508
dist_ma50 q1 & mom_12_1 q2,0.0,-0.19309175729503203,1.352872460068834,rejected,0.0,0.1760963789158424
ev_agreement q4 & frog q0,0.0,0.9644973530123522,-0.5812459702976622,rejected,0.0,0.5610746891536861
r5 q4 & vol_surge1 q2,0.0,-1.521185605943911,-0.02413879592953723,rejected,1.9452748961816834e-05,0.9807418976528383
gap_today q0 & r20 q3,0.0,-0.6248073760331732,0.9200041335738366,rejected,0.0,0.35757059914041334
ind_mom20 q2 & r20 q1,0.0,0.2299063979595257,1.3148726790037544,rejected,0.019880809134114087,0.1885526961929182
frog q1 & r5 q4,0.0,1.0691553236052465,-0.4754483093700544,rejected,0.0,0.6344674681958129
ev_agreement q2 & r20 q3,0.0,0.14350119925867896,-1.4003607393462625,rejected,0.0,0.16140532056740262
frog q0 & r5 q4,0.0,0.17263772789840226,-1.3697646427850652,rejected,0.0,0.17076038245408257
close_loc q2 & rel_ind20 q2,0.0,-0.08163655612339027,1.4574799802863532,rejected,0.0,0.1449839336255782
r5 q1 & vol_surge1 q3,0.0,0.1132228505776148,1.4240816938005356,rejected,0.00928394919558604,0.15442282496653267
ind_mom60 q1 & rel_ind60 q2,0.0,-0.23466296405746245,1.2997071514222878,rejected,0.0,0.193701358374708
gap_today q4 & rel_ind20 q4,0.0,0.2955566531173033,-1.2369380267928023,rejected,0.0,0.21611009114857727
r20 q1 & vol_surge1 q3,0.0,0.5600434462588452,0.9722061806288183,rejected,0.0,0.33094798639822526
frog q0 & log_dv q0,0.0,0.5624660761856087,-0.968442293985613,rejected,0.0,0.33282352553051364
frog q4 & ind_mom60 q1,0.0,0.4236308834784882,1.1068800783060873,rejected,0.0,0.2683457801226817
close_loc q3 & ind_mom60 q1,0.0,0.7409085915143556,0.7880838157181956,rejected,0.0,0.43064768118742347
r5_news q2 & vol_surge1 q4,0.0,-0.23008126831527342,-1.2988996181671995,rejected,0.01854239786241535,0.19397838074447424
earn_in_week q1 & vol_ratio q0,0.0,1.0888444146716116,-0.4318921174054489,rejected,0.0,0.665819824109776
days_since_earn q3 & ind_mom20 q2,0.0,-0.6764473664733158,0.8435525733608357,rejected,0.0,0.3989194758904533
ind_mom20 q3 & r20 q1,0.0,0.2897569781175487,1.2293854306181569,rejected,0.012098202374647048,0.21892733015233376
days_since_earn q3 & days_to_earn q0,0.0,-0.470362588732614,1.0453979247043046,rejected,0.0,0.2958390954722942
frog q4 & r5 q1,0.0,-0.20846196697551403,1.307193391754821,rejected,0.0,0.1911470392836791
dist_ma50 q4 & ind_mom60 q1,0.0,-0.6211336144026838,-0.892302047474393,rejected,0.0,0.3722310571205435
dist_ma50 q2 & r120 q3,0.0,-1.1762959221632496,-0.3366124939617362,rejected,0.006463210890265055,0.7364090365126098
close_loc q2 & vol_surge1 q2,0.0,1.2206480065765253,0.29085310585510726,rejected,0.005538093327241257,0.7711636675680826
gap_today q4 & vol20 q0,0.0,-0.43632565594321143,-1.0737786758465806,rejected,0.0,0.28292188947316466
days_to_earn q3 & news5 q2,0.0,-0.7056535950176186,-0.8025530331577824,rejected,0.0,0.4222331240264805
rel_ind20 q4 & vol_surge1 q3,0.0,0.71477773462532,-0.7908723052095462,rejected,0.0,0.4290185110458145
overnight20 q4 & rel_ind60 q2,0.0,-1.065566790924776,-0.43930329816722674,rejected,0.006070768260975319,0.6604417847031117
ear q1 & r5_nonews q1,0.0,0.16153894791949125,-1.338780680872604,rejected,0.0,0.18064208183031816
frog q4 & ind_mom20 q3,0.0,-0.05542592971671963,-1.4407873430447347,rejected,0.005304270323671287,0.14964477028141754
ev_agreement q4 & min20 q3,0.0,0.769273481516738,-0.7253524326997433,rejected,0.0,0.4682358468238348
gap_today q1 & r5 q3,0.0,0.3005936716420728,-1.192171724850161,rejected,0.0,0.23319391783628296
gap_today q1 & rel_ind20 q2,0.0,0.5476794309104694,0.9449821098843311,rejected,0.0,0.3446680095621931
days_since_earn q3 & r20 q1,0.0,0.5654624510330968,0.9242809180948458,rejected,0.0,0.3553400750824621
dist_52wh q2 & news5 q4,0.0,0.23088969941126614,-1.2585175766787626,rejected,0.0,0.20820463463388392
gap_today q1 & vol_surge1 q4,0.0,-0.8282000765745106,-0.6608912197373821,rejected,0.0,0.5086820772787104
dist_52wh q1 & r20 q1,0.0,1.0005769264278357,-0.4820280487996974,rejected,0.0,0.6297860210606333
ind_mom20 q2 & rel_ind60 q2,0.0,0.6737407779852955,0.8078449045749778,rejected,0.0,0.4191798712828023
close_loc q3 & frog q0,0.0,-1.2389126199759763,0.2415528159900782,rejected,0.0,0.8091266868167828
days_to_earn q3 & skew60 q1,0.0,-0.9003977795059801,0.579263623368952,rejected,0.0,0.5624113066743965
gap_today q1 & ind_mom20 q3,0.0,0.1870312584251219,-1.2921238615982826,rejected,0.0,0.19631425361620217
r5_nonews q4 & vol_ratio q0,0.0,-0.8587532417462366,-0.6192010120573961,rejected,0.010769060755602904,0.5357839452245199
gap_today q1 & news5 q2,0.0,-0.1868869569952968,-1.289667297041615,rejected,0.024293462877757348,0.19716619885220307
ind_mom20 q0 & max20 q1,0.0,-0.28797344563786914,-1.1878847196285265,rejected,0.01357640669846136,0.23487883059430584
ear_volsurge q1 & r60 q3,0.0,1.203529403878185,-0.2712417765967062,rejected,0.0,0.7862050838020278
dist_ma200 q3 & ind_mom20 q3,0.0,0.08304501303877145,-1.391644775947869,rejected,0.0,0.16402999278488511
r5 q2 & vol_surge1 q3,0.0,0.3617972499394553,-1.1111855284602357,rejected,0.0,0.26648849902414207
gap_today q0 & vol_surge1 q2,0.0,-0.3546618406056241,1.118142580464449,rejected,0.0,0.26350610309305295
frog q1 & mom_12_1 q2,0.0,-0.9464347367582173,-0.5262703162110025,rejected,0.010195626348439275,0.5987004042692516
dist_52wh q1 & gap_today q0,0.0,1.2152902118634064,0.25485270736744675,rejected,0.010094269402751143,0.7988368643804886
rel_ind20 q1 & vol_ratio q4,0.0,1.2127878984241325,-0.25656226312393454,rejected,0.0,0.7975167096896342
dist_ma50 q1 & r1 q4,0.0,-1.1778074423533338,-0.2872913265827783,rejected,0.005664251226717415,0.7738892632563988
frog q1 & vol_ratio q0,0.0,0.6849426702570145,0.7798260635965157,rejected,0.0,0.43549326283309764
gap_today q0 & r1 q4,0.0,0.6708793879544057,-0.7937552186086404,rejected,0.0,0.42733794721694873
dist_52wh q1 & ind_mom60 q1,0.0,1.0892881784159396,0.3741416096777657,rejected,0.006235584817666431,0.7082989629631594
ear q3 & vol_ratio q4,0.0,0.9802670538545518,0.4765439736510692,rejected,0.004773048859266946,0.6336868871655696
news5 q4 & r5_nonews q0,0.0,0.5248060172216221,-0.9319189503759223,rejected,0.0,0.3513784132908913
close_loc q2 & mom_12_1 q2,0.0,0.06545593418480454,-1.3889958525520971,rejected,0.0,0.16483401122365363
ev_agreement q2 & min20 q3,0.0,0.34796670367317817,-1.1054196073321136,rejected,0.0,0.268977811586504
dist_ma200 q1 & vol_surge5 q3,0.0,0.9625667371196177,0.4897024258091315,rejected,0.00415278988736868,0.6243444850439707
dist_ma50 q3 & ev_agreement q4,0.0,0.42754890302842025,-1.0239898209664169,rejected,0.0,0.3058400827868226
dist_52wh q1 & rel_ind20 q4,0.0,0.5184926681173574,-0.9320007928217409,rejected,0.0,0.35133611570333134
days_since_earn q3 & log_dv q0,0.0,-0.00977143383351215,1.4400200689786506,rejected,0.0,0.14986172123665364
dist_52wh q1 & ind_mom20 q2,0.0,0.11835428971520132,-1.3312239063436464,rejected,0.0,0.18311534746356567
gap_today q1 & skew60 q1,0.0,-0.26661417074485944,1.1796678768387177,rejected,0.0,0.23813233489129088
close_loc q3 & vol_surge1 q4,0.0,-1.0404929919453338,-0.40412009254995757,rejected,0.0072195521000875265,0.686124410436457
ev_agreement q4 & skew60 q1,0.0,1.158684237934195,0.28539002368636107,rejected,0.007219026067079713,0.7753453498244465
days_since_earn q3 & vol_surge1 q2,0.0,0.35972539542505216,1.0838673623727704,rejected,0.0,0.27842361245293673
earn_in_week q1 & r1 q4,0.0,-0.08549110014527586,-1.3580241130536048,rejected,0.010511219263837778,0.17445603294813547
r1 q1 & r5_news q4,0.0,1.0005522705146492,-0.44270711587574235,rejected,0.0,0.6579775947863195
ev_agreement q2 & vol_surge1 q2,0.0,0.1397441930994129,1.3008917103319695,rejected,0.014506522479829339,0.1932955239973093
close_loc q1 & r5 q3,0.0,0.1212849071896791,-1.3184381441826423,rejected,0.0,0.18735701886095352
news5 q4 & r1 q4,0.0,0.8079345727457989,-0.6296907489508702,rejected,0.0,0.5288969363721322
days_to_earn q1 & ind_mom20 q1,0.0,0.6881200719435566,0.7494375227800691,rejected,0.0,0.4535935420927641
ev_shelf q2 & max20 q3,0.0,0.7739363745145288,0.6629884521856052,rejected,0.0,0.5073379499651927
rel_ind60 q2 & vol_surge5 q2,0.0,-0.37626444510670065,1.060210224072787,rejected,0.0,0.28904897079859027
ind_mom20 q4 & r5_nonews q0,0.0,1.433838335160612,-0.002121552393494963,rejected,0.0,0.9983072473701383
log_dv q0 & r20 q1,0.0,-0.02816713122579927,-1.4056985411250154,rejected,0.0050160979944733905,0.15981366035896433
r5_news q4 & r5_nonews q0,0.0,0.6526873319220733,-0.7806706983963818,rejected,0.0,0.43499619862349104
ind_mom20 q2 & rel_ind20 q2,0.0,-0.6027573204393474,0.8301264940724546,rejected,0.0,0.4064672690579638
frog q1 & r1 q4,0.0,-0.3647432903464547,1.0678754630494958,rejected,0.0,0.285576692064992
ins_buyers30 q4 & vol_surge1 q3,0.0,-0.09612563632459344,1.3340949462598808,rejected,0.0,0.18217274189335003
dist_ma50 q4 & ins_officer30 q2,0.0,0.28236565292746774,-1.1409634559885249,rejected,0.0,0.25388513076314584
r5_nonews q4 & rel_ind20 q4,0.0,0.22010047894510426,-1.2025630777381195,rejected,0.0,0.2291454428688664
ind_mom20 q2 & r5 q3,0.0,-0.6880308700704529,0.7334384101336485,rejected,0.0,0.4632910794933653
frog q4 & r20 q1,0.0,-0.307073943979445,1.1112228587304622,rejected,0.0,0.26647243430035134
frog q4 & rel_ind20 q2,0.0,0.27465930545486494,1.1421618360228465,rejected,0.0,0.2533867561744237
gap_today q0 & r5_nonews q0,0.0,0.3627890753273335,1.051384170059031,rejected,0.0,0.2930821832375508
dist_ma50 q4 & r5 q3,0.0,0.7660010366329493,-0.6472399335249855,rejected,0.0,0.5174766699217208
overnight20 q0 & skew60 q1,0.0,-0.2167701539236682,1.1963852300713913,rejected,0.0,0.23154626242053628
ind_mom60 q1 & overnight20 q4,0.0,-1.0779998996563638,-0.33171175136927544,rejected,0.00830325333639344,0.7401069263375893
atr_pct q0 & rel_ind60 q2,0.0,-0.19182998272270158,1.211650632378786,rejected,0.0,0.2256461441021877
ev_offering q2 & ind_mom60 q0,0.0,1.3872719665934525,0.012862199483362927,rejected,0.0,0.9897377325734176
skew60 q1 & vol_surge1 q4,0.0,-1.005549649810188,0.39237060970112786,rejected,0.0,0.6947843985885502
dist_52wh q2 & frog q1,0.0,-0.42785181704844527,0.9697273103314308,rejected,0.0,0.3321824337153751
days_to_earn q1 & rel_ind60 q3,0.0,-0.03105580202632919,1.3664780237471985,rejected,0.0,0.17178897400149945
atr_pct q0 & vol_surge1 q1,0.0,-0.24985885314462006,1.14701666668333,rejected,0.0,0.2513747327461366
r20 q4 & rel_ind60 q2,0.0,-0.9896655746362563,-0.40623515018349154,rejected,0.006712763030305834,0.684569829366172
days_to_earn q0 & r5_nonews q4,0.0,1.1840601197161627,0.21124665886133506,rejected,0.012290162307706048,0.8326948036510189
frog q1 & r5_news q4,0.0,0.9803920761331968,-0.41337725551191734,rejected,0.0,0.6793302358935494
ind_mom20 q2 & r5 q1,0.0,0.023339992360285892,1.3690294102030482,rejected,0.009566296089995274,0.17099008184229206
close_loc q2 & dist_ma50 q4,0.0,-0.09731562140792678,-1.2916677423164158,rejected,0.020240553543943066,0.19647223317183812
dist_52wh q2 & gap_today q0,0.0,-1.2157712290587674,-0.17259103085704594,rejected,0.005460799362025826,0.8629729024372387
ind_mom20 q3 & vol_surge1 q2,0.0,0.41050063097546635,-0.976839927928764,rejected,0.0,0.3286484054647928
dist_ma50 q1 & ear_volsurge q3,0.0,-0.2891596051243279,-1.0968418982295334,rejected,0.0,0.27271051111065586
r20 q4 & r5_nonews q4,0.0,0.043717268823531705,-1.340253354205328,rejected,0.0,0.18016299089627572
close_loc q2 & dist_ma50 q1,0.0,0.6869126623012601,0.6965784711830177,rejected,0.0,0.486066632835113
ind_mom20 q2 & r5_news q2,0.0,-0.24603186446466466,1.1364698544655445,rejected,0.0,0.2557599750100903
days_to_earn q0 & skew60 q1,0.0,1.2052516945115492,0.17699533301160147,rejected,0.005281737218997895,0.8595120554219944
ear q4 & news5 q1,0.0,-0.6579109434840613,0.7239874342001908,rejected,0.0,0.46907344959051617
ev_agreement q2 & log_dv q0,0.0,-0.7066924366680993,-0.6720988497562992,rejected,0.0,0.5015207687414953
overnight20 q4 & r5_news q2,0.0,0.19573820983643594,-1.1803561444661759,rejected,0.0,0.23785859667405254
ear_volsurge q4 & range_compress q2,0.0,0.37047349492120685,-1.0043371318758743,rejected,0.0,0.31521614160580713
ind_mom60 q1 & r60 q0,0.0,-0.18348302876561098,1.190834883358555,rejected,0.0,0.23371841164917567
gap_today q0 & r20 q4,0.0,0.8412144614253995,0.5328009577794443,rejected,0.007169300275413271,0.594171370770628
rel_ind20 q4 & vol_surge1 q2,0.0,1.2887903435975796,0.085094014343518,rejected,0.005788265558595852,0.9321866489104229
mom_12_1 q3 & r20 q0,0.0,0.25870397173995635,1.113656964221443,rejected,0.0,0.26542637844639605
ind_mom20 q4 & log_dv q0,0.0,1.1034839895612134,-0.2671545657268001,rejected,0.0,0.7893501563971472
close_loc q2 & frog q4,0.0,-0.93429742054211,0.4350746230234605,rejected,0.0,0.6635082627599053
ind_mom20 q3 & news5 q2,0.0,0.21134010160769026,-1.1578523744638098,rejected,0.0,0.24692428571856173
ind_mom20 q1 & news5 q1,0.0,-0.8695217242455346,0.49508827343626277,rejected,0.0,0.6205378110324287
close_loc q3 & r5 q2,0.0,-0.9449208901342349,0.41874560748150874,rejected,0.0,0.6754020604173605
r5 q3 & r5_nonews q4,0.0,0.40240483003957606,-0.961093074630675,rejected,0.0,0.3365053714927973
ev_agreement q4 & news5 q2,0.0,1.146854132721718,0.2161276679336305,rejected,0.01101507676826834,0.8288882334511225
gap_today q4 & r5_news q4,0.0,0.7550141489829297,-0.6063389400392079,rejected,0.0,0.5442897057921497
dist_ma50 q1 & ev_agreement q4,0.0,0.9386078402519769,-0.4209738890328491,rejected,0.0,0.673774148670671
days_since_earn q3 & r5 q4,0.0,-0.7514635420099589,-0.6072563214437164,rejected,0.01100990356807106,0.5436808202810987
ev_agreement q2 & gap_today q1,0.0,0.3200076007930775,-1.0381243989594215,rejected,0.0,0.29921214359134324
r1 q4 & skew60 q1,0.0,0.7813621991841111,0.5759482115351041,rejected,0.008467263539898207,0.564650187016397
frog q1 & rel_ind20 q2,0.0,-0.27165374010554655,1.0853512124618352,rejected,0.0,0.27776613175239373
r20 q4 & r5_news q2,0.0,0.4474747147304921,-0.9061198432225737,rejected,0.0,0.3648724234658773
ev_red_flag q2 & news5 q4,0.0,0.07439597413224289,-1.278551254501154,rejected,0.0,0.20105512479089957
days_to_earn q0 & r5 q4,0.0,1.0085656862201509,0.3441390279941724,rejected,0.00492240576038031,0.7307417333090793
ear q2 & ind_mom60 q4,0.0,-0.3164211651537171,-1.0325866439508786,rejected,0.0,0.30179738113520677
news5 q2 & r5_nonews q0,0.0,-0.28501100070589214,1.061467611786449,rejected,0.0,0.28847744441059203
dist_ma50 q1 & log_dv q2,0.0,0.7248010465678443,0.6206999757603664,rejected,0.011299130454111513,0.5347970453738017
atr_pct q0 & frog q0,0.0,0.34744338322921275,0.990736111263725,rejected,0.0,0.32181445314325163
dist_ma50 q0 & frog q4,0.0,0.7444085203589366,0.5902382153956384,rejected,0.010041569229032299,0.5550309548411348
gap_today q0 & ind_mom60 q1,0.0,-0.38058608050747206,0.9517216083947103,rejected,0.0,0.3412381876139021
gap_today q4 & r5 q4,0.0,-0.023117576880952707,-1.3079429677237302,rejected,0.012206399929386259,0.1908926542338115
min20 q3 & vol_surge1 q1,0.0,0.45978517948449904,0.8704633861943635,rejected,0.0,0.3840472198611044
ind_mom20 q3 & r5_news q4,0.0,0.6654740793461873,-0.6636154421197034,rejected,0.0,0.506936471302471
days_to_earn q3 & frog q0,0.0,-0.5692012938719464,-0.7590730483023087,rejected,0.0,0.44780886057975344
days_since_earn q0 & ind_mom60 q4,0.0,-0.6677404820857942,-0.6570022498398347,rejected,0.0016054684738867795,0.5111794698244887
r5 q0 & rel_ind60 q1,0.0,0.6405793816361883,0.68393493460027,rejected,0.00025926001032093533,0.4940162529616927
gap_today q4 & r20 q1,0.0,-0.8674242404091016,0.4561494564310067,rejected,0.0,0.6482825082425451
dist_ma50 q4 & gap_today q0,0.0,0.08094069598489609,1.2425060229346452,rejected,0.009209118730263482,0.2140499196695772
dist_ma50 q4 & ev_agreement q2,0.0,-0.2031145014403262,-1.118847782880973,rejected,0.0,0.2632050827660367
log_dv q2 & skew60 q1,0.0,-1.2009725889489178,-0.1157575013153896,rejected,0.001030458833659525,0.9078447330497164
dist_52wh q1 & overnight20 q4,0.0,-0.3167715773527634,-0.9962867052156839,rejected,0.0,0.3191108615412762
days_since_earn q2 & r1 q3,0.0,-0.5949828224820896,-0.7172595739645584,rejected,0.0,0.4732139463561912
close_loc q3 & vol_surge1 q3,0.0,0.8840947289837725,-0.42610198218070233,rejected,0.0,0.6700335358988039
dist_52wh q2 & r5_nonews q0,0.0,-0.7637612348942117,0.5449528338857462,rejected,0.0,0.5857859573678876
ins_officer30 q4 & log_dv q0,0.0,1.1722929393624768,0.1316277712894108,rejected,0.0,0.8952787183294308
close_loc q2 & skew60 q1,0.0,0.500737146493708,-0.8029558488598671,rejected,0.0,0.4220002540071181
days_since_earn q1 & frog q1,0.0,0.6575738543992836,-0.644665530064998,rejected,0.0,0.5191439587679265
r20 q3 & vol_surge1 q1,0.0,1.0653809138700765,-0.23524228194550856,rejected,0.0,0.8140206903859148
close_loc q2 & min20 q1,0.0,1.2824904298704791,-0.017658699944811146,rejected,0.0,0.9859111281753975
range_compress q1 & vol_surge5 q4,0.0,-0.7383887943978601,-0.5608810825871664,rejected,0.00809556158015125,0.5748786070032235
skew60 q1 & vol_surge1 q2,0.0,-0.5543139790512059,0.744277772766415,rejected,0.0,0.45670844541375233
gap_today q0 & vol_surge1 q3,0.0,1.2712318342890387,-0.02575970592276786,rejected,0.0,0.9794490011903836
close_loc q3 & news5 q4,0.0,0.3523588964229696,-0.944341342577052,rejected,0.0,0.34499524572899676
gap_today q4 & r20 q4,0.0,-0.0885952366266569,-1.205824626435985,rejected,0.0023923203644240177,0.22788511793288707
close_loc q3 & r5_nonews q0,0.0,0.5920257697355463,0.7002752464360913,rejected,0.0,0.48375542744220523
r5_nonews q0 & vol_surge5 q4,0.0,-0.794734513571784,-0.4969126565592396,rejected,0.004366004170399069,0.6192506459015048
dist_ma50 q4 & r5 q1,0.0,-0.7246900519874339,0.5655227304108271,rejected,0.0,0.5717182680729582
gap_today q4 & ind_mom20 q2,0.0,-1.0277285981493305,0.25963611727782016,rejected,0.0,0.7951444738970959
close_loc q2 & r5_nonews q0,0.0,0.4138447821246304,0.8726685056549358,rejected,0.0,0.38284378881254594
frog q0 & mom_12_1 q2,0.0,0.1165257243692531,1.1697589170481295,rejected,0.005628934422894991,0.24209800083489527
dist_ma50 q1 & rel_ind20 q1,0.0,0.22830423523978594,1.057488703351588,rejected,0.0,0.2902886075621585
frog q4 & rel_ind60 q2,0.0,-0.09085598200327218,1.1929062159079116,rejected,0.0,0.23290610457260305
earn_in_week q1 & rel_ind20 q4,0.0,0.12027791289777215,-1.162126257074999,rejected,0.0,0.24518418326170882
range_compress q3 & vol_ratio q4,0.0,0.6601143061055026,-0.6222463838104701,rejected,0.0,0.5337798705698988
days_to_earn q3 & dist_ma50 q1,0.0,-0.7170472574451635,0.5652308653081397,rejected,0.0,0.5719167454058425
gap_today q0 & r5 q4,0.0,0.7225302947167925,0.5588444038686378,rejected,0.009214420760836001,0.5762679150081662
rel_ind20 q2 & vol_surge1 q2,0.0,-1.0709934005844433,0.20896573556269016,rejected,0.0,0.8344749871523675
ev_agreement q2 & overnight20 q4,0.0,0.10321800750719319,-1.1754357121443106,rejected,0.0,0.239820442986867
overnight20 q3 & r5 q4,0.0,0.5058181136103498,-0.7711316957833579,rejected,0.0,0.44062887516810173
dist_ma200 q1 & ev_shelf q2,0.0,0.7771983563717981,-0.49926451977560166,rejected,0.0,0.6175930468095612
dist_52wh q2 & ev_agreement q4,0.0,1.2078496908257412,0.06766622995511093,rejected,0.0037564725316564245,0.9460513322644446
overnight20 q4 & vol_surge5 q3,0.0,0.6315075007071884,-0.6352257598770414,rejected,0.0,0.5252811849371689
close_loc q2 & earn_in_week q4,0.0,0.6859153588391194,0.5807670515405674,rejected,0.00756235756109905,0.561397464103888
days_to_earn q3 & frog q1,0.0,0.6051809248609109,-0.6594767573066855,rejected,0.0,0.5095896665948045
ind_mom20 q1 & max20 q3,0.0,-0.2094969406508853,-1.0477210005103414,rejected,0.0,0.29476716907562356
close_loc q3 & r5_nonews q4,0.0,-1.2543317726117909,0.0025862147184556217,rejected,0.0,0.9979365015055106
days_to_earn q3 & ind_mom20 q3,0.0,0.19775401553741853,-1.05863103947958,rejected,0.0,0.28976784511212067
frog q0 & r1 q0,0.0,-0.3648385456416468,-0.8909913525577323,rejected,0.0,0.3729338094047315
intraday20 q0 & r1 q2,0.0,-0.8827450691589745,0.3710003004770456,rejected,0.0,0.7106373079087478
frog q0 & skew60 q1,0.0,0.8758781187770744,-0.37658070108246955,rejected,0.0,0.7064852319973983
ind_mom60 q3 & vol_surge1 q1,0.0,-0.183856370722688,-1.0679363389103478,rejected,0.0,0.2855492292237518
atr_pct q0 & r5_news q2,0.0,-0.08211808349946842,1.1659983949741848,rejected,0.0,0.2436150944079591
days_since_earn q3 & dist_ma50 q4,0.0,-0.6680321939196187,-0.5755211172248563,rejected,0.008729016220460867,0.5649389130610986
dist_52wh q1 & log_dv q2,0.0,0.9403505029498419,-0.3027758231929605,rejected,0.0,0.7620607094076439
r120 q4 & r5 q2,0.0,-0.3680718950051894,0.868593502316576,rejected,0.0,0.38506950973512233
dist_ma50 q4 & frog q1,0.0,0.9272992133052586,-0.30935889182830634,rejected,0.0,0.7570485372189777
min20 q3 & r5_nonews q4,0.0,0.0903869417930799,-1.1452891780761683,rejected,0.0,0.2520893873727217
r20 q3 & rel_ind20 q4,0.0,0.8288544436234146,-0.4041199089954426,rejected,0.0,0.6861245454079872
r20 q4 & skew60 q1,0.0,-0.6733949879350707,-0.5593300452651185,rejected,0.007768733870932061,0.5759364938782605
ind_mom20 q3 & vol_surge1 q1,0.0,-0.43154442010676275,-0.8005014865752561,rejected,0.0,0.4234203026051661
overnight20 q4 & skew60 q1,0.0,-1.105740434405476,-0.12602346279074453,rejected,0.0,0.8997133520202926
days_to_earn q4 & ins_officer30 q2,0.0,0.5358024013226895,-0.6944831394238027,rejected,0.0,0.48737927089811794
overnight20 q1 & r1 q2,0.0,0.31902967603604815,0.9102708556384813,rejected,0.0,0.36267968460172845
close_loc q1 & r5_news q4,0.0,0.8104354965551059,-0.4181271158520224,rejected,0.0,0.6758541804927162
dist_52wh q1 & rel_ind20 q2,0.0,0.957421203179607,-0.2699792984302517,rejected,0.0,0.787176179890254
close_loc q0 & ins_buyers30 q4,0.0,1.074364892721809,-0.15269310388090143,rejected,0.0,0.8786402992977995
dist_52wh q2 & r1 q0,0.0,-1.0489330732842408,0.17801106426429322,rejected,0.0,0.8587142864944483
ev_agreement q2 & vol_ratio q4,0.0,0.7641839886329596,-0.4612184764472844,rejected,0.0,0.6446418670435976
days_to_earn q4 & ins_buyers30 q2,0.0,0.49699527911618707,-0.7254317003623323,rejected,0.0,0.4681872313397929
days_since_earn q3 & r20 q3,0.0,0.5135240920606451,0.7054432398095778,rejected,0.0,0.4805344430950697
days_to_earn q0 & frog q0,0.0,1.1311922831547143,-0.08498281226020542,rejected,0.0,0.932275055101097
gap_today q0 & r5_news q4,0.0,0.8969571194611827,-0.3176996193951675,rejected,0.0,0.7507127999492922
dist_ma50 q4 & news5 q4,0.0,0.3752695088124532,-0.8370275527629497,rejected,0.0,0.40257708081455196
frog q4 & skew60 q3,0.0,0.2057865296344583,-1.0057672806575038,rejected,0.0,0.3145275299755353
r5_nonews q4 & vol_ratio q2,0.0,-0.3540589491287844,-0.8573583398639393,rejected,0.0,0.3912468756274175
ev_agreement q4 & frog q4,0.0,1.0225634195631716,-0.1872096051632095,rejected,0.0,0.8514962941490104
mom_12_1 q3 & range_compress q4,0.0,0.3217957932600706,0.8874815647871721,rejected,0.0,0.3748196871722089
atr_pct q0 & news5 q2,0.0,-0.3429830647291013,0.8605449407649787,rejected,0.0,0.38948872165962756
atr_pct q0 & close_loc q2,0.0,0.5898003631309094,0.6125793001161417,rejected,0.006184654530118423,0.540154548763298
ind_mom60 q1 & r5_news q4,0.0,-0.19341626732829173,-1.0083586455173605,rejected,0.0,0.31328231840041026
atr_pct q0 & ev_agreement q2,0.0,-0.019047549460538365,1.1808827523407524,rejected,0.0,0.23764930398225165
days_since_earn q0 & ind_mom60 q1,0.0,-0.473670582214767,-0.7262531001517383,rejected,0.0,0.4676836249530889
earn_in_week q4 & r5 q1,0.0,-0.33686363857975765,0.8549592390311737,rejected,0.0,0.3925737136182256
r20 q3 & r5_news q2,0.0,0.42210826865468015,-0.7692631659580783,rejected,0.0,0.44173709888542345
ind_mom60 q3 & r5 q1,0.0,-0.2662469133998601,0.9246356988356415,rejected,0.0,0.35515543710456765
gap_today q4 & news5 q4,0.0,-0.22823242519524337,-0.9620445087050005,rejected,0.0,0.3360272466995078
close_loc q4 & days_since_earn q3,0.0,-0.6323517671634628,-0.5567771729710738,rejected,0.009763295693538707,0.5776796819469538
atr_pct q0 & vol_ratio q4,0.0,0.4885206204301024,0.7000533679911636,rejected,0.0,0.4838939763383813
r20 q1 & r5 q4,0.0,1.1083286069537968,-0.0786693526710129,rejected,0.0,0.9372956229315597
gap_today q0 & rel_ind60 q2,0.0,-1.054847330764466,0.130832388966678,rejected,0.0,0.8959079005179449
frog q3 & max20 q1,0.0,0.11189281133339823,-1.0692001274779426,rejected,0.0,0.2849795013054577
days_to_earn q0 & rel_ind20 q4,0.0,0.5398320417290978,0.6411003883547666,rejected,0.00640547888190587,0.5214574619169442
gap_today q1 & r5_news q4,0.0,1.136262585444919,-0.043805026321055034,rejected,0.0,0.965059820507256
overnight20 q4 & vol_surge1 q4,0.0,0.08238766896740034,-1.0968182776160667,rejected,0.0,0.27272083861136803
frog q0 & rel_ind60 q2,0.0,0.1992499736103998,0.9780466119824855,rejected,0.0,0.32805127095540737
news5 q4 & r20 q3,0.0,-0.10834011188875207,-1.0671692903740337,rejected,0.0,0.28589539723015306
intraday20 q2 & r20 q3,0.0,1.0852692011943421,0.08999916950698551,rejected,0.0026089800562420985,0.9282878747889796
ind_mom20 q3 & skew60 q1,0.0,0.792668255045193,0.37713017191738063,rejected,0.0016547875851339068,0.7060768698800457
ind_mom60 q1 & mom_12_1 q2,0.0,-0.9704130868803073,-0.19888506594548766,rejected,0.009475937023628532,0.8423526518002079
dist_52wh q3 & vol_surge1 q3,0.0,0.8179817324167373,0.3512393930388659,rejected,0.007132606040705277,0.7254087590516073
ev_agreement q2 & vol_ratio q2,0.0,-0.5369305293620831,0.631719547085665,rejected,0.0,0.5275701528376009
close_loc q2 & dist_52wh q1,0.0,-0.09964522308984182,-1.0680368733777788,rejected,0.0,0.2855038791600978
news5 q2 & r20 q4,0.0,0.2916448605208088,-0.8747505289886337,rejected,0.0,0.3817096601909887
earn_in_week q1 & r5 q1,0.0,-0.8768217609201007,-0.2888245135410244,rejected,0.005501406335008026,0.7727156720873616
dist_ma50 q1 & rel_ind20 q4,0.0,-0.6537077607342576,-0.5105274087169974,rejected,0.00810916228729677,0.609682017520145
close_loc q1 & ind_mom20 q3,0.0,0.9211204535683779,0.24266906068565564,rejected,0.00987697247616254,0.8082617771020719
ev_agreement q4 & skew60 q0,0.0,0.5508431836117837,-0.6114156449233583,rejected,0.0,0.5409244479016833
gap_today q1 & vol_surge1 q3,0.0,0.7781534783590174,-0.381444090781317,rejected,0.0,0.7028737498004173
days_to_earn q2 & ind_mom20 q4,0.0,0.9107512936314034,-0.24677003797244979,rejected,0.0,0.805086199722649
ind_mom60 q3 & news5 q2,0.0,0.24326718259209476,-0.9132858630802101,rejected,0.0,0.3610922154913177
dist_ma50 q1 & r5_news q4,0.0,0.11482274908005302,1.0409078042066287,rejected,0.0,0.2979183393564713
r20 q3 & rel_ind60 q2,0.0,0.2519306610315457,0.9034358412221546,rejected,0.0,0.3662946250544458
dist_ma200 q4 & r5_nonews q1,0.0,-0.9402195975855254,0.21382906309435754,rejected,0.0,0.8306803600089099
ind_mom20 q0 & overnight20 q2,0.0,-0.784573170521316,0.36918559417673424,rejected,0.0,0.7119893928076786
min20 q3 & rel_ind20 q2,0.0,-0.02485926147512978,1.1255986500487214,rejected,0.0,0.2603354397653001
days_since_earn q3 & gap_today q4,0.0,0.8226351015809731,-0.32614676303225903,rejected,0.0,0.7443133178508702
days_to_earn q0 & dist_ma50 q4,0.0,0.26251137862211543,0.8846714431891487,rejected,0.0,0.37633386188563867
atr_pct q0 & skew60 q1,0.0,-0.17331876075501548,0.969521806691345,rejected,0.0,0.332284905398899
days_since_earn q3 & r5_news q4,0.0,-0.1551711251090555,0.9855398956018645,rejected,0.0,0.3243589447468501
dist_ma50 q1 & r5 q3,0.0,-0.11544253441939138,-1.024492333618538,rejected,0.0,0.3056027900456735
ind_mom20 q2 & news5 q2,0.0,-0.0740344570093358,1.0523602767876683,rejected,0.0,0.29263428637073063
frog q0 & skew60 q3,0.0,-0.7949306307332232,0.3309292354732156,rejected,0.0,0.7406979382813572
ev_offering q4 & ins_value30 q2,0.0,-0.7639812835635745,-0.3573039109368555,rejected,0.00545478383874465,0.7208643024740362
rel_ind20 q0 & vol_surge5 q2,0.0,1.1183255275917483,0.00043350366461236765,rejected,0.0,0.9996541141297878
close_loc q2 & ind_mom60 q3,0.0,-0.3230644528293922,-0.7954401370672903,rejected,0.0,0.42635752009242694
atr_pct q0 & days_since_earn q3,0.0,0.09752595924924014,1.018541977772452,rejected,0.0,0.30842046225297687
max20 q4 & range_compress q3,0.0,0.32177795423488936,-0.7928814223448652,rejected,0.0,0.42784691203653463
ins_buyers30 q4 & intraday20 q2,0.0,-0.5632065268080186,0.5510369816802624,rejected,0.0,0.5816083235035163
dist_ma50 q4 & r5_news q2,0.0,0.2115240626914646,-0.8992082339489885,rejected,0.0,0.36854175534662414
min20 q3 & news5 q2,0.0,0.13174886875226607,-0.9731615331901976,rejected,0.0,0.3304730256576816
atr_pct q4 & min20 q2,0.0,0.17988721266770952,-0.9249366021554324,rejected,0.0,0.3549988859299046
gap_today q0 & rel_ind20 q2,0.0,0.11844065454956884,0.9805721822757626,rejected,0.0,0.3268037578115241
days_to_earn q3 & ind_mom60 q1,0.0,0.35221888560845854,-0.7461031335310678,rejected,0.0,0.4556051165754717
r20 q3 & vol_surge1 q4,0.0,-0.3131706308841425,-0.7843377875489375,rejected,0.0,0.43284193235717777
frog q4 & r5_news q4,0.0,0.2921818561994201,-0.8041937267935355,rejected,0.0,0.4212851011874324
dist_52wh q1 & frog q1,0.0,-0.7498353587446831,0.34575016356548877,rejected,0.0,0.7295304814498846
dist_ma50 q4 & news5 q2,0.0,0.28648009053609164,-0.8083188637422049,rejected,0.0,0.41890704598617334
days_to_earn q0 & vol_surge1 q3,0.0,0.9265773837462362,-0.16671927566904743,rejected,0.0,0.8675909380177768
earn_in_week q1 & frog q4,0.0,0.31908970712735446,0.773849769541682,rejected,0.0,0.43901963679072264
r5 q4 & vol_surge1 q1,0.0,0.7881480372549498,-0.3039301984267381,rejected,0.0,0.7611810703814382
min20 q1 & r5 q3,0.0,0.8764157844250949,-0.21525763009663074,rejected,0.0,0.8295664615493126
ev_agreement q4 & rel_ind60 q4,0.0,0.6243509686936402,-0.4668417929557591,rejected,0.0,0.6406130723552481
r20 q3 & vol_ratio q4,0.0,0.7605048797117041,0.33049460582163104,rejected,0.007207590616624206,0.7410262678038814
ind_mom60 q1 & r1 q0,0.0,-0.2484044838300658,0.8420767408415514,rejected,0.0,0.39974499951164616
log_dv q2 & r5 q4,0.0,0.5610573189194454,0.5281573566440356,rejected,0.0059680022970361015,0.5973901240543141
close_loc q1 & dist_52wh q1,0.0,0.9427048674487886,0.14417298913442372,rejected,0.00039903178261012004,0.8853638696329404
atr_pct q4 & vol20 q3,0.0,0.9047744412625232,-0.18115656312409695,rejected,0.0,0.8562446880289074
gap_today q0 & overnight20 q4,0.0,0.24705846484135416,0.8336829946021626,rejected,0.0,0.4044596433232319
close_loc q4 & ev_shelf q2,0.0,-0.9899492535881667,0.08754868783331841,rejected,0.0,0.9302353866724387
r5_news q4 & vol_surge1 q2,0.0,0.13549450325413528,-0.9384680907923693,rejected,0.0,0.3480039078766499
dist_52wh q3 & ear_volsurge q3,0.0,0.5875603464481343,0.4850570313047017,rejected,0.002624230457029875,0.6276358908215276
gap_today q4 & vol_surge1 q1,0.0,-0.9776150698408972,0.09370020318763383,rejected,0.0,0.9253473088685323
days_since_earn q3 & news5 q2,0.0,0.263234944101118,0.8073570697178586,rejected,0.0,0.419460792961707
news5 q4 & vol_surge1 q2,0.0,-0.48900190174050573,-0.5795223270657027,rejected,0.005989637259239526,0.5622367858775028
ind_mom20 q3 & range_compress q4,0.0,0.31254489713553246,0.751464110928827,rejected,0.0,0.45237339182371217
earn_in_week q4 & ind_mom20 q2,0.0,0.9798774851686218,0.08257443588504344,rejected,0.004520890505408265,0.9341899290465894
dist_52wh q2 & r60 q4,0.0,-0.6131041036056237,0.4462334829775728,rejected,0.0,0.6554285989309061
days_to_earn q3 & ind_mom20 q2,0.0,-0.44144186755608444,-0.616828246452837,rejected,0.0073543152297369805,0.5373480187590174
rel_ind20 q2 & vol_surge1 q4,0.0,-0.31771893659193834,0.7398245404565429,rejected,0.0,0.4594064663314864
r5_nonews q0 & vol_surge1 q3,0.0,-0.3414244761549253,-0.7150005946579523,rejected,0.0,0.47460867583151356
close_loc q2 & days_since_earn q0,0.0,-0.9836171009911996,-0.0713986953756379,rejected,0.003893327842452637,0.9430804479009715
days_to_earn q4 & vol_ratio q1,0.0,0.529144284367125,0.5258648410354398,rejected,0.009209770727090082,0.5989821189380999
ind_mom20 q2 & news5 q1,0.0,-0.39031888940801057,0.661564332531739,rejected,0.0,0.508250472430812
ev_agreement q4 & gap_today q4,0.0,-0.3513061959933165,-0.699351698646142,rejected,0.0,0.4843322655942317
ind_mom20 q2 & r5_nonews q0,0.0,-0.06301421139634597,0.9872462741415047,rejected,0.0,0.32352192172457345
atr_pct q0 & earn_in_week q1,0.0,-0.9616544338425845,-0.0871206632275627,rejected,0.00384804792712926,0.9305756009512915
days_to_earn q0 & ev_agreement q4,0.0,0.33907752431912574,-0.7092992357160239,rejected,0.0,0.4781388026149604
ear_volsurge q3 & log_dv q2,0.0,1.0010532673561607,-0.04571426724839028,rejected,0.0,0.963537992078475
ind_mom60 q3 & rel_ind20 q2,0.0,-0.9816405246301431,0.05916597973764158,rejected,0.0,0.952819906389835
earn_in_week q1 & vol_ratio q2,0.0,-0.8201714830137172,-0.2203297100589839,rejected,0.008647681974446849,0.8256143833483592
frog q1 & vol_surge1 q2,0.0,0.49330274232359494,0.545919705556087,rejected,0.007201505834910722,0.585121132243374
ev_agreement q2 & r5_news q4,0.0,0.37999855138989375,-0.6564997746958797,rejected,0.0,0.5115026124753494
days_to_earn q4 & intraday20 q3,0.0,-0.17923743847263618,-0.8549371513919728,rejected,0.0,0.3925859419872103
r5 q2 & rel_ind20 q4,0.0,0.37443702546318397,-0.6595278982601226,rejected,0.0,0.5095568372556998
log_dv q0 & news5 q2,0.0,-0.4294512300571766,-0.600286437031867,rejected,0.008942518293738835,0.548315356173305
frog q0 & r5 q1,0.0,-0.4574917092594493,-0.5710330867369685,rejected,0.006219469789988149,0.5679772148202928
days_since_earn q3 & vol_surge1 q1,0.0,0.9952898519578075,0.03157545813403678,rejected,0.000675150994153818,0.9748106152003367
ev_offering q2 & rel_ind20 q3,0.0,-0.12111048038945585,-0.9023423542696549,rejected,0.0,0.3668750329850275
dist_52wh q2 & r5_nonews q4,0.0,-0.7481490090200216,-0.2750164527322041,rejected,0.0029759505491445716,0.7833035980664009
min20 q1 & news5 q4,0.0,0.47061662440768115,-0.5508400210321733,rejected,0.0,0.5817433466181084
r20 q3 & skew60 q1,0.0,0.4498288756228276,0.5686731013761345,rejected,0.005988433057472292,0.5695780054203294
ins_value30 q2 & r1 q2,0.0,-0.6426179699300945,0.3753147766882655,rejected,0.0,0.7074263778448331
dist_ma200 q1 & rel_ind60 q1,0.0,0.486412931224923,-0.526899223941946,rejected,0.0,0.5982635728162251
ev_agreement q4 & r5_nonews q4,0.0,0.2873134898871735,-0.7243215448280601,rejected,0.0,0.46886835302037005
log_dv q0 & skew60 q1,0.0,-0.048791554050506405,0.9608491170451225,rejected,0.0,0.3366280381170982
r5_news q2 & range_compress q0,0.0,-0.6091904501458794,-0.3999090308672735,rejected,0.008061095573385116,0.6892235204288495
frog q1 & rel_ind20 q1,0.0,-0.6559069142480037,0.3522857079367055,rejected,0.0,0.7246240054303092
dist_ma200 q4 & vol_surge1 q2,0.0,-0.15580670061273746,0.8506976462267805,rejected,0.0,0.3949373310436639
frog q0 & rel_ind20 q4,0.0,0.38174090616977435,-0.6229342449383556,rejected,0.0,0.5333277331074489
dist_52wh q3 & r60 q2,0.0,-0.9913920831413238,0.012046026269543604,rejected,0.0,0.9903888940604569
ind_mom20 q0 & vol_surge5 q3,0.0,0.7049300687520983,0.2967972425875058,rejected,0.003963447292157686,0.766621310767917
gap_today q1 & r5 q1,0.0,0.5102090214467797,0.49080692173495133,rejected,0.003565750033012554,0.6235630139820307
min20 q3 & r5_news q2,0.0,0.41916202573198863,-0.5795869960033012,rejected,0.0,0.5621931644785481
close_loc q2 & ind_mom60 q1,0.0,0.8205435118314318,-0.17704931026208556,rejected,0.0,0.8594696573509688
r5_nonews q4 & vol_surge5 q4,0.0,-0.03905185945208769,-0.9582446272461332,rejected,0.0,0.33793941852189857
days_since_earn q4 & rel_ind20 q2,0.0,-0.15616983793435574,0.8391577923310908,rejected,0.0,0.401380768954729
dist_52wh q1 & gap_today q1,0.0,0.32973456226462616,-0.6653800822562687,rejected,0.0,0.5058074211368158
days_since_earn q1 & r5_news q2,0.0,-0.14268049383220296,-0.8520173088641375,rejected,0.0,0.39420448528481433
ind_mom20 q2 & min20 q3,0.0,0.7569752817286738,0.2375215267274305,rejected,0.00904506853075991,0.8122522210459961
max20 q2 & vol_ratio q0,0.0,0.23659195713288164,0.7543759883945028,rejected,0.0,0.45062348552291026
overnight20 q4 & r5 q1,0.0,0.1678464255957918,0.822183674571295,rejected,0.0,0.41097236872418696
gap_today q4 & r1 q4,0.0,-0.013645945957169494,-0.9763154587044729,rejected,0.0,0.3289081616394194
rel_ind20 q2 & vol_surge1 q3,0.0,0.46799255841214393,-0.5202557004257551,rejected,0.0,0.6028853675759791
ev_agreement q2 & news5 q4,0.0,-0.46501341669832846,-0.5218289063837502,rejected,0.010358499910886155,0.6017894613988966
gap_today q0 & vol_surge1 q4,0.0,0.29713777015524545,-0.6860388756816908,rejected,0.0,0.4926885938691127
close_loc q2 & ev_agreement q4,0.0,0.43159386354610346,-0.550659810479122,rejected,0.0,0.5818668998163129
days_since_earn q0 & ear_volsurge q3,0.0,0.5993041494130876,-0.379983395444391,rejected,0.0,0.7039577408810185
r5 q4 & vol_surge1 q3,0.0,0.46026540507497576,-0.5173013021684362,rejected,0.0,0.6049458451944223
ear q0 & ind_mom60 q0,0.0,0.902746645674648,0.07121595822110219,rejected,0.004281035012148425,0.9432258808406788
atr_pct q1 & dist_52wh q2,0.0,-0.871574759670044,0.1022867980719453,rejected,0.0,0.9185290339559102
earn_in_week q1 & min20 q4,0.0,-0.9379482415527981,-0.03473003626202551,rejected,0.002507648174674882,0.9722950098953412
days_since_earn q3 & vol_ratio q2,0.0,-0.3642169501284494,0.6083069393466594,rejected,0.0,0.5429839194560769
ear q4 & intraday20 q3,0.0,0.6651672656907698,0.30270727885786314,rejected,0.003652714085152106,0.7621129501757059
days_since_earn q1 & news5 q2,0.0,-0.44867953354354195,-0.5190203982901538,rejected,0.011149812829098146,0.6037465166354685
close_loc q2 & days_since_earn q3,0.0,0.5421278902281544,0.42417694020753843,rejected,0.004842118710621036,0.6714367768296654
frog q4 & gap_today q4,0.0,-0.5399388543456302,-0.4226286697190234,rejected,0.005373349514528401,0.6725662057128408
close_loc q1 & news5 q4,0.0,0.14810143123013564,-0.8138859169758567,rejected,0.0,0.4157103092061321
close_loc q1 & earn_in_week q1,0.0,0.44976643090639173,0.5052619509612357,rejected,0.008034407738152812,0.6133748632901552
frog q1 & vol_surge5 q4,0.0,0.42679170396937494,0.528120551193647,rejected,0.00611678239560956,0.5974156677160416
ev_agreement q4 & ind_mom20 q2,0.0,0.6253629284665039,-0.32927076939697175,rejected,0.0,0.7419510360044277
days_since_earn q3 & ind_mom20 q3,0.0,-0.2812189356020513,0.673161996177786,rejected,0.0,0.5008442359686738
ind_mom60 q1 & news5 q4,0.0,-0.4028458226669635,-0.547629750899588,rejected,0.008245208822043618,0.583946156918752
dist_52wh q1 & r20 q4,0.0,0.5555935547205749,-0.3926858600137195,rejected,0.0,0.6945515155370461
dist_ma50 q1 & r20 q3,0.0,-0.7090374149225145,-0.23899677753651552,rejected,0.008376233914073099,0.8111080815009797
log_dv q2 & news5 q1,0.0,0.9115911474645094,0.0358911625166957,rejected,0.003763310051726251,0.9713691426189832
atr_pct q0 & rel_ind20 q2,0.0,-0.4533254508265562,0.49305379849491004,rejected,0.0,0.6219745747905574
close_loc q3 & ear q3,0.0,-0.6948478718072829,0.2501300085465886,rejected,0.0,0.8024868099485503
atr_pct q0 & r5 q1,0.0,0.15276253090698777,0.7919836175388288,rejected,0.0,0.4283702286524161
ind_mom20 q3 & r5_news q2,0.0,-0.002226339263678021,-0.9405758229635004,rejected,0.0,0.34692227649392515
max20 q0 & vol_surge5 q2,0.0,-0.058972269947272705,0.8808264633522401,rejected,0.0,0.37841175408264976
close_loc q2 & news5 q4,0.0,-0.4292092621771737,-0.5091674686304068,rejected,0.005808677286638684,0.6106348435230852
earn_in_week q1 & rel_ind20 q2,0.0,-0.7963699271241697,-0.14186572271635256,rejected,0.0,0.8871860697326113
frog q0 & rel_ind20 q2,0.0,-0.31148074572539325,0.6243140947078064,rejected,0.0,0.5324213292587969
news5 q2 & r1 q4,0.0,-0.48474043932719774,-0.44913861613259387,rejected,0.0018616287133467698,0.6533316651100833
earn_in_week q1 & range_compress q0,0.0,0.15236578338033374,-0.7786068688550364,rejected,0.0,0.43621133160297804
atr_pct q0 & news5 q4,0.0,0.3109780726509749,-0.6178182414528288,rejected,0.0,0.536695157577516
ind_mom20 q3 & r5_nonews q4,0.0,-0.59863080635985,-0.3296768937755891,rejected,0.006640710730665173,0.7416441146309485
ev_agreement q2 & ind_mom20 q3,0.0,-0.19045857409249148,-0.7347932996379608,rejected,0.0,0.4624653883779954
atr_pct q1 & dist_ma200 q0,0.0,0.8588824858726555,0.06576095202742882,rejected,0.004836421400609418,0.9475681446785607
ins_opportunistic30 q2 & overnight20 q2,0.0,0.05488266386873399,0.8674962393931809,rejected,0.0,0.38567017138207793
earn_in_week q4 & vol20 q3,0.0,0.7873440378053896,-0.13462849905342347,rejected,0.0,0.892905607748769
ind_mom20 q2 & rel_ind20 q4,0.0,0.46967347356254896,-0.4521156696391572,rejected,0.0,0.6511856557683398
overnight20 q4 & rel_ind60 q4,0.0,0.3696175569220346,-0.5513353680113348,rejected,0.0,0.5814037976061437
ins_officer30 q2 & vol_surge5 q1,0.0,0.7104947988938476,-0.2101345093050833,rejected,0.0,0.8335626921906008
log_dv q2 & rel_ind20 q1,0.0,-0.47634609654473015,0.4442051832016929,rejected,0.0,0.6568942451874185
r5_nonews q0 & range_compress q0,0.0,-0.09055189159981668,0.8258459619427719,rejected,0.0,0.4088914777089453
frog q1 & r5_nonews q4,0.0,0.6803248811550626,0.23168595148831989,rejected,0.007653402812487219,0.8167819436145158
ear_volsurge q1 & max20 q1,0.0,-0.47814244729535865,0.4330029487364248,rejected,0.0,0.6650126276106774
ind_mom60 q4 & rel_ind20 q1,0.0,-0.7729569657434756,0.1377844918485286,rejected,0.0,0.8904107411623358
frog q4 & vol20 q1,0.0,-0.057766022292029796,0.8525831222856038,rejected,0.0,0.3938905254086655
ear_volsurge q4 & vol_surge5 q3,0.0,-0.4722048644328521,-0.4376689923829289,rejected,0.0052611969773282774,0.6616262502115308
gap_today q0 & r5_nonews q4,0.0,0.12298481550521097,0.7858374646187708,rejected,0.0,0.43196271477727904
log_dv q0 & r5_news q2,0.0,-0.47475435113337244,-0.4334698929410879,rejected,0.005419105847587623,0.6646734338477203
overnight20 q4 & r5 q2,0.0,0.2401001420266486,0.6634836026363081,rejected,0.0,0.507020877836023
dist_52wh q1 & range_compress q0,0.0,-0.10855515831083837,-0.7925562709448509,rejected,0.0,0.42803639478454597
gap_today q4 & vol_ratio q2,0.0,-0.7831366218933683,0.11745361812370994,rejected,0.0,0.9065005969405593
ind_mom60 q1 & r5 q3,0.0,0.647826657565951,-0.25234421718480765,rejected,0.0,0.8007750133211673
dist_52wh q4 & ear_volsurge q2,0.0,-0.29271894016899613,0.6073497321116637,rejected,0.0,0.5436188406549509
ind_mom20 q1 & r5_nonews q0,0.0,-0.3905095437775686,0.5077669506718134,rejected,0.0,0.6116167897545219
days_since_earn q3 & ev_agreement q4,0.0,0.42123893957246816,0.4729977219570519,rejected,0.003939762670533682,0.6362148044281595
r5_nonews q4 & vol_surge1 q1,0.0,0.3356129963386376,-0.5577853519940855,rejected,0.0,0.5769909663216162
frog q4 & vol_surge1 q1,0.0,0.547189678949193,0.34609121504287865,rejected,0.004397996615681604,0.7292741653347584
ear q0 & r5_news q4,0.0,-0.2035752039232513,0.688638502561561,rejected,0.0,0.4910507851704854
dist_ma50 q3 & log_dv q3,0.0,0.6028576027909088,0.2887313874218774,rejected,0.005434149441838089,0.7727869414821025
dist_ma200 q0 & r5_news q4,0.0,0.2281531879692269,0.6633652019652242,rejected,0.0,0.5070966868397759
ev_agreement q2 & ind_mom60 q3,0.0,0.20996979357591652,-0.6813790300203785,rejected,0.0,0.4956316882169587
dist_52wh q3 & gap_today q3,0.0,0.5683388784239972,0.3223789706413937,rejected,0.004419104408713388,0.7471656135310789
dist_52wh q1 & min20 q1,0.0,0.6383333471288087,-0.24456480003171968,rejected,0.0,0.8067934219637115
close_loc q1 & gap_today q1,0.0,0.6119698732418083,-0.26547094082076556,rejected,0.0,0.7906466928571515
mom_12_1 q3 & r1 q4,0.0,0.22177745412735395,-0.6551928091599653,rejected,0.0,0.5123436235025575
gap_today q4 & log_dv q0,0.0,0.7681914799114009,-0.1082622163807758,rejected,0.0,0.9137876933669861
gap_today q1 & ind_mom60 q1,0.0,0.8604479040336758,-0.014575085729647023,rejected,0.0,0.9883711758499679
log_dv q2 & r5_nonews q4,0.0,-0.3961039633166859,0.4788748883494561,rejected,0.0,0.6320276365113049
gap_today q0 & rel_ind20 q4,0.0,0.8524208306680172,0.022215705716619075,rejected,0.0,0.9822758893324763
news5 q4 & r5 q1,0.0,-0.3970202846044646,-0.4774517897260835,rejected,0.0026991288080490702,0.6330404429363465
dist_ma200 q1 & max20 q2,0.0,0.7183784253729094,0.1520106481937512,rejected,0.0025400292966181338,0.8791785372103409
overnight20 q2 & r5 q3,0.0,-0.16297406678117346,0.7072265735796553,rejected,0.0,0.4794256871707269
atr_pct q4 & max20 q1,0.0,-0.8666682826370841,-0.002945175632071711,rejected,0.0,0.9976500932315229
min20 q2 & vol_ratio q1,0.0,0.5144074375162174,-0.35451929748618805,rejected,0.0,0.7229497446280579
news5 q4 & r20 q4,0.0,-0.13822980252032155,-0.723086673097245,rejected,0.0,0.46962663640976565
log_dv q2 & rel_ind20 q0,0.0,0.6533134425013344,0.20582463887533742,rejected,0.009442148067262426,0.8369278942081118
mom_12_1 q2 & vol_surge1 q3,0.0,-0.3787036353117776,-0.4802252886059349,rejected,0.0013940514227782455,0.631067206839683
r20 q1 & r5 q3,0.0,-0.44799015684172205,0.40930641197297807,rejected,0.0,0.6823148105925851
close_loc q3 & rel_ind20 q2,0.0,0.06492910346752868,0.7890094116712925,rejected,0.0,0.4301065057247404
ind_mom60 q3 & r5_news q2,0.0,0.15267883142677763,-0.7010470799755417,rejected,0.0,0.48327363446871213
ev_agreement q4 & overnight20 q4,0.0,0.5265247817563888,-0.3255674376783652,rejected,0.0,0.7447516519721359
news5 q4 & vol_surge1 q3,0.0,-0.47551251566169533,-0.3758662426629192,rejected,0.003442918615402212,0.7070163378670313
ear_volsurge q0 & ind_mom20 q4,0.0,-0.5761571232411686,0.2735866220621911,rejected,0.0,0.784402315935615
earn_in_week q1 & r5 q3,0.0,0.07910383182326516,0.7696708925335871,rejected,0.0,0.44149514051660954
days_since_earn q3 & rel_ind20 q4,0.0,-0.34812788557329544,-0.5001377513685625,rejected,0.004909668553492168,0.6169780858313307
close_loc q3 & gap_today q4,0.0,0.1712358643584569,0.6747874689364045,rejected,0.0,0.49981080291775015
earn_in_week q1 & vol_surge1 q1,0.0,-0.4453695676761864,0.39938272044342527,rejected,0.0,0.6896112241422909
news5 q4 & vol_surge1 q4,0.0,0.4412244960407263,-0.4007933445625833,rejected,0.0,0.6885722793191251
intraday20 q2 & r1 q1,0.0,0.8042294713356136,0.03525018344167622,rejected,0.0024755845287138933,0.9718802464727981
log_dv q1 & mom_12_1 q2,0.0,0.6747161124396245,-0.16170422911368923,rejected,0.0,0.8715387740247307
overnight20 q4 & rel_ind20 q2,0.0,-0.1703634058767758,-0.6660375911360669,rejected,0.0,0.5053870732043134
dist_ma200 q2 & rel_ind20 q1,0.0,0.23875813766736736,0.595956996096057,rejected,0.007598339422253849,0.5512039556409514
rel_ind20 q4 & skew60 q1,0.0,-0.3964662419376749,-0.42927405565283816,rejected,0.004162852330412143,0.6677237952378412
ind_mom60 q3 & r60 q0,0.0,0.5465333261689795,-0.2775132868710834,rejected,0.0,0.7813860048756409
gap_today q4 & vol_surge1 q2,0.0,-0.15124715930134286,-0.671439389215501,rejected,0.0,0.5019406592153932
r5_nonews q0 & skew60 q1,0.0,0.6605777712802993,0.15816666813693217,rejected,0.004615496226080905,0.8743254680762087
ear_volsurge q0 & skew60 q0,0.0,-0.22196558964419888,0.5965067502995786,rejected,0.0,0.5508367457143614
days_to_earn q0 & ind_mom20 q3,0.0,-0.13406144581994095,0.6823341918948135,rejected,0.0,0.4950276573890569
ind_mom60 q1 & r1 q4,0.0,-0.4959023173403414,0.31986796080569524,rejected,0.0,0.7490684264382872
close_loc q2 & rel_ind60 q2,0.0,0.6385675217331812,0.1747520991955888,rejected,0.003605796729972898,0.8612744283487407
ins_opportunistic30 q2 & r60 q1,0.0,0.628948394920178,0.18422165953399683,rejected,0.00457399402250797,0.8538395684163556
frog q1 & r20 q4,0.0,0.7973486044563709,0.014368193482837119,rejected,0.0,0.9885362346942471
dist_52wh q1 & frog q4,0.0,0.28816972495243043,-0.5218051283938371,rejected,0.0,0.6018060186229741
ind_mom20 q3 & rel_ind20 q2,0.0,-0.11633477228711205,-0.693114652526435,rejected,0.0,0.4882376030146905
ind_mom20 q3 & r5_nonews q0,0.0,0.40417993272674396,0.40056601876040965,rejected,0.007931523615824825,0.6887396683755743
atr_pct q0 & gap_today q0,0.0,-0.4343040751356934,0.3684441613034041,rejected,0.0,0.7125420738454044
dist_ma50 q4 & vol_surge1 q2,0.0,0.08045341193190529,-0.7208507826790769,rejected,0.0,0.4710013269879159
gap_today q3 & ins_value30 q2,0.0,0.6990695927143619,0.10000556379098041,rejected,0.003844210840670071,0.9203399083251642
days_to_earn q1 & ind_mom20 q0,0.0,0.4793935449607777,-0.31965634979651814,rejected,0.0,0.7492288527074049
days_since_earn q3 & vol_surge1 q4,0.0,-0.23135279430482883,0.565539070461995,rejected,0.0,0.5717071572989543
r5_news q4 & r5_nonews q2,0.0,0.19661185717074506,-0.5998021433029554,rejected,0.0,0.5486381047651014
r5 q4 & skew60 q1,0.0,-0.6283297957200915,0.16770328605489981,rejected,0.0,0.8668167109083054
range_compress q0 & vol_surge1 q1,0.0,-0.6424060812579527,0.14724448959246672,rejected,0.0,0.8829390456558257
r20 q3 & rel_ind20 q2,0.0,0.27739870545988543,-0.5118343738019049,rejected,0.0,0.6087669309780445
r60 q4 & range_compress q1,0.0,-0.478948267729177,-0.30895179867694783,rejected,0.0033666378670222465,0.7573581932672286
earn_in_week q1 & ind_mom60 q1,0.0,0.7770708445641513,0.010654543894276414,rejected,0.00015652727552431224,0.9914990647613756
news5 q4 & r20 q1,0.0,0.7117935073164285,0.07543059021026047,rejected,0.005291501366417416,0.9398721210644504
vol20 q1 & vol_surge5 q0,0.0,0.2787764558675693,-0.5065022993656805,rejected,0.0,0.6125040759179894
rel_ind60 q2 & vol_surge1 q3,0.0,0.25928816293325585,0.5251047188966462,rejected,0.008882468799911895,0.5995103958667272
ev_agreement q4 & r5_nonews q0,0.0,0.5766891661280261,-0.20470886693057838,rejected,0.0,0.8377995923088638
frog q4 & news5 q4,0.0,-0.4848204472291429,-0.2939238036711573,rejected,0.0034151597881247227,0.7688161283900092
frog q1 & r5 q3,0.0,0.22539997500629952,-0.5517043668283306,rejected,0.0,0.5811509176234704
r5_nonews q4 & skew60 q1,0.0,-0.391534167705348,-0.3851817125652731,rejected,0.0,0.7001027913175838
dist_ma50 q4 & skew60 q1,0.0,0.21406182763542433,-0.5581090536421854,rejected,0.0,0.5767699186568045
gap_today q1 & news5 q4,0.0,0.7150319253639857,-0.05621933050702362,rejected,0.0,0.9551670819976184
gap_today q1 & ind_mom20 q2,0.0,-0.6009835275095158,-0.16936222634753148,rejected,0.00584057912085097,0.8655117332617239
mom_12_1 q2 & r5 q4,0.0,-0.5069380184480583,0.26307605525493427,rejected,0.0,0.7924919592131362
atr_pct q0 & r5_nonews q4,0.0,-0.011916742950052376,0.7570435711715154,rejected,0.0,0.44902375911438874
frog q1 & range_compress q0,0.0,-0.211505988567225,0.5551669796090073,rejected,0.0,0.5787804524262725
earn_in_week q1 & gap_today q1,0.0,0.007789711330283139,-0.7574959785637454,rejected,0.0,0.44875277424904153
dist_ma50 q4 & vol_ratio q3,0.0,-0.023040603363826465,-0.7377769880016347,rejected,0.0,0.46064997933180346
r20 q4 & r5_nonews q0,0.0,0.4533229035829644,-0.30584857952615546,rejected,0.0,0.7597199385074919
max20 q3 & vol20 q1,0.0,-0.14458587375026222,-0.6102711101741114,rejected,0.005981420720498533,0.5416822310783198
atr_pct q0 & frog q1,0.0,-0.14497917550047631,0.6096804306384347,rejected,0.0,0.542073520324875
close_loc q3 & rel_ind20 q4,0.0,-0.29660809173705477,0.45728625636877424,rejected,0.0,0.6474653068830014
atr_pct q2 & ind_mom60 q4,0.0,0.467736657306922,0.28574384409452036,rejected,0.005681849468994692,0.7750743213550414
skew60 q1 & vol_surge5 q4,0.0,-0.6732646876056853,-0.07651089237404837,rejected,0.005364675492196585,0.9390126485167071
gap_today q1 & r5_nonews q0,0.0,0.42964620586913893,-0.31822120835821577,rejected,0.0,0.7503171463515107
days_to_earn q2 & max20 q2,0.0,0.4126656995117584,0.3322821572740788,rejected,0.005912539823175866,0.7396762116610303
frog q0 & vol_surge5 q4,0.0,0.04894416655133804,-0.6947795586904195,rejected,0.0,0.4871934604267062
atr_pct q2 & ear_volsurge q0,0.0,0.4011552626784055,0.3379128172273854,rejected,0.003884765000377884,0.7354288883820159
ev_agreement q4 & rel_ind60 q2,0.0,0.5816263991287198,-0.15721040330113553,rejected,0.0,0.8750790296054353
news5 q2 & vol_ratio q2,0.0,-0.6494063117563067,0.08917424263898666,rejected,0.0,0.9289434352056772
news5 q2 & range_compress q0,0.0,-0.29239193756534476,-0.44583719381703807,rejected,0.003576538659655587,0.6557148527878223
dist_52wh q2 & overnight20 q4,0.0,-0.5419780506914438,0.1958860046778667,rejected,0.0,0.8446993917070676
frog q4 & r5 q4,0.0,0.16375248562490707,-0.5741039870458554,rejected,0.0,0.5658974354890224
ev_agreement q2 & r20 q4,0.0,-0.0039257338207551425,-0.7332099224548211,rejected,0.0,0.4634304044144179
ev_red_flag q2 & ins_officer30 q4,0.0,-0.22232353241349054,-0.5129999719529703,rejected,0.00770520264799962,0.6079513403117107
close_loc q4 & ind_mom20 q0,0.0,-0.5923194045599418,-0.13742569039536476,rejected,0.0004947688656935857,0.8906943256915628
r5_nonews q4 & vol_surge1 q3,0.0,0.3754197575521789,-0.3532816476915025,rejected,0.0,0.7238773026525309
r5_nonews q4 & rel_ind20 q2,0.0,0.712646672676264,-0.015416375904424816,rejected,0.0,0.9876999988968239
dist_52wh q2 & gap_today q4,0.0,0.33936953451059065,0.38442018697296626,rejected,0.00079620697440411,0.7006670408126525
min20 q1 & skew60 q1,0.0,0.5459394865984633,0.17761671091473388,rejected,0.003846927362316607,0.8590239998113619
dist_ma50 q1 & vol_ratio q0,0.0,-0.33449247244931923,0.3875979216791745,rejected,0.0,0.6983136071831566
r20 q1 & r5_news q4,0.0,0.3380029010132995,0.3815783324818746,rejected,0.00118376455379412,0.7027741584661864
ind_mom60 q1 & vol_surge1 q2,0.0,0.3352437409423811,0.3841473421308029,rejected,0.001261622849335127,0.7008692443758864
close_loc q4 & skew60 q0,0.0,-0.14124223798451932,-0.5767339594037953,rejected,0.006102719135327462,0.5641191880525065
intraday20 q1 & r1 q0,0.0,0.6289944707909125,-0.08692918517884252,rejected,0.0,0.9307278009064919
days_since_earn q0 & vol_surge1 q1,0.0,0.28935114297693315,0.4190310251400616,rejected,0.005357748584032605,0.6751934583381622
earn_in_week q1 & mom_12_1 q2,0.0,-0.625319474227736,-0.08196441910950496,rejected,0.004843924943698106,0.934675007656589
frog q0 & ind_mom60 q1,0.0,0.3534536454011099,-0.35333240874293775,rejected,0.0,0.7238392517396492
dist_ma50 q0 & max20 q0,0.0,-0.27923093694980033,-0.4204640076953143,rejected,0.0050270914515901126,0.6741465173544241
frog q1 & skew60 q1,0.0,-0.22331807101535206,0.4751374181659602,rejected,0.0,0.6346890296543053
ind_mom20 q2 & r5_nonews q4,0.0,-0.6366501348904503,0.06150473907307998,rejected,0.0,0.9509572403192458
gap_today q3 & rel_ind60 q0,0.0,0.36207660787704404,-0.33434262647406665,rejected,0.0,0.7381210280155063
ear_volsurge q4 & earn_in_week q1,0.0,0.2097987866355438,0.48012212588509345,rejected,0.0017196354286795374,0.6311405561284474
days_to_earn q3 & ev_agreement q4,0.0,0.5891460030259904,-0.1006648289641357,rejected,0.0,0.9198165319277383
r5_nonews q4 & vol_surge5 q2,0.0,-0.39079196777522135,-0.29814731543047424,rejected,0.0025032679799760187,0.7655907302547528
days_to_earn q0 & vol_surge1 q4,0.0,0.1503828020824484,-0.5385560541776353,rejected,0.0,0.5901932174381681
frog q4 & r20 q0,0.0,-0.10933673172533498,0.5780984443104085,rejected,0.0,0.5631976573088557
range_compress q1 & skew60 q0,0.0,-0.14071463156272523,0.5453891182693013,rejected,0.0,0.5854859229387732
ins_opportunistic30 q2 & range_compress q2,0.0,-0.22649387335727242,0.45933651186065894,rejected,0.0,0.6459925320511297
dist_52wh q1 & rel_ind60 q2,0.0,0.6602452945684256,0.025022961879513573,rejected,0.0,0.9800366484100274
ind_mom20 q3 & r5 q4,0.0,-0.4378949983643721,-0.24631955795232194,rejected,0.00880788592636669,0.8054348712150292
ind_mom60 q0 & range_compress q3,0.0,-0.20558943890375722,0.47803689490559337,rejected,0.0,0.6326239454471938
dist_ma50 q1 & ind_mom20 q3,0.0,-0.6376042672062703,0.04432893374730163,rejected,0.0,0.9646422085423214
dist_ma50 q0 & vol_ratio q4,0.0,-0.443339263642316,0.23578945494101433,rejected,0.0,0.8135960512194584
gap_today q4 & r5 q3,0.0,-0.35880295707332704,-0.31944653492683844,rejected,0.00453533243551436,0.7493879280038225
ind_mom20 q2 & news5 q4,0.0,-0.0990966523635366,0.5770519478701818,rejected,0.0,0.563904363638062
r1 q4 & vol_surge1 q1,0.0,-0.6697847176976888,0.0049690532680739365,rejected,0.0,0.9960352854313888
r5_news q4 & skew60 q1,0.0,0.042348980916068854,0.6312095434913985,rejected,0.006214204986215702,0.5279035227355466
days_since_earn q0 & ev_agreement q2,0.0,0.27808190594465465,-0.39497061680003837,rejected,0.0,0.6928645730648371
days_to_earn q3 & r5 q1,0.0,-0.3776456063347007,0.29270861085394134,rejected,0.0,0.769744887526026
news5 q2 & r5_nonews q4,0.0,0.3527437051234594,-0.31720374835563775,rejected,0.0,0.7510890059036255
gap_today q1 & r20 q1,0.0,0.6144534296851082,0.04887913385888627,rejected,0.002688955896656635,0.9610156177506393
dist_ma50 q1 & earn_in_week q1,0.0,-0.21333671013899666,-0.44921257624664757,rejected,0.001130914071410997,0.6532783161098562
days_to_earn q3 & dist_ma200 q0,0.0,-0.5835547432747651,-0.07795360477048824,rejected,0.005305868761084516,0.9378649586602724
days_to_earn q4 & rel_ind20 q3,0.0,0.6191596680078693,0.04118852418474194,rejected,0.0024574197118492854,0.9671456022842553
r5 q1 & rel_ind20 q4,0.0,0.2448593438631177,-0.41038704595914033,rejected,0.0,0.6815220473575594
days_since_earn q1 & r5 q1,0.0,0.1656990984765019,0.487083730909,rejected,0.002666126019379043,0.6261989951997612
dist_ma50 q4 & r5_nonews q0,0.0,0.4570188944459278,0.1956378228831869,rejected,0.006779453083311488,0.8448936539088528
frog q0 & log_dv q2,0.0,-0.5200510838585571,-0.12894166161752224,rejected,0.0,0.8974038106073917
r20 q1 & r5_nonews q4,0.0,0.611575773278412,0.03724564223223605,rejected,0.002083533322764148,0.9702891466012848
days_to_earn q2 & gap_today q0,0.0,-0.3312951765104169,0.31598198678698847,rejected,0.0,0.7520161806678952
atr_pct q0 & r5_nonews q0,0.0,0.27257580579117613,-0.3729624918036194,rejected,0.0,0.7091763602564565
days_to_earn q0 & gap_today q1,0.0,-0.0989265502012281,-0.5418784343831875,rejected,0.0062046179554103836,0.5879022540065613
days_to_earn q3 & rel_ind20 q2,0.0,0.5506030904763578,-0.08840976075002166,rejected,0.0,0.9295510037192886
ind_mom60 q1 & r20 q3,0.0,0.16431543508820984,-0.47424067029659706,rejected,0.0,0.6353282942954244
earn_in_week q4 & overnight20 q3,0.0,-0.08443485966566928,0.552949687730764,rejected,0.0,0.5802978621672237
dist_ma50 q4 & frog q4,0.0,0.3736825483421878,0.2631065501299782,rejected,0.004130259095448615,0.7924684554916742
ind_mom60 q1 & vol_surge1 q3,0.0,0.1541206792969623,0.47813875876921597,rejected,0.001425151335771974,0.632551447234186
frog q0 & overnight20 q3,0.0,0.5152376538774712,-0.11330144806016579,rejected,0.0,0.909791569248502
news5 q4 & vol_surge1 q1,0.0,0.2727861508836366,-0.35405130207804025,rejected,0.0,0.7233004365373716
dist_ma50 q0 & mom_12_1 q3,0.0,0.5055310951254107,0.12130502308892331,rejected,0.0003147562077259526,0.9034494415521024
days_since_earn q1 & frog q0,0.0,-0.393773458267047,-0.23242400117453862,rejected,0.006221724260505233,0.8162087090370512
log_dv q0 & vol_surge5 q4,0.0,-0.06185028005222698,-0.5643004483444042,rejected,0.006200705002643923,0.5725496763561787
days_to_earn q3 & max20 q4,0.0,-0.216231156298135,-0.40913456375362267,rejected,0.004402914576770212,0.6824409124010156
days_since_earn q0 & vol_surge1 q2,0.0,0.37728368309958776,-0.2475007466983709,rejected,0.0,0.8045207136900836
days_since_earn q1 & r5_news q4,0.0,0.041220420001375296,-0.5828310264114472,rejected,0.0,0.5600070562256985
rel_ind20 q4 & vol20 q0,0.0,0.22423932956556042,-0.3964399340053186,rejected,0.0,0.691780511120426
min20 q1 & r5_nonews q4,0.0,0.030587410484579906,0.5900097891735868,rejected,0.007106151660151075,0.5551840866054856
mom_12_1 q2 & news5 q4,0.0,-0.2679303940328666,0.34840309477184966,rejected,0.0,0.7275374786611735
days_to_earn q0 & earn_in_week q1,0.0,-0.4694152000329792,-0.14461064553230993,rejected,0.0,0.8850182916722025
intraday20 q1 & r60 q4,0.0,0.5066779985933721,0.10333986859161604,rejected,0.0010693941412228559,0.9176932344231165
close_loc q3 & ev_agreement q4,0.0,-0.4756909042513813,-0.1320987754140915,rejected,0.0,0.8949061645029109
gap_today q0 & mom_12_1 q2,0.0,-0.5742794859447476,0.026215477594876503,rejected,0.0,0.9790854707898538
earn_in_week q1 & vol_surge5 q4,0.0,-0.5207874672990116,-0.06931279827792391,rejected,0.0025473778342084393,0.9447406386865129
min20 q3 & r20 q1,0.0,-0.5102475248853606,0.07920995268202041,rejected,0.0,0.9368656283725784
frog q0 & r20 q4,0.0,0.13152324625552497,-0.45585738186279967,rejected,0.0,0.6484925377905577
r5 q3 & rel_ind20 q2,0.0,-0.3229852195207374,-0.2608688932780629,rejected,0.005684521280446283,0.7941936140083878
min20 q3 & skew60 q1,0.0,-0.06655187670021151,0.5168965533879701,rejected,0.0,0.6052283737342148
frog q4 & vol_surge1 q4,0.0,0.30386498913809096,-0.2773951983351716,rejected,0.0,0.7814766681957074
days_to_earn q0 & overnight20 q4,0.0,0.4150321045815763,0.16607969748036133,rejected,0.0073927142324506645,0.8680942313245963
frog q1 & gap_today q1,0.0,-0.020732589380943443,-0.5589213299523857,rejected,0.005694992465337207,0.5762154115715292
ear q2 & skew60 q1,0.0,0.2958201575762379,0.28378627271172646,rejected,0.004925752642033405,0.7765741750188874
atr_pct q0 & dist_52wh q1,0.0,0.569233033084735,0.010190414218475198,rejected,0.000553188774749114,0.991869366547454
days_since_earn q3 & r1 q4,0.0,-0.3201457611116226,-0.25687143737679685,rejected,0.007263225696086961,0.7972780205782206
r5_news q4 & rel_ind20 q4,0.0,0.3470047512474873,-0.22462273265346372,rejected,0.0,0.8222727786666508
frog q0 & r20 q3,0.0,-0.02846485673420369,-0.5425508497162269,rejected,0.005958834279450381,0.5874390875625675
ind_mom60 q4 & intraday20 q1,0.0,-0.5569798138959247,-0.012269718849214725,rejected,0.0,0.9902104263956283
earn_in_week q1 & r5_nonews q0,0.0,-0.24474121289351744,0.31928390538322454,rejected,0.0,0.7495112361468141
close_loc q2 & r5_news q4,0.0,0.4564097903752347,-0.10568163288254047,rejected,0.0,0.9158349535685126
gap_today q4 & skew60 q1,0.0,0.44715624342272586,0.1118019680116634,rejected,0.0009149928941350788,0.9109804270613345
dist_ma200 q4 & mom_12_1 q1,0.0,0.0570453320335994,0.5009001947407311,rejected,0.00410905516919067,0.6164413654532281
frog q1 & vol_surge1 q3,0.0,0.40127097475400303,0.15637288418673237,rejected,0.0039157634258258816,0.8757391095103071
close_loc q3 & rel_ind20 q0,0.0,-0.5005170971362022,0.056929879864723136,rejected,0.0,0.9546010522143132
dist_ma50 q1 & min20 q3,0.0,-0.004737688006486927,-0.5501872616793547,rejected,0.006948922787328248,0.5821909397070804
rel_ind20 q4 & vol_surge1 q1,0.0,-0.4927925933823495,-0.06055206522588955,rejected,0.004189168227103532,0.951715949834529
dist_ma50 q1 & news5 q4,0.0,-0.20685000642407947,0.3386917360137826,rejected,0.0,0.7348419668136346
earn_in_week q1 & gap_today q0,0.0,0.20078518372341828,-0.3433461084863939,rejected,0.0,0.7313380970954612
ind_mom20 q2 & r5 q4,0.0,0.40192598855738565,0.138372910959489,rejected,0.0,0.8899457049692966
days_to_earn q3 & r5_nonews q0,0.0,0.3512596621045469,0.1865954717127759,rejected,0.004514640740213961,0.8519778174407052
gap_today q0 & ind_mom20 q3,0.0,-0.1172476010201641,0.419379550049307,rejected,0.0,0.6749387671435322
news5 q2 & r5 q4,0.0,0.17677677183165577,-0.35852580748432666,rejected,0.0,0.7199498581838262
days_to_earn q0 & gap_today q4,0.0,0.047931148250094945,0.476968716929955,rejected,0.0025520034330165507,0.6333843980570613
gap_today q4 & ind_mom60 q3,0.0,-0.44821326654673094,0.07311227059141809,rejected,0.0,0.9417167772724155
days_since_earn q3 & vol_ratio q3,0.0,0.04092891789088798,-0.47001521208654296,rejected,0.0,0.6383441493188391
frog q4 & overnight20 q4,0.0,0.38905684549281155,-0.1199284864467146,rejected,0.0,0.9045397984085229
min20 q3 & r5 q1,0.0,0.4219734144773695,0.086838308241799,rejected,0.0038642288548077584,0.9308000370487104
news5 q4 & rel_ind20 q4,0.0,-0.023893633186140514,-0.48248175518715075,rejected,0.0003524699923006304,0.6294637561179218
days_since_earn q3 & range_compress q0,0.0,0.48150005105854843,0.020494537697798694,rejected,0.0,0.9836488694483454
min20 q1 & rel_ind20 q4,0.0,0.32720268006888586,0.1742980663847631,rejected,0.0034658722707554654,0.8616312187873536
frog q0 & r5_nonews q0,0.0,-0.43815878905017414,0.06323265737865959,rejected,0.0,0.949581239976532
days_since_earn q0 & r5_news q2,0.0,0.3641446947990401,-0.1354421614024377,rejected,0.0,0.892262291249876
close_loc q1 & gap_today q4,0.0,-0.37617149982591624,0.12254128272875639,rejected,0.0,0.9024703534430033
earn_in_week q1 & skew60 q1,0.0,-0.1622730521810202,-0.33635606319834593,rejected,0.004544087534339465,0.7366023777138144
r20 q4 & rel_ind20 q2,0.0,-0.1581171446250694,0.33564917955649076,rejected,0.0,0.7371354333598752
atr_pct q3 & gap_today q4,0.0,0.449907745175721,0.041902928562903057,rejected,0.0014759051598152771,0.966576081794679
atr_pct q1 & overnight20 q3,0.0,0.29732489674980167,0.1926447305377836,rejected,0.006114019855135741,0.8472372111244519
days_to_earn q0 & ind_mom20 q2,0.0,0.2259532283316223,0.26215544941265573,rejected,0.004953182586427242,0.7932015986994457
ins_buyers30 q4 & vol_surge5 q4,0.0,0.4441449935781907,0.043828441988323724,rejected,0.002132744024471018,0.9650411554340594
min20 q3 & vol_surge1 q2,0.0,0.40267037749829315,0.08253397182670999,rejected,0.003939741148833553,0.9342221048647154
ev_agreement q4 & vol_surge1 q3,0.0,0.11981109045603804,0.362125182227633,rejected,0.003796367490512983,0.7172584862007643
gap_today q0 & log_dv q0,0.0,-0.03160978826122516,0.44702928194068475,rejected,0.0,0.6548539177463564
ind_mom20 q3 & r5 q1,0.0,-0.348899637957346,-0.12375409076031252,rejected,0.0,0.9015099825585611
close_loc q2 & r20 q1,0.0,0.1454417940686059,0.3217663653680051,rejected,0.0038381196818551735,0.747629696818176
dist_ma50 q4 & vol20 q2,0.0,0.2407717575044951,-0.2258029422911247,rejected,0.0,0.8213546885593584
dist_ma50 q1 & r5 q4,0.0,0.17957823320598337,0.28454112522758046,rejected,0.005091665754108485,0.775995722475971
gap_today q0 & ind_mom60 q3,0.0,0.11650624730874627,0.34566395960601354,rejected,0.0032573121119897873,0.7295952725384051
news5 q4 & skew60 q1,0.0,0.18937169706215123,0.2708629996003854,rejected,0.0028572886615308604,0.7864964035851745
close_loc q2 & ind_mom20 q2,0.0,0.37915057363233384,-0.07888850508013158,rejected,0.0,0.9371213063630622
min20 q1 & vol_surge1 q4,0.0,-0.030045466278230466,-0.4279697241644926,rejected,0.00318952393665316,0.6686731629019749
earn_in_week q1 & frog q0,0.0,-0.08804846511920053,-0.3685874751331027,rejected,0.005286401330774036,0.7124352326548662
days_to_earn q3 & vol_surge1 q2,0.0,-0.42284862873207973,-0.03167249804370459,rejected,0.00014845221556941972,0.9747332272612479
dist_ma50 q4 & r1 q3,0.0,-0.3534596483550014,-0.10103788809633768,rejected,0.0020795087137427458,0.9195203837049037
ind_mom60 q3 & skew60 q1,0.0,-0.18428218916515846,0.2603475831233132,rejected,0.0,0.794595671656315
frog q4 & r5 q3,0.0,0.22282542896701282,0.22018111087929576,rejected,0.006788074821792792,0.8257301070000137
frog q0 & gap_today q0,0.0,0.37728863048537875,-0.06328642214018255,rejected,0.0,0.9495384276516854
ind_mom20 q1 & vol20 q1,0.0,0.019572865869243773,0.4172393943857475,rejected,0.005512129741359198,0.676503313085553
r1 q4 & rel_ind20 q2,0.0,-0.2934917629712028,-0.13964043045719446,rejected,0.0,0.8889440946805457
r20 q3 & r5_nonews q0,0.0,-0.17397154309882074,-0.2576205387367892,rejected,0.006675906306399631,0.7966997770102459
days_since_earn q3 & ind_mom60 q3,0.0,-0.2468490238692236,0.17786068095877133,rejected,0.0,0.8588323904792914
r5 q2 & r60 q1,0.0,0.003685418025618279,0.4186009176593855,rejected,0.004687773070625173,0.6755078188218263
earn_in_week q2 & ins_buyers30 q2,0.0,-0.16574770300381703,-0.2541920843639738,rejected,0.006364679710780935,0.7993471655805735
dist_ma50 q4 & ind_mom20 q2,0.0,0.30763100598907045,-0.11048880260496764,rejected,0.0,0.9120217297260724
mom_12_1 q2 & r5_nonews q4,0.0,-0.3390595925863412,0.076406377155522,rejected,0.0,0.9390957962028812
r20 q3 & r5 q1,0.0,-0.02443754232107487,0.3886554209955111,rejected,0.0,0.6975310635236871
ind_mom20 q2 & overnight20 q4,0.0,0.2362032348774518,-0.17572040396105962,rejected,0.0,0.8605136046841375
dist_ma50 q1 & vol_surge1 q4,0.0,0.2832232238598195,-0.12501789145905667,rejected,0.0,0.9005093861280755
days_to_earn q3 & news5 q4,0.0,0.274221297579045,-0.13091623854119325,rejected,0.0,0.8958415687446265
days_since_earn q3 & vol_surge1 q3,0.0,-0.02701691708984669,0.37401822121360917,rejected,0.0,0.708390759849483
mom_12_1 q4 & r20 q0,0.0,0.3445032844435418,0.055145825882485934,rejected,0.0034679113065378226,0.9560222878901676
r5 q3 & vol_surge1 q1,0.0,0.041916440616967324,0.3564503813727949,rejected,0.00436905311206557,0.721503304837074
max20 q2 & overnight20 q4,0.0,-0.36099601660548974,-0.037075857540529285,rejected,0.00220240648580152,0.9704245216818511
r1 q4 & vol_surge1 q2,0.0,0.11054314888333791,-0.2870954108065023,rejected,0.0,0.7740392659849658
dist_52wh q1 & skew60 q1,0.0,-0.09865910903286244,-0.2987115785919627,rejected,0.00213499197301778,0.7651601217615245
earn_in_week q1 & vol_surge5 q2,0.0,-0.2957319037511327,-0.10098417663863746,rejected,0.0023815115998791618,0.9195630211720265
dist_ma50 q4 & frog q0,0.0,0.011040370864735412,0.38461433640526393,rejected,0.000260627653565642,0.7005231708267758
dist_ma50 q1 & vol_surge5 q4,0.0,0.2756645028340649,0.11736994346013954,rejected,0.0007722146232467725,0.90656690106542
gap_today q0 & vol_surge5 q4,0.0,0.1984981949839839,-0.19192939588678007,rejected,0.0,0.8477975108955523
ins_buyers30 q4 & r5 q4,0.0,-0.1568918590217794,-0.23255258982184282,rejected,0.004988958526980256,0.8161088457848937
dist_52wh q1 & vol_ratio q2,0.0,-0.10137310202897493,0.28616627793458804,rejected,0.0,0.774750770490015
days_since_earn q0 & news5 q2,0.0,0.3600802631119534,0.027045540563479506,rejected,0.0,0.9784234111843826
days_since_earn q3 & vol_surge5 q1,0.0,-0.1721873593722018,0.21336529175296978,rejected,0.0,0.8310420503352897
days_since_earn q3 & dist_52wh q1,0.0,-0.009510773964886752,0.3759132494326081,rejected,0.0,0.7069813901297861
ind_mom60 q1 & vol_surge1 q4,0.0,0.1330659186910091,-0.2518810164161547,rejected,0.0,0.8011330333169229
r5_nonews q0 & rel_ind20 q4,0.0,-0.040548568018796374,0.33429652466764637,rejected,0.0,0.7381558126583585
days_since_earn q2 & gap_today q0,0.0,0.09858578004136125,-0.27562750608272285,rejected,0.0,0.7828341809210313
frog q2 & log_dv q2,0.0,-0.09387707719861726,0.2788608672688441,rejected,0.0,0.7803516010581257
dist_ma50 q1 & overnight20 q4,0.0,0.03000380395827667,-0.33777119242624265,rejected,0.0,0.7355356204174632
frog q1 & news5 q4,0.0,0.0019754617597959366,-0.36536526323970747,rejected,0.0,0.7148387674674841
dist_ma200 q2 & vol_surge1 q3,0.0,-0.3261295169617478,0.0400301407463121,rejected,0.0,0.9680690967040694
days_since_earn q0 & gap_today q4,0.0,-0.04476332495989975,-0.3197554717220615,rejected,0.0037970955826985217,0.7491537051678042
atr_pct q0 & ind_mom60 q4,0.0,0.059693641538802196,0.3047656289898594,rejected,0.0018994738171137886,0.7605446610042547
close_loc q1 & vol_surge1 q2,0.0,0.1895336833748664,-0.1720563522543462,rejected,0.0,0.8633932268112311
days_since_earn q1 & dist_ma50 q1,0.0,0.09912958889316441,0.26003089142695046,rejected,0.005612356293439613,0.7948399450729248
ind_mom20 q3 & log_dv q2,0.0,0.25792982354303917,0.09554866655436481,rejected,0.0016475110719799458,0.923879036726616
days_since_earn q0 & dist_ma50 q1,0.0,-0.1897764345307283,-0.15940255311697404,rejected,0.003624766384911855,0.8733517275338891
frog q4 & r5_nonews q4,0.0,-0.010756645272883066,-0.33386117916306035,rejected,0.00464454823465291,0.7384843151030682
mom_12_1 q3 & r20 q3,0.0,0.11321678010940342,-0.22938630691303674,rejected,0.0,0.8185686779567124
close_loc q2 & dist_52wh q2,0.0,0.3272291901341132,0.014721587648524269,rejected,0.0,0.9882542967711372
dist_52wh q3 & r20 q3,0.0,-0.09012144968587284,0.2510371213895154,rejected,0.0,0.8017854091968265
r120 q3 & skew60 q0,0.0,-0.0730745289627344,-0.2678944357667966,rejected,0.002860937702148641,0.7887805768249267
skew60 q3 & vol_surge5 q4,0.0,-0.2554123084514204,0.08165602563755249,rejected,0.0,0.9349202479847885
overnight20 q4 & r5_nonews q0,0.0,0.27357173726652506,-0.06348270216497581,rejected,0.0,0.9493821331307629
r120 q1 & r5_nonews q0,0.0,0.1807421941722737,-0.15536083745051055,rejected,0.0,0.8765368564247954
earn_in_week q1 & frog q1,0.0,0.29116933108231063,-0.043397574171011824,rejected,0.0,0.9653846114123504
frog q1 & vol_ratio q2,0.0,0.014505996030382837,0.31714925441379416,rejected,0.005278493997392657,0.751130352814727
close_loc q3 & dist_ma50 q1,0.0,-0.1104359122311923,0.21851630634802574,rejected,0.0,0.8270268546569166
dist_ma50 q0 & ins_opportunistic30 q4,0.0,0.008058733277539722,-0.3153277584129873,rejected,0.0,0.7525128110831676
range_compress q4 & rel_ind60 q3,0.0,0.1611111172068751,-0.15980152366793302,rejected,0.0,0.8730374237940727
vol20 q0 & vol_surge1 q4,0.0,-0.1208165896039892,-0.19825116156021894,rejected,0.006577218485506724,0.8428485606377516
gap_today q4 & r5_nonews q0,0.0,-0.21456596349101825,-0.10296163215610957,rejected,0.0016125505477181535,0.9179934221675354
dist_52wh q1 & vol_ratio q0,0.0,0.09779494913299952,-0.21560644345445276,rejected,0.0,0.829294532781462
r1 q2 & skew60 q2,0.0,-0.1372196563633663,-0.16945079106992217,rejected,0.004111279149481774,0.8654420755806196
dist_ma50 q4 & vol_surge1 q1,0.0,-0.22255352005612786,-0.08078911770153852,rejected,0.004168438590045917,0.935609662595672
days_to_earn q3 & vol_surge1 q4,0.0,0.2531591748438179,-0.047776546743098114,rejected,0.0,0.9618943281940779
days_since_earn q3 & vol_surge5 q4,0.0,-0.2049866256093697,-0.08435406709480552,rejected,0.0032022364657990957,0.9327749262139119
news5 q4 & overnight20 q4,0.0,0.2639607209512753,-0.024431330500255383,rejected,0.0,0.9805085576541389
dist_ma200 q1 & vol20 q1,0.0,0.1629061966837425,0.12544082490005432,rejected,0.0,0.9001745697485535
rel_ind20 q1 & rel_ind60 q4,0.0,-0.06751967179154626,0.21505473240588094,rejected,0.0,0.8297246464205417
ind_mom20 q3 & vol_surge1 q4,0.0,0.11176389804064696,-0.16911766248649998,rejected,0.0,0.8657040923796121
dist_ma50 q3 & r5_nonews q3,0.0,0.18498616023032236,-0.0896991555436875,rejected,0.0,0.9285262870169103
days_to_earn q2 & r120 q0,0.0,-0.21960993949122207,-0.01610691978990721,rejected,0.0,0.9871490930378808
dist_ma50 q4 & vol_surge5 q1,0.0,0.10345943669911001,0.11885619520966273,rejected,0.000800171491318051,0.9053892868338084
gap_today q0 & news5 q4,0.0,-0.11305778555380167,-0.10515579317181163,rejected,0.001341847133028591,0.916252188111662
dist_ma50 q1 & r5_nonews q4,0.0,-0.11291343391848954,0.10305233386349774,rejected,0.0,0.9179214355949863
earn_in_week q1 & vol_surge1 q4,0.0,-0.041875869860482924,0.16478047696453998,rejected,0.0,0.8691167710950503
ins_buyers30 q2 & rel_ind20 q1,0.0,-0.09716534706670991,0.10768613758127293,rejected,0.0,0.9142446661705274
frog q4 & min20 q1,0.0,0.08334416429159006,0.12066205232482391,rejected,0.0005714387974204657,0.9039587171793872
min20 q3 & r5 q2,0.0,0.04801171640691923,-0.15404827763002077,rejected,0.0,0.8775716698233265
days_since_earn q3 & news5 q4,0.0,-0.04714745503612722,0.14613525679573489,rejected,0.0,0.8838146142690302
ind_mom60 q4 & rel_ind60 q3,0.0,0.09889315668883013,-0.0939020368800023,rejected,0.0,0.9251869757929558
r1 q0 & rel_ind20 q1,0.0,-0.07477899876772748,-0.1149386115253843,rejected,0.00018040530096176134,0.9084937803143965
ind_mom20 q2 & vol_surge1 q3,0.0,-0.14326709866827186,-0.03693890811889381,rejected,0.00223669759124776,0.9705337167114633
days_since_earn q3 & overnight20 q4,0.0,0.12755264684776657,0.04425757076458328,rejected,0.0018046213919709465,0.9646990921373154
r5_nonews q0 & vol_surge1 q4,0.0,0.03760496086571178,-0.13092121968117276,rejected,0.0,0.8958376282842357
r120 q4 & r20 q3,0.0,-0.15758659628107766,-0.0026241639018500743,rejected,0.00016267429185645252,0.9979062225407389
close_loc q1 & days_since_earn q3,0.0,0.07664025062329644,0.0771573316470995,rejected,0.003482243849540973,0.9384983848256128
min20 q3 & r5_nonews q0,0.0,0.1297793683371797,-0.006112114654234792,rejected,0.0,0.99512326844766
r20 q4 & vol_surge1 q1,0.0,0.04796052398117652,-0.02980978391926265,rejected,0.0,0.9762187557963916
min20 q1 & r5 q4,0.0,0.020068198425189546,0.0418658179311365,rejected,0.0014093120086919,0.9666056658337707
atr_pct q0 & gap_today q4,0.0,-0.006058599531435828,0.04917032622698571,rejected,0.0,0.9607835588922875
r20 q1 & rel_ind60 q2 unless vol_surge1 q0,0.0,0.9414605914928464,3.745601382050009,rejected,0.3436588853886158,0.00017996215127855984
r20 q1 & rel_ind60 q2 unless vol_ratio q0,0.0,1.0745005235797405,3.443325761492301,rejected,0.5002954393040252,0.0005746067197334184
r20 q1 & rel_ind60 q2 unless vol_surge5 q0,0.0,0.5861053554879557,3.7540754192859156,rejected,0.0,0.00017398247736638087
r5 q1 & vol_ratio q2 unless mom_12_1 q0,0.0,-0.7421052518356618,3.587009183797656,rejected,0.0,0.0003344925472027833
r20 q1 & rel_ind60 q2 unless ind_mom20 q0,0.0,1.349590297650381,2.9502793629577018,rejected,0.2900867313132176,0.0031748671516686486
r5 q1 & vol_ratio q2 unless ev_red_flag q4,0.0,-0.6900616427759746,3.382007961288093,rejected,0.0,0.0007195805914888955
r5 q1 & vol_ratio q2 unless dist_ma200 q0,0.0,-0.8198283916137552,3.251752098163999,rejected,0.0,0.0011469601111063683
r20 q1 & rel_ind60 q2 unless ev_shelf q4,0.0,0.5364003014018115,3.5199217860008036,rejected,0.29269544030542405,0.0004316740736065814
dist_52wh q1 & vol_surge5 q4 unless r60 q0,0.0,0.4087031148020289,-3.614735512854702,rejected,0.0,0.00030065439900381927
r5 q1 & vol_ratio q2 unless r1 q4,0.0,-0.89572699643006,3.112546969296022,rejected,0.0,0.0018548049674443595
dist_52wh q1 & vol_surge5 q4 unless r20 q0,0.0,0.49111365582511,-3.5107296208650376,rejected,0.0,0.00044687867365385037
r20 q1 & rel_ind60 q2 unless dist_52wh q0,0.0,0.7085055444394709,3.292788433091601,rejected,0.4050897537991682,0.000991990897933631
r20 q1 & rel_ind60 q2 unless dist_ma50 q0,0.0,0.8077581053864484,3.1870535374294,rejected,0.4247551356647735,0.0014373016744919638
dist_ma50 q1 & rel_ind60 q2 unless ev_agreement q4,0.0,-0.378460130842125,3.600186874035029,rejected,0.0,0.0003179885600613176
dist_52wh q1 & vol_surge5 q4 unless atr_pct q0,0.0,0.3604708724426256,-3.6047920934267355,rejected,0.0,0.0003124029169185555
dist_ma50 q1 & rel_ind60 q2 unless range_compress q0,0.0,-0.37276592937176306,3.5637760806190326,rejected,0.0,0.000365557827556393
r20 q1 & rel_ind60 q2 unless frog q4,0.0,0.7965084794452502,3.1119441874799763,rejected,0.42520597737147464,0.0018585963388770843
r20 q1 & rel_ind60 q2 unless dist_52wh q4,0.0,0.9452607711185373,2.9629168585802255,rejected,0.25449339787655023,0.0030473886821135608
dist_52wh q1 & vol_surge5 q4 unless ins_opportunistic30 q4,0.0,0.3937188263207446,-3.509563234236377,rejected,0.0,0.0004488433179616586
r5 q1 & vol_ratio q2 unless r60 q0,0.0,-0.7207182974076157,3.179319154974123,rejected,0.0,0.001476214530139973
r20 q1 & rel_ind60 q2 unless dist_ma50 q4,0.0,0.5332583130882224,3.350083027422265,rejected,0.3900602199800076,0.0008078734080952747
dist_52wh q1 & vol_surge5 q4 unless ev_offering q4,0.0,0.41359537163715177,-3.4693142375960293,rejected,0.0,0.0005217887650832003
r20 q1 & rel_ind60 q2 unless ev_offering q4,0.0,0.5844646626129382,3.2938987953411942,rejected,0.372099961838203,0.000988080673921113
r20 q1 & rel_ind60 q2 unless gap_today q4,0.0,0.8496099450428785,3.021077656881643,rejected,0.27566640128976255,0.0025187675184008755
r20 q1 & rel_ind60 q2 unless r5_news q0,0.0,0.600899899028967,3.266710690933832,rejected,0.4174988365292231,0.0010880481056066474
r5 q1 & vol_ratio q2 unless r5_news q4,0.0,-0.6348539876581467,3.2223104058109624,rejected,0.0,0.0012716129187023697
r5 q1 & vol_ratio q2 unless ev_offering q4,0.0,-0.5855315958093793,3.2646947288551007,rejected,0.0,0.0010958210964180201
r20 q1 & rel_ind60 q2 unless ins_value30 q4,0.0,0.5286139529682474,3.2987928455473408,rejected,0.3231048155726455,0.0009710153918394422
r5 q1 & vol_ratio q2 unless r5_news q0,0.0,-0.5423095043258644,3.271257132662573,rejected,0.0,0.001070705100690566
r5 q1 & vol_ratio q2 unless r20 q0,0.0,-0.5029617917067125,3.2948362709274335,rejected,0.0,0.0009847903993991098
dist_ma50 q1 & rel_ind60 q2 unless ev_offering q4,0.0,-0.41797807581960267,3.349807504420193,rejected,0.0,0.0008086773833038028
r20 q1 & rel_ind60 q2 unless r120 q4,0.0,0.34166685669025776,3.425221548888296,rejected,0.35598052077831743,0.0006142982656673503
dist_52wh q1 & vol_surge5 q4 unless ins_officer30 q4,0.0,0.4514479050463623,-3.297234086837789,rejected,0.0,0.0009764208451709127
ev_agreement q2 & rel_ind60 q2 unless days_to_earn q4,0.0,-1.4096418953341834,2.32734628241235,rejected,0.0,0.019946842322157255
dist_52wh q1 & vol_surge5 q4 unless frog q4,0.0,0.24544718093528659,-3.4880392995901097,rejected,0.0,0.0004865765546085919
dist_ma50 q1 & rel_ind60 q2 unless r120 q0,0.0,-0.5350372893747763,3.186649705660558,rejected,0.0,0.0014393097874578875
ev_agreement q2 & rel_ind60 q2 unless days_to_earn q0,0.0,-1.6390204774845032,2.0716353787276027,rejected,0.0,0.038299457964108774
r20 q1 & rel_ind60 q2 unless gap_today q0,0.0,0.4555885726471963,3.2364893635171255,rejected,0.38474521306972626,0.0012100973608810677
dist_ma50 q1 & rel_ind60 q2 unless intraday20 q4,0.0,-0.44873685762868337,3.2313564125804626,rejected,0.0,0.0012320420775427977
r5 q1 & vol_ratio q2 unless news5 q4,0.0,-0.5014511527454012,3.167242980901369,rejected,0.0,0.0015389167652753756
r5 q1 & vol_ratio q2 unless frog q0,0.0,-0.45413586628464525,3.1960316826603172,rejected,0.0,0.001393318112243018
r20 q1 & rel_ind60 q2 unless r120 q0,0.0,0.6509569983759056,2.999058838364473,rejected,0.251532094516249,0.0027081500215149937
r20 q1 & rel_ind60 q2 unless close_loc q4,0.0,0.4937124625816797,3.1485556282485945,rejected,0.3244915177640883,0.0016407949092012593
r20 q1 & rel_ind60 q2 unless r5_news q4,0.0,0.4388142926683473,3.196148781274076,rejected,0.36339006609889773,0.0013927527402107748
r5 q1 & vol_ratio q2 unless close_loc q4,0.0,-0.37762305266677076,3.2525503574975803,rejected,0.0,0.0011437432739689786
r5 q1 & vol_ratio q2 unless earn_in_week q4,0.0,-0.2951395116938572,3.3309509390325163,rejected,0.0,0.0008654985490796675
dist_ma50 q1 & rel_ind60 q2 unless vol20 q0,0.0,0.21915525450070103,3.3841784009804394,rejected,0.30438914519678356,0.0007139159930313258
r20 q1 & rel_ind60 q2 unless ind_mom20 q4,0.0,0.5567206839777086,3.0066842063212778,rejected,0.22821214889508526,0.0026411397952775914
dist_ma50 q1 & rel_ind60 q2 unless r5_news q0,0.0,-0.3616937679381907,3.1804000949515143,rejected,0.0,0.00147071841356961
dist_ma50 q1 & rel_ind60 q2 unless days_since_earn q4,0.0,-0.15509430549414657,3.3740604186642282,rejected,0.0,0.0007406810887865576
dist_ma50 q1 & rel_ind60 q2 unless r5_nonews q0,0.0,-0.306299047330602,3.2083921719532325,rejected,0.0,0.0013347935074462397
dist_ma50 q1 & rel_ind60 q2 unless mom_12_1 q4,0.0,-0.30317071029033116,3.2096285715119395,rejected,0.0,0.0013290659205328975
dist_ma50 q1 & rel_ind60 q2 unless ev_red_flag q4,0.0,-0.27647870059453583,3.2283726948279328,rejected,0.0,0.0012449665809471542
r5 q1 & vol_ratio q2 unless gap_today q4,0.0,0.09930073610405815,3.3796752588811025,rejected,0.30724073881031466,0.0007257152150786712
dist_52wh q1 & vol_surge5 q4 unless ev_agreement q4,0.0,-0.13792632582147293,-3.3363542043148673,rejected,0.24472935551306257,0.0008488493860418143
dist_ma50 q1 & rel_ind60 q2 unless frog q0,0.0,-0.6216491447257375,2.8502583878767234,rejected,0.0,0.0043683725380981794
r5 q1 & vol_ratio q2 unless close_loc q0,0.0,-0.6194307875959153,2.8343973311848054,rejected,0.0,0.004591220807965517
r20 q1 & rel_ind60 q2 unless vol_surge5 q4,0.0,0.3919675021755601,3.0450966550593463,rejected,0.24877873564610234,0.0023260554357886964
dist_52wh q1 & vol_surge5 q4 unless r120 q0,0.0,0.40052395658457857,-3.025592572483961,rejected,0.0,0.0024814642955417058
dist_52wh q1 & vol_surge5 q4 unless ear_volsurge q4,0.0,0.3241307883758511,-3.0862202030104227,rejected,0.0,0.0020271863370962093
dist_ma50 q1 & rel_ind60 q2 unless r5_news q4,0.0,-0.26724965795357053,3.1182183626907647,rejected,0.0,0.0018194794402735758
dist_52wh q1 & vol_surge5 q4 unless days_to_earn q4,0.0,0.41565877646713423,-2.9656418201762262,rejected,0.0,0.0030205204488438567
dist_ma50 q1 & rel_ind60 q2 unless mom_12_1 q0,0.0,-0.2503426726340298,3.128241617020901,rejected,0.0,0.0017585555359892855
r20 q1 & rel_ind60 q2 unless ear_volsurge q4,0.0,0.17816285913826427,3.1356963877778976,rejected,0.28486205717755547,0.001714465950137967
r5 q1 & vol_ratio q2 unless r60 q4,0.0,-0.4357522462357476,2.859452948345672,rejected,0.0,0.004243723670458536
dist_ma50 q1 & rel_ind60 q2 unless close_loc q0,0.0,-0.33858083365728225,2.951838952924282,rejected,0.0,0.0031588763673608467
dist_ma50 q1 & rel_ind60 q2 unless close_loc q4,0.0,-0.6646548299837888,2.6064684516682695,rejected,0.0,0.009148125088883872
dist_ma50 q1 & rel_ind60 q2 unless vol20 q4,0.0,-0.035775969600834706,3.220681247414149,rejected,0.0,0.0012788629866689058
dist_52wh q1 & vol_surge5 q4 unless r120 q4,0.0,-0.12955369941250197,-3.1090785089074324,rejected,0.2957598014066967,0.0018767184289893944
dist_ma50 q1 & rel_ind60 q2 unless frog q4,0.0,-0.2010292759923511,3.0366594463154772,rejected,0.0,0.002392155536084108
dist_52wh q1 & vol_surge5 q4 unless days_to_earn q0,0.0,0.09109986285286227,-3.1427604748367797,rejected,0.0,0.001673627315825523
r20 q1 & rel_ind60 q2 unless vol_surge1 q4,0.0,0.2419609457781851,2.9745222754851746,rejected,0.1707320157642308,0.002934451494431485
r5 q1 & vol_ratio q2 unless overnight20 q0,0.0,-0.23020630975730993,2.960147635173907,rejected,0.0,0.003074916490471975
r5 q1 & vol_ratio q2 unless frog q4,0.0,-0.3860837355667471,2.7949399208650862,rejected,0.0,0.005190936104831895
r20 q1 & rel_ind60 q2 unless frog q0,0.0,0.08077770616653325,3.099606370555644,rejected,0.26980401895421185,0.0019377798284893376
r20 q1 & rel_ind60 q2 unless ear_volsurge q0,0.0,0.06659228978995378,3.111474463180096,rejected,0.28834385359979375,0.0018615557407888831
dist_ma50 q1 & rel_ind60 q2 unless ear_volsurge q0,0.0,0.12868043384288727,3.033817690387948,rejected,0.19230397088836051,0.0024148030990724092
r20 q1 & rel_ind60 q2 unless vol_ratio q4,0.0,0.2594375967681018,2.9004438987024828,rejected,0.1030394082228548,0.003726345358123942
r20 q1 & rel_ind60 q2 unless close_loc q0,0.0,0.27278241678352166,2.873815188579297,rejected,0.08100773586801754,0.0040554619596414095
r5 q1 & vol_ratio q2 unless r20 q4,0.0,-0.07495394576528876,3.07092500239026,rejected,0.0,0.0021339674451231094
dist_ma50 q1 & rel_ind60 q2 unless r120 q4,0.0,-0.07924857426964517,3.005952367966354,rejected,0.0,0.00264750466438833
r5 q1 & vol_ratio q2 unless r1 q0,0.0,-0.6835502628050415,2.4004640117438334,rejected,0.0,0.01637430076760654
r5 q1 & vol_ratio q2 unless overnight20 q4,0.0,-0.3667092931924957,2.7005333251602064,rejected,0.0,0.006922840112341535
dist_ma50 q1 & rel_ind60 q2 unless days_since_earn q0,0.0,-0.37384512578278145,2.687468137493769,rejected,0.0,0.007199597073774503
dist_52wh q1 & vol_surge5 q4 unless rel_ind20 q4,0.0,-0.675589065097861,-2.3614955365702217,rejected,0.02376820440367236,0.018201391022496148
dist_52wh q1 & vol_surge5 q4 unless ear_volsurge q0,0.0,0.28371009672308095,-2.7407815854388162,rejected,0.0,0.006129323679124737
dist_52wh q1 & vol_surge5 q4 unless frog q0,0.0,-0.08519573834486076,-2.8945306646498445,rejected,0.07490807435204637,0.003797258184557229
dist_ma50 q1 & rel_ind60 q2 unless r5_nonews q4,0.0,-0.008314998418705229,2.968359085940206,rejected,0.0,0.002993943437056862
dist_ma50 q1 & rel_ind60 q2 unless ear_volsurge q4,0.0,-0.33719971255511444,2.5941334075080364,rejected,0.0,0.009482968274746074
dist_52wh q1 & vol_surge5 q4 unless rel_ind20 q0,0.0,0.44586971971409173,-2.474517529096262,rejected,0.0,0.013341627344116005
dist_52wh q1 & vol_surge5 q4 unless overnight20 q0,0.0,0.1639889573832638,-2.7090734874251536,rejected,0.0,0.006747139339325458
dist_ma50 q1 & rel_ind60 q2 unless intraday20 q0,0.0,-0.08149701614168918,2.7822398908442794,rejected,0.0,0.005398511991282128
dist_ma50 q1 & rel_ind60 q2 unless range_compress q4,0.0,-0.684056839053246,2.1712930375880526,rejected,0.0,0.02990902828095122
r5 q1 & vol_ratio q2 unless gap_today q0,0.0,-0.5850520103792958,2.260774094940051,rejected,0.0,0.02377324951878029
r5 q1 & vol_ratio q2 unless mom_12_1 q4,0.0,-0.4318150107565881,2.3512117043174334,rejected,0.0,0.018712383961460726
dist_52wh q1 & vol_surge5 q4 unless r20 q4,0.0,-0.5795785488555689,-2.2002275195948773,rejected,0.011401510776350989,0.027790756736442865
dist_52wh q1 & vol_surge5 q4 unless r60 q4,0.0,-0.23781181260318868,-2.4015383813543583,rejected,0.0,0.01632629626247817
r5 q1 & vol_ratio q2 unless dist_ma200 q4,0.0,-0.3017960532976357,2.306064437662893,rejected,0.0,0.021107032044763666
dist_52wh q1 & vol_surge5 q4 unless overnight20 q4,0.0,0.3551386342150599,-1.992345392690189,rejected,0.0,0.046333174423116595
dist_52wh q1 & vol_surge5 q4 unless atr_pct q4,0.0,0.06953224732971375,-1.0984560314031853,rejected,0.0,0.27200540704583576
