key_named,effect,t_conf,t_disc,status,p_real,p_coincidence
earn_in_week q1,-0.0018276757532487487,-3.760336588192303,-1.6763336112844465,rejected,0.0,0.09367286481760902
frog q1,0.0016182975586246408,1.9539010019581151,2.330462909501719,rejected,0.0,0.01978169816632714
r5 q1,0.0011526293683877347,1.4803727594328926,2.6547420166978184,rejected,0.0,0.007936908273065634
ev_red_flag q2,0.00014855761999706536,2.3591195949877015,-1.4769024701416906,rejected,0.0,0.13970178271569422
ev_red_flag q4,-0.0009328533430850843,-2.559335213197645,1.2711904520984367,rejected,0.0,0.20366090246401372
news5 q2,0.0002774073494292078,2.307492688720726,1.1754776675016172,rejected,0.0,0.2398036667139081
vol_ratio q3,-0.0016186054933086183,-2.3284045355593808,-1.1501285517102458,rejected,0.0,0.25009092826885215
ind_mom60 q1,0.0010756525220044911,1.199607961159636,2.260361596679598,rejected,0.0,0.02379881791771678
ev_shelf q2,0.0001494001106555928,1.8452927621167496,-1.4768443862660925,rejected,0.0,0.13971735541260683
gap_today q0,0.0006187193531415908,0.5649705294269091,2.4066397829248567,rejected,0.0,0.0161000413553295
ear q1,-0.0009450080275590648,-1.3205093157223842,-1.6097353551599873,rejected,0.0,0.10745564309665313
vol_surge1 q3,-0.0013332345980046796,-2.1040524133956535,-0.8040723873052701,rejected,0.03506014016007048,0.42135517057244337
ind_mom60 q3,-0.0010561561944110107,-1.2600935638298338,-1.5582817656548704,rejected,0.0,0.11916646951014986
r5_news q2,0.0003089933682416721,2.6756014200756453,0.019698815427082912,rejected,0.005978812408590361,0.9842836357495828
min20 q4,-0.0008303367033201804,-1.3710450039682989,1.3087497876414298,rejected,0.0,0.19061912075102463
log_dv q3,-0.0009614334099605417,-1.3034146096458734,-1.30885991616657,rejected,0.0,0.19058180663608693
r60 q2,-0.000912589114445657,-1.674306366957153,0.8213804974963816,rejected,0.0,0.41142956873085534
mom_12_1 q2,-0.00045888653088017346,-0.9297112231221871,1.562643456084731,rejected,0.0,0.11813648094496838
r60 q3,0.0015967822677724472,2.195553574386017,-0.2944441182438921,rejected,0.0,0.7684185587507542
rel_ind60 q2,9.261924430253591e-05,-0.23036433594808134,2.2484049102849633,rejected,0.0,0.024550382368997228
range_compress q0,0.0005504201537841985,1.010106651428204,-1.4433386327127364,rejected,0.0,0.14892510200971285
frog q2,-0.0013214416324516761,-2.175942704883586,0.24115316409187973,rejected,0.0,0.8094364093745792
r20 q3,-0.001106935785487354,-1.8976744704615038,0.5159337173084569,rejected,0.0,0.6059007038756332
days_to_earn q0,0.0010250064598799913,1.4002172194674813,0.9850902373487234,rejected,0.00047204957816198426,0.3245797483457819
frog q3,-0.0007217019542991286,-1.0207439208983327,-1.3474190227102378,rejected,0.0,0.17784531740001755
r20 q1,0.001453200610213031,2.2703133019762545,-0.0751275098667458,rejected,0.0,0.940113259962117
r1 q4,-0.0008818854742143061,-1.050868501252906,-1.2665008994231473,rejected,0.0,0.20533380762322795
ev_agreement q2,0.00011245383737245168,0.7101622702528205,1.6053528117320794,rejected,0.0,0.10841618292842573
range_compress q2,0.00048024010332857356,0.48805790175026614,1.800484923763991,rejected,0.0,0.07178410202065155
gap_today q4,-0.00045970645992775896,-0.44336831403960675,-1.8431340814967412,rejected,0.0,0.06530943636187946
vol_surge1 q2,0.0009772230334537926,1.7151849156604482,-0.5464672340370159,rejected,0.0,0.5847448048597546
range_compress q3,-0.0009222672779652298,-1.5359284570491534,0.680073315700942,rejected,0.0,0.49645803960246765
atr_pct q3,0.000992686985596108,1.403969863580857,0.790680049184703,rejected,0.026895675743754472,0.4291307211576173
r20 q4,-0.0007568109305231714,-0.885813298241082,-1.30387946781136,rejected,0.0,0.19227468187772048
ev_agreement q4,-0.0006560695311532232,-0.7660396602613192,-1.4202964770257178,rejected,0.0,0.15552138637989787
days_since_earn q1,-0.0014077632638317937,-2.082426961315336,-0.07182327277676927,rejected,0.0010579590864512177,0.9427425516504265
r1 q1,0.000618989823797357,0.7836795635047443,1.3473299474815572,rejected,0.0,0.17787399111717941
frog q0,-0.00017539538704557542,0.11032669810171668,-1.9952468427834573,rejected,0.0,0.046015964385222465
ear_volsurge q3,0.0007967864646875164,1.4240530080443203,-0.6801678662121659,rejected,0.0,0.4963981764694561
ear_volsurge q0,-0.00098969996253804,-1.4892155001986138,-0.5948754166135797,rejected,0.015252580948728127,0.5519267509885094
overnight20 q3,0.0002992593858517608,0.7164144439577497,-1.3612243296312696,rejected,0.0,0.1734428077731222
days_since_earn q4,0.0010993740772076578,1.4403916216786299,0.6173962547174872,rejected,0.011762715565125757,0.536973391766929
vol_ratio q4,0.0006985339881946728,1.0703839994775093,-0.9743857869928467,rejected,0.0,0.32986502384079547
atr_pct q1,-0.0009230352244698379,-1.5497564684254113,0.4913054393308846,rejected,0.0,0.6232104333146107
ind_mom20 q4,0.000500250985397141,0.8589959254570929,-1.1747392563619308,rejected,0.0,0.24009904872654045
intraday20 q3,-0.000322512218022798,-0.7334362756972848,1.2787792838173853,rejected,0.0,0.20097479099409923
r5 q3,-0.0004526035915008181,-0.4392370772752352,-1.5528924645356292,rejected,0.0,0.120448827346863
ind_mom20 q3,-0.0010940840629334188,-1.624258318204298,0.35316716278765364,rejected,0.0,0.7239631240082636
vol_ratio q1,0.0006463231910264741,0.8060409969026595,1.1593127373246217,rejected,0.0,0.24632873168151667
intraday20 q1,0.00046137645122527367,0.946517991920323,-1.0056809074783288,rejected,0.0,0.31456909027501084
r5_nonews q2,-0.0005214328637603722,-1.066608474359849,0.882978057382439,rejected,0.0,0.37724812716215844
vol_surge1 q1,0.0010173176493564482,1.481350439423186,0.46191166923800453,rejected,0.0,0.6441446654169972
vol20 q3,0.0010559711977193335,1.6528526686898424,-0.26481194645876827,rejected,0.0,0.7911543334064679
days_since_earn q2,-0.0005843083328045819,-0.8022246714652461,-1.1119124434866507,rejected,0.0,0.26617579796028484
close_loc q2,-0.0009613097223135329,-1.344536077601316,-0.5479637848751014,rejected,0.006379431859594288,0.5837167698792909
news5 q4,-0.0011520122543944888,-1.8292932530057169,-0.0400166536720952,rejected,0.0,0.9680798492168312
dist_ma50 q1,0.0011540704308569529,1.798506666391294,0.04325001014175254,rejected,0.0,0.9655022400295302
dist_52wh q3,-0.0007503690030586276,-1.165146560432605,0.6682347958827086,rejected,0.0,0.5039837275087441
ins_opportunistic30 q4,0.0005188578364544383,1.0066682815884076,0.8266351055218502,rejected,0.026930539798543717,0.4084439134111408
ind_mom60 q2,-0.0010075150929359977,-1.4443751046017141,0.3887339669406361,rejected,0.0,0.6974729527775336
days_to_earn q3,-0.0012252758556455469,-1.7502184946393653,-0.08033858258073172,rejected,0.0015690691479845322,0.9359679729081574
dist_ma50 q2,-0.0009048838291778475,-1.5824370923312696,0.24629076169615388,rejected,0.0,0.8054571608309441
rel_ind20 q4,-0.0005608691347397445,-0.6144062889278794,-1.202945765010576,rejected,0.0,0.22899730880722485
gap_today q3,8.510080564064577e-05,0.36402674236624705,-1.4469788601074232,rejected,0.0,0.1479028444269562
r20 q2,-0.0008000293853813369,-1.5000745314701913,0.293328512816378,rejected,0.0,0.7692710615882543
r5_news q4,-0.000856111383800136,-1.347392927857724,0.43088080555172553,rejected,0.0,0.6665550406770833
rel_ind20 q0,0.001197615977286627,1.682391389018542,-0.08940716682205656,rejected,0.0,0.9287583279835597
min20 q1,0.0010445491285132125,1.5255585308148025,0.23414770352837677,rejected,0.003930259383077783,0.8148703130202564
r20 q0,0.0008037290378009955,1.0824875709387667,0.6717086895802974,rejected,0.012904412928257262,0.5017691683238044
close_loc q1,1.6435488991923587e-05,-0.1956059143204379,1.557669867822363,rejected,0.0,0.11931152693175222
rel_ind20 q3,-0.0006012364736964561,-1.1819066978475532,0.5606492839436127,rejected,0.0,0.5750366471239643
dist_ma200 q2,-0.0007396748359979932,-1.1061138568879898,-0.5604332362163533,rejected,0.01478287266771899,0.5751839667770451
vol_surge5 q2,0.00029218596504820274,0.6845462272252031,-0.9768985042011201,rejected,0.0,0.32861940239670023
ins_opportunistic30 q2,-5.206708161271805e-05,-0.6796664824437131,-0.9734097080883419,rejected,0.0003682586301290475,0.3303497158525454
overnight20 q1,-0.0006014032231535089,-0.9901336609459996,0.6364559461034989,rejected,0.0,0.5244792859448814
close_loc q0,0.0006492760095653816,0.9708973619137711,-0.624416559815427,rejected,0.0,0.5323540524930271
vol20 q0,-0.0007416713610175545,-1.1264997048135068,0.4433623662103773,rejected,0.0,0.6575036522442934
intraday20 q4,-0.000856711171652359,-1.1245702237293644,-0.43545296696285424,rejected,0.0,0.6632336711246252
ev_offering q2,8.345951279348023e-05,1.5177028934360217,0.03490760971207095,rejected,0.0,0.9721534126400944
dist_ma200 q3,-0.0006544451092631045,-1.0006848569509128,0.5477062352181639,rejected,0.0,0.5838936300793451
rel_ind20 q2,-0.0006070251144714348,-1.167993007869295,0.3780056012429962,rejected,0.0,0.705426432981076
news5 q1,8.827673404662602e-05,0.6101326843203227,-0.9189443651515447,rejected,0.0,0.35812467293782707
gap_today q2,-0.00010264586386853847,-0.3818545833142277,1.1458155211447194,rejected,0.0,0.25187149161347755
rel_ind60 q1,0.0007027859321686339,0.9989788177297482,-0.5210293404380191,rejected,0.0,0.6023463323208896
dist_52wh q0,0.0005716789394151492,0.9541831463610922,-0.5304088090811667,rejected,0.0,0.595828519676672
r60 q1,-0.00043651590685051076,-0.8759360092000581,0.5970586088967191,rejected,0.0,0.5504682512443688
vol_ratio q0,-0.00018295632246295528,-0.4446318607552115,1.0009145913583912,rejected,0.0,0.3168681015986593
dist_ma50 q3,0.0006023163104889098,0.7392404609118396,0.6924579197816123,rejected,0.012755666360545755,0.4886498033053109
r120 q4,0.0007501406758355994,1.0204572878016112,0.40080189907354613,rejected,0.0,0.6885659805891468
r120 q2,-0.0005702711163793389,-1.084508293316278,0.3337742570203857,rejected,0.0,0.7385499104208954
ear q3,-0.00034569503472337254,-0.65694847586848,0.7533266505571736,rejected,0.0,0.45125364777845917
skew60 q4,-0.00047370244888936963,-0.7868536605804037,0.5986302318424288,rejected,0.0,0.5494194913485708
ear_volsurge q4,0.0002411050666588472,0.1441410641531441,1.2337709734756817,rejected,0.0,0.217288258453095
log_dv q1,0.00014466425027634958,0.0021224829332746834,1.3702260380206217,rejected,0.0,0.170616352677734
rel_ind60 q4,-0.0005888997321967462,-0.7346688187050915,-0.5976073265665153,rejected,0.012887800272301372,0.5501019744381548
dist_ma50 q4,-0.0004921606920864817,-0.5839654390415653,-0.7461421866894467,rejected,0.01804204040011872,0.45558152751916275
ev_offering q4,-0.0006649697054634666,-1.2912792862347562,-0.028986612695645966,rejected,0.0036870334984836347,0.9768752676302692
days_to_earn q2,0.00017167824774839364,0.3770861655360496,-0.9373473750097228,rejected,0.0,0.3485799011803721
r1 q2,-0.0002901931308882652,-0.6083951945426075,0.69642516390042,rejected,0.0,0.48616260858423194
r5_nonews q1,0.00038005051457251036,0.5044407011040039,0.7985811746565258,rejected,0.02181882308107387,0.42453330703543873
ear q4,0.0006427239582266778,1.0841514685955735,-0.21536791242317074,rejected,0.0,0.8294804851755572
r1 q0,0.0006707354968267291,0.9042319876015874,0.30317902451399154,rejected,0.0,0.7617534332207803
r5 q2,-0.0005404016548373783,-0.8880436403890475,-0.31248462644684577,rejected,0.0,0.754672244854485
ind_mom60 q0,0.00017642502643907605,0.3657682180913593,-0.8293941557111891,rejected,0.0,0.406881407447139
dist_ma200 q4,0.0008276502610181423,1.1776842703117831,0.012734771513466234,rejected,0.003094210020719384,0.9898393970564191
skew60 q2,0.0006654427893480661,0.8633165884057462,0.3048190837264424,rejected,0.0,0.7605039460802814
r5_news q0,-0.0005541541655112515,-0.7258329487426434,-0.43479053578324994,rejected,0.0,0.6637144751886885
min20 q3,-0.000582861889843924,-0.9016139993410073,-0.25724661280508593,rejected,0.0,0.7969884026121742
days_since_earn q3,6.141179974344837e-05,-0.07273616029750701,1.0688020535078635,rejected,0.0,0.28515887383701133
vol_surge1 q0,-0.00028360352794565616,-0.5007641877038268,0.6375997679277989,rejected,0.0,0.5237342467843447
mom_12_1 q1,-0.0006338217843732246,-0.9323137347424512,-0.1834891618695941,rejected,0.005284557127811251,0.8544142219862505
rel_ind20 q1,-0.00012715710230975017,-0.3385528528114523,0.7759906733751014,rejected,0.0,0.43775449274203015
dist_52wh q2,-0.0004435538740114883,-0.7157118433584079,0.38625146282370837,rejected,0.0,0.6993104434987232
r5_nonews q3,-0.00024205139694981537,-0.24443429806078934,-0.8212653128289356,rejected,0.020666370843379484,0.4114951611176477
min20 q2,0.00017075616689285258,0.40433069447493786,-0.6589671489927508,rejected,0.0,0.5099168641943119
overnight20 q2,0.0005389230615700574,0.8500706373618804,0.20373354499155163,rejected,0.005042459946885614,0.8385617268240784
ins_officer30 q2,1.848881038794961e-05,0.17379081813639843,0.8688081205188563,rejected,0.01370372491751478,0.3849520907340638
ins_officer30 q4,-0.00021128555633194717,-0.18645531632974152,-0.8519862324909971,rejected,0.013420865003306791,0.3942217334015554
r60 q4,-0.0006513980976535013,-0.8824562734430423,-0.15588329951436475,rejected,0.003577210288935687,0.8761250094342095
earn_in_week q4,0.00037675756651787344,0.6877100429767519,0.34119905932455263,rejected,0.0,0.7329537313930506
rel_ind60 q0,-0.00018043415823925746,-0.09746737514533567,-0.9280292370540005,rejected,0.004990585385631103,0.3533924038636209
skew60 q3,-0.0005427123636582871,-0.7636571077674408,-0.26180563887366515,rejected,0.0,0.7934712914717053
max20 q2,0.00035309179934458053,0.5228457097789639,0.5013970992147959,rejected,0.0002447906503904072,0.6160916809044094
r120 q3,-0.0006370450051051876,-0.927568645929369,0.09480393494120842,rejected,0.0,0.9244705613214617
ind_mom20 q2,0.0004746444976696945,0.6362717614776264,0.38331315692801976,rejected,0.0,0.7014875850844022
vol_surge5 q3,-0.0001930724345027633,-0.3984846396658979,0.6145761495177514,rejected,0.0,0.5388346693605861
ind_mom60 q4,0.0007141087078883912,0.9997399229887041,-0.012040943874416904,rejected,0.0,0.9903929489309793
dist_52wh q1,-0.00022921420796500122,-0.21963923323421944,-0.7694031312960958,rejected,0.014713554379070745,0.4416540302908937
r5_nonews q4,-0.00018766947162692546,-0.1489929918449991,-0.8387860091418302,rejected,0.0168314380871459,0.4015894031758139
max20 q3,-0.000361730069763113,-0.4443653921660709,-0.5397383411948741,rejected,0.0059989305501253224,0.5893774945107847
mom_12_1 q0,0.00017958372646181774,0.3411255334269898,-0.6314665098486306,rejected,0.0,0.5277355402091659
close_loc q3,2.4163435335440133e-05,0.15421710172029074,-0.8151600521335416,rejected,0.0,0.4149807009912381
frog q4,-0.0001348876772913526,-0.27652559511541847,0.6875308254284971,rejected,0.0,0.491748282577897
ear_volsurge q1,-0.000263378350813774,-0.30720684904817713,-0.6560020849563607,rejected,0.007604555111605611,0.5118227827203301
atr_pct q2,8.98925395964504e-05,0.31662589141415115,-0.6457835933993822,rejected,0.0,0.5184195147047819
intraday20 q0,0.0004998665150725335,0.6787553129107747,0.2835136510393535,rejected,0.0,0.7767831187554435
log_dv q0,0.0005417717097062696,0.7607461854266748,-0.18114448042136283,rejected,0.0,0.8562541717408555
vol_surge5 q0,-0.000418039768851172,-0.6161782588907042,-0.32470665656846853,rejected,0.0,0.7454030962177309
rel_ind60 q3,-0.00014125531694596233,-0.37167936369350835,0.5471871515957367,rejected,0.0,0.5842501623265761
intraday20 q2,0.00032529381122408144,0.6096436397786567,-0.30575459201849553,rejected,0.0,0.7597915040149367
overnight20 q0,-0.00014627790996494942,-0.29379501269588787,0.6151730892852172,rejected,0.0,0.5384404176929951
max20 q4,0.0003261345805255891,0.5329740613201799,-0.3573572006410579,rejected,0.0,0.7208244131296683
days_since_earn q0,0.0001734013130473273,0.3354281033755998,-0.5218336247288001,rejected,0.0,0.601786175918681
atr_pct q0,-0.0004002421429815566,-0.6237215169002296,0.22827152596117908,rejected,0.0,0.8194351592071486
ear q0,0.0001512179138116807,0.0873549248276216,0.7644190142693578,rejected,0.014250191892620789,0.4446175812153423
range_compress q4,-0.0002679558916916204,-0.4801901247964098,0.3459714135580746,rejected,0.0,0.7293641983006744
max20 q1,-0.00026172939153920166,-0.5218460639889988,0.29395531626227794,rejected,0.0,0.7687920480534045
gap_today q1,-0.00014744584829439497,-0.11881610875509942,-0.6885869112579812,rejected,0.007060271174181514,0.4910832600885735
mom_12_1 q3,-0.0002880961074125158,-0.35624722727462416,-0.4447237350501362,rejected,0.0,0.6565194145350379
skew60 q0,-7.511292280385036e-05,0.03245824386610257,-0.7379440439941565,rejected,0.0,0.46054845295679014
r5_nonews q0,0.0003801154648469979,0.49771971508859697,0.26919838015244746,rejected,0.0,0.7877770267296531
vol_surge5 q4,0.0001481902729322069,0.13474208383842828,0.63149893408966,rejected,0.005695391983109,0.5277143459626046
atr_pct q4,0.00013545032595006665,0.28618610908139014,-0.4700094845586296,rejected,0.0,0.638348241331133
mom_12_1 q4,0.00044980038334067234,0.6650008740427291,-0.08120756277063078,rejected,0.0,0.9352768851619866
earn_in_week q2,4.656142567060634e-05,0.38643015858428714,0.3538062616160606,rejected,0.0,0.7234840805558852
vol20 q2,0.0002596377463544532,0.43364315415297855,0.3031306089425251,rejected,0.0,0.7617903283193563
vol_surge1 q4,-0.00032855900563405184,-0.5173758728675827,0.21754758327318174,rejected,0.0,0.8277816287063662
dist_52wh q4,2.627326833537758e-05,-0.04459134197521563,0.6840497569930533,rejected,0.0,0.49394374673769204
vol20 q1,-0.0002411879154446151,-0.42782221292623757,0.29357317475698047,rejected,0.0,0.7690840764068968
min20 q0,0.0001373630114586298,0.2697096390306681,-0.4406256303787617,rejected,0.0,0.6594840445452763
max20 q0,-0.00016432966443719928,-0.2887090347139397,0.40731334119903995,rejected,0.0,0.6837778653999285
days_to_earn q4,0.0001267472010053084,0.2567024050295679,-0.433597456477179,rejected,0.0,0.664580782130596
ind_mom20 q1,-0.0001994477538169309,-0.32760684360893744,0.3593831938518603,rejected,0.0,0.7193084454705738
ear_volsurge q2,0.0001375250540297002,0.15097361803596285,0.5046770880062589,rejected,0.0,0.6137856561446264
range_compress q1,-0.0002734660658165466,-0.3777992739873003,-0.2701189770375637,rejected,0.0,0.7870687230264944
close_loc q4,2.7998868101822898e-05,-0.04985969220892807,0.5820587604925955,rejected,0.0,0.5605271018512472
r120 q0,-9.903728887081276e-05,-0.08380682322647269,-0.5263436317214841,rejected,0.0030136894764819754,0.5986494727830858
r1 q3,-8.066737015545069e-05,-0.025160143137261552,-0.5837063580495363,rejected,0.009779184428725933,0.5594178888738137
r60 q0,-9.03401785746964e-05,-0.038336376350713575,-0.5551611514325185,rejected,0.00599940686370294,0.5787844385100851
r5 q0,0.0001620159787859039,0.2652542180587479,-0.3127468843305555,rejected,0.0,0.7544729724713808
days_to_earn q1,-0.00010438441454820789,-0.22837645560814457,0.3106538101596838,rejected,0.0,0.756063815066236
vol20 q4,-9.971338774508742e-05,-0.08083819342841222,-0.42862642071486357,rejected,0.0,0.6681951149461454
r5 q4,-0.0002773023345191872,-0.36561330777223866,-0.1365595773862679,rejected,0.0017469653705643985,0.8913789296590099
log_dv q4,-0.00014415009992925571,-0.16246742230972275,-0.3340243012389559,rejected,0.0,0.7383612210623569
ind_mom20 q0,0.00020311423350009538,0.25731289763045095,0.22421206624989526,rejected,0.0017374828408812453,0.8225922949606207
skew60 q1,0.00019957757411166117,0.28563699631285505,0.13120229283950102,rejected,0.0014099488524583813,0.895615282215225
log_dv q2,4.070012214473647e-05,-0.012877216489097624,0.39807708525900426,rejected,0.0,0.6905733648950516
dist_ma50 q0,-0.00018335567244422878,-0.2923190635128949,0.11286484436434875,rejected,0.0,0.9101377083250413
vol_ratio q2,0.00018896703078434484,0.3189229320974554,-0.05241103671722567,rejected,0.0,0.9582011801763094
vol_surge5 q1,9.828345542876224e-05,0.12333312829739686,0.2398364028103295,rejected,0.000564130251568412,0.8104570850714881
ear q2,0.00017355345826642262,0.2472208735649551,0.016340402043795377,rejected,0.0026410836690270423,0.986962825667772
r120 q1,-4.53339603999061e-05,-0.047511575685109754,-0.1323235745922203,rejected,0.0012378149708080982,0.8947283615004106
ins_value30 q4,-6.936568106677925e-05,-0.09330187700113164,-0.0840267081210639,rejected,0.002560177485676473,0.9330351968454105
ins_buyers30 q4,-6.936567825988483e-05,-0.09330187230345639,-0.0840267081210639,rejected,0.0025601774767831805,0.9330351968454105
ins_buyers30 q2,9.026152034622098e-06,0.0834258743394099,0.09320745806206385,rejected,0.0019809382744051677,0.92573874950846
ins_value30 q2,9.026152034622098e-06,0.0834258743394099,0.09320745806206385,rejected,0.0019809382744051677,0.92573874950846
overnight20 q4,2.2466331452847006e-06,0.022406418574425106,-0.14486153776578845,rejected,0.0,0.8848201944611903
dist_ma200 q0,-6.29862138910224e-05,-0.08691633872333919,-0.043240519066957216,rejected,0.0,0.9655098057337542
dist_ma200 q1,-7.645549239543153e-05,-0.11357395915605083,0.01273063340903226,rejected,0.0,0.9898426985184278
earn_in_week q1 & ev_agreement q2,-0.002104451228708448,-4.75035972325396,-1.4133961155976245,rejected,0.0,0.15753928709994766
ind_mom60 q1 & r20 q1,0.002283172308959337,2.8257120221464667,3.208719582289257,rejected,0.11278298583392225,0.0013332745753570638
log_dv q1 & r5 q1,0.001393920101774586,1.4129817256039772,4.141821955171888,rejected,0.7914380869180517,3.445577769240815e-05
earn_in_week q1 & ev_red_flag q2,-0.0016999802372046214,-3.4256769541838734,-2.092186225028242,rejected,0.0,0.03642186024595716
earn_in_week q1 & ins_opportunistic30 q2,-0.0018477569563782497,-3.9771739358999727,-1.5346041602930518,rejected,0.0,0.12488109012814233
atr_pct q3 & r5 q1,0.0018796950877544194,2.2343071069234663,3.261997957460696,rejected,0.15949361909233303,0.0011062994068784368
earn_in_week q1 & ins_officer30 q2,-0.001761163612618266,-3.6402595762000987,-1.5090461913377866,rejected,0.0,0.13128697893563074
ev_agreement q2 & frog q1,0.0018041522913161583,2.1690648346224393,2.7924359553206117,rejected,0.0,0.005231282225548601
earn_in_week q1 & ev_shelf q2,-0.0017431637554875116,-3.4552313740464227,-1.4980008494030745,rejected,0.0,0.1341330297717112
r5_news q4 & r5_nonews q2,-0.0011109066221241634,-3.137638278547087,1.7676950757227166,rejected,0.0,0.07711189366646079
r5 q1 & range_compress q2,0.0018517005189225655,2.3798342062024154,2.4297123556606044,rejected,0.0,0.015110809954849183
earn_in_week q1 & r20 q4,-0.001746652916384121,-2.697905837295586,-1.915711765857809,rejected,0.0,0.055401793971109295
ear q1 & vol_ratio q3,-0.0016341162638509915,-2.0559167000481233,-2.5102345620951896,rejected,0.0,0.012065098997748089
gap_today q4 & log_dv q3,-0.0009861817019082544,-1.3341898606164935,-3.1864774665919025,rejected,0.03421108438283799,0.0014401670580731901
ev_agreement q2 & r5 q1,0.001304221456461976,1.739908157818642,2.747608365002641,rejected,0.0,0.006003166746889869
ev_red_flag q2 & r5 q1,0.0012529314241119809,1.685353533817552,2.5834183266784003,rejected,0.0,0.009782662627152505
ev_red_flag q2 & frog q1,0.0016578217247256242,2.020955659155419,2.233089013173169,rejected,0.0,0.025543074988714328
intraday20 q3 & r5 q1,0.0008575491271517251,0.643493522995855,3.5907663225054836,rejected,0.223893899663281,0.0003297071408321442
frog q1 & ins_officer30 q2,0.001620770236258307,1.968109386658076,2.254994260457108,rejected,0.0,0.024133689046359964
ev_red_flag q4 & news5 q2,-0.0008154592160177636,-2.652916908065653,1.553855566869955,rejected,0.0,0.12021887250315101
frog q0 & gap_today q4,-0.0009587310960561687,-0.9292938996221369,-3.2743938354869755,rejected,0.16080426516925095,0.0010588891925002184
ev_shelf q2 & frog q1,0.0015911206445246844,1.9201459459699095,2.2723690619758297,rejected,0.0,0.023064228713777064
frog q1 & ins_opportunistic30 q2,0.001567574843596144,1.8969680037482621,2.224550318518232,rejected,0.0,0.02611144098648004
ev_shelf q2 & news5 q2,0.0004811355460174025,3.450096420517945,0.6654906486174318,rejected,0.014300325682410246,0.5057367227731062
ev_red_flag q2 & ev_shelf q2,0.00021801633604363155,2.1753036338261555,-1.934191648384125,rejected,0.0,0.05308956885385478
ins_opportunistic30 q2 & r5 q1,0.0011213234233467043,1.423493856502773,2.670729931934632,rejected,0.0,0.007568651483356712
frog q0 & range_compress q0,-0.001229643771364248,-1.9635974562474932,-2.130326911674576,rejected,0.0,0.03314463324137185
ev_shelf q2 & r5 q1,0.0011882026882678632,1.586051205399286,2.50243082657819,rejected,0.0,0.012334372627170099
news5 q1 & r5 q1,0.0016246627480892757,2.0721047751396418,1.9994817545569183,rejected,0.0,0.04555625405020837
frog q3 & vol_ratio q4,-0.001902895328410886,-2.8599330287325495,-1.182888304927005,rejected,0.0,0.2368534172191197
r5_nonews q1 & range_compress q2,0.0017549878961941757,2.3273906071754813,1.7153180213079953,rejected,0.0,0.08628693627174162
ins_officer30 q2 & r5 q1,0.0011164271723406068,1.399933328556642,2.622295865531677,rejected,0.0,0.008733957256116092
frog q1 & news5 q2,0.0016254136032027686,2.1801857336199775,1.8267089713768305,rejected,0.0,0.06774353864957496
ev_red_flag q2 & news5 q2,0.000445221464624091,3.6193720985150826,0.27161009490079036,rejected,0.0,0.785921836565409
ev_agreement q2 & ind_mom60 q1,0.001144671908502407,1.2271580493115182,2.6628843103037765,rejected,0.0,0.007747404509893964
days_to_earn q0 & r5 q1,0.0013836557300736451,1.820106138618207,2.06865972863652,rejected,0.0,0.03857802875812599
ind_mom60 q1 & news5 q2,0.0013249483617100027,1.543640496787505,2.341127222211226,rejected,0.0,0.01922561456074643
ind_mom60 q1 & rel_ind60 q0,0.0009809446722151376,1.6014110445278638,2.270977458641023,rejected,0.0,0.02314834255398662
earn_in_week q1 & ind_mom20 q4,-0.0013994915385000992,-1.6369484634506297,-2.219166262717633,rejected,0.0,0.026475415375674095
log_dv q3 & vol_ratio q3,-0.00158630585362098,-2.236920396121689,-1.6011378706768389,rejected,0.0,0.10934638596720868
gap_today q0 & r1 q1,0.001015850048767945,1.286859612429697,2.5495692182930223,rejected,0.0,0.010785609813458096
ind_mom60 q3 & r5 q3,-0.0009956356800599894,-1.0224042845730386,-2.808838789326128,rejected,0.0,0.004972053722563196
ev_red_flag q2 & vol_ratio q3,-0.0015682343393963038,-2.1873104384326445,-1.6093148340158823,rejected,0.0,0.10754751708124552
gap_today q3 & r5 q3,6.116632593804923e-05,0.6111504134846635,-3.1833087144286836,rejected,0.0,0.0014560228304811443
gap_today q0 & vol_ratio q1,0.0010281850775866782,1.2975808675648295,2.492219742054612,rejected,0.0,0.012694747115694554
frog q3 & r5 q3,-0.0015478538977168907,-1.8945927572230965,-1.8779584076421205,rejected,0.0,0.06038685515476467
mom_12_1 q2 & r5 q1,0.0010551980323008393,1.0764481918551154,2.6807218002065003,rejected,0.0,0.0073463561822416455
frog q1 & r5 q1,0.0011023416337886626,1.2542031981089454,2.5001486437747142,rejected,0.0,0.012414120674170423
rel_ind20 q3 & skew60 q2,-0.0012008662644841337,-2.279825000501374,1.4678334077725368,rejected,0.0,0.14214948038859906
log_dv q0 & r20 q1,0.0005103486582451756,1.2666343562599138,-2.4731883768011635,rejected,0.0,0.013391353519081444
dist_52wh q3 & r20 q3,-0.0009280047415996456,-1.7402013369208174,1.9945098199137592,rejected,0.0,0.046096367897385984
ear q1 & range_compress q0,-0.0006784419819369945,-1.036269650121175,-2.6982665616327477,rejected,0.0,0.0069701603613056195
ind_mom20 q3 & range_compress q4,-0.00101795880978464,-2.0693796759810907,1.6434246142817175,rejected,0.0,0.10029511086885524
ind_mom60 q1 & ins_officer30 q2,0.0010899228662246737,1.1762055264115665,2.501049443311959,rejected,0.0,0.012382588961830933
overnight20 q3 & rel_ind60 q0,0.0005785035557843847,1.4906122775622452,-2.1692287407027413,rejected,0.0,0.03006532216368051
ind_mom20 q4 & log_dv q0,0.0006587801537364348,2.202450351371399,-1.4555570087784977,rejected,0.0,0.14551511986156485
ind_mom60 q1 & r60 q0,0.0009962580839631755,1.553304496193298,2.0842738022316145,rejected,0.0,0.03713526891772543
close_loc q3 & frog q3,-0.001153005920955069,-1.3457480602889587,-2.2870539255232525,rejected,0.0,0.022192675727036034
frog q1 & gap_today q0,0.0011592808467798294,1.881321976302441,1.7253774186723656,rejected,0.0,0.08445947809028001
ind_mom20 q4 & ind_mom60 q3,-0.0009449003558876293,-1.4414036648967563,-2.1635534955698783,rejected,0.0,0.030498633894685098
ind_mom60 q1 & r1 q1,0.001028421988295998,0.9785525405350777,2.6120593565839925,rejected,0.0,0.008999862702404361
ear_volsurge q4 & rel_ind60 q2,0.0005586327148057678,0.5690621806666111,3.0210988979329585,rejected,0.0,0.002518590825636709
ev_shelf q2 & vol_ratio q3,-0.001598767916762185,-2.2990793380047085,-1.2644535266597432,rejected,0.0,0.20606729114741348
frog q0 & rel_ind60 q0,0.00017548286785601657,0.8588828417415633,-2.698080486310584,rejected,0.0,0.006974057684758111
ind_mom60 q1 & ins_opportunistic30 q2,0.0010981415921740892,1.2207712227319427,2.3265302855242522,rejected,0.0,0.019990278749227836
days_since_earn q3 & min20 q4,-0.0008894518922704465,-1.5746577337265606,1.954308978965477,rejected,0.0,0.05066468762200557
range_compress q0 & vol_ratio q3,-0.001088136862762926,-1.979901645149122,-1.5350636572158909,rejected,0.0,0.12476819228796542
earn_in_week q1 & vol_ratio q3,-0.001503641924199286,-2.279231790932767,-1.2237796768251878,rejected,0.0,0.22103535298208501
frog q0 & intraday20 q1,0.0006588500083124243,1.4408629868966372,-2.0563176284218616,rejected,0.0,0.03975191019362993
ind_mom60 q1 & r5_nonews q1,0.0011886123747354759,1.4235590636112967,2.070091707973292,rejected,0.0,0.0384437572521794
gap_today q4 & r20 q4,-0.0007927672433076541,-1.3588952330563069,-2.10018643714729,rejected,0.0,0.03571244398350154
ev_red_flag q2 & ind_mom60 q1,0.0010478209232960072,1.162434520265972,2.2904858505938677,rejected,0.0,0.021993167882815773
r60 q2 & rel_ind60 q2,-0.0011382951740342303,-1.9019390882981444,1.5202897556857147,rejected,0.0,0.12843816758743715
ind_mom20 q2 & news5 q1,0.0010309383201992368,2.5297840031545857,-0.8874010393514179,rejected,0.0,0.374863024126619
min20 q4 & vol_ratio q3,-0.001102559877478337,-1.9744134195713672,1.4375241050462406,rejected,0.0,0.15056912857129293
r5 q3 & range_compress q0,0.0011500444816916803,2.4569230545198857,-0.934955566358694,rejected,0.0,0.3498111988969763
ev_shelf q2 & ind_mom60 q1,0.0010175610627841153,1.1045567550402617,2.2864595271617545,rejected,0.0,0.02222738928339101
overnight20 q3 & r1 q1,0.0018828459090175422,2.78911733695206,0.5914552657169658,rejected,0.015933318288618003,0.5542154200262817
earn_in_week q1 & mom_12_1 q2,-0.0012317534129050024,-2.6527476735774345,0.7171538153917637,rejected,0.0,0.4732791930129151
ind_mom60 q1 & intraday20 q1,0.0013059213993825705,1.6142164285540277,1.7474544752040344,rejected,0.0,0.08055853515380638
gap_today q0 & news5 q2,0.0010893281744982686,1.370261813706095,1.9866314443104927,rejected,0.0,0.04696325400793627
min20 q4 & range_compress q2,-0.0008516603147040055,-1.5481272845382756,1.798573332387478,rejected,0.0,0.07208619891324368
log_dv q3 & vol_ratio q0,-0.0010896034226932068,-1.2556232853329818,-2.081955500521904,rejected,0.0,0.03734653454625426
ind_mom60 q3 & log_dv q3,-0.0009638946411775528,-1.3502127391855743,-1.9852559836872226,rejected,0.0,0.04711599851156024
ev_agreement q2 & gap_today q0,0.0007524214720449464,0.728167318746257,2.605592960963824,rejected,0.0,0.00917153818070453
rel_ind60 q2 & vol_ratio q1,-8.00358505449134e-05,-0.641721282806215,2.68697171149304,rejected,0.0,0.0072103058935549256
atr_pct q3 & gap_today q0,0.0007251793845489536,0.8453052261900441,2.473041806936493,rejected,0.0,0.013396846997957278
max20 q2 & vol20 q0,-0.0015677212945860402,-1.9022827687089758,-1.4029707522428339,rejected,0.0,0.1606255607614145
gap_today q0 & intraday20 q3,0.0010646159499041357,1.3906419921009545,1.9140527579359568,rejected,0.0,0.055613414979797465
gap_today q0 & r5 q1,0.001116946720217579,1.639753640946467,1.6599537885488236,rejected,0.0,0.09692374937413005
days_since_earn q3 & range_compress q2,-0.000833711735808369,-1.5998199868104526,1.6799418815654434,rejected,0.0,0.09296862406589933
ind_mom60 q3 & r5_nonews q3,-0.0006025998048300303,-0.4574838284233163,-2.8163936099297695,rejected,0.0,0.004856612527350807
min20 q4 & mom_12_1 q2,-0.0012090189286056668,-2.085244223431121,1.1863595723746538,rejected,0.0,0.235480329933341
gap_today q2 & log_dv q1,0.0014310219158682699,2.072961802619611,1.197078038768049,rejected,0.0,0.23127613892003845
log_dv q3 & range_compress q0,-0.0007849106172649798,-0.9466597742428658,-2.308239534420767,rejected,0.0,0.020985817413652484
days_since_earn q2 & ind_mom60 q3,-0.0007767270954062609,-0.4675578571675139,-2.786264090632818,rejected,0.0,0.005331941261434021
r5 q1 & vol_ratio q1,0.0014415009260112877,2.0377012335133085,1.209111894245965,rejected,0.0,0.22661986022818445
close_loc q1 & r60 q2,-0.0003395428369961639,-0.9425647638993639,2.2964492976106654,rejected,0.0,0.021650205025232624
r5 q3 & vol_ratio q3,-0.0008824272135089515,-1.0272001871575522,-2.2085499925734213,rejected,0.0,0.027205956908678722
news5 q2 & r5 q1,0.0011360203665848213,1.485430748601723,1.7447346589145787,rejected,0.0,0.08103106729895077
days_to_earn q2 & range_compress q0,0.00030574986514119926,1.0196314878120936,-2.2098875772455666,rejected,0.0,0.027112965612444757
ind_mom20 q4 & log_dv q3,-0.0013372808336500502,-2.1983296608515643,-1.0218397197402376,rejected,0.0021097030763566403,0.30685676669996687
ev_shelf q2 & gap_today q0,0.0008524562735055865,0.8749968841405618,2.3444740563977904,rejected,0.0,0.019053936070707336
ear_volsurge q4 & r5 q1,0.0011924700285897718,1.6515414522074336,1.5641594570267712,rejected,0.0,0.11778012576997064
gap_today q4 & vol_surge1 q3,-0.0013032049651731951,-2.028595717580382,-1.1837253437803805,rejected,0.0,0.23652180322374172
frog q3 & log_dv q3,-0.0013791195863435688,-1.944463015147634,-1.2647361204588086,rejected,0.0,0.2059659371673076
ind_mom60 q1 & vol_ratio q1,0.000945334695831868,1.2521192363851315,1.9503685398395376,rejected,0.0,0.051132208777452726
log_dv q1 & range_compress q0,-0.0009033327205763058,-2.01895880192308,1.1813995428015363,rejected,0.0,0.237444039574789
frog q1 & intraday20 q3,-0.0008550401535349062,-1.6992249692884545,1.4946352945466779,rejected,0.0,0.13500964965041545
ear_volsurge q3 & vol20 q2,0.0014773568776580211,1.9808491744545171,1.2055961114716902,rejected,0.0,0.22797325926729028
atr_pct q1 & ear_volsurge q4,-0.0001390920764300392,-0.6037655683811546,2.579767764642502,rejected,0.0,0.00988667781060641
news5 q2 & vol_ratio q3,-0.001549042258590316,-2.074375410721634,-1.101702702415852,rejected,0.0,0.2705909417165822
days_since_earn q2 & overnight20 q3,-0.0010746330090587355,-1.2786996586439412,-1.8839806493234217,rejected,0.0,0.05956759298646016
ev_agreement q2 & news5 q2,0.00030390464599599094,1.8633938359761686,1.2901821981088573,rejected,0.0,0.19698740553123928
ev_agreement q2 & ev_red_flag q4,-0.0005249171288658063,-1.6568147881011424,1.4959242205708116,rejected,0.0,0.1346734038076244
ind_mom60 q3 & vol_ratio q4,-0.001238906498767142,-1.9412184644709296,-1.2060042990891169,rejected,0.0,0.22781583279631273
mom_12_1 q2 & news5 q1,-0.0008571957571276471,-1.9143479460530084,1.2324851529728422,rejected,0.0,0.21776790937352972
earn_in_week q1 & news5 q2,-0.0014286934356100265,-2.100731162494773,-1.0276778730861695,rejected,0.0,0.3041013795416058
ear q1 & rel_ind20 q4,-0.0010677039425321016,-1.9395603340745866,-1.1844534017590158,rejected,0.0,0.23623363180100773
atr_pct q3 & range_compress q2,-5.5356918837459655e-06,-0.5679576449600379,2.55378944603971,rejected,0.0,0.010655767154208004
ind_mom60 q1 & log_dv q3,0.0012267827717977915,1.53565159942119,1.5852009818026882,rejected,0.0,0.11292067752864239
frog q1 & gap_today q2,-0.0008081008085975538,-1.5393797598432488,1.5674430713944403,rejected,0.0,0.11701116301435704
dist_ma50 q3 & vol_surge1 q3,-0.0018383196849507501,-2.7011512299293012,-0.4029665034962957,rejected,0.0,0.686972866482926
close_loc q1 & r1 q1,0.0006333479058061294,0.390120533649706,2.708983644701599,rejected,0.0,0.0067489666611100525
ev_shelf q2 & range_compress q0,0.0009397649988946599,1.6024597440452084,-1.4922572561623941,rejected,0.0,0.13563171756058542
frog q0 & vol_surge5 q2,0.0002784700132630998,0.8479555553699385,-2.2460523004328268,rejected,0.0,0.024700658119824418
dist_ma50 q2 & rel_ind20 q4,-0.0009386777149846254,-1.4296879048207183,-1.663435724301473,rejected,0.0,0.09622524707223548
ev_red_flag q2 & ins_opportunistic30 q2,9.690060038314715e-05,1.318234871579967,-1.7735448418900868,rejected,0.0,0.07613846831588242
ear_volsurge q4 & r1 q4,-0.000917745958542411,-1.058126420426152,-2.026883938677844,rejected,0.0,0.042674283461817744
ev_agreement q2 & vol_ratio q3,-0.0014405411893694403,-2.0513202559758676,-1.0312783296298451,rejected,0.0,0.3024103175073613
ind_mom60 q1 & r5 q1,0.0010536463192578004,1.3226137963032039,1.7547631474719425,rejected,0.0,0.07929982962237128
close_loc q1 & range_compress q2,-0.0009311281668841735,-1.7378330343100885,1.332412524700507,rejected,0.0,0.18272466868653212
frog q3 & ind_mom20 q4,-0.0011292466200173356,-1.5533101739915094,-1.5097284473519956,rejected,0.0,0.13111272936125107
ind_mom60 q3 & mom_12_1 q2,-0.0006414629894688377,-1.6666336306944196,1.3938608626529883,rejected,0.0,0.16335962479128746
gap_today q4 & range_compress q0,0.00010081570040738097,0.5218278964128157,-2.5352735536272974,rejected,0.0,0.01123595461774147
gap_today q0 & ins_officer30 q2,0.0006566347028507277,0.6160794736560262,2.4310441699610124,rejected,0.0,0.01505537905556444
intraday20 q1 & rel_ind60 q2,0.0008733664100093072,0.8068242742817086,2.231174584400995,rejected,0.0,0.025669566808171628
ind_mom20 q4 & rel_ind20 q4,-0.0005678186825302269,-0.815612543115424,-2.2214080843645547,rejected,0.0,0.026323333968142036
log_dv q3 & news5 q2,-0.001037784952566134,-1.246931595111825,-1.7876207445099612,rejected,0.0,0.07383721631074451
gap_today q4 & r5_nonews q2,-0.0016206325657557872,-2.552003111055291,-0.478508725525959,rejected,0.0,0.6322881654196192
days_to_earn q2 & ind_mom20 q4,0.00046157600814349564,1.3747057778997245,-1.6497265248609194,rejected,0.0,0.09899888251705566
frog q0 & mom_12_1 q2,-0.0004396586731799234,-1.0107708476168866,2.011334514374059,rejected,0.0,0.0442901352245159
days_since_earn q0 & r5_nonews q3,0.0004956962221386617,1.1106518878725624,-1.8976664961366156,rejected,0.0,0.057740028730469836
days_since_earn q2 & range_compress q0,-0.000649808837982021,-0.41657918556921014,-2.588323915150293,rejected,0.0,0.009644424195329212
gap_today q0 & mom_12_1 q2,-0.0008108790314053936,-1.5008525652119844,1.5025778731500403,rejected,0.0,0.13294793279821093
frog q0 & r5_nonews q4,-0.0008295542175296179,-1.1597436473687863,-1.8357112095560224,rejected,0.0,0.06640037921058567
close_loc q1 & ind_mom60 q1,0.0006253986986244464,0.535557896996268,2.454292688207466,rejected,0.0,0.014116203292077578
min20 q4 & r1 q4,-0.0016673866355620037,-2.4411896734023504,-0.5478385511983966,rejected,0.007832915793257107,0.583802765141805
news5 q2 & r1 q1,0.0010590828616566567,1.3513054474094432,1.632209192565521,rejected,0.0,0.10263542492090506
mom_12_1 q2 & rel_ind60 q2,-0.00043277678304866866,-0.9033397652014411,2.076704889365959,rejected,0.0,0.037828805063089124
ear q1 & ins_opportunistic30 q2,-0.0010068112821487868,-1.4364328145064569,-1.5405636938353169,rejected,0.0,0.1234230098201481
ev_red_flag q4 & ev_shelf q2,-0.000595514955524263,-1.684925523870975,1.2907181153574756,rejected,0.0,0.1968014406930116
days_since_earn q3 & r5 q1,0.0008484228789801695,0.9472716407414353,2.022587281919319,rejected,0.0,0.04311571652092111
overnight20 q3 & range_compress q0,0.0009298612351912758,2.1199011252757085,-0.8485149388657054,rejected,0.0,0.39615125637082005
gap_today q4 & rel_ind60 q0,-0.0007109483059340293,-1.0319199258183853,-1.9332914067066878,rejected,0.0,0.05320030982156593
log_dv q3 & r1 q4,-0.0008790957068127453,-1.1315518717825699,-1.8333044038710724,rejected,0.0,0.06675731484765814
news5 q1 & range_compress q0,0.0005782914632311742,1.5660860471735416,-1.396668263824615,rejected,0.0,0.16251335192719743
ev_red_flag q2 & gap_today q0,0.0007470730012556034,0.7662709697906678,2.193950939796836,rejected,0.0,0.02823893671111923
ear q1 & ev_red_flag q2,-0.0009483214188860318,-1.3268324264170055,-1.6313579868199808,rejected,0.0,0.10281480443004334
ind_mom20 q4 & intraday20 q3,-0.0015977445760650122,-2.234973733592896,-0.715170781215975,rejected,0.015689187227837926,0.4745035213930856
gap_today q4 & rel_ind20 q4,-0.0006184124674952585,-1.0829046988799642,-1.8627308100487472,rejected,0.0,0.06250014883932165
ear_volsurge q4 & range_compress q0,-0.0008068781642349282,-1.6182143226258374,1.3251656646092602,rejected,0.0,0.18511621076255447
ev_red_flag q2 & range_compress q0,0.000855589159227553,1.4632129989597695,-1.477578453556344,rejected,0.0,0.1395206450148784
days_to_earn q3 & dist_ma200 q0,-0.0006933675163611287,-1.8084050022995954,1.13175986008667,rejected,0.0,0.25773540752990254
log_dv q3 & mom_12_1 q2,-0.000484725907615323,-0.9892202092423958,1.9493380564741754,rejected,0.0,0.051255066638642016
ind_mom60 q3 & r60 q1,-0.0009855241115195985,-1.3678454546427428,-1.5696782490762753,rejected,0.0,0.1164899839467465
earn_in_week q1 & r60 q2,-0.0008734376045789209,-2.1105909858133862,0.8210702090814048,rejected,0.0,0.4116062779128017
days_to_earn q0 & ind_mom60 q1,0.0009126373784805398,1.0174257783226066,1.9140021999526267,rejected,0.0,0.05561987465420321
min20 q4 & rel_ind60 q2,-0.0006437792748669215,-1.2786144810207882,1.6458912350134827,rejected,0.0,0.09978615383348666
ind_mom60 q3 & ins_opportunistic30 q2,-0.0011053655749998534,-1.3199848153148348,-1.6035970776224695,rejected,0.0,0.10880289533064154
r60 q2 & range_compress q2,-0.00015657643500521028,-0.5578505457636801,2.363846166549838,rejected,0.0,0.01808632091493901
frog q1 & range_compress q2,0.001347484691171199,2.0066351795499764,0.9145280444223015,rejected,0.01114981708518128,0.3604394486964412
ev_agreement q2 & min20 q4,-0.0008662280027304059,-1.4460965032011697,1.4712842035526896,rejected,0.0,0.1412142734538375
r5 q1 & rel_ind60 q0,0.001314480155149618,1.9709746400597996,0.9424081051743224,rejected,0.013995225563474793,0.3459837391457487
log_dv q1 & r1 q4,-0.0010074310101705535,-1.877301675250728,1.0323533998163588,rejected,0.0,0.30190659381447865
frog q0 & vol_ratio q0,-0.001136125025879991,-1.526244046916243,-1.38169668649282,rejected,0.0,0.1670648522311587
ind_mom60 q3 & r5_nonews q4,-0.000911017572486797,-1.598170112105366,-1.3005869066759261,rejected,0.0,0.19339989116020506
frog q0 & log_dv q3,0.00034164351259493843,0.9239156005484256,-1.974276683211212,rejected,0.0,0.048350290687004166
close_loc q1 & r5 q1,0.0008215104955035543,0.7829803134055088,2.107245686344194,rejected,0.0,0.0350962886449231
days_to_earn q0 & min20 q4,-0.0009299283813485671,-1.6566349307397712,1.2296576272274933,rejected,0.0,0.21882534046664054
ear q1 & gap_today q3,-0.0010568816267712822,-1.2864476041945823,-1.5789422698357747,rejected,0.0,0.11434929931479862
vol20 q3 & vol_surge1 q2,0.0013328692407214451,2.0474432467961603,0.8178718303318411,rejected,0.033415035212987006,0.41343037692273427
frog q0 & vol_ratio q3,-0.0008409469737387544,-1.0348925938381321,-1.8285849175248636,rejected,0.0,0.0674618138413412
days_to_earn q2 & mom_12_1 q2,-0.001565442926817629,-2.4302180016549246,0.4181854189845817,rejected,0.0,0.6758115556545511
dist_ma200 q2 & vol_ratio q3,-0.0007021886625202369,-0.6563060208957822,-2.1918977057151845,rejected,0.0,0.028386893786958398
ind_mom60 q1 & rel_ind60 q2,0.0006570554067957869,0.6066439242760482,2.241307969880373,rejected,0.0,0.025006133068009334
gap_today q0 & overnight20 q3,0.0007004058616589112,1.24524772769441,1.597450682915891,rejected,0.0,0.11016528251446016
r1 q1 & rel_ind60 q2,-0.0006962980448709819,-1.2670603106446348,1.5719793178438286,rejected,0.0,0.11595534780150146
r5 q3 & vol_surge5 q2,0.0009941999660866513,1.7336619284276078,-1.1013721800692557,rejected,0.0,0.2707347082305156
ear q1 & r20 q4,-0.0011541573574643527,-2.3016265514058474,-0.5330752216232341,rejected,0.009971529231621071,0.5939815106264227
frog q1 & log_dv q1,-0.00013689397234294975,-0.5951743602683299,2.227614046236381,rejected,0.0,0.025906263187556944
frog q1 & ind_mom60 q1,0.0010409705473222973,1.5133213547135576,1.3035545582620516,rejected,0.0,0.19238550289679568
ev_agreement q2 & rel_ind60 q2,7.457014928018333e-05,-0.3018556765582744,2.511238561258162,rejected,0.0,0.012030836332123533
frog q1 & r5_nonews q2,-0.00018279156676096568,-0.6686702065670727,2.139317607216087,rejected,0.0,0.03240995467270137
gap_today q3 & ind_mom60 q3,-0.0005734946318719347,-0.42491196432533435,-2.3779873940688345,rejected,0.0,0.017407421004090737
close_loc q3 & earn_in_week q1,0.0010100331442652207,2.1719690095164026,-0.6262754830980563,rejected,0.0,0.531134264367327
gap_today q3 & range_compress q0,0.0008088367519007395,1.7321045460525297,-1.059478926057253,rejected,0.0,0.28938172179346056
days_since_earn q2 & ind_mom60 q1,0.0006295356431540204,0.47243647230408714,2.3187069072791537,rejected,0.0,0.02041093375041044
ind_mom60 q3 & r1 q4,-0.0007503792103586658,-1.147666312175826,-1.6366652737119187,rejected,0.0,0.10170042869979246
ind_mom60 q3 & range_compress q2,0.0011235549154291588,1.4950088399697177,1.2883231376885138,rejected,0.0,0.19763350211985822
ind_mom20 q4 & r5 q4,0.00028848554354255634,0.8789276726610478,-1.8997925517373524,rejected,0.0,0.057460348771215995
ind_mom60 q2 & log_dv q4,-0.0013162527833074484,-1.8389711285466022,-0.9312778936417097,rejected,0.010643070120913213,0.3517098340676952
ev_agreement q2 & ins_officer30 q2,0.0001473974832423446,0.8546331154890262,1.9146233252764728,rejected,0.0,0.055540558256733416
ear_volsurge q4 & gap_today q0,0.0003613750696770718,0.16384338258780162,2.605138547336944,rejected,0.0,0.009183711555784378
ind_mom60 q1 & log_dv q1,-7.059044514492564e-07,-0.31226002590575025,2.4524397920613925,rejected,0.0,0.014189112255723104
log_dv q3 & overnight20 q3,-0.0008069701291004662,-0.873680484370475,-1.8909548923985955,rejected,0.0,0.058630365880177955
ev_shelf q2 & ind_mom60 q3,-0.0010261922887067738,-1.2214081543104496,-1.5386530671458598,rejected,0.0,0.12388901579240566
earn_in_week q1 & gap_today q4,-0.001195605441016804,-1.8990330059400657,-0.8475953837363694,rejected,0.02704616267130135,0.3966633460975374
ind_mom60 q3 & news5 q2,-0.0009996602463023714,-1.2266684177909788,-1.5187532555961365,rejected,0.0,0.1288246160104843
max20 q2 & vol_surge1 q4,-0.0006594729478602965,-1.3118482066486674,1.432167934402509,rejected,0.0,0.15209576614145612
ear q1 & ev_agreement q2,-0.0008502484765572979,-1.0984161260289826,-1.6445863531843885,rejected,0.0,0.10005514302186225
ind_mom60 q3 & ins_officer30 q2,-0.001018796928655213,-1.2087252589434885,-1.5310737395077239,rejected,0.0,0.12575116917896645
ear q1 & earn_in_week q1,-0.0013688690666181025,-2.3840719582342516,-0.35425868211733486,rejected,0.0,0.7231450293301795
frog q0 & r5 q3,0.00033052735357279274,0.8546620753935685,-1.8671827796820715,rejected,0.0,0.061876067530842016
earn_in_week q1 & r1 q4,-0.001133412588113118,-2.0072391886738887,-0.713926330475361,rejected,0.015251947680605274,0.475272734717349
mom_12_1 q2 & r1 q4,-0.0003235592691325996,-0.8316707215671333,1.8783126995899926,rejected,0.0,0.06033840025970559
ev_agreement q2 & ind_mom60 q3,-0.0011035687325619977,-1.363414810225137,-1.3413524294156676,rejected,0.0,0.17980605475939934
r5 q0 & rel_ind60 q1,0.0011688239382140744,2.0719730829995484,0.628877054894546,rejected,0.010628368525163827,0.529429548774333
news5 q2 & rel_ind60 q2,-0.0001007580264631035,-0.4793051820776515,2.220855003636722,rejected,0.0,0.026360783716933227
r5 q1 & rel_ind60 q2,0.0008376375522207393,0.8817571957488126,1.8096577765960555,rejected,0.0,0.07034887416969826
ev_agreement q4 & frog q1,-0.000664829394724998,-1.1851412407146453,-1.5048359499936375,rejected,0.0,0.13236625862380497
gap_today q3 & vol20 q3,0.0013632826436931554,2.2874611316636857,-0.40210224658118654,rejected,0.0,0.6876087794690977
ev_shelf q2 & ins_opportunistic30 q2,9.874282527918231e-05,1.1040286608892975,-1.5815034818414444,rejected,0.0,0.1137629634620023
gap_today q0 & r5_nonews q4,-0.0004193763344425093,-1.1060900556703028,1.5765286517025319,rejected,0.0,0.11490402105417179
gap_today q0 & ins_opportunistic30 q2,0.0005433369033834504,0.4848617714903979,2.192828026874044,rejected,0.0,0.02831977183290881
range_compress q2 & vol_ratio q4,0.0007184751226274106,1.3954168601094712,-1.281264061667792,rejected,0.0,0.2001009314932329
days_since_earn q2 & gap_today q4,-0.0012008009396734548,-1.6826892934201276,-0.9930994744430712,rejected,0.0,0.3206614800896922
ear_volsurge q4 & range_compress q2,0.001445401134090495,2.638183212107144,0.03256635583398035,rejected,0.0013117309260078228,0.9740203997463595
ear q1 & ev_shelf q2,-0.000845379651309944,-1.169430859254335,-1.4998439827120444,rejected,0.0,0.13365482123491598
ev_agreement q2 & vol_surge1 q3,-0.001122995966807514,-1.7418881434935882,-0.9244230528225897,rejected,0.009576530928158496,0.3552660968609915
frog q0 & r1 q4,-0.0008055490844104755,-1.0040253713638243,-1.6620280291223126,rejected,0.0,0.09650715461858209
days_since_earn q2 & log_dv q3,-0.00083388434721672,-0.9235856237254878,-1.7416285981153157,rejected,0.0,0.08157345385494456
ev_shelf q2 & min20 q4,-0.000783965865396105,-1.3187398822671623,1.3456833834232598,rejected,0.0,0.17840464747214446
gap_today q3 & r20 q4,0.0007155024866020282,1.370438931789421,-1.2885957938193655,rejected,0.0,0.19753864647963884
ev_agreement q2 & r60 q2,-0.0007077016815772837,-1.4022987510045404,1.25258320093746,rejected,0.0,0.21035743166999568
ins_opportunistic30 q2 & range_compress q0,0.000452658951697644,0.9124121227013853,-1.7399775688097174,rejected,0.0,0.08186295677521234
earn_in_week q1 & r5_nonews q1,-0.0011947957612967162,-1.956655906389067,-0.6942719836056749,rejected,0.01532443316427375,0.48751165729331364
frog q3 & ind_mom60 q1,0.0010151899738249624,1.2703022510443867,1.380563966295111,rejected,0.0,0.1674130691028377
frog q3 & r1 q4,-0.0005956342232073046,-0.5061553835144226,-2.1426099247098307,rejected,0.0,0.032144433563864254
ind_mom20 q4 & ind_mom60 q1,0.0004073150091265433,0.7495355908829313,1.8898818103208406,rejected,0.0,0.05877376879187476
ear q1 & intraday20 q1,0.0003227405270295425,0.7847113730376732,-1.8512131239064067,rejected,0.0,0.06413889844662533
ear q1 & ins_officer30 q2,-0.0008864319618726162,-1.2758253542792006,-1.3544941893577134,rejected,0.0,0.17557876595251548
ev_red_flag q2 & min20 q4,-0.0008242269393011817,-1.3498148286801641,1.2771227475173836,rejected,0.0,0.2015589150914401
days_to_earn q0 & ev_agreement q2,0.0011414229565723623,1.6114777107900533,1.0147413232035765,rejected,0.0,0.3102291504901068
ev_agreement q2 & range_compress q2,0.0006000070900217732,0.6325093732592826,1.9892836760790733,rejected,0.0,0.04666990043256409
r60 q4 & vol_ratio q3,-0.0011375692786382385,-1.8428489556457417,-0.7777793923833437,rejected,0.02735596341645531,0.4366990787038861
close_loc q1 & r5 q3,-0.0009031706589620417,-1.1270143175890812,-1.4905738699823896,rejected,0.0,0.13607340886342012
close_loc q1 & log_dv q1,0.0005805258837772958,0.6595193702405348,1.9573546286996555,rejected,0.0,0.05030578889483929
ev_shelf q2 & rel_ind60 q2,1.3479372202102995e-05,-0.3591697889694075,2.2532153599677094,rejected,0.0,0.02424557338954165
days_to_earn q0 & rel_ind60 q2,0.0005003295531192953,0.4114570246722458,2.188821086710953,rejected,0.0,0.028609846466592214
min20 q4 & r5 q1,9.488910964521457e-05,-0.18298493199851398,2.4120087529857863,rejected,0.0,0.015864900650630665
earn_in_week q1 & ind_mom60 q3,-0.0004190111243108737,0.41965710924146926,-2.174984991136659,rejected,0.0,0.02963124112689306
earn_in_week q1 & vol_surge1 q3,-0.0012684832344843182,-2.00118272289575,-0.5897244599035805,rejected,0.01737446486976624,0.5553753938756227
ind_mom60 q3 & range_compress q0,-0.000749957388564538,-1.6535417632986609,-0.93713869645485,rejected,0.015149094457840611,0.34868721864986124
gap_today q4 & ind_mom20 q4,0.00024322450627845734,0.8863114208323147,-1.7004427782882052,rejected,0.0,0.08904767107853062
ind_mom60 q1 & r5_nonews q0,0.0007176589411557108,1.2578602082400945,1.3254762680862677,rejected,0.0,0.18501323558921734
log_dv q1 & r5 q3,0.0003884500977766589,0.8922936859900127,-1.6901497841904254,rejected,0.0,0.09099930251824752
gap_today q4 & vol_surge5 q2,-0.0004066643377384759,-0.34991502295683086,-2.2317759988884944,rejected,0.0,0.025629771378289843
ev_red_flag q2 & ind_mom60 q3,-0.0008431218066726732,-0.9375261539221009,-1.6439134868423921,rejected,0.0,0.10019407389437564
atr_pct q0 & skew60 q4,0.0013281696409840258,1.6378352761202566,0.9375520205886262,rejected,0.011598232786882812,0.3484746781413235
gap_today q4 & vol_ratio q4,0.0002753032182694512,0.937507170463264,-1.6367384173824477,rejected,0.0,0.10168513810716172
ind_mom20 q1 & max20 q3,-0.0013687894987085365,-2.4954150695051713,0.07550584427472679,rejected,0.0,0.9398122477540694
days_since_earn q2 & earn_in_week q1,0.0009841231088187333,2.1863724535237417,-0.38447965799806116,rejected,0.0,0.7006229700318276
days_since_earn q3 & log_dv q1,-0.00017368266252169742,-0.6123109208052986,1.9558900502266567,rejected,0.0,0.05047810767919412
ind_mom20 q1 & vol20 q1,0.0010042446161338079,1.2816567475233986,1.2852860724716906,rejected,0.0,0.1986923352842682
close_loc q1 & frog q1,0.0006811022727998704,0.6958180729794802,1.8602887531729404,rejected,0.0,0.06284468390466766
ear_volsurge q4 & min20 q4,-0.0001144192595106068,-0.5155174411835173,2.0336769346782044,rejected,0.0,0.041984179203837624
ind_mom20 q4 & mom_12_1 q2,-0.0011644246860774356,-1.8109608199890679,-0.7308616151597271,rejected,0.02587078591458085,0.4648636838438641
frog q3 & ind_mom60 q3,-0.0007607784090476299,-0.9266547609170834,-1.6080919079935574,rejected,0.0,0.1078150512049704
intraday20 q2 & r1 q1,0.0013951411568025112,2.1205017209074324,-0.41252559345359735,rejected,0.0,0.6799542256708949
ins_opportunistic30 q2 & rel_ind60 q2,9.34986595688133e-05,-0.23158245529282623,2.3000652356513465,rejected,0.0,0.021444524455092324
close_loc q3 & ind_mom60 q3,-0.0005804431756887935,-0.5001670419514272,-2.025597754119702,rejected,0.0,0.042806021881241246
frog q3 & max20 q1,0.0005031492379283,1.0605347150412223,-1.464648729790234,rejected,0.0,0.1430167797104856
frog q0 & ins_opportunistic30 q2,-0.00014003148515661975,0.2381783886452142,-2.2850677948855855,rejected,0.0,0.022308852836844976
intraday20 q1 & r1 q0,0.0005204580032875433,1.1243203325638746,-1.3947144653073045,rejected,0.0,0.16310196104121802
ear_volsurge q4 & vol_ratio q3,0.0007839462826212214,1.3036239595500922,1.2133213053175544,rejected,0.0,0.22500700036411392
ind_mom20 q4 & r1 q4,-0.0002826262901754082,-0.1615767141658754,-2.355097718136786,rejected,0.0,0.018517835334685886
frog q1 & r60 q2,-1.268932031115909e-05,-0.47059986692701194,2.0457402698645177,rejected,0.0,0.040781931463431675
ind_mom60 q3 & r20 q4,-0.0007508537198351703,-1.1994483746314661,-1.3164058640221534,rejected,0.0,0.18803785528587846
gap_today q0 & r5_nonews q1,0.0009530206588548841,1.3546258512179277,1.1566720518485665,rejected,0.0,0.2474063723517908
ins_opportunistic30 q2 & mom_12_1 q2,-0.0004940485620369569,-0.9796490616704865,1.5299549179107932,rejected,0.0,0.12602788828304562
earn_in_week q1 & frog q3,-0.0007013579558426061,-0.6670357515083282,-1.8392102395179721,rejected,0.0,0.06588426919162618
frog q1 & r5_nonews q1,-0.00035670972337908626,-0.8606419220569211,1.6439059006688113,rejected,0.0,0.10019564113487865
ins_opportunistic30 q2 & log_dv q3,-0.0009306045806895845,-1.2513737751003553,-1.2458082322782127,rejected,0.0,0.2128348065685415
r20 q4 & range_compress q0,-0.00047750502543556373,-0.6331899686087071,-1.8639308950407099,rejected,0.0,0.062331409437699645
days_since_earn q3 & vol_ratio q3,-0.0009786397214638116,-1.3571212464548983,-1.1384791092906612,rejected,0.0,0.25492047725965655
ind_mom60 q1 & vol_surge5 q2,0.0010997265249761618,1.5777279775730169,0.9178460948167027,rejected,0.01107134840969666,0.3586994461438133
days_to_earn q0 & r20 q4,0.0009271128822317604,1.7148892126237107,0.7786005676949738,rejected,0.02507215518303022,0.4362150445671495
frog q3 & r20 q4,-0.0009894909863961887,-1.3717816084555758,-1.1214718221019289,rejected,0.0,0.2620870792195853
gap_today q2 & ind_mom60 q1,0.0006551566385391168,0.5828898607358919,1.9101564078192748,rejected,0.0,0.05611307798720506
log_dv q3 & r20 q4,-0.0008998328120577862,-1.3886361268027796,-1.1028846810926498,rejected,0.0,0.270077247527098
ind_mom60 q1 & intraday20 q2,0.0007872070135078845,0.8317726980426267,1.659577695391127,rejected,0.0,0.09699943849006096
ev_red_flag q2 & frog q3,-0.0006688420966259294,-0.8643486427919613,-1.6254941507972005,rejected,0.0,0.10405730915760351
ind_mom60 q1 & vol_ratio q4,0.000824570176544528,1.2180557824236264,1.271139019564129,rejected,0.0,0.20367919603507545
ev_agreement q2 & range_compress q0,0.0006837999832258225,1.207886677005848,-1.2789387190912147,rejected,0.0,0.20091863651162334
intraday20 q1 & min20 q4,-0.0005700279189137512,-1.1354063650166106,1.35097178823623,rejected,0.0,0.17670447004597267
days_since_earn q2 & log_dv q1,0.000557384605523969,1.1051032960138536,-1.378382261296742,rejected,0.0,0.16808529722473686
close_loc q1 & intraday20 q3,-0.00011075001559605324,-0.5151830975383822,1.9607549086078093,rejected,0.0,0.04990762040605751
ev_shelf q2 & r1 q1,0.000750490885869124,0.9742290879312361,1.500879157123499,rejected,0.0,0.1333868200269175
gap_today q3 & rel_ind20 q4,0.0006898356418028284,1.2946385426065563,-1.1782025523147137,rejected,0.0,0.23871586530727593
ins_officer30 q2 & rel_ind60 q2,0.0001593285977810013,-0.12814213990817788,2.3412700961682353,rejected,0.0,0.01921825819598575
close_loc q3 & ear q1,0.0001106983129455553,0.5009274735028174,-1.965238009113084,rejected,0.0,0.04938669666996599
r5_nonews q0 & vol20 q3,0.0009306225381160602,1.279457987252052,1.1864459804863108,rejected,0.0,0.2354462225312844
frog q1 & intraday20 q1,0.001360288237260346,2.004495918778009,0.44992965367492477,rejected,0.0,0.6527611648724537
gap_today q4 & log_dv q1,-0.0013553876564459289,-2.303878955536958,-0.14520654356441404,rejected,0.0020729977302138356,0.884547799675898
ear q1 & intraday20 q3,-0.0009480378648877174,-1.5788536967029747,0.8668444906697961,rejected,0.0,0.38602722127069183
r5 q1 & r5_nonews q1,0.0006531197345493782,0.7293757012426073,1.7154984205762154,rejected,0.0,0.08625388471992029
ins_buyers30 q2 & r60 q3,0.0016373006754294695,2.243228251036835,-0.20037029279665575,rejected,0.0,0.8411909912663202
ear q1 & gap_today q4,-0.0008560374410378654,-1.399562117685902,-1.0437953041990755,rejected,0.0,0.29658010464044277
r5 q1 & vol_surge1 q3,-0.00041242244588031966,-0.8815260510301707,1.5562707935956723,rejected,0.0,0.11964371340856246
atr_pct q3 & frog q1,0.0008676298447680473,1.104439181310356,1.332785881324144,rejected,0.0,0.18260208028776315
ind_mom20 q0 & max20 q1,-0.0010469451072523258,-1.5402642175985246,-0.8937984060477798,rejected,0.009480254774579007,0.3714297621816745
gap_today q0 & min20 q4,0.0006715882665636684,0.8288908554637787,1.6038710472538509,rejected,0.0,0.10874247990603433
ins_officer30 q2 & mom_12_1 q2,-0.000495502398352767,-0.9733939194288064,1.455130829554734,rejected,0.0,0.14563304566769963
ev_red_flag q2 & gap_today q4,-0.00035070974504531206,-0.2555840439886412,-2.1709052597452283,rejected,0.0,0.029938334669150992
r20 q4 & rel_ind20 q4,-0.0007166351776332235,-0.8249943923691704,-1.5932254386476778,rejected,0.0,0.1111096264003311
r1 q1 & r5 q1,0.0010171399806416766,1.258922175248135,1.1588758072583858,rejected,0.0,0.24650681152967208
r1 q4 & r5 q3,-0.0003332065951972453,-0.07349609191314235,-2.3435561407323005,rejected,0.0,0.01910088737251171
earn_in_week q1 & rel_ind20 q4,-0.0008100429869251767,-0.9734792261922679,-1.4429086322643763,rejected,0.0,0.1490462111346024
ind_mom60 q0 & rel_ind60 q2,0.0010360117224033883,1.4607068039378543,0.9535863748970251,rejected,0.00443354863307238,0.34029305528859655
range_compress q0 & vol_surge5 q2,0.0004031901754041884,1.5641612064497075,-0.8500512015308901,rejected,0.0,0.3952966203613695
days_to_earn q0 & range_compress q0,0.0005159748685140598,0.9625118508399555,1.450168566170017,rejected,0.0,0.1470115184106064
ev_shelf q2 & ind_mom20 q4,0.0006450134105060602,1.0772835515450416,-1.3283608380986769,rejected,0.0,0.1840589303159886
min20 q4 & overnight20 q3,-0.0014001942578832206,-2.055047323908459,0.3478073971071798,rejected,0.0,0.7279848340211552
atr_pct q3 & mom_12_1 q2,0.0004771549557917941,0.1883692807002431,2.2142645560433807,rejected,0.0,0.026810585315668035
ev_agreement q2 & ev_shelf q2,0.00023895759206798373,1.5583950752320883,0.8431656774427999,rejected,0.02897522406007688,0.39913579118699677
ev_shelf q2 & r20 q4,-0.0007661996296344611,-0.8584173416394139,-1.5430007452586616,rejected,0.0,0.12283059509646778
atr_pct q4 & max20 q1,-0.00014883992627671432,-0.9464639349039962,1.45424252091964,rejected,0.0,0.14587908004397962
earn_in_week q4 & ind_mom20 q2,0.0002507372582709327,1.1617666081088958,-1.2381113499803023,rejected,0.0,0.21567477596288517
rel_ind20 q0 & vol_surge5 q2,6.328287315749206e-05,0.4672924426659535,-1.925769425705471,rejected,0.0,0.05413317068983713
days_to_earn q0 & ev_shelf q2,0.0010394846442992824,1.4281251913517463,0.9621049844483875,rejected,0.0,0.33599687056997496
ev_shelf q2 & vol_ratio q4,0.0009396528149246407,1.3960586406816733,-0.9933274815649978,rejected,0.0,0.3205503891651668
gap_today q3 & news5 q1,0.0012568734974675569,1.8982267506787716,0.48902781052170474,rejected,0.0,0.6248220079394096
gap_today q4 & rel_ind60 q2,-0.0004131636879524262,-0.9039943379792705,1.4828396627680838,rejected,0.0,0.13811701537496449
gap_today q4 & vol_ratio q3,-0.001274223591772813,-2.355112547792463,-0.028340724936520754,rejected,0.005236351216961475,0.9773903998310336
r20 q1 & range_compress q4,0.0009565233440280897,1.1922925682198129,1.1899257273023163,rejected,0.0,0.2340755855514998
rel_ind60 q2 & vol_ratio q2,0.0004529178212397029,0.46139800247965546,1.9191620917712116,rejected,0.0,0.05496382338188194
days_to_earn q2 & overnight20 q3,-0.0008401608714657039,-0.9503999286224685,-1.4300667273952434,rejected,0.0,0.15269786861745066
dist_ma50 q3 & log_dv q3,-0.0009481008452034305,-1.1938102182074368,-1.18574130144919,rejected,0.0,0.2357244786627845
ev_agreement q4 & ins_officer30 q2,-0.000738785512367105,-0.8813815173125162,-1.4975251794729447,rejected,0.0,0.13425665885573418
ev_red_flag q2 & ins_officer30 q2,0.00016468350399123934,1.861810451381519,-0.5129858962946784,rejected,0.0,0.6079611864045984
ev_agreement q2 & frog q3,-0.0006517718141359055,-0.8273774754458373,-1.5465671427514196,rejected,0.0,0.12196765789143121
frog q1 & ind_mom20 q4,0.000354309702096986,1.6309872351268544,0.7418379496695658,rejected,0.027602052108233462,0.4581855245469568
intraday20 q1 & max20 q1,0.001055530360772684,1.3866944467225437,0.9858465649580016,rejected,0.0,0.3242084116117879
ear_volsurge q4 & log_dv q1,0.00015652460746011884,-0.049035291636851996,2.3229599557014478,rejected,0.0,0.020181303748676452
intraday20 q3 & news5 q2,-0.0005081375409221352,-1.023300898904511,1.3388182892223333,rejected,0.0,0.18062983529935955
news5 q2 & vol_ratio q1,0.0007573901459941081,0.8705500153288398,1.4909332832114623,rejected,0.0,0.13597901195495454
r5 q1 & vol_ratio q3,-0.001045902232182224,-1.7068841078940689,0.6493085185165478,rejected,0.0,0.5161389807822147
frog q3 & ins_opportunistic30 q2,-0.0007936822052710289,-1.1799923324797765,-1.1728296918755283,rejected,0.0,0.24086410866857758
ind_mom60 q1 & r5_nonews q3,0.00020258142564358284,-0.12182765769506115,2.2291954858301444,rejected,0.0,0.025800900769620137
frog q0 & ind_mom60 q3,-0.0005194689884264171,-0.3483700433027636,-1.9994668224822776,rejected,0.0,0.04555786814046908
dist_ma50 q4 & vol20 q2,0.00048598351513121644,0.9935761629747952,-1.3523842288671721,rejected,0.0,0.17625243196435642
close_loc q1 & r5_nonews q2,-0.0008033042198131857,-1.4591168611594636,0.8848358940768705,rejected,0.0,0.3762451471423439
dist_ma50 q4 & vol_ratio q3,-0.0011760171717004237,-1.9078476364914447,-0.4358718954233837,rejected,0.0,0.6629296771347066
frog q0 & r1 q1,0.0007747182899361924,0.8939145123221102,1.4497359080816805,rejected,0.0,0.1471321782923256
ear q1 & rel_ind60 q2,-0.0002097251031984839,-0.618054121705317,1.7223499020658206,rejected,0.0,0.08500615304944849
days_to_earn q2 & r5 q1,0.0008510039739736764,0.9940515227774273,1.3457058582961094,rejected,0.0,0.17839739632586415
ev_agreement q4 & overnight20 q3,0.0008770599705331197,1.9980258018808679,-0.3402818401406871,rejected,0.0,0.7336442915264316
gap_today q0 & ind_mom20 q4,0.0006608308572830937,1.0857622112987149,1.249183758000624,rejected,0.0,0.2115978711742769
mom_12_1 q2 & r5_nonews q3,-0.0010992155809984667,-1.4548486316627358,-0.8779681325311702,rejected,0.016387250027241625,0.3799610128343561
ind_mom60 q1 & intraday20 q3,-4.451379756788252e-05,-0.4922297799275578,1.8348292013442775,rejected,0.0,0.06653100043612957
ear q1 & r5_nonews q2,-0.0014196737675847473,-2.011154965439957,-0.31179780410294483,rejected,0.0,0.7551941929882366
news5 q2 & r1 q4,-0.0004544761403744978,-0.4183562283541167,-1.8992847596900917,rejected,0.0,0.05752704558157583
rel_ind20 q1 & rel_ind60 q4,-0.00029383968263607717,-0.9443608507354297,1.3692083469094445,rejected,0.0,0.17093415762316205
ev_agreement q4 & r20 q4,-0.00040985742633355116,-1.0655920874221243,-1.2476051405174882,rejected,0.0,0.21217569503741585
ev_agreement q2 & ins_opportunistic30 q4,0.00047625214949193205,0.7273837185861657,1.582827117907447,rejected,0.0,0.1134608740429515
ins_opportunistic30 q2 & r1 q1,0.0006913416996441548,0.88173697533365,1.4278951308423338,rejected,0.0,0.1533220453283892
earn_in_week q1 & range_compress q2,-0.000429939041529206,-1.1428317774894952,1.163960557774631,rejected,0.0,0.2444399962889316
close_loc q1 & gap_today q2,-0.00020121652183312222,-0.6371971292761286,1.6650804386268958,rejected,0.0,0.09589670879522064
frog q0 & ind_mom60 q0,0.0005274236704528311,1.1290451093896865,-1.1722191613051596,rejected,0.0,0.24110907732130618
range_compress q2 & rel_ind60 q2,-1.253254566057352e-06,-0.281671295854292,2.0184426544819307,rejected,0.0,0.043545180841672707
ev_shelf q2 & gap_today q4,-0.00035328433699201154,-0.2851860042071585,-2.0132769669313157,rejected,0.0,0.04408550008457835
gap_today q3 & min20 q4,-0.001334593695610578,-1.955714714560127,-0.34144448935006116,rejected,0.0,0.7327689875475952
ev_shelf q2 & frog q0,-7.088528409910885e-05,0.28212752444983563,-2.0126313076702775,rejected,0.0,0.04415343080889668
earn_in_week q1 & overnight20 q3,-0.0008209432866278564,-1.0688581117730902,-1.22235131755396,rejected,0.0,0.22157480065385446
r5_nonews q4 & range_compress q2,-0.0009940773898723045,-1.795068848007523,0.49572621050349314,rejected,0.0,0.6200875920443192
gap_today q2 & r20 q4,-0.0004982765626014103,-1.079922129555967,1.2098723434201886,rejected,0.0,0.22632788109349827
days_since_earn q3 & gap_today q0,0.000486248621059971,0.6312539147840107,1.6565206648509734,rejected,0.0,0.0976164237283738
dist_52wh q3 & vol_surge5 q1,0.0006009542476434237,1.039625629623169,-1.2432451645836216,rejected,0.0,0.2137775041984964
ev_agreement q2 & mom_12_1 q2,-0.00032955091840530256,-0.726527779801001,1.5520378191751185,rejected,0.0,0.1206531747049995
frog q3 & gap_today q2,-3.076296828966205e-05,0.24198251019199393,-2.035881580559312,rejected,0.0,0.041762247843463406
ev_red_flag q2 & rel_ind60 q2,8.674770761886635e-05,-0.20213410449908845,2.072234261002496,rejected,0.0,0.03824359973875884
days_since_earn q1 & r5 q4,-0.0006876371935782055,-1.0774379307893234,-1.1966250414606514,rejected,0.0,0.23145273551873347
frog q3 & log_dv q1,0.0009426733581696212,1.6430472600540034,-0.629308250507984,rejected,0.0,0.5291472709703708
r5_nonews q4 & vol_surge5 q0,-0.0009326746660475698,-1.6942348124418236,-0.5769900983493504,rejected,0.02060551380083048,0.563946144415683
frog q1 & gap_today q4,0.0004047649614214711,1.3132485509303582,0.9572025821821132,rejected,0.0,0.338465013998565
ins_officer30 q2 & range_compress q0,0.000585378850864229,1.0435085205547645,-1.2222387029849777,rejected,0.0,0.22161737182097388
frog q3 & gap_today q4,-0.0013281419116113844,-2.209120750615766,-0.054494017656918095,rejected,0.0,0.9565415747276587
rel_ind20 q4 & vol_ratio q3,-0.0012634469209099745,-2.049696097865825,0.21277796012270095,rejected,0.0,0.8315001553707617
ev_agreement q2 & r1 q4,-0.0009186299646316121,-1.1185221349461503,-1.1417546886544552,rejected,0.0,0.2535560015379861
ear q1 & gap_today q2,-0.0012086699248761406,-1.6976046076272278,-0.5619691959222581,rejected,0.014621887985074895,0.5741370069319556
ev_red_flag q2 & r1 q4,-0.0007225144871476648,-0.8044957870984337,-1.4548934772048379,rejected,0.0,0.14569875389955464
frog q0 & overnight20 q3,-0.00015044568783457223,0.15821366393702013,-2.099586223419612,rejected,0.0,0.03576525570705496
ev_agreement q2 & r1 q1,0.000575149309084314,0.671084833774276,1.5856146560975066,rejected,0.0,0.11282674952044001
dist_ma50 q0 & frog q0,0.0002816137416317756,0.7752756383145396,-1.480647415866388,rejected,0.0,0.13870055316145577
days_since_earn q4 & ev_offering q2,0.001269518511527827,1.6843975281171992,0.5713110380055998,rejected,0.018849361049393675,0.567788820787531
gap_today q4 & ins_opportunistic30 q2,-0.00048788290320486423,-0.4920739878849363,-1.7625099908377468,rejected,0.0,0.07798316986575503
earn_in_week q1 & r5_nonews q2,-0.0008988934666835684,-1.9408155373938922,0.31053779952670335,rejected,0.0,0.7561520193579205
ev_red_flag q2 & vol_ratio q4,0.0008550434856590045,1.2831050832069069,-0.9655532377529831,rejected,0.0,0.33426778421797654
frog q3 & vol_ratio q3,-0.0007817357996859683,-0.976889195419639,-1.2715754875636764,rejected,0.0,0.2035239906848457
frog q1 & mom_12_1 q2,-0.0008355428279475855,-1.4018164886544846,0.845261883206026,rejected,0.0,0.3979646377902224
ear_volsurge q4 & ind_mom60 q1,0.0007635104441247215,0.9432606774375092,1.3019266682523627,rejected,0.0,0.19294145500503487
ear q1 & vol_surge5 q2,0.0005395361115487005,1.0089746913689592,-1.2359289319828328,rejected,0.0,0.21648498157068038
r5 q2 & vol_surge1 q3,-0.0014726787008340196,-2.206786093990365,0.038019067280133885,rejected,0.0,0.9696724795267674
ev_red_flag q2 & log_dv q3,-0.0007075144804749397,-0.9070757055551439,-1.3343038171634205,rejected,0.0,0.18210430712337786
min20 q4 & r1 q1,0.0005997341654220375,0.6215844180621177,1.619454965446698,rejected,0.0,0.10534940865052503
ev_agreement q2 & vol_ratio q4,0.0009567300778986265,1.4075282419657744,-0.8301806740138615,rejected,0.0,0.406436640222031
ev_shelf q2 & mom_12_1 q2,-0.0003275969025502822,-0.7325587957893755,1.5007590251758356,rejected,0.0,0.1334179002088291
mom_12_1 q3 & r20 q3,-0.000584637788886779,-0.5360873388559028,-1.6966543548107236,rejected,0.0,0.08976202705223356
days_since_earn q3 & r1 q4,-0.0008070791051475969,-1.1389565062336469,-1.0928100263242009,rejected,0.0,0.2744772185293668
atr_pct q3 & earn_in_week q1,-0.0009642266348174872,-1.362931034438921,-0.8612367636430565,rejected,0.021039284430816704,0.3891076558538425
ear_volsurge q4 & gap_today q3,0.0011160386997178557,1.8635664615571477,-0.36033093177486747,rejected,0.0,0.7185996705090812
ev_shelf q2 & r1 q4,-0.0008626966023884665,-1.0297560539074981,-1.1911933294705637,rejected,0.0,0.23357769761812539
gap_today q4 & min20 q4,-0.0014102565780685816,-2.1783407967215274,-0.04068041380228177,rejected,0.0,0.9675506761898962
days_since_earn q2 & min20 q4,-0.0005828122623913925,-1.0863124673792341,1.1317094666482892,rejected,0.0,0.25775660025461833
gap_today q4 & ind_mom60 q0,-0.0004909365262964475,-0.48865557114514147,-1.725685636382064,rejected,0.0,0.0844039835017586
dist_ma200 q0 & r5_news q4,-0.00013527861993693205,-0.7700516501535588,1.4371961661556147,rejected,0.0,0.15066226206260183
days_to_earn q0 & ev_red_flag q2,0.0009919883967209194,1.3893245932560554,0.815502839017298,rejected,0.03292564099150617,0.4147845401607345
frog q1 & overnight20 q3,0.0007079750707066501,0.8886044910877724,1.3153317034593848,rejected,0.0,0.1883984476439157
ev_red_flag q2 & frog q0,-6.292567699850589e-05,0.2823803787923992,-1.9177130074338715,rejected,0.0,0.05514741149091262
frog q3 & rel_ind20 q4,-0.0010087657201488874,-1.4001370863438547,-0.799717322171939,rejected,0.029100008604684233,0.4238745944425418
gap_today q0 & ind_mom60 q1,0.00044255049744412316,0.601847986310143,1.5957499063167213,rejected,0.0,0.11054464145609995
mom_12_1 q2 & vol_ratio q3,-0.0012661203300687548,-1.9319623851975118,0.26313885106054646,rejected,0.0,0.7924435599706311
ev_agreement q4 & vol_ratio q1,-0.0004953376864330912,-1.31489763368255,0.8801219267041682,rejected,0.0,0.3787932619942357
earn_in_week q1 & intraday20 q3,-0.0007447546974452756,-1.7397004930611688,0.4518218637895023,rejected,0.0,0.6513973176143737
gap_today q3 & rel_ind60 q0,0.0006532165011600258,1.2779417460709748,-0.9127093616139407,rejected,0.0,0.36139541899460503
ev_red_flag q2 & intraday20 q1,0.00045676735133882946,0.9776252093456425,-1.2124698176189903,rejected,0.0,0.22533258937828163
overnight20 q3 & rel_ind20 q4,0.00041704520054040427,0.837258244711521,-1.3521736635534547,rejected,0.0,0.17631976664099705
ear q0 & frog q2,-0.00015183025761327423,-0.7100783454411417,1.4779315578532919,rejected,0.0,0.13942609847515347
ind_mom20 q4 & overnight20 q3,0.00042117077471262414,0.9072985649219801,-1.2804685368090416,rejected,0.0,0.2003804033294075
frog q1 & vol_ratio q4,0.00043898125358767095,1.488827959175019,0.6986015013240873,rejected,0.011213397374176783,0.48480110521955533
r5 q3 & rel_ind20 q4,0.0005843762241073936,1.0906332760139905,-1.0962945330286855,rejected,0.0,0.2729499010929029
ins_buyers30 q2 & r5 q3,-0.0005287322441191468,-0.5356464092525512,-1.650449879537902,rejected,0.0,0.09885095641891349
days_to_earn q2 & frog q1,0.0006670859881338464,1.923520239405712,0.26116985488366695,rejected,0.0,0.7939615238784126
ev_agreement q2 & log_dv q3,-0.0006831274583642609,-0.8510500270712229,-1.3324382422910626,rejected,0.0,0.18271622258345013
days_to_earn q2 & ev_agreement q4,-0.0005337724250300937,-1.558087662358655,0.6239545838295839,rejected,0.0,0.5326574117406532
ev_agreement q2 & ind_mom20 q4,0.0006953776017412079,1.1306520096423058,-1.0510104253108297,rejected,0.0,0.29325380171206655
close_loc q1 & news5 q2,0.00011867165178948304,-0.12123115713853111,2.0582788317347567,rejected,0.0,0.03956337500611109
ev_agreement q4 & r5 q3,-0.0003870754625188496,-0.6837584168284143,-1.4927881860074466,rejected,0.0,0.13549264072988698
gap_today q2 & r5 q1,0.0005484950776312303,0.48046104487252317,1.6947906675483222,rejected,0.0,0.09011513849351942
min20 q4 & r5 q3,-0.0011100231252634519,-1.4700005973965067,-0.7023740221470968,rejected,0.01064475359557935,0.4824459415483808
days_to_earn q2 & gap_today q4,0.00025878132303622996,0.742772043519092,-1.4278507446801094,rejected,0.0,0.1533348233399062
ins_opportunistic30 q2 & range_compress q2,0.00039586395713793,0.33078780495202975,1.8390189280198468,rejected,0.0,0.06591240211117133
frog q0 & r5_nonews q1,0.0006447735612647008,1.2434095512993482,-0.9263362541164484,rejected,0.0,0.35427126069928255
frog q1 & range_compress q0,0.0002922657050055452,1.3028127510856848,0.8651425563530502,rejected,0.022477514847410646,0.3869605495032617
ev_shelf q2 & intraday20 q1,0.0006211475037808889,1.1707729934303168,-0.9874453070627865,rejected,0.0,0.3234243826525118
intraday20 q1 & mom_12_1 q2,-0.0005945894163973921,-1.1483444352099859,1.0062648855931302,rejected,0.0,0.31428816704738355
skew60 q3 & vol_surge5 q4,-0.0007898754922215421,-1.3879680656898157,0.7617638372663066,rejected,0.0,0.44620096720097024
intraday20 q3 & vol_ratio q3,-0.001271757755141846,-1.8937224824356738,-0.25491331004008255,rejected,0.0,0.7987900558731028
ev_red_flag q2 & ind_mom20 q4,0.0005694275805094844,0.9593206228061446,-1.1892658270471166,rejected,0.0,0.23433507817943258
ind_mom20 q4 & r20 q4,-0.0005554890281711849,-0.6957316401004419,-1.4505284014327215,rejected,0.0,0.14691122503828888
ev_red_flag q2 & r1 q1,0.000627752507579408,0.7887197269362834,1.3569284007713123,rejected,0.0,0.17480396169637066
ind_mom20 q3 & log_dv q3,-0.00080869017437967,-1.0858735309409466,-1.05789526657869,rejected,0.0,0.29010319341844865
close_loc q0 & ins_buyers30 q4,0.000597347357318483,1.9578468872304717,0.18568982136016823,rejected,0.006594304342047854,0.8526880108775688
r60 q4 & range_compress q1,-0.0011323238323862526,-1.6974759571605367,0.44569821805591414,rejected,0.0,0.6558152519397616
dist_ma200 q0 & gap_today q1,-0.0004485767445143297,-0.6700280855530383,-1.471310060853321,rejected,0.0,0.14120728370932087
ev_red_flag q2 & vol_surge5 q2,0.0005171119524340955,1.0406121836123297,-1.0989663064997701,rejected,0.0,0.27178276272627594
news5 q2 & overnight20 q3,6.157429870050391e-05,0.3425331921939819,-1.7960860350074987,rejected,0.0,0.07248083507730396
days_to_earn q2 & r5_nonews q2,-0.0006979727354650648,-1.2675326489459795,0.868784127171116,rejected,0.0,0.3849652165622893
ind_mom60 q1 & r60 q2,0.0002022163367392945,-0.09794227170295139,2.037971579116229,rejected,0.0,0.04155277524640811
ev_agreement q2 & intraday20 q3,-0.000220401856841799,-0.6242580277645714,1.5017162580382504,rejected,0.0,0.13317040328469437
gap_today q4 & r1 q4,-0.0007458276738991739,-1.0703444092347913,-1.055195225331386,rejected,0.0,0.2913360474149799
days_since_earn q2 & vol_surge1 q3,-0.0012936218497133897,-2.103255428719231,0.020054422503726875,rejected,0.0,0.9839999583980673
ev_agreement q4 & r5_nonews q2,-0.0006995808506070455,-1.3980350367942553,-0.7252003677743595,rejected,0.019942069767215295,0.4683291172693046
mom_12_1 q0 & r120 q1,0.0007601940226356408,0.9766774229855987,1.1419204552257325,rejected,0.0,0.2534870852376981
ind_mom20 q4 & range_compress q0,0.00040418117978280544,1.1600895041570058,-0.9578752734947018,rejected,0.0,0.3381256562700589
atr_pct q2 & ear_volsurge q0,0.0005229786750955319,1.1778750619462377,-0.9385817209853189,rejected,0.0,0.3479455413003837
earn_in_week q1 & ind_mom60 q0,-0.0006946114266326478,-1.6682159736497044,0.4476851534751522,rejected,0.0,0.6543804379082971
earn_in_week q1 & ind_mom60 q1,-0.0006699710126438041,-1.4389351728556659,0.6767408883678244,rejected,0.0,0.4985703688911063
ins_opportunistic30 q2 & overnight20 q3,0.00020860484501385306,0.586967370886842,-1.5285132122014313,rejected,0.0,0.12638516570145486
ev_red_flag q2 & r20 q4,-0.0006754112136555796,-0.7669878421420372,-1.3466299668454027,rejected,0.0,0.1780994378320898
atr_pct q2 & rel_ind20 q0,-2.24898388261687e-05,0.3564076334058603,-1.7541740838448305,rejected,0.0,0.07940068250216505
max20 q1 & r20 q0,-0.0009856337851046233,-1.4862559081918103,-0.623844401126495,rejected,0.013194752268258923,0.5327297767787702
close_loc q1 & gap_today q0,0.0004741091531151663,0.654188487630908,1.4554727776304812,rejected,0.0,0.14553842121921898
ear_volsurge q3 & r5_news q2,0.0010082618846903397,1.6957116743046174,-0.4116327079202216,rejected,0.0,0.680608654211095
dist_52wh q3 & r60 q2,-0.0010457491337489942,-1.6303768265228418,0.4738305705239446,rejected,0.0,0.6356207327507062
ev_agreement q2 & gap_today q4,-0.0003809917382380474,-0.3437880946210726,-1.7590219198782684,rejected,0.0,0.07857378551491984
ind_mom60 q1 & min20 q4,0.00010838480581801474,-0.18249089047826808,1.9164776570008275,rejected,0.0,0.05530432449243444
earn_in_week q1 & news5 q1,4.0896986878614306e-05,0.6879770881069871,-1.4012471005937097,rejected,0.0,0.16114019396316082
ind_mom60 q1 & r1 q0,0.0006099424275062878,0.9368494227564883,1.1501537680471141,rejected,0.0,0.2500805440381537
ins_opportunistic30 q2 & r5 q3,-0.0005204539251424811,-0.5479759757970014,-1.5327973153309573,rejected,0.0,0.12532580233336887
ev_red_flag q2 & vol_ratio q1,0.0006667226569603968,0.8209662340058788,1.2594362757699333,rejected,0.0,0.2078727936614167
ear q4 & news5 q1,0.0007451381139341499,1.6884596499437556,-0.39098089958003923,rejected,0.0,0.6958113543045574
log_dv q1 & r5_nonews q2,0.0008068909724153162,0.9764394474716179,1.1018002139088428,rejected,0.0,0.27054853737479906
ins_officer30 q2 & range_compress q2,0.0003700506331548559,0.2927680025182713,1.7851965399243264,rejected,0.0,0.07422944301863184
ind_mom20 q4 & news5 q2,0.000690091102685475,1.1255007965014228,-0.9518848722482894,rejected,0.0,0.3411553724180952
close_loc q3 & gap_today q0,0.0005633992810863616,0.9401462528766894,1.1352973735519023,rejected,0.0,0.2562507423144271
ear q1 & r1 q1,0.0004478014755218849,0.860645127899702,-1.2129813790113793,rejected,0.0,0.225136939922611
close_loc q1 & rel_ind60 q2,6.926255698715737e-05,-0.17951764746945245,1.8938847447794291,rejected,0.0,0.05824030980766387
ind_mom60 q3 & overnight20 q3,-0.00076660114783991,-0.9717738506583254,-1.0999633817960033,rejected,0.0,0.2713480769250136
ev_red_flag q2 & range_compress q2,0.0004268393164410866,0.4253786245619493,1.6449078140001836,rejected,0.0,0.099988823266165
dist_ma50 q1 & ev_offering q2,0.0012451666184886197,1.9613738848170252,-0.10834564999022869,rejected,0.0,0.9137215122622453
dist_52wh q1 & frog q3,-0.0007146830776909103,-1.1168323845277925,-0.9501119477652116,rejected,0.007306865053774674,0.3420553729545159
frog q0 & rel_ind60 q2,0.0008510749028161811,1.2031304303320447,0.8584062704615049,rejected,0.018621618756399276,0.3906681663444571
ev_agreement q2 & vol_ratio q1,0.0008212988937465294,1.0875253573192483,0.9712715921295587,rejected,0.0015508004899150432,0.33141305119247166
gap_today q4 & intraday20 q3,-0.0009599312718543183,-1.627505348663767,0.4305406005771174,rejected,0.0,0.66680243934881
log_dv q1 & vol_ratio q4,-0.0010895166206160436,-1.9121314883379539,-0.14385240495595478,rejected,0.003294868751729434,0.8856170200140567
gap_today q4 & ind_mom60 q3,-0.0006433989740331856,-1.1212775628360379,-0.9326553925954615,rejected,0.012156856756820576,0.35099792335037955
intraday20 q3 & rel_ind60 q2,-0.000402007398142579,-0.7830616211233821,1.2642201050654651,rejected,0.0,0.20615103653476474
ev_agreement q4 & rel_ind60 q0,-0.0004155975660736328,-1.192265815019015,-0.8526526248896772,rejected,0.019816834799205173,0.3938519700826668
close_loc q1 & vol_ratio q4,-0.0003309882097715508,-0.2768182012082173,-1.7656393345014405,rejected,0.0,0.07745637650290159
ear q2 & ind_mom60 q4,0.0004379188734567139,1.257935474780062,-0.782614752495244,rejected,0.0,0.43385337570568594
ev_red_flag q2 & overnight20 q3,0.00022201832512286522,0.6145605265177965,-1.4234271786638741,rejected,0.0,0.15461235832259823
frog q0 & news5 q2,-5.247134129779014e-06,0.30793382590772134,-1.7258121860572457,rejected,0.0,0.08438120678278453
frog q0 & ins_officer30 q2,-0.00020915745299013847,0.054772269638481696,-1.9765700210290196,rejected,0.0,0.04809025362396287
gap_today q0 & range_compress q2,0.0006132910840889071,0.847697666347156,1.180557697025733,rejected,0.0,0.23777847715034825
intraday20 q1 & r1 q4,-0.0003005718572271904,-0.22637419049089982,-1.8003170466758303,rejected,0.0,0.07181059073820796
ev_shelf q2 & news5 q1,0.00017141263266208834,0.9624078388616734,-1.061767231262351,rejected,0.0,0.28834136942085936
gap_today q4 & range_compress q2,-0.0005348012131207097,-1.1225736039020318,0.899007499434764,rejected,0.0,0.3686486660971651
ear_volsurge q0 & skew60 q0,-0.00039747099131452805,-1.699077211967013,0.3215711620665587,rejected,0.0,0.7477775936333944
days_to_earn q2 & ind_mom60 q3,-0.00039127877153712586,-0.2878106956227492,-1.7290764012959576,rejected,0.0,0.08379542209710944
r1 q1 & vol_ratio q0,0.0006925209507239148,0.7933546633393624,1.22192866173123,rejected,0.0,0.22173460556467245
ear_volsurge q4 & mom_12_1 q2,0.0007494546163823362,1.3464602373707695,-0.6668493899585266,rejected,0.0,0.5048683410223569
min20 q4 & news5 q2,-0.0005954761281635422,-0.9702470121162329,1.0413514687928642,rejected,0.0,0.2977124575954073
mom_12_1 q2 & rel_ind60 q0,-0.0005248721367731772,-1.3448122514199243,0.662696141668145,rejected,0.0,0.5075251813760975
days_to_earn q3 & max20 q4,-0.0008430339838201282,-1.7953364872806719,0.21006672652251235,rejected,0.0,0.8336155944331746
ev_agreement q2 & gap_today q3,0.0001560351302323199,0.48917335771159726,-1.5143341698400852,rejected,0.0,0.12994110632895509
intraday20 q3 & r1 q1,0.0006771464084601764,0.7399245035296015,1.2635797189437958,rejected,0.0,0.206380916773767
ev_shelf q2 & overnight20 q3,0.0001951797928369667,0.564189000283352,-1.4362993254170597,rejected,0.0,0.15091718592909684
frog q4 & r20 q0,-0.0005554939579466004,-1.3850385474123945,0.6153094521701683,rejected,0.0,0.5383503764932805
min20 q1 & r5_news q2,0.0012671742544744268,1.8340204964847824,0.16629790608439465,rejected,0.006905422125729066,0.8679225138063378
earn_in_week q1 & vol_ratio q4,-0.0009525729018214378,-1.9391420413701066,-0.05877109475749515,rejected,0.0,0.9531344316934919
close_loc q3 & rel_ind20 q0,0.0006927715677920301,1.5649536243543878,-0.43227528925572956,rejected,0.0,0.6655413447170478
earn_in_week q1 & vol_ratio q0,-0.00019062454792505998,0.2218797659435136,-1.758524649369444,rejected,0.0,0.07865828125306562
close_loc q4 & ind_mom20 q0,0.0005393669167831311,1.1446313318069925,-0.8351421161201629,rejected,0.0,0.4036376960095328
news5 q2 & r20 q4,-0.0007273219423400908,-0.9740439148740195,-1.0035672136613312,rejected,0.0,0.3155872643887839
gap_today q0 & r5_nonews q2,0.00024075053146817987,-0.1271174369942762,1.84811005166269,rejected,0.0,0.06458642396938731
overnight20 q4 & rel_ind60 q4,-0.0010400529774797463,-1.7765740639635779,0.19860194478344745,rejected,0.0,0.8425741321993524
ear q1 & news5 q2,-0.0007473362201338557,-1.0230436643758984,-0.9520585395595763,rejected,0.003903563428725967,0.3410672942188456
ev_shelf q2 & r5 q3,-0.00045421992555862915,-0.4462976122975481,-1.5284996200932963,rejected,0.0,0.12638853778917938
ear q1 & ind_mom60 q0,-0.0006878022589016767,-0.8760247164120827,-1.0977423900278984,rejected,0.0,0.27231699394647435
dist_ma200 q1 & ind_mom60 q1,7.62335195549776e-05,-0.2101185504982706,1.7622899620954107,rejected,0.0,0.07802031898258804
r5_nonews q3 & vol_surge5 q4,-0.0004209121268547284,-0.43432899267644054,-1.5365401248781358,rejected,0.0,0.12440596465092026
ev_red_flag q2 & intraday20 q3,-0.00017227402054700822,-0.5282779764644481,1.439331684350688,rejected,0.0,0.15005656988358448
min20 q4 & vol_ratio q1,-0.001246086907573169,-1.785365718830944,0.18209135848434843,rejected,0.0,0.8555110302931023
min20 q3 & r5 q2,-0.0006560167837672612,-0.7208576581610173,-1.2463661644318313,rejected,0.0,0.2126299972550705
ev_shelf q2 & rel_ind20 q4,-0.000549012872862741,-0.5681874006495826,-1.3982333512038652,rejected,0.0,0.16204300465461718
ind_mom20 q1 & min20 q2,0.0006270230555848829,1.1065094025055813,-0.8590007623950086,rejected,0.0,0.3903400953844651
days_to_earn q0 & overnight20 q3,0.0007381907945116295,1.3890094971230622,-0.5739495756198333,rejected,0.0,0.5660019238734507
gap_today q4 & ins_officer30 q2,-0.00043300950545010184,-0.44372981231798336,-1.5160114617177507,rejected,0.0,0.12951645422168195
ev_shelf q2 & log_dv q3,-0.0004837026720011218,-0.5241245753339216,-1.4338207114286277,rejected,0.0,0.15162343297354489
ind_mom60 q1 & overnight20 q3,0.00041941211149343436,0.37315348469415704,1.5778192214756572,rejected,0.0,0.11460714669331255
range_compress q4 & skew60 q0,-0.00030136684274108694,-0.6633069712481451,1.2823331007844632,rejected,0.0,0.19972582109469406
days_to_earn q0 & log_dv q3,0.0004407299476479244,0.9549067838558324,-0.988605534545302,rejected,0.0,0.3228561772937847
dist_ma50 q4 & r1 q3,0.0006766778046866759,1.2428169963730866,-0.6992114374591651,rejected,0.0,0.4844199038486586
ear_volsurge q0 & ind_mom20 q4,-0.0009643580754462247,-1.60140404187387,-0.34049293552531945,rejected,0.0,0.7334853419615317
gap_today q3 & ins_opportunistic30 q2,6.11628029739699e-05,0.34768106074033744,-1.5925862191281905,rejected,0.0,0.11125304707821856
days_to_earn q2 & r120 q0,-0.0005060707521836529,-0.6644944912141548,-1.2740457137914278,rejected,0.0,0.20264721568046093
days_since_earn q2 & ev_red_flag q2,-0.0005326947056242443,-0.6819415025712087,-1.252709066520294,rejected,0.0,0.21031160519347025
frog q1 & rel_ind60 q0,0.0008588583502174267,1.2330298861522972,0.6998450666441459,rejected,0.010975764913845163,0.4840240667923147
ev_agreement q4 & vol_ratio q4,-0.0005191559469848166,-1.270854671327906,-0.6619397511439552,rejected,0.012353746926473787,0.5080098347352971
days_to_earn q2 & range_compress q2,-0.0003897993070194889,-0.8470220017059582,1.0856431694291944,rejected,0.0,0.2776368928056169
intraday20 q1 & r1 q1,0.0006621429188239468,0.7835733164153235,1.1463190499809177,rejected,0.0,0.25166316345506023
ev_agreement q4 & ev_shelf q2,-0.000522993296919638,-0.551722752874983,-1.3751663359064323,rejected,0.0,0.16907988238822447
intraday20 q1 & log_dv q1,0.0008935427864845994,1.227916717412211,0.6978224201746894,rejected,0.01058979679833763,0.4852882560921117
ev_agreement q2 & vol_ratio q0,-0.00022004068965871283,-0.5788182713283698,1.3438914791739873,rejected,0.0,0.17898348179765292
r1 q3 & range_compress q4,-0.0002807580907455039,-0.6638627866851682,1.2533300751247565,rejected,0.0,0.21008560755008068
r5 q1 & vol_ratio q0,0.000446623246665178,0.38467943015227496,1.5313744096788164,rejected,0.0,0.12567688492858234
close_loc q2 & earn_in_week q4,-0.00020877931469802047,-1.06111618055878,0.8539218918388611,rejected,0.0,0.3931482688617982
ev_agreement q2 & intraday20 q1,0.0005245337384598625,1.009563084424126,-0.8983193022943552,rejected,0.0,0.3690153448118139
gap_today q0 & news5 q1,-0.0008755784701828179,-1.646543795400215,-0.25771140319341024,rejected,0.0,0.7966296448350155
gap_today q4 & r60 q2,-0.000978973202028637,-1.6993982041511653,-0.20377530375333788,rejected,0.005363525108430012,0.8385290926505526
ins_officer30 q2 & r5 q3,-0.0004524182331396504,-0.4545111012047102,-1.4453799401894172,rejected,0.0,0.1483511947796037
frog q1 & ind_mom60 q0,0.0003664175193031612,0.33682695905837134,1.5606083205679417,rejected,0.0,0.11861619436152841
atr_pct q3 & rel_ind60 q2,0.0003916755650601003,0.3669088728419172,1.527821120569505,rejected,0.0,0.1265569568682715
ear q1 & vol_ratio q4,-0.00027811227654027273,-0.17707079428341688,-1.7167059683426333,rejected,0.0,0.08603290910902933
range_compress q0 & rel_ind20 q4,-0.0002027606610136353,-0.106097408609507,-1.7865854847646783,rejected,0.0,0.07400450945191876
ind_mom20 q4 & r5 q3,-0.0006196643654862308,-0.7086744083323394,-1.1822499814519067,rejected,0.0,0.2371065258921129
earn_in_week q1 & intraday20 q1,-0.000974267869578681,-1.4014261911765398,-0.486230041741411,rejected,0.0,0.6268040737694381
ev_agreement q4 & ind_mom20 q4,-0.0004417742433805255,-1.1152514210090698,-0.771221086610671,rejected,0.021890277025411176,0.4405758975137732
log_dv q2 & news5 q1,-0.00022021195039071634,0.19518476209474955,-1.6894995206730248,rejected,0.0,0.09112374364096924
overnight20 q3 & rel_ind60 q2,-9.006339909888735e-07,-0.37147288367500647,1.5131482968910286,rejected,0.0,0.13024199397029187
ins_buyers30 q4 & intraday20 q2,0.0006825833038409429,1.6062198684293512,-0.2780927217650109,rejected,0.0,0.780941182659696
mom_12_1 q4 & vol_ratio q4,0.00043656193961816086,1.3725208749196918,0.5105210940071926,rejected,0.0037024506700483587,0.6096864403199835
dist_ma50 q1 & ear_volsurge q3,-0.00022809972214839482,-0.019971229415151684,-1.8617454308123398,rejected,0.0,0.06263898158182671
ear_volsurge q1 & max20 q2,-4.342458963880913e-05,-0.38590024717384985,1.49465336253559,rejected,0.0,0.13500493172290184
r5 q1 & r60 q2,4.736818763649557e-05,-0.2566860304983705,1.623295177831218,rejected,0.0,0.10452631989456135
close_loc q1 & vol_ratio q0,0.00027276272268335653,0.1285560769381002,1.7487388917772333,rejected,0.0,0.08033616404514414
ev_shelf q2 & r5_nonews q2,-0.0005050800054481791,-1.061738313436652,0.8150481305138795,rejected,0.0,0.41504476034840004
ev_red_flag q2 & ins_opportunistic30 q4,0.0005126164045628387,1.0056290598222055,0.8702898168143897,rejected,0.018508364629738663,0.38414204251414674
frog q0 & ind_mom60 q1,0.00042625923319728354,0.3907676964191575,1.4820725970779212,rejected,0.0,0.13832097927782563
gap_today q0 & r120 q3,0.0006273692768465464,0.8769656083784918,0.9952498667930184,rejected,0.0,0.3196147539603561
ind_mom60 q3 & rel_ind20 q4,-0.0006182960055146838,-1.0852109626777773,-0.7857369422362307,rejected,0.026251416610061737,0.4320216157907533
r1 q1 & range_compress q2,0.00020990912123143227,-0.011926537983355686,1.8588922717664906,rejected,0.0,0.06304240975578754
mom_12_1 q2 & r120 q4,0.0006278447311455748,1.2253909868612205,0.6453256184204478,rejected,0.015005906153280341,0.5187161943197682
earn_in_week q1 & range_compress q0,-0.0001270314455090955,-0.0010482224160751205,-1.8676374873210948,rejected,0.0,0.061812617478045305
max20 q2 & overnight20 q4,9.979596307563686e-05,-0.19870060591085845,1.668243338584993,rejected,0.0,0.09526743084148873
frog q1 & rel_ind60 q1,0.00044974304818822257,1.5968858293977837,0.2689618128929728,rejected,0.0,0.7879590690444179
ev_shelf q2 & vol_ratio q1,0.0006225122471042566,0.7867130655472264,1.0784346565775338,rejected,0.00011317100621398159,0.2808398278175111
days_since_earn q1 & frog q3,-0.0010787202040302831,-1.593455477381463,-0.27155516923638445,rejected,0.0,0.7859640741645396
ev_shelf q2 & intraday20 q3,-0.00026677722869041144,-0.630213150081353,1.2341600660407226,rejected,0.0,0.21714326472740347
days_to_earn q4 & vol_ratio q1,0.0006937540527862263,0.9876672712142472,0.8751904094653643,rejected,0.01676684371605587,0.38147031064220277
close_loc q1 & min20 q4,-6.297002928321599e-05,-0.3319362160582977,1.5290580410912584,rejected,0.0,0.12625005591249
ind_mom60 q3 & vol_ratio q3,-0.0008443308750421833,-1.365880564863188,-0.4939433058121345,rejected,0.0,0.621346219380968
ev_agreement q2 & gap_today q2,-0.0001975156940758669,-0.5468039401991202,1.312292373355543,rejected,0.0,0.18942150445706646
frog q0 & r1 q0,0.00019578849945008414,0.609756934193044,-1.2478118107760212,rejected,0.0,0.21209998240679975
frog q1 & vol_ratio q1,0.00062091664872533,0.7993739313732898,1.0568465968578424,rejected,0.0,0.29058160418921664
ev_agreement q4 & frog q0,0.0001339453946275337,0.5500797993089735,-1.3034323581835898,rejected,0.0,0.1924271953752105
range_compress q2 & vol_ratio q0,-0.00012811448490844486,-0.4391233696659158,1.4140456995159647,rejected,0.0,0.15734848489887418
mom_12_1 q3 & r20 q0,0.0003113749352409338,0.24823035766384327,1.6049286614359943,rejected,0.0,0.10850950513866324
ev_red_flag q2 & r5 q3,-0.0003364210363266732,-0.2562693939616061,-1.5964381655834683,rejected,0.0,0.11039100084203458
mom_12_1 q2 & vol_surge5 q2,-0.0008106612089021865,-1.6874941746726984,0.16404137839284327,rejected,0.0,0.8696985697568403
ev_agreement q4 & gap_today q0,-0.0005440352996834628,-1.1426834203886844,-0.7078180340459732,rejected,0.012123873817242342,0.4790582657113812
range_compress q0 & vol_ratio q4,0.0003009000009459885,0.9779214266359704,-0.8699538376169113,rejected,0.0,0.38432563194215863
mom_12_1 q2 & vol_surge1 q3,-0.0010160132339885437,-1.540843336330344,0.30630742825592,rejected,0.0,0.7593705839403633
news5 q2 & rel_ind20 q4,-0.0005996092164614511,-0.7238982818571736,-1.1229702443156908,rejected,0.0,0.2614501321085386
gap_today q4 & news5 q2,-0.00026906261582910416,-0.26713717930724595,-1.5796382232533264,rejected,0.0,0.11418974050537563
frog q3 & r1 q1,0.00047437224299832126,0.4120806848772757,1.4337829281771897,rejected,0.0,0.15163421823733989
close_loc q1 & ev_red_flag q2,3.803181474393832e-05,-0.17279976946360345,1.6691054913669383,rejected,0.0,0.09509647521181872
r5 q3 & vol_ratio q4,2.1341538137982568e-05,0.3564882139703154,-1.4847007516572188,rejected,0.0,0.13762311253059026
mom_12_1 q2 & r5_nonews q4,-0.0006107562507933665,-1.2385117564361479,0.6022392232926661,rejected,0.0,0.5470149102093064
log_dv q1 & overnight20 q3,0.0005689572103935746,0.667847924920603,1.1692237639110115,rejected,0.0,0.2423134891309798
mom_12_1 q2 & overnight20 q3,0.0005520507834316896,0.5501521940438859,1.285960311013801,rejected,0.0,0.19845691340572555
days_to_earn q2 & ev_agreement q2,0.00041844359230301946,0.739619403075499,-1.0950993047632605,rejected,0.0,0.2734731332462716
intraday20 q3 & log_dv q3,-0.0010966785126463976,-1.6069784852368147,-0.2252222343686566,rejected,0.0028163138693220032,0.8218063932312514
r1 q1 & r5_news q4,0.0002832672882870944,0.4069759159546335,1.4243598063284997,rejected,0.0,0.15434234308484795
intraday20 q1 & range_compress q0,-8.697685393388712e-05,0.22038957989111257,-1.607786356173913,rejected,0.0,0.10788197763212805
intraday20 q3 & vol_ratio q0,-0.0002686962597389761,-0.8107415040096931,1.0173510049418186,rejected,0.0,0.3089864808172457
ind_mom60 q1 & vol_ratio q3,-6.783248405124254e-05,-0.33700125905747136,1.489521809496569,rejected,0.0,0.13635001464157576
news5 q2 & range_compress q0,0.0005918056201098281,1.028787014439467,-0.7977141723431035,rejected,0.0,0.4250363775894638
ev_agreement q2 & r5_nonews q2,-0.00026142015009816523,-0.6699185155130389,1.156226927919241,rejected,0.0,0.24758834814521638
dist_ma50 q4 & r5_nonews q0,-0.00021780724668086688,-0.45778247038885156,-1.3680014952090314,rejected,0.0,0.17131160808480644
gap_today q3 & r1 q1,-0.000680672930109046,-1.2009519226488563,0.624033373570084,rejected,0.0,0.5326056678072598
r5 q3 & r5_nonews q2,-0.000875070212398515,-1.2498964145204043,-0.574537280200511,rejected,0.018026913369881454,0.5656042806068449
vol20 q0 & vol_surge1 q4,-0.0009646833009618003,-1.3978293877590051,-0.42560076501156807,rejected,0.0,0.6703987827468736
days_to_earn q0 & gap_today q0,0.00025062638273889943,0.2693690231170444,1.553826611292926,rejected,0.0,0.12022578105754722
ev_agreement q2 & frog q0,-0.00025578479619891203,-0.07374825776782169,-1.7465566564726935,rejected,0.0,0.08071427121866805
ins_value30 q2 & vol20 q3,0.0009615480599548401,1.4821967191051746,-0.3371931305664902,rejected,0.0,0.7359713153999575
close_loc q1 & days_to_earn q2,0.0004795160388135823,0.4642805242977626,1.353970668397012,rejected,0.0,0.17574573575793867
ind_mom20 q4 & vol_surge1 q1,0.00025947505436252653,0.6387834587173482,-1.1794179255515873,rejected,0.0,0.23823180070137714
ev_red_flag q2 & mom_12_1 q2,-0.0001841509319845007,-0.4778521354223479,1.3378459852776334,rejected,0.0,0.1809466479778442
ear q1 & r5 q3,-0.0008658654786858332,-1.2318434642382663,-0.5800521246675947,rejected,0.018434962624430826,0.5618794675435014
min20 q4 & rel_ind20 q4,-0.0007667183854385711,-1.1937687190730129,0.6174068889420657,rejected,0.0,0.5369663792700157
overnight20 q1 & skew60 q0,-0.0009330057642600436,-1.4318952984439346,-0.377143892303386,rejected,0.0,0.7060666740865458
ear q1 & frog q3,-0.0011120685899047942,-1.7737713312485222,-0.032648950526307376,rejected,0.0006862759495776169,0.9739545337421881
ev_agreement q4 & ind_mom60 q3,7.235128360329227e-05,0.38946873474480787,-1.4147273325402459,rejected,0.0,0.1571484572735118
dist_ma50 q3 & vol_ratio q4,0.00018226853490443357,1.0773196078869312,-0.725925793829128,rejected,0.0,0.46788426293547974
ev_shelf q2 & range_compress q2,0.00026721798071267,0.15151471733729296,1.6514576005175612,rejected,0.0,0.0986451715702704
ear q1 & vol_surge1 q3,-0.00046313202975050447,-0.4851204205447435,-1.316718126350948,rejected,0.0,0.18793312539805254
days_since_earn q2 & ev_agreement q2,-0.0004886098802733381,-0.6335468719597865,-1.168102572577083,rejected,0.0,0.2427653927641211
r1 q2 & r5 q1,0.0008529007978733224,1.1615858575446216,0.6374886671993781,rejected,0.015137365346490883,0.5238065894869393
r20 q4 & vol_ratio q0,0.00020622332731322091,0.6175324638919606,-1.1813268937124852,rejected,0.0,0.2374728875547489
dist_ma50 q0 & frog q4,-0.000496159092188261,-1.2565109101295904,0.5410627231191959,rejected,0.0,0.588464350697558
ind_mom20 q0 & overnight20 q2,0.000617057559952956,0.7764233491267659,1.0203586982146413,rejected,0.0013950901225947784,0.3075583742503255
dist_52wh q2 & r1 q1,-0.00020184178007772146,-0.5473276155088341,1.246511172074722,rejected,0.0,0.21257679023086323
ev_shelf q2 & frog q3,-0.00040201538734679616,-0.44862593003973833,-1.344166311258121,rejected,0.0,0.1788946129090029
earn_in_week q1 & rel_ind60 q2,-0.00030037484290664835,-0.8257552669314597,0.9656464708526571,rejected,0.0,0.33422111336141486
gap_today q3 & r5_nonews q4,-0.00048274461298671104,-0.618720220620314,-1.1716252155317657,rejected,0.0,0.24134755980633632
ear_volsurge q4 & ev_agreement q4,9.32898538945762e-05,0.5079439626784291,-1.2787036809483872,rejected,0.0,0.20100142298051762
gap_today q4 & r5_nonews q1,-0.0005465408570288643,-0.72925701188859,-1.0557361243993448,rejected,0.0,0.2910887881482279
overnight20 q3 & vol_surge5 q2,0.0003742755822889574,0.846191599760663,-0.9381307453561781,rejected,0.0,0.3481772232992442
ev_shelf q2 & gap_today q3,0.00014251756322541682,0.4399013883434807,-1.3444095551732844,rejected,0.0,0.17881598565898754
log_dv q1 & range_compress q2,0.00040972348920764,0.402377056181029,1.371935101956415,rejected,0.0,0.17008364177354016
days_to_earn q2 & ind_mom60 q1,0.0004707831340263084,0.5123081434806844,1.2613745053838434,rejected,0.0,0.20717394924972998
ear q4 & intraday20 q3,0.0007965771969607719,1.3521393013907523,0.42113255501474534,rejected,0.0,0.673658290475442
frog q1 & log_dv q3,0.00046576187530945206,0.507052368374194,1.2653339835783795,rejected,0.0,0.2057516292931145
days_to_earn q0 & gap_today q3,0.0005488282112907375,1.0527880579520281,-0.7179981822420665,rejected,0.0,0.4727584076253536
ev_agreement q4 & vol_ratio q0,4.544039544451036e-05,0.3521019904118159,-1.4171054003659305,rejected,0.0,0.1564521138907347
ind_mom20 q4 & min20 q4,-0.0011346544178386319,-1.6266985833221155,-0.13858309616724426,rejected,0.002045640900031857,0.8897796017080701
ind_mom20 q3 & mom_12_1 q2,2.1396541895566317e-06,-0.2296592574770063,1.5312581845234843,rejected,0.0,0.12570559572263007
ear_volsurge q4 & overnight20 q3,-0.000264496998815267,-0.156085809762646,-1.598827117815652,rejected,0.0,0.10985902177556296
rel_ind20 q1 & vol_ratio q4,0.0005647205037780553,1.0406518253669221,-0.7139717158756418,rejected,0.0,0.47524466931689546
ear_volsurge q4 & overnight20 q4,8.989958338869082e-05,-0.19051358117672337,1.5599685876591034,rejected,0.0,0.11876730456593179
ev_agreement q4 & log_dv q3,-0.0007234390727643344,-1.7333877423357154,0.01700384221670345,rejected,0.0,0.9864335505701717
ev_agreement q2 & r20 q4,-0.0006057903107340851,-0.707331306379025,-1.0426409473090026,rejected,0.0,0.2971146172310555
close_loc q1 & r5_nonews q3,-0.0009433712228945375,-1.421947868512652,-0.3265739588857533,rejected,0.0,0.7439901422991624
gap_today q3 & ins_officer30 q2,3.795167071877852e-05,0.2928411591582359,-1.4542915484825265,rejected,0.0,0.14586549261546652
ev_offering q2 & rel_ind20 q3,-0.0006630983229367479,-1.2424909076525243,0.502866103515947,rejected,0.0,0.6150584142087231
range_compress q2 & vol_ratio q3,-2.769702383043384e-05,-0.2821934672905634,1.4573147615178388,rejected,0.0,0.14502951392376157
dist_52wh q2 & vol_ratio q2,-0.0003442390685229441,-0.6568779891015908,1.0823492251651767,rejected,0.0,0.279097380708236
frog q1 & gap_today q3,0.0006121598590431197,0.7913598604305899,0.9468125445333898,rejected,0.007333905561593546,0.343734308349187
ear_volsurge q4 & ind_mom20 q4,-0.0008454228667874895,-1.5864313591931878,0.1514240776017956,rejected,0.0,0.8796411972720668
ev_agreement q4 & ins_opportunistic30 q2,-0.0006726671120514586,-0.8780421012862583,-0.8579591244854363,rejected,0.01689537909142762,0.39091503464141564
r5 q1 & vol_surge5 q2,-0.0004883431388747415,-0.91711578738773,0.8176322860684592,rejected,0.0,0.4135671861765543
atr_pct q1 & overnight20 q3,-0.0010742899838307597,-1.6086530056640365,0.12172343340177277,rejected,0.0,0.9031180540648369
news5 q2 & range_compress q2,0.00033158203125999353,0.2727478887549316,1.457081011937956,rejected,0.0,0.1450940191456635
atr_pct q1 & dist_52wh q2,-0.0010807531483821183,-1.5429372861829196,-0.1837942891322083,rejected,0.004777076310336857,0.8541748364329189
days_to_earn q1 & r5_nonews q0,0.0005425093149893142,0.6614942996840927,1.0591322553815188,rejected,0.0,0.28953955198985015
ev_shelf q2 & log_dv q1,0.00040041626976172474,0.3921673264424913,1.3263817487422949,rejected,0.0,0.1847132811121844
gap_today q3 & ins_value30 q2,3.972494041654096e-05,0.2930390708444997,-1.4249347341203487,rejected,0.0,0.15417606806013864
ev_red_flag q2 & rel_ind20 q4,-0.0004299693209533792,-0.42519485937386026,-1.2873396171841278,rejected,0.0,0.19797594070615354
ev_agreement q2 & log_dv q1,3.630295889583331e-05,-0.1855850251151505,1.526777348231816,rejected,0.0,0.1268163860881057
frog q1 & vol_ratio q3,0.00012326284802670988,-0.09918554894737373,1.6095475755966004,rejected,0.0,0.10749666083295357
range_compress q1 & skew60 q0,0.0004190802634945163,0.7979545376833863,-0.9099064989492027,rejected,0.0,0.3628718220994264
days_to_earn q2 & ev_shelf q2,0.0004761215551296887,0.7952683469067117,-0.9119385471293755,rejected,0.0,0.3618010682455596
days_since_earn q2 & r1 q3,-0.0006928715894640953,-0.8605067222340581,-0.8429919030325863,rejected,0.025695941201314985,0.3992329722326353
ear_volsurge q4 & ev_agreement q2,0.0001399452269900771,-0.07441908602242818,1.6253573129043974,rejected,0.0,0.10408644593501414
ear_volsurge q1 & r60 q3,-0.001001882073228309,-1.51985964493267,-0.1784539565504068,rejected,0.006980819525977409,0.8583664780714482
days_since_earn q2 & frog q0,0.0004003562421384464,0.8078195398916369,-0.8883584667016319,rejected,0.0,0.3743479590499837
ev_agreement q4 & ind_mom60 q1,-0.00010672682418184167,0.09359594975550904,-1.6017636491373388,rejected,0.0,0.10920788423725629
ind_mom60 q3 & intraday20 q3,-0.0004389245070962776,-1.1532179350060798,0.5418068451266763,rejected,0.0,0.5879515753510309
days_since_earn q3 & frog q3,-0.00027569392722752976,-0.7041738603225504,0.9874609135231959,rejected,0.0,0.3234167352826318
frog q1 & rel_ind60 q2,-5.1494098635518365e-05,-0.3288015808507498,1.3622279815458953,rejected,0.0,0.1731259477327494
ind_mom20 q4 & r5 q1,0.00012136675711319575,-0.164353676798388,1.5221777503330636,rejected,0.0,0.12796454854599998
ev_red_flag q2 & gap_today q3,0.00010835955011730574,0.37718980683266373,-1.3091574962811663,rejected,0.0,0.19048100644664734
ev_agreement q4 & vol_ratio q3,-0.0005039219419811364,-1.1852064072483073,-0.5009277532917095,rejected,0.00021235510007252552,0.616421969506544
log_dv q3 & range_compress q2,0.0007589677000377495,1.0823261139812381,0.6025761760180554,rejected,0.012414476998075376,0.5467906731560358
gap_today q4 & overnight20 q3,1.8360822021087372e-05,0.284455762063935,-1.3984648219427211,rejected,0.0,0.16197352930325298
frog q0 & range_compress q2,0.0009216651940411954,1.4582732087358015,0.22336141878430504,rejected,0.0031469715105071363,0.8232542291567608
r20 q4 & vol_surge5 q2,0.0005211869841235792,1.026649994879354,-0.6540460261165235,rejected,0.0,0.5130821531694498
close_loc q1 & ev_agreement q2,0.00017338249189629323,0.015834178120169757,1.6640840109205128,rejected,0.0,0.09609564184176471
days_to_earn q2 & gap_today q3,-0.0007453456239021894,-1.0119068730620402,-0.666935968454008,rejected,0.013240544029745394,0.504813034702283
log_dv q1 & rel_ind60 q2,0.0006236420375027188,0.7576047336170475,0.9207211554114607,rejected,0.007482049709595825,0.3571960281885979
gap_today q3 & range_compress q2,0.0009827352379190176,1.381237537603376,0.29246432603473965,rejected,0.0,0.7699316317810604
gap_today q3 & vol_ratio q3,-0.00048077725799498805,-0.47416460865023297,-1.198700039934814,rejected,0.0,0.23064460252440952
ind_mom60 q0 & range_compress q2,0.0005815024403799775,0.7346041349963067,0.9373170124274143,rejected,0.011297556890269391,0.34859551449156234
mom_12_1 q0 & vol20 q3,0.0006948215166723569,1.2920367566117699,-0.37897471929815063,rejected,0.0,0.704706637117116
intraday20 q0 & news5 q1,-0.0004015480839103569,-0.3350896092257719,-1.3349486330778213,rejected,0.0,0.1818931589875812
dist_ma50 q1 & overnight20 q2,-0.00028151709242812923,-0.13589379070114174,-1.5326918783318577,rejected,0.0,0.1253517912264622
days_since_earn q3 & ind_mom60 q3,-0.0005838314577606065,-0.7118941063683354,-0.9505724757152131,rejected,0.005447911895783928,0.34182144643765155
log_dv q1 & vol_ratio q0,0.0003256228423970725,0.3070037392767307,1.3543012052928047,rejected,0.0,0.17564030178872161
close_loc q1 & ins_opportunistic30 q2,-3.5085134990844654e-05,-0.25031173041713767,1.406509143165314,rejected,0.0,0.15957299151482038
gap_today q3 & vol_surge5 q2,0.001006373424381924,1.6189959714159676,-0.036891261730686256,rejected,0.0,0.9705717071349466
gap_today q0 & vol_ratio q0,0.0002447730371308924,0.14333875099434276,1.5102139597022077,rejected,0.0,0.13098883777636602
ind_mom60 q0 & mom_12_1 q2,0.0005294658506549042,0.6234202074798156,1.03011018407387,rejected,0.0,0.302958285074318
gap_today q2 & range_compress q2,-2.8514766658627396e-05,-0.3049710047146175,1.347938537811526,rejected,0.0,0.17767815170802595
gap_today q4 & vol_ratio q1,-0.0003774772613161534,-0.3053671290690386,-1.3460295742687158,rejected,0.0,0.17829297904371208
ind_mom20 q4 & r1 q1,0.0001525803571305956,0.4174581775364512,-1.2286043972932097,rejected,0.0,0.219220166007155
r1 q4 & rel_ind20 q4,-0.0004173930048775209,-0.5410224304979975,-1.1044888128774741,rejected,0.0,0.26938115374324406
ind_mom20 q4 & vol_ratio q3,-0.0004847679237179639,-0.7222285699742551,-0.9193850725074947,rejected,0.007249948554049739,0.3578941943833066
r5_nonews q1 & rel_ind60 q2,0.0003210671996282951,0.22598829422627176,1.4107108907954564,rejected,0.0,0.15832987838425425
ev_shelf q2 & ins_officer30 q2,0.00017042936505014933,1.6221113339993662,0.013750228726438938,rejected,0.004039673388633621,0.9890292504971446
dist_52wh q2 & r60 q4,-0.000628650829054899,-1.28597039475585,0.34541744129769447,rejected,0.0,0.7297805669031145
days_to_earn q2 & log_dv q1,-0.00015466442562335353,0.013881014155549723,-1.6141143830920504,rejected,0.0,0.10650261815221702
close_loc q1 & ev_agreement q4,-0.0005977095588132129,-1.2385523060018144,-0.38799241210198576,rejected,0.0,0.6980216488903161
frog q3 & range_compress q2,-0.00041028728456915677,-0.5249278767231161,-1.1010227502365049,rejected,0.0,0.2708867558102851
close_loc q1 & ev_shelf q2,9.306126315877532e-05,-0.07900425011076732,1.5466996763986247,rejected,0.0,0.12193568118380992
dist_52wh q3 & vol_surge1 q3,-0.000661928858483832,-1.049402393675931,0.5760177411473864,rejected,0.0,0.5646031900436248
ear q1 & r5_nonews q1,-0.0005834949812866769,-0.7141801789423414,-0.9111925452299435,rejected,0.010277471749985228,0.3621939312324832
frog q1 & news5 q1,0.0007819519712608794,1.4124701555804096,-0.21232074414257848,rejected,0.0,0.8318568128605713
r1 q4 & r20 q4,-0.0005139021277352701,-0.7944962781090271,-0.8248510514677496,rejected,0.02668536359685288,0.40945615890306936
ev_red_flag q2 & ind_mom60 q2,-0.0008948868575984645,-1.2793176230726762,0.33790804257516927,rejected,0.0,0.7354324865976127
gap_today q3 & intraday20 q1,0.0010434943915281637,1.542392592460561,0.07478377516912792,rejected,0.0011605242184790612,0.9403867512043481
gap_today q4 & intraday20 q1,0.0001034409951478983,0.4152999450174636,-1.2016302011405062,rejected,0.0,0.22950683493552904
days_to_earn q2 & frog q3,-0.00039751156413235945,-0.37123379810698653,-1.2443564908667228,rejected,0.0,0.21336838855759738
ind_mom60 q0 & range_compress q3,-0.0007560358453333018,-1.0586011753617264,-0.5510530305758498,rejected,0.006952852789829013,0.5815973220941983
ind_mom60 q1 & mom_12_1 q2,-0.0003064448895807911,-0.6435860272196774,0.9620942510260637,rejected,0.0,0.3360022616905652
ev_agreement q4 & mom_12_1 q2,-0.0006677639980442581,-1.359922631267165,0.24570257097254272,rejected,0.0,0.8059124818511443
gap_today q4 & r1 q1,-0.000448363885440643,-0.6285664317264652,-0.975572829747537,rejected,0.0,0.32927619430334953
earn_in_week q4 & r5 q1,0.00039447884512567146,0.8771141426134073,0.7249442396529637,rejected,0.018387368039050705,0.4684862391032407
mom_12_1 q2 & vol_ratio q0,-0.00016305051166061278,-0.7182256833707261,0.8804657925740357,rejected,0.0,0.37860702841750427
overnight20 q3 & vol_ratio q3,0.0003047243063329597,0.6206696520155585,-0.9778845836674878,rejected,0.0,0.32813141065814716
days_to_earn q0 & ear q1,0.0007738214206944405,1.4486166990235236,-0.1491456888452992,rejected,0.0,0.8814386745512167
mom_12_1 q4 & r20 q0,0.00029338571852731985,1.181635049982561,-0.41200310640135485,rejected,0.0,0.6803371463616297
intraday20 q1 & r5 q1,0.0005943487944717528,0.6969922333136351,0.8960730949805317,rejected,0.010853837632049881,0.37021372554023024
close_loc q1 & vol_surge5 q2,0.0007701707623189686,1.1556943819536996,0.4347405569831807,rejected,0.0,0.6637507562915723
close_loc q3 & frog q1,0.0005908519706883501,0.9353089743950213,0.6533781344253179,rejected,0.012364480950992306,0.5135125316101325
close_loc q1 & ins_officer30 q2,4.04940533210605e-06,-0.19141337634826194,1.3967813667653908,rejected,0.0,0.16247932722053143
days_to_earn q0 & r1 q1,0.000512467225428648,0.6558159464865605,0.9273448967340601,rejected,0.007806910074449399,0.35374749068798855
ev_agreement q2 & r5 q3,-0.0003413651939193668,-0.3099656416404352,-1.2721699038221306,rejected,0.0,0.203312758395529
frog q1 & rel_ind20 q1,0.00037686844883360845,0.34386198686945296,1.2369295362445611,rejected,0.0,0.2161132435345904
earn_in_week q1 & r5 q1,-0.000684686359806806,-1.489854502698696,0.09026757141623218,rejected,0.0,0.9280745891808742
r1 q4 & r5 q1,-0.00029465846067211384,-0.7152253537924151,0.8639095004792778,rejected,0.0,0.3876376074223986
ev_agreement q4 & ev_red_flag q2,-0.0003060700407602738,-0.2610762059447386,-1.3178438313441796,rejected,0.0,0.18755593168750123
r20 q4 & vol_ratio q3,-0.0007427530547073964,-1.1336196996866148,-0.444758135716556,rejected,0.0,0.6564945513714442
gap_today q3 & ind_mom60 q1,0.0004993510818830696,0.5568143305574415,1.0175307731560599,rejected,0.0,0.3089010006840651
ear_volsurge q4 & r1 q1,0.00021996706938742157,0.09277890717181127,1.4806712126372255,rejected,0.0,0.13869420869799073
dist_52wh q1 & ear_volsurge q0,-0.00042309036739066687,-0.5410200575771483,-1.0293289103539947,rejected,0.0018872144316654756,0.30332514240875086
frog q0 & gap_today q2,0.0007450636944430892,1.1854129044721906,-0.38447234823961046,rejected,0.0,0.7006283868466872
r20 q4 & r5 q3,4.338394968324239e-05,0.30635825311154485,-1.263421611187364,rejected,0.0,0.20643770156250588
range_compress q2 & rel_ind60 q0,0.00041196268532684344,0.8304993577440304,-0.7345273443481423,rejected,0.0,0.462627400954167
days_since_earn q2 & r1 q4,-0.0005339475459320846,-0.7238794493004337,-0.840124172443803,rejected,0.023310037629718682,0.40083876819971176
days_to_earn q4 & news5 q4,-0.0008442596245497711,-1.1465932030040835,-0.41727814664410195,rejected,0.0,0.6764749710731581
days_since_earn q2 & max20 q2,-0.0006209906257908865,-0.7958043466176468,-0.7677664900780001,rejected,0.02122318589700253,0.4426259261705638
min20 q4 & vol_ratio q0,-0.00011961176135113772,-0.3519184052482345,1.2101937424539873,rejected,0.0,0.22620455868738967
frog q1 & r5_nonews q4,0.0003256531036559778,1.3969031483264986,0.16336524898028645,rejected,0.007080496027065842,0.8702308625695601
days_since_earn q2 & ear_volsurge q4,0.0008678052174309537,1.340913288809756,0.21859384119515435,rejected,0.0034632222234402287,0.8269664507997878
min20 q4 & r20 q4,-0.0010866996544376952,-1.5268463743835883,-0.031015003682530597,rejected,0.002289718689444557,0.9752575742208525
ev_agreement q2 & overnight20 q3,-6.374141586097512e-06,0.21293435747254152,-1.3415569311734337,rejected,0.0,0.17973969871270093
days_to_earn q0 & frog q3,0.0006902711555591463,1.2407365070292267,-0.30962376225912924,rejected,0.0,0.7568470840444146
days_since_earn q2 & r20 q4,-0.0007653788517183321,-1.3164134846312103,-0.23261578528036145,rejected,0.004422056711038169,0.8160597686429896
r1 q4 & range_compress q0,-0.00015937607759501738,-0.09632275398189552,-1.4517483294469478,rejected,0.0,0.14657159579240409
gap_today q2 & min20 q4,3.105752967477979e-05,-0.20812325330201265,1.3373740936777472,rejected,0.0,0.1811005563814644
dist_ma200 q1 & max20 q2,4.902825681496991e-05,-0.17248572253033093,1.3729963208281157,rejected,0.0,0.16975349047500127
ev_red_flag q2 & r5_nonews q2,-0.00040161753281388286,-0.8432989755912623,0.6999154866450101,rejected,0.0,0.48398008526234243
ev_agreement q2 & rel_ind20 q4,-0.0005108130358382916,-0.5781868510302632,-0.9619397822146928,rejected,0.0,0.3360798535474754
gap_today q2 & vol_surge1 q3,-0.0006570992483627574,-1.1158538606103086,0.4237149151255396,rejected,0.0,0.6717737363296071
range_compress q1 & rel_ind20 q3,-0.0006403405833632304,-0.8476532396386979,-0.6918992505898967,rejected,0.012260427407026096,0.4890006013041182
earn_in_week q1 & r5_nonews q4,-0.0004805110230586755,-0.5516942221396086,-0.9859208760612884,rejected,0.0,0.3241719417698306
days_since_earn q2 & frog q3,0.0002721623962933026,0.5439314218948424,-0.9916367456593623,rejected,0.0,0.32137475749553723
ev_red_flag q2 & news5 q4,-0.0008518429040594582,-1.3568563651447003,-0.17800514375563514,rejected,0.00740684938388261,0.8587189361241017
earn_in_week q1 & rel_ind60 q0,-0.0005038209860342743,-0.7162275565702005,-0.8138566978653694,rejected,0.029802627194518264,0.41572704983044045
frog q1 & min20 q4,-0.0002545889463724554,-0.5292711596225926,1.0004528833826785,rejected,0.0,0.31709138845146184
frog q3 & news5 q2,-0.0005833121219185603,-0.7875165921414378,-0.7396790475272282,rejected,0.024408793714119807,0.4594947645364226
frog q3 & mom_12_1 q2,0.00046112368627414165,0.7714798276235633,-0.7550833310824955,rejected,0.0,0.45019898405470904
ev_agreement q4 & skew60 q0,0.00016435179185001581,0.5780434114862883,-0.9465756973524698,rejected,0.0,0.3438550325841493
ind_mom60 q3 & intraday20 q1,-0.0003150200402002656,-0.2437214872930172,-1.280749616332838,rejected,0.0,0.20028162616208278
frog q0 & ind_mom20 q4,-0.00013088046281869618,0.05238613317321028,-1.4717340036155913,rejected,0.0,0.1410927214342893
days_to_earn q0 & range_compress q2,0.0005604817295373671,0.7767151424503096,0.7448516444508628,rejected,0.021155772944289736,0.4563614102318208
days_since_earn q3 & ear_volsurge q4,-0.00034606032645196147,-0.7743984118104345,0.7464611740043485,rejected,0.0,0.4553888771700505
r5 q3 & range_compress q2,-1.2340807911643776e-05,0.2593796822597857,-1.2601698189776709,rejected,0.0,0.20760810790340195
frog q0 & r60 q2,-0.0007708913513406404,-1.1338877406389147,-0.38500771788080246,rejected,0.0,0.7002316974425699
ev_agreement q2 & r5_nonews q1,0.00045314472392633673,0.5900938352426315,0.9282221314046408,rejected,0.006813511355394217,0.3532923566073282
days_to_earn q0 & vol_surge5 q1,0.0005578856288050744,1.0692066930026336,-0.44858705999198945,rejected,0.0,0.6537295701339274
ind_mom60 q3 & rel_ind60 q2,7.268196898714225e-05,-0.11530380409288575,1.4023573522051347,rejected,0.0,0.1608085619694235
r5_nonews q4 & vol_surge1 q2,-0.0006971978790363059,-1.1073972502573994,-0.40919611216013346,rejected,0.0,0.6823957473096612
r5_nonews q2 & range_compress q0,-0.0004823857695817033,-0.7438204707055467,-0.7725745254456817,rejected,0.020513407516958734,0.43977422561304536
close_loc q2 & log_dv q2,0.00015484954798981721,0.42365116225460353,-1.0905722604523898,rejected,0.0,0.2754611410744188
r5 q3 & vol_ratio q1,-0.0009701482537052956,-1.4922579639275286,-0.021418044142965886,rejected,0.005113717620942372,0.9829121797224671
r1 q1 & vol_ratio q1,0.000634956577546515,0.8559352505269768,0.6538742399892412,rejected,0.012157035449946925,0.5131928313787706
frog q0 & gap_today q0,2.1619334771125037e-05,-0.19085007603627271,1.3189542631649316,rejected,0.0,0.18718440343623663
frog q3 & rel_ind60 q3,0.0001538296385905454,0.4395472132898531,-1.0654200738355912,rejected,0.0,0.28668587676277796
ins_opportunistic30 q2 & r60 q1,-0.0004504133408659116,-0.9120665795501401,0.5913723599947267,rejected,0.0,0.5542709558110577
ind_mom60 q4 & intraday20 q1,-0.0003001972749245785,-0.2953905225200297,-1.2066605029607034,rejected,0.0,0.22756291582830687
atr_pct q1 & r5_nonews q4,-0.0006172942845045783,-1.0188951033311313,0.4828401734834072,rejected,0.0,0.6292092236076361
days_since_earn q3 & ev_agreement q2,8.698689131820723e-05,-0.08220310478079992,1.4182999746455653,rejected,0.0,0.1561032041026721
ear_volsurge q4 & news5 q2,0.0005964136092205377,0.7500882427862412,0.7458154214881402,rejected,0.020156229931122323,0.45577892282198174
days_since_earn q3 & gap_today q3,0.0002290806352530664,0.5394863383555492,-0.955987648641087,rejected,0.0,0.3390784746904875
gap_today q4 & r5_nonews q4,0.0001648775975954779,0.5361514876927637,-0.9577298403609573,rejected,0.0,0.33819900551402615
dist_ma50 q2 & r120 q3,-0.0008922823428850463,-1.2139274517360918,-0.2792640474423878,rejected,0.0,0.7800421950810146
log_dv q0 & vol_surge5 q4,0.0004682594819990777,1.3172277401945847,0.17563752104521224,rejected,0.007705295436539817,0.8605787230129127
atr_pct q3 & gap_today q4,7.98496206930653e-05,0.3123327925984093,-1.1753404155681348,rejected,0.0,0.23985855135829
ev_agreement q2 & ev_red_flag q2,0.00020704856413545497,1.3713916636423413,0.11496821508877421,rejected,0.004687781839833801,0.9084703156360212
frog q3 & vol_surge5 q2,0.00027990999924256066,0.6036872306414861,-0.8808236375087164,rejected,0.0,0.37841328380947686
intraday20 q3 & r5 q3,-0.0008699806278342691,-1.236922860479239,-0.2466457963144275,rejected,0.0,0.8051823588862379
frog q0 & vol_ratio q1,0.0006315089159358617,0.9003930974377737,0.5810965922185887,rejected,0.016993507530309437,0.5611753552590844
r1 q1 & vol_ratio q3,-0.0008031194288732925,-1.1195389199160224,-0.3614455048252454,rejected,0.0,0.7177664359838916
dist_ma50 q2 & mom_12_1 q2,-0.00040721335059655127,-0.6987193254392942,0.7801615304953303,rejected,0.0,0.4352958026867968
dist_ma50 q3 & ev_agreement q4,-0.0005687675775171568,-1.0988099518452554,-0.3789511306116315,rejected,0.0,0.7047241540745924
r1 q1 & vol_surge5 q2,0.0009404022560701805,1.4258885876263478,0.05146275297689809,rejected,0.0,0.9589567813213864
ev_agreement q4 & intraday20 q3,-0.0003215120912747644,-0.6302317715869262,-0.8461328630458784,rejected,0.021304771902796515,0.3974786296148549
days_since_earn q2 & ev_shelf q2,-0.0003720610854269894,-0.44847918311944435,-1.0208054730597382,rejected,0.00027775638106153046,0.30734661087092885
days_since_earn q2 & rel_ind20 q4,-0.0007486385902250489,-1.2261344306447675,-0.23951058566917022,rejected,0.0015282798390205568,0.8107096891254106
gap_today q3 & news5 q2,4.2723257701643015e-05,0.2367751799991933,-1.2282816439429736,rejected,0.0,0.21934125925983355
frog q0 & gap_today q3,0.00031798268972635065,0.6446458253595416,-0.8161157069675382,rejected,0.0,0.414433961272593
log_dv q1 & min20 q4,0.00042627233032821216,0.4014085354630903,1.0593347713327124,rejected,0.0,0.2894473446731337
ind_mom60 q3 & r60 q0,-0.00025596507032116857,-0.35732867253414496,-1.1033035710986545,rejected,0.0,0.26989535632941525
ev_red_flag q2 & gap_today q2,-2.5232559669494493e-05,-0.2625815492965965,1.1976614417642382,rejected,0.0,0.2310488459734225
earn_in_week q1 & gap_today q3,-0.0005215711605159117,-0.5023458927366089,-0.9567131118455287,rejected,0.0,0.33871207822941507
log_dv q3 & rel_ind60 q2,0.0005915259669594575,0.7657368177949411,0.6929247645086907,rejected,0.012120847166682564,0.48835676752839563
days_to_earn q1 & ind_mom20 q1,0.0006705344821717603,0.9942652370894115,0.4639748798981527,rejected,0.0,0.6426657431675924
days_since_earn q0 & ear_volsurge q3,0.000498436801613159,0.8867139736097734,-0.5677398691113326,rejected,0.0,0.5702116152990324
range_compress q0 & rel_ind60 q0,-0.0006201844679901564,-1.0924645616336088,-0.3609535934272147,rejected,0.0,0.7181341386710927
r1 q2 & skew60 q2,-0.00020887432840245435,-0.4908791441296683,0.9621682391928329,rejected,0.0,0.3359651004776847
ev_shelf q2 & rel_ind60 q0,0.00023739436740848936,0.5032121469527013,-0.9445544692543936,rejected,0.0,0.34488638117976406
overnight20 q3 & r1 q4,-0.0005600958621740739,-0.8913330195541936,-0.5546702087136453,rejected,0.01019276818168028,0.5791202568615805
frog q3 & vol_ratio q1,0.0004368928032887504,0.7914910424032436,-0.6510427351289708,rejected,0.0,0.5150189006903159
mom_12_1 q2 & r60 q2,-0.0007972745075620168,-1.248772931055596,0.19295725489606227,rejected,0.0,0.8469924445633087
frog q1 & vol_ratio q0,0.00025675990019200613,0.19591053889691354,1.2418883186230623,rejected,0.0,0.2142777706072891
dist_ma50 q4 & ins_buyers30 q2,-0.0004805817325751836,-0.5543704821611717,-0.8823931219508688,rejected,0.009346841351124293,0.3775642538951193
r5 q1 & rel_ind20 q4,-0.0006011160948685197,-0.9329663588488253,-0.5024512417859072,rejected,0.001178987949508911,0.6153501419736458
dist_ma200 q3 & ind_mom20 q3,-0.0006153265634035976,-0.7998850286375929,-0.6352642468913249,rejected,0.011586934101860864,0.5252560876079913
ev_agreement q4 & r1 q1,0.0002512400215618883,0.6862806259585867,-0.7482055765713084,rejected,0.0,0.4543361678633807
ind_mom60 q3 & rel_ind60 q0,-0.0002638575073091976,-0.22890093926926106,-1.2047106613381402,rejected,0.0,0.2283150188314107
log_dv q3 & r5 q1,0.0003893388504734882,0.3554261910065765,1.0781846989660906,rejected,0.0010126099686174658,0.28095133891516216
log_dv q1 & mom_12_1 q2,0.0007715749390910505,1.1857579927780966,0.245050412960574,rejected,0.0,0.8064173971557238
gap_today q3 & vol_surge1 q0,0.0005929783303815862,0.8336136497636886,0.5959315197645917,rejected,0.013991243476365349,0.5512209755488431
days_to_earn q2 & rel_ind60 q2,-0.0007740356777964887,-1.1704510231419587,0.2577485960093363,rejected,0.0,0.7966009386704387
gap_today q2 & r1 q1,0.0007398306833050686,1.0266562083595747,0.4010758476293138,rejected,0.0,0.6883642822943565
overnight20 q1 & r1 q2,3.715164690744808e-05,-0.15785464725120477,1.2693915310753925,rejected,0.0,0.2043014552047105
r5_nonews q3 & rel_ind60 q2,0.0004314075272412306,0.48822315651630843,0.9339840382158012,rejected,0.00973680819599729,0.3503121266942944
ev_agreement q2 & ins_officer30 q4,-0.0003713920097657445,-0.4653234260044987,-0.9560410072816689,rejected,0.0015072825017777387,0.3390515171548262
ev_shelf q2 & vol_surge5 q2,0.00023177100314691545,0.546383962441138,-0.8742928110117298,rejected,0.0,0.3819588133473459
ear q1 & gap_today q0,0.0006896406791739823,1.2262509464528044,-0.19430578632674206,rejected,0.0,0.8459364551470565
frog q0 & r20 q4,-0.0003314454411899964,-0.5041481979294927,-0.9129634767753436,rejected,0.006830265421018056,0.36126175073732475
close_loc q1 & earn_in_week q1,0.00010576886460637652,-0.17147232017345534,1.2434441338750484,rejected,0.0,0.21370421551665555
mom_12_1 q3 & vol_ratio q0,0.00045424764289075123,0.582134685022881,0.8325842890403096,rejected,0.021941001902608226,0.40507922268765284
gap_today q3 & intraday20 q3,-0.0007303018882247775,-1.1425341697792732,0.27180452775542985,rejected,0.0,0.7857723236025027
days_since_earn q2 & r5 q3,-0.0005009273345483198,-0.5698573696789395,-0.843622687384224,rejected,0.02125942554119611,0.3988802823705475
r120 q4 & r20 q3,5.482683058665303e-05,-0.11184187806532908,1.3009778369060838,rejected,0.0,0.19326604108029885
frog q3 & gap_today q3,0.00030295219659698614,0.6233565049191317,-0.7889573002744232,rejected,0.0,0.43013696361108994
ev_agreement q4 & vol_surge5 q2,0.00028689297493705217,0.8184635647674416,-0.5916154120707705,rejected,0.0,0.5541081510232561
intraday20 q0 & r1 q2,-0.0007284385109828103,-1.3189522330196717,0.0840399168479001,rejected,0.0,0.9330246949518117
frog q4 & skew60 q3,-0.0008258225927965863,-1.3767216879252269,-0.024928528265153696,rejected,0.004622422728803489,0.9801119720362728
days_to_earn q0 & frog q1,0.000161142796391761,0.0934483842116258,1.3066027103172697,rejected,0.0,0.19134767567051178
ind_mom60 q1 & range_compress q2,-0.00038812725478564093,-0.7352884037884954,0.6645805889524572,rejected,0.0,0.5063187880518609
frog q1 & ind_mom60 q3,-0.000812938033374776,-1.2136482695398483,-0.18351202187494112,rejected,0.005103758733904378,0.8543962868572075
ind_mom60 q3 & log_dv q1,-5.574812949494919e-05,0.11010250277040462,-1.2855834285624608,rejected,0.0,0.19858848318336503
atr_pct q3 & ear q1,0.0007397075790081265,1.2069621987029815,-0.18807683066945344,rejected,0.0,0.8508164234232363
ev_shelf q2 & ind_mom60 q0,0.00029293142540916456,0.5351529297886225,-0.8525936728239661,rejected,0.0,0.3938846725392009
overnight20 q3 & r20 q4,0.00042864890810282883,0.7850849313461125,-0.600765854322262,rejected,0.0,0.5479959497955514
days_to_earn q2 & ev_red_flag q2,0.0003316565815503063,0.5922445313692545,-0.7922069081155576,rejected,0.0,0.4282400412262624
mom_12_1 q2 & r1 q1,-0.0003689649834221882,-0.6230587175408209,0.7590948236858718,rejected,0.0,0.44779583539758205
overnight20 q3 & vol_ratio q4,0.0005209544093846925,0.9542991847829022,-0.4271119360017025,rejected,0.0,0.6692977996103252
gap_today q4 & r5 q3,-0.0005595936221303298,-0.7021522801094775,-0.6780083356014249,rejected,0.007997732772243419,0.49776640807407513
close_loc q1 & frog q3,0.00021136974040308413,0.012225699317665784,1.3678278169094735,rejected,0.0,0.17136597838922607
r120 q4 & r5 q2,0.0003973436873380912,0.5223932079072655,0.8574358065625255,rejected,0.014466264498718812,0.3912040776037699
close_loc q1 & days_to_earn q0,0.00048336478325478873,0.729425133732293,0.6480662374962153,rejected,0.011594139322711116,0.5169421098669928
gap_today q3 & log_dv q1,0.000545238526830857,0.9999366431191825,-0.37742340177651185,rejected,0.0,0.7058589785263649
ev_shelf q2 & gap_today q2,-0.00012889840421228591,-0.3927765740714087,0.9839687743370122,rejected,0.0,0.32513086629168064
days_since_earn q2 & r5 q1,0.00011699770315396545,-0.10127925205578653,1.272807524432438,rejected,0.0,0.203086350471503
ev_offering q4 & ins_value30 q2,-0.0005588389323868127,-1.1473439722824452,0.21949553600050867,rejected,0.0,0.8262640568442483
log_dv q1 & news5 q1,0.0005514219855937509,0.9353644051637943,0.43022759993185544,rejected,0.0,0.6670300869123876
ins_officer30 q4 & range_compress q0,-0.00020544528764865658,-0.3856494959641754,-0.9791712389555333,rejected,0.0,0.32749537696531966
gap_today q0 & rel_ind60 q0,2.299174383580805e-05,-0.16763884135334967,1.196781363307772,rejected,0.0,0.23139178414618053
days_to_earn q3 & ind_mom20 q3,-0.0006482360718313818,-1.0294731180001373,-0.3285871523463914,rejected,0.0,0.7424677602678406
ind_mom60 q1 & range_compress q0,0.0006032292429722167,1.2940997831209555,-0.06371153898400676,rejected,0.0,0.9491999166350165
close_loc q1 & intraday20 q1,0.0008094332373851283,1.181350278263228,0.17620075491686712,rejected,0.006917606576862266,0.8601362277286047
dist_ma50 q1 & vol_surge1 q0,-0.00013530053639555523,0.049342383056151816,-1.306821851062334,rejected,0.0,0.1912732222016338
ev_agreement q4 & rel_ind20 q4,-0.00015601609514678008,-0.24407735356163718,-1.111965685651267,rejected,0.0,0.2661529044138417
ind_mom20 q1 & r5_nonews q0,-0.000509766716054086,-0.9943218312156881,0.36156937729613337,rejected,0.0,0.7176738518850971
days_since_earn q3 & log_dv q3,0.0006175224911651524,1.0098972791472864,-0.3459683816906518,rejected,0.0,0.7293664768518762
atr_pct q3 & ind_mom60 q1,0.000547563880604027,0.8314224040672004,0.5230267454443913,rejected,0.005704080428986521,0.6009556413445852
r5 q4 & vol20 q3,-0.00034338629743627195,-0.45042320973244215,-0.9030662249147443,rejected,0.0059711161928440535,0.3664907482268557
gap_today q3 & vol_ratio q0,-0.0005193891626708894,-0.7019424344421266,-0.650249191411935,rejected,0.01188076536232052,0.5155312707720632
ind_mom60 q3 & r5 q1,0.00017851884284398925,0.06439391813395336,1.2871390967008867,rejected,0.0,0.19804581043346492
ear q1 & r5_nonews q3,-0.000646286807333411,-0.9048884118493821,-0.4437091706579559,rejected,0.0,0.6572528643037024
gap_today q2 & range_compress q0,0.00043169586121717077,0.9548432877421809,0.39323440476204036,rejected,0.0,0.6941463609610561
r5 q3 & rel_ind60 q2,0.00037096823128006086,0.37379916494066584,0.9735845441010265,rejected,0.0,0.3302628635690927
close_loc q1 & vol_ratio q1,0.00022285110264896315,0.06470462491025931,1.2760414303123928,rejected,0.0,0.20194087397737892
r5_nonews q2 & rel_ind60 q2,1.9143845358597054e-05,-0.22919410371240292,1.110163282436508,rejected,0.0,0.2669286717944264
ev_agreement q4 & rel_ind60 q4,-1.61572979343835e-05,0.1622345629535879,-1.1763320654466236,rejected,0.0,0.23946220703738347
ins_value30 q2 & r1 q2,-0.00041057512108502785,-0.7661382455045238,0.5686393285739336,rejected,0.0,0.56960092930835
log_dv q1 & r1 q1,0.0008120008612613621,1.1551527669882389,0.17942582892753214,rejected,0.005959719876109777,0.857603351912738
ev_red_flag q2 & log_dv q1,0.00023028308856219896,0.1678112582648918,1.1663122546191993,rejected,0.0,0.24348822028671266
ev_agreement q2 & ind_mom60 q0,0.00025204813302122066,0.47539669341112123,-0.8571505884620839,rejected,0.0,0.3913616660691475
mom_12_1 q2 & r5_nonews q2,-0.00012446279426372861,-0.316142533698822,1.014542503334186,rejected,0.0,0.3103239589625645
overnight20 q3 & r5 q3,4.581298141959786e-05,0.27485866442340157,-1.054956579910862,rejected,0.0,0.29144518342706627
dist_ma200 q4 & r5_nonews q1,0.0005366642546250701,1.0239148078325742,-0.3032513707940237,rejected,0.0,0.7616983027289088
ev_agreement q2 & vol_surge5 q2,0.00019624807553819025,0.48110303126597054,-0.8437313013827689,rejected,0.0,0.39881957206202556
dist_ma50 q0 & max20 q0,0.0005532061924837982,0.9962985519945822,-0.3268686717624961,rejected,0.0,0.7437672169811913
close_loc q1 & rel_ind20 q4,-0.0004019558620095626,-0.6687661451978282,-0.6514536903872069,rejected,0.010293768095503973,0.5147536618050317
close_loc q3 & vol_surge1 q3,0.00010034346548664884,0.36159509788033156,-0.9573560853103685,rejected,0.0,0.3383875558530816
gap_today q4 & vol_ratio q0,-0.0003455051474959144,-0.5759375569287519,-0.7424102878532176,rejected,0.020158523178108977,0.45783878823463
gap_today q2 & rel_ind20 q4,-0.0001373552518472376,-0.3802898297116005,0.9378287996853923,rejected,0.0,0.34833239817679584
intraday20 q1 & r5 q3,0.0005550723510812891,0.7987117675044791,0.5178250110060383,rejected,0.005270091184211302,0.6045803662372131
gap_today q0 & vol_surge5 q2,0.0006140944243526696,1.0107745675338562,0.30523154841579225,rejected,0.0,0.7601898059944194
mom_12_1 q2 & r5 q3,-0.0005305830520641331,-0.7070909380643783,-0.6063258812249213,rejected,0.01186368112989454,0.5442983756507476
ev_offering q2 & ind_mom60 q0,0.00016056049246322007,0.3620501198713211,-0.9491684515212767,rejected,0.0,0.3425349443472197
gap_today q4 & vol20 q0,-0.0008273877510395555,-1.2712842050727764,-0.03847394917394211,rejected,3.6400657357664915e-05,0.9693098016486276
ear q1 & rel_ind60 q0,-0.00012804212089372787,-0.012785662478782335,-1.2954134616470616,rejected,0.0,0.1951776366601949
gap_today q0 & r5_nonews q3,0.00022917461891728083,0.24874469217915102,1.0555198776233357,rejected,0.0,0.29118762333140463
news5 q1 & r5 q3,-0.00043344399197174855,-0.37643048041752825,-0.9250379982398421,rejected,0.006565850569456559,0.35494614233350846
ear_volsurge q4 & frog q1,0.00036293701740056246,0.38362910580828885,0.9172839364993378,rejected,0.008413965934085589,0.3589938726389912
ear q1 & min20 q4,-0.000401113420487832,-0.6917007751065282,0.6074078540964928,rejected,0.0,0.5435802774671786
ev_red_flag q2 & rel_ind60 q0,4.54434787934576e-05,0.24837997127922637,-1.0496197545731976,rejected,0.0,0.2938929709173877
r20 q0 & vol_surge1 q0,4.503221940508806e-05,-0.0335634194573999,1.2643356416120386,rejected,0.0,0.20610958204150448
gap_today q2 & rel_ind60 q2,0.0002814066425820327,0.20840775495590844,1.088871719425942,rejected,0.0,0.2762104590242376
ev_red_flag q2 & ind_mom60 q0,0.0002325673052660623,0.4424744009398311,-0.849244522944392,rejected,0.0,0.3957452435006871
dist_ma200 q1 & vol_surge5 q3,0.00022460646206576355,0.47845388779033343,-0.8098671729247039,rejected,0.0,0.41801652059011113
gap_today q0 & vol_surge1 q3,-0.00032145579565213863,-0.36540372949716726,-0.9224092111931024,rejected,0.00630680354870726,0.3563151669082231
intraday20 q1 & log_dv q3,4.681139734793022e-05,0.22750870193119396,-1.0600960445843468,rejected,0.0,0.2891009070994154
ev_agreement q4 & range_compress q2,-0.0003880673952936999,-0.7532168342044567,-0.5332804470164012,rejected,0.007129928135090438,0.5938394607556436
dist_ma200 q4 & vol_surge1 q2,0.000623754978860844,1.0943085934047594,-0.19082393002126222,rejected,0.0,0.848663539732997
ear q1 & news5 q1,-2.286548715452343e-05,0.23988499172223107,-1.0451984769530456,rejected,0.0,0.2959312472326195
days_to_earn q1 & rel_ind60 q3,0.00022993666154143334,0.15224933537423577,1.1303058391679466,rejected,0.0,0.2583473749607292
news5 q1 & range_compress q2,0.00029376173989766096,-0.011376306563507953,1.2677045662401372,rejected,0.0,0.20490347352757807
ear_volsurge q4 & ev_shelf q2,0.0002559996450041811,0.19392795708168037,1.0805657479182538,rejected,0.0,0.2798903256345284
frog q4 & r5_nonews q0,-0.00038704145481417197,-0.9060763902254431,0.3669510858954698,rejected,0.0,0.7136555043797045
intraday20 q3 & mom_12_1 q2,0.00039039633102068937,0.9101644474608167,0.36204376608835354,rejected,0.0,0.7173193251130225
gap_today q2 & news5 q2,-0.0001864370146438518,-0.4294091361714191,0.8400720321851013,rejected,0.0,0.40086800018822644
min20 q4 & vol_surge5 q2,-0.000715772812407673,-0.9826737733630468,-0.2865415419628098,rejected,0.0,0.7744633807669862
dist_52wh q3 & gap_today q3,-0.00012867085052817073,0.017950766196643545,-1.2506531324614936,rejected,0.0,0.21106105662422253
frog q3 & min20 q4,-0.0008205316636900517,-1.1705254783107393,0.09636913155361732,rejected,0.0,0.9232274074433953
frog q2 & log_dv q2,-0.000204035307394839,-0.7369970476071526,0.5292067869612616,rejected,0.0,0.596662009064574
ind_mom20 q2 & overnight20 q2,0.00016782718700987723,0.4008027161640546,-0.8602833887606961,rejected,0.0,0.38963284731301195
overnight20 q0 & skew60 q1,0.000363748626081602,0.48144769458425646,0.7782909044067233,rejected,0.01865873544430678,0.4363975363787423
mom_12_1 q2 & news5 q2,-0.0004073039321462618,-0.6653034340414327,0.5939962560910103,rejected,0.0,0.55251461705584
ear_volsurge q4 & gap_today q4,-0.0007047627814220073,-1.2303704242369655,-0.02852706279178066,rejected,0.0041752536952118805,0.9772417838225929
log_dv q3 & r1 q1,0.00014571725094977112,0.046975788336812686,1.2113839688965016,rejected,0.0,0.2257482804905959
days_to_earn q2 & earn_in_week q1,-0.00034287747299779176,-0.1304967863047364,-1.1245586743704763,rejected,0.0,0.2607760938885992
close_loc q1 & days_since_earn q2,-0.00013399135089123049,-0.3790348923107181,0.8759158509774129,rejected,0.0,0.3810757817196899
ear_volsurge q4 & ev_red_flag q2,0.00018988652385574495,0.07734591978432712,1.1766342788087103,rejected,0.0,0.23934150975811633
intraday20 q1 & r60 q4,8.089300469838674e-05,0.35241013837701923,-0.9004216927829238,rejected,0.0,0.36789588082063324
dist_52wh q4 & ear_volsurge q2,-0.0004640136000254022,-0.7165613722725995,0.5357826103993497,rejected,0.0,0.5921088018708155
range_compress q4 & rel_ind60 q3,-1.945972068799813e-05,-0.2222991841831707,1.0298760448848945,rejected,0.0,0.3030681972344749
ear q1 & r1 q4,-4.959142028647494e-05,0.13956072113942636,-1.1118623676338204,rejected,0.0,0.26619733126425543
frog q1 & r1 q1,0.00041312728622709216,0.48975823450314976,0.7613794220520055,rejected,0.018106077155119454,0.446430474819895
earn_in_week q1 & vol_ratio q1,-0.0005242860070935789,-1.096957931935432,0.1535673638666772,rejected,0.0,0.8779508714965685
days_since_earn q3 & ev_red_flag q2,-6.0491840446276275e-05,-0.24615742224895634,1.0038133830373173,rejected,0.0,0.3154685724532802
frog q4 & vol20 q1,-0.00018245716359250068,-0.43170906581438384,0.8182440835692482,rejected,0.0,0.41321782769884546
days_since_earn q2 & range_compress q2,0.0004646942462340808,0.576111922758798,0.6735309404109208,rejected,0.009470739172356307,0.500609571567354
gap_today q0 & log_dv q3,-2.6512187855234497e-05,-0.19471932662743419,1.054744825246738,rejected,0.0,0.2915420449156294
ev_agreement q2 & r5_nonews q3,-0.00034158072111281596,-0.3906476219231576,-0.8567030681904702,rejected,0.014961708764055436,0.39160900725110304
frog q1 & r5_nonews q3,-0.00030077076636468575,-0.3003450855030719,-0.9457778569276628,rejected,0.007321472949267231,0.3442619018852353
ear_volsurge q4 & r20 q4,-5.519979006693321e-05,-0.29374575792284957,0.9478183631186718,rejected,0.0,0.3432219304894329
intraday20 q2 & r20 q3,0.0007155346352230886,1.1561010681357007,-0.08421553652240235,rejected,0.0,0.9328850657116152
log_dv q4 & r5_nonews q4,-0.00019776283011342956,-0.46189755739878186,0.7773720820196568,rejected,0.0,0.4369392787472694
max20 q4 & range_compress q3,-0.0004081407378545365,-0.7426878153546155,-0.49642472452783953,rejected,0.0,0.6195947846318746
r20 q3 & vol_ratio q4,0.00048633222888085396,0.8867359071228412,-0.3513211752630167,rejected,0.0,0.7253474106179595
log_dv q3 & r5 q3,1.4949348238414095e-05,0.2220856213887567,-1.0159135679073201,rejected,0.0,0.3096705472364217
earn_in_week q1 & gap_today q2,-0.0004642322454116855,-0.6484543524105976,-0.5884150633057794,rejected,0.01365456936237511,0.5562537294347396
gap_today q0 & range_compress q0,-5.512428968461444e-06,-0.15947464704406844,1.0765009433804518,rejected,0.0,0.2817032792164902
days_to_earn q4 & rel_ind20 q3,9.705530309185624e-05,-0.07531934549026047,1.1581438848782655,rejected,0.0,0.2468053236671357
intraday20 q1 & range_compress q2,0.00034226591995924774,0.39751897335226827,0.833446060547673,rejected,0.019237216650715074,0.4045932066318303
days_since_earn q3 & r20 q4,-0.00034269284862566406,-0.4310011524945894,-0.7943445689906243,rejected,0.02076314395665584,0.42699486438591605
ear q2 & skew60 q1,-0.0008152593723239415,-1.1697192720492937,-0.055251846100427,rejected,0.0,0.9559378247690721
gap_today q0 & vol_ratio q3,-0.00012262041452243356,-0.32509490492826987,0.8968317866911075,rejected,0.0,0.36980868357898045
log_dv q1 & vol_ratio q1,0.00046726905151485925,0.7019115261962876,0.516741774675075,rejected,0.005641960923853336,0.6053364302149908
dist_ma50 q3 & r5_nonews q3,-0.0005607059491440194,-0.7388336834027233,-0.47702633068170847,rejected,0.0,0.633343372032394
ins_buyers30 q2 & rel_ind20 q1,-0.0002586127456003906,-0.5274254386846986,0.681987473604644,rejected,0.0,0.49524687163643827
ear q3 & vol_ratio q4,-0.0003868171650249336,-0.7334307563431752,0.47284479315609684,rejected,0.0,0.6363239141336561
frog q3 & rel_ind60 q2,0.0002326043332348731,0.4942067798170183,-0.7079848662447521,rejected,0.0,0.4789546556000531
days_to_earn q0 & log_dv q1,0.000358891286515346,0.48014414375544495,0.7198577734292365,rejected,0.01374958988338099,0.47161256930020695
ind_mom60 q1 & min20 q0,0.00041199865851678153,0.9108814995860055,0.2884573934305279,rejected,0.0,0.7729966401237233
range_compress q2 & vol_surge5 q2,4.2521709675307854e-05,-0.11189154022804625,1.0872362692726871,rejected,0.0,0.2769324057066304
dist_ma50 q4 & ins_officer30 q2,-0.0004563136745193327,-0.5484258617689974,-0.650183791593246,rejected,0.011764061767062245,0.5155735094943674
ins_opportunistic30 q2 & log_dv q1,7.850306224314565e-05,-0.06404764383444168,1.1327737339868007,rejected,0.0,0.2573092843636367
earn_in_week q1 & r5_nonews q3,-0.0005995392589458538,-0.9076179105588197,-0.2861549016405707,rejected,0.0,0.7747594833180278
rel_ind60 q2 & vol_ratio q3,-0.0007291564101017498,-1.1223292162227554,0.07057811135509875,rejected,0.0,0.9437335315689374
ear q2 & r1 q0,0.0003461546507776608,0.8713941007960523,-0.31549740472624155,rejected,0.0,0.7523840212523232
frog q0 & news5 q1,0.00011043235266550802,0.4169331007501545,-0.7693582485562078,rejected,0.0,0.44168066695543307
skew60 q3 & vol_ratio q2,0.0007100298453014598,1.0851725797561407,0.09925920939672488,rejected,0.006001283827652297,0.9209324646105144
gap_today q0 & log_dv q1,1.27381004186805e-05,-0.1488064552145041,1.0338342502401718,rejected,0.0,0.30121365684614737
ear q1 & log_dv q3,-0.00033854903110647823,-0.34442595874639975,-0.8372079917417548,rejected,0.018991905269849906,0.4024756660976534
gap_today q0 & r20 q4,-0.00013874839510470027,-0.3881142380432235,0.7894859297719379,rejected,0.0,0.42982805018355297
ev_agreement q4 & gap_today q2,0.00021646007644563424,0.6627883203645066,-0.5121644717089815,rejected,0.0,0.6085359059068082
frog q3 & overnight20 q3,0.00010482398583213994,0.3020070907772445,-0.8726133638248471,rejected,0.0,0.3828738539459519
log_dv q0 & news5 q2,0.0005307671408670255,0.7529442556487145,0.4208678939640839,rejected,0.0,0.6738515507790659
rel_ind20 q4 & vol20 q0,-0.0006887207418444379,-1.0980517097175089,0.07553580846654664,rejected,0.0,0.9397884078692103
dist_ma200 q1 & rel_ind60 q1,-0.0007960691621245536,-1.1721361064952838,-0.0013678346315587507,rejected,6.595282040998063e-05,0.9989086262060693
r5 q0 & vol_surge5 q4,0.00037900387946621214,0.696072721170502,-0.4763499288864654,rejected,0.0,0.6338251002625679
ind_mom60 q3 & min20 q4,-0.0005389608345639418,-0.7096653123011212,-0.46204199367001814,rejected,0.0,0.6440512062781766
ear q0 & ind_mom60 q0,0.00037896087255152297,0.4838924109417717,0.6829679455594032,rejected,0.007696988101616162,0.49462709772277974
overnight20 q4 & vol_surge5 q3,-0.00034056965183758845,-0.5228533042234434,-0.641022429409894,rejected,0.009437714629947077,0.5215081104932872
days_since_earn q0 & rel_ind60 q3,8.418033757056178e-06,0.20189413437614534,-0.9565057398054594,rejected,0.0,0.33881678589453357
days_since_earn q2 & gap_today q3,0.0005676764683935598,0.9028020091320689,-0.25419945553869316,rejected,0.0,0.7993414712104554
ev_agreement q4 & gap_today q4,-0.00023381012315324835,-0.6106242199297354,-0.5458232896041357,rejected,0.008235359460540477,0.5851874125266017
mom_12_1 q4 & vol_surge1 q2,0.0005933736739445949,1.0630678475935151,-0.09290933925156847,rejected,0.0,0.9259755861934873
days_since_earn q3 & range_compress q0,0.00042129777323172073,0.8577531491054683,-0.2974743083816281,rejected,0.0,0.766104419650141
gap_today q0 & r5 q3,0.00028539933472040844,0.42038120507391347,0.7310514384574007,rejected,0.017106564689693016,0.46474773448296725
close_loc q1 & vol_ratio q3,-0.00045899387989914756,-0.6634298699632093,-0.4768940701956912,rejected,0.0,0.6334375547299859
ear q1 & r5_nonews q4,2.575324146477065e-05,0.22153337900634845,-0.9185879142199329,rejected,0.0,0.3583111558531345
intraday20 q3 & overnight20 q3,-0.0002860889714752073,-0.2586253703976772,-0.8794487677705709,rejected,0.009938629538068497,0.37915799987953863
mom_12_1 q2 & rel_ind20 q4,0.00043616530066295116,0.8876942704681751,0.2503615259226441,rejected,0.0,0.8023077801789701
news5 q1 & rel_ind60 q2,0.0006169115664767886,0.8632502456972083,0.2747147567104001,rejected,0.0,0.783535392995312
overnight20 q3 & vol_ratio q1,-0.0006269258621176333,-0.8988822609366665,-0.23835349461765876,rejected,0.0013284443439721366,0.8116069339439209
frog q0 & vol_surge1 q3,-0.00011631301225210087,-0.0040579012000074004,-1.1307689652930037,rejected,0.0,0.25815234549250593
close_loc q1 & dist_ma50 q4,-0.00019461907924348012,-0.24117226773381148,-0.8935936240946527,rejected,0.006722313393856571,0.37153935897686374
atr_pct q4 & vol20 q3,0.0003519009946904251,0.804575317237325,-0.33011006659819936,rejected,0.0,0.7413167971587016
days_to_earn q1 & r20 q2,0.0006345703398112049,0.9370435843014548,0.19653186542772844,rejected,0.0075687535307629745,0.8441938939605094
ear q1 & overnight20 q3,0.00022108883233747513,0.459928100322441,-0.6725558868698975,rejected,0.0,0.5012298740849985
days_since_earn q3 & overnight20 q3,0.0005362460168483565,0.7468901152993763,0.38500417506236906,rejected,0.0,0.7002343222733676
close_loc q1 & overnight20 q3,0.0007370785122416252,1.0987102995560596,0.03287171158159666,rejected,9.408923147267816e-05,0.9737768914876969
days_since_earn q3 & ind_mom60 q4,0.00019056012914225854,0.11545027606537005,1.0156485300964335,rejected,0.0,0.30979678606479294
r1 q1 & vol_ratio q4,0.0003310320952144369,0.3622898033560849,0.7680470998171436,rejected,0.016638775487190255,0.44245920327962607
gap_today q2 & overnight20 q3,-0.00048356535116616546,-0.6657207186320109,-0.46259232080167895,rejected,0.0,0.6436566140307445
frog q1 & rel_ind20 q4,-0.00048722979156456844,-0.9235552398890764,0.20319374320561653,rejected,0.0,0.8389836030289323
dist_52wh q2 & news5 q1,-0.0003348304231463482,-0.614719602213629,0.5102199070286881,rejected,0.0,0.6098974071428673
frog q0 & r5_nonews q3,0.0004966343242990317,0.8185626044628712,-0.3030674839553416,rejected,0.0,0.7618384335451605
earn_in_week q1 & r1 q1,-0.00017765479938479058,-0.47271204434195585,0.6487258085414721,rejected,0.0,0.5165156195651179
ev_red_flag q2 & news5 q1,-0.00021190559327982492,-0.26235554613915896,-0.858953703725957,rejected,0.012004109095536739,0.39036605865337215
news5 q2 & vol_surge5 q4,0.00042412090603553745,0.6673756441512948,-0.4528985272837348,rejected,0.0,0.6506218114614701
dist_ma50 q1 & rel_ind20 q1,0.0005632539811262226,0.7405439290115075,0.37342024915078187,rejected,0.0,0.708835691037413
log_dv q3 & vol_ratio q4,-0.00025639885113829214,-0.5131730033683319,0.5985041381487779,rejected,0.0,0.5495035985792528
ear q1 & mom_12_1 q2,0.0006162307100466629,0.8213009846089483,0.2881380217264695,rejected,0.0,0.773241089075345
close_loc q3 & r5 q2,-0.0006297080075535712,-0.870847476106342,-0.23528968624537056,rejected,0.0028381029847604896,0.813983899632614
days_since_earn q3 & frog q1,0.0001265389362506246,0.06952607096005287,1.0335056669496996,rejected,0.0,0.30136731989482585
gap_today q4 & news5 q1,-0.00040653604582069266,-0.5813004037895803,-0.5203353137349207,rejected,0.004896816068578344,0.6028298868201245
earn_in_week q1 & r5 q3,0.00046980991156800095,0.9294904993724759,-0.17187820041554475,rejected,0.0,0.8635332850724565
min20 q2 & vol_ratio q1,0.0004119538052998632,0.7231990327086831,-0.3778898675730513,rejected,0.0,0.7055124098251057
gap_today q4 & mom_12_1 q2,-9.298474108642339e-05,-0.26852275470112996,0.8324477682866163,rejected,0.0,0.40515624874894307
ear_volsurge q4 & r5 q3,-0.00017503734046419634,-0.12654073570278884,-0.9734388886508711,rejected,0.0,0.33033521896410856
ind_mom20 q4 & vol_ratio q1,0.00010297154690913617,0.3441525947198161,-0.7546701166593117,rejected,0.0,0.4504469411808782
close_loc q3 & r5_nonews q4,-0.0004689511169278097,-0.711776549721571,-0.38639801541015106,rejected,0.0,0.6992019196925722
ear q2 & min20 q0,0.00024410371047032717,0.6364762945030882,0.461114713091016,rejected,0.0,0.6447163063577929
min20 q4 & vol_ratio q4,-0.0003067523767992819,-0.4547293242851519,-0.6390703569957032,rejected,0.010385007591828652,0.5227771628493767
dist_52wh q3 & ear_volsurge q3,-0.00038525289504660106,-0.6634750470425519,0.4300797502157389,rejected,0.0,0.6671376297094707
days_since_earn q0 & ind_mom60 q1,0.0004733637112431081,0.7006362556947738,0.3920658134143997,rejected,0.0,0.6950095863889326
ev_shelf q2 & vol_ratio q0,4.3193189296836505e-05,-0.10578282405080909,0.9862476498760941,rejected,0.0,0.32401160189273076
intraday20 q3 & log_dv q1,0.0006128002825755551,1.0223813844787708,-0.06942695688759581,rejected,0.0,0.944649772190622
frog q0 & vol_ratio q4,0.0006278513512612829,0.9409367203945189,0.14953199708370685,rejected,0.004898158055277149,0.8811338631611311
gap_today q3 & overnight20 q3,-0.0002466223325510704,-0.18534468436434176,-0.9012920633057359,rejected,0.006460507407046068,0.3674330525436145
frog q3 & rel_ind60 q0,-0.00029229574366603373,-0.7259636993706395,0.35458041966506304,rejected,0.0,0.7229039470760783
ev_agreement q4 & range_compress q0,-9.314597151343764e-05,-0.26480650115373067,-0.8138099208589072,rejected,0.02424310363475807,0.4157538508006012
days_since_earn q3 & ev_agreement q4,-8.534599434860281e-05,0.04787135059793061,-1.0302099939762892,rejected,0.0,0.30291143928429387
ind_mom60 q1 & vol_surge1 q3,0.0006090292598679162,0.9216772629459928,0.15446584689354945,rejected,0.0035527975935753095,0.8772424382245259
ind_mom20 q4 & rel_ind60 q2,0.0004733253084486855,0.8259529706702375,-0.2466211557194934,rejected,0.0,0.8052014302874652
close_loc q1 & r1 q4,0.00022071480948589683,0.6552219017770418,0.4162967757019051,rejected,0.0,0.6771928516552417
dist_52wh q2 & overnight20 q4,-0.0003570958633031516,-0.5906461433998731,-0.477405872971535,rejected,0.0,0.6330731329479631
r5 q1 & r5_nonews q2,0.0005396072281503926,0.805674956837789,0.2621933494094739,rejected,0.0,0.7931723804946307
gap_today q3 & mom_12_1 q2,-5.147515845846594e-05,0.0443988620225383,-1.0233866229173705,rejected,0.0,0.30612508172157754
ind_mom20 q4 & r5_nonews q0,-7.38929697512625e-05,-0.10166836310803737,-0.9619217483073753,rejected,0.0,0.33608891298445426
gap_today q4 & r5 q1,-0.0003605535594420119,-0.6713783765797487,0.3892571608724878,rejected,0.0,0.6970859228333303
overnight20 q0 & r5_news q2,-4.185556296657637e-05,-0.1910409351214115,0.8694654462347234,rejected,0.0,0.38459259981144245
ear q1 & r60 q2,-0.0006318595900319887,-0.9565091799823973,0.10240516732648021,rejected,0.0,0.9184350823037828
ind_mom60 q1 & r5_nonews q2,-1.6168259529726372e-05,-0.24202721466198193,0.8166647200883429,rejected,0.0,0.41412005812427544
close_loc q3 & ind_mom20 q3,-0.000344509687828042,-0.61049461706547,0.4459251251064816,rejected,0.0,0.6556513324998415
gap_today q0 & vol_ratio q4,0.0002891146191398966,0.5715342996833334,0.47893277896900605,rejected,0.0,0.6319864508748214
ear q1 & frog q0,0.00011642075270436661,0.3546808295508274,-0.6955211023943468,rejected,0.0,0.4867287912315185
ind_mom20 q4 & range_compress q2,0.000651908899882822,1.0430913980340322,0.006423594725971383,rejected,0.0004486264740592909,0.9948747481901599
atr_pct q0 & ind_mom60 q4,2.8762114548268444e-05,0.24533917971616898,-0.8030517784686994,rejected,0.0,0.4219448076638016
news5 q4 & vol20 q4,-0.00039331637383078447,-0.6916224531123355,-0.3549088452993425,rejected,0.0,0.7226578817143017
ear q1 & ind_mom60 q3,-0.0002120039342536072,-0.1422525088642129,-0.9017405310374181,rejected,0.005601620496007969,0.3671947169922358
log_dv q3 & vol_ratio q1,0.0005093520932327035,0.7095802201617982,0.33327736105446437,rejected,0.0,0.7389249267561303
mom_12_1 q2 & r20 q4,0.0002715732711489852,0.5885095499210374,-0.4523158072544253,rejected,0.0,0.6510414899266577
dist_ma200 q2 & rel_ind20 q1,-0.0005896070654474662,-0.8040878631835403,-0.236686929178046,rejected,0.0011460018154015963,0.8128996758849714
r5 q3 & r5_nonews q4,-8.972158853927624e-05,0.04816392110966591,-0.9905962652509134,rejected,0.0,0.32188276209395633
gap_today q4 & r120 q2,-0.0004364397428606418,-0.692158212004568,-0.345886243949683,rejected,0.0,0.7294282070595219
ev_agreement q4 & r5 q1,-0.00041309859239621426,-0.9302153657104609,0.10499737411426921,rejected,0.0,0.9163778923568013
ev_agreement q4 & log_dv q1,0.00019377742333315562,0.5661751383259029,-0.4684266198882464,rejected,0.0,0.639479535278285
days_to_earn q0 & gap_today q4,0.0004444220961553774,0.9034986290596462,-0.12760950627669024,rejected,0.0,0.8984580077231422
gap_today q0 & ind_mom60 q0,0.0004988472074781866,0.9344334002225374,-0.09286983599508934,rejected,0.0,0.9260069695442111
close_loc q3 & r5 q1,0.00026477964484091773,0.2599057505007589,0.7653602195831576,rejected,0.01543550216811439,0.44405707413669004
close_loc q1 & news5 q1,0.0005530180339690925,0.9172596512577178,0.10757256601439087,rejected,0.0059958709052665505,0.914334759830139
ear_volsurge q4 & frog q3,-0.00027531113851779975,-0.5643251903285205,0.4604899419391782,rejected,0.0,0.6451645893301071
frog q1 & r5 q3,-0.0005937022407032732,-0.8810682363221233,-0.14320026325965626,rejected,0.0032721660196661276,0.8861320219138803
close_loc q1 & mom_12_1 q2,-3.733419841006035e-08,0.11719585095258889,-0.9060806708128186,rejected,0.0,0.36489315534304767
ev_shelf q2 & r5_nonews q4,-4.237613301820226e-05,0.06416332230140996,-0.9590821677720315,rejected,0.0,0.3375173530107029
days_to_earn q2 & gap_today q0,0.00034108808728662945,0.4869689810880775,0.535156234290615,rejected,0.007171446690230569,0.5925418270547927
r5_nonews q1 & r60 q4,0.00017241092199441952,0.19741870496167147,0.8223659367151978,rejected,0.01879044667390699,0.4108686599502198
ear_volsurge q4 & frog q0,-3.1353323271689517e-06,0.22464199403595203,-0.7935885083099364,rejected,0.0,0.42743502462692395
close_loc q2 & dist_ma200 q2,-0.000514111931528933,-0.7722730446414232,-0.24591693491440414,rejected,0.0,0.8057465341539325
range_compress q1 & vol_surge5 q4,-0.000511529118294484,-0.7939244865359567,-0.22360917838509237,rejected,0.0022017214143242067,0.8230614211847436
gap_today q3 & vol_ratio q4,0.0002081253414601475,0.426744703033156,-0.5891431091066336,rejected,0.0,0.555765276956275
ev_shelf q2 & ins_officer30 q4,-0.00020695194978809198,-0.18629042309296803,-0.8262665778281538,rejected,0.01895464531367248,0.40865288828208407
days_since_earn q3 & r1 q1,0.0005173511784474744,0.7362923431285999,0.2740202035177847,rejected,0.0,0.7840690955244457
ev_red_flag q2 & r5_nonews q4,-8.542468512956537e-05,0.011489340193545982,-0.9966006425317506,rejected,0.0,0.3189583939609621
days_since_earn q3 & rel_ind60 q2,-0.0001749095536842197,-0.38375351084588566,0.6241420533143037,rejected,0.0,0.5325342982548856
r1 q1 & vol_surge5 q1,-0.0002332273924270535,-0.44982879274721554,0.5569689904656367,rejected,0.0,0.5775486161842587
ev_agreement q2 & rel_ind60 q0,5.539620295418035e-05,0.21873550610384423,-0.7865073055456193,rejected,0.0,0.43157034080643747
min20 q2 & skew60 q2,-0.0006538120163471726,-0.9789567751704593,-0.025073284225700623,rejected,0.0037220150198008246,0.9799965095806416
ear q1 & frog q1,-0.0004377989172199328,-0.5949559864969983,-0.40711367292689116,rejected,0.0,0.6839245015833053
close_loc q4 & skew60 q0,0.0002665909040555487,0.5169713265719538,-0.4791919169108408,rejected,0.0,0.6318021040699866
r5_nonews q2 & range_compress q2,-0.00020045623730734373,-0.37905149614530004,0.6160912993770677,rejected,0.0,0.5378342641356962
ev_agreement q4 & rel_ind60 q2,7.536919585824218e-05,0.31199463183550924,-0.6774395334436435,rejected,0.0,0.4981271224513205
max20 q2 & r5_nonews q3,-0.00023081962060005174,-0.19728400334704033,-0.7881466261085573,rejected,0.016518146083016057,0.4306109448510198
rel_ind60 q2 & vol_surge5 q2,-0.000449674726528651,-0.6965660041192107,0.2851451753712632,rejected,0.0,0.7755329210682419
earn_in_week q1 & gap_today q0,-6.321823681715274e-05,-0.40290576557091196,0.5729973470320872,rejected,0.0,0.5666464902689716
rel_ind60 q2 & vol_ratio q4,0.0005556517654983463,0.8845143572680841,-0.08942463400586832,rejected,0.0,0.9287444467898228
overnight20 q4 & r5 q2,0.000377255719441809,0.5876475789737665,0.3853842458154765,rejected,0.0,0.6999527529222137
earn_in_week q1 & frog q1,-0.00030057875793557196,-0.6733838626738817,0.29913823788327615,rejected,0.0,0.7648345716597917
dist_ma50 q3 & gap_today q3,1.1444146423428842e-05,0.13678967004611015,-0.8346724210744153,rejected,0.0,0.403902173783203
intraday20 q3 & r1 q4,-0.00035809233869474213,-0.5321759280152265,-0.43753146968214646,rejected,0.0,0.6617259586852673
ins_opportunistic30 q2 & overnight20 q2,0.0005072223213928793,0.7948240711561306,0.17366385132728646,rejected,0.007716238934557484,0.8621296482341457
atr_pct q2 & ev_red_flag q2,0.00013231304814493214,0.3848257649964587,-0.5811767882041595,rejected,0.0,0.5611213099809493
mom_12_1 q1 & range_compress q1,-0.00037453491454875144,-0.5160192405703102,-0.44795665453662475,rejected,0.0,0.6541844794061855
ev_red_flag q2 & ins_officer30 q4,-0.00014888137207547504,-0.062324731822304566,-0.9002144233036201,rejected,0.0064521807486541275,0.3680061519475352
ev_agreement q4 & frog q3,-0.00013473915194856098,-0.4919542706535097,0.4687204197996318,rejected,0.0,0.6392694891773423
max20 q3 & r5_nonews q0,0.000503620486608621,0.9407392301774701,0.01935408739746313,rejected,0.00489496442842088,0.9845586364892754
frog q1 & r1 q4,0.00013306260068342705,0.15066056880234047,0.8075710302993654,rejected,0.020871902172029295,0.41933756926818566
ear_volsurge q1 & max20 q1,-0.0002920278932934684,-0.3104817010001686,-0.64682265251763,rejected,0.009987048531832392,0.5177467298171876
close_loc q3 & gap_today q4,0.0004459753104152868,0.7958512346811073,-0.16015210966170063,rejected,0.0,0.8727612533092102
days_to_earn q2 & frog q0,-0.00021456374477529764,-0.15088604455024326,-0.8049813529165347,rejected,0.020774884945512107,0.42083044040960416
ear_volsurge q4 & vol_ratio q1,0.000280434306180064,0.356264543818707,0.5991870950446216,rejected,0.00897175998179839,0.5490481274436134
atr_pct q0 & vol_ratio q4,0.0005237863797079281,0.7611618962041712,0.19231192484848325,rejected,0.005599849118525287,0.8474978780626742
r20 q4 & range_compress q2,0.00016661339588392723,0.16257645978416213,0.7882895883459672,rejected,0.015537953606184277,0.4305273363437862
dist_ma200 q2 & vol_surge1 q3,-0.0005740700689237264,-0.8589173402571096,-0.0905356064261594,rejected,0.0037978141450511716,0.9278616002861761
dist_52wh q1 & ins_value30 q2,-0.0002657468063587307,-0.2923203496026758,-0.6557281992359123,rejected,0.008124166842428714,0.5119990215468406
r1 q1 & r5 q3,0.000343142053582961,0.5986729528352407,-0.34695088362605303,rejected,0.0,0.7286282185343929
r5 q2 & r60 q1,0.0003818371998814055,0.6369256133963803,-0.30642740454483103,rejected,0.0,0.759279245449928
gap_today q2 & mom_12_1 q2,0.00018038801415094343,0.07866452312087856,0.8646445444950528,rejected,0.01382172814928683,0.38723391565342324
frog q3 & intraday20 q3,0.0002276634340646493,0.43558237334844635,-0.5065954012104817,rejected,0.0,0.6124387357630416
ind_mom20 q3 & log_dv q2,-0.0002998618284473527,-0.5648100850660174,0.3773441165494189,rejected,0.0,0.7059178909040591
vol20 q3 & vol_ratio q4,0.00016395270169997076,0.3289656281284644,-0.6125449978508455,rejected,0.0,0.540177236030474
days_since_earn q3 & frog q0,-0.00039114696558873683,-0.5372287408743759,-0.4039949270005631,rejected,0.0,0.6862164496451244
range_compress q2 & vol_ratio q1,0.0004876440264188684,0.6972369203941712,0.24398596216592613,rejected,0.000388024806993879,0.8072416920030232
close_loc q2 & gap_today q0,8.149435008453747e-06,-0.14914305143527437,0.7911891661611589,rejected,0.0,0.42883361257415487
r60 q3 & range_compress q1,0.0002584139433778982,0.30891620244346535,0.630458960080596,rejected,0.006894254228538293,0.5283943456952074
days_to_earn q0 & mom_12_1 q2,0.0005411176885990067,0.8166114961487728,0.12215167547245397,rejected,0.004898715099611447,0.9027788971494143
close_loc q0 & r20 q3,-0.00043813704143310284,-0.8060266376731755,0.13026538497967324,rejected,0.0,0.8963564654574633
close_loc q1 & ear_volsurge q4,-0.0005149673565410146,-0.8726139190738548,0.0603593583044248,rejected,0.0,0.9518694269839731
close_loc q4 & days_since_earn q3,-0.00023807417020625026,-0.2625478150401452,-0.6687966162742581,rejected,0.00830005245533021,0.5036252255132454
close_loc q4 & r5_nonews q0,0.00024651345167553916,0.5223852761896574,0.40650857087833586,rejected,0.0,0.6843689607153306
mom_12_1 q0 & r20 q3,-0.00010385018338728335,-0.07207893516763006,-0.8562589780525793,rejected,0.01204228841088135,0.3918545463823902
ind_mom60 q3 & news5 q1,4.1456148250045484e-05,0.2505391549832147,-0.6768228205949061,rejected,0.0,0.4985183771846598
days_since_earn q3 & intraday20 q3,6.443086581927213e-05,-0.05111622529105689,0.8749445108045859,rejected,0.0,0.38160409866391676
ear q1 & ear_volsurge q4,0.00038313394110546197,0.6586276547042724,0.25988113524729367,rejected,0.0,0.7949554633296878
log_dv q1 & news5 q2,3.274370928066202e-05,-0.07596332580672743,0.8257997791437413,rejected,0.0,0.4089176794105128
days_since_earn q3 & ev_shelf q2,3.504343834941584e-05,-0.07373029165355237,0.8269559192451588,rejected,0.0,0.4082620467313871
gap_today q3 & ind_mom20 q4,5.7620001791156505e-05,0.22696124522983277,-0.673625976441465,rejected,0.0,0.5005491340073581
ind_mom60 q1 & rel_ind20 q4,-0.0002706361363588456,-0.36234085666196114,-0.5374966818850673,rejected,0.006214295911876703,0.5909245763031538
gap_today q0 & rel_ind20 q4,-0.0001635386101731662,-0.37842189226833944,0.5172205097153881,rejected,0.0,0.6050022363755359
close_loc q3 & range_compress q2,0.0002636145384721527,0.464820324086309,-0.42882196068852485,rejected,0.0,0.6680527959118928
ev_agreement q4 & intraday20 q1,-0.00017388119563271863,-0.2633414101689152,-0.6286839758302423,rejected,0.007107772692917523,0.5295559708281368
close_loc q1 & frog q0,2.600281932774232e-05,0.1760548218368008,-0.7156475617185311,rejected,0.0,0.47420899761980495
range_compress q2 & vol_surge1 q3,0.0002233767852426546,0.16263943014593807,0.7271687281742395,rejected,0.014392419665427888,0.46712260052538757
r1 q4 & vol_ratio q3,-0.0005034383953638395,-0.8058686878876246,-0.08343070884093322,rejected,0.002590126039647909,0.9335090714993587
gap_today q2 & r5 q3,-0.0004586641889263811,-0.7187269158007535,0.1704625409208828,rejected,0.0,0.8646463911938178
close_loc q1 & gap_today q4,-0.00047387773240187156,-0.7928748701000349,-0.09159289464392777,rejected,0.003774210292943687,0.9270214969728915
ev_red_flag q2 & vol_ratio q0,-3.7857976684887805e-05,-0.17447782307776524,0.7088781266260413,rejected,0.0,0.4784001099349872
log_dv q3 & rel_ind20 q4,-0.0004667126038087482,-0.7625980346197674,-0.11724531239468777,rejected,0.004604225380794581,0.9066656604075993
log_dv q1 & vol_ratio q3,-0.0003728688083201915,-0.6154703188465978,0.2604242344445942,rejected,0.0,0.794536551313255
ind_mom60 q1 & news5 q1,-0.00016655520005811898,-0.40883013114037053,0.4666889981306276,rejected,0.0,0.6407224022302982
r5_nonews q3 & range_compress q2,0.0003169231292483895,0.538884632254389,-0.336467955783098,rejected,0.0,0.7365180119672179
ear q1 & ev_agreement q4,-0.0003254193341280384,-0.6383765886780294,-0.23612051296650294,rejected,0.0015798335349369638,0.8133391568646956
ev_agreement q4 & gap_today q3,-0.0002457231066688285,-0.5706312893374709,0.3037542254524254,rejected,0.0,0.7613151426576844
days_since_earn q2 & r1 q1,0.0002915237695510478,0.34604118451351024,0.524318481886014,rejected,0.0035160900408405245,0.6000570442487747
news5 q1 & rel_ind20 q2,-7.367895081757448e-05,-0.31345770489874625,0.5557530659770368,rejected,0.0,0.5783796743359425
intraday20 q2 & vol20 q2,0.00020519352606764612,0.2070485036817555,0.6617596844600836,rejected,0.008564136123233583,0.5081252473164621
ear q1 & range_compress q2,-0.00034116628817630157,-0.45680204404862956,-0.40971533703003177,rejected,0.0,0.6820147780428001
dist_ma50 q1 & r120 q3,0.0003307066853808055,0.4203332310495555,0.44374392058738943,rejected,0.0,0.6572277373891395
ind_mom20 q4 & log_dv q1,-9.184696832566439e-05,-0.03292884059721595,-0.8306512159199804,rejected,0.016110076032217365,0.4061706928749389
range_compress q3 & vol_ratio q4,8.140862764101021e-05,0.2538570073289799,-0.6067872289300155,rejected,0.0,0.543992124593472
log_dv q1 & rel_ind60 q0,0.00035395746376765775,0.5770330172315659,0.2827967169861468,rejected,0.0,0.7773326711170805
atr_pct q2 & r1 q1,-2.5635936002421594e-05,-0.16367952129647476,0.6951345254408576,rejected,0.0,0.4869709998007764
r5 q2 & rel_ind20 q4,-0.0005631652988299992,-0.853184769707244,0.005014584004180636,rejected,0.0,0.9959989576126261
ear q1 & max20 q3,-0.0004679874045453621,-0.8532086489467544,-0.0022822343585640697,rejected,0.00012054767554931768,0.9981790420219397
r1 q1 & rel_ind20 q4,0.00016770992800840674,0.16206323369010664,0.685397529596994,rejected,0.00648962119812294,0.4930931025255071
ev_agreement q4 & min20 q4,2.0412130572266504e-05,0.1733224492076078,-0.6725985996518475,rejected,0.0,0.5012026928514592
earn_in_week q1 & log_dv q1,-1.3599624841646885e-05,-0.16139687831010438,0.6821282301497861,rejected,0.0,0.49515787140607354
ev_shelf q2 & max20 q3,-0.00026621506002479165,-0.30928294000260387,-0.5337571826862028,rejected,0.006413404459205203,0.5935095409328826
ear q2 & r1 q1,0.0005622053227015994,0.8408358683796793,-3.458639604792473e-05,rejected,0.0,0.999972404048585
r1 q4 & range_compress q2,-0.00018256236754121387,-0.3603498533794606,0.4795352727938839,rejected,0.0,0.6315578811573289
rel_ind60 q2 & vol_surge1 q3,8.420155762011685e-05,-0.053250397205126344,0.7860628856164056,rejected,0.0,0.4318306464311705
days_to_earn q0 & ind_mom60 q3,0.0003743854113651352,0.5867763480221215,0.2512577536153324,rejected,0.0,0.8016148353526726
days_to_earn q0 & intraday20 q3,-0.00023369849965068493,-0.45703812244158776,0.3806525608889807,rejected,0.0,0.7034610742293756
gap_today q0 & rel_ind60 q2,0.0003071639224543538,0.41727739475893083,0.41576133207291704,rejected,0.0,0.6775846566160402
days_since_earn q1 & r5_news q4,3.754763434023635e-05,-0.05020449477558742,0.7802483506465095,rejected,0.0,0.43524470764190026
ev_agreement q2 & news5 q1,-3.464488715857566e-05,0.2132808429666514,-0.6140151019776167,rejected,0.0,0.5392053477178358
days_to_earn q0 & r5 q3,0.00035233274560314033,0.6508008788067606,-0.17089115337983005,rejected,0.0,0.8643093529192114
gap_today q0 & intraday20 q1,0.00040754060814090283,0.6665015396665755,0.15353745428280904,rejected,0.004138449807105781,0.8779744562022097
close_loc q1 & days_since_earn q3,0.00047695519936626356,0.7816264745649497,-0.03484634353511327,rejected,0.0,0.9722022662548893
days_since_earn q2 & intraday20 q3,-0.00020660122243642095,-0.4484779544365844,0.36795933811595194,rejected,0.0,0.7129035538172542
dist_ma200 q4 & mom_12_1 q1,-0.00016719839638414802,-0.4540751745993444,0.3559751173329788,rejected,0.0,0.7218591997150381
ev_agreement q2 & r5_nonews q4,-0.00019164249719231104,-0.1833240464630756,-0.6217394872423746,rejected,0.008643802741533745,0.5341131822438133
intraday20 q0 & r5 q0,0.00013067715732158482,0.06619856619202645,0.7361713603674604,rejected,0.015591900908483563,0.4616264191712075
close_loc q3 & rel_ind60 q2,-0.00032852812796817037,-0.4298595230344535,-0.37104529301663564,rejected,0.0,0.7106037968204318
days_since_earn q3 & vol_ratio q2,0.0001481557659310545,0.32194619177556383,-0.47824610779042853,rejected,0.0,0.632475048964187
r5_nonews q0 & vol_surge5 q3,-0.0001749734992688321,-0.3752966160378003,0.4216356659217403,rejected,0.0,0.6732909691573128
days_since_earn q2 & frog q1,0.0002969313569836502,0.3596395072606489,0.4327730648282564,rejected,0.0,0.6651796431848788
earn_in_week q2 & ins_buyers30 q2,6.997737076078144e-05,0.48399193485781694,0.3057517721182011,rejected,0.0,0.759793651221385
ind_mom60 q1 & r20 q4,-9.823763137321706e-05,-0.0939300547476154,-0.6951617151146554,rejected,0.007385216619912121,0.4869539620680905
frog q0 & r5_nonews q2,-0.00032917754941383745,-0.4499750359570881,-0.3375293056501273,rejected,0.0,0.735717924221658
ev_agreement q4 & r1 q4,-7.232893817125854e-05,-0.14258986315602562,-0.6404594002101606,rejected,0.008036389595657582,0.5218739759535618
rel_ind60 q2 & vol_ratio q0,-0.0002920880951883026,-0.5200950615417823,0.2627941728898418,rejected,0.0,0.7927092270896076
r5 q3 & r60 q2,-0.00023702135423438837,-0.25348277864859015,-0.5242885073243223,rejected,0.0038428553696105744,0.6000778891765908
r1 q0 & rel_ind20 q1,0.00019399218975120082,0.27381847346769456,0.5032544669426245,rejected,0.00041260153323410294,0.6147853750058088
mom_12_1 q2 & range_compress q2,9.588434487115125e-05,0.05913383454891852,0.7167640977741442,rejected,0.009076052722578986,0.4735196679785297
close_loc q3 & frog q0,-0.0003396373727071822,-0.4680254826765841,-0.30598068834253417,rejected,0.0,0.759619349526925
days_since_earn q3 & ind_mom60 q1,9.839127402025263e-05,0.03047190235080709,0.7416302699866224,rejected,0.015419595495104384,0.45831137833346025
r20 q4 & r5 q1,-7.901765325591648e-05,-0.24772126683368767,0.5237182962532438,rejected,0.0,0.6004744880785342
r5 q1 & vol_ratio q4,0.00028444228837531076,0.3681782202676484,0.40315197042615625,rejected,0.0,0.6868364303161778
ear q1 & vol_ratio q1,0.00020583790927837026,0.19337664200032167,0.5767558052168589,rejected,0.012955424253238809,0.5641044283509522
ear_volsurge q4 & rel_ind20 q4,-0.00016559529966797708,-0.3689276173825915,0.3993475915361511,rejected,0.0,0.6896371045634749
ind_mom20 q1 & news5 q1,0.000301937297214164,0.35382297269166246,0.41156498553532583,rejected,0.0,0.6806583002504265
frog q0 & min20 q4,0.00019285999578742564,0.20818788847298356,0.5533366554786833,rejected,0.007151907809991693,0.5800329054954902
frog q0 & rel_ind20 q4,-7.591623396491115e-05,-0.009371556418262374,-0.750897924434962,rejected,0.013450613310742349,0.45271408956644543
ear_volsurge q3 & log_dv q2,0.00011180977764488482,0.28584014645714106,-0.4743181646341584,rejected,0.0,0.635273040168437
close_loc q1 & ind_mom60 q0,0.0004259350020331909,0.690016333605949,0.06928500677495808,rejected,0.00010893333940827883,0.9447627599170162
max20 q3 & vol20 q1,-6.084352674789577e-05,0.11492940712209497,-0.6358072021717242,rejected,0.0,0.5249020926141088
days_since_earn q3 & r5 q3,-0.00037980312750838965,-0.547335182100252,-0.2028346368560671,rejected,0.0043222403385204155,0.8392642843240097
intraday20 q3 & vol_ratio q1,5.940915795527053e-05,-0.03164593166438004,0.7103248204356678,rejected,0.0,0.47750273157501993
news5 q2 & r5 q3,-8.714845363358671e-05,-0.01762817806570539,-0.723736135621605,rejected,0.01084861635144889,0.46922774399464984
range_compress q0 & vol_ratio q1,0.0003422855504827417,0.7082873907613495,-0.030283996448329187,rejected,0.0,0.9758405597036584
days_since_earn q3 & gap_today q4,-0.00023009139010107254,-0.2875404126532078,-0.4487444317962139,rejected,0.0,0.6536160285263688
close_loc q4 & ev_shelf q2,-0.00011096444492536043,-0.24418266290570653,0.4864547300587606,rejected,0.0,0.6266447946114763
close_loc q1 & range_compress q0,0.000321848425795507,0.6127901987742072,0.1120687663969724,rejected,0.0060416359804540635,0.9107688821879745
r1 q1 & range_compress q0,0.00027772762019472903,0.5792192503749894,-0.14214854810979638,rejected,0.0,0.8869626716388456
gap_today q2 & r1 q4,-0.00033111602075570695,-0.5807161053245392,-0.13959443563206358,rejected,0.0027201903981452667,0.8889804372957933
gap_today q3 & r5 q1,0.00027568149341730854,0.3299527402026385,0.38894861615688,rejected,0.0,0.6973141576263782
frog q0 & skew60 q3,-9.319627745246951e-05,-0.05315665883281421,-0.6649802911404101,rejected,0.007957068289821359,0.5060630990507391
ear q1 & ind_mom20 q4,-0.0002868074761277239,-0.3666524825802852,-0.34107266432631134,rejected,0.0,0.733048879406812
log_dv q3 & vol_surge5 q2,-0.00022287573392087013,-0.24436527428261115,-0.45900696730575535,rejected,0.0,0.6462291627906753
earn_in_week q4 & overnight20 q3,0.00017107464008751487,0.5182890050503954,0.18481319054384654,rejected,0.004135879583904113,0.8533755615264611
gap_today q0 & r60 q2,-0.00025357569326116134,-0.35154162135093336,-0.3482702704280984,rejected,0.0,0.7276372186767321
close_loc q1 & ear q1,-0.0001964013001152922,-0.3501024507175965,0.3489606303228573,rejected,0.0,0.7271188662807884
intraday20 q3 & min20 q4,-0.0004472112471182018,-0.6605614698954954,0.0340438212725625,rejected,0.0,0.9728422066150846
dist_ma50 q0 & mom_12_1 q3,0.00018716042835271023,0.2698151846700402,0.4218245419259242,rejected,0.0,0.6731530908806029
days_to_earn q2 & r1 q1,-0.00043507159314541975,-0.6643630421453961,0.024796577155243707,rejected,0.0,0.9802172212548275
atr_pct q2 & intraday20 q1,0.0003542016297222119,0.49009778806005794,0.19794327766249406,rejected,0.006432105310800251,0.8430894433504725
ear_volsurge q4 & ind_mom60 q3,7.57235134535468e-05,0.22613747195579645,-0.4617061757426577,rejected,0.0,0.6442920417326623
gap_today q2 & ind_mom60 q3,-0.00028668764980781833,-0.5638170672350881,0.12323921745232924,rejected,0.0,0.9019176712170548
days_to_earn q4 & ins_buyers30 q2,0.00014886378713342365,0.2799781796446508,-0.40553683211424646,rejected,0.0,0.6850829503211404
ins_buyers30 q4 & vol_surge1 q3,-5.531006894661185e-05,-0.26917507792239465,0.4125204559896903,rejected,0.0,0.6799579904175852
earn_in_week q1 & frog q0,-0.00035220191375590244,-0.6514337773112766,0.029991063452111104,rejected,0.0,0.9760741802983891
intraday20 q3 & rel_ind20 q4,0.0001215607143993436,0.09565483345045506,0.5839175027391038,rejected,0.010388915990543502,0.559275816856657
earn_in_week q1 & vol_surge5 q2,-6.117679108201048e-05,0.08823836574624686,-0.5885103742982655,rejected,0.0,0.5561897725224256
frog q3 & vol_ratio q0,3.45689978202982e-05,-0.06041664791189305,0.6162807461243842,rejected,0.0,0.5377092441003359
ind_mom60 q3 & r1 q1,-0.00036609196375033065,-0.58021613444146,0.09626730644969826,rejected,0.0,0.9233082761328479
r5_nonews q4 & rel_ind60 q2,-2.2877666212235906e-05,-0.1362326189929279,0.5395592987412351,rejected,0.0,0.5895009920426348
gap_today q3 & log_dv q3,0.00044123607067934943,0.665482816053359,0.007343570262579187,rejected,0.0012636205715477258,0.9941407313294948
days_since_earn q2 & rel_ind60 q2,-0.0003464432189286618,-0.5340608629678096,0.13861452866922175,rejected,0.0,0.8897547619309523
rel_ind20 q4 & vol_ratio q1,-0.00015711966295328022,-0.12076881534628069,-0.5476192036852493,rejected,0.0052920903977976465,0.5839534005609404
days_since_earn q2 & mom_12_1 q2,-0.0003409277206681987,-0.4806219239427685,-0.187660807114482,rejected,0.005266444549111994,0.8511425557388146
ear_volsurge q4 & log_dv q3,-0.0002645913345843627,-0.3825807073058007,-0.2802214925984951,rejected,0.0,0.7793075782502021
days_since_earn q4 & rel_ind20 q2,0.00014657913340126262,0.29995754886944126,-0.3545810170490711,rejected,0.0,0.7229034994738115
log_dv q3 & min20 q4,-0.00035708381044741107,-0.5361312104881439,0.11365041407325747,rejected,0.0,0.9095149215686713
days_since_earn q3 & skew60 q3,-0.00020932445323048105,-0.25525180850157764,-0.39372873775757156,rejected,0.0,0.693781321983608
ind_mom60 q3 & r5_nonews q2,-0.00038451281770878544,-0.605204989469572,0.03902384181018987,rejected,0.0,0.9688713800731003
days_to_earn q3 & frog q4,-0.00014168654288189997,-0.17418538728947805,-0.4677801492422339,rejected,0.0,0.6399418177140652
log_dv q2 & rel_ind20 q1,0.00023396729500644136,0.30317282099582155,0.33695305771089895,rejected,0.0,0.7361522873327992
days_since_earn q3 & ear q1,-0.00026899966969321816,-0.35723147785455983,-0.2810568160227885,rejected,0.0,0.7786668224371633
earn_in_week q1 & min20 q4,-0.00011835957687797278,-0.31620247570358484,0.3187163886347361,rejected,0.0,0.7499415859398093
close_loc q1 & r20 q4,-0.00029183425558902215,-0.5802605315497997,0.05289954846852535,rejected,0.0,0.957811944164191
days_since_earn q3 & mom_12_1 q2,0.0003540072084211204,0.49742154575429737,0.1335965946881289,rejected,0.0012606765005246238,0.8937215770952167
max20 q2 & vol_ratio q0,0.00024555762680370674,0.3764099852661762,0.2513896560014927,rejected,0.0,0.8015128642980693
days_since_earn q2 & gap_today q0,-0.00022356494404816873,-0.30335610392372453,-0.32134778149200294,rejected,0.0,0.7479468504994831
close_loc q3 & ev_agreement q2,-0.0002213521153557273,-0.2724875864512488,-0.35192661302941664,rejected,0.0,0.7248933000411215
close_loc q1 & gap_today q3,-0.0002345067513675308,-0.2890883744828562,-0.3327625375508715,rejected,0.0,0.7393135388370105
r5 q1 & range_compress q0,3.652681693524939e-05,-0.06736077251801643,0.5533514504792671,rejected,0.0,0.5800227764898638
close_loc q3 & ear q3,-0.0003080874772774042,-0.49601924000124115,0.12445934051412569,rejected,0.0,0.9009515915834194
intraday20 q3 & range_compress q2,0.00024225357297275897,0.3902141233737457,-0.22338676244937847,rejected,0.0,0.8232345060781043
gap_today q3 & vol_ratio q1,0.00036837657921453393,0.5617233586860821,-0.04950815969904351,rejected,0.0,0.9605143346760536
ear_volsurge q4 & mom_12_1 q1,-0.00018705467391629213,-0.23637664151540264,-0.3698171047627612,rejected,0.0,0.7115187696356872
atr_pct q3 & frog q0,0.00020271651990453593,0.24469421816206946,0.3581797141032619,rejected,0.0,0.7202088273275851
ear q1 & vol_ratio q0,-0.00034419161551178286,-0.5582206942385954,-0.04314375491534599,rejected,0.0,0.9655869403730911
gap_today q4 & ind_mom60 q1,0.00027511369274366707,0.4736734112115144,0.12755918717842002,rejected,0.003693979902662271,0.8984978311142852
r5 q3 & vol_ratio q0,-0.0001654858442833433,-0.32065569657583554,0.27890259337622386,rejected,0.0,0.7803195782582026
range_compress q0 & vol_ratio q0,0.00014474735793307337,0.19393860329293516,0.4033557810421731,rejected,0.0,0.6866865116365073
r120 q3 & skew60 q0,-0.0001979017720423863,-0.3145968120135018,-0.2822863016848082,rejected,0.0,0.7777239883215871
gap_today q0 & r1 q4,-0.0001147394026300553,-0.22698953978523767,-0.36959666210158015,rejected,0.0,0.7116830385287249
r1 q4 & rel_ind60 q2,0.00012099901654157456,0.25827216339400955,-0.334840672466901,rejected,0.0,0.7377452775452753
max20 q0 & vol_surge5 q2,0.00016850885517751205,0.17091969520055064,0.4187413817777592,rejected,0.0,0.6754051490281436
gap_today q3 & rel_ind60 q2,0.00019738081033178516,0.23996614116156617,0.34932780351520126,rejected,0.0,0.7268432274427983
dist_ma200 q1 & vol20 q1,-0.00037610068695150646,-0.5635098906926601,-0.02142027628899707,rejected,0.003488957154534413,0.9829103991361073
ear q4 & vol20 q2,0.00030254569193854415,0.45550149166549675,0.12714185508104198,rejected,0.004947677080445801,0.8988281246839473
ev_agreement q2 & ins_opportunistic30 q2,6.166285655236634e-05,0.4259710655392015,0.1517178021034276,rejected,0.0031362431750471174,0.8794095156691883
gap_today q3 & r5_nonews q2,9.185477159263664e-05,0.1886134863167769,-0.3885900049245122,rejected,0.0,0.6975794617323962
atr_pct q1 & dist_ma200 q0,-0.0002085333180494512,-0.36325213742701995,-0.21190055917435172,rejected,0.003082690254832122,0.8321846143437439
frog q1 & vol_surge1 q3,0.0002288445844312198,0.3021574154611489,0.2725241866465406,rejected,0.0,0.7852189965475693
ind_mom60 q2 & r60 q3,9.543066405278562e-05,0.19891597751923185,-0.3745837023099034,rejected,0.0,0.7079700956465819
gap_today q4 & r5_nonews q3,-0.00017925028443925732,-0.2071241600375922,-0.3622173168460231,rejected,0.0,0.7171896399759955
intraday20 q3 & r20 q4,0.00018458458146160218,0.35948984443881093,-0.20900770053005682,rejected,0.0,0.8344422272236518
overnight20 q3 & range_compress q2,0.00011524667262387484,0.2251364256279819,-0.3433019151537429,rejected,0.0,0.7313713401843138
dist_52wh q2 & r1 q0,6.933294326303454e-05,0.17450968377194429,-0.39382385700671657,rejected,0.0,0.6937110895571714
frog q3 & intraday20 q1,0.00010318363873772483,0.033557967808364654,0.5285686968567015,rejected,0.004989743678304904,0.5971046801469014
gap_today q0 & ind_mom60 q3,-0.0002524237396248482,-0.46758244844786045,0.09230324501987325,rejected,0.0,0.9264571102257994
ind_mom60 q1 & r5 q3,-0.00026078891059882564,-0.4214089091524884,0.13337176768835593,rejected,0.0,0.8938993720325141
close_loc q1 & rel_ind60 q0,0.00024747761054813913,0.44028433359773916,-0.11218789711864606,rejected,0.0,0.9106744252869133
ear q0 & min20 q2,-0.00017713916808949175,-0.35513575256557395,0.19497993683750783,rejected,0.0,0.8454086542608752
ear_volsurge q4 & intraday20 q3,-0.00022932383213422603,-0.4384633295310514,0.11029933758275984,rejected,0.0,0.9121719825921506
ind_mom20 q0 & vol_surge5 q3,-0.00017392076978814345,-0.3246778866434302,0.2221503585942556,rejected,0.0,0.8241968366286844
dist_ma50 q4 & vol_surge5 q1,-0.00015877282193886883,-0.22222262305796453,-0.32268027530134796,rejected,0.0,0.7469373917506614
close_loc q3 & ind_mom60 q1,-0.00031394431784077386,-0.4961019619762009,-0.047967800053783545,rejected,0.0,0.961741904888291
range_compress q0 & rel_ind60 q2,8.501392438039992e-05,0.16700611111451688,0.37557252051538736,rejected,0.0,0.7072347230420175
overnight20 q3 & vol_ratio q0,-9.355466833486062e-05,-0.06503007645239615,-0.47422364766859443,rejected,0.0,0.635340431847147
days_since_earn q4 & news5 q1,1.934830692260364e-05,0.14449194632811221,-0.3931171531228683,rejected,0.0,0.6942329555592985
days_since_earn q0 & ind_mom60 q4,-0.00019176289295600338,-0.2693196329221252,-0.2650851739281331,rejected,0.0,0.7909438483954432
overnight20 q2 & r5 q3,-0.00028240570258510815,-0.40350334772843993,-0.12913090638842492,rejected,0.0027183932492038446,0.8972540669732936
ear q4 & r5 q0,0.0002220785032464053,0.4077785436762551,0.12186830525576924,rejected,0.004483584346183924,0.9030033172297177
ind_mom60 q3 & r60 q2,-0.00011689762793844579,-0.09222533802980766,-0.43312292195080526,rejected,0.0,0.6649254711067537
frog q0 & r5 q1,8.846294036148273e-05,0.017942893300483577,0.5005411450505568,rejected,0.0005576992931365137,0.6166940921968628
dist_52wh q1 & log_dv q4,0.00013207384316207179,0.13092610100306779,0.38534384514251113,rejected,0.0,0.6999826811577141
overnight20 q3 & r5 q1,5.9727275881614346e-05,0.15821066655176746,-0.3538680294136526,rejected,0.0,0.723437787570848
days_since_earn q2 & ev_agreement q4,-0.00017984070716353396,-0.4956186859761556,0.01432342943098724,rejected,0.0,0.9885719475650094
earn_in_week q1 & log_dv q3,-0.00023146299025483412,-0.3101192801674337,-0.19863406292965544,rejected,0.004985811014703271,0.8425490061466419
ins_buyers30 q4 & r5 q4,8.555080641392932e-05,0.16977441730031942,0.337751924974731,rejected,0.0,0.7355501412512946
close_loc q3 & mom_12_1 q2,-0.00017929806822942503,-0.2930876552579291,0.2141221656487333,rejected,0.0,0.8304517909424509
ev_offering q2 & skew60 q1,0.00020892644067445893,0.3416626034542613,-0.15424156103944578,rejected,0.0,0.8774192732935998
r120 q1 & r5_nonews q0,0.0001490486438312974,0.2730961798900672,-0.22187952967901028,rejected,0.0,0.824407666316165
ev_agreement q4 & vol_surge1 q4,0.0001325161788320716,0.3608691634850901,-0.13075144564579624,rejected,0.0,0.8959719339006289
intraday20 q3 & range_compress q0,-3.813026869273877e-05,-0.2840521868731724,0.20621101162057598,rejected,0.0,0.8366260866667421
ev_agreement q4 & news5 q2,-0.00010635777763343544,-0.16777126284336238,-0.32209203043048806,rejected,0.0,0.7473829756372958
days_to_earn q4 & ins_officer30 q2,0.00013133675461158577,0.23367240456111535,-0.2556741129988754,rejected,0.0,0.7982024857569635
mom_12_1 q2 & vol_ratio q4,0.00022829248465635284,0.36169701504132074,0.12351235559132608,rejected,0.004070140269749211,0.9017013908583995
log_dv q1 & vol_surge5 q2,-4.977211587884256e-05,-0.13352819432428245,0.34993021912591,rejected,0.0,0.7263910674870424
close_loc q1 & ind_mom60 q3,0.00020883321027852803,0.32272368123341644,0.15710219672763423,rejected,0.002354846974581955,0.8751643063437899
days_since_earn q3 & vol_surge5 q1,0.0002906433842593087,0.4477481905102923,-0.029358591623560984,rejected,0.0,0.9765785976544284
ear q1 & r5 q1,-0.00028069325706499873,-0.39420391973790486,-0.08059265703735126,rejected,0.0006616914901494866,0.9357659060452633
mom_12_1 q2 & range_compress q0,5.118509241961774e-05,0.0943810477246339,0.3717094691661552,rejected,0.0,0.7101091740205552
close_loc q1 & log_dv q3,-0.0002961947294785823,-0.46180851211986707,-0.004028475709164684,rejected,0.000605426962997445,0.9967857501218953
ind_mom60 q1 & r5_nonews q4,6.98118943519337e-05,0.17535777927167373,-0.2901429614728076,rejected,0.0,0.7717068701769715
atr_pct q2 & ind_mom60 q4,0.00027667193869447624,0.4229130626140223,0.03453613125564944,rejected,0.00017423114279124373,0.9724496309479884
frog q3 & r5 q1,0.00017642154980311909,0.2091191062017637,0.24528616235205936,rejected,0.0,0.8062348653855773
gap_today q3 & r1 q4,-3.7564395186970274e-06,0.06826713217707137,-0.3843631724414532,rejected,0.0,0.7007092921640781
ins_officer30 q2 & r5 q0,0.00017362532746423504,0.2661512629866598,-0.17778377638384232,rejected,0.0,0.8588927889413058
ind_mom60 q4 & rel_ind20 q1,0.0002730177136757247,0.41239848142585267,0.03151506151064735,rejected,0.0012161301584727115,0.9748587807628356
dist_ma50 q0 & vol_ratio q4,-0.0001498823395322717,-0.15173823871080785,-0.29102842959022296,rejected,0.0,0.7710295764491485
min20 q0 & rel_ind60 q3,-5.830156362465118e-05,-0.06007857142427128,-0.3659780997377361,rejected,0.0,0.714381417486476
mom_12_1 q3 & range_compress q4,6.765411203884128e-05,0.1410844406846748,-0.2833120566879391,rejected,0.0,0.7769376358508284
mom_12_1 q4 & r5_nonews q1,-0.00012781853755403823,-0.2459053551884821,0.17785524138524467,rejected,0.0,0.8588366625240642
dist_52wh q3 & r5_nonews q4,-0.0001973974656684221,-0.3767857626248107,0.038723104898416925,rejected,0.0,0.9691111521770659
close_loc q1 & ind_mom20 q4,-6.916445414964998e-05,-0.17919308878849727,0.23566839582453486,rejected,0.0,0.8136899956624823
min20 q4 & range_compress q0,0.00012593876217133928,0.2615150560713477,-0.15142317668223074,rejected,0.0,0.8796419079078726
days_to_earn q0 & ev_agreement q4,-0.00013081007414245883,-0.3619851308757086,-0.04853249552174457,rejected,0.0,0.961291867264904
log_dv q2 & rel_ind20 q0,0.00021993029175042307,0.3447057789965381,0.06571225521126141,rejected,0.0,0.9476069152561045
days_to_earn q1 & ind_mom20 q0,0.0001860609284006064,0.28015372989762655,0.12716435302136095,rejected,0.003693700679403071,0.8988103184528972
ins_officer30 q4 & log_dv q0,-7.247774738427718e-05,-0.23190394816903437,-0.17451874227191735,rejected,0.005418012058919251,0.8614578025760586
dist_ma50 q3 & ins_value30 q4,-2.841470476591239e-05,-0.02687104504117186,-0.37904850291500924,rejected,0.0,0.704651846417766
r20 q4 & rel_ind60 q2,0.00020131574258893978,0.3732676274522488,0.03182183265958068,rejected,0.0008004098742887537,0.97461413550733
ear_volsurge q4 & earn_in_week q1,0.00010288051140860964,0.23300364000861373,-0.16696683735864726,rejected,0.0,0.8673961425462845
r20 q4 & vol_ratio q1,-0.00011264475573138143,-0.12867828232420822,-0.26563948316331704,rejected,0.0,0.7905168745454921
ind_mom60 q1 & r1 q4,0.0001451058762998375,0.2524172809573546,0.1414380875790646,rejected,0.002318352069821962,0.8875238671496126
gap_today q2 & log_dv q3,0.00015791443563846795,0.2628345069909481,-0.1292808404472652,rejected,0.0,0.8971354313083851
r1 q1 & r20 q4,-8.813380426999879e-05,-0.1942579776467187,0.19562691846953162,rejected,0.0,0.8449021894628662
ins_officer30 q2 & vol_surge5 q1,0.00013278663800975532,0.19034490438711554,0.19742747102518282,rejected,0.0057625198757284375,0.8434930338885717
r5 q3 & rel_ind60 q0,-2.5366187512016047e-05,0.012329015405507225,-0.34632630145367344,rejected,0.0,0.7290975045284919
atr_pct q4 & min20 q2,-3.0818877509314183e-05,-0.03239873974685454,-0.3254926228283709,rejected,0.0,0.744808265057092
ind_mom60 q0 & r5 q3,0.00016645155531338774,0.29096771898093077,-0.06645444525992505,rejected,0.0,0.9470160249100265
close_loc q1 & r5_nonews q4,0.00012077716498097787,0.28133227794179494,-0.07308294683314615,rejected,0.0,0.9417401118217672
earn_in_week q4 & vol20 q3,-6.2468937553375195e-06,0.08978625101823616,-0.26423087111716254,rejected,0.0,0.7916020244101865
frog q0 & log_dv q1,-8.529699544083415e-05,-0.07999563372077192,-0.2721579214460054,rejected,0.0,0.7855005948173327
days_to_earn q4 & intraday20 q3,-7.818353048711336e-05,-0.16473284679007005,0.18738977703687842,rejected,0.0,0.8513550373776192
vol20 q1 & vol_surge5 q0,-0.00016658693691530452,-0.23897634768493406,-0.10440059626561714,rejected,0.004243303748366413,0.9168514495176832
range_compress q2 & rel_ind20 q4,3.768945286622675e-05,0.09587999727050553,-0.2433465294158969,rejected,0.0,0.8077369622003917
ear_volsurge q4 & vol_surge5 q3,6.210979839558254e-05,0.06250342184114607,0.27495727454362423,rejected,0.0,0.7833490635209762
log_dv q1 & rel_ind20 q4,-0.0001495604439548666,-0.26794505689668324,0.06491308238222214,rejected,0.0,0.9482432043292244
frog q1 & r20 q4,-2.5472250521050044e-05,-0.08491929042798581,0.23718699598004755,rejected,0.0,0.8125117242154003
ear q1 & log_dv q1,1.8355950012933168e-05,0.06442777277036077,-0.2447664764580393,rejected,0.0,0.8066372523675418
days_to_earn q2 & max20 q2,0.0001447813092860437,0.2260139093924109,-0.07490857975883111,rejected,0.0,0.9402874500790498
gap_today q2 & intraday20 q3,0.00010961764330579898,0.1827272207080048,0.11454006728080353,rejected,0.003295295670228624,0.9088096862833475
intraday20 q1 & overnight20 q3,9.675648798540375e-05,0.16904892392216997,-0.12576122008278548,rejected,0.0,0.8999209398747259
rel_ind20 q4 & rel_ind60 q2,4.324760217191642e-06,0.04024320698529452,-0.25151019033212574,rejected,0.0,0.8014196846127989
r1 q4 & vol_ratio q1,-0.00011812161258746332,-0.16368091324855358,-0.1271445654443034,rejected,0.003778775186088029,0.8988259795357919
mom_12_1 q3 & r1 q4,-3.3991767196844445e-05,0.002148678746432433,-0.28758412514346215,rejected,0.0,0.7736650980547634
ind_mom20 q0 & ind_mom60 q2,3.626679545647262e-05,0.04612479916735594,0.23017004137729746,rejected,0.0028373038320644037,0.817959640428865
days_to_earn q2 & r5 q3,-4.980574047263299e-05,-0.023878565316881765,-0.2460831472306474,rejected,0.0,0.805617868575781
ind_mom60 q0 & r5 q1,-1.5138951459315174e-05,-0.06020556353628253,0.20877240730360022,rejected,0.0,0.8346259124610282
ind_mom60 q3 & vol_ratio q1,-6.566448521999916e-05,-0.058692967251367724,-0.20624793468344418,rejected,0.00268011853301841,0.8365972461936793
mom_12_1 q2 & vol_ratio q1,-5.3851952507526496e-05,-0.10254993604375097,0.15773923060213074,rejected,0.0,0.8746622859104881
ins_buyers30 q4 & vol_surge5 q4,-4.208000945568941e-05,-0.015733138004556595,-0.23240252191156896,rejected,0.0024254007948091142,0.8162253903422287
news5 q1 & vol_surge1 q2,1.5082086749729859e-05,-0.03614013637408757,0.20923275418799728,rejected,0.0,0.8342665441130731
ear q1 & ind_mom60 q1,3.5084787693372833e-05,0.0289913405431371,0.2046017440551425,rejected,0.00330680290433574,0.8378832926701573
log_dv q1 & r20 q4,5.503261278701854e-06,-0.025029935564054247,0.20072786530934433,rejected,0.0,0.8409113697811454
news5 q1 & overnight20 q3,5.619694130340258e-05,0.023244648616984706,0.20180434876547912,rejected,0.003449983766501329,0.8400696816739652
days_since_earn q2 & ear q1,9.825849523351368e-05,0.14009638500040703,0.0651493745858898,rejected,0.0,0.9480550686679765
days_to_earn q0 & frog q0,8.805352330656864e-05,0.16756838895301365,-0.036237694388788086,rejected,0.0,0.9710928299403133
frog q0 & intraday20 q3,5.343314919038046e-05,0.0643520780383665,0.13455543759574992,rejected,0.0010031843759713882,0.8929633767384542
ear q4 & intraday20 q0,-4.593567775030187e-05,-0.0563535264504593,-0.13728355575587198,rejected,0.0010838411747640137,0.8908066679706279
ear_volsurge q4 & gap_today q2,-8.079066432275722e-05,-0.13809551660884853,0.0551503718645924,rejected,0.0,0.9560186662327173
days_to_earn q2 & ear q1,-3.188316194524109e-05,-0.005029029148112913,-0.18249660733458925,rejected,0.002423478611929481,0.8551930166082156
frog q3 & range_compress q0,9.613992057036196e-05,0.17992657788372635,-0.005821523466650711,rejected,0.0,0.9953551225415437
frog q3 & gap_today q0,5.301768722486211e-05,0.07929385694977602,0.04817081813264108,rejected,0.0,0.9615801069358139
ind_mom60 q1 & vol_ratio q0,-3.3246786451949875e-05,-0.03756805050710058,-0.0880398057110525,rejected,0.003349489164447936,0.9298450385750915
days_since_earn q4 & vol20 q3,5.298164791617755e-05,0.09486982816176522,0.02931506878909123,rejected,0.0022413346716840567,0.9766133089117621
dist_ma200 q1 & ev_shelf q2,-3.1569386078516916e-05,-0.05490812465294444,0.062077256777367626,rejected,0.0,0.9505013085226277
frog q1 & vol_surge5 q2,4.329924315390278e-05,0.07131310225963973,-0.026828225415775286,rejected,0.0,0.9785967406902459
ind_mom60 q4 & rel_ind60 q3,2.8203017741741145e-05,0.03561833365369578,0.05824913053713345,rejected,0.0,0.9535501866174533
ind_mom60 q3 & vol_ratio q0,-4.46943224556531e-05,-0.08723521709611129,-0.005931867725639902,rejected,0.0005991149509916026,0.9952670820812437
ind_mom60 q3 & vol_surge5 q2,-6.508886909288826e-06,0.008131512830301424,-0.05693992577673697,rejected,0.0,0.9545930497171151
log_dv q1 & r5 q1 unless vol_surge5 q4,0.001722717746808589,1.9530942314209583,4.232429760768915,rejected,0.7000846387504148,2.311801230130028e-05
log_dv q1 & r5 q1 unless atr_pct q0,0.0012277787059686994,1.2770222547208872,4.519211266176523,rejected,0.0,6.207043353792595e-06
atr_pct q3 & r5 q1 unless r5_news q4,0.0019551815560055184,2.356763465867871,3.281424537692268,rejected,0.17399107447545215,0.0010328415760093499
log_dv q1 & r5 q1 unless atr_pct q4,0.0018884676176850262,2.057359771242572,3.5610413506242193,rejected,0.38199566119420925,0.0003693868990716403
log_dv q1 & r5 q1 unless ev_offering q4,0.0014243479097679373,1.4681647641328868,4.120982151370157,active,0.8126769490576327,3.772606555770107e-05
log_dv q1 & r5 q1 unless ins_officer30 q4,0.0013434556333290133,1.3647676131137956,4.16243814795405,rejected,0.7422386778485317,3.148674457390437e-05
log_dv q1 & r5 q1 unless r20 q4,0.0016056587138557885,1.8391200274335722,3.681787784662919,rejected,0.3261427687914443,0.00023160416079985726
log_dv q1 & r5 q1 unless r20 q0,0.001310834640440368,1.0980791487728119,4.416859567359843,rejected,0.37724289874187567,1.0014524682325544e-05
log_dv q1 & r5 q1 unless ev_agreement q4,0.001320539526878862,1.3175362993855373,4.178032016338308,rejected,0.7019801109114442,2.940422716225873e-05
log_dv q1 & r5 q1 unless ins_opportunistic30 q4,0.00133838433973023,1.3437344255671408,4.144685814026869,rejected,0.7639384754777792,3.402799372491669e-05
atr_pct q3 & r5 q1 unless r20 q4,0.0017499703817396076,2.1759308033197087,3.3069631406325857,rejected,0.13136263766067924,0.000943133010537799
atr_pct q3 & r5 q1 unless close_loc q4,0.0018745840119698634,2.296633586796719,3.138550077457746,rejected,0.036809491996486025,0.0016978592104283695
atr_pct q3 & r5 q1 unless news5 q4,0.001840454479286653,2.326474602511437,3.0817074386379186,rejected,0.09048417962626683,0.0020581701416029427
log_dv q1 & r5 q1 unless rel_ind20 q4,0.0015565607592329788,1.9035910988334108,3.464705024865112,rejected,0.18479087103646064,0.000530813353136076
atr_pct q3 & r5 q1 unless ev_offering q4,0.0018031117937202916,2.1206257077198085,3.217665263715994,rejected,0.07237964470051744,0.0012923854911391017
log_dv q1 & r5 q1 unless frog q0,0.0014867184747903606,1.787790465648945,3.5382074277471087,rejected,0.37881740212785264,0.0004028534523649162
atr_pct q3 & r5 q1 unless frog q0,0.0018742738479401696,2.4762788294658704,2.836529371550333,rejected,0.0,0.004560678328300343
log_dv q1 & r5 q1 unless days_to_earn q4,0.0011571953398893202,1.05603499834246,4.240148754759113,rejected,0.5336026940343714,2.233717095977904e-05
log_dv q1 & r5 q1 unless ear_volsurge q0,0.001158975812776232,1.228368086477716,4.05678384391681,rejected,0.7900333191586034,4.975308830895779e-05
atr_pct q3 & r5 q1 unless overnight20 q0,0.0018127995805934875,2.4437361522405068,2.8169011503831385,rejected,0.0,0.004848944695405988
log_dv q1 & r5 q1 unless dist_52wh q4,0.0012584976987585698,1.350482954855333,3.9062957121231765,rejected,0.595558701597633,9.37218073798596e-05
atr_pct q3 & r5 q1 unless close_loc q0,0.001761796811243605,2.17030497750079,3.0788040501585683,rejected,0.06900268558895929,0.0020783333117100895
atr_pct q3 & r5 q1 unless ev_red_flag q4,0.0017743803297123645,2.078824105136522,3.146052423910037,rejected,0.019017996128869216,0.001654903396914011
atr_pct q3 & r5 q1 unless earn_in_week q4,0.0019889852490605035,2.57870308450529,2.624500943829149,rejected,0.0,0.008677605210570172
atr_pct q3 & r5 q1 unless gap_today q4,0.001654501361422059,2.041730389635365,3.1242026929024904,rejected,0.06953244342090674,0.0017828759421500788
log_dv q1 & r5 q1 unless overnight20 q0,0.0014625644497819601,1.5265943999260854,3.5635165942595433,rejected,0.34015102011099524,0.00036591955119341657
log_dv q1 & r5 q1 unless overnight20 q4,0.0013004624826671919,1.493566503504738,3.5932075411157456,rejected,0.24956049419221507,0.0003266322199615625
atr_pct q3 & r5 q1 unless r60 q4,0.0016854216352271741,2.0661333123498715,3.0067653842747237,rejected,0.0,0.0026404346452168813
atr_pct q3 & r5 q1 unless mom_12_1 q0,0.00157817372061758,1.8422541362614273,3.183322919811144,rejected,0.05540480328574449,0.0014559513921147157
atr_pct q3 & r5 q1 unless r5_news q0,0.00161392487044837,1.9508805725430218,3.060516906529137,rejected,0.011693572474849881,0.0022095528570676513
atr_pct q3 & r5 q1 unless frog q4,0.0017385234603573675,2.0788070944386132,2.916829899745463,rejected,0.0,0.0035360855680693186
log_dv q1 & r5 q1 unless rel_ind20 q0,0.0012285113395009819,1.0848713128719585,3.9081927862008587,rejected,0.5376533309880027,9.298909350805154e-05
intraday20 q3 & r5 q1 unless gap_today q4,0.0012650287264819643,1.2414156920128228,3.749198053640807,rejected,0.4233732168257758,0.00017740094719371412
atr_pct q3 & r5 q1 unless dist_ma200 q4,0.0013819665046391444,1.436671733494064,3.5072046689576553,rejected,0.2549238721166759,0.0004528407056627471
log_dv q1 & r5 q1 unless frog q4,0.0011410891273028368,1.192267712408029,3.746479846938741,rejected,0.44796849886981466,0.00017933340352898055
log_dv q1 & r5 q1 unless r120 q4,0.0013967926616716654,1.7888067755577168,3.092887117897835,rejected,0.09147550156743046,0.001982195175611529
atr_pct q3 & r5 q1 unless r60 q0,0.0016282938365928792,2.202519965890919,2.5176899121647085,rejected,0.0,0.011812726771253305
intraday20 q3 & r5 q1 unless dist_ma50 q0,0.0012580126417235148,1.2414543357541985,3.4654046177233764,rejected,0.14649288587007042,0.0005294342892172645
log_dv q1 & r5 q1 unless days_to_earn q0,0.0010748986391922598,0.9612667213167461,3.6758605721856243,rejected,0.3111514339188234,0.00023704896957709495
intraday20 q3 & r5 q1 unless ear_volsurge q0,0.0010827865253865106,1.0442348649137683,3.551914610899952,rejected,0.3143752789167347,0.0003824389473399138
log_dv q1 & r5 q1 unless dist_52wh q0,0.0014329450081127498,1.4190779427513718,3.173651373588859,rejected,0.06300755996356659,0.0015053438297540458
intraday20 q3 & r5 q1 unless dist_52wh q0,0.0014303537437533927,1.485142042667501,3.0931123210437357,rejected,0.07439628008192478,0.001980691537019703
intraday20 q3 & r5 q1 unless ev_shelf q4,0.0011509811794061281,1.0552508584460925,3.4149385748736987,rejected,0.13929886840367467,0.0006379639660534366
atr_pct q3 & r5 q1 unless overnight20 q4,0.0014134551165779624,1.6623693586275503,2.7797858988190782,rejected,0.0,0.005439474832827779
log_dv q1 & r5 q1 unless r60 q4,0.0011199014333381646,1.2377497815268075,3.1802072514392528,rejected,0.04466308554350641,0.0014716975561358792
intraday20 q3 & r5 q1 unless ins_value30 q4,0.0009146624640993466,0.7492616690359194,3.6365300967996386,rejected,0.31468571456086036,0.00027633536920564257
intraday20 q3 & r5 q1 unless frog q0,0.0010336510195685699,0.9652644581074348,3.3896409722506204,rejected,0.12274330470543506,0.0006998421504255544
frog q0 & gap_today q4 unless vol20 q0,-0.001047170416781803,-1.0910990072053186,-3.2585917772822857,rejected,0.15575201901331936,0.0011196665374542366
intraday20 q3 & r5 q1 unless vol_surge5 q0,0.00031693126372278114,-0.26476558819243545,4.022014998969341,rejected,0.0,5.770238248416402e-05
intraday20 q3 & r5 q1 unless r5_news q4,0.0008784621292628796,0.6933204488162978,3.588599738015524,rejected,0.25266914459650736,0.0003324588055541481
intraday20 q3 & r5 q1 unless vol_surge1 q0,0.000661366927339265,0.3569473944118108,3.8924074227817416,rejected,0.4335974257788334,9.925437908743937e-05
intraday20 q3 & r5 q1 unless ev_offering q4,0.0009131772525292509,0.7446068653536901,3.504633071328291,rejected,0.2320558256717294,0.0004572369948874612
intraday20 q3 & r5 q1 unless close_loc q0,0.0010343807891617486,1.058741712124057,3.17138516183434,rejected,0.05528838007592987,0.00151713840137457
atr_pct q3 & r5 q1 unless dist_ma200 q0,0.001170740480242245,1.3174205323162218,2.871331462491156,rejected,0.0,0.00408746679263726
frog q0 & gap_today q4 unless range_compress q4,-0.0008372834204622362,-0.8674215747334993,-3.299272437773676,rejected,0.12510739246553174,0.000969357848200194
log_dv q1 & r5 q1 unless ear_volsurge q4,0.0011515152751468405,1.3200657031692817,2.836008008647151,rejected,0.0,0.004568130049479056
atr_pct q3 & r5 q1 unless gap_today q0,0.001370325774911854,1.723410163892326,2.427944812356834,rejected,0.0,0.015184653679960712
atr_pct q3 & r5 q1 unless r20 q0,0.0015661725804842054,2.0437637588344666,2.079918288334681,rejected,0.0,0.03753302827664064
frog q0 & gap_today q4 unless ev_offering q4,-0.0010530330272162348,-1.1149173468013518,-2.995018467806437,rejected,0.0,0.0027442822571867235
frog q0 & gap_today q4 unless r5_news q4,-0.000750319180797793,-0.6235935375391738,-3.4793252116141384,rejected,0.15502414193760264,0.0005026781627998086
intraday20 q3 & r5 q1 unless vol_ratio q0,0.001280442471955371,1.327639597614919,2.713205763329679,rejected,0.0,0.006663571584990235
frog q0 & gap_today q4 unless ev_red_flag q4,-0.0008385184441309545,-0.7248964579965369,-3.3137115280300167,rejected,0.10733825196110182,0.0009206643884685434
log_dv q1 & r5 q1 unless r120 q0,0.0009497264092567115,0.8238452353652539,3.210107178996658,rejected,0.0745443628131034,0.001326854879053909
frog q0 & gap_today q4 unless days_since_earn q4,-0.0008550634767508279,-0.8428621860124,-3.1308082852010934,rejected,0.04354270092330844,0.0017432592238873727
atr_pct q3 & r5 q1 unless mom_12_1 q4,0.001275272189369505,1.4965046608461356,2.475818008961286,rejected,0.0,0.013293131899481489
frog q0 & gap_today q4 unless ev_agreement q4,-0.000742918621764147,-0.5290410345469508,-3.440774121788114,rejected,0.16687348214718697,0.0005800525440935611
frog q0 & gap_today q4 unless r5_news q0,-0.0009307781430698295,-0.9537244126354,-3.0046181367010276,rejected,0.0,0.002659144695241514
frog q0 & gap_today q4 unless close_loc q0,-0.001128483267846443,-1.3991332000866348,-2.520894235655005,rejected,0.0,0.011705703004861607
log_dv q1 & r5 q1 unless vol_surge5 q0,0.0007126916008004586,0.7963052942237613,3.1235568575883126,rejected,0.06848437131497727,0.0017867933920804435
intraday20 q3 & r5 q1 unless ind_mom20 q0,0.000679018461661866,0.3634893476134878,3.512084585015533,rejected,0.2133261493103239,0.00044460647060140626
intraday20 q3 & r5 q1 unless r120 q0,0.0006721801161137325,0.4203674075622655,3.442863881371724,rejected,0.14235426772446091,0.0005755889427885491
frog q0 & gap_today q4 unless ear_volsurge q0,-0.0008408178328883604,-0.9011391601794453,-2.9091672485551765,rejected,0.0,0.003623929340677004
frog q0 & gap_today q4 unless r120 q0,-0.000717883398313325,-0.6923961514061266,-3.104481475560514,rejected,0.06301400149373557,0.001906128634946982
intraday20 q3 & r5 q1 unless r120 q4,0.000844224857523636,0.7202833009906702,3.0734886892988538,rejected,0.051193831997375525,0.0021157170778116612
frog q0 & gap_today q4 unless intraday20 q0,-0.0008229730822438857,-1.07325450303808,-2.691427829650066,rejected,0.0,0.007114689011213499
intraday20 q3 & r5 q1 unless frog q4,0.0009007073055219787,0.812260755315064,2.870754872852044,rejected,0.0,0.0040949293273361605
intraday20 q3 & r5 q1 unless ind_mom20 q4,0.0009436064364597399,0.9596522227379677,2.6822629087635326,rejected,0.0,0.007312596545317803
intraday20 q3 & r5 q1 unless close_loc q4,0.0001966229103814615,-0.23164250595593294,3.3907732858186224,rejected,0.0,0.0006969572936823189
intraday20 q3 & r5 q1 unless vol_surge5 q4,0.0008035340052827914,0.7629468289597315,2.81092329456747,rejected,0.0,0.0049399561318206695
intraday20 q3 & r5 q1 unless vol_surge1 q4,0.0008718587551218709,0.841594013128831,2.725773200785657,rejected,0.0,0.006415106176973176
frog q0 & gap_today q4 unless ear_volsurge q4,-0.0009036620715063443,-0.9723393136104233,-2.5805474425433754,rejected,0.0,0.009864380121451476
frog q0 & gap_today q4 unless r5_nonews q0,-0.0007209885138321156,-0.8287052178336225,-2.7213498397202986,rejected,0.0,0.006501591550745319
log_dv q1 & r5 q1 unless r60 q0,0.000962101612368035,0.9702700286922531,2.5384459249158255,rejected,0.0,0.011134600866384355
frog q0 & gap_today q4 unless mom_12_1 q4,-0.0009338177115284265,-1.2117828965084585,-2.2210414467274195,rejected,0.0,0.026348154294666404
frog q0 & gap_today q4 unless days_since_earn q0,-0.0006438888692152929,-0.6555066019181635,-2.7721061875300057,rejected,0.0,0.00556948649324234
intraday20 q3 & r5 q1 unless r5_news q0,0.0006076899509875458,0.4087795063085054,2.985550175440503,rejected,0.0,0.002830686950920307
frog q0 & gap_today q4 unless close_loc q4,-0.000580696718482515,-0.3677902601841508,-2.985606867285963,rejected,0.0,0.0028301622886530487
intraday20 q3 & r5 q1 unless dist_52wh q4,0.0006059379428483176,0.36075028539192705,2.9258772571857836,rejected,0.0,0.0034348642915533936
frog q0 & gap_today q4 unless rel_ind60 q0,-0.00100777976634109,-1.6460776992335284,-1.6272102674958668,rejected,0.0,0.10369244782195429
intraday20 q3 & r5 q1 unless ear_volsurge q4,0.000555947380605257,0.37571917422789985,2.8243231692774757,rejected,0.0,0.0047380584874392034
intraday20 q3 & r5 q1 unless dist_ma50 q4,0.0005138802204091422,0.2744412213696737,2.8815663924805386,rejected,0.0,0.003957038598678382
intraday20 q3 & r5 q1 unless vol_ratio q4,0.000598784169812495,0.5217530761966719,2.551385851574372,rejected,0.0,0.010729546491688995
frog q0 & gap_today q4 unless mom_12_1 q0,-0.00047567926853535553,-0.2525665278310754,-2.7166142885609577,rejected,0.0,0.006595341984185902
frog q0 & gap_today q4 unless r120 q4,-0.0005870654034944048,-0.48770436053513444,-2.3537617374002333,rejected,0.0,0.0185845190149299
frog q0 & gap_today q4 unless vol20 q4,-0.00048342252327969817,-0.321319850910398,-2.485871694451346,rejected,0.0,0.012923455018887267
frog q0 & gap_today q4 unless r5_nonews q4,-0.0006891128092667173,-0.6859686482803546,-2.1197463045166427,rejected,0.0,0.034027445751245104
frog q0 & gap_today q4 unless rel_ind60 q4,-0.0003729923334254538,-0.04189650341557714,-2.561874890833608,rejected,0.0,0.010410881391061472
frog q0 & gap_today q4 unless intraday20 q4,-0.0005335328787632478,-0.36561039035299386,-2.160526972347835,rejected,0.0,0.030731897892806875
intraday20 q3 & r5 q1 unless gap_today q0,0.0003760854897321945,0.1266205481848577,2.3218385726640496,rejected,0.0,0.02024162942143739
frog q0 & gap_today q4 unless range_compress q0,-0.00041310274347717917,-0.31125483290880546,-1.7415077263425243,rejected,0.0,0.08159462012906232
