key_named,effect,t_conf,t_disc,status,p_real,p_coincidence
mom_12_1 q3,0.0009269421525187236,2.471745348310445,2.1372955364754023,rejected,0.05339470807306173,0.032573961678112204
r5 q1,0.0009656176305453282,3.180677771702071,1.1417965720947372,rejected,0.022490061727131812,0.253538587557129
days_to_earn q1,-0.0009668501733242369,-2.861645498023994,-1.36005227016629,rejected,0.011208331479725973,0.17381338360988
earn_in_week q1,0.00015177418993452842,0.0,4.182022862352403,rejected,0.0,2.889269079503677e-05
r20 q3,0.0008401970307710311,2.3808099287083766,1.6256352806162906,rejected,0.06589013618405662,0.10402726529214097
ins_officer30 q2,0.0001586648627047467,1.9171985652619903,2.0201795021815867,rejected,0.07248072629766451,0.0433647716602847
news5 q1,-0.000671076845267556,-1.529157003652937,-2.1760605634882153,rejected,0.03640753510326502,0.029550732256552848
days_since_earn q3,-0.0007148730403665558,-1.614554501135949,-2.0842514976433066,rejected,0.07558255495630754,0.03713729666540873
range_compress q4,0.0008062327510825913,2.4655860444429054,1.090061802706896,rejected,0.02670136518066891,0.2756859207938919
ins_buyers30 q2,0.0002225662710592546,1.869632402599416,1.5990821594502145,rejected,0.08319080278746374,0.10980234823256765
ins_value30 q2,0.0002225662710592546,1.869632402599416,1.5990821594502145,rejected,0.08319080278746374,0.10980234823256765
days_to_earn q3,0.0005672347299793126,1.5534053805283763,1.783124707332919,rejected,0.10049593936064466,0.07456600531988908
rel_ind60 q1,-0.0008057813371286796,-2.665921062659722,-0.6083316768923739,rejected,0.004994087718626143,0.5429675157938578
days_since_earn q0,0.0006273445931303572,1.7520929142476094,1.4812072975885735,rejected,0.024557959463465864,0.1385513421786998
vol20 q0,0.0005772144214234887,1.3420825822316718,1.867645724733552,rejected,0.10666336354761721,0.0618114685236176
dist_ma50 q1,-0.00031523419264055803,-1.8620344594553755,1.343500359952045,rejected,0.0,0.17911000955620965
ind_mom60 q0,-0.00025646135465783417,0.32755729056466204,-2.8609974584585665,rejected,0.0,0.0042231043749195105
ind_mom60 q1,1.789048175007821e-05,-1.0048271049911979,2.1321014071161764,rejected,0.0,0.032998510988652155
min20 q4,0.0006935430636435468,2.1698135178157756,0.9554238026736399,rejected,0.012169494995306344,0.33936342164431227
rel_ind20 q3,0.0005737525743992991,1.3120734740185374,1.8122978216374317,rejected,0.1060438440756782,0.06994019097448774
vol_surge5 q3,0.0003336997457129194,1.7656567938312713,-1.3439745299874284,rejected,0.0,0.1789566232715094
ins_buyers30 q4,-0.00030928264099779464,-1.618893035085776,-1.44548073603718,rejected,0.01210764592366645,0.1483229001681476
ins_value30 q4,-0.00030928264099779464,-1.618893035085776,-1.44548073603718,rejected,0.01210764592366645,0.1483229001681476
dist_52wh q2,0.0005595217102987547,1.0946089322814192,1.946462316579998,rejected,0.0775968524956753,0.05159923030430194
ear q3,0.0006400786821938343,1.7834408247635198,1.2465489117432746,rejected,0.024819841057836998,0.21256294415540294
dist_52wh q1,7.1718991787106014e-06,1.0301103915966114,-1.9423202784736875,rejected,0.0,0.052098339608402086
ear q4,-0.0005150163406550683,-1.2341831999147723,-1.7094812382084796,rejected,0.08375222245454422,0.0873618441359774
vol_surge5 q1,0.00012364321197644415,-0.8262510453088269,2.1080931480806426,rejected,0.0,0.03502293301515683
mom_12_1 q0,-0.00045381156684331874,-1.2742807230743065,-1.621157985338309,rejected,0.06617483592953369,0.10498376081666978
range_compress q3,0.00043463066935416105,0.2667288280473254,2.625689925199336,rejected,0.0,0.008647355149530833
intraday20 q3,0.0004835201457130352,0.8704889103412207,2.0016536646391456,rejected,0.0661404967303904,0.045321993036081414
days_since_earn q1,0.0004927006856103404,0.9555590268647286,1.8602225632531586,rejected,0.08834564015398917,0.06285404405426555
atr_pct q0,0.0005185563327896034,1.4148430527295441,1.375826685173491,rejected,0.009934773527170601,0.16887529765647163
days_to_earn q4,0.0005410605708050083,1.515935500273122,1.269578765497192,rejected,0.03492805854525494,0.20423471725170572
log_dv q3,-0.0004813581916190532,-0.9368628140776667,-1.8481014689505566,rejected,0.09217473752304953,0.06458766533386485
dist_ma200 q3,0.0005624715324482429,1.4945303701995734,1.2827671999153563,rejected,0.031781617134441185,0.19957364868862082
r1 q2,0.0006960162234362295,2.591240394328208,-0.18007154276639628,rejected,0.0,0.8570964029834864
intraday20 q2,-7.326515845338076e-05,-1.033815957876402,1.7030602792574852,rejected,0.0,0.08855678829519896
days_to_earn q2,-0.0005545641321244299,-1.4037352778544396,-1.315227545167397,rejected,0.023583925914235027,0.18843344036892398
range_compress q0,-0.00041163768557634544,-1.3082387599938767,-1.3847467657339092,rejected,0.002970340935582787,0.16612991379865952
gap_today q3,-0.0004861955380699181,-0.9167953761917815,-1.7709725505489124,rejected,0.07952310990452403,0.0765652664499666
r5_nonews q1,0.0006690098497178691,2.516157772757055,0.13227339150967382,rejected,0.009230630472549921,0.894768052925505
rel_ind60 q3,0.000604755684495167,1.948356247398757,0.6182292548139181,rejected,0.005395393758812075,0.5364242283349955
r60 q3,0.0005282964397068127,1.355424104040203,1.1904042547404263,rejected,0.027508430188955237,0.23388754157564928
dist_ma200 q2,-0.00014675287072199458,-1.3718470750912553,1.171155244014252,rejected,0.0,0.24153638151084195
r20 q1,-0.0005855070476311827,-1.8308811087241053,-0.7073027731876663,rejected,0.005551501856169675,0.47937834254526435
log_dv q1,0.00046609831532722643,0.9860440155994109,1.5433258956111533,rejected,0.05989027844747639,0.12275172360520602
intraday20 q0,-0.00022734520356543643,0.04274233817210829,-2.455053432676717,rejected,0.0,0.014086364885640357
earn_in_week q2,-2.4691456035305094e-05,-1.2654597878276717,1.1909798061863262,rejected,0.0,0.2336615125292329
r120 q2,0.00039205179009687506,0.5123996997372623,1.908886790364936,rejected,0.07736072580900127,0.05627669744845846
dist_52wh q0,-0.000348139208837541,-1.5927675503379364,-0.8145250335850066,rejected,0.013082176775249806,0.41534423711354307
r20 q0,-0.00010661919679295543,0.3996049522276103,-1.9864447373386167,rejected,0.0,0.046983963295019165
close_loc q3,0.0005058936426035693,1.410690935197018,0.9645470497719923,rejected,0.010792321377170311,0.33477173164315366
dist_ma200 q0,-0.00031358499349969934,-1.0577666513536836,-1.2739096456161483,rejected,0.032294161439167676,0.20269543959896982
close_loc q4,5.373532886187195e-06,-0.8172957613181491,1.4743821001326127,rejected,0.0,0.14037874115457924
close_loc q1,-0.0004314277685109269,-0.9386477958319482,-1.3393069212511535,rejected,0.023857798257002908,0.18047077648526655
r20 q2,0.0002385862409846465,-0.29237450570373735,1.9777934938105597,rejected,0.0,0.04795200777503508
r120 q3,0.0004795790072987913,1.4577477920350987,0.775783512813953,rejected,0.02343271486172827,0.4378768203071112
gap_today q2,0.00037807454722504083,1.821919092308067,0.39934197765513224,rejected,0.02344034662228394,0.6896412404959168
r5 q3,-0.00020829019117744375,-1.528308703251203,0.6883344968629673,rejected,0.0,0.49124216273642285
earn_in_week q4,-1.4593779401213527e-06,1.1155201722190873,-1.0950043915369658,rejected,0.0,0.2735147125459329
min20 q1,-0.0004246236895936761,-1.1490124475476302,-1.0594767943746624,rejected,0.016539457243496893,0.2893826921163334
frog q2,0.00037670572090805707,1.3250297353561604,0.8760783521337683,rejected,0.017797881778818508,0.38098744036827703
days_to_earn q0,0.00012274923487737402,1.162627825656751,-1.0318584158365016,rejected,0.0,0.3021384489460295
ins_opportunistic30 q2,7.615252676095538e-05,0.7690085034735151,1.4249787433591021,rejected,0.006487608105638582,0.15416334574718527
dist_ma50 q2,0.00035147412333495006,0.42356728139057825,1.7696428500301506,rejected,0.06565092614043778,0.07678665585167799
range_compress q1,-0.00040977331080627736,-0.8671350820665727,-1.3000649202243968,rejected,0.021149018666923643,0.1935787195352423
dist_ma50 q0,-0.00011482275857038276,0.41621785152959023,-1.7209513645922028,rejected,0.0,0.08525964971357024
days_since_earn q4,-0.0003285298949057606,-0.3983288707368576,-1.7356793033478068,rejected,0.05244980604972181,0.08262055500487966
atr_pct q2,-0.00027557048847328834,-1.3760644632463148,0.7181979027725367,rejected,0.0,0.47263527090459717
vol_surge5 q4,-0.00034971285126439867,-1.7522584588479635,0.31673501693785144,rejected,0.0,0.7514446760615909
vol20 q2,-6.47593797170938e-05,-0.870838462039816,1.1763583187584334,rejected,0.0,0.23945172034787496
dist_52wh q3,9.763956903796129e-05,-0.4727426067983794,1.5710405852251585,rejected,0.0,0.11617322195638763
r5_nonews q4,-0.0004064765473005361,-1.8327331252922963,0.18438655035143872,rejected,0.0,0.8537102201912221
r5_nonews q2,0.00040555301752351184,1.0918339415625227,0.9233348771767874,rejected,0.014279943971880347,0.3558327176755899
gap_today q4,-0.0003360892560039319,-0.5917199580619096,-1.4218952484943321,rejected,0.006917641417695038,0.15505666278394892
atr_pct q4,-0.00026580500872725756,-1.0329050200027596,-0.9729362659222612,rejected,0.014456557303492941,0.33058497921533997
dist_ma50 q3,0.0005240364068682482,1.6973917146542143,0.27063294348332556,rejected,0.01600511672319329,0.7866733557922595
ear_volsurge q2,-0.0003454262171944441,-0.46119068727189017,-1.5063097387782598,rejected,0.032774999905841845,0.1319876792581487
ind_mom20 q3,0.0002480371330161067,-0.033918995218719994,1.9155264458515329,rejected,0.0,0.05542539981883277
ear_volsurge q0,0.0003530466290223277,1.4412263630612796,0.4985075818344963,rejected,0.021913570151233682,0.6181263266170746
atr_pct q3,0.00014067382710402013,1.1071040843318039,-0.8136027763800994,rejected,0.0,0.41587254686567826
rel_ind20 q2,-0.0002797633360890015,-1.2571910953055212,0.6566321850515082,rejected,0.0,0.5114174487947305
max20 q0,0.0003296264274859173,0.45251498068530815,1.429306852146952,rejected,0.007028538227107965,0.1529160574270173
r5 q2,0.0003927076678072466,1.2074779046560975,0.6654454461441773,rejected,0.005594679043381483,0.5057656255185781
rel_ind20 q0,-8.206005032362771e-05,0.4105101564099706,-1.4563471646134034,rejected,0.0,0.14529667347314834
ear q1,-0.0004969823080048182,-1.7462126835201666,-0.10800257414146337,rejected,0.01032551198043559,0.9139936502864157
vol_surge1 q4,-0.0003694389421087751,-1.6255786366348972,-0.2049862821161697,rejected,0.015549796456033436,0.8375828427395046
vol20 q4,-0.00025334579294664946,-0.8464503887315622,-0.9586549210540553,rejected,0.011901587661658176,0.33773261500066143
r1 q4,-0.00032583875908176495,-1.507911716475746,0.2829967939854415,rejected,0.0,0.7771792946224971
ear_volsurge q1,-0.0001358396410427477,-0.7986211073158069,0.9760119329093865,rejected,0.0,0.32905855096953274
ev_shelf q2,5.303677858681875e-05,1.7444939694787955,0.021153406595814817,rejected,0.007403829695412936,0.9831232821061584
ear q2,0.00011019636830917604,0.9463127587083758,-0.8011906138026779,rejected,0.0,0.42302130422731016
dist_52wh q4,0.00033461781850028095,0.894074276669629,0.8518694791480251,rejected,0.00801377644997212,0.394286538328993
r5_news q4,0.0002900438613284672,1.2864927961238615,0.435693859753916,rejected,0.034672640590302346,0.6630588613238193
gap_today q0,0.0002417204151056763,0.20345719237006998,1.5131154569010685,rejected,0.028671079642332585,0.13025033404011024
overnight20 q1,0.00022105871709018546,-0.03506333859178944,1.6791731746727698,rejected,0.0,0.09311829837937514
ev_agreement q2,-6.354092506602251e-05,-1.027912513681433,0.669702061669189,rejected,0.0,0.5030477371676718
vol_surge1 q1,0.0003863187285204207,1.4522684445241179,-0.24469450551509597,rejected,0.0,0.8066929827022734
r5 q4,-0.00028180136670811497,-1.4226708616639583,0.2673321616869971,rejected,0.0,0.7892134261177046
ind_mom20 q0,-0.00018787324355421363,-0.043582404340039786,-1.6300994433699305,rejected,0.03616008900563432,0.10308048136090568
log_dv q4,9.299672399717573e-05,0.6769269363561277,-0.9930325813068998,rejected,0.0,0.3206940769163884
overnight20 q0,-0.0002480375202334529,-0.2844762548848063,-1.3814887698998504,rejected,0.0028882096323627755,0.16712872840462398
r5_news q2,-0.0001813818223441448,-0.840416770122967,-0.7779271644056679,rejected,0.02033768825910232,0.43661195304060063
r5 q0,-0.0002061584698773155,-0.23677080446382134,-1.3666546898739653,rejected,0.004978435538923433,0.1717335663051967
min20 q3,0.00025938918904031883,0.2871863148840145,1.2865397045836724,rejected,0.018335721538152383,0.19825477126789254
vol_surge5 q2,2.6070852344277304e-05,0.7451060508400471,-0.825036961892429,rejected,0.0,0.4093506065244216
rel_ind60 q2,0.00029892742608168674,0.6519662992054094,0.9131274666419179,rejected,0.015330762439691238,0.3611755061526812
r20 q4,-0.00031772039776080223,-1.1454949099060046,-0.41848700226482977,rejected,0.02458161932889671,0.6755910877229439
r120 q0,-0.00021764901591277383,-0.5765552572663953,-0.9805225349326143,rejected,0.01444107510576402,0.32682825153655504
news5 q4,0.0002845019850860258,0.9751066293427042,0.5694331958860444,rejected,0.011654599740258887,0.5690621942916487
mom_12_1 q1,0.00028654429099565516,0.586252634397551,0.9410767402999886,rejected,0.006547043535436222,0.34666553423695623
r60 q0,-0.0002343449135850723,-0.8926741289826521,-0.6165911049866105,rejected,0.004459787798873247,0.5375044630691428
min20 q2,-0.00014501298913493764,-0.84928983590793,0.6598353178263637,rejected,0.0,0.5093595161829468
log_dv q2,-0.00021954046723563232,-1.2422031166953054,0.2654866535303601,rejected,0.0,0.7906345900301156
gap_today q1,0.00010953574941929779,-0.21920090232298348,1.2760746867870698,rejected,0.0,0.20192911877335418
ind_mom60 q3,0.00022649854936389788,0.09836997572317509,1.3835465711988808,rejected,0.002602326889599384,0.16649733785121118
overnight20 q3,-0.00029640340209928067,-0.711974442969002,-0.7694087405468982,rejected,0.015792762898265207,0.44165070142037105
vol_ratio q0,-9.458811293660031e-06,-0.6082374546083407,0.8455367465969547,rejected,0.0,0.39781122490857823
vol_ratio q4,5.3817730756652696e-05,0.6494070674118052,-0.798524559757625,rejected,0.0,0.42456614671373605
ear q0,0.00019719053870105385,0.21848766656922908,1.2201580888331929,rejected,0.013982634225579353,0.22240495136137717
ev_agreement q4,0.0001042561601177634,0.8626319972831094,-0.5667667694024079,rejected,0.0,0.5708726504449047
frog q4,-0.00025102662941480034,-1.1042424913132776,0.322693929557468,rejected,0.0,0.7469270499247466
vol_surge1 q0,0.00025922217012621155,0.5696202401461817,0.8546487699740994,rejected,0.007094427141858374,0.3927456196403456
vol_ratio q2,-0.0002713176689862156,-0.6456081378101861,-0.7705270200447331,rejected,0.01619345925719444,0.4409873333611063
r5_nonews q3,-6.99336788954713e-05,-0.739116261841055,0.6704507610125526,rejected,0.0,0.5025704850364769
ev_offering q2,-3.873778568301659e-05,-0.46575744010293785,-0.9379280230792262,rejected,0.006114511313186066,0.3482814007844234
dist_ma200 q1,0.0003152344331140266,1.0514569776119815,0.31286102468780563,rejected,0.016525413794952475,0.7543862498829904
ear_volsurge q4,0.00022083907540328956,0.43087810275661614,0.9193695149572814,rejected,0.012491788579971273,0.3579023289901322
min20 q0,-0.00017940444354209976,-0.6969477542792816,-0.647907478833452,rejected,0.003346219910030066,0.5170447932566634
overnight20 q4,0.00017851884382297912,0.09655348282399548,1.2281772063881833,rejected,0.013288658141767657,0.21938045328116637
r60 q2,0.00018231627483237078,0.10042240645533025,1.2189024738773582,rejected,0.012003285222307656,0.2228812106176493
atr_pct q1,0.00019185841386866058,0.16240654092673557,1.1532277561022173,rejected,0.015398375368466307,0.2488169137878145
log_dv q0,0.00020649376446715858,0.4108982210809848,0.8771957007803384,rejected,0.011543507592915012,0.38038035083877825
ind_mom20 q1,1.439762707649224e-05,-0.4708319012584268,0.8003280938470535,rejected,0.0,0.4235207300832222
vol20 q3,-0.00022059640106213146,-0.4796945478360592,-0.773670591480278,rejected,0.018609098131924424,0.4391256152973825
vol20 q1,0.0002334208883138924,0.9720320819759019,-0.27825920389955594,rejected,0.0,0.7808133904329162
r1 q3,-7.110491551532263e-05,-0.5983610305609626,0.6437228787697997,rejected,0.0,0.5197551512704977
r1 q0,7.04042991854773e-05,0.6979898438219149,-0.5422476557819824,rejected,0.0,0.5876479096885492
dist_ma50 q4,-0.00017884468646530644,-0.9538884274540229,0.2775955089505771,rejected,0.0,0.7813228800390982
vol_ratio q3,-0.00011486712944100479,-0.7205802121503353,0.5075737404958841,rejected,0.0,0.6117523102174911
ev_offering q4,0.00010206723710540551,0.43915338560388684,0.7846717248857444,rejected,0.013986220736684311,0.43264606490808144
max20 q4,-0.0001827078168534544,-0.5874164075280673,-0.6344705783051771,rejected,0.0011261754027123499,0.5257737619142997
overnight20 q2,0.00021883750656798994,0.9806848094856355,-0.23428569492395848,rejected,0.0,0.8147631907121725
ear_volsurge q3,-0.00024465616807691897,-0.7270625530669061,-0.48282373549055174,rejected,0.02011738276128564,0.6292208961653502
max20 q1,0.00016873861932389095,0.8192340723635096,-0.3671569630430862,rejected,0.0,0.7135019393785808
r5_nonews q0,-8.929583195817281e-05,0.18715139464772604,-0.9814155650438612,rejected,0.0,0.3263878535614012
mom_12_1 q2,3.9716512711975744e-05,-0.36373804945049937,0.7923174293055081,rejected,0.0,0.42817561142735716
mom_12_1 q4,-0.00012175566418825081,-0.047578059009805454,-1.0360282329804598,rejected,0.013700401670597323,0.3001889712611141
vol_ratio q1,0.0002918155113973157,0.9474918561920492,0.11107410193234152,rejected,0.00964984604766972,0.9115575853053889
r60 q1,-0.00020421784455069292,-0.5273487740246542,-0.4733398215067577,rejected,0.01926115296465747,0.6359707561478067
ind_mom20 q2,0.0001867122505710314,0.8251603357959534,-0.16975837036540553,rejected,0.0,0.8652001672846367
vol_surge1 q3,-0.00016380571123480138,-0.2759358888708994,-0.6815928281637708,rejected,0.0012887438702731053,0.49549645113169805
max20 q2,8.274243771756904e-06,-0.3648184533334823,0.5730865626086707,rejected,0.0,0.5665860850350293
ind_mom60 q2,0.00018713208995539788,0.7855098399367062,-0.13922178005764715,rejected,0.0,0.8892748981088121
frog q3,-0.00015391066922907596,-0.12422304197343426,-0.7925928088932342,rejected,0.009433096681467806,0.42801509977292906
skew60 q4,-0.00010749580577242696,-0.5540485912549943,0.31896735704957685,rejected,0.0,0.749751266167624
close_loc q0,-0.00013151973009324934,-0.22669053569020253,-0.5882162834937836,rejected,0.003582529605844713,0.5563871289794144
days_since_earn q2,-0.00020600347027112818,-0.6598923557915883,-0.1251968305533394,rejected,0.007668050938221068,0.900367726355813
news5 q2,4.836178436780031e-05,0.20346102021475554,0.5614728135690954,rejected,0.007844235907237944,0.5744752584989895
close_loc q2,4.21436975661798e-05,0.34164050489707243,-0.4045563039257298,rejected,0.0,0.6858036832471821
rel_ind20 q4,-0.00012213537574981635,-0.23867025355470595,-0.49403292288046974,rejected,0.014429294571618087,0.6212829284331041
vol_surge5 q0,-3.9663154846182375e-05,0.12147506382267825,-0.6076469493521369,rejected,0.0,0.5434216551670161
skew60 q3,9.192042666182405e-05,0.4910910853361901,-0.23493123035531743,rejected,0.0,0.8142621095119992
frog q0,-0.00010681689247395471,-0.050759797154459954,-0.6598633863863229,rejected,0.001646947136384958,0.5093415020223058
r5_news q0,7.688720727777766e-05,0.3079148337957504,0.395727870006648,rejected,0.015460392161023693,0.6923057930850932
dist_ma200 q4,0.00011600174821361645,0.5714307759791073,-0.12619330795529785,rejected,0.0,0.8995789084970899
r60 q4,-1.7515295348094203e-06,0.21375632722511675,-0.45691346929054083,rejected,0.0,0.6477332422869178
max20 q3,-7.484882273975058e-05,-0.012128732659656296,-0.6486666512325524,rejected,0.0013040110034862565,0.5165538642807213
r120 q4,-0.00010587792134936264,-0.3352028060973051,-0.30664115283277243,rejected,0.012951152665059567,0.7591165262343214
vol_surge1 q2,-4.3051723186574114e-05,-0.3151109760068726,0.3222042411837753,rejected,0.0,0.747297971683978
ind_mom20 q4,-0.00011328570935643774,-0.34101893858007004,-0.28767727267868826,rejected,0.006756856936101521,0.7735937886962698
skew60 q0,8.811137919944982e-05,0.5010980405094405,0.07003067893258738,rejected,0.003905744325399977,0.9441692413168267
rel_ind60 q4,-6.897074051223488e-05,-0.06321701259140022,-0.4539518233793743,rejected,0.018131217063684573,0.6498635023654852
ind_mom60 q4,-8.010320656508358e-05,-0.17876975552830884,-0.3274083291838292,rejected,0.011633132156682841,0.7433590675457947
r120 q1,-9.659874965821848e-05,-0.23407014293874748,-0.2608852912374251,rejected,0.010085879060471356,0.7941809680569859
frog q1,1.415317496918179e-05,0.19334197360027408,-0.27726991038055965,rejected,0.0,0.7815728621681121
skew60 q2,-2.6727158080754067e-06,0.13022002783204908,-0.2699688905902159,rejected,0.0,0.7871841869611496
ev_red_flag q2,-2.719014735054809e-05,-0.36716251888194196,0.029990760013912973,rejected,0.0,0.9760744222981842
skew60 q1,-7.787608432184205e-05,-0.29363675948116097,0.03815703648490437,rejected,0.0,0.9695624758485984
r1 q1,-5.937961428273428e-05,-0.2916707083122938,0.03882669222994312,rejected,0.0,0.9690285635536242
intraday20 q1,8.036024678045695e-05,0.29213721150766236,-0.02959671253247221,rejected,0.0,0.9763886871856178
range_compress q2,6.291162383128113e-06,-0.1112552926330542,0.18960433637282598,rejected,0.0,0.8496191889200746
rel_ind60 q0,6.088512322703057e-06,0.14623008194584225,-0.14529858612615756,rejected,0.0,0.8844751309878485
rel_ind20 q1,-3.579322596268662e-05,-0.16217289169745427,0.08009814387195592,rejected,0.0,0.9361591989818421
intraday20 q4,-3.504015594359494e-05,-0.11877194357516624,-0.053385051902621716,rejected,0.0016404018048690521,0.9574251150823238
log_dv q1 & rel_ind20 q3,0.0007311880147104607,2.449020841263847,2.767242770361832,rejected,0.0,0.005653263907630109
dist_52wh q1 & overnight20 q0,0.0002459908659917653,2.5292212609575673,-2.5865398196749187,rejected,0.0,0.00969449681763032
range_compress q4 & skew60 q0,0.0007803673872096951,3.0353446179004777,1.8617842814060026,rejected,0.10104805511481482,0.06263350299157029
ins_buyers30 q2 & mom_12_1 q3,0.0009782182769316897,2.887814180201091,1.9952841338971943,rejected,0.08402787548827516,0.04601189935359381
ins_value30 q2 & mom_12_1 q3,0.0009782182769316897,2.887814180201091,1.9952841338971943,rejected,0.08402787548827516,0.04601189935359381
ind_mom60 q1 & r120 q2,-0.00012170878671039595,-2.3066592170978906,2.5298377425055243,rejected,0.0,0.011411528561523597
dist_ma200 q3 & ear q3,0.0009489121336937967,3.73501346454367,1.0559596641192217,rejected,0.024954501139262248,0.2909866434543475
log_dv q3 & range_compress q0,-0.00036282005767116794,-1.3826880436982918,-3.4081183243460718,rejected,0.5927474255462107,0.0006541252349291374
ins_officer30 q2 & mom_12_1 q3,0.00095070966707989,2.604996576713421,2.116642291939255,rejected,0.06669680527956948,0.03429021793567301
close_loc q4 & r20 q2,-0.00011268924928466505,-2.470034963606119,2.1465032209423915,rejected,0.0,0.03183285207304005
ins_opportunistic30 q2 & mom_12_1 q3,0.0009325787139427129,2.571550016634285,2.044572229741135,rejected,0.08562732237043351,0.04089704964888485
days_since_earn q0 & r20 q3,0.0007349697922486235,2.982432924124997,1.6005150083859798,rejected,0.07872303658876358,0.10948438014305556
ind_mom20 q1 & news5 q1,1.394755072140387e-05,-1.7353134651114464,2.7693666122317273,rejected,0.0,0.00561653969074068
ind_mom20 q0 & mom_12_1 q0,-0.0002894515476066542,-1.387497821808784,-3.080618396165314,rejected,0.2759872254244941,0.002065712091298783
r20 q3 & vol20 q0,0.0007630636645656093,2.604314745975385,1.831992905841069,rejected,0.11807279310062609,0.06695247754724352
gap_today q3 & ind_mom20 q0,0.00010325122643203586,1.901084120712109,-2.4809194433280624,rejected,0.0,0.013104398491478082
dist_52wh q1 & r20 q0,-0.0001664719080962834,0.6115040529290312,-3.7693981210773617,rejected,0.0,0.00016364168691111706
ear q4 & r20 q0,-0.0001713209916539124,-1.3561631851981033,-2.9210529202771753,rejected,0.11201434104505194,0.0034885056551478303
days_since_earn q3 & days_to_earn q1,-0.0008696794755531547,-2.5643803829045857,-1.711247510861545,rejected,0.08915408216806853,0.08703543144297149
gap_today q4 & log_dv q3,-0.00043147817631335514,-1.7585652478376614,-2.502216169764542,rejected,0.0,0.012341854160412658
gap_today q1 & vol_surge5 q1,4.468310235687944e-05,-1.4000482415562487,2.8569174723933157,rejected,0.0,0.004277770464377355
earn_in_week q1 & ins_opportunistic30 q2,0.00012081152604531394,0.0,4.234275176316038,rejected,0.0,2.2929004266583523e-05
earn_in_week q1 & ins_officer30 q2,0.0002750293124854301,0.0,4.210088420432674,rejected,0.0,2.552707636668062e-05
earn_in_week q1 & ins_buyers30 q2,0.00024657980290595984,0.0,4.169338756966528,rejected,0.0,3.054846493651367e-05
earn_in_week q1 & ins_value30 q2,0.00024657980290595984,0.0,4.169338756966528,rejected,0.0,3.054846493651367e-05
days_to_earn q1 & ins_officer30 q2,-0.0009407480821522516,-3.041181170208025,-1.11950200483298,rejected,0.020985607025322078,0.26292603608025367
close_loc q4 & intraday20 q2,-0.00023597544282005087,-2.4341416764966564,1.6479399938786994,rejected,0.0,0.09936498537883805
days_to_earn q3 & mom_12_1 q3,0.0006602671198770396,2.2336593660717767,1.8476279604843857,rejected,0.11270839740781718,0.06465618196186997
ins_buyers30 q2 & r20 q3,0.0008459838386256489,2.352292014980017,1.7119351569911618,rejected,0.08444517191606381,0.0869086188187301
ins_value30 q2 & r20 q3,0.0008459838386256489,2.352292014980017,1.7119351569911618,rejected,0.08444517191606381,0.0869086188187301
ins_officer30 q2 & r20 q3,0.0008423736743882494,2.3824886717116547,1.6501198425282577,rejected,0.07939950574890649,0.09891842711641313
r20 q0 & vol_surge5 q3,4.711925658309943e-05,1.5504024050799474,-2.4702338633993204,rejected,0.0,0.013502474755131057
ear q4 & ind_mom20 q0,-0.0002612314259838656,-0.8325463081831161,-3.185984133544579,rejected,0.3278404217592399,0.0014426250872540225
dist_52wh q1 & r5 q0,7.560677486694145e-05,2.0139829479229863,-2.000062770688804,rejected,0.0,0.04549348622149663
days_since_earn q0 & ins_officer30 q2,0.0007875524242253131,2.377229022095534,1.6264997416035842,rejected,0.06387280646524363,0.10384338828404807
dist_ma50 q0 & ind_mom60 q0,-0.00012558361037912387,0.7892218703952835,-3.2110949052912257,rejected,0.0,0.001322302567538187
days_since_earn q3 & range_compress q0,-0.00028257313971714876,-1.5340512471962378,-2.4618788853721267,rejected,0.0,0.01382113300683876
log_dv q1 & r120 q2,0.00048372184179453496,1.6422269765304365,2.3431601356178473,rejected,0.010130437471862297,0.01912117420685816
days_to_earn q3 & max20 q0,0.0006344213358884968,2.8169761153775785,1.1600427831679891,rejected,0.025193476676830296,0.24603138767711452
intraday20 q3 & max20 q0,0.0006103747531978964,2.057594803335839,1.8916898235552961,rejected,0.11172326865936047,0.05853232001267359
ind_mom20 q2 & news5 q1,-0.00045342963165254064,-1.6830158123101677,-2.241514363263581,rejected,0.0,0.024992776201195607
dist_ma50 q2 & range_compress q3,0.00017865770296473903,-0.9886436783420557,2.934891354767749,rejected,0.0,0.0033366449386385585
close_loc q1 & ind_mom60 q1,-5.4408577248305e-05,-1.505128203956125,2.415374554653846,rejected,0.0,0.01571903606781836
days_since_earn q3 & gap_today q3,-0.0004986005647116113,-1.4716696693463036,-2.4213417228492373,rejected,0.023919539129731562,0.015463333339629869
days_since_earn q0 & rel_ind20 q3,0.0005445874376206064,2.119129465737434,1.7341052690055858,rejected,0.08766549071508685,0.08289940681095831
dist_52wh q2 & vol20 q0,0.0005378900811880249,1.6695423495609232,2.1717804700680836,rejected,0.04122593863084833,0.02987222545899344
r1 q2 & skew60 q2,0.0006513025817612816,2.2488711830677612,1.5608922604917332,rejected,0.08472438757243622,0.11854917372382917
dist_52wh q1 & news5 q1,2.75288291036603e-05,1.4151580348379822,-2.3851772870802215,rejected,0.0,0.017070892430922514
days_since_earn q4 & mom_12_1 q0,-0.0003393465695203923,-1.536669673140542,-2.2567843534147274,rejected,0.0,0.024021552898396654
ind_mom60 q0 & intraday20 q0,-9.844844509339139e-05,0.7757151088415188,-3.0123018280990266,rejected,0.0,0.00259274661921496
dist_52wh q2 & overnight20 q1,0.00043851876051701464,0.43250546766345266,3.354735124673162,rejected,0.4439387273480005,0.0007944101010000643
ins_opportunistic30 q2 & news5 q1,-0.000692308517383351,-1.5310981994446757,-2.254431917479971,rejected,0.0,0.024169009248108272
min20 q3 & mom_12_1 q3,0.00042515988742214986,0.25733590516386756,3.5211875455470394,rejected,0.40228004981655874,0.00042961864481594743
r5 q0 & vol_ratio q2,-0.000313239841514458,-1.2647298049826594,-2.5008864879614574,rejected,0.0,0.012388287812460553
ind_mom60 q0 & mom_12_1 q0,-0.00018904452484624714,0.08884144775669334,-3.6684010241941842,rejected,0.0,0.00024407214456914704
ear_volsurge q2 & log_dv q3,-0.0005906768233129832,-1.8826901980985271,-1.8708393330732607,rejected,0.11520997261262676,0.061367353945125276
days_to_earn q1 & range_compress q3,-0.00019595368501614479,-1.7441448196789273,2.005470088239318,rejected,0.0,0.044912815386405715
mom_12_1 q3 & range_compress q4,0.0005402712006762671,2.003811980282799,1.7355330067899066,rejected,0.08053061245015543,0.08264644042981407
days_to_earn q4 & rel_ind20 q3,0.000527831370505385,2.1747121386387853,1.5642616971123624,rejected,0.08273135699284455,0.11775612333911031
mom_12_1 q3 & r120 q2,0.0001256555613525621,-0.6548791279364096,3.0832621390072217,rejected,0.0,0.002047447137129546
dist_ma50 q2 & rel_ind20 q3,0.0006029331876146882,1.7009856536540864,2.0126043950466093,rejected,0.08026428139146319,0.0441562642411794
ind_mom60 q0 & r5 q0,-0.00019092237558326718,-0.2289017152556705,-3.4664780007306617,rejected,0.37591283645105317,0.000527324885676524
ear q4 & ind_mom60 q0,-0.0002944967202908844,-1.2740805140002895,-2.408910870165152,rejected,0.027730776083424547,0.016000204977611548
vol20 q0 & vol_surge5 q3,0.0005411718488045194,1.706933159425992,1.9718058845693807,rejected,0.09554118263979411,0.04863177033410823
r1 q2 & r5 q1,0.000652868330307867,2.56165789267484,1.1077610994268,rejected,0.026392422407915197,0.26796500429978026
ear q4 & intraday20 q0,-0.00020259226934383795,-1.383002543691934,-2.276012828431029,rejected,0.005351974407506591,0.022845241817475822
ind_mom60 q0 & overnight20 q0,-0.00012996866529816657,0.4091506375516624,-3.2448523205932887,rejected,0.0,0.0011751154902790817
dist_ma50 q0 & log_dv q3,-0.0002056889017085175,-0.8235441006058076,-2.819135692570946,rejected,0.0,0.004815315727756408
ear q4 & log_dv q3,-0.00033909345554876977,-1.1521773551618197,-2.4799742384928374,rejected,0.0,0.013139187525914732
days_since_earn q0 & mom_12_1 q3,0.00049103317588377,2.0238633446039582,1.6061220526148186,rejected,0.0758241262544612,0.10824709540047499
days_to_earn q1 & intraday20 q0,-0.0003220640819580009,-1.804199825323317,-1.8079132087056988,rejected,0.11205655841177621,0.07062000965260944
days_since_earn q0 & intraday20 q3,0.0004439014900918182,1.2620703017667152,2.3486919810330567,rejected,0.016840380730588304,0.018839484368274515
days_to_earn q3 & ins_officer30 q2,0.0006058258273785522,1.6513241288956848,1.9578127346514398,rejected,0.08243472224583072,0.05025199057537951
ins_officer30 q2 & news5 q1,-0.0006658614788476994,-1.491413976467573,-2.105057562214418,rejected,0.07198603984937943,0.03528629773139902
ind_mom20 q3 & vol_surge5 q1,0.00019163713715434448,-0.6500561098128026,2.9454418333072927,rejected,0.0,0.003224937779187983
mom_12_1 q0 & r20 q2,-5.046411355899951e-05,-1.7746547197970468,1.813757512924854,rejected,0.0,0.06971506628265822
dist_52wh q1 & rel_ind20 q0,-3.89646335738415e-06,1.1175002920825172,-2.4601938434458726,rejected,0.0,0.013886199191450534
gap_today q1 & ind_mom60 q1,0.0003761261157767521,0.8674249851212444,2.702570810966064,rejected,0.0,0.006880552684521595
news5 q1 & range_compress q1,-0.00042151808796348254,-2.2790849173711156,-1.2819804194764775,rejected,0.035107241572583416,0.19984951506216977
days_to_earn q4 & ins_officer30 q2,0.0007066515146370672,2.175781964844744,1.3760712374154627,rejected,0.009032469648055144,0.16879957935970707
log_dv q3 & overnight20 q0,-0.00028963385695755567,-0.7436663734138282,-2.8008615818937224,rejected,0.0,0.005096637482098133
dist_ma200 q3 & intraday20 q3,0.0005903779115667815,1.5636839827685516,1.9764259845131733,rejected,0.09105692483405264,0.0481065509870688
dist_52wh q2 & mom_12_1 q3,0.00036217044523238117,0.5756405013235325,2.962515520691924,rejected,0.1259735580539744,0.0030513642546661193
mom_12_1 q3 & r20 q3,0.0005557450967463401,2.0183677507951057,1.5108603222446997,rejected,0.0517818502199223,0.1308240418332452
days_to_earn q3 & ins_buyers30 q2,0.0005928785956493915,1.6045764304968444,1.9067680503991085,rejected,0.10981834563636321,0.056550630364202145
days_to_earn q3 & ins_value30 q2,0.0005928785956493915,1.6045764304968444,1.9067680503991085,rejected,0.10981834563636321,0.056550630364202145
ind_mom20 q0 & intraday20 q0,-0.00015610205144546513,0.2505227399842581,-3.259981397556286,rejected,0.0,0.0011141952131144255
intraday20 q0 & mom_12_1 q0,-0.0002282547950378024,-0.6968483943741844,-2.8017949845730583,rejected,0.0,0.005081915738978684
range_compress q3 & vol_surge5 q1,0.0004289024167476947,0.2943308871872195,3.195298640344874,rejected,0.25973347554931453,0.0013968621772334463
days_since_earn q3 & vol_surge5 q1,-0.00010444728826453789,-1.3744650037570645,2.104620380792776,rejected,0.0,0.035324366087485924
dist_52wh q3 & r120 q2,0.0005046054392135366,1.2446028290091053,2.2321678338646476,rejected,0.0,0.025603872487865387
days_since_earn q4 & news5 q1,-0.0003229370768315367,-0.7854838251188153,-2.6909011001705148,rejected,0.0,0.007125931640350876
dist_52wh q2 & gap_today q0,3.819727245404756e-05,-0.9473792262774325,2.5248719933012636,rejected,0.0,0.011574043890712628
ins_buyers30 q2 & ins_officer30 q2,0.0002225662710592546,1.869632402599416,1.5990821594502145,rejected,0.08319080278746374,0.10980234823256765
ins_officer30 q2 & ins_value30 q2,0.0002225662710592546,1.869632402599416,1.5990821594502145,rejected,0.08319080278746374,0.10980234823256765
ins_buyers30 q2 & ins_value30 q2,0.0002225662710592546,1.869632402599416,1.5990821594502145,rejected,0.08319080278746374,0.10980234823256765
log_dv q2 & news5 q1,-0.0003712702629617906,-1.924755450232028,-1.5300204230578283,rejected,0.06061728586826162,0.12601167377772274
gap_today q0 & vol20 q0,0.0001761585211444856,-0.52972791726448,2.921608719471925,rejected,0.0,0.00348228715382243
days_since_earn q3 & vol20 q0,0.0005050082293640224,0.8344044067416496,2.608779325352469,rejected,0.0,0.009086581867411934
ind_mom60 q1 & mom_12_1 q0,-0.000205498349761367,-2.295495876083008,1.139137657185935,rejected,0.0,0.254645743182329
days_to_earn q3 & ins_opportunistic30 q2,0.0005726042163524512,1.4426848911201813,1.9907286650721658,rejected,0.07383223512104806,0.04651072553080716
range_compress q4 & rel_ind60 q3,0.0005498089620015093,2.5927885898803855,0.8277943460120684,rejected,0.0101790585629938,0.40778697724887625
mom_12_1 q3 & vol20 q0,0.0005062338355887226,1.6932341749406716,1.7056146404973096,rejected,0.08661027330921053,0.08807985170663857
dist_52wh q2 & ins_buyers30 q2,0.0006396265510921704,1.3437825481361307,2.0520148055023135,rejected,0.07379379806160029,0.04016822357064179
dist_52wh q2 & ins_value30 q2,0.0006396265510921704,1.3437825481361307,2.0520148055023135,rejected,0.07379379806160029,0.04016822357064179
dist_52wh q3 & vol20 q0,0.0005837867662623303,1.7767641353884356,1.61583108581082,rejected,0.07408097417428586,0.10613083859730058
r120 q2 & r20 q3,0.00041684118291883144,1.1478847389352038,2.238937575409375,rejected,0.0,0.025159978165160964
days_to_earn q4 & ins_buyers30 q2,0.000681502767193296,2.2244149111219156,1.155013566515911,rejected,0.02842701400947758,0.24808487094147783
gap_today q3 & mom_12_1 q0,-0.00035056218915370014,-1.396037551851631,-1.981966941497952,rejected,0.08499150004071801,0.04748294074235279
dist_52wh q2 & ins_officer30 q2,0.0006276073535349043,1.2639278642127192,2.1137373412084925,rejected,0.05471328976034965,0.03453770729730859
gap_today q0 & r20 q2,-0.00016175931931341139,-2.348596702138955,1.0278493396639758,rejected,0.0,0.3040207029877734
gap_today q4 & mom_12_1 q3,0.0003808598727847727,1.2398496885296697,2.1357946760356605,rejected,0.052076037454972766,0.03269615328189145
dist_52wh q1 & dist_ma50 q0,-3.322041015507972e-05,1.065067386165522,-2.306967370077177,rejected,0.0,0.021056639225421052
ins_buyers30 q2 & vol20 q0,0.0006184930665331162,1.529327394685064,1.8416754147466514,rejected,0.11577884180992642,0.06552264247057703
ins_value30 q2 & vol20 q0,0.0006184930665331162,1.529327394685064,1.8416754147466514,rejected,0.11577884180992642,0.06552264247057703
days_since_earn q3 & ins_officer30 q2,-0.0006633956596577326,-1.5895003907490937,-1.7694930887004015,rejected,0.09552183310385351,0.07681162313104123
news5 q1 & range_compress q0,-0.0002894428465051025,-1.4710472807255368,-1.885454290355941,rejected,0.11582124515254127,0.05936853017350202
ind_mom60 q1 & range_compress q0,-0.00012264850705702353,-2.3498069363994674,0.9901711441428735,rejected,0.0,0.32209047415409314
dist_ma50 q0 & mom_12_1 q3,0.0001765242036464578,2.1076753294356685,-1.224477954858148,rejected,0.0,0.2207719775980984
days_to_earn q4 & intraday20 q3,0.00039865346138850087,1.0980599759564211,2.224511538303705,rejected,0.0004936633426147368,0.0261140470735867
ins_opportunistic30 q2 & vol20 q0,0.0006048355120776879,1.4448096919321216,1.876918583424265,rejected,0.1143501498805449,0.06052925345543361
days_to_earn q3 & vol20 q0,0.00045886019305165605,1.586260489767219,1.7344992725115194,rejected,0.08203300778023419,0.08282953472096402
days_since_earn q4 & dist_ma50 q0,-0.00011753398196384172,0.27169684885434536,-3.04703903459242,rejected,0.0,0.0023110769580253062
ins_officer30 q2 & ins_opportunistic30 q2,0.00016750089044007297,1.7299626382308302,1.5876320633125365,rejected,0.08260185557359329,0.11236956344700383
mom_12_1 q3 & rel_ind20 q3,0.00042141932435833324,1.2922357913325777,2.024323037212217,rejected,0.0676919001421144,0.042936924797979774
gap_today q0 & r20 q3,0.0003475542378465769,1.081250816742284,2.2267691615841536,rejected,0.0,0.02596270541865727
close_loc q2 & rel_ind20 q2,-0.0004937867395067963,-3.0739615187650293,0.2323270228865782,rejected,0.0,0.8162840253368128
mom_12_1 q3 & range_compress q3,0.000480118969489272,1.1557710687614622,2.1485841540557757,rejected,0.035657782620220846,0.03166737890773529
log_dv q3 & rel_ind20 q0,-0.0002731360229213953,-1.5304165352031343,-1.771591663617118,rejected,0.09121529614489021,0.07646236451482027
ind_mom20 q2 & overnight20 q2,5.7591132261170154e-05,1.2154700615190708,-2.0837866527743367,rejected,0.0,0.037179577954898325
days_to_earn q2 & range_compress q3,0.00050421332614075,1.2528865497374895,2.0419590386319464,rejected,0.07650316755792572,0.04115559463995377
dist_ma50 q0 & gap_today q3,-0.0001077708783128545,0.6499473152474571,-2.639601978509531,rejected,0.0,0.00830034465991748
atr_pct q0 & intraday20 q3,0.0006330320853004359,2.4051244292094403,0.883639929369668,rejected,0.013311433817600636,0.3768906171317144
intraday20 q0 & vol_surge5 q3,-5.903691184545071e-05,0.7225095770652856,-2.5661743725010333,rejected,0.0,0.010282712156349157
gap_today q0 & ind_mom60 q1,-4.636140186821454e-05,-1.429085500130223,1.8498284316834588,rejected,0.0,0.06433828161423089
intraday20 q2 & vol20 q2,8.028070649248153e-05,-0.5868679793020773,2.6870365176480315,rejected,0.0,0.007208907095024133
vol20 q0 & vol_surge5 q1,0.00023327716989076793,-0.6315238709376418,2.6293674017386937,rejected,0.0,0.00855438851982148
ins_officer30 q2 & vol20 q0,0.0005876161150434338,1.371646874254764,1.8883478163293126,rejected,0.10918149687641862,0.058979271985651185
ind_mom60 q0 & rel_ind20 q0,-3.7526652778799744e-05,0.7862000059845934,-2.4660424462743746,rejected,0.0,0.013661514409632222
dist_52wh q3 & mom_12_1 q3,0.0004949034169098057,1.024299828215921,2.2225236874472087,rejected,0.0001925348091967276,0.026247935039084385
dist_52wh q3 & range_compress q3,0.00048288311747882,0.8112572952066025,2.432934561703592,rejected,0.02086927471796019,0.014977007378578372
gap_today q1 & news5 q1,0.00014735528347185355,-0.40207445720446494,2.836937007525414,rejected,0.0,0.0045548597517081875
r120 q2 & rel_ind20 q3,0.0003360699713741276,0.17929991546297583,3.0569823433375958,rejected,0.17577398596456212,0.002235774453615658
days_since_earn q3 & dist_ma50 q1,-0.0004771007030293912,-1.6562972447918338,-1.5769513364682637,rejected,0.07328806577715699,0.11480672282197063
close_loc q4 & days_since_earn q3,-0.0004283579117463986,-2.704208189157564,-0.5224240187103493,rejected,0.020716107190062033,0.601375136358668
ins_buyers30 q2 & range_compress q3,0.0005256126208570334,0.6088052340199873,2.615979845203556,rejected,0.0,0.00889718091956097
ins_value30 q2 & range_compress q3,0.0005256126208570334,0.6088052340199873,2.615979845203556,rejected,0.0,0.00889718091956097
ear q4 & gap_today q3,-0.00032030213961339193,-1.264394771495331,-1.9525277633472349,rejected,0.08247095452241308,0.05087557804894928
r120 q2 & range_compress q3,0.00046972956570070606,0.5219693079626917,2.6843781999626843,rejected,0.0,0.0072664854790965815
ind_mom60 q3 & mom_12_1 q3,0.00038676382346813,1.3513295521665063,1.8521718592012164,rejected,0.10544520181801392,0.06400114834119294
ins_buyers30 q2 & rel_ind20 q3,0.0005904681821650034,1.3760604396002762,1.8265678861704673,rejected,0.10726299596361775,0.06776476553763693
ins_value30 q2 & rel_ind20 q3,0.0005904681821650034,1.3760604396002762,1.8265678861704673,rejected,0.10726299596361775,0.06776476553763693
dist_52wh q2 & r20 q3,0.00024145144633430302,0.6651273021183033,2.5370741715990555,rejected,0.0,0.011178326785299824
days_to_earn q3 & overnight20 q1,0.00040293105364609346,1.501978597100636,1.6994568206793121,rejected,0.08567568886928817,0.08923314372711452
dist_ma200 q1 & vol20 q1,0.0003253683686689102,2.1087774094673226,-1.0913621100934028,rejected,0.0,0.27511357786288976
intraday20 q2 & mom_12_1 q3,0.0003928661372042952,0.4408225767954873,2.756600216020674,rejected,0.0,0.00584057120398905
log_dv q1 & r20 q3,0.0003748384565653237,0.9876839345064452,2.2024116736984722,rejected,0.0,0.027636242023202407
dist_52wh q2 & r5 q0,0.00044602311811414675,1.6212899531335228,1.5676271537053548,rejected,0.07467377855455627,0.11696817125371395
r20 q3 & rel_ind20 q3,0.0006327029205402542,2.261527475218025,0.9266280557834984,rejected,0.015361234119323707,0.3541196829933058
days_since_earn q3 & intraday20 q0,-0.0002545590713637325,-0.9883905464221251,-2.1981875000146744,rejected,0.003115809391803875,0.02793574708259736
days_since_earn q4 & ind_mom60 q0,-0.00026381142280648435,-1.4725484101669795,-1.70927463178554,rejected,0.08933525500713252,0.08740009009213896
ear q4 & mom_12_1 q0,-0.00023822966908465214,-0.6206166684966645,-2.5608347384470873,rejected,0.0,0.010442101492420426
ev_offering q2 & ind_mom60 q0,-0.0002615016112859059,0.3150898872107201,-2.8607513889343013,rejected,0.0,0.004226383319336035
dist_52wh q1 & ins_buyers30 q2,8.43906017201013e-06,1.0894503513400426,-2.0826426813173207,rejected,0.0,0.037283805701541564
dist_52wh q1 & ins_value30 q2,8.43906017201013e-06,1.0894503513400426,-2.0826426813173207,rejected,0.0,0.037283805701541564
ins_officer30 q2 & vol_surge5 q3,0.00036677332824366855,1.81479179920235,-1.3508985654285055,rejected,0.0,0.176727927836888
dist_ma50 q2 & intraday20 q2,0.0001160653111620493,-0.6752576962901792,2.476888136663486,rejected,0.0,0.013253343321336618
ind_mom60 q0 & r20 q0,-9.759471391325058e-05,0.5122870428869568,-2.6394747906170877,rejected,0.0,0.008303459857783982
ins_officer30 q2 & rel_ind20 q3,0.0005784332558889654,1.321669814046491,1.8249088408820597,rejected,0.10580044273303404,0.06801478686342127
dist_ma50 q1 & ins_officer30 q2,-0.0002639546715514952,-1.7218299324860313,1.422353165639607,rejected,0.0,0.1549237519757304
intraday20 q3 & vol20 q0,0.000499375709745736,1.382805346699755,1.7568782400431424,rejected,0.07919187262469878,0.0789385653522515
ind_mom60 q2 & log_dv q4,0.00015854776676334911,1.5677362170888576,-1.57156350886469,rejected,0.0,0.11605181489402513
dist_52wh q2 & ins_opportunistic30 q2,0.000573211942818536,1.1207073268316479,2.0138004118067463,rejected,0.06996422547137567,0.04403049248333207
ear_volsurge q2 & mom_12_1 q0,-0.0002748340254483354,-1.1136978063687506,-2.0173300674268155,rejected,0.0672650613617767,0.0436610798722141
dist_ma50 q2 & r20 q3,0.00046588093629707747,1.777844466537156,1.3497302122456427,rejected,0.01638773383491281,0.17710253755042657
dist_52wh q1 & gap_today q0,0.00016992326092676687,2.184958945437903,-0.9418435159738525,rejected,0.0,0.3462727622158509
ins_officer30 q2 & range_compress q3,0.000494815415121489,0.46240309136611313,2.6621608044386327,rejected,0.0,0.007764077736714886
max20 q0 & r120 q2,0.00044198851880990377,0.531626855949295,2.591443958659178,rejected,0.0,0.009557410651309778
ind_mom60 q1 & vol_surge5 q3,4.943869665246065e-05,-0.7225094423838784,2.4005263778882355,rejected,0.0,0.01637151076472556
close_loc q1 & ind_mom60 q0,-0.00023309458658799252,-0.33335438252004895,-2.78716521474092,rejected,0.0,0.005317136296522847
ind_mom60 q0 & vol_surge5 q3,-0.00016658996286985408,0.2779391415567313,-2.8425779203235635,rejected,0.0,0.00447502906614928
dist_52wh q1 & ins_opportunistic30 q2,2.8389963624739616e-05,1.129325884224718,-1.9867403408502824,rejected,0.0,0.04695117889579984
intraday20 q0 & r5 q0,-0.00025864674437792255,-0.32162144084956357,-2.792936482475248,rejected,0.0,0.005223194703290222
ins_opportunistic30 q2 & rel_ind20 q3,0.0005690826765760366,1.3131757321664623,1.794734240998873,rejected,0.09761530871815564,0.07269605231358861
days_since_earn q4 & log_dv q3,-0.00032526884860785714,-1.191353224872599,-1.9149398218974227,rejected,0.08625589987990862,0.055500178564688335
days_to_earn q1 & ind_mom20 q0,-0.00033637729596592447,-1.7241465759655104,-1.3767259668917218,rejected,0.005673857106180535,0.16859698733135597
ear q4 & rel_ind20 q0,-0.00013825175704861996,-0.7159427060495949,-2.3828029178449794,rejected,0.021617954699022193,0.017181389880418462
close_loc q3 & frog q3,-5.428778583928378e-05,0.9118565749525862,-2.18170123119593,rejected,0.0,0.02913159000766469
days_since_earn q3 & log_dv q3,-0.00038518493813458315,-1.8882413418629436,-1.2037933288665879,rejected,0.022873270933997072,0.2286694687987763
days_since_earn q0 & ear_volsurge q3,-1.0221005281707569e-05,-1.190112434035627,1.8898803529356134,rejected,0.0,0.05877396374956554
close_loc q4 & days_to_earn q3,0.00042721982142134105,2.494187460058174,0.5851758485471616,rejected,0.004019997555546064,0.5584294825165776
ear_volsurge q2 & ind_mom60 q0,-0.00035654411430759646,-1.2748548159088253,-1.7994730456486925,rejected,0.09810521218434136,0.07194388395469395
ind_mom20 q3 & range_compress q4,0.00037923910129519783,1.5990276762948035,1.4744589845629208,rejected,0.011057758226534922,0.14035805314946842
days_since_earn q1 & max20 q0,0.0005294432644508525,2.0923168251280067,0.9785823147228984,rejected,0.018449990260907493,0.3277864011325774
mom_12_1 q0 & overnight20 q1,-2.1821413979979996e-05,-0.9711489982788474,2.0997153327492746,rejected,0.0,0.03575388999035945
dist_ma50 q0 & intraday20 q0,-0.00012729196690681573,0.5127739382009066,-2.5532798219068265,rejected,0.0,0.010671372485467928
ins_buyers30 q2 & news5 q1,-0.0005813597276913333,-1.3089817573876485,-1.7480371550088296,rejected,0.08547195485237398,0.08045759389265753
ins_value30 q2 & news5 q1,-0.0005813597276913333,-1.3089817573876485,-1.7480371550088296,rejected,0.08547195485237398,0.08045759389265753
atr_pct q0 & mom_12_1 q3,0.0004437695571420962,1.5272429433823567,1.5281493643298605,rejected,0.061500096559560596,0.1264754574643022
ind_mom60 q1 & r20 q2,0.00014840882528652382,-0.5581756859821896,2.4889359997681657,rejected,0.0,0.012812602805873876
ind_mom60 q1 & intraday20 q2,4.2099014987839086e-05,-0.9129440775295574,2.1335629965104737,rejected,0.0,0.032878569730022414
dist_52wh q3 & rel_ind20 q3,0.0005008215213238033,1.6735418570109057,1.3676013441420725,rejected,0.006465487213609787,0.17143689550188967
ev_offering q2 & rel_ind20 q3,0.0005556769811351277,1.3492527521617732,1.6833205373147873,rejected,0.0753203579433239,0.09231305677317053
atr_pct q0 & days_since_earn q1,0.00048184868767138235,1.4508610047282444,1.5766943788915355,rejected,0.07113825495840893,0.11486586441729019
close_loc q4 & dist_ma50 q2,-0.0002360630653886058,-1.7850516386550668,1.233138383065129,rejected,0.0,0.21752413925160086
gap_today q4 & range_compress q0,-0.0002655454476798509,-1.4905940253953558,-1.527550366158866,rejected,0.06428084489420989,0.12662421305178334
r20 q2 & range_compress q0,-7.307244055081166e-06,-2.0570141035784646,0.9592853967771812,rejected,0.0,0.33741499000954217
ins_officer30 q2 & intraday20 q3,0.0005203045847140557,1.0422428412975209,1.969776760833687,rejected,0.07828852016152775,0.048863961087065595
ind_mom20 q3 & intraday20 q3,0.0003028226180352367,0.9782202762643375,2.027649897991322,rejected,0.05975255466146655,0.04259599249758158
close_loc q2 & dist_ma200 q2,4.487360984490863e-05,-0.8030296799221869,2.2026992347447742,rejected,0.0,0.0276159542465605
dist_ma50 q1 & r120 q3,-0.0001419811634064708,-1.3455435228928097,1.658350451791048,rejected,0.0,0.09724675126148946
log_dv q1 & vol20 q0,0.0004708876281470113,1.2753650318436616,1.7274554298848483,rejected,0.07918339252356808,0.0840859031095169
ind_mom60 q1 & ins_opportunistic30 q2,2.185700286087097e-05,-0.966087631167887,2.034955981969716,rejected,0.0,0.041855302274703354
days_to_earn q3 & dist_ma50 q0,0.0001628834086870216,1.995857971521162,1.001623468619429,rejected,0.015177542785018787,0.31652548185670626
dist_52wh q3 & ind_mom60 q1,8.968906561287196e-05,-0.7390169400387905,2.2569419558755976,rejected,0.0,0.024011701939561123
gap_today q0 & intraday20 q2,-8.068051937875683e-06,-1.0150794314532632,1.964341869818958,rejected,0.0,0.049490459192716815
days_since_earn q3 & max20 q0,0.00027841780631576826,-0.07585683336884604,2.902873976711991,rejected,0.0,0.003697553955686785
days_to_earn q3 & dist_52wh q2,0.0003264490640611691,0.892239559266472,2.0863497213595186,rejected,0.05573760808555322,0.03694695582499564
days_to_earn q3 & log_dv q1,0.0002705299179147959,0.7411860920496703,2.23525544946519,rejected,0.0,0.025400583042097403
dist_52wh q1 & ins_officer30 q2,3.242232933623725e-05,1.0900968110265532,-1.8862488342894166,rejected,0.0,0.0592614306060729
days_to_earn q3 & r120 q2,0.00033585139108391137,0.2562437351229667,2.7184694387484587,rejected,0.0,0.006558471416540724
dist_ma50 q3 & gap_today q3,0.0003193103528154316,1.9079578104419872,-1.060439272497071,rejected,0.0,0.2889448035462802
log_dv q3 & r20 q2,-6.820823150492007e-05,-1.1299221306837883,1.831357738181955,rejected,0.0,0.06704716489979154
rel_ind20 q3 & vol20 q0,0.00041246739582717124,0.6995481425864561,2.2559496681753717,rejected,0.0032153131021050367,0.02407378344028034
days_since_earn q3 & ins_opportunistic30 q2,-0.0006013142815087382,-1.571590264107123,-1.3792520390787057,rejected,0.00895650449693172,0.16781705830768157
ind_mom60 q1 & ins_buyers30 q2,5.1949940092477165e-05,-0.8928752633550137,2.0573470064226456,rejected,0.0,0.039652858763146885
ind_mom60 q1 & ins_value30 q2,5.1949940092477165e-05,-0.8928752633550137,2.0573470064226456,rejected,0.0,0.039652858763146885
gap_today q3 & log_dv q3,-0.0004748797965703881,-1.7441277558422077,-1.2056873000578217,rejected,0.02001366317606923,0.2279380836756294
days_since_earn q3 & vol_surge5 q3,-6.471564385318667e-05,0.5718459588813979,-2.3745480323655763,rejected,0.0,0.017570449987437394
dist_ma50 q0 & ear_volsurge q2,-0.0001459123772424884,0.2678005605575279,-2.6775412338139315,rejected,0.0,0.007416472320088364
frog q1 & rel_ind20 q1,0.0003890147098763562,1.383653642818736,1.5584198714638235,rejected,0.07621192424289891,0.11913374906440827
days_since_earn q1 & ins_officer30 q2,0.0005111366294545703,0.9915101366049854,1.948683276473185,rejected,0.0758756048167843,0.051333260153288415
ind_mom20 q0 & r20 q0,-0.00018781554256002805,-0.23208789479835876,-2.7059643367535244,rejected,0.0,0.006810635963349976
ind_mom60 q1 & ins_officer30 q2,7.953183478123831e-05,-0.813672324105664,2.11618545989286,rejected,0.0,0.03432903735581404
ins_opportunistic30 q2 & intraday20 q3,0.0004957741402571583,0.9101852220700103,2.0169710573099047,rejected,0.06636255986602889,0.04369853377946941
intraday20 q2 & mom_12_1 q0,3.058843692677227e-05,-0.8188164466278512,2.100158231111109,rejected,0.0,0.03571492429147409
dist_ma50 q1 & ev_offering q2,-0.00037865635591293644,-1.9280829848637766,0.9902467537742784,rejected,0.0,0.3220535252702153
ear_volsurge q2 & gap_today q3,-0.0003884072221390377,-0.9255951622707121,-1.990373889731557,rejected,0.06839585221912364,0.04654976394789034
ins_value30 q2 & r1 q2,0.0007282516758373381,2.759781351739202,-0.15580036067344682,rejected,0.0,0.8761903863213816
dist_ma50 q0 & vol_ratio q4,-1.3062794265185368e-06,1.1574054038109862,-1.755609149737244,rejected,0.0,0.07915516884451494
ins_opportunistic30 q2 & range_compress q3,0.0004518452143588029,0.37403101432641905,2.5314319756000265,rejected,0.0,0.011359784953616444
max20 q0 & vol20 q0,0.0005208881129067693,1.196356846966568,1.6991068732606605,rejected,0.08303811583156376,0.08929904858600386
intraday20 q0 & log_dv q3,-0.00018758321109598602,-0.7702251092916916,-2.1247210115565287,rejected,0.03546161808254302,0.033609899144018025
ear_volsurge q2 & news5 q1,-0.0003984713589143939,-0.7810992153095757,-2.111692681393514,rejected,0.051084259319863726,0.034712817165679734
ind_mom60 q1 & r20 q1,-9.608392160350534e-05,-1.1758461097879547,1.7134593669811307,rejected,0.0,0.08662806252532074
ind_mom20 q0 & ind_mom60 q2,-0.00024820875387017064,-1.7155859539095526,-1.1729983076395367,rejected,0.023565947976599357,0.24079648435659928
days_to_earn q1 & vol_surge5 q1,-0.00010289398614033498,-1.290043922942766,1.5929432591558141,rejected,0.0,0.11117292056537699
overnight20 q1 & vol20 q0,0.00045163687626533855,1.1289238734860034,1.75272076786369,rejected,0.07892261704066866,0.07964994910064689
days_since_earn q3 & ind_mom20 q0,-0.0002697816991019424,-0.9299571106855554,-1.95165144058446,rejected,0.08081650533606899,0.050979601493693544
dist_ma200 q3 & ind_mom20 q3,0.000329641950991599,0.645108106492754,2.2333415153352045,rejected,0.0,0.025526431763145403
gap_today q1 & range_compress q3,0.0001738700830077564,-0.5292737241809099,2.342941483002156,rejected,0.0,0.01913238356916644
days_since_earn q1 & ins_buyers30 q2,0.0005015291021224342,0.9317162333631525,1.939129990880976,rejected,0.08804701231540149,0.05248551164858467
days_since_earn q1 & ins_value30 q2,0.0005015291021224342,0.9317162333631525,1.939129990880976,rejected,0.08804701231540149,0.05248551164858467
ins_opportunistic30 q2 & vol_surge5 q1,0.0001529164878373127,-0.7149302689838194,2.1530766328253264,rejected,0.0,0.03131265637042123
ind_mom20 q3 & r120 q2,0.0004143232396476707,1.72072512261451,1.146796739252226,rejected,0.0217556439882989,0.25146563718102577
ins_buyers30 q2 & intraday20 q3,0.0004943311931071273,1.0203398714220389,1.846946696866327,rejected,0.10083084959527781,0.0647548659585495
ins_value30 q2 & intraday20 q3,0.0004943311931071273,1.0203398714220389,1.846946696866327,rejected,0.10083084959527781,0.0647548659585495
days_since_earn q0 & ind_mom20 q3,0.0002975017138270953,0.5770342772773476,2.2892986022975443,rejected,0.0,0.022062008865398712
dist_ma200 q3 & ins_officer30 q2,0.0005748212935179686,1.4699089145533768,1.3932400184856715,rejected,0.00991153906739108,0.16354722203787453
days_since_earn q4 & ear_volsurge q2,-0.00042972456114940974,-0.5834878754188498,-2.279234139266659,rejected,0.0,0.022653150717537054
dist_ma50 q0 & ind_mom20 q3,0.00018730036894376226,1.1470235519696743,1.7097439348909254,rejected,0.08025326637194272,0.08731323453206405
ind_mom20 q0 & max20 q1,0.00010859791488611963,1.237694189616775,-1.6145406454855349,rejected,0.0,0.10641020797629425
days_since_earn q3 & ear q4,-0.0002395999649808149,-0.6299486915359654,-2.2204939286522745,rejected,0.004322380564063856,0.02638525736076003
days_since_earn q3 & gap_today q4,-0.00022947297742476655,-0.45803491048028516,-2.386135281582782,rejected,0.014960028480198933,0.017026486505643416
mom_12_1 q3 & r1 q4,0.00034898390134256236,1.3221501774750894,1.5185048679855158,rejected,0.048974810009133354,0.12888717325245647
ins_buyers30 q2 & vol_surge5 q1,0.0002105733876201156,-0.5445572408699056,2.2888889496936113,rejected,0.0,0.0220858054725156
ins_value30 q2 & vol_surge5 q1,0.0002105733876201156,-0.5445572408699056,2.2888889496936113,rejected,0.0,0.0220858054725156
days_since_earn q4 & rel_ind20 q2,-0.00032301936724727276,-0.7028604789943401,-2.130239758504784,rejected,0.03144651721555899,0.03315182418386899
ind_mom20 q3 & vol20 q0,0.00028398708960156887,0.4762658224804564,2.3474322933881444,rejected,0.01246923748292056,0.01890330842053707
atr_pct q0 & ins_officer30 q2,0.0005243302800758239,1.4418162963622294,1.3766767381719263,rejected,0.006985280699361638,0.16861221375824423
ind_mom20 q3 & log_dv q1,0.0003135235900032514,1.1986760313021487,1.6190513303262704,rejected,0.0686280396736574,0.10543621932418137
days_since_earn q1 & days_to_earn q3,0.00047021170564880567,1.2554667040075844,1.5598397427703028,rejected,0.07654324577675495,0.11879775704528238
dist_52wh q2 & r1 q1,0.0003347232618225538,0.46268866547390686,2.3519692602150872,rejected,0.003623293547163117,0.01867431812555484
days_to_earn q2 & ins_officer30 q2,-0.0005858557731275166,-1.5420994029293185,-1.2722796046627451,rejected,0.03531630658872476,0.20327379246200145
r20 q0 & r5 q0,-0.0002649931552180068,-0.6125906694674693,-2.1984442030748306,rejected,0.0,0.027917466629079193
days_since_earn q1 & ins_opportunistic30 q2,0.0004805568483595044,0.7447592814821972,2.0636186967647987,rejected,0.05510973107842355,0.03905388346122025
days_since_earn q1 & dist_ma50 q0,0.0001438345885048248,1.7501987141191209,1.0578444437498618,rejected,0.021643552089623434,0.2901263669320682
gap_today q3 & ins_opportunistic30 q2,-0.0005102863178845172,-0.9854252190307053,-1.821074939536325,rejected,0.09935124811991197,0.06859546611761672
ind_mom60 q0 & ins_officer30 q2,-0.0002265686588505673,0.28460916193379476,-2.5190439674500325,rejected,0.0,0.011767396170513195
days_to_earn q1 & ind_mom60 q1,-0.00010016059744286417,-1.4612029214440947,1.341142355860735,rejected,0.0,0.17987423767954033
ind_mom60 q0 & ins_opportunistic30 q2,-0.0002128423131454935,0.329452094133049,-2.468604727009686,rejected,0.0,0.013564095508211138
atr_pct q2 & rel_ind20 q0,-0.0004632283823977687,-2.6029919083207,-0.19470129520265372,rejected,0.015169663550713272,0.8456267978921118
close_loc q4 & mom_12_1 q3,0.00042489155150364684,2.258956384356397,0.5361376954235785,rejected,0.019311264859320346,0.5918633896657277
dist_52wh q2 & range_compress q1,-4.825668797850498e-05,-1.0939399482126502,1.6855453150802528,rejected,0.0,0.0918834096647022
days_since_earn q1 & intraday20 q2,0.0002758540633026506,0.33766889598400174,2.4409108463132463,rejected,0.002992061509905217,0.014650271020762445
ins_officer30 q2 & vol_surge5 q1,0.00019345582763417464,-0.5828800921126049,2.1946903843558214,rejected,0.0,0.028185814960601012
intraday20 q2 & overnight20 q1,-0.00020847521639475459,-1.8590214771340405,0.9112277609881504,rejected,0.0,0.3621753797383043
ind_mom20 q0 & ind_mom60 q0,-0.0001702106009306435,0.2827656415379554,-2.482136773234866,rejected,0.0,0.013059713699121301
gap_today q3 & r20 q0,-0.00016627507850686563,-0.20557119924361006,-2.558010976492808,rejected,0.0,0.010527276930860164
days_since_earn q1 & r120 q2,0.0003345228927171857,0.25210845501343165,2.5099026468959638,rejected,0.0,0.012076445005978662
log_dv q3 & r20 q0,-0.00016658283663029474,-0.6682533926301418,-2.0898926619784968,rejected,0.05854023161906573,0.036627442910517
days_to_earn q2 & intraday20 q0,-0.00022587234570921064,-0.34353555254493273,-2.4132829986979183,rejected,0.01515262809484373,0.015809538918649883
days_to_earn q2 & dist_52wh q1,-2.7322955765797625e-05,1.0840818083979806,-1.665785473255897,rejected,0.0,0.09575615052471645
intraday20 q1 & r60 q4,6.962616129977268e-05,1.3672355737930524,-1.3792671769606413,rejected,0.0,0.16781239264231393
days_since_earn q1 & dist_52wh q2,0.00025906172396176764,0.5539055786852674,2.179401573715386,rejected,0.020450159506453243,0.029301849335858027
intraday20 q0 & overnight20 q1,-2.5854545519540544e-05,0.5504013944743762,-2.182289017157628,rejected,0.0,0.029088209066046155
dist_ma50 q2 & r20 q2,0.0004081301044764832,0.7490496410107146,1.9767064773295042,rejected,0.07812816187179003,0.04807481822221552
overnight20 q1 & r1 q2,0.000363553572058613,0.6768340961685122,2.044851168440357,rejected,0.06504473124065069,0.04086953337153774
dist_ma50 q3 & log_dv q3,0.00016233613316224554,1.2645428841141293,-1.4566346379203627,rejected,0.0,0.14521726097295334
close_loc q1 & intraday20 q0,-0.00022289188900011288,-0.833480717519791,-1.871054762022607,rejected,0.09264834810346245,0.061337491001187655
ear q4 & ev_agreement q2,-0.00048156300714005814,-1.2396244160084606,-1.4570709466230265,rejected,0.015344310067412508,0.1450967972499697
ind_mom60 q1 & mom_12_1 q3,0.00024455350012532543,0.2166304619547093,2.4773264222701576,rejected,0.0,0.013237077773856581
ind_mom60 q0 & range_compress q0,-0.00013485436890203303,0.0035122320930416123,-2.678604106641566,rejected,0.0,0.007392974607958969
ins_buyers30 q2 & r60 q3,0.0005585418346051818,1.4320705637255915,1.2455505467131147,rejected,0.023705080734466935,0.21292944751118226
atr_pct q0 & ind_mom60 q1,0.0003007003622098236,0.47942896545311986,2.1898371610576697,rejected,0.0020710412022422815,0.028536048616064246
days_to_earn q3 & ind_mom20 q3,-0.00021394713767612804,-1.7314352393868895,0.9370378145855812,rejected,0.0,0.3487391068636162
ind_mom20 q3 & ind_mom60 q3,-0.00011668398091186858,-1.2814619122053836,1.3851376560053457,rejected,0.0,0.16601037953274017
dist_52wh q1 & intraday20 q0,-0.00012687808186901062,0.4268476394727222,-2.2320948533333227,rejected,0.0,0.025608694523607842
ind_mom60 q1 & overnight20 q1,0.00023249484806322913,0.03140598349961716,2.627469543423676,rejected,0.0,0.00860225421286202
max20 q0 & rel_ind20 q3,0.0003304649601102496,0.7190207846007581,1.9395375692812469,rejected,0.07709954173450069,0.05243591445661257
range_compress q3 & vol_ratio q4,-6.328519579964165e-06,-0.7946701449569572,1.8615387441583744,rejected,0.0,0.06266813455543661
ind_mom20 q3 & r20 q3,0.00027628218246270313,0.7216514801260167,1.9323016136715263,rejected,0.08044726547610234,0.05332228937672284
dist_ma50 q1 & rel_ind20 q1,0.00014739109642110322,-0.3645325722970821,2.2863219045410084,rejected,0.0,0.0222354333335291
days_to_earn q0 & log_dv q3,-0.0002777722384489666,-0.8464725077365531,-1.8008829617158264,rejected,0.08592072580964061,0.07172132904301586
ind_mom60 q1 & vol_surge5 q1,6.570196494481086e-05,-0.736108194741983,1.9041015633099758,rejected,0.0,0.056896958160002314
dist_ma50 q0 & r20 q0,-7.774706505466157e-05,0.5865035563660634,-2.052866051085031,rejected,0.0,0.04008557036933757
days_to_earn q2 & r20 q2,-8.238492655932273e-05,-1.1674143643141404,1.4700254052080401,rejected,0.0,0.14155487346379803
ind_mom60 q1 & vol20 q0,0.00031830899850306,0.5717920886766842,2.0630441250718294,rejected,0.053882261991287136,0.03910843605817212
dist_52wh q1 & ear_volsurge q2,-0.00025101842661921797,0.13534495881703285,-2.4950984756154444,rejected,0.0,0.012592217846156608
ins_officer30 q2 & log_dv q3,-0.00043978916275109244,-0.7585950955412657,-1.856400126611231,rejected,0.09052780289966539,0.06339654670752085
intraday20 q0 & max20 q3,-4.5364047906771935e-05,0.4322817223450436,-2.181492246014828,rejected,0.0,0.029147027356694298
mom_12_1 q0 & vol_surge5 q1,-0.00011706428392427586,-1.4491849726228998,1.1593443421260774,rejected,0.0,0.24631585399134998
ind_mom20 q0 & intraday20 q2,-0.0003732209974332085,-2.448556585502214,-0.1599441617330597,rejected,0.0156527625440481,0.8729250602670248
r20 q3 & range_compress q3,0.0002792862157121962,0.4198064169071766,2.188608287994546,rejected,0.00178141548817114,0.028625322914657983
ear_volsurge q2 & vol20 q0,0.0004787749113008795,1.510617405794228,1.0977496111310037,rejected,0.02679300358653224,0.2723138398778936
ind_mom60 q1 & max20 q0,0.0003156223916134994,0.14762965833217406,2.4591014340046278,rejected,0.0,0.013928525831547
dist_ma200 q2 & vol_surge1 q3,-0.00023156488852574486,-1.9631352875001116,0.6432079371894376,rejected,0.0,0.5200891837503407
gap_today q3 & ind_mom60 q0,-5.2698039994675624e-05,0.5205235063900978,-2.0856758750454647,rejected,0.0,0.037007993181463875
ind_mom20 q3 & range_compress q0,-0.00026928402280348724,-2.3861146403166322,0.21616378912322293,rejected,0.0,0.8288600783423574
ind_mom20 q3 & r20 q2,-2.6745161823465095e-05,-0.981922021845113,1.6163946451236708,rejected,0.0,0.10600901539190673
gap_today q0 & news5 q1,-9.429837400160625e-05,-1.9901014603298643,0.6076130897575407,rejected,0.0,0.5434441171431648
overnight20 q1 & vol_surge5 q1,0.0003840218747280745,1.4668316379288746,1.1299809834423737,rejected,0.01881828506489833,0.25848423759400185
dist_52wh q2 & r120 q2,-0.00010338165635839322,-1.1774192268552477,1.4190386577414174,rejected,0.0,0.15588774602474217
ear_volsurge q2 & vol_surge5 q1,-7.254916934090336e-05,-1.3113253585653488,1.2844175772158721,rejected,0.0,0.19899588599563778
ear q0 & ind_mom60 q0,9.112467351001073e-05,1.2956623893970496,-1.2962639308375201,rejected,0.0,0.1948845706452981
days_since_earn q0 & r20 q2,0.00022870038974847392,0.4438256384244818,2.141263011433292,rejected,0.036467086647265855,0.03225283418224438
log_dv q3 & news5 q1,-0.0002602244449921418,-1.736483042327213,-0.8462560190701971,rejected,0.012083012442460217,0.3974099372419298
mom_12_1 q3 & r5 q0,0.0003718284779954352,2.119124545236017,0.4574825017941549,rejected,0.030973848381983204,0.6473242766258335
earn_in_week q2 & ins_buyers30 q2,0.000183426600297943,0.47792268969914425,2.0952207635994045,rejected,0.057080078549504955,0.036151372325589064
days_since_earn q3 & range_compress q3,-0.00013920986100664782,-1.211723206798155,1.3587246464914289,rejected,0.0,0.17423385907543437
ind_mom20 q3 & mom_12_1 q3,0.0003576234886673584,0.7108541335488455,1.8579806000467671,rejected,0.08494372722851184,0.06317176930208943
r120 q2 & vol20 q0,0.00034247262993041845,0.5877492847433288,1.9780396602876662,rejected,0.06831274790022004,0.04792423268144556
gap_today q3 & rel_ind60 q0,-0.0003032961935321532,-1.5289453813684246,-1.030954664967788,rejected,0.02304202284852748,0.3025620798888994
days_to_earn q3 & r20 q3,0.0003351926356324666,1.0691926349975749,1.487318286200083,rejected,0.02722550203070913,0.13693076711493407
ear q4 & r5 q0,-0.000128361644907286,-0.0805544096807557,-2.4659720452802194,rejected,0.0,0.01366419978404645
dist_ma50 q2 & intraday20 q3,0.00042786468753028864,1.708872717613286,0.8330065645513219,rejected,0.010270600807991201,0.40484102701155866
ear q4 & ins_officer30 q2,-0.00041212437297486994,-0.8040261324909719,-1.7326945552326987,rejected,0.07187172901512635,0.08314997278696247
news5 q1 & r5 q0,-6.277702885276761e-05,0.6181891802239363,-1.9143276156350895,rejected,0.0,0.05557830799435281
days_to_earn q2 & ind_mom60 q0,-0.00022475139896940979,-0.5124675126349767,-2.0182689092291644,rejected,0.05150801377045709,0.04356326287446795
days_since_earn q3 & r20 q2,-0.00010221600827056738,-1.2867602394251443,1.2403118351892979,rejected,0.0,0.21486007654369907
news5 q1 & r20 q3,0.0003233968051907745,1.4232185943455473,1.1016541075109847,rejected,0.02551998307562126,0.27061207564393774
dist_ma200 q3 & vol_surge5 q1,0.00036709304169301805,1.4012316985947746,1.1229068833443887,rejected,0.02067817717235006,0.26147704381067355
days_since_earn q0 & ear q4,8.78844667693304e-05,-0.40191467203365,2.1203178913248184,rejected,0.0,0.033979245847992855
ins_opportunistic30 q2 & r120 q2,0.0004160695335732231,0.5666178631239721,1.9550722404467142,rejected,0.0686617708267704,0.050574544225214534
min20 q1 & r5_news q2,-0.00045439227145895413,-1.2581010775706103,-1.2634099143184807,rejected,0.030564886481530665,0.20644190297233161
range_compress q3 & rel_ind20 q3,0.0003138938363917773,0.40275862939117646,2.118516471327318,rejected,0.038287075556675286,0.034131351452429085
dist_ma50 q0 & log_dv q1,0.00029170950344918124,2.003506523873985,0.5176380054874443,rejected,0.023445481240135107,0.6047108597893447
days_since_earn q3 & ins_buyers30 q2,-0.0005081167940496631,-1.293047962482491,-1.2242469157000893,rejected,0.021827187461678645,0.22085909565490333
days_since_earn q3 & ins_value30 q2,-0.0005081167940496631,-1.293047962482491,-1.2242469157000893,rejected,0.021827187461678645,0.22085909565490333
ind_mom60 q1 & intraday20 q3,0.0003389038715489904,1.0040314927570715,1.5087041740564193,rejected,0.042744509880035066,0.13137439838241793
days_since_earn q3 & vol_ratio q2,-0.000418214754538551,-1.8265085985550034,-0.6832541531975797,rejected,0.003071088179202148,0.49444625895515837
dist_52wh q3 & r20 q3,0.0003366145983248306,0.8529601187397805,1.6551591600994224,rejected,0.06532362222133349,0.09789221702946665
days_since_earn q1 & r5 q0,0.0001596195870463458,1.1286418838656853,1.368638936319518,rejected,0.006000365322679166,0.17111216668602267
log_dv q3 & mom_12_1 q0,-0.00015870212787536637,-0.34792264969275627,-2.1479297343212154,rejected,0.028922909873250236,0.03171933784321527
gap_today q0 & ind_mom20 q0,-0.000228691757119977,-1.2011750755219972,-1.293566623728873,rejected,0.028235096017916947,0.19581515734950772
atr_pct q0 & range_compress q3,0.0003771109976744037,1.0208569439492214,1.4688229027628663,rejected,0.020087253358405808,0.14188083033654447
ear q4 & overnight20 q1,-0.00023365457422435437,-0.9201993751188906,-1.5691902653136256,rejected,0.06170944734249786,0.11660361182122111
days_to_earn q2 & r120 q0,-0.00020484092441346754,-0.6461481034157713,-1.8416017368570512,rejected,0.093366825827431,0.06553342681049999
gap_today q3 & ins_officer30 q2,-0.00044454450502317693,-0.8016627740697804,-1.6809379201574874,rejected,0.06439839739072116,0.09277497344806752
ind_mom20 q3 & vol_surge5 q3,0.00035010042634729216,1.8488645140184374,0.6323136116739859,rejected,0.0014025526240008536,0.5271819708739311
days_since_earn q0 & rel_ind60 q3,0.0004644097616744732,2.1932566825036224,0.287673000224827,rejected,0.0112298041217377,0.7735970594435742
overnight20 q1 & r120 q2,0.0002389550508989134,0.21001555964299873,2.270428235494743,rejected,0.0031678491804761344,0.023181612943852535
intraday20 q0 & range_compress q0,-0.0001480804370211858,-0.44989236500339796,-2.0302754639946725,rejected,0.0512674429601548,0.04232854680315221
intraday20 q2 & vol_surge5 q1,0.0001964108648653727,-0.0392036118317387,2.4404498447780796,rejected,0.0,0.014668982735602574
ind_mom60 q1 & rel_ind20 q3,0.00028472560551488465,0.9372256373132638,1.5420380386111494,rejected,0.05880365857869975,0.12306435029443301
ins_officer30 q2 & mom_12_1 q0,-0.00039897054126387515,-1.1807641026455646,-1.298283358137814,rejected,0.024264750104652223,0.1941899828672074
gap_today q4 & ind_mom60 q0,-0.00026033255562863913,-1.6618175270563684,-0.8171927647400716,rejected,0.01325582543483462,0.41381827663616055
log_dv q1 & r20 q0,0.00019220943206943613,1.7704956605598716,-0.7077592183526233,rejected,0.0,0.479094795753383
ind_mom60 q0 & log_dv q3,-0.00016507462905738818,-0.3026320669996969,-2.175474385788463,rejected,0.027117403795293638,0.0295945855417274
ear q2 & ind_mom60 q4,-7.851968861628164e-05,0.4764250228493811,-2.001662906313788,rejected,0.0,0.045320998407792856
dist_ma50 q0 & rel_ind20 q0,-1.2466021516789434e-05,0.93874551702266,-1.5357260621450703,rejected,0.0,0.12460558028245043
ins_officer30 q2 & intraday20 q2,-3.601405114505047e-05,-0.848620722047212,1.6223222953596474,rejected,0.0,0.10473435730036539
gap_today q0 & rel_ind20 q3,6.268770262539232e-05,-0.5031827245657565,1.9675860580177258,rejected,0.0,0.04911568519257343
max20 q0 & vol_surge5 q1,-7.244418947749978e-05,-1.0667254792660255,1.396035959802294,rejected,0.0,0.16270366669604946
r20 q2 & range_compress q3,0.00025595228684432725,0.043027566837331,2.415577681238834,rejected,0.008984243246301043,0.015710270988449345
dist_52wh q2 & rel_ind20 q3,0.0003011623903678749,0.6249621591841381,1.8333174883396026,rejected,0.09174009038228896,0.06675537012368038
min20 q3 & range_compress q3,0.00030457672720332445,0.5302850628933299,1.9279155934473262,rejected,0.07310304249533066,0.05386562583747915
close_loc q1 & r20 q0,-0.0001623336863358003,-0.3445980770236061,-2.110879683129072,rejected,0.044120156032983526,0.03478265480052739
gap_today q4 & rel_ind20 q3,0.0002177757251003951,1.74135684856542,-0.7127434226563495,rejected,0.0,0.4760045412908727
dist_ma50 q4 & r1 q3,-0.00012171528846230177,-1.3240307870673491,1.1293185394484546,rejected,0.0,0.2587634828298962
days_to_earn q3 & dist_52wh q1,0.00028013564381162455,1.9594400433686907,-0.49383732669228897,rejected,0.0,0.621421069441298
vol20 q0 & vol_surge1 q4,0.0002952690438028747,0.8798331978086139,1.571332633697845,rejected,0.05983917222190508,0.11610540483014203
days_since_earn q1 & ind_mom20 q3,-0.0002588465654280462,-1.7928384493535987,0.6519883541545379,rejected,0.0,0.5144086852107338
days_since_earn q0 & ind_mom60 q0,0.00038314394393621865,2.407596116269189,0.036650911385804834,rejected,0.0017400772276101265,0.9707633493590921
ind_mom20 q0 & log_dv q3,-0.00013150459462422403,-0.004113672890646733,-2.43819286050653,rejected,0.009881952760511034,0.01476089644314311
atr_pct q0 & r20 q2,0.0003846313832074047,1.2594236454239878,1.1743771677240513,rejected,0.022170839789927357,0.24024398645489667
ins_opportunistic30 q2 & log_dv q3,-0.00041755237131929293,-0.8283865679362565,-1.603625527163193,rejected,0.06476363448548209,0.10879662043998267
ind_mom60 q1 & r1 q0,0.00021765251743537125,1.4166202539323678,1.011198453365572,rejected,0.01248047613955346,0.3119214559066752
ind_mom20 q3 & overnight20 q0,0.00024222591354858362,1.2595744003805422,1.1682043770555028,rejected,0.026557899054094183,0.24272433534831334
ind_mom20 q3 & intraday20 q2,0.0002246081911133493,0.22746632484960616,2.198944728075705,rejected,0.0,0.02788185267390902
r5_nonews q4 & vol_surge1 q2,-9.507304390263439e-05,-1.2119919554808263,1.2129496840532688,rejected,0.0,0.22514905830584403
ins_buyers30 q2 & intraday20 q2,-2.6503482595680998e-05,-0.8006819293724848,1.6223487780734451,rejected,0.0,0.10472868999046274
ins_value30 q2 & intraday20 q2,-2.6503482595680998e-05,-0.8006819293724848,1.6223487780734451,rejected,0.0,0.10472868999046274
dist_ma50 q2 & ins_buyers30 q2,0.0004190042559558931,0.7054318919147426,1.7167513079970131,rejected,0.05826439395140975,0.08602462108105191
dist_ma50 q2 & ins_value30 q2,0.0004190042559558931,0.7054318919147426,1.7167513079970131,rejected,0.05826439395140975,0.08602462108105191
intraday20 q2 & r20 q3,0.00023789475630351178,0.5065577054613476,1.915536950008565,rejected,0.06376473661447452,0.05542406158743322
intraday20 q0 & r20 q0,-0.0001060544952226353,0.36996914682811066,-2.0518839590278395,rejected,0.0,0.0401809411495362
days_since_earn q4 & intraday20 q0,-0.00016126995402749274,-0.06798341785589483,-2.351527781867819,rejected,0.006382578485748776,0.018696493382301244
range_compress q3 & vol20 q0,0.00038350040966670323,0.8435685022991918,1.57107174889492,rejected,0.06058522397594622,0.11616598389871602
gap_today q4 & ind_mom60 q1,-0.0002251281983997533,-1.6192206996364782,-0.7949611690525494,rejected,0.017429554148933477,0.42663609038502404
days_since_earn q4 & gap_today q3,-0.0002339249861133714,-0.5014188987070765,-1.9113450641232375,rejected,0.07308846818647484,0.05596025146937131
days_since_earn q1 & mom_12_1 q3,0.0003887302916579948,1.2316733794593946,1.180649940843912,rejected,0.0200832148610856,0.23774181550114246
dist_ma50 q0 & mom_12_1 q0,-0.00014837563732609513,-0.33052631297687973,-2.079645605440508,rejected,0.05954009890642172,0.03755805068467044
ins_buyers30 q2 & r120 q2,0.000389405305641695,0.47586193224595785,1.9271097018996841,rejected,0.07503294604083123,0.053965959915134074
ins_value30 q2 & r120 q2,0.000389405305641695,0.47586193224595785,1.9271097018996841,rejected,0.07503294604083123,0.053965959915134074
log_dv q0 & news5 q2,0.0003900627366088227,0.9329258006557534,1.4689829355055233,rejected,0.018122762426581934,0.1418374177595522
ind_mom60 q0 & ins_buyers30 q2,-0.00016100332996979902,0.35240419059476497,-2.046035955039521,rejected,0.0,0.04075283330567145
ind_mom60 q0 & ins_value30 q2,-0.00016100332996979902,0.35240419059476497,-2.046035955039521,rejected,0.0,0.04075283330567145
ear_volsurge q2 & mom_12_1 q3,0.00046144758272420166,1.520886521418561,0.8743723776244325,rejected,0.018275770024360826,0.38191549507799427
days_to_earn q1 & mom_12_1 q3,-9.792834383021494e-05,-1.1761910926399146,1.2113371334758973,rejected,0.0,0.2257662226141979
gap_today q0 & intraday20 q0,4.991334495795291e-05,1.0506073239634675,-1.3361695457803602,rejected,0.0,0.18149386273453624
gap_today q0 & intraday20 q3,-0.00010950901447207001,-1.142634834730546,1.2430993747031553,rejected,0.0,0.2138312161969822
days_to_earn q1 & r20 q2,-0.00010926224278394744,-1.364875704290614,1.0200308947871997,rejected,0.0,0.30771380869394427
close_loc q4 & ins_officer30 q2,1.753820411323064e-05,-0.8688461519456575,1.5135850249714762,rejected,0.0,0.13013112155900952
max20 q0 & mom_12_1 q3,0.00031987730878773923,0.727182322842931,1.6511777623487152,rejected,0.06161997588904162,0.09870228247521297
ins_officer30 q2 & r120 q2,0.0003707376664746069,0.4204942901724746,1.9569023631079527,rejected,0.06164638100404133,0.05035894868551811
gap_today q0 & ind_mom20 q3,0.0001905675690469171,0.18776891905623908,2.1873168941996552,rejected,0.0046080569464126316,0.028719398272073128
mom_12_1 q3 & range_compress q0,0.00025732663228161465,1.80783064188434,0.5661107259127017,rejected,0.014217262564733506,0.5713185123569282
ind_mom20 q0 & mom_12_1 q3,0.00033223237573893575,2.246686869361827,0.12663364002590696,rejected,0.008238321769189915,0.8992303703780978
dist_ma50 q2 & news5 q1,0.00029407751996749843,2.183201355464127,0.18772484931261604,rejected,0.021502824126478456,0.8510923496374599
ear_volsurge q4 & vol_surge5 q3,0.00028435896131379855,2.191148586920786,0.17711800629764823,rejected,0.02024187842195543,0.8594156985490907
days_since_earn q1 & overnight20 q1,0.0003463501815116591,1.038356163856245,1.3233329498081718,rejected,0.027662347095382258,0.18572467873863913
ind_mom60 q3 & vol_surge5 q1,-3.5331126781973386e-05,-0.9275882506672217,1.4280263030147653,rejected,0.0,0.15328428785233725
r120 q2 & r20 q2,0.0003234291407867071,0.5169145818881403,1.8345191982131706,rejected,0.08546927699308339,0.06657696066096441
overnight20 q1 & rel_ind20 q0,-0.00019233293364799832,-0.4384518237293907,-1.910223687037123,rejected,0.07257812187301968,0.056104418573407366
atr_pct q0 & skew60 q4,0.0003568280808287638,1.2064612783022688,1.1361629644876319,rejected,0.0206002089467967,0.25588836731546794
close_loc q1 & days_since_earn q3,-0.000345338520493422,-1.4281994063533408,-0.9137957179399719,rejected,0.017059624109009238,0.3608241968985472
r20 q2 & vol_surge5 q1,-2.0278013668397775e-05,-0.7761162486287267,1.551383612774814,rejected,0.0,0.12080977998475269
r20 q2 & vol20 q0,0.0003389913819033514,0.8895307389075341,1.4362978716784,rejected,0.010185661506748385,0.15091759941594934
overnight20 q4 & vol_surge5 q3,3.3799694646838185e-05,0.9230351015150752,-1.4012336351025656,rejected,0.0,0.16114421927170286
ind_mom60 q3 & news5 q2,0.00033272753517500013,0.46898573534656235,1.8541768976209692,rejected,0.07904255530287843,0.0637138561119051
dist_ma50 q2 & ins_officer30 q2,0.0003849650611924505,0.5654856204631918,1.7555246153220927,rejected,0.0630904142551913,0.07916961401071834
ind_mom20 q0 & vol_surge5 q3,-0.00022201574736109282,-0.5181893095766346,-1.7998208901248376,rejected,0.0745103723184419,0.07188892429113233
ind_mom20 q3 & rel_ind20 q3,0.00029190458620768575,0.9590343328872125,1.3574807841930512,rejected,0.013262607225871276,0.1746284950606668
days_since_earn q1 & vol20 q0,0.00032115959925676715,0.9162053430068405,1.3950935940284004,rejected,0.007488968852896546,0.1629876176861919
days_since_earn q3 & ind_mom60 q1,-0.00015463534467882885,-1.448714195112078,0.8623819777671374,rejected,0.0,0.3884773546263355
days_since_earn q1 & log_dv q1,0.00021048616360640063,0.4332661522798092,1.8764015550815316,rejected,0.08420367263028508,0.06060016121435174
dist_52wh q3 & dist_ma50 q2,0.0003500822924938491,0.6557721281529251,1.6535979056052106,rejected,0.05853135001240428,0.09820923853070264
mom_12_1 q0 & rel_ind20 q3,-0.00015871006606264743,-0.13168362200402806,-2.176928073591136,rejected,0.018700456997709246,0.029485934423452164
days_to_earn q1 & vol20 q0,0.00018201730177307506,-0.3301053181580575,1.9781054658566757,rejected,0.0,0.04791681009491364
mom_12_1 q0 & r120 q1,-0.00019362623819839874,-1.6624904290229177,0.6433478203922881,rejected,0.0,0.5199984333176324
ins_officer30 q2 & log_dv q1,0.0004080274214251232,0.7902853632784858,1.512181854126396,rejected,0.04017776577889977,0.1304876059469156
dist_52wh q2 & vol_surge5 q1,0.0003498794436826889,1.213103188012517,1.0892230363997168,rejected,0.024947092514307233,0.27605554265348475
dist_ma50 q0 & ins_officer30 q2,-3.7221562420195514e-05,0.8067112491344719,-1.4881234189746986,rejected,0.0,0.13671834843897565
ind_mom60 q1 & range_compress q3,0.0002490665264866595,0.1455229014802073,2.149083064276118,rejected,0.020015356851622836,0.031627816003980576
dist_ma50 q2 & ins_opportunistic30 q2,0.0003755954727461138,0.5229423488952291,1.7708469301968546,rejected,0.06944187723690987,0.07658615941025806
ind_mom20 q3 & range_compress q3,0.0002946212208081268,0.01502128936854217,2.2787021890175514,rejected,0.0,0.022684774540205125
days_since_earn q3 & ind_mom60 q0,-3.40608553791088e-05,0.6717805884645526,-1.6204959448914538,rejected,0.0,0.10512578470962383
days_to_earn q1 & r20 q0,-0.00016374172309659556,-0.9424107978607448,-1.348393871699547,rejected,0.01918868187066275,0.1775317339977182
ind_mom60 q3 & intraday20 q3,0.00011852373972804678,1.2795596830216787,1.0111233276724578,rejected,0.013242159824969414,0.3119574065900514
close_loc q4 & ev_shelf q2,4.705552321936319e-05,-0.7148504899178556,1.5677639659516245,rejected,0.0,0.11693622728197559
days_since_earn q3 & dist_ma50 q2,0.0002224907533486736,0.10587727142344064,2.1700248157916264,rejected,0.02611220248142058,0.030004966059969555
intraday20 q3 & overnight20 q0,3.387415871611045e-05,-0.9455993833032229,1.3289670678027117,rejected,0.0,0.18385883503201772
frog q1 & rel_ind60 q1,-0.0004121035889600981,-2.206292867447474,-0.061892922434521165,rejected,0.002600293567562483,0.9506481037727703
gap_today q0 & ins_buyers30 q2,0.00035589448184237664,0.6094723924432603,1.6575562752569095,rejected,0.06146791804948199,0.09740706131704063
frog q4 & skew60 q3,-5.693711481757191e-06,-0.9891692659638718,1.2773966032276682,rejected,0.0,0.20146226338387177
intraday20 q2 & news5 q1,0.0002927734204861634,1.6296636221625735,0.618366118522923,rejected,0.004406083354780367,0.536334026638226
gap_today q0 & ins_officer30 q2,0.00035992845191639344,0.6391951352867592,1.60698316110927,rejected,0.05437471878745128,0.1080580620299308
close_loc q2 & gap_today q0,0.0002488464554338629,1.6907243523636593,0.5545028658374763,rejected,0.013459798940856096,0.5792347449047619
days_since_earn q3 & r5 q0,-0.00018760496174463127,-1.0153197034762698,-1.2272458295737807,rejected,0.022028384453268924,0.2197302089483568
days_since_earn q1 & dist_52wh q1,0.0002528538317519543,1.680905731798639,-0.5595196097676806,rejected,0.0,0.5758071518953332
dist_ma50 q2 & mom_12_1 q3,0.0001385879715127004,-0.331210118962275,1.9086403181836398,rejected,0.0,0.0563085070644363
dist_ma50 q2 & gap_today q0,0.0002357184114653041,0.5711434745816483,1.6670870148276342,rejected,0.05663589639648471,0.09549710377133794
atr_pct q0 & vol20 q0,0.00038961076595417674,1.028859896872904,1.20658526249841,rejected,0.017884735732428398,0.22759190517495592
overnight20 q1 & r20 q3,0.0003436041567514323,1.3701748773653861,0.8637370991426686,rejected,0.010517884849328722,0.3877323286765386
close_loc q1 & dist_52wh q1,-7.388301029259514e-05,0.5400550671825276,-1.6926502491096338,rejected,0.0,0.09052206033429311
ins_officer30 q2 & intraday20 q0,-0.00017876983324127362,0.1310075734937161,-2.09915956232214,rejected,0.0,0.035802837338923525
max20 q1 & r20 q0,-0.00021887583787008353,-0.38630879448613104,-1.8428230923229607,rejected,0.07716702273207414,0.06535484406312801
ind_mom60 q1 & log_dv q1,0.000217518925873761,0.21883926896109243,2.002973838536965,rejected,0.04631381573729308,0.045180096604893125
gap_today q3 & ins_buyers30 q2,-0.00037390556976319046,-0.557903317841027,-1.6612770893126778,rejected,0.05730733826506129,0.09665780918499974
gap_today q3 & ins_value30 q2,-0.00037390556976319046,-0.557903317841027,-1.6612770893126778,rejected,0.05730733826506129,0.09665780918499974
dist_ma200 q1 & vol_surge5 q3,8.149800121392323e-05,1.0895316090686293,-1.1276357318960353,rejected,0.0,0.2594737897769941
atr_pct q0 & vol_surge5 q1,8.314559367849717e-05,-0.5406209544804288,1.6750432475845698,rejected,0.0,0.09392574664950702
atr_pct q1 & dist_ma200 q0,-0.00020789728891448854,-1.2086375101421638,-1.005885111349594,rejected,0.011772004870124586,0.3144708390439928
days_to_earn q2 & r20 q0,-0.0001429916777979165,-0.141266386590763,-2.07293597331438,rejected,0.04980146872935081,0.03817823861204837
gap_today q0 & r120 q2,0.00024675535353900485,0.5322892975872183,1.6808206647415616,rejected,0.05886837419398384,0.09279775350934615
ins_opportunistic30 q2 & intraday20 q0,-0.00019263085303625164,0.048537861046050096,-2.1644073945240403,rejected,0.0,0.03043309682433403
ins_buyers30 q2 & log_dv q1,0.0003957946599392666,0.8120147027385304,1.3961478316965188,rejected,0.0045955789809004255,0.16266998256720508
ins_value30 q2 & log_dv q1,0.0003957946599392666,0.8120147027385304,1.3961478316965188,rejected,0.0045955789809004255,0.16266998256720508
dist_ma200 q3 & news5 q1,0.00029192081278140244,0.8389519807263118,1.3691599519437128,rejected,0.0029323201786928027,0.17094928145586727
dist_ma50 q1 & vol_surge1 q0,-3.7605085249463674e-05,-0.8674031439990759,1.3390588194467958,rejected,0.0,0.1805515252312727
overnight20 q0 & r20 q0,-0.00016169688446219559,0.08372627680322323,-2.1186604149494586,rejected,0.0,0.034119175999563
dist_ma200 q3 & mom_12_1 q3,0.000404686131330709,1.553299472896916,0.6473988198196364,rejected,0.004042626141201466,0.5173738595461661
intraday20 q3 & r5 q0,1.3814273669974974e-05,-1.0595254703667467,1.137734928504019,rejected,0.0,0.2552311837976774
mom_12_1 q3 & vol_ratio q0,0.0002564335828728875,1.1454820348576793,1.051038854866873,rejected,0.02267663308309309,0.29324074487956514
ind_mom60 q1 & r20 q3,0.00026538942660677767,0.8813024181097805,1.3123908143012837,rejected,0.020581174443285825,0.1893883046106149
dist_52wh q1 & gap_today q3,-0.0003015660366806798,-1.3278988002927181,-0.8632509807903076,rejected,0.012357449233993829,0.387999489225311
ear q4 & ins_buyers30 q2,-0.00036541243209560595,-0.805650518112476,-1.3793315262834822,rejected,0.00493611128700023,0.16779256054487887
ear q4 & ins_value30 q2,-0.00036541243209560595,-0.805650518112476,-1.3793315262834822,rejected,0.00493611128700023,0.16779256054487887
gap_today q3 & range_compress q0,-0.0001844167008751111,-1.0832199430755116,-1.1004217840597064,rejected,0.02486792642097592,0.27114839137225283
days_since_earn q3 & intraday20 q2,-0.00024162853822815917,-1.6075456051294894,0.5738238070337021,rejected,0.0,0.5660870368304345
intraday20 q0 & r1 q2,2.32235878495192e-06,0.7641859779147024,-1.417177917684569,rejected,0.0,0.15643091627271494
ear_volsurge q4 & range_compress q2,0.0001906642712583321,0.600036614417144,1.573545321657574,rejected,0.05397194306937955,0.11559260267652384
ear q0 & frog q2,0.00012386839352521105,0.9556193205912273,1.2176618412239086,rejected,0.019601355886719227,0.2233525034867739
ins_buyers30 q2 & r5 q3,-0.00015073099383566252,-1.3581567092354354,0.8135628142307695,rejected,0.0,0.41589544791895905
gap_today q3 & intraday20 q0,-0.00014715598349506162,-0.027714527206535246,-2.142253807067498,rejected,0.02804509166131105,0.032173063779434144
overnight20 q1 & range_compress q3,7.015602278636795e-05,-0.5728749670926111,1.5969313742662588,rejected,0.0,0.11028100529186735
ins_officer30 q2 & r20 q0,-7.583129648990569e-05,0.44436391598504615,-1.7158207745174734,rejected,0.0,0.08619485064213382
gap_today q4 & news5 q1,-0.0001507659515514041,-0.37204231877238975,-1.787098584327096,rejected,0.06926007535584824,0.07392155627224416
dist_ma50 q4 & vol_surge5 q1,-9.359689480218019e-06,-0.9426114492483013,1.2144835281264021,rejected,0.0,0.22456313610171524
dist_ma50 q0 & frog q0,-7.078257346153606e-05,0.5279703696566199,-1.6266555782734597,rejected,0.0,0.10381026820626912
intraday20 q0 & overnight20 q0,-0.00011217282674500893,-0.027551255464448837,-2.122905667987631,rejected,0.022994548663625606,0.03376175740636379
days_since_earn q3 & overnight20 q1,-0.00027743536598211053,-0.8234222271657471,-1.3252777454572007,rejected,0.024674982476030786,0.18507904742106798
close_loc q4 & days_since_earn q1,0.00028768601197154495,1.2683597350996545,0.8777203987586116,rejected,0.01578885906572475,0.38009547166243085
gap_today q3 & vol20 q0,0.00038651852945839474,1.6620709726022094,0.48400350809410925,rejected,0.023537587323816708,0.6283833794450094
days_since_earn q1 & news5 q1,6.599249862577996e-05,-0.3442452685102844,1.79864859045705,rejected,0.0,0.07207428590315924
gap_today q0 & ind_mom60 q0,5.5924316060263934e-05,0.9802107964668274,-1.1587223856079807,rejected,0.0,0.24656936307803742
days_since_earn q1 & vol_surge5 q1,0.00020828066102683524,0.5281208912566079,1.6100134297822353,rejected,0.051821808786523,0.10739492447846359
gap_today q4 & intraday20 q0,-0.0002005062929295328,-1.3125311585394903,-0.825023568228966,rejected,0.01288532835019446,0.40935821036073056
days_to_earn q1 & r5_nonews q0,-0.00017209825480781258,-0.7965941552108127,-1.340589337664485,rejected,0.022843456310836705,0.18005382094119443
days_since_earn q3 & dist_ma200 q3,0.00010409751992834154,1.0215796757522901,-1.1153971629804509,rejected,0.0,0.2646802647436327
atr_pct q0 & ind_mom20 q3,0.000266295386213961,0.8208982305279117,1.3020279326604787,rejected,0.019745731287892657,0.19290683709426476
ind_mom20 q4 & r5 q4,-0.0002328402945144808,-1.1719129673745872,-0.9505646146316473,rejected,0.012613788595212125,0.34182543863911113
close_loc q3 & ind_mom20 q3,0.0001146972718808989,-0.20926166172327612,1.9125159211627356,rejected,0.0,0.05581005248661432
r120 q2 & r5 q0,0.0002355508647032514,1.0559135865689913,1.0658471683472406,rejected,0.01753685751293858,0.2864927346084552
close_loc q4 & news5 q1,-0.00014639823179824976,-1.3313105417860853,0.788695471949495,rejected,0.0,0.43029001506320436
days_since_earn q3 & min20 q3,0.00010079671236766325,-0.5138893654324742,1.6041216461839352,rejected,0.0,0.10868724139993446
mom_12_1 q2 & r120 q4,-0.00017884022063536937,-1.7504827852668874,0.3672106026100586,rejected,0.0,0.7134619312092072
r20 q2 & r5 q0,-1.5523419207160792e-05,-1.4675830514405963,0.6489762798454243,rejected,0.0,0.5163537081822954
intraday20 q3 & vol_surge5 q3,0.00033456510501466026,1.8908095844176933,-0.22574596752167722,rejected,0.0,0.8213990038652819
ins_opportunistic30 q2 & r20 q2,0.00026715882811491977,-0.1371253562012026,1.9789226492746483,rejected,0.0,0.04782471576638022
ind_mom60 q1 & min20 q3,0.0002596530652465683,0.25834442733251917,1.8569642110737232,rejected,0.06869281322315533,0.06331624600752045
ins_buyers30 q2 & r20 q2,0.00031651437251423755,0.027128123913060374,2.084907394770915,rejected,0.041083997935310895,0.03707770731149396
ins_value30 q2 & r20 q2,0.00031651437251423755,0.027128123913060374,2.084907394770915,rejected,0.041083997935310895,0.03707770731149396
ind_mom60 q3 & r20 q2,0.0001612219495968284,0.6358524200570886,1.4735025277037197,rejected,0.009861051904235899,0.14061558276941838
news5 q1 & overnight20 q0,-0.00014675074114696055,-2.022088284457814,-0.08597889826313845,rejected,0.008534712661485866,0.9314831918452163
r20 q0 & rel_ind20 q0,-2.1527013669489324e-05,0.7378858724443823,-1.3688584437348117,rejected,0.0,0.17104352787209048
days_since_earn q4 & ins_opportunistic30 q2,-0.0003234251259317085,-0.3873627220294055,-1.711621228084991,rejected,0.056898247671159786,0.08696649366822376
gap_today q1 & mom_12_1 q3,0.00025268875570792554,0.4427928843952582,1.6561735875804264,rejected,0.05637352497947518,0.09768667041851617
days_since_earn q1 & dist_52wh q3,0.00022133566795389138,0.2017553620407763,1.8936491862613984,rejected,0.06828510643432681,0.058271590196933544
ins_opportunistic30 q2 & r20 q0,-9.019057009496172e-05,0.359272526414652,-1.7328467156594054,rejected,0.0,0.08312291710560661
log_dv q1 & vol_surge5 q1,0.0001796204698145665,0.040028805414911654,2.0508470229733256,rejected,0.045611298870932876,0.04028184662020973
days_since_earn q3 & mom_12_1 q0,-0.0001791327605745967,-1.6354772741768369,-0.45248904557506486,rejected,0.03494584699783729,0.6509167110865541
intraday20 q3 & mom_12_1 q3,0.0003161881822972854,1.1233881510340482,0.9640142944297382,rejected,0.012155176116259051,0.335038759327003
dist_52wh q2 & gap_today q4,0.00032728215560734166,1.9736695923823901,-0.10989109616125695,rejected,0.0,0.9124957440103247
ins_buyers30 q2 & log_dv q3,-0.00034926193551438673,-0.6160727701270466,-1.4666893506230705,rejected,0.02117511597070651,0.1424605811524751
ins_value30 q2 & log_dv q3,-0.00034926193551438673,-0.6160727701270466,-1.4666893506230705,rejected,0.02117511597070651,0.1424605811524751
days_to_earn q3 & r20 q2,4.067656630550481e-05,1.4543068457934885,0.6280157937816648,rejected,0.002129074329348788,0.529993593697859
atr_pct q0 & r120 q2,0.0002748706523983596,0.18398809162232171,1.8971337920679863,rejected,0.06591997305588124,0.057810282297020045
intraday20 q3 & r20 q3,0.00042116922657552195,1.5651124750564276,0.5096766826115309,rejected,0.022748138102181112,0.6102779913777973
days_to_earn q0 & ev_red_flag q2,6.555188188692988e-05,0.9604762932995681,-1.1123370128352656,rejected,0.0,0.26599327548796237
days_since_earn q0 & range_compress q3,0.0002934231133300442,0.825711841637323,1.2437215546202327,rejected,0.021427429516295282,0.21360206015649544
dist_ma50 q2 & overnight20 q1,0.00027242056339911165,0.32884316120711665,1.7390397024021156,rejected,0.050592018786482354,0.0820277795972612
ear_volsurge q4 & overnight20 q4,0.00017876689636857088,0.2859653207232077,1.7811505981448628,rejected,0.0652315150505786,0.07488785165954327
dist_ma200 q1 & ind_mom60 q1,0.0002560735747997988,0.41226938072817604,1.6523671058600753,rejected,0.0517139057069476,0.09845973695015829
ind_mom20 q3 & ins_opportunistic30 q2,0.00022727213020894762,-0.14082640733695515,1.9237444901032479,rejected,0.0,0.05438661842113826
atr_pct q2 & ev_red_flag q2,-0.00025635200116483673,-1.3145218183680556,0.7457571359833572,rejected,0.0,0.45581413751784
ins_officer30 q2 & range_compress q1,-0.00038474384042461174,-0.7835511912752792,-1.275768347757644,rejected,0.02737692847492795,0.2020374196467566
ins_officer30 q2 & overnight20 q1,0.0003404792661367057,0.4509074233531319,1.6066185377775535,rejected,0.050922318573065395,0.1081380734218934
close_loc q4 & ind_mom60 q1,-0.00021123323794872362,-1.4411687458698867,0.6149540468271815,rejected,0.0,0.538585068503276
days_since_earn q4 & ins_buyers30 q2,-0.0003101787126206233,-0.3809042973948858,-1.6721109305093393,rejected,0.050130238127944766,0.09450244962273799
days_since_earn q4 & ins_value30 q2,-0.0003101787126206233,-0.3809042973948858,-1.6721109305093393,rejected,0.050130238127944766,0.09450244962273799
ins_buyers30 q2 & intraday20 q0,-0.0001482238521007983,0.18510514487445995,-1.8678974806322632,rejected,0.0,0.061776362131125015
ins_value30 q2 & intraday20 q0,-0.0001482238521007983,0.18510514487445995,-1.8678974806322632,rejected,0.0,0.061776362131125015
ind_mom20 q3 & r5 q0,0.0001589552744022676,0.46523739416692167,1.5861834322826012,rejected,0.05834376875043652,0.11269770495831652
news5 q1 & vol20 q0,0.0002546676750314517,1.1489406627385765,0.9019982413589889,rejected,0.017513335767746628,0.36705780194758036
dist_52wh q2 & dist_ma50 q1,0.00026502352519336815,-0.10290404828684671,1.944025283453883,rejected,0.0,0.051892402244072315
days_since_earn q4 & ins_officer30 q2,-0.0003174631966491817,-0.4013989426765968,-1.6425048405038243,rejected,0.053654478340050604,0.10048542383470943
ind_mom60 q0 & vol_surge5 q1,0.00015424813565981287,1.464593873197719,-0.575076304303436,rejected,0.0,0.5652396927694934
dist_52wh q1 & mom_12_1 q3,-0.00013362223168265897,0.09317497009243364,-1.9455821171737788,rejected,0.0,0.051704956847840544
mom_12_1 q0 & range_compress q3,2.8787167921386778e-05,-0.6806981169644035,1.3493875677622453,rejected,0.0,0.17721251193494533
ind_mom20 q3 & mom_12_1 q0,1.0186574475070735e-05,-0.7381232257364789,1.291505882834436,rejected,0.0,0.19652831652113611
ind_mom60 q0 & intraday20 q2,-0.0002949624812034466,-1.6367473695962491,-0.3920473417327987,rejected,0.026438214456411216,0.695023234393186
mom_12_1 q3 & r20 q0,0.00017656805439104505,1.497095040896317,-0.5297785608862338,rejected,0.0,0.5962654713842616
dist_ma50 q2 & ind_mom20 q3,0.0001236540071395469,-0.2311069312178112,1.7949713665627829,rejected,0.0,0.07265826210015221
dist_52wh q3 & r60 q2,0.0002950948658318625,0.350264769884434,1.674543462968386,rejected,0.04810421087691595,0.09402383999326656
close_loc q3 & ear q3,0.0002807345782951403,1.5468328286274304,0.47579425912880735,rejected,0.025193605099218395,0.634220960207704
days_since_earn q4 & ev_offering q2,-0.00030194816000182913,-0.30243599175650104,-1.7153532427213174,rejected,0.05022644424795985,0.08628048243554688
close_loc q4 & gap_today q3,-0.00023598909382771497,-1.562501142354988,0.45310227222571653,rejected,0.0,0.6504750992545062
ins_officer30 q2 & range_compress q0,-0.00029364321334254226,-0.8426341080779439,-1.1725301893141158,rejected,0.02076411101613274,0.2409842588529903
days_since_earn q3 & dist_52wh q2,-0.00032054966736184097,-1.2291476181421148,-0.7840073051478073,rejected,0.020343900106695834,0.43303582386469447
ind_mom20 q3 & ins_buyers30 q2,0.00027701583735924496,0.06606567009965862,1.944607338409704,rejected,0.05210738565081884,0.051822255415435815
ind_mom20 q3 & ins_value30 q2,0.00027701583735924496,0.06606567009965862,1.944607338409704,rejected,0.05210738565081884,0.051822255415435815
dist_52wh q2 & ind_mom20 q3,0.00015294489982581249,-0.14909900933547232,1.8595951633550496,rejected,0.0,0.06294282413698546
intraday20 q3 & r120 q2,0.00019155698915120035,0.19765098457632985,1.8107947515012348,rejected,0.06582514768970514,0.07017262907163549
days_since_earn q3 & vol_ratio q3,-0.0002544291183187135,-0.9524740258214341,-1.0517943184677345,rejected,0.021611719876612052,0.2928939262949996
dist_ma200 q3 & ind_mom60 q1,0.0002514956636962534,0.8898979000163671,1.1129742076439562,rejected,0.018794407200950977,0.2657195069961576
ind_mom60 q3 & range_compress q3,0.0002761185224781716,0.9573621673553389,1.044068379169982,rejected,0.020301846401864,0.29645375434415827
days_to_earn q4 & vol_ratio q1,0.00024059166696477208,1.7697386670164819,0.2311077745327366,rejected,0.01876952034648814,0.8172310753999381
dist_ma50 q1 & vol_surge5 q1,5.926551507206693e-06,-0.6389628205021438,1.3608447084645054,rejected,0.0,0.17356276976968837
min20 q3 & r20 q2,1.831788339982797e-05,-0.6061784258126844,1.3935323743460868,rejected,0.0,0.1634588621716264
ear q4 & gap_today q0,-0.00018143415861297186,-0.8587287985562672,-1.1379167952652869,rejected,0.01681514229549472,0.2551552274243876
days_since_earn q4 & r20 q2,2.8006170278104072e-05,0.6979974731895973,-1.2980722506619131,rejected,0.0,0.19426250872887876
atr_pct q2 & r1 q1,2.8721602978261256e-05,-0.5541602221000151,1.4415480441372626,rejected,0.0,0.1494299145017046
max20 q0 & range_compress q3,0.0003202608309891371,0.38102744086583945,1.612746007427107,rejected,0.04954716860674122,0.10679970067191294
ind_mom20 q3 & ind_mom60 q1,0.0001420647656371011,0.39275263013369677,1.5993166598911632,rejected,0.05270744251964296,0.10975025959983492
days_since_earn q4 & r20 q3,0.0002495874356878937,1.1415246823427427,0.849975541055556,rejected,0.009379222617984349,0.39533868482051315
r120 q2 & vol_surge5 q1,0.00020243845875664567,0.11177410134432551,1.8769425710506658,rejected,0.06582891934614249,0.060525965346582236
log_dv q3 & vol20 q0,0.000234078705696076,0.47323004679911074,1.5149287986758202,rejected,0.033957497895690004,0.12979043636052562
rel_ind60 q2 & vol_surge1 q3,0.0002549440107275659,1.00929922547272,0.9761591294987371,rejected,0.012663552726175928,0.32898561322949454
ind_mom20 q3 & ins_officer30 q2,0.00026838421724869173,0.03157816820287112,1.9521144687494467,rejected,0.048714033667464456,0.05092461580081913
atr_pct q0 & dist_52wh q2,0.0002576043330000914,0.7619852934563389,1.2210230253216166,rejected,0.01745150477241176,0.2220773019761876
days_since_earn q3 & ind_mom60 q3,-0.0002641760483291626,-1.324943057502521,-0.6570673498581481,rejected,0.003606029078857515,0.511137611691543
ins_buyers30 q2 & mom_12_1 q0,-0.00033242783888836193,-1.0492973571418007,-0.9304288617234587,rejected,0.01232398271188357,0.35214908085750285
ins_value30 q2 & mom_12_1 q0,-0.00033242783888836193,-1.0492973571418007,-0.9304288617234587,rejected,0.01232398271188357,0.35214908085750285
ind_mom20 q3 & max20 q0,0.0002175249779424463,0.3560116228408993,1.6235089674376797,rejected,0.04487361850290249,0.10448064796438777
days_to_earn q3 & gap_today q3,0.0002596665780204561,1.225454147136757,0.7497246466888636,rejected,0.018526584297007535,0.4534205602549762
intraday20 q3 & overnight20 q1,0.00030364356877712813,0.8598730936827962,1.1110682229784181,rejected,0.021626605726012577,0.26653898465045994
dist_ma50 q2 & vol20 q0,0.00033499575128461534,1.1663565356456476,0.8008679139020891,rejected,0.011835536349440548,0.42320811711139306
atr_pct q2 & rel_ind20 q2,-0.0003249187278808217,-1.8378021014292998,0.1289099951822714,rejected,0.0,0.8974288676519462
dist_52wh q1 & vol_surge5 q1,0.00023279856808797793,0.7970050771483573,1.169001525748362,rejected,0.022306152162357037,0.2424030166516482
ins_buyers30 q2 & r20 q0,-5.721482372011029e-05,0.4358023036913374,-1.527551328797913,rejected,0.0,0.12662397388016286
ins_value30 q2 & r20 q0,-5.721482372011029e-05,0.4358023036913374,-1.527551328797913,rejected,0.0,0.12662397388016286
ins_officer30 q2 & r20 q2,0.0002908141047259628,-0.004103995302851268,1.9573473470779998,rejected,0.0,0.050306644411932694
news5 q2 & vol_surge5 q4,-0.00030787915348412504,-1.2267568345046604,-0.7269120228521218,rejected,0.00784824738744827,0.46727985158166463
ind_mom20 q4 & r5_nonews q0,-0.00013367446460131117,-0.8613232314261458,-1.088090385974382,rejected,0.02460933399914365,0.27655520752377905
days_since_earn q4 & dist_52wh q1,-5.639600872785623e-05,0.45814107079228356,-1.4872403336853783,rejected,0.0,0.13695134688649388
dist_ma50 q0 & overnight20 q1,-8.93997323756879e-05,-0.0054902868929439675,-1.93337020401828,rejected,0.05136408896507322,0.05319060906842379
r20 q0 & range_compress q1,2.6958328283060917e-05,0.7319902488348329,-1.2067552317816785,rejected,0.0,0.22752642156777256
dist_ma50 q0 & ins_buyers30 q2,-1.0921937103245733e-05,0.761928757428269,-1.1745441637554965,rejected,0.0,0.2401771332149398
dist_ma50 q0 & ins_value30 q2,-1.0921937103245733e-05,0.761928757428269,-1.1745441637554965,rejected,0.0,0.2401771332149398
ind_mom20 q0 & r20 q3,0.00023740906103795415,1.9028892164027102,-0.030441341296999207,rejected,0.0,0.975715074533511
days_to_earn q3 & dist_ma200 q0,0.00011061187130009666,1.0450506282774306,0.8873498177191732,rejected,0.01065694079477998,0.3748905920532761
ear q4 & r20 q3,0.00020461188125551393,0.9075749901143538,1.0247359591743859,rejected,0.01769761216863888,0.3054877909790081
dist_52wh q2 & ind_mom60 q0,0.00028038560645952536,1.099804602872534,0.83217654301443,rejected,0.00921910791241896,0.4053093021095068
intraday20 q2 & vol20 q0,0.0001676080397478205,-0.015470677033988064,1.9147387420745616,rejected,0.0,0.05552583016273821
gap_today q3 & r20 q3,0.00026519754076381296,0.5848857652119264,1.3445822231097027,rejected,0.016627779709113815,0.17876018730571328
intraday20 q3 & news5 q1,-0.0003461230607258157,-1.3590771657706344,-0.5701404223721637,rejected,0.011185274221217126,0.5685824606234144
intraday20 q0 & news5 q1,-0.00010848575489672884,-0.22416311562597743,-1.7023086886549967,rejected,0.05424211084236606,0.08869751689764634
ind_mom60 q0 & mom_12_1 q3,0.00014533075313656984,1.391557370928668,-0.5332565289581319,rejected,0.0,0.5938560152024834
days_to_earn q3 & vol_surge5 q1,0.0002204462069332009,0.8559169234057104,1.0674723719788015,rejected,0.015597778017143711,0.2857585830218758
days_since_earn q1 & r20 q3,0.00025077958077988796,0.7512409985694325,1.1703107033938733,rejected,0.02100168215853457,0.24187595610668294
days_since_earn q2 & max20 q2,7.620580271046923e-05,0.9480635837417477,-0.9733377090223083,rejected,0.0,0.33038548671293144
intraday20 q3 & range_compress q3,0.00020927146911498188,0.44854672477605495,1.4725523120422228,rejected,0.012608818228216738,0.14087179157849097
days_since_earn q0 & overnight20 q1,0.00022627072636824928,0.7725427140031512,1.1472652330511008,rejected,0.016717979014202657,0.25127201834297097
gap_today q3 & vol20 q3,-0.00027884237187799754,-1.4760769404697576,-0.44357546252574165,rejected,0.036012378026461046,0.6573495493452111
intraday20 q0 & rel_ind20 q0,-0.00012126866873596387,0.23812465658131418,-1.681195405020323,rejected,0.0,0.09272496574656398
ind_mom60 q3 & r120 q2,0.0003069933356523791,1.2792012892240618,0.6399031131199493,rejected,0.0042111809765733,0.5222355898757277
gap_today q0 & overnight20 q1,0.00022049978410240681,0.24732799779210596,1.6673642941004176,rejected,0.04746145484197781,0.09544198925340061
gap_today q0 & range_compress q3,0.00021421296804341504,0.2892141056249787,1.6251511490202915,rejected,0.04203539945096498,0.10413035647574607
ins_buyers30 q2 & overnight20 q1,0.0003139114021297408,0.38415309016229987,1.5294244885147976,rejected,0.0414877025119775,0.12615924546973237
ins_value30 q2 & overnight20 q1,0.0003139114021297408,0.38415309016229987,1.5294244885147976,rejected,0.0414877025119775,0.12615924546973237
dist_52wh q3 & ins_officer30 q2,0.00010813141016837988,-0.3913817264879621,1.5197951580668125,rejected,0.0,0.1285624664274414
overnight20 q1 & r20 q0,1.61462209827592e-05,0.5625232425031479,-1.3486056353759688,rejected,0.0,0.17746366963451027
dist_52wh q1 & ear_volsurge q0,5.5998228359369454e-05,0.8722628002306632,-1.0359434520387454,rejected,0.0,0.3002285244408179
mom_12_1 q0 & news5 q1,-0.0001861950470609607,-1.2593066752883737,-0.6486494912296441,rejected,0.0031382053384006584,0.516564958356633
dist_ma50 q4 & vol20 q2,-0.00027538352423432075,-1.1395642108491204,-0.7623699740796257,rejected,0.018727925653961777,0.4458392215360818
ind_mom60 q0 & range_compress q1,-0.00019425851687723572,-0.4926366409873237,-1.4078402403368688,rejected,0.007099530373233952,0.15917838179107324
range_compress q3 & vol_surge5 q3,0.0002373872367290502,0.6751656255874974,1.2212532290791085,rejected,0.016938275879198706,0.22199015602573563
overnight20 q1 & rel_ind20 q3,0.00023210704555895418,0.49801487668399336,1.397877865245095,rejected,0.0029305106374406505,0.16214974664970944
ear q4 & news5 q1,-0.00010629299959651176,0.1263859676551409,-1.7652303859359961,rejected,0.0,0.077525053748512
dist_ma50 q2 & ind_mom60 q1,3.032532483577749e-05,-0.5260975244023711,1.3607804840975986,rejected,0.0,0.17358307108894455
days_to_earn q2 & ind_mom20 q4,-0.00021432980884706677,-0.7437304261255124,-1.1370170749270225,rejected,0.01694627566638355,0.2555311477131045
intraday20 q3 & rel_ind20 q3,0.0002068361515998646,0.30764775718271015,1.5665101106155066,rejected,0.05118737380801813,0.11722924346713343
ind_mom20 q3 & log_dv q2,-7.413200815969785e-05,-1.042907776850134,0.8299821120366329,rejected,0.0,0.40654889738829364
ind_mom20 q1 & r5_nonews q0,2.0250368826553538e-05,0.8276884310537022,-1.0451227631560116,rejected,0.0,0.29596623465686756
r120 q1 & r5_nonews q0,-1.9625432997517025e-05,0.7603608137670882,-1.1102108793196608,rejected,0.0,0.2669081657796012
dist_52wh q1 & log_dv q4,0.0001680253588285592,1.530453893519651,-0.33721378252895867,rejected,0.0,0.7359557482034631
days_to_earn q3 & rel_ind20 q3,7.74540048066037e-05,1.2313244039803442,0.6359180337115878,rejected,0.0006809420797196674,0.5248298478827316
overnight20 q0 & range_compress q3,-0.0002536342448609805,-1.242029246733821,-0.6230434404509521,rejected,0.001850126453014938,0.5332559757015787
intraday20 q2 & range_compress q3,6.910406784105822e-05,-0.4490680183514673,1.4126776202963407,rejected,0.0,0.15775053477057993
ind_mom60 q0 & min20 q3,2.0107962374963326e-05,0.612736334332124,-1.247248838007278,rejected,0.0,0.21230627055279727
ear q1 & max20 q3,-0.0001128982062605153,-1.062702210196359,0.794417392039407,rejected,0.0,0.4269524825197741
days_to_earn q3 & frog q4,6.698422553879953e-05,-0.28776162813169714,1.5669309440910941,rejected,0.0,0.11713083377827835
ear_volsurge q2 & intraday20 q0,-0.00014868776389956895,-0.03635114370969813,-1.8172374314300601,rejected,0.060763843783133674,0.06918076577741208
dist_52wh q3 & r20 q2,0.0002592359667677799,0.3618405168811319,1.4910469527975778,rejected,0.019427936074862664,0.1359491681059648
r5 q0 & vol_surge5 q4,-0.00019549829903922665,-0.7429239796428018,-1.1069723885901506,rejected,0.021417768148203217,0.26830586635338344
close_loc q4 & ind_mom20 q3,0.00020684684062869413,0.44074827793761906,1.4055246935646422,rejected,0.007871232676849808,0.15986531166412596
ear_volsurge q1 & r60 q3,0.0002530731667117426,0.6752336291881363,1.1699548493778535,rejected,0.021345889601574984,0.24201913915523818
dist_ma200 q3 & range_compress q3,0.00029266092940888886,0.8670322740209225,0.9732436653377161,rejected,0.013810970831839202,0.3304322136435146
dist_52wh q3 & ear q4,-0.0002086171769289735,-1.3319047757208136,0.5054302730043962,rejected,0.0,0.6132566606586298
mom_12_1 q4 & r20 q0,3.230321981283126e-05,0.9232433320353449,-0.9130046471480748,rejected,0.0,0.36124009744338603
r120 q4 & r5 q2,4.515590119964368e-05,-0.3989369483252167,1.4340683067639206,rejected,0.0,0.15155277111647103
dist_52wh q2 & news5 q1,0.00021561945279152637,0.47559718254871114,1.3561790269865854,rejected,0.010730017704994935,0.1750422133734723
intraday20 q0 & log_dv q1,0.00013541970625226138,1.2798484133931833,-0.5512999520306175,rejected,0.0,0.5814280713730775
days_to_earn q2 & mom_12_1 q3,0.00031428062042811444,1.311836152374889,0.5137189253882726,rejected,0.022991189176025103,0.6074485182958833
days_since_earn q1 & gap_today q3,0.00028323406866721877,1.4216074912449759,0.3964216600830231,rejected,0.022267529222325076,0.6917939897439971
dist_ma50 q0 & range_compress q3,7.259243342724684e-05,1.0365612681517185,-0.7811894997174281,rejected,0.0,0.43469104854019364
days_to_earn q3 & intraday20 q3,5.7299164781463256e-05,0.9852060832511481,0.8319365628189889,rejected,0.008874275418852178,0.40544475257347834
ins_officer30 q2 & max20 q0,0.00031288239904048957,0.36583993006390336,1.4480135424259701,rejected,0.008380834121188856,0.1476132632128897
days_since_earn q3 & r20 q0,-5.344874301137573e-05,0.2140009558923076,-1.5988513791676335,rejected,0.0,0.10985362959528747
frog q4 & r20 q0,-0.0001395471242371791,-1.3154489542580787,-0.4958750473342273,rejected,0.022054759243599557,0.6199825721160712
ev_offering q4 & ins_value30 q2,0.00015167929426448173,0.8406029558163809,0.9641910834674613,rejected,0.010278121469900144,0.334950133900765
dist_ma50 q1 & ind_mom60 q1,0.00012253293528035128,-0.17575245417118052,1.6249020738833588,rejected,0.0,0.10418342624842063
close_loc q1 & dist_ma50 q4,-0.00018408034787687652,-1.5450183021640123,0.2548989937645215,rejected,0.0,0.7988011134636047
ind_mom20 q1 & vol20 q1,-0.00011159138894463474,-0.8984247913023171,0.8974811961164544,rejected,0.0,0.3694622028737264
rel_ind60 q2 & vol_ratio q2,0.0002804178490549021,1.0565126633759903,0.7373200218586201,rejected,0.012109376787157681,0.4609277592246303
ind_mom60 q0 & rel_ind20 q3,-0.00016683239298485704,0.11164811972691806,-1.6815564936764842,rejected,0.0,0.09265487297806924
overnight20 q0 & r5_news q2,-0.00024561385599331404,-0.31646993716521665,-1.4730429216296406,rejected,0.009464794266568235,0.14073946262123674
days_to_earn q3 & rel_ind20 q0,0.00019586397779359534,1.2726250637304735,0.5140757785964151,rejected,0.02215416006402956,0.6071990110603748
days_to_earn q1 & ind_mom60 q0,-0.0001677941932860936,0.027756109947161857,-1.7573136483520475,rejected,0.0,0.07886436270570445
intraday20 q2 & log_dv q1,5.696264413185198e-05,-0.36565540681178216,1.4189656933808117,rejected,0.0,0.15590901812084013
days_to_earn q3 & news5 q1,0.00016689573795868452,0.12492264403994832,1.6596126482853035,rejected,0.04540634112465094,0.096992402194348
days_to_earn q3 & intraday20 q2,0.0001425929551294333,0.004991639473343961,1.7777079521934787,rejected,0.053239919996359894,0.0754518329461194
ear q1 & frog q3,-0.00023735778560757576,-1.3545115079205494,-0.426912029411908,rejected,0.03109981193657766,0.6694434034105293
ind_mom60 q0 & r20 q3,1.53552915561764e-06,0.44420225006238245,-1.3372003172845917,rejected,0.0,0.1811572583817965
dist_52wh q3 & intraday20 q2,-8.322233493625135e-05,-0.8378194720218658,0.9418876378446761,rejected,0.0,0.3462501699221505
log_dv q0 & vol_surge5 q4,3.539638656953197e-05,-0.41825791152621594,1.358824566574775,rejected,0.0,0.17420218669149873
days_since_earn q3 & dist_ma50 q0,-0.00011329264639525516,-0.41920596015216427,-1.3548171413396968,rejected,0.011443569555468793,0.17547582389158353
mom_12_1 q4 & r20 q4,-0.00018079329308638966,-1.1736058716382076,-0.5983109041510771,rejected,0.0065804253876579205,0.5496325021670485
intraday20 q3 & log_dv q1,0.0001906376567499905,0.7282366944973668,1.043490850090922,rejected,0.01865765122663663,0.2967210163576401
intraday20 q2 & rel_ind20 q3,0.00021351299850605202,0.303863062636386,1.465493129123546,rejected,0.01784178906372027,0.14278642558665483
dist_52wh q3 & ins_buyers30 q2,0.00010184576394403206,-0.3411899387524108,1.4240630106534342,rejected,0.0,0.15442823275113324
dist_52wh q3 & ins_value30 q2,0.00010184576394403206,-0.3411899387524108,1.4240630106534342,rejected,0.0,0.15442823275113324
news5 q1 & rel_ind20 q2,-0.00016488480854975202,-0.5790894064031314,-1.1805665822943976,rejected,0.01715944417826984,0.2377749455897689
gap_today q0 & vol_surge5 q1,0.00012731475835307202,-0.06453196848643515,1.6920419955434993,rejected,0.0,0.09063796671725063
min20 q3 & vol_surge5 q1,0.0001637827684009299,0.004769214319008427,1.7447854179190363,rejected,0.04322148998758342,0.08102222803259598
days_since_earn q3 & rel_ind20 q3,-0.0002832106318803326,-1.1725783038965356,-0.5753876282973813,rejected,0.004887910972539561,0.5650291693532066
days_to_earn q2 & vol_surge5 q1,-0.00012627540411411673,-1.0423745247555503,0.7021759794281844,rejected,0.0,0.4825694236621336
ear_volsurge q3 & log_dv q2,-0.00021891561303783152,-1.3643645629605698,-0.3771253626000602,rejected,0.02191650768260352,0.7060804437574562
days_since_earn q0 & ind_mom20 q0,9.141386479261621e-05,0.8984443167755243,-0.8428198834928763,rejected,0.0,0.3993291859123055
close_loc q1 & r20 q2,-0.00018262205886481446,-0.34738866383443023,-1.3921059353504428,rejected,0.0033432396491459727,0.16389032119062819
atr_pct q0 & dist_52wh q1,0.00025655754917435376,1.14114465099685,0.5981775135738301,rejected,0.008060525240492587,0.5497214937752859
dist_ma200 q1 & rel_ind60 q1,-0.00019423701256509232,-1.090449052351972,0.6476638599372699,rejected,0.0,0.5172023838695188
days_since_earn q4 & ind_mom20 q3,0.0001260138328780684,1.144249789226743,-0.592906130015483,rejected,0.0,0.5532439753439533
days_to_earn q1 & rel_ind60 q3,2.5815646760434447e-05,0.6114809906708483,-1.1248607133760644,rejected,0.0,0.26064806206342006
news5 q1 & vol_surge5 q1,-0.00014068014363388792,-1.0822338924498267,0.6525710689497424,rejected,0.0,0.5140328419890698
days_to_earn q3 & earn_in_week q1,0.0003304511595460998,0.0,1.734690523982988,rejected,0.0,0.08279563563380589
atr_pct q1 & r5_nonews q4,0.00017964587710758654,0.39926195083516486,1.3318148504217444,rejected,0.020613499166159236,0.18292103682240843
overnight20 q1 & r20 q2,-2.2220427213547884e-05,-0.7399813524875146,0.9877062516992261,rejected,0.0,0.3232965318535186
gap_today q3 & r120 q2,-0.00018537013413692801,-0.02051819438500658,-1.7049286428702668,rejected,0.04591685753214477,0.0882077336048021
ind_mom20 q0 & ins_officer30 q2,-0.00013983101074643712,0.1688387312550541,-1.5555635340961127,rejected,0.0,0.11981191567268977
r20 q2 & rel_ind20 q3,0.00013860402776995543,-0.16972062923933878,1.5541559177582516,rejected,0.0,0.12014722966824722
dist_ma50 q2 & gap_today q4,0.0002561508414827588,1.0988568065718245,0.6247409923471811,rejected,0.0010129036572206146,0.5321410642598314
days_since_earn q3 & overnight20 q0,-0.00011657608446446075,-1.1475845479386024,-0.5756419006554979,rejected,0.004101510984769668,0.564857253352063
gap_today q1 & intraday20 q3,0.0001716549577128258,0.15567421165856582,1.5658169639989992,rejected,0.04616742196516371,0.1173914736337221
intraday20 q2 & log_dv q3,-0.00030410820732259365,-1.3118568720505737,-0.401417939734014,rejected,0.022089809066963177,0.6881124435142705
r5 q0 & rel_ind60 q1,-0.00022477233238121943,-0.9578221815296363,-0.7542248016863334,rejected,0.01670001873991162,0.4507142474284367
close_loc q0 & r20 q3,0.00019416205020189264,1.0011017194615943,0.7083825851772944,rejected,0.003285907776980112,0.47870770406437296
days_to_earn q2 & intraday20 q3,0.00025980651024511413,0.9618134316470794,0.7474463840461535,rejected,0.016394837697695105,0.454794155500206
close_loc q1 & mom_12_1 q3,0.0001348966592693979,-0.1708786708390795,1.5356929677290811,rejected,0.0,0.12461370061702594
ev_agreement q2 & vol_ratio q4,3.0286688316730498e-05,0.6814439686741696,-1.0239204252381475,rejected,0.0,0.3058728619129289
days_since_earn q4 & rel_ind20 q3,0.00020254923694452712,1.394494594227267,-0.30856613815716144,rejected,0.0,0.7576515824778842
rel_ind20 q0 & vol_surge5 q2,-0.00013937487229101527,-0.37985319289477676,-1.3224405186370485,rejected,0.01993457613746567,0.18602150393703476
ind_mom60 q3 & rel_ind20 q3,5.5605017585293214e-05,-0.5800765919538541,1.1158305232693373,rejected,0.0,0.26449468568492407
intraday20 q0 & range_compress q1,-3.960609547109987e-05,0.2665466933631737,-1.4194536859436735,rejected,0.0,0.15576679021360826
range_compress q1 & vol_surge5 q4,-0.00018273859824027348,-1.1119544925298257,-0.5730291357580959,rejected,0.007707635104556194,0.5666249667066106
frog q4 & r5_nonews q0,-0.00012008640781731998,-0.4779897438329067,-1.2052979683201757,rejected,0.015188485887971816,0.228088293655481
days_to_earn q2 & news5 q1,-0.00021593531556207013,-1.5815762221913496,0.09969402648333739,rejected,0.0,0.9205872430922506
log_dv q4 & r5_nonews q4,4.933328292473705e-05,-0.2581288200499203,1.423020833434537,rejected,0.0,0.1547301159474716
dist_52wh q2 & r1 q0,0.000291639309405942,1.6692507231304727,0.009896746744007848,rejected,0.0035983041491632756,0.9921036674728233
dist_52wh q2 & max20 q0,0.000236489988479102,0.30289991539884475,1.3719076654434628,rejected,0.003402076797478723,0.1700921838081287
log_dv q1 & mom_12_1 q3,0.0002562160970200932,1.613219763049741,0.06044817967641795,rejected,0.0018060712175482193,0.951798686951982
dist_ma50 q1 & mom_12_1 q3,4.102024627910031e-05,-0.3706848644545555,1.3015211105205127,rejected,0.0,0.193080143357238
dist_52wh q1 & intraday20 q2,6.8498986001615125e-06,-0.5635238378855948,1.1086807275332577,rejected,0.0,0.2675679388154317
days_since_earn q3 & gap_today q0,-7.989501944432088e-05,-1.1081007199886503,0.5624250971328628,rejected,0.0,0.5738264236860228
dist_ma50 q2 & mom_12_1 q0,9.15725630493767e-05,-0.0811024294198999,1.588302208779319,rejected,0.0,0.1122180182869541
max20 q2 & vol_ratio q0,-0.0001238273031795139,-1.076493197061468,0.5908499434054618,rejected,0.0,0.5546209679289554
dist_52wh q1 & frog q3,-0.00016455966604953586,-0.7119834962322817,-0.9533395318590444,rejected,0.011119484422921053,0.3404180680103635
days_since_earn q3 & ind_mom60 q4,-0.00018743748463222177,-0.6765184804096457,-0.9838079289122459,rejected,0.011795838082522608,0.3252099600776306
ind_mom60 q0 & intraday20 q3,-0.00021633731624040318,-0.9875495504748051,-0.6704523389121961,rejected,0.002365889034452075,0.5025694794704135
intraday20 q2 & r120 q2,-2.0013077289850643e-05,-0.6574932598954563,0.9999665729789967,rejected,0.0,0.31732668485426524
dist_52wh q1 & overnight20 q1,-0.00021863921747555134,-0.6162287849059307,-1.034428741473246,rejected,0.021028809628755602,0.300935773712618
dist_ma50 q4 & vol_ratio q3,0.00011671218293253021,0.02157369933682704,1.6281708040509197,rejected,0.03540253070791123,0.10348867362350149
intraday20 q1 & r1 q0,0.0002257469342069982,1.438281946347549,-0.2111808144493003,rejected,0.0,0.8327461810101451
atr_pct q1 & ear_volsurge q4,0.00013235951446548955,0.5895932898402096,1.0588134581642628,rejected,0.014534866897484344,0.28968474327925237
frog q3 & r1 q4,-6.374950480668443e-05,0.1422275973539409,-1.5053794081539291,rejected,0.0,0.13222656008289754
atr_pct q1 & dist_52wh q2,0.0001978580367436692,0.12516607840184688,1.522249499431646,rejected,0.03336381551485271,0.1279465765138698
news5 q1 & overnight20 q1,-4.142610473584643e-05,-0.6274942126680436,1.01328385396506,rejected,0.0,0.3109245974157025
days_since_earn q2 & gap_today q0,-0.00022831489361112672,-1.0028544595516518,-0.6357484647463434,rejected,0.0005970789778444012,0.5249403822407472
skew60 q3 & vol_surge5 q4,0.00019166619619978993,0.42545693418035013,1.2104381245644709,rejected,0.01514921270619043,0.22611082015408213
days_to_earn q1 & dist_52wh q1,-0.00017487451844164722,-0.7556783462498384,-0.8795937253811491,rejected,0.012812188926999589,0.3790794392093905
atr_pct q2 & intraday20 q1,-2.133410495765179e-05,-0.6352450782730725,0.9997742637264501,rejected,0.0,0.3174197633323059
ins_officer30 q2 & rel_ind20 q0,-3.337883078079717e-05,0.47889527750742444,-1.1556488007647885,rejected,0.0,0.2478248382374635
close_loc q4 & range_compress q3,0.00016430788189662635,0.16654509238886422,1.4673468631807745,rejected,0.01442733677360948,0.1422817214938754
max20 q0 & vol_surge5 q2,0.00026945243145542433,0.6874120152169559,0.9447216555285548,rejected,0.008824620027821188,0.34480099820538174
days_to_earn q3 & ind_mom60 q3,8.916914164811102e-05,0.586330083584665,1.042447377335735,rejected,0.018408429314692994,0.2972043107530913
min20 q3 & news5 q1,-0.00017089149198601597,-1.3566899096794178,0.27193574981931196,rejected,0.0,0.7856714222841998
mom_12_1 q3 & r20 q2,0.00021151627607707537,0.2701559119499546,1.3573053277128695,rejected,0.010625449756376307,0.17468421520449878
dist_52wh q2 & intraday20 q2,0.0002533116695007829,0.9195734626271787,0.7077556316034268,rejected,0.003936898561352733,0.4790970235090181
dist_52wh q1 & ind_mom20 q0,-0.00012035745896600841,-0.03015855172888487,-1.5952820991540255,rejected,0.0457064877173955,0.11064916675840722
news5 q1 & range_compress q3,6.779713883935985e-05,-0.3475541925931947,1.2708186448163614,rejected,0.0,0.20379317414952247
days_since_earn q1 & ear_volsurge q2,0.00025032212838129673,1.3519340271833893,-0.25856320547252903,rejected,0.0,0.7959722757602911
ear q3 & vol_ratio q4,0.00017678981727861976,0.6373188672407005,0.9678296722793398,rejected,0.008832716626227036,0.3331294421661442
ear_volsurge q2 & intraday20 q2,-0.0003166143322759141,-1.354034129531902,-0.250644085550049,rejected,0.016507204977916762,0.8020892940749894
mom_12_1 q3 & vol_surge5 q3,0.00022669387437333492,0.9270277399973224,0.6724064380554214,rejected,0.002371482522107683,0.501324985324246
ins_officer30 q2 & min20 q3,0.00026469820886893566,0.29530919717921517,1.2990065236253878,rejected,0.016065474911607567,0.19394169038694045
ear_volsurge q2 & ins_officer30 q2,-0.0002804841753557386,-0.355482099961325,-1.2311931274122323,rejected,0.01681182278845599,0.21825064122067625
ear q4 & mom_12_1 q3,0.00010530944611415297,-0.09799970264565554,1.487500216549539,rejected,0.0,0.13688274606634687
close_loc q4 & ear q4,-7.871438392005312e-05,-0.9373906413547906,0.6456271305320088,rejected,0.0,0.5185208626554321
ind_mom60 q3 & news5 q1,-0.00019754348344220123,-1.0246511903599334,-0.5573273391858944,rejected,0.011339929329637954,0.5773037998689041
ind_mom20 q4 & log_dv q0,1.7395161734450992e-05,0.5409047647335752,-1.040957487693325,rejected,0.0,0.2978952790944141
mom_12_1 q0 & r20 q0,-8.741434603806406e-05,-0.22516932650149052,-1.3497020758691196,rejected,0.010945296414336477,0.17711156622060892
ind_mom60 q3 & intraday20 q0,-1.9360356685574354e-05,-0.5912168002376863,0.9835779094334652,rejected,0.0,0.32532309111429286
ind_mom60 q4 & intraday20 q1,-6.345734736090093e-05,0.24486283687144916,-1.3292588172789157,rejected,0.0,0.1837625961438529
days_since_earn q4 & mom_12_1 q3,0.0001833040522175793,0.23629599940962107,1.3368449239663178,rejected,0.01786615589959857,0.1812732617262785
days_since_earn q1 & ind_mom60 q1,0.00019458401091589772,1.1063913345842544,0.4658800503004008,rejected,0.02354203712694236,0.641301361671565
mom_12_1 q2 & vol_surge1 q3,-0.00031767974019079756,-1.39705423373775,-0.17496286821896703,rejected,0.019482108361901354,0.861108810348408
gap_today q4 & intraday20 q3,0.0001703261724900797,1.4493593055893343,0.12251465173406391,rejected,0.010012592191070025,0.902491442997016
dist_ma50 q1 & ind_mom20 q3,-0.00019998439429054832,-1.3749998628409161,0.19540687470073662,rejected,0.0,0.845074435119246
days_since_earn q0 & dist_52wh q2,0.00026687133447233754,1.1025183759142962,0.46554961377912957,rejected,0.02345843821386498,0.641537916038649
dist_52wh q1 & r20 q3,0.00018304987744136942,1.4887971332162482,0.074794744518161,rejected,0.006629146640856556,0.9403780233735475
dist_ma50 q0 & ind_mom20 q0,-0.00010112707038299495,-0.3586059488091069,-1.2029923888288379,rejected,0.01594833306472567,0.22897926589596895
rel_ind20 q3 & vol_surge5 q1,0.00016867158994194532,0.08248661980283892,1.4774726103024693,rejected,0.008373673330589117,0.13954899501577583
ind_mom20 q3 & mom_12_1 q2,-9.888450908730534e-05,-0.7783962331167681,0.7812921052832971,rejected,0.0,0.43463071234166234
vol20 q3 & vol_ratio q4,-0.00017770477087352627,-1.0391842033897913,0.5196335285272624,rejected,0.0,0.603319024556104
close_loc q1 & dist_52wh q2,0.00024558803363762213,0.8875503357787798,0.6699625797976484,rejected,0.003006270538095838,0.502881644906088
ind_mom60 q2 & r60 q3,7.791248894505771e-05,0.8927924456360393,-0.6642684554011247,rejected,0.0,0.5065185067401015
days_since_earn q1 & earn_in_week q1,0.000451884741640551,0.0,1.5546810496653651,rejected,0.0,0.12002205003958602
days_to_earn q3 & ind_mom60 q1,0.00018177139009480548,1.0335623926240856,0.5208325404179196,rejected,0.019046003369532716,0.6024834325435422
days_since_earn q1 & frog q3,0.0001181292654642518,-0.030948441557742283,1.522123669388326,rejected,0.0,0.12797809627804535
intraday20 q3 & min20 q3,-3.1984953340129845e-05,-0.6500058481395163,0.9009022091970751,rejected,0.0,0.36764031651614476
news5 q1 & vol_surge5 q3,0.00019936123694564754,1.065212753944329,0.48364875254795503,rejected,0.02186555050659859,0.6286351690230809
atr_pct q2 & ind_mom60 q4,-0.0002492776512737561,-1.0544127515979904,-0.49335103063502284,rejected,0.022782069564598943,0.6217645768374118
ear_volsurge q2 & r20 q3,0.0002411742186252481,0.9070845838138797,0.6405350951433294,rejected,0.0023430214877164478,0.5218247804853257
intraday20 q0 & max20 q0,-0.00021812445019697558,-0.80393829720171,-0.7410167003707827,rejected,0.009723728946184522,0.45868331445246274
days_since_earn q4 & vol_surge5 q1,-0.00019169065685336885,-1.000426382488699,-0.5425331151626709,rejected,0.01510765284386048,0.5874513011329606
ind_mom60 q3 & r60 q0,-6.37087308120863e-06,-0.9863250862898466,0.5519009516784349,rejected,0.0,0.5810162163275567
gap_today q3 & rel_ind20 q0,-0.0001654480338704539,-0.8182225134612163,-0.7198399953559216,rejected,0.009165623383993175,0.47162351649566486
range_compress q0 & vol_surge5 q1,-1.6153260488723717e-05,-0.7740567572055379,0.762367696256127,rejected,0.0,0.4458405806404203
ear q2 & min20 q0,2.9330841386579443e-05,0.8149138573282312,-0.7198556469349238,rejected,0.0,0.4716138787231871
log_dv q2 & rel_ind20 q1,-0.00015871886229388858,-1.1709646775543234,0.35971216016969104,rejected,0.0,0.7190623974443286
log_dv q3 & rel_ind20 q3,0.0001919501085585802,0.6220017484721874,0.907610763783865,rejected,0.01657564281173093,0.3640839053934962
dist_ma50 q2 & vol_surge5 q1,0.0002481957691060413,0.941422618196795,0.5867262924161459,rejected,0.004159139790581723,0.5573875465280318
r20 q2 & vol_surge5 q3,0.00019733963090957034,0.6835494361980476,0.8438538707836238,rejected,0.009315977133786374,0.39875106799677945
ear_volsurge q2 & r120 q2,0.00024212618916972538,0.6761144128533142,0.8471533050932086,rejected,0.008733565241813207,0.39690967676185046
ind_mom60 q3 & ins_officer30 q2,0.00023964322221281913,0.17906535654322817,1.343934119817448,rejected,0.014918859111857868,0.17896969149399972
days_to_earn q3 & gap_today q0,0.00013521737431217458,0.6044262422060277,0.9136115519602517,rejected,0.01422332870112011,0.3609209941786284
gap_today q3 & r20 q2,0.0002945682222153132,1.4289960864425186,-0.08837693894273747,rejected,0.0,0.9295770896236552
gap_today q0 & mom_12_1 q3,6.318161132239072e-05,0.846455282549032,-0.6670164667027877,rejected,0.0,0.5047616153070886
close_loc q4 & vol_surge5 q1,-6.34159639299081e-05,-0.770435565920119,0.7398219444664009,rejected,0.0,0.45940804172869076
gap_today q1 & ind_mom60 q0,-0.00014407234876145992,-0.3926915638906781,-1.116150748759432,rejected,0.014471297347591774,0.264357612291233
r20 q0 & range_compress q3,-3.861198143929378e-05,0.34970055198216077,-1.156202000920923,rejected,0.0,0.2475985415833126
days_since_earn q4 & ind_mom20 q0,-0.00014071307281696653,-0.5212669523111474,-0.981156240057281,rejected,0.014987095056691666,0.32651569997958163
ear_volsurge q0 & ind_mom20 q4,9.591856739887131e-05,0.9571926437648698,-0.5449014294315504,rejected,0.0,0.5858213131053661
close_loc q4 & ind_mom60 q0,0.0001291598170387686,0.2884094733978495,1.2126259601825742,rejected,0.013283546862616388,0.22527285892978516
days_since_earn q4 & r20 q0,-7.617800059414264e-05,-0.0975643362400863,-1.4031861880659542,rejected,0.005297584978558483,0.16056132519102548
ind_mom20 q3 & news5 q1,0.0001787588172468344,0.9639672682121343,0.5342745058845199,rejected,0.016901639918352928,0.5931516279116569
ear q4 & r20 q2,0.00014181823486471068,0.7441291196511514,0.7516144103340234,rejected,0.01544714578770957,0.4522829748188926
news5 q1 & rel_ind20 q3,8.077681859275871e-05,-0.28924252706909365,1.2014160404021388,rejected,0.0,0.22958985701501072
intraday20 q2 & r1 q1,-2.8752816959542054e-05,-0.5803030039548479,0.9085581929602862,rejected,0.0,0.3635833831115246
dist_52wh q3 & ind_mom60 q2,0.00028164994234068717,1.2471913605703093,0.24013725302537944,rejected,0.01592723325052768,0.8102238552509944
dist_52wh q2 & ind_mom20 q0,0.00023580247490026987,1.345914100645011,-0.12977946748606517,rejected,0.0,0.8967409080852414
dist_ma50 q1 & ear_volsurge q3,-0.00018061679074993513,-0.5601514392903827,-0.9154107414188783,rejected,0.013221896161403873,0.35997604150230467
days_since_earn q3 & r120 q2,-0.00021289012180842316,-0.79237151404774,-0.6814995981966898,rejected,0.0024045387949180445,0.49555542091893534
ear_volsurge q1 & max20 q1,0.00017180155684508728,0.3151641671589939,1.1583943474779468,rejected,0.016420559512803926,0.24670314483011038
r120 q2 & rel_ind20 q0,-0.00010472944108549036,-0.2097775921010156,-1.2629583704050735,rejected,0.020712877569912275,0.20660414093988733
dist_ma50 q0 & r120 q2,-8.0537488523165e-05,-0.21740634753872035,-1.2537321808842623,rejected,0.01442594849378949,0.2099393668866721
mom_12_1 q0 & r20 q3,5.1699529103638284e-05,0.7197442241035094,-0.7502523344199825,rejected,0.0,0.4531027444565521
days_since_earn q3 & dist_52wh q3,-0.00025659407172405873,-1.0310905776501533,-0.4354607479563243,rejected,0.033308962433047276,0.6632280243679789
days_since_earn q1 & range_compress q3,0.0002464868253518545,0.8537354973372521,0.6122491527376177,rejected,0.005685197239210017,0.5403729256064016
days_to_earn q3 & dist_52wh q3,9.71951732149189e-05,-0.05862460623245818,1.40597498990534,rejected,0.0,0.15973155151720309
gap_today q0 & r20 q0,7.232717063410654e-05,0.943350307046267,-0.5209023308121631,rejected,0.0,0.6024348116383467
days_to_earn q3 & range_compress q0,7.611430682449131e-05,0.4356917654314599,1.028227316756274,rejected,0.015449796802921209,0.3038429116083971
days_to_earn q3 & ind_mom20 q0,8.618881032880766e-05,0.9479479883497731,0.5158621927196817,rejected,0.02048637334981175,0.6059506614726891
dist_ma50 q1 & range_compress q3,-5.948191080910912e-05,-0.7395500803861924,0.7226247466680515,rejected,0.0,0.4699104603419145
days_since_earn q4 & dist_52wh q3,1.539040755468195e-05,-0.4071842706122336,1.0544647106093006,rejected,0.0,0.29167020908024766
dist_52wh q2 & vol_ratio q2,0.00021618214515723195,0.5450631294069849,0.91614652647301,rejected,0.01318750936675284,0.3595900476585258
dist_ma50 q2 & r120 q2,0.00012733389415104578,-0.09956556701615908,1.36098658776568,rejected,0.0,0.17351792801848864
days_since_earn q0 & gap_today q3,-0.0001580781856912622,-0.4730963920584718,-0.9859058710284838,rejected,0.00992912451280114,0.32417930561120484
dist_52wh q2 & range_compress q0,2.7612203063917978e-05,0.6187238464921516,-0.83766580984975,rejected,0.0,0.4022184207410404
dist_52wh q1 & dist_ma50 q1,-0.00019268779833402913,-0.3420780791414841,-1.1120287209093276,rejected,0.016236412287174668,0.26612580169690186
ind_mom20 q0 & rel_ind20 q3,5.298553342069431e-05,1.1124099070203424,0.3410625290883882,rejected,0.018299356120683143,0.7330565092199122
atr_pct q4 & vol20 q3,-0.00011846658042833563,-0.7351197518349532,-0.7168949341042641,rejected,0.008670984877343144,0.4734389280263448
ind_mom20 q0 & ins_buyers30 q2,-8.627045756756256e-05,0.24645400573421056,-1.2016204435392792,rejected,0.0,0.22951061712676607
ind_mom20 q0 & ins_value30 q2,-8.627045756756256e-05,0.24645400573421056,-1.2016204435392792,rejected,0.0,0.22951061712676607
ev_red_flag q2 & news5 q4,0.00026433360270524466,0.7530065659556516,0.6939281785353941,rejected,0.004254107558222631,0.48772725108091053
frog q0 & r1 q0,-4.436637594702971e-05,0.23267424146592697,-1.2136381343452636,rejected,0.0,0.22488593816960797
log_dv q1 & r20 q2,0.00016886226261193015,0.3571615370317287,1.0887226588609686,rejected,0.018759093783282665,0.2762762065268774
days_to_earn q1 & dist_52wh q2,-0.00023859141845317095,-1.1066456597120635,-0.3375054876279896,rejected,0.018754129723656324,0.7357358760537765
r5_nonews q0 & vol_surge5 q3,-4.97909902762175e-05,0.20234801931505686,-1.2417932800782026,rejected,0.0,0.21431284274110465
days_since_earn q0 & vol20 q0,0.00016417244888896406,1.13455712231587,-0.307188123943564,rejected,0.0,0.7587001845308987
ind_mom20 q4 & vol_ratio q1,0.00020589415890201294,1.3203984042204961,-0.12094042461110174,rejected,0.0,0.9037382229438945
log_dv q0 & r20 q1,-4.335364696160129e-05,-0.5937931586062896,0.8471685764242068,rejected,0.0,0.39690116588395874
days_to_earn q3 & intraday20 q0,0.00017179407674813683,1.2004204273460437,0.23926972971074376,rejected,0.01638911019097383,0.8108964359636093
dist_ma200 q1 & ev_shelf q2,0.0003317713135435094,1.1067225281958635,0.3304951493617164,rejected,0.017745502539219186,0.7410258571713734
ear_volsurge q1 & max20 q2,-4.5093800894578375e-05,-0.6061238571028447,0.8289912190040507,rejected,0.0,0.4071093760435032
days_since_earn q4 & vol20 q0,0.0002509998389727229,1.0655030392741232,0.3633612378424999,rejected,0.02063602024274702,0.7163350535149301
close_loc q4 & r120 q2,6.46179520715454e-05,-0.3887591900454852,1.0363292937135595,rejected,0.0,0.30004854430780276
dist_ma50 q2 & mom_12_1 q2,0.0002150089100149444,0.6461230012570915,0.7787909622344262,rejected,0.01740339733778455,0.4361028624561159
days_to_earn q2 & ind_mom60 q1,-0.00011260287304516127,-0.8355402326360365,0.5882156317571179,rejected,0.0,0.5563875663803444
max20 q2 & overnight20 q4,-3.879246433883086e-05,-0.5429529850036483,0.8801335094542497,rejected,0.0,0.37878698800008975
close_loc q4 & r5_nonews q0,9.265249924486876e-05,0.7406526442351266,0.6775258306398375,rejected,0.0030357120395647906,0.4980723868489641
overnight20 q0 & r20 q2,5.607285903684131e-05,0.10363122528189829,1.314358036759191,rejected,0.013807714432824048,0.18872574503422068
close_loc q1 & intraday20 q3,0.00014370541572263258,0.2808901095402924,1.136032664940306,rejected,0.014973733120948112,0.255942893745307
days_since_earn q0 & earn_in_week q1,8.372870036994346e-05,0.0,1.415352494073017,rejected,0.0,0.15696517091061912
days_since_earn q3 & gap_today q1,-0.00010853192997115333,-0.8633212452888434,0.5517184913618853,rejected,0.0,0.5811412389084111
gap_today q4 & ins_officer30 q2,-0.00022740889136033888,-0.29054298779351617,-1.1185321612376546,rejected,0.013684655264263077,0.2633397786042929
r20 q0 & vol_surge1 q0,6.1447673407657e-05,0.7406829196613546,-0.6677900841709602,rejected,0.0,0.5042675969919175
intraday20 q0 & mom_12_1 q3,0.00017111554016583305,1.327609790692624,-0.08037740994573865,rejected,0.0,0.935937093016235
ind_mom60 q0 & news5 q1,6.040538643077274e-06,0.44834757753554677,-0.9590436490326152,rejected,0.0,0.33753675649547127
r20 q0 & vol_surge5 q1,-5.981223346788727e-05,-0.9111044698791702,0.4929491153166586,rejected,0.0,0.6220485419991264
ear q2 & skew60 q1,3.657027293615507e-05,0.5713488134928135,-0.8313327154696876,rejected,0.0,0.4057856978514348
dist_52wh q2 & r20 q2,9.233285333273134e-05,0.8777925196276104,-0.5246089433781053,rejected,0.0,0.5998550683126855
days_since_earn q1 & rel_ind20 q3,7.335227898622922e-05,0.7951422499745675,0.6068138046415391,rejected,0.006026052407347617,0.5439744857601216
ind_mom60 q4 & rel_ind20 q1,-0.0001905324209830913,-0.7629918549902089,-0.6348838095257994,rejected,0.0005082937591052912,0.5255041972332639
intraday20 q3 & vol_surge5 q1,-0.0001264242517527829,-1.0103053097326642,0.3866227663611126,rejected,0.0,0.6990355010746011
ind_mom20 q3 & overnight20 q1,7.55556765340579e-05,-0.11874629999769937,1.275035342912996,rejected,0.0,0.20229673270193393
close_loc q4 & overnight20 q1,-0.00024610545592049416,-1.2233300138943057,-0.16616349589376242,rejected,0.013562552429277657,0.8680282860959319
dist_52wh q2 & rel_ind20 q0,0.00014174237289162956,0.35698591363400817,1.0313650997265411,rejected,0.014972082644173176,0.30236964068471905
atr_pct q2 & ear_volsurge q0,-0.00011483362539724685,-0.9275584448786476,0.46064374738616953,rejected,0.0,0.64505421956717
dist_ma50 q0 & gap_today q0,2.0614362479906987e-05,0.6086605837662944,-0.778664988903791,rejected,0.0,0.4361770851714611
gap_today q3 & overnight20 q1,-0.00021338144675578342,-1.1381804316528457,-0.24563893678159876,rejected,0.014418640521184752,0.8059617453050909
ear q4 & r120 q2,-9.476127913762418e-05,-0.1734481297404129,-1.2062792745640127,rejected,0.012767531241578983,0.22770982617521832
ins_opportunistic30 q2 & overnight20 q2,0.00028227528496970735,1.2002966863134439,-0.1790877796210155,rejected,0.0,0.857868777334504
dist_52wh q4 & ear_volsurge q2,0.00029639882286900803,1.280205697285343,0.09853383985238254,rejected,0.00947181970091873,0.9215084023741892
intraday20 q3 & range_compress q1,0.00019541245087132856,0.6672521507920102,0.7089917555950007,rejected,0.002205841886647726,0.47832959300984484
max20 q2 & r5_nonews q3,-0.00020931150423940322,-1.2652973751418528,-0.11061772651611301,rejected,0.01040894093698293,0.9119194900288918
ind_mom20 q3 & intraday20 q0,1.797127429570446e-05,-0.4973100161106637,0.877049604461313,rejected,0.0,0.38045969562167525
days_to_earn q3 & r20 q0,0.00014738631932280485,1.0558202544964326,0.31641288655179417,rejected,0.016746436046593528,0.7516891369912453
dist_ma50 q1 & intraday20 q3,-0.0001563493747271222,-1.100248652521258,0.2718251773178459,rejected,0.0,0.7857564451798932
dist_52wh q3 & gap_today q3,-4.030165163902519e-05,0.30439772177821633,-1.0662140375135347,rejected,0.0,0.28632689795073024
dist_52wh q1 & log_dv q3,-0.00016378186359483765,-0.5691561047729777,-0.7951736598059204,rejected,0.011736505920396652,0.42651249156184307
r120 q3 & skew60 q0,-0.00018552221732444872,-1.3347378299256096,0.028315084208323533,rejected,0.0,0.9774108499652315
days_since_earn q1 & ear q4,-0.00017682115691215042,-1.1690081971150996,-0.1938885702973242,rejected,0.015148777180062587,0.8462631334575971
atr_pct q0 & log_dv q3,0.0002014077535689141,0.5271824331822847,0.8346912549841615,rejected,0.006907013462891893,0.40389156671365817
dist_52wh q1 & ind_mom60 q3,0.00014067681067525854,0.45582524734338736,0.9047367847944427,rejected,0.0143733987566285,0.36560484850152714
ear q4 & rel_ind20 q3,7.138188720689852e-05,0.8433847037240355,-0.5140262670841262,rejected,0.0,0.6072336261476092
ev_agreement q4 & ev_shelf q2,0.00010959878557224426,0.8626319972831094,-0.49363559721740274,rejected,0.0,0.6215635560990809
close_loc q1 & ins_officer30 q2,-0.00022493220913585225,-0.284093426347146,-1.071856751078929,rejected,0.013552047961325604,0.28378437829915587
days_since_earn q4 & intraday20 q2,-0.00022892699287315013,-1.3215374177190726,0.033552990975223275,rejected,0.0,0.9732336089077911
ind_mom20 q3 & r20 q0,0.00010258693573870395,0.7040828079709014,0.6445778938745584,rejected,0.0009186878131170878,0.5192007643227364
gap_today q4 & r20 q0,-0.00010849531956476443,-0.5744342881663417,-0.7740789439340509,rejected,0.018811299906005982,0.43888410835362407
dist_52wh q3 & ind_mom60 q0,-0.00019613971623310715,-0.7724963177051218,-0.5743574568577927,rejected,0.004246401522181741,0.56572593554925
dist_ma50 q1 & r120 q2,0.000156417799453793,0.26541118656088963,1.0808244731018497,rejected,0.015927092128355122,0.27977519998712347
ind_mom60 q0 & range_compress q3,6.562251268503112e-06,-0.4121972388588709,0.9334679479277238,rejected,0.0,0.3505784119856502
gap_today q3 & news5 q1,-9.119868515370724e-05,0.05844356800598927,-1.286535710521717,rejected,0.0,0.19825616422340506
days_since_earn q3 & skew60 q3,-9.121789161025967e-05,0.023490397787546354,-1.3211142436912728,rejected,0.0,0.18646327442023794
r5_nonews q1 & r60 q4,0.0001652304100830199,1.2446049508005848,0.09955935639185776,rejected,0.008238254467315976,0.9206941623477972
days_since_earn q1 & dist_ma50 q2,0.0001642693270345029,0.4615954969954632,0.8825344655253131,rejected,0.009819147520742616,0.37748785019711706
dist_ma50 q2 & r120 q3,0.0001977631166431598,0.5128790974880699,0.8312371583570922,rejected,0.008802763649771108,0.4058396671548928
dist_ma50 q2 & max20 q0,0.0002434834092428861,1.1162143926210228,0.22607352649081539,rejected,0.019837970429954027,0.821144234385991
gap_today q0 & mom_12_1 q0,3.24352036474716e-05,-0.2570638434390026,1.0833193700721164,rejected,0.0,0.2786666905052793
dist_52wh q1 & rel_ind20 q3,3.981002134113253e-05,0.5974198438860414,-0.7405304790977923,rejected,0.0,0.45897817416773695
days_since_earn q1 & gap_today q0,0.00014933197744689455,0.6024559449073194,0.7353891174686048,rejected,0.010990172236043948,0.46210254761623903
log_dv q3 & overnight20 q1,0.00020068355401902621,0.9898791628010276,0.3474703235324656,rejected,0.017808769146903613,0.7282380096628256
ear q4 & intraday20 q3,0.00013065409955536302,0.2628249364736949,1.072118412733641,rejected,0.012632226656733985,0.2836668496372603
r1 q1 & vol_surge5 q1,0.00018330320484662694,0.828933484460078,0.5018574142926318,rejected,0.018917646310450103,0.6157678229863137
close_loc q4 & intraday20 q0,2.3542234174145433e-05,0.5388040114898054,-0.7883431567525692,rejected,0.0,0.43049601039587293
range_compress q1 & vol_surge5 q1,-0.0001994047129072005,-1.0682904242566413,-0.25802689606987156,rejected,0.01570701272984347,0.7963861498133338
r5 q4 & vol20 q3,-0.00020561890708591763,-1.303921261019674,-0.021799567005374026,rejected,0.006445581872801711,0.9826078395854635
log_dv q3 & mom_12_1 q3,-7.459299883835916e-05,-0.6073681564143698,0.715946173032387,rejected,0.0,0.47402458627317495
days_to_earn q3 & ear_volsurge q2,0.0001944905765319561,1.124839963574315,-0.19688970833578423,rejected,0.0,0.8439138476004309
ear_volsurge q2 & rel_ind20 q3,0.00022479905279793868,0.8673822535977609,0.4526510126855441,rejected,0.02910300841406182,0.6508000594388292
dist_52wh q1 & r20 q2,-8.624495815997684e-05,-0.8549089428614071,0.46077277065043276,rejected,0.0,0.644961639364191
days_to_earn q2 & dist_52wh q2,1.7793238815198503e-05,-0.3814753448491107,0.9334103361501528,rejected,0.0,0.35060814569359605
close_loc q1 & news5 q1,-0.0001413368297248589,-0.00899422332607368,-1.3054265207792028,rejected,0.012585893899741761,0.1917476526072602
days_since_earn q1 & ind_mom60 q3,7.73486034816255e-05,0.22105506487555343,1.0923453472463154,rejected,0.015136213661788545,0.27468133538682227
overnight20 q0 & vol_surge5 q1,-0.0001806166730950545,-1.2908710902739677,-0.021642659058450617,rejected,0.006996159760201502,0.9827330044833477
ear q2 & r1 q0,0.00012024366825367213,0.8525977308846046,-0.4596241912946933,rejected,0.0,0.6457859920028849
ear_volsurge q2 & intraday20 q3,0.00018710628439012767,0.46524537434508517,0.8455618319901703,rejected,0.00850689820677316,0.39779722546505925
ins_officer30 q2 & r5 q0,-0.00014984614001935372,0.024997845619604366,-1.2857482309850436,rejected,0.0,0.19853094276363495
gap_today q3 & range_compress q3,-8.783551939576415e-05,-0.6715086961473691,0.6292783422460885,rejected,0.0,0.5291668476370346
gap_today q2 & vol_surge1 q3,-0.00020328988913459814,-0.8675222699977577,-0.43031566691871276,rejected,0.030268951591281998,0.666966032075234
ind_mom60 q3 & r60 q1,-0.00018980675470329383,-1.1996758885171053,-0.09510663103105133,rejected,0.008656437959827748,0.9242301311526446
ear q4 & ind_mom20 q3,-0.00016338610390581124,-0.8260260584933111,-0.4654864381747287,rejected,0.022824848434751344,0.6415831466161402
dist_52wh q3 & log_dv q3,6.473102776343919e-05,0.5706681327599235,-0.7207698158135376,rejected,0.0,0.47105114939912296
days_since_earn q0 & ind_mom60 q1,4.966425324716093e-07,-0.5104080026343363,0.7808919070527385,rejected,0.0,0.43486607234815766
ins_buyers30 q4 & ins_officer30 q2,-0.00010926682735632477,-0.6691338255347342,-0.6212048853415719,rejected,0.002180283826269101,0.5344648254912783
ins_officer30 q2 & ins_value30 q4,-0.00010926682735632477,-0.6691338255347342,-0.6212048853415719,rejected,0.002180283826269101,0.5344648254912783
dist_52wh q2 & range_compress q3,0.00015299736881605808,0.008303775189607562,1.2812082136059788,rejected,0.018588421432247294,0.2001205419012921
days_since_earn q1 & intraday20 q3,6.415504393583683e-05,0.40596381591671116,0.8818986777645682,rejected,0.009473638791412015,0.3778316021747592
max20 q0 & r20 q2,0.00020326196536458248,0.49239482772767906,0.7949641419873539,rejected,0.01198728459632551,0.42663436098342855
ind_mom60 q0 & log_dv q1,4.203547639499145e-05,0.5318686757701221,-0.7501289347759392,rejected,0.0,0.4531770543337683
days_since_earn q4 & ind_mom60 q1,-3.075853824045196e-05,-0.5173666940005797,0.7636209193712525,rejected,0.0,0.4450931791830847
ind_mom20 q0 & log_dv q1,0.00012409956703337923,0.9543380511891508,-0.3252554268026826,rejected,0.0,0.7449877625838133
dist_ma50 q1 & news5 q1,-3.313776525149689e-05,-0.4269689675716612,0.8506625113565243,rejected,0.0,0.39495685367630956
days_since_earn q3 & news5 q1,-0.0001377670078740866,-0.27239358749908266,-1.0049237687593033,rejected,0.008777513363148975,0.31493355826809627
ind_mom60 q1 & news5 q1,5.114603695798525e-05,-0.48696932255849806,0.7870625410359254,rejected,0.0,0.4312452561221864
dist_ma50 q3 & vol_ratio q4,3.0293143979596518e-05,-0.3118097004123652,0.9594622293574292,rejected,0.0,0.3373259386745335
intraday20 q2 & rel_ind20 q0,-0.00014845350473128213,-1.0330699109026182,-0.23788813431659547,rejected,0.015631343449659545,0.8119678588153363
dist_ma50 q2 & gap_today q3,-0.00022089138149661056,-0.9435704639782015,-0.32253349325314656,rejected,0.018473809998211223,0.7470485683438672
dist_52wh q1 & r120 q2,0.0001568873675531116,0.9053125850636582,0.3602411953619805,rejected,0.019584031966955642,0.7186667703887539
ind_mom20 q1 & min20 q2,0.00017796473116127448,0.6251915811575364,0.6402079244162991,rejected,0.002770355673392541,0.5220374316173529
ev_agreement q2 & overnight20 q3,-0.0002640326040962411,-0.6911469313791722,-0.5731556441692621,rejected,0.005415343440701261,0.5665393140706219
days_to_earn q3 & mom_12_1 q0,0.00010799297815070839,0.4950962500736516,0.7658081758302966,rejected,0.014911325391183625,0.4437904487500239
days_to_earn q3 & dist_ma50 q2,0.0001304731821762631,0.19766529181601025,1.06278948926598,rejected,0.011811504931870638,0.28787742712401515
ind_mom60 q1 & log_dv q3,9.184318968446277e-05,0.7620023539850015,-0.4961718955577443,rejected,0.0,0.6197731378386133
ear_volsurge q2 & r20 q0,1.9642666797010947e-05,0.4359785167462981,-0.8217207731487957,rejected,0.0,0.41123583359364513
gap_today q1 & ins_officer30 q2,0.0001371257461176878,-0.07030838260352117,1.1833541574079856,rejected,0.0,0.23666881750992513
ear_volsurge q2 & earn_in_week q1,-0.00018108097527072932,0.0,-1.253224882947309,rejected,0.0,0.21012387674898805
ins_officer30 q2 & overnight20 q0,-0.00018259728369602023,-0.057952643514693696,-1.1843324398403503,rejected,0.013428797122847794,0.236281492329576
frog q0 & skew60 q3,-1.339397786141089e-05,0.2948953669915896,-0.9472729913484511,rejected,0.0,0.34349968980022677
gap_today q3 & mom_12_1 q3,0.0001911878023437486,0.621330676491801,0.6204088204862602,rejected,0.002093739894614076,0.5349886667598522
close_loc q1 & vol_surge5 q1,8.857625598916206e-05,0.9250520971137208,-0.3146688996085219,rejected,0.0,0.7530130600517756
days_since_earn q1 & log_dv q3,0.00015159333681826558,0.5602109366022273,0.6792181980852046,rejected,0.002136996647824751,0.4969996183470744
days_since_earn q1 & r20 q0,0.00012636095629813866,0.6311359086358607,0.6048142220901901,rejected,0.005593522906878446,0.5453024427547333
ind_mom60 q3 & vol20 q0,0.0001487804464064818,0.34265275166306364,0.8924212517561726,rejected,0.01027773828392865,0.37216718438060453
close_loc q4 & dist_52wh q1,-0.00011575050648934998,-0.8559259828586585,0.37855813514767955,rejected,0.0,0.7050160155164823
ear_volsurge q2 & ind_mom20 q0,-0.00011714800843230052,-0.08168958694620809,-1.1520060339933191,rejected,0.013716423794655453,0.24931859381553453
days_to_earn q1 & intraday20 q3,-0.0002079706678360895,-0.9695022206425992,-0.26408455799856406,rejected,0.015559642642197941,0.7917147625711821
dist_52wh q2 & ind_mom60 q3,0.00010985607365538084,0.17647840384613991,1.0569272792209616,rejected,0.013540231786213757,0.2905447774698976
days_since_earn q4 & dist_52wh q2,0.00018996230502398197,0.9946665449572845,0.2377241414618466,rejected,0.01604873102491735,0.8120950581760376
days_to_earn q1 & news5 q1,-0.00011706290593490558,-0.8906655836207865,0.33772157070681796,rejected,0.0,0.7355730178093988
range_compress q1 & skew60 q0,7.859408408931643e-05,0.7784274658334879,-0.4492893718323434,rejected,0.0,0.6532229236994049
gap_today q4 & vol_surge5 q1,-0.0001396540785341047,-0.9060613825937824,-0.3208789282092444,rejected,0.017509312226100943,0.7483021430852834
r20 q1 & skew60 q1,-0.00018996895090221032,-0.830921184039593,-0.392907856832157,rejected,0.021652926374902383,0.6943875383999702
days_since_earn q1 & r20 q2,1.9523716083031283e-05,0.7786717561680051,0.44504484844203185,rejected,0.03033774780341157,0.6562873438658334
atr_pct q1 & days_since_earn q3,-3.734378290319537e-05,-0.45021502952304077,0.7692597541914628,rejected,0.0,0.44173912386026504
days_since_earn q0 & r5_nonews q3,4.6703619235873986e-05,0.4990605257286535,-0.720099899506055,rejected,0.0,0.4714634893929093
dist_ma50 q2 & ind_mom60 q0,-0.00019865928088055139,-0.9372569288046348,-0.2801548770582004,rejected,0.011743904068480767,0.7793586838371991
days_since_earn q1 & rel_ind20 q0,0.00014484263255838112,0.8126689345089559,0.4035713537718188,rejected,0.01811411451790654,0.6865279544120438
days_since_earn q3 & dist_52wh q1,-0.00011176046815338902,-0.281744325224021,-0.9331558291187587,rejected,0.008204895217855366,0.35073951709732304
gap_today q3 & vol_surge1 q0,0.0001466482863351719,0.32553295967384516,0.8883068012547085,rejected,0.009345948336821876,0.37437574221974435
dist_52wh q2 & r20 q0,0.000126699834375886,0.6395652277041783,0.5717100294587095,rejected,0.00846682920934782,0.5675184385929146
ear_volsurge q3 & vol20 q2,-0.00020846314827188174,-1.13347352607086,0.07722405774841597,rejected,0.0,0.9384453034754265
intraday20 q0 & vol_surge5 q1,-7.799699858867056e-05,-0.8394644737968316,0.3699649772664993,rejected,0.0,0.7114085858889883
dist_52wh q2 & intraday20 q3,0.0001317011643105904,0.3225095633535653,0.886446936247553,rejected,0.00850690075454069,0.3753767363850141
r20 q1 & range_compress q4,0.00014557945330362427,0.3384961073638749,0.8633404706151503,rejected,0.007941831504423461,0.38795029905455436
days_to_earn q1 & ind_mom20 q1,-0.00015434330197566592,-0.5854967137083781,-0.6154612161625526,rejected,0.003907524382602767,0.5382501747361721
intraday20 q3 & r20 q2,7.644879765728377e-05,0.13962868189867877,1.0583515196881623,rejected,0.01185299738112813,0.2898952130254143
r60 q4 & range_compress q1,9.79626835970661e-05,0.7363183546650721,-0.461398632436527,rejected,0.0,0.6445126324978447
dist_ma50 q4 & ins_officer30 q2,-0.0001600471405795916,-0.887953474960192,0.3079404653545814,rejected,0.0,0.7581276340239598
news5 q1 & r20 q0,5.827962677336557e-05,0.24016754723135056,0.9480595143284944,rejected,0.008483204134201793,0.3430991572963238
frog q2 & log_dv q2,2.1430752472636182e-05,-0.5187842098597473,0.6666147915335053,rejected,0.0,0.5050182184825829
dist_52wh q2 & r60 q4,0.0001670036460550316,1.1094616642801673,0.06381932622500376,rejected,0.002390026105590782,0.9491140895249226
ind_mom20 q3 & rel_ind20 q0,0.00011554775509209007,0.5277927155150081,0.6440423388601556,rejected,0.00012842095113273122,0.5195479794310598
days_to_earn q3 & ear q4,-0.00012872140120364788,-0.8482668211706189,-0.3232720292715077,rejected,0.017368533746640113,0.7464892351195312
r5 q2 & rel_ind20 q4,6.760986843802597e-05,0.5889171387767701,-0.5817830819825611,rejected,0.0,0.5607128010277974
dist_52wh q1 & ind_mom20 q3,4.5383980773074255e-05,0.6839402529194506,-0.48484329235050566,rejected,0.0,0.6277875105722264
atr_pct q0 & ind_mom60 q0,0.00017814997614659919,0.6420028988750444,0.5260460474732139,rejected,0.01481610458776075,0.598856213516455
ear q4 & ind_mom60 q1,-0.00015192996079070467,-1.107255995072461,-0.06031730073498436,rejected,0.002212502574395605,0.951902923038982
days_to_earn q0 & vol_surge5 q1,0.0001287534739779427,0.4963271553534412,0.6650353396785736,rejected,0.004995993649546698,0.5060278898913695
dist_52wh q3 & news5 q1,2.1679290519243543e-05,-0.3994967293264546,0.757854949239382,rejected,0.0,0.4485378225617816
ind_mom20 q0 & overnight20 q2,8.571817611296408e-05,0.027425433649312395,1.1284945204049273,rejected,0.011655814041991132,0.2591111297332656
ear_volsurge q2 & range_compress q3,0.0001958389095042953,0.7082215624571113,0.44552194017747576,rejected,0.028932717209841707,0.6559426079098543
ear_volsurge q2 & ind_mom60 q1,0.00010175726802773008,0.1837285825613869,0.9696642009642473,rejected,0.006204073722043755,0.33221390019770897
dist_ma50 q1 & r20 q2,-6.426183890638801e-05,-0.6477433520083286,0.505342649653858,rejected,0.0,0.6133181921088965
log_dv q3 & range_compress q3,0.00010441225184506927,0.11397589872577626,1.0361276490878841,rejected,0.013750537266538972,0.3001425947064327
days_since_earn q4 & max20 q0,-0.00018683849326148788,-0.6652001742980564,-0.4814552057387439,rejected,0.020147593025200583,0.6301930087461219
ear_volsurge q3 & r5_news q2,-9.65819468181089e-05,0.15612911370552118,-0.9871827755678516,rejected,0.0,0.32355304418727393
range_compress q1 & rel_ind20 q3,0.00014360623609834908,0.42162205443867606,0.7193467639488402,rejected,0.006940246706249204,0.47192728921132476
dist_52wh q2 & ind_mom60 q1,0.00012550008902388263,0.02656763145895414,1.1136941239017975,rejected,0.011158235555587412,0.2654104310377183
max20 q0 & r20 q0,-0.00019360142121010714,-0.7624878789864458,-0.3760490327383003,rejected,0.018588652044603384,0.7068804438984586
frog q1 & log_dv q3,-2.3256332113049463e-05,0.31650541566036683,-0.8211146625237028,rejected,0.0,0.411580958924139
log_dv q1 & mom_12_1 q0,5.9701773362349234e-05,-0.15323506320143987,0.9815477444541801,rejected,0.0,0.3263227020373106
log_dv q1 & news5 q1,0.00010501288347260324,0.13848646651692284,0.9949351409408798,rejected,0.009119977594859866,0.31976781029453977
gap_today q3 & intraday20 q3,6.652120438440158e-05,-0.12570606761391864,1.0039030903337416,rejected,0.0,0.315425326871363
atr_pct q3 & mom_12_1 q2,-2.7631977269855792e-05,-0.40902274625455026,0.718722785809614,rejected,0.0,0.4723117410293021
dist_52wh q3 & overnight20 q1,0.0002552486582947082,1.1086023507856773,0.01630894815937548,rejected,0.006647065294014687,0.9869879188926944
days_since_earn q4 & overnight20 q1,0.0001113848911163249,0.2958465595120212,0.827650705863403,rejected,0.006934468337241655,0.4078683432542564
dist_ma50 q0 & news5 q1,-3.2394410260216026e-05,0.2029968311039938,-0.9195325632206922,rejected,0.0,0.35781708140472723
close_loc q4 & intraday20 q3,0.00011337605181902305,0.2196127183009967,0.9018611225524393,rejected,0.012379707781926675,0.3671306457767247
days_since_earn q0 & dist_ma50 q2,0.00014727028881691173,0.8315525136705113,0.28809764158743423,rejected,0.00792493733141684,0.7732719978700249
range_compress q3 & rel_ind20 q0,-9.230529977970561e-05,-0.08025687909533005,-1.0298768313798001,rejected,0.011667657954665954,0.3030678279851276
intraday20 q3 & range_compress q0,7.689136103125556e-06,-0.5878383223200856,0.5206992436731195,rejected,0.0,0.6025763013576603
days_since_earn q3 & log_dv q1,-0.000151217637480995,-0.5960135265235105,-0.5108125027849979,rejected,0.019465705901821805,0.6094823535244972
dist_ma50 q0 & ind_mom60 q1,3.643548579157258e-05,-0.21658944229765972,0.8889912880358009,rejected,0.0,0.374007761916205
days_since_earn q0 & dist_ma50 q0,1.5739377791261578e-05,0.490399130893424,-0.6110034500546025,rejected,0.0,0.5411972962956284
gap_today q4 & range_compress q3,0.00016627778246457297,1.0280443568997373,0.06834907410853808,rejected,0.002994366456343476,0.9455077599441541
days_since_earn q0 & vol_surge5 q1,8.31328635831438e-05,0.14017368900758265,0.9525483127494335,rejected,0.008065140972206869,0.34081897622829294
intraday20 q1 & max20 q1,0.0001786116371259237,0.8634830905171044,0.2291408304323392,rejected,0.01680438599628628,0.818759459475767
dist_52wh q1 & range_compress q0,-6.7347019999323e-05,0.1244244107525256,-0.9653403528050911,rejected,0.0,0.33437436644361757
ind_mom20 q0 & vol_surge5 q1,-6.990459856873921e-05,-0.11095242030258283,-0.9741534188352632,rejected,0.00807441824977357,0.3299803692307021
ind_mom60 q1 & range_compress q1,-0.00014187521999988527,-0.9322225804778966,-0.1513124779742694,rejected,0.010454576451516281,0.8797292266132508
close_loc q3 & r5_nonews q4,0.00010195919182001279,0.46948093805705937,0.6120373275166698,rejected,0.004775975001508977,0.5405130611997937
r20 q0 & range_compress q0,-5.598708528934603e-05,-0.07282461369512347,-1.0077123024764358,rejected,0.007070530034913277,0.3135925972087941
gap_today q4 & r120 q2,9.819603117125433e-05,0.7232844218527003,-0.3565437011584676,rejected,0.0,0.7214334306898369
atr_pct q1 & overnight20 q3,4.457269893792988e-05,-0.2270020636504618,0.8507928478701015,rejected,0.0,0.39488443534033835
rel_ind20 q3 & skew60 q2,0.0001631680053687784,0.5395820013853915,0.5361409769178015,rejected,0.013200512801477526,0.5918611219232623
atr_pct q0 & ind_mom60 q4,0.00015517770747552472,0.6031151552994457,0.4715563731871378,rejected,0.02054031297727184,0.6372434727725609
dist_52wh q2 & log_dv q3,0.00015331679233927182,0.3463867387229221,0.7277818526022419,rejected,0.004992569384777537,0.4667471351009201
mom_12_1 q3 & news5 q4,0.0001200238060476793,0.10492359411101057,0.9672699263524597,rejected,0.007099209551289094,0.33340911355933495
days_since_earn q3 & ear_volsurge q2,-0.00018670386441159968,-0.8417237339564068,-0.22990676816678424,rejected,0.01557057262056305,0.8181642169571668
r20 q2 & range_compress q1,0.00016871744526824966,0.9351604838655208,0.13419446562851325,rejected,0.007700631995324179,0.8932488021188931
days_since_earn q4 & r120 q2,0.00018331334628461266,1.032430428650723,0.026414773456594234,rejected,0.005736048041059471,0.9789265107473384
days_to_earn q3 & range_compress q3,0.00015108980395276268,0.6095871959862498,0.44923278854853943,rejected,0.028510381067613222,0.6532637368558205
r20 q3 & vol_surge5 q1,0.0001258520819189314,0.10399111626777426,0.9518346178563649,rejected,0.008461475481414363,0.3411808624661805
overnight20 q2 & r5 q3,-3.2323307685383325e-05,-0.4808552222856975,0.5725985000678059,rejected,0.0,0.5669165755345111
days_to_earn q3 & max20 q4,6.137732797275715e-05,0.21744996349981685,0.8343396963331047,rejected,0.005732106558518207,0.4040895885210363
ind_mom60 q1 & min20 q0,-5.7735247030406536e-05,-0.8767791719071445,0.1746901504746203,rejected,0.0,0.8613231075506397
dist_ma200 q0 & gap_today q1,-7.82010996224006e-05,-0.22447627726789562,-0.8265950232560845,rejected,0.007226263284928815,0.4084666391101996
r120 q4 & r20 q3,0.0001601220515731003,0.8963528813058234,0.15436173204164283,rejected,0.01096220325409126,0.877324525373296
r5_nonews q3 & vol_surge5 q4,-8.034154596203037e-05,-0.7937525095442052,0.2559207646485671,rejected,0.0,0.7980120205578269
dist_ma200 q3 & ind_mom60 q0,-0.00015864720395271514,-1.0201848259760187,0.026351893975757535,rejected,0.0,0.9789766638559477
mom_12_1 q1 & range_compress q1,-7.146988459987148e-05,0.044714196939502765,-0.9979514476549489,rejected,0.0,0.3183029026987858
ind_mom60 q1 & intraday20 q0,8.096262658554526e-05,0.34644450224924117,0.6882685041181975,rejected,0.002696042182488974,0.4912837117581988
vol20 q3 & vol_surge1 q2,-4.136650702319098e-05,-0.4786764587282328,0.554664867377623,rejected,0.0,0.5791239109856856
intraday20 q2 & r20 q2,0.00013952934522811297,0.2688818416402453,0.7605379550898349,rejected,0.014169552543971089,0.4469330907521604
close_loc q3 & r5 q2,0.00017847870299165264,0.8292973326535639,0.1941960752549646,rejected,0.013229404204786313,0.8460223558682582
dist_ma50 q0 & max20 q0,-2.7400400245371387e-05,0.1936789756949897,-0.8255738796218824,rejected,0.0,0.4090458573670015
frog q4 & vol20 q1,0.00013494368169206477,0.7789293523350151,-0.23832135681943478,rejected,0.0,0.8116318581418321
mom_12_1 q3 & overnight20 q1,0.00017163535269723587,0.7539739869029741,0.2597561644669503,rejected,0.013141477257984409,0.7950518661766578
days_to_earn q3 & gap_today q4,0.00012889388030983725,0.7356513559209565,0.2748349943154146,rejected,0.010730630928965302,0.7834430113922686
dist_52wh q3 & vol_surge5 q1,-2.961527395476012e-05,-0.3918448895785819,0.6149705537166652,rejected,0.0,0.5385741670384251
ind_mom60 q1 & r60 q0,6.712618664336097e-05,-0.12128893909559081,0.8844536038000157,rejected,0.0,0.3764513974851311
ind_mom60 q0 & overnight20 q1,0.0001423059371922691,0.8918440215666095,-0.11359854376112147,rejected,0.0,0.9095560417895273
ind_mom20 q4 & vol_surge1 q1,-0.00010855045122518349,-0.6902384672877564,0.3139702508946224,rejected,0.0,0.7535436334430217
gap_today q0 & log_dv q3,0.00011789290000840262,0.8904722471181894,0.1114061932042175,rejected,0.008943016911396394,0.9112942491682696
days_since_earn q1 & mom_12_1 q0,7.347311860458775e-05,0.13992250658632233,0.8560647184979783,rejected,0.005550476554914979,0.3919619825914016
mom_12_1 q3 & range_compress q1,3.210132902249546e-05,-0.15264921773909057,0.8412402093421318,rejected,0.0,0.4002133787566977
days_to_earn q2 & gap_today q0,-0.00013995976591940556,-0.8572761420272351,0.12885515697382832,rejected,0.0,0.8974722603193667
ev_red_flag q2 & ind_mom60 q2,0.00020172613805793146,0.8400686627171773,-0.14322301368875684,rejected,0.0,0.886114054893659
dist_ma50 q3 & r5_nonews q3,0.00014329793738871894,0.3532556724230906,0.6270730292906775,rejected,0.002040381851554854,0.5306113655003759
news5 q1 & vol_surge1 q2,-0.00014244163160053382,-0.7350763707490735,-0.2439689873978295,rejected,0.014324146667386474,0.8072548387474402
close_loc q4 & dist_ma50 q0,7.603139740347264e-05,0.8571999927154897,0.1134532347639963,rejected,0.008353097778131043,0.9096712368733736
ev_red_flag q2 & frog q0,-6.086017968530395e-05,0.18439926969039078,-0.7842401526127016,rejected,0.0,0.4328992088009368
r5 q2 & r60 q1,9.768792123705602e-05,0.595346268414115,-0.3718639477458789,rejected,0.0,0.7099941488001296
atr_pct q0 & news5 q1,0.00012485756689120696,0.6001312246869887,0.3662457959497374,rejected,0.016988712164771054,0.7141816723041463
news5 q1 & r120 q2,9.519690275088594e-05,0.6641451502531599,-0.2963328908353198,rejected,0.0,0.7669758700542867
gap_today q0 & r120 q3,5.692769605732765e-05,-0.11352021980074449,0.846704977374318,rejected,0.0,0.3971595837097618
dist_52wh q1 & dist_ma50 q2,8.791667505891121e-05,0.15324081151321595,0.8068656164190918,rejected,0.0076428499899231905,0.41974391023387586
dist_52wh q3 & vol_surge1 q3,1.495157051864947e-05,-0.26427058348645677,0.6930950349288115,rejected,0.0,0.4882499133414799
frog q3 & rel_ind60 q3,0.00013374857410278465,0.4301613106170046,0.5263888638099037,rejected,0.012803210921588946,0.5986180515244752
days_since_earn q2 & vol_surge1 q3,-0.00010184371515239631,-0.5018167474033282,-0.4546545949113757,rejected,0.023360503252480437,0.6493577512017503
ind_mom60 q1 & overnight20 q0,-9.058784589452347e-05,-0.6118842825521631,-0.34053169208472717,rejected,0.015941661880187145,0.7334561604790686
dist_52wh q2 & overnight20 q4,-6.914439938622417e-05,-0.11090012588743092,-0.8335870618165198,rejected,0.005282479866540149,0.40451371890681065
days_since_earn q1 & ind_mom20 q0,6.049709741586338e-05,0.3609356216348178,0.5830473247863838,rejected,0.002556975968306547,0.5598614423509582
close_loc q3 & rel_ind20 q0,0.00011288684276153443,0.7560694359373858,0.18770697647497844,rejected,0.01743657606791475,0.8511063610492481
days_since_earn q3 & rel_ind20 q0,-8.284434712229371e-05,-0.35955975393971196,-0.5822350639670067,rejected,0.002519102389669516,0.5604083580870658
dist_ma50 q0 & vol_surge5 q1,1.504527506625177e-05,-0.24933569664909175,0.6914483615964685,rejected,0.0,0.48928382116534763
intraday20 q0 & r120 q2,-4.8478973562504186e-05,-0.008650777933056233,-0.9239366306556639,rejected,0.008377785011953819,0.3555193099438624
ear q2 & r1 q1,-0.00011591165025395544,-0.13503640223095204,-0.7972726800641633,rejected,0.008530711538984954,0.42529268339735343
log_dv q1 & mom_12_1 q2,-0.00015066980277870525,-0.8152595407230911,0.11623544124887389,rejected,0.0,0.9074659490542816
dist_ma50 q0 & frog q4,-6.478664800897187e-05,-0.4610372897269193,-0.46849461186857144,rejected,0.017941994627447038,0.6394309232626949
overnight20 q0 & rel_ind20 q3,4.1838456094676466e-05,0.3850202649824916,0.5431116967010625,rejected,0.011128383500041614,0.5870528997328723
dist_52wh q3 & ind_mom20 q3,-9.40232632157227e-05,-0.6480265193608162,0.2800314607152212,rejected,0.0,0.7794533679380918
ins_value30 q2 & vol20 q3,-0.00017301110501745365,-0.4160587513378711,-0.5110718089997643,rejected,0.017236965113620207,0.6093007751525834
days_since_earn q1 & intraday20 q0,0.0001267527203074992,0.8502502888453806,0.07354089160318346,rejected,0.0056739022581577675,0.9413757053565495
intraday20 q0 & range_compress q3,8.068307524002824e-05,0.6142699888494404,-0.3077900837970912,rejected,0.0,0.7582420675291708
dist_52wh q1 & vol_surge5 q3,0.00010220515741943452,0.7350983646265806,-0.18643656143011933,rejected,0.0,0.8521024231363901
ind_mom60 q1 & rel_ind20 q0,3.504872933419974e-05,-0.2582230848551888,0.6559388129499023,rejected,0.0,0.5118634939117293
dist_52wh q3 & r5_nonews q4,-2.062147614129848e-06,-0.3535760196433952,0.5551410278513769,rejected,0.0,0.5787982017959141
days_to_earn q2 & earn_in_week q1,-0.00014010741428890995,0.0,-0.9068399306665533,rejected,0.0,0.3644914505043863
log_dv q1 & overnight20 q1,-0.0001517809305657848,-0.7589316187114088,-0.14580633032977,rejected,0.009131892892676645,0.8840742784344782
mom_12_1 q4 & vol_surge1 q2,-0.00010590750960706458,-0.5091888907217983,-0.3948405315799247,rejected,0.018348879428698284,0.6929605802674159
days_since_earn q1 & ind_mom60 q0,-6.61796291315243e-05,-0.6178216408274335,0.28315387973789613,rejected,0.0,0.7770588807587729
days_since_earn q1 & r5 q4,-9.033702303870061e-05,-0.33439553054354254,-0.5639983986016207,rejected,0.009217965442279102,0.5727552219904319
dist_52wh q3 & ear_volsurge q3,-6.29721647491397e-05,0.03336474888649093,-0.8562864077464645,rejected,0.0,0.3918393776939815
dist_52wh q2 & gap_today q3,-0.00012546716578500702,-0.7003884016229323,0.18886342493193614,rejected,0.0,0.8501998603081311
ins_opportunistic30 q2 & r60 q1,-0.00017371415568593094,-0.42692923511333963,-0.4611819810873502,rejected,0.019462374429127807,0.6446680482266656
dist_52wh q1 & gap_today q4,4.011528253706608e-05,0.4762099879980099,-0.4097840103520468,rejected,0.0,0.6819643966433906
ear q0 & min20 q2,6.029702576788996e-05,0.6542015935502328,-0.22930868662483378,rejected,0.0,0.8186290023979488
days_since_earn q3 & ind_mom20 q3,0.00011723925313526696,0.5207538990648669,0.36164411073278013,rejected,0.016786583555592375,0.7176179970255236
days_since_earn q4 & vol20 q3,-7.422954910651591e-05,-0.281871768605446,-0.6003389013522898,rejected,0.004033543315010109,0.5482803979291735
ind_mom20 q0 & intraday20 q3,3.5739553512953006e-05,0.05855089300549601,0.8224290602040886,rejected,0.007979397319951495,0.4108327457497513
mom_12_1 q0 & r120 q2,-2.018696027407017e-05,0.25982945026374676,-0.6187616902438985,rejected,0.0,0.5360733631900275
r20 q3 & vol_ratio q4,0.00014196409395423023,0.821513144601215,0.05292470294801421,rejected,0.0023486115225682417,0.9577919018691556
log_dv q3 & r20 q3,0.00013637713121239097,0.757501352201171,-0.11500971834422949,rejected,0.0,0.9084374190368123
days_since_earn q4 & rel_ind20 q0,3.239806976064379e-05,0.46548585392741515,-0.40344690413486983,rejected,0.0,0.6866194874474495
close_loc q4 & days_since_earn q4,-0.00013040192251014107,-0.8183170489365952,-0.049359572217517245,rejected,0.002217261882479259,0.9606327455641936
mom_12_1 q3 & overnight20 q0,-0.0001269425176293437,-0.8431736083305892,0.02205709946798905,rejected,0.0,0.982402407807263
ins_buyers30 q2 & rel_ind20 q1,-6.0255103595190394e-05,-0.4178741874473841,0.44334077502717467,rejected,0.0,0.657519266953784
days_to_earn q1 & ind_mom20 q3,-0.0001299358652539054,-0.5676839873138262,-0.2931357310199919,rejected,0.007811063030537073,0.7694184063366065
dist_ma50 q2 & ind_mom20 q0,1.947871357108913e-05,0.34141575049469003,-0.5174098783040754,rejected,0.0,0.6048700653856993
mom_12_1 q0 & vol20 q3,-5.589861911165146e-05,0.06442373840511294,-0.7919831697483872,rejected,0.0,0.4283704897554664
days_since_earn q0 & r120 q2,0.0001349026396343567,0.4771091156684532,0.3791823735582967,rejected,0.01647850444263328,0.7045524398312641
days_since_earn q1 & range_compress q0,4.875118271415425e-05,0.006029115487444403,0.8483987982106572,rejected,0.0053589893814338175,0.39621591173784515
days_to_earn q4 & news5 q4,0.0001409974116932159,0.7948162537516932,-0.05953366907900138,rejected,0.0,0.9525270489780189
range_compress q0 & rel_ind20 q3,-2.0442844796118837e-05,-0.7541295787879251,0.09869125442381231,rejected,0.0,0.9213834129238321
dist_ma50 q4 & ins_buyers30 q2,-0.00016334079263032367,-0.7683343466910802,0.08273715140705565,rejected,0.0,0.9340605435791516
r5_nonews q4 & vol_surge5 q0,-0.00010143563712357054,-0.727125012942689,-0.12099261970205372,rejected,0.008753303089078013,0.9036968808730952
overnight20 q1 & skew60 q0,-0.00011325551821544751,-0.5125366507756975,-0.33150447133163,rejected,0.014346919222894628,0.7402634641187285
ind_mom20 q1 & max20 q3,1.825065204377868e-05,0.3396958543789696,-0.48300047026016657,rejected,0.0,0.6290954023184372
r5 q2 & vol_surge1 q3,9.075652379790845e-05,0.5851568790945735,-0.23408105370208943,rejected,0.0,0.8149220543209938
days_since_earn q3 & range_compress q1,-6.774030660618777e-05,0.040523234118874686,-0.7774962001138147,rejected,0.0,0.43686607546864753
gap_today q3 & ind_mom20 q3,-5.829476037795877e-05,-0.4814873617327186,0.33572776577718505,rejected,0.0,0.7370761658271854
ear q3 & news5 q1,-8.473625840514165e-05,-0.666231030640526,0.15073844486335836,rejected,0.0,0.8801820451065334
atr_pct q0 & days_since_earn q3,9.321454261910241e-05,-0.029516359183791842,0.7853683766261396,rejected,0.0,0.4322376163284417
days_since_earn q0 & r20 q0,4.782865036175878e-05,0.6161807062538962,-0.19448713231654344,rejected,0.0,0.8457944702906641
ear_volsurge q4 & mom_12_1 q1,6.780066630619793e-05,0.11610211818286785,0.6944279670915949,rejected,0.002484209183498646,0.48741385990768626
r60 q3 & range_compress q1,-0.0001363249050540778,-0.6991718938903837,-0.10982434444515703,rejected,0.00925170385000008,0.912548683750778
ind_mom60 q1 & r20 q0,5.788472348302693e-05,0.2260718025168343,0.5729813726106935,rejected,0.005746277412599935,0.5666573064042257
ind_mom20 q0 & news5 q1,1.008234182131927e-05,0.32097880810480867,-0.47694144134143457,rejected,0.0,0.6334038210522345
ear q1 & r5_nonews q1,-9.829757568499127e-05,-0.2612423383217875,-0.5349790043002632,rejected,0.012284482671992624,0.5926643757223709
days_since_earn q0 & log_dv q3,0.00011254504543103201,0.6000434351466989,0.19390953175084635,rejected,0.01201538244471158,0.8462467201009868
days_since_earn q1 & overnight20 q0,3.9607819082988645e-05,0.2907244376597455,0.49768778170966854,rejected,0.014508598119329905,0.6187041212714732
days_to_earn q2 & r5_nonews q2,0.00012051148444520427,0.3950752788876213,0.3910830225921164,rejected,0.0175811510338978,0.6957358693214603
ind_mom60 q0 & r120 q2,8.513331088403169e-05,0.12888690864201577,0.657076443663863,rejected,0.0016804709084824844,0.5111317646816587
dist_52wh q1 & ind_mom60 q0,-6.586412038741682e-05,-0.0017439472029354332,-0.7791549764561395,rejected,0.011802827580062868,0.4358884284259879
days_to_earn q3 & log_dv q3,0.00010922298276667351,0.631548664313504,0.1484921706171377,rejected,0.00926312713276408,0.8819543644011961
dist_ma50 q1 & ind_mom60 q0,-5.5798282763896726e-05,-0.4735561127726462,0.30508762737699385,rejected,0.0,0.760299414202947
r1 q0 & rel_ind20 q1,-3.813977862202667e-05,-0.4004772005148122,0.372408929002082,rejected,0.0,0.7095884068875797
overnight20 q4 & r5 q2,0.00010333096187499831,0.44551182126070166,0.3269197035301456,rejected,0.014186635140062938,0.7437286179539098
days_to_earn q1 & r120 q2,-6.711666654990328e-05,-0.5269720500621984,0.24401571073669684,rejected,0.0,0.807218652240405
max20 q0 & news5 q1,1.0443309837813128e-05,-0.2961451358664108,0.4743629339714138,rejected,0.0,0.6352411201727406
dist_52wh q1 & log_dv q1,0.00010249508138135345,0.4410079121801781,0.3237542181837891,rejected,0.01456205278981203,0.7461241194378333
ear_volsurge q2 & ind_mom20 q3,4.8351152703576006e-05,0.5556023577042335,-0.2083867258916582,rejected,0.0,0.834927020036542
ear q4 & vol_surge5 q1,-7.141363679295298e-05,-0.6970087010888508,0.05996957827395973,rejected,0.0,0.9521798640872688
close_loc q3 & vol_surge1 q3,2.140151148912771e-05,-0.106016134426084,0.6491472709580629,rejected,0.0,0.5162431900462294
ev_shelf q2 & max20 q3,-6.284059943149515e-05,0.04349079197924885,-0.7017497312950388,rejected,0.0,0.48283525296047775
ear q4 & ear_volsurge q2,-8.916727751812845e-05,-0.19141139005542673,-0.5507249276748429,rejected,0.009974422677587639,0.5818222537473605
dist_52wh q1 & max20 q0,-9.676533787257173e-05,-0.2758459736462897,-0.463362633612733,rejected,0.017893337676581706,0.6431044576877689
r5 q0 & vol_surge5 q1,-6.892380760073121e-05,-0.42088559792348146,-0.31799675799434196,rejected,0.013073996008954494,0.7504873961172905
days_since_earn q0 & dist_52wh q1,7.076552531212425e-05,0.5452991682810492,-0.19090769600515842,rejected,0.0,0.8485979105294591
dist_52wh q2 & log_dv q1,-1.9669330272436823e-06,-0.2675752511164621,0.4669180197921494,rejected,0.0,0.6405585323863059
ind_mom20 q0 & ind_mom60 q1,-2.1655274245311687e-05,-0.28344046763537756,0.4468992404150166,rejected,0.0,0.6549478124470582
days_since_earn q2 & r1 q3,8.307015645816423e-05,0.1333513313908141,0.5964757108979049,rejected,0.005071992262703035,0.5508574753670527
r5 q0 & range_compress q3,6.293007327888495e-05,0.15715739649327043,0.5697747673042415,rejected,0.0073698981828705,0.5688304716644043
r20 q4 & rel_ind60 q2,9.210056647955405e-05,0.6809889330950364,-0.038180715718496315,rejected,0.0,0.969543596311165
gap_today q4 & r20 q2,-2.5884290853630726e-05,-0.3514076722716214,0.36555695892900214,rejected,0.0,0.7146956970559761
dist_52wh q2 & intraday20 q0,6.06356064199023e-05,0.44514458808112367,-0.27166681606662074,rejected,0.0,0.7858782188947703
dist_ma50 q2 & log_dv q3,-4.918979186495049e-06,-0.27155824411215274,0.44231579835583473,rejected,0.0,0.6582607003229817
mom_12_1 q3 & news5 q1,0.00010326805119320557,0.520917060002033,0.19206987591031213,rejected,0.012959511959257302,0.8476874711070697
log_dv q2 & rel_ind20 q0,-6.378116176712479e-05,-0.308902639708758,-0.3915498514643811,rejected,0.01726373775691031,0.6953908476907807
dist_52wh q1 & mom_12_1 q0,6.818659762084166e-05,0.052433093646594764,0.6464004158736795,rejected,0.002209913564180419,0.5180200711532599
ind_mom60 q0 & max20 q0,-6.463762307678203e-05,-0.40941215418836757,0.2881682733802533,rejected,0.0,0.7732179333194912
gap_today q1 & intraday20 q0,-3.182829170691855e-05,0.07897560534850946,-0.6138682148211914,rejected,0.0,0.5393024156549007
days_since_earn q3 & intraday20 q3,-8.341631760677617e-05,-0.2741068374195788,-0.41650002321597535,rejected,0.017058271865888208,0.6770441503918236
close_loc q1 & ind_mom20 q3,-8.677113135753665e-05,-0.5636427864931465,-0.12314677438004579,rejected,0.0072399403627393345,0.9019908725338763
ear_volsurge q2 & r20 q2,-0.00011249405747909482,-0.36780067261419896,-0.31509963384281076,rejected,0.01155985558878454,0.7526860065198127
days_since_earn q1 & gap_today q4,4.001224652818351e-05,-0.08499489144358018,0.5937063822696398,rejected,0.0,0.5527085135885066
gap_today q0 & r60 q4,-6.453103098706065e-05,-0.28583411251503565,-0.3927896815716034,rejected,0.01710244706605098,0.6944748263436056
ear q4 & log_dv q1,7.243508406284345e-06,-0.16610256290312395,0.5111431037409362,rejected,0.0,0.6092508554483334
overnight20 q0 & skew60 q1,-3.5480994917939456e-05,-0.3616815388479041,0.3081198364289491,rejected,0.0,0.7579911477489175
mom_12_1 q4 & vol_ratio q4,-4.5157466287827064e-05,-0.1059862404263204,-0.5617970944989712,rejected,0.007359469843704777,0.5742542719266154
close_loc q4 & log_dv q3,9.376831479697362e-05,0.3748388024879196,0.2918586635471986,rejected,0.00752924451781006,0.7703946897937015
mom_12_1 q3 & vol_surge5 q1,2.6820182173541057e-05,-0.11700947717090741,0.5478636698109692,rejected,0.0,0.5837855162597014
mom_12_1 q4 & r5_nonews q1,7.405923980179911e-05,0.39608257033766164,0.26606587070668947,rejected,0.012314617132215568,0.7901884791106257
days_since_earn q4 & dist_ma50 q2,1.4151921140421025e-05,0.23938772037619996,-0.4202676341100068,rejected,0.0,0.6742899511862864
r120 q2 & vol_surge5 q3,4.6503326282702224e-05,0.3699038198174998,-0.28326551107064324,rejected,0.0,0.7769733131721049
skew60 q3 & vol_ratio q2,8.985609787611077e-05,0.35932155204638233,0.2889325260851506,rejected,0.005933093075576479,0.772633012516538
dist_52wh q2 & vol_surge5 q3,8.674421946487781e-05,0.1720227928712841,0.47377467552735986,rejected,0.015654439217979862,0.6356605953711609
ind_mom60 q1 & r5 q0,4.53427301615688e-05,0.19355173438436715,0.44969123590953824,rejected,0.02167797075826755,0.6529330915992413
r5_nonews q0 & vol20 q3,7.723154506338906e-05,0.6049791117180267,-0.0368160075672636,rejected,0.0,0.9706317105082221
dist_ma200 q4 & vol_surge1 q2,-3.19258991327123e-05,-0.35259364341706717,0.28737537480112013,rejected,0.0,0.7738249144051734
ev_offering q2 & skew60 q1,-0.00014933799355918586,-0.45497771204977117,-0.18139348417277038,rejected,0.013564415180436523,0.8560587329216651
overnight20 q4 & rel_ind60 q4,8.822560867751074e-05,0.5876377828315174,0.04706779342650828,rejected,0.0024502333282760275,0.9624591959988339
close_loc q2 & log_dv q2,-9.163573890785032e-05,-0.5049481150114337,-0.125881792642403,rejected,0.006211390703567021,0.8998254953823119
gap_today q3 & rel_ind20 q3,9.008655854230361e-05,0.2993371786340318,0.3314614234091644,rejected,0.013189730031722384,0.7402959752374769
r60 q4 & vol_ratio q3,4.2703580122802045e-05,0.06530916307112469,0.5650113513582381,rejected,0.007239774868352122,0.5720660432845255
ind_mom20 q0 & range_compress q3,5.5220364717080286e-06,0.22822978386312254,-0.39526301816406195,rejected,0.0,0.6926487891770322
gap_today q3 & max20 q0,-9.351876124625843e-05,-0.25108308962099035,-0.37222138226235324,rejected,0.014702455586037373,0.7097280273071236
r120 q2 & r20 q0,-2.6704145414114103e-05,0.030154952558887532,-0.5908800211476064,rejected,0.0,0.5546008133124672
dist_ma200 q2 & rel_ind20 q1,6.182865176781128e-05,0.01918631541687841,0.598285739773596,rejected,0.004242406887379045,0.5496492900539528
min20 q2 & vol_ratio q1,-6.259669867323718e-06,0.14718853782368432,-0.4651923180187853,rejected,0.0,0.6417937394672253
dist_52wh q3 & ind_mom20 q0,6.6460241919894e-05,0.4543431830542161,-0.14751013559688894,rejected,0.0,0.882729380194249
days_to_earn q2 & max20 q2,-5.3697844635149356e-05,-0.3718466710815799,0.2279971899166319,rejected,0.0,0.8196484251183787
gap_today q3 & ind_mom60 q1,-0.00010874312576000446,-0.5375636741238751,-0.05022244128030282,rejected,0.0019974663067287572,0.9599451285617057
ind_mom60 q1 & r5_nonews q0,4.385634412444165e-05,0.5006041141983841,0.0860355131997491,rejected,0.0055841660806280466,0.9314381864275273
dist_ma50 q1 & intraday20 q0,-4.81242917271222e-05,-0.3564481480231451,0.22839750245686033,rejected,0.0,0.819337230898273
dist_ma50 q3 & vol_surge1 q3,7.974305302592711e-05,0.25586470121004834,0.3281474987534834,rejected,0.012281328143172144,0.7428001417054597
gap_today q4 & vol20 q0,6.844319036659615e-05,0.24943250605061842,0.3337442648981683,rejected,0.012853712156652083,0.7385725442529306
days_since_earn q3 & r20 q3,1.9873181750242755e-06,0.19146474923212295,-0.3860623841364005,rejected,0.0,0.6994504674270593
intraday20 q3 & mom_12_1 q0,1.4042564731164908e-05,-0.1226508392474853,0.45479915239370344,rejected,0.0,0.6492537401030334
frog q3 & max20 q1,-2.140261199568313e-05,0.10719632870885847,-0.465517723960597,rejected,0.0,0.6415607473897442
vol20 q2 & vol_surge1 q3,-9.951054308185024e-05,-0.3053410746510322,-0.26732683401475654,rejected,0.01123429609763859,0.7892175277726279
ind_mom60 q3 & log_dv q3,6.73795834960461e-05,0.4545812072293792,-0.11754001534836651,rejected,0.0,0.9064321361316148
ear q4 & intraday20 q2,-6.324685836421735e-05,-0.34550367940446397,-0.21631224255464024,rejected,0.012479829166193343,0.828744366784687
days_since_earn q0 & intraday20 q0,5.018671077735499e-05,0.47184707290117084,0.08630566166053975,rejected,0.005058607561557066,0.9312234379176579
dist_ma50 q2 & ear q4,-7.619987918280577e-05,-0.489546821018316,-0.06206219382559625,rejected,0.001367501259851314,0.9505133038900351
dist_52wh q1 & intraday20 q3,-8.144558072850297e-05,-0.45531722504838057,-0.08773837442478441,rejected,0.00554464446867196,0.930084618836514
mom_12_1 q3 & rel_ind20 q0,-2.981516843852054e-05,0.026205734712292646,-0.5129327131022402,rejected,0.0,0.6079983893314855
days_to_earn q3 & ind_mom60 q0,4.7678269603646143e-05,0.16360444233891464,0.3732630985800741,rejected,0.013017943002871268,0.7089526380605549
ind_mom60 q0 & r20 q2,-4.962226413169463e-05,-0.4229153959709243,0.11258179478488506,rejected,0.0,0.9103621189330778
intraday20 q3 & log_dv q3,8.722156631759647e-05,0.3360688289591286,0.19738494466425532,rejected,0.007889372139257519,0.8435263102801055
mom_12_1 q2 & rel_ind20 q4,-8.690906012513313e-05,-0.4927180243065382,-0.030451582911145005,rejected,0.002498670736856726,0.9757069066943245
ear_volsurge q2 & overnight20 q1,3.893098071781468e-05,-0.005092107394953901,0.5061135955297873,rejected,0.0,0.6127769068973362
close_loc q4 & skew60 q0,-3.699640674991511e-05,0.025200273636111145,-0.48274658451629826,rejected,0.0,0.6292756820235486
gap_today q3 & intraday20 q2,-7.611854113133232e-05,-0.24657332522854186,-0.25558369695956873,rejected,0.010877807516344776,0.7982723083232062
overnight20 q0 & vol20 q0,8.137734569227365e-05,0.4893428980387073,-0.009446632535200745,rejected,0.0,0.9924627898507667
dist_52wh q3 & intraday20 q3,4.922687756326753e-05,0.04785789226168351,0.44840477201085355,rejected,0.020261997524792304,0.6538610984425814
dist_52wh q1 & vol20 q0,-3.3399449205192686e-05,-0.2690929850047293,0.22494397947390135,rejected,0.0,0.8220228552335438
ind_mom20 q0 & r20 q2,1.9760652008715773e-05,-0.09517770958841043,0.3965171163701196,rejected,0.0,0.6917235834209532
close_loc q4 & r20 q0,5.4332045675364736e-05,0.4864822206135325,0.004434219767468074,rejected,0.0009911536617297607,0.9964620161024872
min20 q0 & rel_ind60 q3,-1.9418974477863446e-05,-0.023107760318405914,-0.4574816565140875,rejected,0.016439764523738454,0.64732488405267
rel_ind20 q0 & vol_surge5 q1,9.687872415919982e-06,-0.12417794832869816,0.3420070730015458,rejected,0.0,0.7323455694006977
dist_52wh q1 & ear q4,-3.0197654829057788e-05,-0.08019771678342362,-0.38247623065248554,rejected,0.013766927699395108,0.7021081563401044
news5 q1 & rel_ind20 q0,2.8975083582217996e-05,0.34360417332096904,-0.1163962363105318,rejected,0.0,0.9073385181100112
gap_today q3 & vol_surge5 q1,1.4690781237993791e-05,0.1937109423596986,-0.2630793373700302,rejected,0.0,0.7924894295357705
news5 q4 & vol20 q4,4.072317919813476e-05,0.4500575595410914,0.0018209233977724074,rejected,0.0009242233216094715,0.9985471141374167
dist_ma50 q1 & overnight20 q2,-7.744097672069245e-05,-0.38697941754719506,-0.06281900312788362,rejected,0.0017682494660362042,0.9499106334468072
min20 q3 & r5 q2,7.505028790308979e-05,0.3751065490810025,0.06680988534498507,rejected,0.0027009532959711828,0.9467330536274994
ind_mom60 q4 & rel_ind60 q3,1.3530941716998968e-05,0.241574891054201,-0.19849455892705453,rejected,0.0,0.842658141408471
dist_52wh q2 & dist_ma50 q2,4.8551763961111735e-05,0.08152042984503652,0.35850983530673863,rejected,0.013549034410900647,0.7199618088788904
close_loc q4 & ind_mom20 q0,-3.591675052270129e-05,-0.11139885051141253,-0.3267849193248418,rejected,0.011458281106048823,0.7438305664198992
overnight20 q0 & r120 q2,6.279165783779726e-05,0.40144960715830813,-0.02445464829688499,rejected,0.0,0.9804899583012289
ind_mom20 q0 & vol20 q0,-3.420389182069666e-05,-0.024358697215648466,-0.3993489314250427,rejected,0.011983512437310849,0.6896361174242351
log_dv q3 & vol_surge5 q1,4.4881346183403774e-05,0.08400586190377747,0.33930761155787686,rejected,0.012049574173354347,0.7343780092231336
log_dv q3 & r120 q2,-3.0301309312316977e-05,-0.22452944208436135,0.19548413257547392,rejected,0.0,0.8450139584279117
days_since_earn q0 & intraday20 q2,1.3913151137647799e-05,0.183216858704165,-0.23675988828878197,rejected,0.0,0.8128430713662359
days_since_earn q4 & gap_today q0,-4.467300223070023e-05,-0.22854551452178765,-0.18715759548779132,rejected,0.013676869074466448,0.8515370712047596
frog q0 & r60 q2,-4.7522463782298695e-05,-0.3242825581488446,-0.08632182175697142,rejected,0.004682959145554168,0.9312105919670136
dist_ma200 q1 & max20 q2,4.543247885717361e-05,0.05913248352254464,0.35131047345462973,rejected,0.0111473734754806,0.7253554384136295
days_since_earn q4 & range_compress q3,5.9123321756670017e-05,0.27274253450129043,0.12439425021936734,rejected,0.0062211237012608995,0.9010031256506978
dist_ma200 q2 & vol_ratio q3,-3.9509431454070236e-05,0.014075503115723689,-0.3816113514558814,rejected,0.0,0.7027496631064342
days_since_earn q3 & mom_12_1 q3,5.251154496072149e-05,0.21500519707474347,0.18005147490647253,rejected,0.011686314703543473,0.8571121573426674
ear q4 & vol20 q2,-5.4819844438171675e-05,-0.3249931834082152,0.05660934933734327,rejected,0.0,0.9548563867958478
dist_52wh q2 & overnight20 q0,6.498400032118367e-05,0.33577257142068023,0.045103663451001016,rejected,0.0016882724031148078,0.9640246813844983
days_since_earn q0 & ind_mom60 q4,4.170436125149698e-05,0.34316543306785713,0.02990176388104023,rejected,0.0035088609342775814,0.9761453991061736
dist_52wh q2 & ear_volsurge q2,-2.786170747142643e-05,-0.21019376794674274,0.13739237967260629,rejected,0.0,0.8907206540697442
gap_today q3 & log_dv q1,4.322440480366179e-05,0.11474131623021532,0.22907617677920097,rejected,0.011752998227794935,0.818809709342959
news5 q1 & r20 q2,-4.298437213308035e-05,-0.2769909436092419,0.05984838379401986,rejected,0.0,0.952276389916339
ind_mom20 q0 & r120 q2,-5.833397156176024e-05,-0.3322206768204897,0.0024441451079104787,rejected,0.0,0.9980498562956793
days_since_earn q4 & log_dv q1,2.856572301932874e-05,0.24209042113401794,-0.09129848389440423,rejected,0.0,0.9272554226360896
rel_ind20 q1 & vol_ratio q4,3.481705430920577e-05,0.14613836709405886,0.17917409577876864,rejected,0.011521445432446584,0.8578010031401037
dist_ma50 q1 & r20 q0,2.536460533341385e-05,0.02178735985801036,0.29961097290641586,rejected,0.0079937190365439,0.7644739133180445
dist_52wh q1 & ind_mom60 q1,-3.903185893326226e-05,-0.11550295745881994,-0.20187337539350897,rejected,0.00811710905964436,0.840015716898492
ins_opportunistic30 q2 & range_compress q2,5.090114403070437e-05,0.002928930658851239,0.3119196291222142,rejected,0.01006791776078666,0.755101604347478
dist_ma200 q4 & r5_nonews q1,3.781624818141712e-05,0.18180298664437955,0.12413562424286077,rejected,0.0058322952941593864,0.9012078922251413
ind_mom20 q0 & overnight20 q1,6.795687123699586e-06,0.11387711416360144,-0.1906118023116958,rejected,0.0,0.8488297428256429
close_loc q4 & dist_52wh q2,-5.248047709273582e-05,-0.300733996926995,-0.0018090148031894065,rejected,0.0008922875931939095,0.9985566158055255
frog q1 & ind_mom20 q4,3.7007295394331974e-05,0.267750406149935,-0.02570718471251703,rejected,0.0,0.9794908931802044
ind_mom60 q0 & vol20 q0,2.8390588612084547e-05,0.0862966329210393,0.19002347127160507,rejected,0.010606446695323568,0.8492907382026893
dist_52wh q1 & range_compress q3,7.355780218908287e-06,0.1156071272850664,-0.15999855507395608,rejected,0.0,0.8728822124385729
close_loc q4 & vol20 q0,3.749245362434393e-05,0.13716722576798618,0.12205568975038524,rejected,0.00596752814058478,0.9028549138791588
ind_mom60 q3 & r20 q0,-6.165906737555436e-06,0.04782390841942239,-0.21003581769817567,rejected,0.0,0.8336397180086837
r1 q3 & range_compress q4,-9.221467311673533e-06,0.05568653308459153,-0.20128116227069723,rejected,0.0,0.8404787314630537
ind_mom20 q3 & log_dv q3,1.4909414439703448e-05,0.15164637738697012,-0.10043513691442509,rejected,0.0,0.9199988755594334
min20 q2 & skew60 q2,3.029078803118364e-05,0.08626329592351593,0.16118865424352138,rejected,0.008093887831736896,0.8719448168726065
close_loc q1 & range_compress q3,-4.101754735595202e-05,-0.19551309640638434,-0.04784045463042061,rejected,0.0019844744312761614,0.9618433953181853
dist_ma50 q2 & log_dv q1,-3.590455478281131e-05,-0.1362200116606052,-0.08923772899070677,rejected,0.00459809676930802,0.9288929815733639
vol20 q1 & vol_surge5 q0,4.190293970393453e-05,0.1665724957293893,0.05186873202386547,rejected,0.001263785719224157,0.9586332889552797
dist_52wh q2 & ear q4,1.0169626176876733e-05,-0.019782655984009058,0.18905548909056713,rejected,0.0,0.850049326863431
dist_ma50 q4 & r5_nonews q0,-1.1933239937994887e-05,-0.05064221683324515,-0.15626541323502252,rejected,0.007424275222682218,0.8758238176250829
gap_today q4 & ind_mom20 q3,-5.403690044571717e-06,0.06381843433170895,-0.1422654157190189,rejected,0.0,0.8868703628845649
log_dv q3 & max20 q0,-3.693548678263012e-05,-0.17683369503562135,0.024060559830575912,rejected,0.0,0.9808043029033371
close_loc q4 & rel_ind20 q3,4.008094842131925e-05,0.19522127875425524,0.002571871398045328,rejected,0.000833395801039171,0.9979479457813558
log_dv q1 & range_compress q3,4.839091995849011e-06,-0.04927226651044632,0.12546406314393488,rejected,0.0,0.9001561736454544
frog q1 & gap_today q0,-1.4608844054950837e-05,-0.09888494628444536,-0.025672238058561964,rejected,0.003938368048692412,0.9795187673763828
dist_ma50 q2 & ear_volsurge q2,2.2864036128519698e-05,0.07203871968345625,0.05155859339337199,rejected,0.001520352327730732,0.9588804131158146
max20 q3 & r5_nonews q0,7.868120520296632e-06,0.07608273111937534,-0.03288849451239147,rejected,0.0,0.973763507882802
max20 q2 & vol_surge1 q4,5.898622886002065e-07,-0.017747314639724267,0.059255441364493684,rejected,0.0,0.9527486513553575
days_since_earn q4 & intraday20 q3,9.82035154670399e-06,0.03591842400587877,0.03842977622304966,rejected,0.0,0.9693450205181656
earn_in_week q1 & ins_value30 q2 unless r60 q4,0.0008165136550983918,0.0,5.334188254646927,rejected,0.0,9.59729154104643e-08
earn_in_week q1 & ins_opportunistic30 q2 unless r60 q4,0.0004713009550853981,0.0,5.302415005876198,rejected,0.0,1.142806781238533e-07
earn_in_week q1 & ins_buyers30 q2 unless ev_offering q4,0.00026315788170238496,0.0,4.791186204247798,rejected,0.0,1.6579816678098558e-06
earn_in_week q1 & ins_value30 q2 unless ev_offering q4,0.00026315788170238496,0.0,4.791186204247798,rejected,0.0,1.6579816678098558e-06
earn_in_week q1 & ins_opportunistic30 q2 unless ev_offering q4,0.00014371460955264263,0.0,4.7498569689842585,rejected,0.0,2.035605725057355e-06
earn_in_week q1 & ins_officer30 q2 unless ev_offering q4,0.0002908884213961413,0.0,4.599666767417093,rejected,0.0,4.231673112151008e-06
earn_in_week q1 & ins_buyers30 q2 unless r5_news q0,0.0003153054873756962,0.0,4.281984552466074,rejected,0.0,1.8523384409316114e-05
earn_in_week q1 & ins_value30 q2 unless r5_news q0,0.0003153054873756962,0.0,4.281984552466074,rejected,0.0,1.8523384409316114e-05
earn_in_week q1 & ins_opportunistic30 q2 unless ins_officer30 q4,0.00021990348411780986,0.0,4.19992661557489,rejected,0.0,2.6700150371408134e-05
earn_in_week q1 & ins_officer30 q2 unless ins_value30 q4,0.00024657980290595984,0.0,4.169338756966528,rejected,0.0,3.054846493651367e-05
earn_in_week q1 & ins_buyers30 q2 unless ear_volsurge q4,0.0003285259658224619,0.0,4.1674109171098035,rejected,0.0,3.08078847059125e-05
earn_in_week q1 & ins_buyers30 q2 unless rel_ind60 q4,0.0005100406709857095,0.0,4.020511120882379,rejected,0.0,5.8072007676823264e-05
earn_in_week q1 & ins_officer30 q2 unless r5_news q0,0.0002758969746582294,0.0,4.002954002951056,rejected,0.0,6.255646797952322e-05
earn_in_week q1 & ins_value30 q2 unless r1 q0,0.0003007051622443594,0.0,3.9698419760477996,rejected,0.0,7.192031477202534e-05
earn_in_week q1 & ins_value30 q2 unless dist_ma200 q4,0.0006464809218211037,0.0,3.9536159370628474,rejected,0.0,7.697893752473892e-05
earn_in_week q1 & ins_officer30 q2 unless ear_volsurge q4,0.0004120818309388742,0.0,3.9355169615816608,rejected,0.0,8.301780043361547e-05
earn_in_week q1 & ins_opportunistic30 q2 unless ear_volsurge q4,0.00033488301899851816,0.0,3.9082894742696084,rejected,0.0,9.295189459370826e-05
earn_in_week q1 & ins_officer30 q2 unless r120 q4,0.0007712544751958716,0.0,3.8913363073616427,rejected,0.0,9.969363717043345e-05
earn_in_week q1 & ins_officer30 q2 unless frog q4,0.00047975661324848673,0.0,3.8267313889762837,rejected,0.0,0.00012985608250015612
earn_in_week q1 & ins_officer30 q2 unless ind_mom20 q4,0.00039599696480280326,0.0,3.8140347581320655,rejected,0.0,0.00013671622694599192
earn_in_week q1 & ins_opportunistic30 q2 unless r120 q4,0.0005594771952702284,0.0,3.6345587441371774,rejected,0.0,0.00027845680734398177
earn_in_week q1 & ins_buyers30 q2 unless frog q4,0.0004290536090537105,0.0,3.630243250365983,rejected,0.0,0.00028315424244119676
earn_in_week q1 & ins_value30 q2 unless frog q4,0.0004290536090537105,0.0,3.630243250365983,rejected,0.0,0.00028315424244119676
earn_in_week q1 & ins_opportunistic30 q2 unless frog q4,0.0004139769951138416,0.0,3.557170647102675,rejected,0.0,0.00037487065214102073
earn_in_week q1 & ins_buyers30 q2 unless r120 q4,0.0007718791469143911,0.0,3.4790084822387435,rejected,0.0,0.0005032726568465943
earn_in_week q1 & ins_buyers30 q2 unless r5_nonews q0,0.00035429387686401997,0.0,3.4781318607250093,rejected,0.0,0.0005049214755822788
earn_in_week q1 & ins_buyers30 q2 unless vol20 q0,2.4876601594675396e-05,0.0,3.4001980700872876,rejected,0.0,0.0006733705641667781
earn_in_week q1 & ins_value30 q2 unless gap_today q4,0.0008712289509493178,0.0,3.2903465277816926,rejected,0.0,0.0010006407025233907
earn_in_week q1 & ins_officer30 q2 unless gap_today q4,0.000956379533198217,0.0,3.197710742367061,rejected,0.0,0.0013852315300152216
earn_in_week q1 & ins_buyers30 q2 unless days_since_earn q4,0.0005183600300284106,0.0,3.0783507839113353,rejected,0.0,0.002081497412670986
earn_in_week q1 & ins_value30 q2 unless r5 q0,0.0005834307062072463,0.0,3.0242867256425194,rejected,0.0,0.0024922011945681887
earn_in_week q1 & ins_opportunistic30 q2 unless atr_pct q0,-1.5880341985263982e-06,0.0,2.968240698576422,rejected,0.0,0.0029950968998225446
earn_in_week q1 & ins_officer30 q2 unless dist_ma50 q4,0.00042010608760879875,0.0,2.8416001782515137,rejected,0.0,0.004488774679614042
earn_in_week q1 & ins_value30 q2 unless news5 q4,0.00023388860855194936,0.0,2.8413426258885464,rejected,0.0,0.004492401846434399
earn_in_week q1 & ins_opportunistic30 q2 unless ev_agreement q4,8.292408595705122e-05,0.0,2.7547072939512796,rejected,0.0,0.005874466383456322
earn_in_week q1 & ins_buyers30 q2 unless ev_agreement q4,0.00021007868336392517,0.0,2.73942178942974,rejected,0.0,0.006154735653478353
earn_in_week q1 & ins_officer30 q2 unless close_loc q0,0.000383571234354416,0.0,2.62071433397579,rejected,0.0,0.008774575355342392
earn_in_week q1 & ins_opportunistic30 q2 unless days_to_earn q0,7.577741247323363e-05,0.0,2.6006071117765495,rejected,0.0,0.009305896297273018
earn_in_week q1 & ins_buyers30 q2 unless r5_news q4,0.000227053133078719,0.0,2.5563288749181092,rejected,0.0,0.010578308758725848
earn_in_week q1 & ins_value30 q2 unless r5_news q4,0.000227053133078719,0.0,2.5563288749181092,rejected,0.0,0.010578308758725848
earn_in_week q1 & ins_officer30 q2 unless r5_news q4,0.00023311868214753818,0.0,2.5175664752832,rejected,0.0,0.01181686684141244
earn_in_week q1 & ins_buyers30 q2 unless close_loc q0,0.0004342108380676698,0.0,2.4471548367288847,rejected,0.0,0.014398896684472699
earn_in_week q1 & ins_value30 q2 unless close_loc q0,0.0004342108380676698,0.0,2.4471548367288847,rejected,0.0,0.014398896684472699
earn_in_week q1 & ins_officer30 q2 unless vol_surge5 q0,0.00014688477418050845,0.0,2.4458328623005388,rejected,0.0,0.014451797809705767
earn_in_week q1 & ins_officer30 q2 unless dist_52wh q4,0.000123081323708361,0.0,2.4352576779722375,rejected,0.0,0.014881188227000372
earn_in_week q1 & ins_opportunistic30 q2 unless dist_52wh q4,3.702722901683328e-05,0.0,2.299206587993156,rejected,0.0,0.021493211100785142
earn_in_week q1 & ins_officer30 q2 unless vol_ratio q0,0.000340157303008547,0.0,2.2791843842630155,rejected,0.0,0.022656106969545422
earn_in_week q1 & ins_value30 q2 unless overnight20 q4,0.0002136949045804063,0.0,2.240804989276134,rejected,0.0,0.025038709635022093
earn_in_week q1 & ins_opportunistic30 q2 unless overnight20 q4,0.00018964000726514018,0.0,2.2012162969822047,rejected,0.0,0.027720715121629345
earn_in_week q1 & ins_opportunistic30 q2 unless vol_surge5 q0,7.221975438230635e-05,0.0,2.130087949699303,rejected,0.0,0.03316435300271633
earn_in_week q1 & ins_opportunistic30 q2 unless r20 q4,0.00012661622812490788,0.0,2.1181450197928373,rejected,0.0,0.03416278779059589
earn_in_week q1 & ins_value30 q2 unless r20 q4,0.00022364649627230987,0.0,2.1105930323379964,rejected,0.0,0.03480730708055677
earn_in_week q1 & ins_buyers30 q2 unless vol20 q4,0.0005256308096330751,0.0,2.0838151793966646,rejected,0.0,0.03717698205487431
earn_in_week q1 & ins_opportunistic30 q2 unless rel_ind20 q4,-2.1734047218475765e-05,0.0,1.987335993625165,rejected,0.0,0.0468851754957421
earn_in_week q1 & ins_officer30 q2 unless vol_surge1 q4,0.00037524790015432873,0.0,1.934802208795987,rejected,0.0,0.053014571956057945
earn_in_week q1 & ins_buyers30 q2 unless intraday20 q4,9.956903888740593e-05,0.0,1.9282159688584282,rejected,0.0,0.05382826874103525
earn_in_week q1 & ins_buyers30 q2 unless intraday20 q0,0.00017940601622262747,0.0,1.8216861999108567,rejected,0.0,0.06850261307031831
earn_in_week q1 & ins_buyers30 q2 unless mom_12_1 q4,0.00023675097923825717,0.0,1.7484930826780714,rejected,0.0,0.08037868236047871
earn_in_week q1 & ins_value30 q2 unless mom_12_1 q4,0.00023675097923825717,0.0,1.7484930826780714,rejected,0.0,0.08037868236047871
earn_in_week q1 & ins_officer30 q2 unless ind_mom20 q0,0.00026890555942719066,0.0,1.506414352431067,rejected,0.0,0.13196083855770432
earn_in_week q1 & ins_buyers30 q2 unless ear_volsurge q0,0.00027346506988475903,0.0,1.4726231351668366,rejected,0.0,0.14085268300875017
earn_in_week q1 & ins_officer30 q2 unless close_loc q4,-2.238335373943109e-05,0.0,1.4706753379152162,rejected,0.0,0.14137893885407468
earn_in_week q1 & ins_officer30 q2 unless ear_volsurge q0,0.0002653294708338935,0.0,1.4692978411273048,rejected,0.0,0.14175202213263793
earn_in_week q1 & ins_opportunistic30 q2 unless ear_volsurge q0,8.622615848663287e-05,0.0,1.4639507954717155,rejected,0.0,0.14320739301115648
earn_in_week q1 & ins_buyers30 q2 unless close_loc q4,-1.787574967895344e-05,0.0,1.4130100968604409,rejected,0.0,0.1576527553490316
earn_in_week q1 & ins_value30 q2 unless close_loc q4,-1.787574967895344e-05,0.0,1.4130100968604409,rejected,0.0,0.1576527553490316
earn_in_week q1 & ins_officer30 q2 unless vol_surge5 q4,0.00021107583652241462,0.0,1.4062363954507286,rejected,0.0,0.15965394006037725
earn_in_week q1 & ins_opportunistic30 q2 unless vol_surge5 q4,0.00014388742037792264,0.0,1.383968358119948,rejected,0.0,0.1663681436699349
earn_in_week q1 & ins_buyers30 q2 unless range_compress q4,-5.9505138864787914e-05,0.0,1.3637526922897028,rejected,0.0,0.17264541401602373
earn_in_week q1 & ins_opportunistic30 q2 unless overnight20 q0,0.0003084644934043283,0.0,1.3101841759779045,rejected,0.0,0.19013353756627438
earn_in_week q1 & ins_value30 q2 unless overnight20 q0,0.0003624293614880819,0.0,1.3085495136955572,rejected,0.0,0.1906869920230847
earn_in_week q1 & ins_buyers30 q2 unless days_since_earn q0,5.8076693360027546e-05,0.0,1.2925289944459757,rejected,0.0,0.19617401156232206
earn_in_week q1 & ins_opportunistic30 q2 unless days_to_earn q4,4.844679044155364e-06,0.0,1.2449930044635587,rejected,0.0,0.213134321692566
earn_in_week q1 & ins_officer30 q2 unless dist_ma50 q0,0.00025398958690874874,0.0,1.211168476173661,rejected,0.0,0.22583084176559132
earn_in_week q1 & ins_opportunistic30 q2 unless atr_pct q4,0.0005110506000733281,0.0,1.1747127400778041,rejected,0.0,0.24010966063809253
earn_in_week q1 & ins_officer30 q2 unless vol_surge1 q0,-6.321931703166702e-05,0.0,1.1467030359410653,rejected,0.0,0.2515043753162687
earn_in_week q1 & ins_buyers30 q2 unless range_compress q0,0.00040920288417862957,0.0,1.1371869495938243,rejected,0.0,0.25546014138043427
earn_in_week q1 & ins_officer30 q2 unless gap_today q0,0.00022789945480600036,0.0,1.098071877979495,rejected,0.0,0.27217310405012995
earn_in_week q1 & ins_opportunistic30 q2 unless r60 q0,9.490808367104272e-05,0.0,1.0198998955978087,rejected,0.0,0.30777593907386663
earn_in_week q1 & ins_value30 q2 unless r60 q0,0.00010589757059685235,0.0,0.9923175130548614,rejected,0.0,0.3210426628453794
earn_in_week q1 & ins_value30 q2 unless gap_today q0,0.00020751207163814643,0.0,0.9820988835979906,rejected,0.0,0.3260511354289921
earn_in_week q1 & ins_opportunistic30 q2 unless rel_ind20 q0,0.00012745936318328774,0.0,0.9549324078644968,rejected,0.0,0.3396118796740131
earn_in_week q1 & ins_officer30 q2 unless frog q0,-0.0002152107091870081,0.0,0.6679617800298546,rejected,0.0,0.5041579896713606
earn_in_week q1 & ins_officer30 q2 unless r120 q0,0.000279595781790838,0.0,0.6335476846371232,rejected,0.0,0.5263760517969569
earn_in_week q1 & ins_value30 q2 unless dist_ma200 q0,0.00018028912592959613,0.0,0.626569161896338,rejected,0.0,0.5309416879921207
earn_in_week q1 & ins_opportunistic30 q2 unless frog q0,-0.0003117977520149831,0.0,0.5762090450714565,rejected,0.0,0.5644738921862908
earn_in_week q1 & ins_buyers30 q2 unless r120 q0,0.00023647837280323304,0.0,0.570250160618222,rejected,0.0,0.5685080390949848
earn_in_week q1 & ins_buyers30 q2 unless frog q0,-0.00024498055396705615,0.0,0.551848608160879,rejected,0.0,0.581052081039636
earn_in_week q1 & ins_value30 q2 unless frog q0,-0.00024498055396705615,0.0,0.551848608160879,rejected,0.0,0.581052081039636
earn_in_week q1 & ins_opportunistic30 q2 unless r120 q0,0.00023613747690544906,0.0,0.5069649666604915,rejected,0.0,0.6121794000474127
earn_in_week q1 & ins_value30 q2 unless r20 q0,0.00010925875526590691,0.0,0.2725618711370597,rejected,0.0,0.7851900249077641
earn_in_week q1 & ins_officer30 q2 unless vol_ratio q4,-4.0921088227606356e-05,0.0,0.2641627705917678,rejected,0.0,0.7916544971396197
earn_in_week q1 & ins_opportunistic30 q2 unless r20 q0,0.00010653186319612902,0.0,0.2588607726969058,rejected,0.0,0.7957426656125342
earn_in_week q1 & ins_officer30 q2 unless dist_52wh q0,0.0001964349188396085,0.0,0.2222857318845294,rejected,0.0,0.8240914585858132
earn_in_week q1 & ins_buyers30 q2 unless mom_12_1 q0,0.00019170095622581202,0.0,-0.19251365534313805,rejected,0.0,0.8473398725494041
earn_in_week q1 & ins_value30 q2 unless mom_12_1 q0,0.00019170095622581202,0.0,-0.19251365534313805,rejected,0.0,0.8473398725494041
earn_in_week q1 & ins_buyers30 q2 unless r5_nonews q4,-0.00023960251762296223,0.0,0.16485869037400624,rejected,0.0,0.8690552077276288
earn_in_week q1 & ins_opportunistic30 q2 unless dist_52wh q0,0.00015796840912636826,0.0,0.13128506671384738,rejected,0.0,0.8955498045772283
earn_in_week q1 & ins_value30 q2 unless r5 q4,-0.00026617842284557843,0.0,-0.03425985866965114,rejected,0.0,0.9726699342058313
earn_in_week q1 & ins_buyers30 q2 unless rel_ind60 q0,1.298683462111648e-05,0.0,-0.0034702490442465933,rejected,0.0,0.997231147422833
