key_named,effect,t_conf,t_disc,status,p_real,p_coincidence
vol20 q3,0.0037738923851939753,2.3528118237236373,2.6828280026377245,rejected,0.0,0.007300252478411376
ev_offering q2,0.00038937883817644314,2.207260169132107,2.284526980231488,rejected,0.0,0.022340578812579
vol_ratio q1,0.0017664000756296462,2.6155361990865615,-1.867854470235887,rejected,0.0,0.06178235859643366
skew60 q2,0.0010772886545543808,2.0682191162417065,-2.363482480492624,rejected,0.0,0.018104082627675783
ear_volsurge q1,-0.0029016995140502444,-1.7790574109110346,-2.1979232275029212,rejected,0.0,0.027954577354448066
atr_pct q3,0.0028642379586432494,2.0738877915134513,1.8329338262841686,rejected,0.1226376056999216,0.06681241258495865
ev_offering q4,-0.0017666216590813987,-1.9972545512615363,-1.800974947359843,rejected,0.11513170235268277,0.0717068287534385
ear_volsurge q4,0.002559666670490163,1.648863173831732,2.115451205994309,rejected,0.04027652184587331,0.034391509452003366
log_dv q1,0.00045332690082471575,1.5417679383135408,-2.1119793791521433,rejected,0.0,0.03468821802514151
news5 q1,0.00103953288124037,0.7438967111937758,2.8316686450394046,rejected,0.0,0.004630580741288815
frog q1,0.0005118179170138812,1.1739860319309074,-2.400554315109938,rejected,0.0,0.016370261104642445
gap_today q3,0.0012438367276604342,1.5220457822451754,-1.9214064732315417,rejected,0.0,0.05468048309795011
min20 q1,0.0024983831596102177,1.4352996350796012,1.8793788649943894,rejected,0.10476523520263874,0.060192780070735905
overnight20 q4,4.6901321909209904e-05,1.0262821963004438,-2.1968758340019403,rejected,0.0,0.02802931518898845
atr_pct q2,0.002447469748555359,3.124611619382615,0.04099849741380682,rejected,0.004599890134262791,0.967297093746635
close_loc q0,-0.000845889590275182,-1.5250074249001924,1.5906048875601573,rejected,0.0,0.11169852384834993
ev_agreement q2,0.0006572258510434623,1.910439846693488,1.155665672369716,rejected,0.08645905775904969,0.24781793445910316
dist_ma200 q4,-0.0010270928991544766,-2.022625777132918,1.0353124206182776,rejected,0.0,0.3005230311231681
vol_ratio q3,-0.0003512357228264083,-1.3315808960655366,1.7251835535384439,rejected,0.0,0.08449439862361555
max20 q1,-0.0010789760784985676,-2.0038937415141356,1.0466446444112496,rejected,0.0,0.2952635032076849
ind_mom20 q4,-0.0016720659657061604,-2.1104441455762863,-0.93723816245117,rejected,0.06641175800818129,0.34863606348759474
r60 q4,-0.0014171311067570484,-2.1425642687750317,0.8945102799988157,rejected,0.0,0.3710489320187177
intraday20 q4,-0.001102740284129416,-2.44288267093052,0.5795298590134603,rejected,0.0,0.5622317052383263
days_to_earn q2,-0.0020853038867795558,-1.3422428777514492,-1.6537889618995358,rejected,0.0701026325028516,0.09817039949627393
ear q4,0.0021576192147239855,1.2862665977129832,1.6836671682542288,rejected,0.07617142106087954,0.09224600979642167
r120 q4,-0.00030269223218814726,-1.0078328124937446,1.9131316559358902,rejected,0.0,0.05573120010052335
rel_ind60 q2,0.0018581433593888425,2.557481845434166,-0.33337844264887595,rejected,0.0,0.7388486336213134
min20 q2,0.0017811872129564132,1.6849471447370976,1.0914288824272953,rejected,0.10418784383853828,0.27508420928233634
max20 q3,0.0024816104924887303,2.3819380009389852,0.33910113845942436,rejected,0.0171191004378831,0.734533540830201
ind_mom60 q4,-0.0012553387359574028,-2.2165003943157053,0.45465141504876494,rejected,0.0,0.6493600392335266
ev_agreement q4,-0.0007733448542595527,-1.6740290848882717,-0.96893899001967,rejected,0.06790999079163414,0.3325756303235578
dist_ma50 q4,-0.001808481625740143,-2.259294433295369,-0.3683423087478323,rejected,0.023029893080985006,0.7126180088744022
ind_mom60 q1,0.0020478944500261806,2.3902046426652266,0.23555293377619202,rejected,0.014715981720332873,0.8137795991591328
rel_ind60 q3,-0.002240331808901454,-1.7123059288310583,-0.9037931010341892,rejected,0.05292094049594168,0.36610512063003714
ear_volsurge q3,0.0009150741011051144,-0.019159970453021723,2.5931418605286063,rejected,0.0,0.009510353321422301
vol_surge1 q1,-0.0010574022448677997,-0.39489964980330056,-2.19897263633549,rejected,0.0,0.027879868065342237
rel_ind60 q4,-0.0007178093019040774,-1.4198695194932909,1.1572384224953258,rejected,0.0,0.24717496382604254
mom_12_1 q3,-0.000775772909293625,-1.440390691511913,1.1248988480741675,rejected,0.0,0.2606319001739989
frog q4,0.0006074562908822147,-0.12797170893173304,2.425564934057581,rejected,0.0,0.01528458117010579
dist_ma50 q3,0.0015036803944073274,1.1704815654107368,1.344277172840759,rejected,0.08399618018168818,0.1788587743270326
days_to_earn q3,-0.0018700376990487381,-1.367654447684121,-1.1305155194419738,rejected,0.07212568637230388,0.2582590627520388
vol_surge5 q3,-0.0014796825253197202,-1.8420230591426725,0.6325713664177266,rejected,0.0,0.5270135905216862
r60 q2,0.0021662041370609985,1.677500161177419,0.767397804422911,rejected,0.06734383147383183,0.4428450335367842
days_to_earn q1,0.0016132657228834903,1.841036849902496,0.5555707814859497,rejected,0.03457095285916239,0.5785043102954315
r1 q4,-0.0010310976202087595,-1.458076077126953,0.9270046877770219,rejected,0.0,0.3539241003693191
dist_ma200 q1,0.000612477372575229,1.29815618375776,-1.0813649683773012,rejected,0.0,0.2795347981973115
ev_red_flag q4,-0.00020304463870282472,-1.2719636415767204,1.101291606048989,rejected,0.0,0.27076976325469565
r1 q3,-0.0016343656521921016,-2.011737191712208,0.3575030520619919,rejected,0.0,0.7207152417500369
ind_mom60 q3,-0.0012061446494073958,-0.9174933679234402,-1.4434398188853794,rejected,0.09276448690374521,0.14889661396450748
range_compress q4,-0.0009806306599113377,-1.6821753669074841,0.6771288644129564,rejected,0.0,0.49832419655870486
ear q2,-0.0021269004668737074,-1.4523599585616858,-0.8832210032696685,rejected,0.04848234512746089,0.3771168757069351
ind_mom60 q2,0.0014265192781322859,1.1742125610694916,1.1414003816987452,rejected,0.06943995742868717,0.2537033459313202
atr_pct q1,-0.0018760224410385357,-1.9541347699509002,-0.35691461041361017,rejected,0.023158722026095153,0.7211557315673308
log_dv q4,0.0010490953486504122,0.03620998844291937,2.2701853694029936,rejected,0.0,0.023196338321820092
days_to_earn q4,0.0016531166315403916,0.961109682441317,1.3441257982371375,rejected,0.08069567292585848,0.17890771101667644
r20 q1,0.0015816015030006945,1.0910815860894416,1.2097859184752318,rejected,0.08518029612251493,0.22636105095685183
vol_ratio q0,-0.0010807099919868932,-0.108410771789912,-2.1792131366298935,rejected,0.0,0.029315838493367562
r5_nonews q1,0.0011577994861692513,0.3531278598845921,1.9313419493665673,rejected,0.036892284488978716,0.053440778905910695
ev_shelf q2,-0.00013426424285644826,-1.6430232707823342,-0.6397372218204742,rejected,0.04384012679143601,0.5223434522901842
max20 q4,0.0005347531710688991,1.408059031615274,-0.828579137813768,rejected,0.0,0.4073425970670615
min20 q3,-0.001977815793049128,-1.8175810469689615,-0.413947447758913,rejected,0.021930779581012808,0.6789125941697286
skew60 q1,-0.0010790177955402771,-1.2560625353648498,0.9731000269753742,rejected,0.0,0.3305035906439286
ear_volsurge q0,-0.0012768833798286962,-0.6045220344081956,-1.6046758428906376,rejected,0.07720962460449521,0.10856516089645077
days_since_earn q3,0.0011288348633632342,1.6580734301963354,-0.5506859815240639,rejected,0.0,0.581848956064375
vol20 q1,-0.0007529797025590114,-1.5789737140944007,0.6249184747044153,rejected,0.0,0.5320245663004611
vol20 q0,-0.0012541814352411494,-1.7445857132730742,-0.4189623727819354,rejected,0.02476039525884868,0.6752436317384706
vol_surge1 q3,-0.0018137702822356363,-1.7163810535284092,-0.4454180202812158,rejected,0.0317512376327977,0.6560176918935339
dist_ma200 q2,0.0011465734278628403,1.72721420288717,-0.40886634901206376,rejected,0.0,0.6826377454480285
days_since_earn q1,-0.0018289387606305325,-1.3695662190292994,-0.7437075147994249,rejected,0.06025712961523919,0.4570534421464066
close_loc q1,0.0009398971524384762,1.2794367149649253,-0.8141884837739677,rejected,0.0,0.4155369817808239
ind_mom20 q2,0.0014831368026271736,0.8300633308879465,1.2519951953533073,rejected,0.08459070629390357,0.21057161471124142
ins_buyers30 q2,0.0002895603300840748,1.314388184763158,-0.7639698526810753,rejected,0.0,0.4448852083667044
ins_value30 q2,0.0002895603300840748,1.314388184763158,-0.7639698526810753,rejected,0.0,0.4448852083667044
overnight20 q2,0.00018471262928719485,-0.68722040064521,1.3758066366052921,rejected,0.0,0.16888150622677697
r1 q1,0.0003245212221113536,1.158179337415113,-0.9048017037011634,rejected,0.0,0.3655704489386668
days_since_earn q2,0.0008861305234996904,0.09225831980311422,1.950680275260374,rejected,0.029267792206783286,0.051095091196244
ins_buyers30 q4,-0.0005103527275197414,-1.179108078649954,0.8597887903618919,rejected,0.0,0.38990547953773375
ins_value30 q4,-0.0005103527275197414,-1.179108078649954,0.8597887903618919,rejected,0.0,0.38990547953773375
gap_today q2,-0.00044642707580250636,-0.9090361058672303,1.104135173208138,rejected,0.0,0.26953450554978786
max20 q0,-0.0014015604222133995,-1.7714738418756426,0.22100163254810454,rejected,0.0,0.8250911618180423
r5_nonews q4,-0.0012875667328553976,-0.7720418709967021,-1.2188853421874082,rejected,0.07493872450248193,0.22288771377255798
ear_volsurge q2,-0.0007600525717018455,0.07833980986344481,-1.8951774608910843,rejected,0.0,0.05806889514060299
r120 q3,-0.0012716652519007864,-1.130847010498793,-0.8409419559129434,rejected,0.06216080090023979,0.40038045246802745
dist_52wh q4,-0.0008691651713407516,-1.6393014119444478,0.3312273631661243,rejected,0.0,0.7404727528688744
vol20 q2,0.0014539619835869772,1.560969279639236,0.40748196043164014,rejected,0.018578844569833396,0.6836540408882474
ins_opportunistic30 q2,-7.887828276038082e-05,0.40370824967712116,-1.5555389314416521,rejected,0.0,0.11981777007067146
r5 q2,0.0005831085168804297,0.03167752463779374,1.9250502409394548,rejected,0.03380989783617859,0.0542230731668123
ins_opportunistic30 q4,0.00020200135894090236,-0.33561311030661156,1.6070809231171086,rejected,0.0,0.1080366175194827
gap_today q4,-2.5971970226316174e-05,0.40104767221227045,-1.5404394899102585,rejected,0.0,0.12345326177612195
dist_52wh q2,0.0019626399834661106,1.6224266144053971,0.3154504657131955,rejected,0.017794799623321162,0.75241965509808
skew60 q0,-0.00038434707522194065,-0.9002348136859558,1.035843183825315,rejected,0.0,0.30027530744105346
ev_red_flag q2,3.68141272508116e-05,0.9050864585029946,-1.0223930139668966,rejected,0.0,0.306594925652733
r1 q0,0.0013497667221767993,1.814847624325728,-0.05802707804220121,rejected,0.0,0.9537270597027746
rel_ind60 q1,-0.0016158216115085137,-1.11015267701267,-0.7521283687495873,rejected,0.05768285318995619,0.45197386528027883
vol20 q4,0.00029014581505308254,1.1037638305345159,-0.7426791036556133,rejected,0.0,0.45767598395693293
atr_pct q0,-0.0010645252295916777,-1.767096537475501,0.07839947267917105,rejected,0.0,0.9375102929825688
ind_mom60 q0,0.0014736828048854123,1.6667376168030805,-0.1525967148671532,rejected,0.0,0.8787163158145739
max20 q2,-0.0005636348615375805,-0.97427843550172,0.7965274664608697,rejected,0.0,0.42572551756441446
range_compress q1,0.0014190067747733427,1.4813320524483746,-0.2745229839544822,rejected,0.0,0.7836827431843504
intraday20 q1,0.00044619404628434156,1.0995222555073367,-0.6535530925870764,rejected,0.0,0.5133997732794152
mom_12_1 q4,0.001397763243857704,1.4127324011963212,0.33849943819063205,rejected,0.016569585135492393,0.734986850389183
frog q0,-0.0013831614568096738,-1.360756087660285,0.37570589992398473,rejected,0.0,0.7071355512120543
skew60 q4,0.000748612342996186,0.12225818913213618,1.6091631158030202,rejected,0.054207531236811844,0.10758067921074949
r5_nonews q2,-0.0003670025894688685,-0.7470275557834137,0.966987563792827,rejected,0.0,0.3335502506313342
dist_52wh q0,0.000197989796377409,1.0002204579418352,-0.7027894649719766,rejected,0.0,0.4821869635551768
r5 q3,-0.001508245069309045,-1.455077646284642,-0.2400907903920129,rejected,0.012125748254959101,0.8102598736424436
r60 q1,0.0010111881796664595,1.144833470375176,-0.5331240323489137,rejected,0.0,0.5939477241330468
dist_ma50 q2,0.0004014178922658714,0.6504840155769834,-1.0272888735442356,rejected,0.0,0.30428446000970016
min20 q4,-0.0010834615439100019,-1.3402321790861742,-0.31035290955315115,rejected,0.021211001252977344,0.7562926000152516
mom_12_1 q1,-0.0016139394934227829,-1.403712404602366,-0.24420874653981933,rejected,0.012962848240392873,0.8070691533552095
atr_pct q4,0.0004377406404070007,1.259099106176852,-0.3742338516640843,rejected,0.0,0.7082303407816469
log_dv q0,-0.0009165248452967713,-1.1863611457852272,-0.4004665210272049,rejected,0.0194437423661799,0.688812937321934
r120 q2,0.001481958955357899,1.151780469211509,0.42225787262635894,rejected,0.0216349930106235,0.6728368037540238
dist_ma50 q1,0.0011925734621644477,1.383102115252927,-0.1816903680105706,rejected,0.0,0.8558257253726802
earn_in_week q1,-0.00028483898728192563,-1.0558306363225534,0.4999615701083801,rejected,0.0,0.6171021373766452
skew60 q3,-5.78307110974712e-07,0.479379012263905,-1.0636186594142798,rejected,0.0,0.28750148598778513
ear q3,-0.0008382703744122819,-0.2870092676821351,-1.2543901896647662,rejected,0.061157094471409906,0.20970021659136437
r5 q0,0.00045237476312323243,1.1350975314354814,-0.39645416214034424,rejected,0.0,0.6917700166881136
r5_nonews q0,0.0005612083427200842,1.251767114405471,-0.27297737593321797,rejected,0.0,0.7848706067242888
ind_mom20 q1,0.0007383851591457031,1.3721825782964667,-0.14079065612420408,rejected,0.0,0.8880353248700669
intraday20 q2,-0.00010456547043231903,-0.7275192699255061,0.7689646505781987,rejected,0.0,0.44191429586615805
min20 q0,0.00026602985430103094,0.9924680045619105,-0.4883463655339824,rejected,0.0,0.6253045251661153
vol_surge5 q1,0.0004867251687993386,1.2088537766321277,-0.27192649748717534,rejected,0.0,0.7856785366139304
days_to_earn q0,0.0009883921069554916,0.5167503632866218,0.9571189944253522,rejected,0.052643642848911924,0.33850719742136137
close_loc q3,0.0008844779354808556,0.3865204957434561,1.0535796772607953,rejected,0.06114283778961504,0.29207539765870133
r20 q4,-0.0010448619043767033,-1.2766746133374054,-0.1630822551876387,rejected,0.010007154532230477,0.8704536710590095
ind_mom20 q0,0.0012544931006205921,1.3455977173888876,0.08296695716384746,rejected,0.006485523468748093,0.933877813364148
vol_surge1 q2,0.0009636155805246625,0.5756102387453156,0.8488385789423147,rejected,0.04910669652808237,0.39597111993343553
gap_today q0,-1.7089863396804225e-05,-0.4590631409269456,0.9472333752381915,rejected,0.0,0.34351987198374134
r20 q2,-0.0012734625016831093,-1.3013079487746224,0.10183598003760493,rejected,0.0,0.9188868661560995
news5 q4,-0.0009524562968920349,-1.0083350639579103,-0.38893702435941035,rejected,0.0190710266308686,0.6973227327732596
r20 q3,0.0007227373810422135,1.0223360073679308,-0.3618488290891684,rejected,0.0,0.717465000753563
r60 q0,0.0009723980147814435,1.3777200030347694,0.004753680171424599,rejected,0.0019557322949494975,0.996207126269126
vol_surge1 q0,0.0009403060739913404,0.5947629760099056,0.7825375313915551,rejected,0.05190927508147078,0.43389873743222873
days_since_earn q4,-0.001164613383222819,-0.7398694983706069,-0.6142203275595434,rejected,0.043458010607631575,0.539069742461777
dist_52wh q3,-0.0002987102173456456,-0.7836540180171276,0.559325583552445,rejected,0.0,0.5759395383199928
days_since_earn q0,0.0010860500866048505,1.0260723000738798,0.21968016589001205,rejected,0.017472073139966054,0.8261202526721894
r120 q0,0.00016445262731345754,0.7375926964645081,-0.5073991593090498,rejected,0.0,0.6118747754637234
range_compress q0,0.0005896298673648289,0.9632469119907398,-0.27347215275786435,rejected,0.0,0.784490295642696
ind_mom20 q3,0.0008809042610595398,0.8537966768549345,0.3743901834587664,rejected,0.018113841136298072,0.7081140452612831
gap_today q1,-0.0011704486724905855,-1.1625057423585998,0.04405492672274697,rejected,0.0,0.9648606211400259
r5 q4,-0.000737343587372392,-0.5707996897002936,-0.6249604925511175,rejected,0.03885662701985807,0.5319969880229064
r60 q3,-0.0006228825207140896,-0.17130128331271585,-1.0196255297696843,rejected,0.05163941054136062,0.30790609237659133
rel_ind20 q2,-0.0008523826706082099,-0.4947589596713704,-0.6908551485714554,rejected,0.04168140796181686,0.4896565744750097
r1 q2,-0.0008565244039244177,-0.7437833999544561,-0.40909291618466004,rejected,0.016049810023902076,0.6824714746214497
r5_nonews q3,-0.0009042011945873166,-1.0147854333166242,0.05650732092980375,rejected,0.0,0.9549376635869975
dist_52wh q1,0.0007268308417248846,0.47260487477986984,0.5907406614032361,rejected,0.03430123037217262,0.5546941990747883
close_loc q4,-0.00047758266765334976,0.05251646830538228,-1.0077964784608857,rejected,0.0,0.3135521768393583
frog q2,0.00045812733416140933,0.08886257354873293,0.9659713772614559,rejected,0.039179054906976145,0.33405850373862755
r5_news q0,-0.0005801207628383863,-0.6928578497067812,-0.35396962788594494,rejected,0.0152614585295576,0.7233616449724556
dist_ma200 q3,0.0005449720495984458,0.40988982761399895,0.6095342053735865,rejected,0.03822111368930543,0.5421704074311899
r5_news q2,0.00031896911921667354,0.7114002563311723,0.29587782324293316,rejected,0.015407208108962575,0.7673233876889198
vol_ratio q4,0.0001564415775142314,-0.27824884289025814,0.7270723205156361,rejected,0.0,0.4671816539279834
vol_surge5 q4,0.0008304337759414862,0.9466664696330691,0.053654254776900244,rejected,0.002370066772312028,0.9572106296669366
intraday20 q3,-0.00012031795683431533,0.1927060184372573,-0.7944246835984338,rejected,0.0,0.42694823908242596
r5_news q4,-0.0008145547701628459,-0.9781976426131527,-0.008670890610248649,rejected,0.0018419404097732277,0.9930817169448762
r120 q1,-9.777730982817887e-05,0.23438193077301975,-0.7367416474902695,rejected,0.0,0.46127947478101494
rel_ind60 q0,0.0005003914136248192,0.6927572270445302,0.26884351070667334,rejected,0.013193833210688377,0.7880501088266016
r5 q1,0.0005853431762573756,0.24554122956828672,0.7133073934924282,rejected,0.03550991433743867,0.4756555634016121
range_compress q3,-0.0005212617337642422,-0.6303400614354191,0.3233777840865113,rejected,0.0,0.7464091522075189
mom_12_1 q0,5.5519348184583455e-05,0.5445572784912878,-0.40733165185622644,rejected,0.0,0.6837644186681038
ear q1,0.000573014815701636,0.33455351446356624,0.6104669234808398,rejected,0.03556758555067602,0.5415525477987775
vol_surge1 q4,0.0008535804107268396,0.6933968059081349,0.24030244691651986,rejected,0.009376368581726038,0.8100957982173589
news5 q2,0.00024212001623528175,0.7344257113411782,0.19483044516909231,rejected,0.009037399651566094,0.8455256871842214
dist_ma200 q0,0.00025936265420829004,0.5894068520671075,-0.32001070556709116,rejected,0.0,0.7489602150938064
ins_officer30 q2,-2.1758704129600442e-05,0.285224978951432,-0.6164365743138372,rejected,0.0,0.5376064206237535
ear q0,0.0004743048618929142,0.5999852815028133,0.24658597275399027,rejected,0.008815904151738344,0.8052286615050158
ins_officer30 q4,6.18588673414757e-05,-0.21093021347912286,0.6201806689687122,rejected,0.0,0.5351388469468368
mom_12_1 q2,0.00021219401838588745,0.43953602855459944,-0.318478874974286,rejected,0.0,0.7501217164345942
vol_ratio q2,-0.000165045714281421,0.12906645681039652,-0.6246695233227301,rejected,0.0,0.5321879795880157
overnight20 q3,-0.00016471846035084612,-0.37767839659988617,0.36936832600879715,rejected,0.0,0.7118532035404501
range_compress q2,-0.0003281174609611986,0.05444532356309041,-0.6895521493583125,rejected,0.0,0.4904758676976956
frog q3,-0.00030075595904554815,0.04034416970923483,-0.6953422156666146,rejected,0.0,0.486840864052802
intraday20 q0,0.0005090324638253965,0.7064892483590548,0.0002286609492758106,rejected,0.0,0.9998175549605042
rel_ind20 q4,0.0006239588203090595,0.6568918621489425,-0.04108884338252225,rejected,0.0,0.967225068784656
close_loc q2,-0.00028253495928512283,0.05628818545858747,-0.6254483560291887,rejected,0.0,0.5316768334357846
rel_ind20 q3,0.00035718960581694636,0.10994264626751178,0.5599531353943819,rejected,0.018620701316137696,0.57551140407027
earn_in_week q2,-3.3106087810029164e-05,0.18940255546084842,-0.4712551861996667,rejected,0.0,0.6374585136704024
r20 q0,0.0002584574275575983,0.47037615834409,-0.1898061603518731,rejected,0.0,0.8494610283897803
dist_ma50 q0,0.0002921531450107489,0.524390412222624,-0.12971648262647406,rejected,0.0,0.8967907415007038
rel_ind20 q1,0.00031845263040314916,0.10073141928679796,0.5407420103261664,rejected,0.021077489803838022,0.588685417948033
overnight20 q1,-0.0006209073841133617,-0.47425650504171857,-0.13325306630247702,rejected,0.006905377923606773,0.8939932441612461
vol_surge5 q2,-0.00032434405664643175,-0.11926145569686034,-0.4364656753060608,rejected,0.016430540021742136,0.6624988979124153
overnight20 q0,0.0002826292270265401,0.1380197531922247,0.382022075931145,rejected,0.012733210118756551,0.7024449900507361
log_dv q3,-0.00020255488378093415,0.005665350896213019,-0.40216788321962665,rejected,0.0,0.6875604768205341
earn_in_week q4,7.153377183702e-05,-0.14820673478881838,0.25755726137930446,rejected,0.0,0.7967486175250582
vol_surge5 q0,0.00037720337206495784,0.2797459047148064,0.11296643779212338,rejected,0.0028339581032251326,0.9100571636079732
rel_ind20 q0,-0.0001771688962226625,-0.07887031697438407,-0.3016629454675747,rejected,0.013352278794276265,0.762909018281221
log_dv q2,9.852386663259532e-05,-0.0426370300416143,0.2544779424379913,rejected,0.0,0.7991263426993849
ind_mom60 q3 & news5 q1,0.0016171593821315067,1.8140164493734166,-6.491833910651937,rejected,0.0,8.479771622676578e-11
ear_volsurge q0 & news5 q1,0.0009024554849243202,4.45238035255097,3.120099807318133,rejected,0.0,0.001807897715379726
news5 q1 & skew60 q0,0.002993076404132467,4.17170364399784,3.235909573242217,rejected,0.0,0.0012125579030600791
close_loc q3 & news5 q1,-0.002820698056867592,-5.382680953927323,1.965146568280551,rejected,0.0,0.049397276087873414
close_loc q0 & news5 q1,0.00036791813852747086,3.703434674179673,-3.4564559730333344,rejected,0.0,0.0005473286100389302
dist_ma50 q3 & news5 q1,-0.004895888345559268,-3.495997602903027,-3.5893584616878624,rejected,0.0,0.00033149275480830285
news5 q1 & r5_nonews q1,-0.004807959629833386,-4.403898508662184,-2.4747584851974653,rejected,0.0,0.013332630203740807
frog q1 & news5 q1,-0.0060248812816251435,-4.49884952169601,-2.363663948572771,rejected,0.0,0.018095218174494925
ind_mom60 q2 & news5 q1,-0.0032800456065251392,-4.547786349712839,2.17067174469811,rejected,0.0,0.02995599452110039
ear_volsurge q3 & news5 q1,-0.003096140624355392,-3.999221294296787,2.63939123317111,rejected,0.0,0.008305506989617819
news5 q1 & rel_ind20 q2,-0.0022208187320335105,-4.556850656451392,1.9303827116724148,rejected,0.0,0.053559435431815586
news5 q1 & skew60 q4,-0.0006550936246905051,-2.9228385675805457,3.435025038755311,rejected,0.0,0.0005924990811176599
dist_ma200 q1 & news5 q1,-0.0015488834243282104,-2.857994615887985,3.492301182005686,rejected,0.0,0.00047887794934453154
intraday20 q0 & news5 q1,0.0011789598768333458,2.8993412934963074,3.3591250241887143,rejected,0.0,0.0007818968426889336
news5 q1 & vol20 q3,0.0030058758271534216,2.954618020882333,3.2387899787181214,rejected,0.0,0.0012003792887013715
max20 q1 & news5 q1,-0.00043283992200935793,-3.5159980779576965,2.6464197842137764,rejected,0.0,0.008134879619696079
days_since_earn q2 & log_dv q1,0.0019259111050336463,5.344761977730855,0.7676539544831055,rejected,0.0697351566605824,0.44269279873100087
ev_agreement q2 & vol20 q3,0.004334326377008031,2.4247792884337955,3.6552368427843467,rejected,0.0,0.0002569446565712874
ear q3 & news5 q1,0.004997540887941401,4.540581656402618,1.5045908282428269,rejected,0.1101921702004179,0.13242930575040496
close_loc q4 & news5 q1,0.0025661861463328914,1.7840039822583182,4.240349996841085,rejected,0.0,2.23171532946174e-05
frog q4 & news5 q1,0.0025139928470568874,2.686624594258711,3.2908460689166974,rejected,0.0,0.0009988655493798667
r20 q3 & vol_ratio q4,0.003631772486187562,3.382811325133656,2.5699476433998183,rejected,0.0,0.010171388607833344
r5_news q4 & r5_nonews q2,0.0001377654381494295,-5.604129466170571,0.2455760835739764,rejected,0.0,0.8060104049039009
news5 q1 & r5 q2,-0.00284630891783582,-3.0125592515761226,-2.7502441254891434,rejected,0.0,0.0059550880193984575
ins_value30 q2 & vol20 q3,0.004437437681743124,2.6543041500982136,3.052762348156373,rejected,0.0,0.002267454327015671
r20 q1 & vol_ratio q1,0.002995192981918078,4.224176533183775,1.4511362373269152,rejected,0.11387107741815358,0.14674192773006717
gap_today q4 & news5 q1,-0.0006355651965088724,-1.9524194639680996,3.6854689809604437,rejected,0.0,0.00022828188585659646
days_to_earn q2 & news5 q1,0.0007554735478187754,3.09699356207764,-2.484529162157568,rejected,0.0,0.012972288263975238
dist_52wh q2 & news5 q1,-0.004244870863889715,-3.4363521461102615,-2.0490226724122658,rejected,0.060493511190543976,0.04045989797117755
log_dv q1 & vol_ratio q0,-0.002566321734575776,-3.061890223617969,-2.28499961333544,rejected,0.0,0.022312850432668233
dist_ma200 q4 & news5 q1,-5.170939436953414e-05,1.4434107852725264,-3.8214822999209144,rejected,0.0,0.00013265193630658051
min20 q2 & r5_nonews q1,0.0030793050400300085,3.8648644214458505,1.3833352733579025,rejected,0.0953538909254631,0.16656208715596346
log_dv q1 & vol20 q3,0.0022831439784425063,1.3224918959846292,3.9131309321290284,rejected,0.0,9.110710242485204e-05
ev_offering q2 & vol20 q3,0.0037557593965802925,2.352542339653296,2.736406435683853,rejected,0.0,0.006211425589256725
ear_volsurge q4 & vol_surge1 q1,0.002824353255570318,3.4379934169067496,1.639126389028597,rejected,0.08872247968111545,0.1011869402162366
ins_opportunistic30 q2 & vol20 q3,0.0037835566503068535,2.245596449169422,2.8157910829303416,rejected,0.0,0.004865729640169494
ev_red_flag q2 & vol20 q3,0.0037662526185769985,2.3875774964751635,2.636648665232397,rejected,0.0,0.008372950195756195
log_dv q4 & news5 q1,-0.001621967610026822,-1.874587148030078,-3.1322561861514937,rejected,0.0,0.001734684382367316
news5 q1 & skew60 q3,-0.0012586400710723454,-2.7943639035442587,2.19443904067342,rejected,0.0,0.028203861839828516
atr_pct q3 & days_since_earn q2,0.0021595182991722577,3.2957474244908576,1.6551921246742352,rejected,0.07483718836995845,0.09788553221177983
ev_offering q2 & vol_ratio q1,0.0017523338717088113,2.7600584848161827,-2.142177411192057,rejected,0.0,0.03217920850141328
days_to_earn q2 & rel_ind60 q4,-0.00226199556230355,-2.2756362746373617,-2.612783241709144,rejected,0.0,0.008980824093493435
atr_pct q3 & news5 q1,0.0017908517317455053,1.843047212094348,3.019522051408153,rejected,0.0,0.00253173862069484
ev_agreement q2 & vol_ratio q1,0.0016535141091108204,2.621530993353186,-2.224342267472995,rejected,0.0,0.026125424953474186
ear_volsurge q1 & vol_ratio q0,-0.0012170119283254946,-1.5459622796037666,-3.2107266965827046,rejected,0.0,0.0013239979096126024
log_dv q2 & news5 q1,-0.00019269627533433512,-1.7389682201087397,3.0107204682856565,rejected,0.0,0.0026062866452125893
range_compress q4 & skew60 q0,-0.0007772426503550739,-2.3234407944852427,2.4229362980172007,rejected,0.0,0.01539562610092958
min20 q1 & news5 q1,0.0006105022327227431,1.9786827285715403,2.711381777991023,rejected,0.0,0.006700342968178604
ev_agreement q2 & skew60 q2,0.0010569051492771168,2.314085248952663,-2.363951530188837,rejected,0.0,0.01808117801370641
news5 q1 & skew60 q1,0.0015550533670357913,2.393590122390376,-2.2820258072924293,rejected,0.0,0.02248781665823746
close_loc q0 & days_to_earn q4,-0.0011911505235484383,-2.574736163392268,2.0711597412303338,rejected,0.0,0.03834387045500518
frog q1 & log_dv q3,0.00066350010947,1.6221597293896626,-3.008523442589853,rejected,0.0,0.0026252054781718583
ear q4 & ear_volsurge q4,0.002362959575324838,1.7841328077729348,2.845792649623984,rejected,0.0,0.004430103134666545
frog q4 & vol20 q3,0.0013677370147712872,1.113548891747097,3.4916507693262915,rejected,0.0,0.0004800454529399666
ear_volsurge q1 & frog q1,3.354701204354937e-05,1.9710770152817412,-2.6242113055599905,rejected,0.0,0.008684988497552294
ins_opportunistic30 q2 & skew60 q2,0.0008879630383903573,1.8484365711945019,-2.7444868643631892,rejected,0.0,0.006060557987619248
close_loc q0 & gap_today q4,-0.002450827049807879,-2.9648831693029494,-1.5333347755418025,rejected,0.12434479117495785,0.1251933904166742
ev_red_flag q2 & skew60 q2,0.0010927570130626512,2.0771831482788925,-2.407576117747119,rejected,0.0,0.01605881418105082
news5 q1 & r120 q4,0.0034465660323329257,2.8470927368374737,1.6172627117876888,rejected,0.10288462649855876,0.1058215845894233
overnight20 q2 & vol_ratio q1,0.0033000423645709095,2.2326586656227283,2.2182177995044055,rejected,0.0,0.02653998568094593
close_loc q0 & vol20 q3,0.0019519757002308838,1.1877072617635995,3.2612659181257175,rejected,0.0,0.0011091596930006868
ev_agreement q2 & ev_offering q4,-0.0018175309936387428,-2.522235432268073,-1.9115791436896201,rejected,0.0838692367663779,0.055930196559102606
frog q4 & ind_mom60 q2,0.001955750862991299,2.473269907197932,1.95829206169757,rejected,0.04919410899045682,0.05019575175849051
news5 q1 & vol_ratio q3,0.0010716034706017522,1.4090133842889419,3.021534331784026,rejected,0.0,0.0025149711856822642
ear_volsurge q4 & earn_in_week q1,-0.0029639470860368705,-3.695864667370254,-0.7198448751939075,rejected,0.06116562440171718,0.4716205116262796
log_dv q4 & r5 q2,-0.00023519876658762996,-1.8718587546858714,2.5272143201684525,rejected,0.0,0.011497131809692205
ins_opportunistic30 q2 & vol_ratio q1,0.0018742217213388811,2.6067778026201065,-1.7733986959883195,rejected,0.0,0.07616266493800089
ear_volsurge q0 & frog q1,0.00020066469033561623,1.455638210005062,-2.900777714637332,rejected,0.0,0.0037223782916278847
ev_offering q2 & skew60 q2,0.0011918476544327396,2.062355767932948,-2.2675769149701073,rejected,0.0,0.02335500603452019
ear_volsurge q4 & vol20 q3,0.0023704517218260815,3.5004903820300224,0.79593438077169,rejected,0.07074054223662257,0.4260701766221086
ind_mom20 q4 & r5_nonews q0,-0.0006689040638178939,-2.9108187989578562,-1.380797953296689,rejected,0.09484109399811542,0.16734109299286273
r5_nonews q1 & r60 q4,-0.00040521298917099285,-1.4639152958118666,2.8221639434950143,rejected,0.0,0.004770078558106175
overnight20 q2 & r120 q4,-0.0002956071811762552,-2.290309951927183,1.987812582113561,rejected,0.0,0.04683242166918168
min20 q1 & r120 q4,0.0028228898833720663,1.4455786056054971,2.794324524006531,rejected,0.0,0.005200825781809955
ind_mom60 q2 & r120 q4,0.0012916293860516024,2.2341256837357184,1.9740849563350737,rejected,0.04273576314193766,0.04837208361550299
min20 q2 & vol_surge1 q1,0.0026383368540007636,3.506414905098765,0.6939288018742924,rejected,0.060902601683885685,0.4877268601500875
mom_12_1 q4 & vol_ratio q4,0.002297164143106771,2.8100045347347735,1.3781192340389847,rejected,0.09443217353744736,0.16816647802398096
days_since_earn q2 & vol_ratio q3,5.5941769917928035e-05,-1.0483457775546197,3.1333481522331943,rejected,0.0,0.0017282431526953346
dist_ma50 q3 & overnight20 q4,0.002404888939561487,2.191692262460655,1.98464033214123,rejected,0.04836460225976243,0.04718450169586395
ear q3 & vol_ratio q1,0.0005012962578322594,2.1360962304804185,-2.0255080692044674,rejected,0.0,0.04281522073546387
ear_volsurge q3 & r5 q2,0.00013639826699760884,-1.4917724486812316,2.6634713514143677,rejected,0.0,0.007733899705436053
ev_offering q4 & ins_opportunistic30 q2,-0.0019949022403610915,-2.070580851067765,-2.082503733977988,rejected,0.05526899717537813,0.03729648217858935
r1 q3 & range_compress q4,-0.00079144624469942,-2.689478419449743,1.4579946137776199,rejected,0.0,0.14484202765970872
min20 q2 & vol20 q3,0.0017320807005044923,3.8981266398719887,0.24734704504311622,rejected,0.011467943550702426,0.8046396529300477
atr_pct q3 & ev_agreement q2,0.003166837032917936,2.246684292885606,1.884061039191126,rejected,0.10822772922586262,0.059556719476831874
ear_volsurge q3 & vol_surge1 q1,-0.0007075223043296678,-2.673151103211651,1.4271058241211196,rejected,0.0,0.15354939400510395
frog q1 & overnight20 q4,0.0001594945646350997,1.8052077060668477,-2.27913969236081,rejected,0.0,0.022658762677253166
atr_pct q0 & vol_ratio q4,-0.0006139859545582321,-2.0293792367917307,2.0527819360458155,rejected,0.0,0.04009373123990449
r20 q1 & vol_ratio q0,-0.002628970244301074,-2.4565126437324705,-1.6206918421115417,rejected,0.0944370448648652,0.10508374408093178
ind_mom20 q4 & vol_ratio q1,-0.0014491978084151583,-1.907817483067289,-2.162244704574242,rejected,0.0,0.030599319388642663
log_dv q1 & vol_ratio q1,0.0009052548602920737,2.546574420239326,-1.502903221883702,rejected,0.0,0.13286400207708685
log_dv q1 & news5 q1,0.0021221605244033546,1.6173145649060774,2.410928628960359,rejected,0.0,0.01591196187544142
days_to_earn q3 & r5_nonews q1,0.0017062107843699977,2.259119166262455,1.764911216389023,rejected,0.10350177732176054,0.0775786883090571
days_to_earn q4 & intraday20 q3,-0.0012345525935435254,-0.9060072754264394,-3.1168322863460847,rejected,0.0,0.0018280553710436674
gap_today q2 & news5 q1,0.0014254175152572672,1.467638338382499,2.5094018609708444,rejected,0.0,0.012093581497545157
frog q1 & skew60 q2,0.0002927460546676568,1.4065529128185792,-2.557840072125382,rejected,0.0,0.010532451837536285
ear_volsurge q1 & ins_opportunistic30 q2,-0.002889123722506757,-1.7895607780700413,-2.166665835630592,rejected,0.0,0.030260343432941688
ev_red_flag q2 & log_dv q1,0.00022048790620546877,1.4830205351752515,-2.471333349457526,rejected,0.0,0.013461027518187426
atr_pct q3 & skew60 q2,0.002610533892245151,2.903540545831188,1.0490842023243954,rejected,0.09393464686142597,0.2941393662567316
dist_ma50 q3 & vol20 q3,0.0021054358964613076,2.653070056081158,1.299436086093242,rejected,0.09437654454933238,0.1937943142862905
days_to_earn q2 & ear_volsurge q4,-0.0003128180054340318,-1.2635926849816628,2.6872069865453607,rejected,0.0,0.007205228798075674
ind_mom20 q0 & overnight20 q2,0.0013554245236444848,1.3168621863025685,2.6217369434007605,rejected,0.0,0.008748292682941505
ear_volsurge q1 & ev_red_flag q2,-0.0028755911414398093,-1.7646905931850687,-2.1704348207683957,rejected,0.0,0.02997392132464152
gap_today q2 & r5 q2,0.002501312785422803,1.373210459289954,2.558835911295188,rejected,0.0,0.01050233007238979
news5 q1 & vol_surge1 q2,0.00015688114219374364,0.014146449244891935,3.906788608159621,rejected,0.0,9.35309118110041e-05
days_to_earn q1 & ind_mom20 q1,0.002080243305146545,2.644510774553376,1.2724690578610873,rejected,0.08919502968703567,0.20320651115455254
ear q4 & r20 q1,0.0022380092980697434,1.6370953967041304,2.271009857797905,rejected,0.0,0.023146381200184862
atr_pct q3 & ev_offering q2,0.0028650505408905538,2.073994185229008,1.8340010318088795,rejected,0.1203554525512374,0.06665384098838645
dist_ma50 q4 & vol_ratio q3,-0.000578427435710156,-1.891282356754866,2.0161135554057394,rejected,0.0,0.04378810290722224
days_to_earn q4 & frog q4,0.00039539535135368014,-1.0591901240223573,2.846168025310124,rejected,0.0,0.004424883987541213
ear_volsurge q1 & ev_offering q2,-0.002842159283205697,-1.7435718933897502,-2.1503581494901587,rejected,0.009263376976142693,0.03152689603274544
frog q1 & ind_mom20 q4,-0.0023771739884300806,-2.1855325672924972,-1.699981600469435,rejected,0.08255826122391761,0.08913438648896145
ear_volsurge q4 & ev_agreement q2,0.0025764389081292093,1.6851712856578385,2.1966206000519857,rejected,0.0,0.02804755374596874
mom_12_1 q3 & r1 q4,-0.0005626664322441501,-1.802556879485731,2.0731478136679056,rejected,0.0,0.03815852537682289
ev_offering q2 & gap_today q3,0.0012043236130266797,1.5304309251519497,-2.3404775559110815,rejected,0.0,0.019259095947344672
atr_pct q3 & vol20 q3,0.002057133745382319,0.7392019943843983,3.130969227965504,rejected,0.0,0.0017423041578052629
ear_volsurge q4 & skew60 q4,0.002730701106666888,1.916021473239571,1.9438414458801565,rejected,0.05827816869734019,0.05191457407939807
ev_agreement q2 & ev_offering q2,0.001031431371796406,2.30595647327392,1.5524568945196133,rejected,0.10088964770936164,0.12055293910120744
ear_volsurge q3 & vol20 q3,0.0015559340688519228,1.1194950663218177,2.731930263146336,rejected,0.0,0.006296446683048549
atr_pct q3 & ins_opportunistic30 q2,0.0028162892753601405,1.9720207955870404,1.8790225474074889,rejected,0.11299545270378364,0.06024141458480352
days_since_earn q2 & max20 q1,0.001872374107119116,2.2857772486103136,1.5647365581689665,rejected,0.08880649007133895,0.11764469271972094
mom_12_1 q3 & news5 q1,7.497374777398614e-05,0.6205114049914201,-3.2154268763002314,rejected,0.0,0.0013025067421124632
r120 q3 & skew60 q0,-0.0004089249815502808,-1.6442111019442485,2.179960695528282,rejected,0.0,0.029260375153015366
ear_volsurge q4 & log_dv q1,0.0026025893798775714,2.613484492369959,1.2095723712296507,rejected,0.09961057840396816,0.22644302518692364
dist_ma200 q4 & mom_12_1 q1,-0.00024227368035363608,-2.275893882934198,1.5450402229614515,rejected,0.0,0.12233653444517134
r60 q4 & vol_ratio q3,-0.0007924225668287157,-2.2905728259109597,1.5269087988063506,rejected,0.0,0.12678369133254452
atr_pct q3 & r120 q4,0.0028038698536038864,2.1562565372850786,1.6526835022478834,rejected,0.07748717291591317,0.0983952937296702
ear_volsurge q4 & frog q4,0.0017024274305272073,2.3294930831298117,1.4763678288158382,rejected,0.11322285969328244,0.1398451742774273
min20 q2 & news5 q1,0.0018825316455977187,1.9491076687478275,1.8526704856724683,rejected,0.11627524339177328,0.06392960282528165
min20 q1 & vol_ratio q1,0.0015220678250861303,2.3440554749482545,1.4528516547761907,rejected,0.10960638001292247,0.14626494641698404
ear_volsurge q4 & ev_red_flag q2,0.002553279306288439,1.6547327028272256,2.137370582395931,rejected,0.027321341963135615,0.032567862143076616
ind_mom60 q2 & vol20 q3,0.0018244484845740872,2.3366557512059307,1.436284429305373,rejected,0.10139582317062872,0.1509214228706923
min20 q1 & r20 q1,0.0024729822930488143,2.572729932624771,1.1822115585101098,rejected,0.09333427281593346,0.2371217674927657
ev_agreement q2 & min20 q1,0.002720004946840305,1.5158736965474666,2.237874058263858,rejected,0.0,0.02522926918349521
ear_volsurge q4 & ev_offering q2,0.0025219534642620675,1.632993194863373,2.113045241421105,rejected,0.04730481925402455,0.03459689581043795
ev_offering q2 & log_dv q1,0.0008091937043398837,1.652110940165842,-2.089513569942044,rejected,0.0,0.03666151771115676
r5_nonews q1 & vol20 q3,0.0023896255221689824,2.0951111114548797,1.6455151704648385,rejected,0.08100123858934935,0.09986361679779539
close_loc q0 & ear_volsurge q3,-0.0002154435368166769,-1.4162089356855205,2.3162846187114825,rejected,0.0,0.02054273359877298
ev_red_flag q2 & news5 q1,0.0011598698899100218,0.8902102479086742,2.830491192265269,rejected,0.0,0.004647659081697728
frog q3 & max20 q1,-0.0012507505134556462,-2.5465318515187625,1.172307897344261,rejected,0.0,0.24107346207310307
atr_pct q3 & dist_ma50 q3,0.001764825808033974,2.3175311695115868,1.394657486677472,rejected,0.11181358615438995,0.16311915074253738
frog q1 & r60 q3,0.00032789730587474075,1.3979966139208797,-2.3071232168085487,rejected,0.0,0.02104795200792596
ev_offering q2 & news5 q1,0.0011344396495684493,0.8116601061368809,2.8702440995353133,rejected,0.0,0.0041015503574259775
frog q1 & skew60 q1,-0.0006839178212047619,-2.756489452961399,0.9140200694187718,rejected,0.0,0.3607063002062693
ev_offering q4 & ins_value30 q2,-0.0015791560037907732,-2.0661439246162283,-1.6039855096989852,rejected,0.1060030455959424,0.1087172466586382
r20 q1 & vol20 q3,0.001394822970295152,1.4370920841277974,2.208173818790028,rejected,0.0,0.027232158725258485
days_to_earn q3 & gap_today q3,0.0003408533678810967,1.2919542009393037,-2.3376466522586643,rejected,0.0,0.01940558572200233
overnight20 q4 & skew60 q3,-3.757047477749946e-05,1.470392647517839,-2.1528732757432656,rejected,0.0,0.031328639304540135
ear_volsurge q0 & log_dv q4,-0.0012247784277218039,-2.79575184036902,-0.8087452954249664,rejected,0.07219817150606342,0.4186616682616909
dist_ma200 q4 & vol_surge1 q2,-0.0005858059422460902,-2.083984973000051,1.5201591483631118,rejected,0.0,0.12847098183310443
days_since_earn q2 & min20 q2,0.0023623949647711977,1.381438700130424,2.2225531038734094,rejected,0.0,0.02624594943454815
close_loc q0 & overnight20 q2,-0.00036401821869841487,-1.3220102516084486,2.2806575427142346,rejected,0.0,0.022568719385973438
ear_volsurge q4 & ins_opportunistic30 q2,0.0024452788534278834,1.721870138865075,1.8800806109519748,rejected,0.11210094814260405,0.060097092519374964
ev_red_flag q2 & frog q1,0.0005069809439812052,1.1772307010678078,-2.421454934477674,rejected,0.0,0.015458517633906807
dist_ma50 q2 & skew60 q2,0.0004344950050846594,1.718744973408968,-1.8785834668632257,rejected,0.0,0.06030139038592573
vol20 q3 & vol_ratio q3,0.0014903792688566889,1.457117245844201,2.139802346401713,rejected,0.027170246285140788,0.0323707435197695
ear q4 & ear_volsurge q2,0.0011427461830664063,2.4526866854490375,-1.1382005420452648,rejected,0.0,0.25503675240845547
min20 q1 & vol20 q3,0.002292705346269187,1.7948598971409397,1.7896130256169251,rejected,0.10131599280604925,0.07351614303307209
ins_opportunistic30 q2 & log_dv q1,0.00038990869136877967,1.460355240615869,-2.1199648417635966,rejected,0.0,0.03400901037767908
ear_volsurge q2 & news5 q1,0.0003822352994900212,0.6410452445164251,-2.938884256280428,rejected,0.0,0.0032939605962794146
dist_ma50 q3 & vol_ratio q0,0.0019315636719005132,2.3043413406752538,1.2712301746126704,rejected,0.09137926248908747,0.20364677474220189
news5 q1 & rel_ind60 q4,0.0026418837272622966,3.199703569444937,0.3713178037239232,rejected,0.022962769289865865,0.7104008388977978
gap_today q4 & log_dv q4,-0.0008728163852602652,-1.9508164957756873,1.6177388746519832,rejected,0.0,0.10571888437526822
atr_pct q3 & ear_volsurge q4,0.0019738742002174676,2.1121287812274026,1.4498071807681014,rejected,0.11306743332557104,0.14711229652580532
ear q1 & r5_nonews q1,0.002307007633687066,1.9885337402017693,1.5733309942921836,rejected,0.09430731170803047,0.11564219615896315
news5 q1 & vol_ratio q0,-0.0009366831296388272,-1.352694943300933,2.207776443785612,rejected,0.0,0.027259860930260962
gap_today q3 & ind_mom60 q2,0.000261632719639907,0.8470797764241301,-2.7120132035544082,rejected,0.0,0.006687592892918969
ear q4 & min20 q1,-0.0002053020196712538,-1.561884247610195,1.9946568965186315,rejected,0.0,0.046080313531406535
ear q4 & r120 q4,0.0019266631945668064,1.240096006749477,2.3118221455080805,rejected,0.0,0.020787486504685374
dist_ma50 q3 & vol_ratio q4,0.00167293324742072,1.2323386527272884,2.3141053989811042,rejected,0.0,0.02066194134235891
ear_volsurge q3 & ind_mom20 q2,0.0008962809027947969,0.33073361727642,3.197438022670587,rejected,0.0,0.0013865420345772921
days_since_earn q3 & vol_ratio q3,0.0025157694382228414,2.6397218109547254,0.8858555811269306,rejected,0.05244816818819514,0.37569535452597136
ear q4 & overnight20 q2,0.0016296141919330308,1.830324344964115,1.6792067734710008,rejected,0.08751711820320059,0.09311175234477136
ear q3 & min20 q1,0.0014056021318970256,2.208227344646595,1.2976808364785142,rejected,0.09764347275871194,0.19439703145906914
ear_volsurge q1 & skew60 q4,-0.0016814351947407125,-2.674497069190741,-0.8293065308795412,rejected,0.0726511377249584,0.40693097627052643
dist_52wh q2 & r1 q0,0.001333489901972676,2.4104322509443983,1.0865171758424692,rejected,0.10974497418582793,0.27725024612894017
days_since_earn q2 & r20 q1,8.623737158101941e-05,-1.4854627119885926,1.9971748139912173,rejected,0.0,0.04580619603760103
ev_red_flag q2 & overnight20 q4,0.00024446645137112883,1.263663463322577,-2.2161999838219324,rejected,0.0,0.026677808995715126
ear_volsurge q3 & frog q4,0.00013913512614180582,-0.9598104506100739,2.5160236032363232,rejected,0.0,0.011868723402457947
frog q1 & ins_opportunistic30 q2,0.0004929572188112315,1.1385939652517332,-2.336787376237763,rejected,0.0,0.019450242553529333
atr_pct q3 & close_loc q0,0.0019313786880165381,1.1795862768746406,2.2907822362011414,rejected,0.0,0.02197601154192872
atr_pct q3 & mom_12_1 q3,0.002158665624389423,1.9742984594664135,1.49525549204376,rejected,0.11532825571370552,0.13484777605204923
gap_today q3 & ins_opportunistic30 q2,0.0011848944143067121,1.4635367201823535,-1.9909230126408672,rejected,0.0,0.046489351791377954
frog q1 & vol_ratio q1,0.00044141282131725143,1.4837517103274673,-1.9697286624553325,rejected,0.0,0.048869476211622784
days_since_earn q2 & max20 q2,-0.001054637667823968,-2.0733499149592225,1.3640350430441206,rejected,0.0,0.1725565368270945
ev_agreement q2 & log_dv q1,0.0012910868015844625,1.7484408655484354,-1.6807564200942315,rejected,0.0,0.0928102366875685
gap_today q3 & overnight20 q4,0.0007687257681316804,1.8002961809431641,-1.6281284905990732,rejected,0.0,0.10349764355515412
ear q4 & ear_volsurge q1,-0.0007278214581315722,-2.119727615107697,-1.3028291433142278,rejected,0.09688708251987942,0.19263309880024576
days_since_earn q2 & vol20 q3,0.002259615030361501,1.6843613323565074,1.7251243724841143,rejected,0.08003846065310667,0.08450506111401107
ev_offering q2 & min20 q1,0.002446084836113068,1.438631025135782,1.964696960711203,rejected,0.041058731687117746,0.04944932193654515
ear q4 & gap_today q3,0.0006397299088179702,1.3556050821126184,-2.0470551674685,rejected,0.0,0.04065266819833855
close_loc q3 & frog q4,-0.00011748092597039584,-1.5627933351598573,1.83691746721097,rejected,0.0,0.06622208026427764
days_since_earn q0 & ind_mom60 q1,0.0016318996499963578,2.398321028605482,0.998835671090628,rejected,0.08372012268930044,0.31787430291286883
close_loc q0 & vol_surge1 q1,-0.0019087667258828845,-1.816203263497079,-1.5781045829599805,rejected,0.09222095944975991,0.11454158552904
r5_nonews q4 & skew60 q2,0.0002987671818650934,1.2243990697285791,-2.1645492635949273,rejected,0.0,0.030422220046656477
atr_pct q4 & vol20 q3,0.001215862640877903,1.5530484002210936,1.8347703874809098,rejected,0.11310611323938703,0.0665397180111354
min20 q2 & r5 q2,0.001839746688511473,2.0360876205535403,1.3514339370838666,rejected,0.09018080737104786,0.17655646874162315
frog q1 & gap_today q2,0.0002522085468285376,1.2753496860824822,-2.1096922427171525,rejected,0.0,0.03488487310670055
ev_agreement q2 & news5 q1,0.0011027251395240268,0.772958430730858,2.6110055373091834,rejected,0.0,0.009027643201531693
ind_mom60 q2 & skew60 q2,0.0007603559047404181,2.4980718165407994,-0.8822015482172666,rejected,0.0,0.37766782486941186
days_to_earn q4 & vol20 q3,0.0017439011829566155,1.512289402860157,1.8642943378836292,rejected,0.12064831256778662,0.06228038152549085
dist_ma50 q3 & r120 q4,5.752279672368734e-06,-1.0367772651968474,2.3185791132477025,rejected,0.0,0.020417868713867502
ins_opportunistic30 q2 & news5 q1,0.0009189432904824888,0.6292626931500613,2.723986923083222,rejected,0.0,0.006449906026520658
ind_mom20 q2 & vol20 q3,0.0015912414731517888,1.8799375718673244,1.473047254314057,rejected,0.11251323797877369,0.14073829442014257
atr_pct q3 & log_dv q4,0.0023062403378100093,2.8552418947202316,0.4972582846592732,rejected,0.03537386926068361,0.6190069246884405
dist_ma50 q4 & r1 q3,-0.0016346504239255909,-1.8000310619375879,-1.541580750641664,rejected,0.10617183146830088,0.12317550621186923
mom_12_1 q0 & vol20 q3,0.0013300805236931426,1.270799439978349,2.0676737313968325,rejected,0.057724033929888334,0.03867071365398986
r5_nonews q4 & vol_ratio q1,0.0003327232720772135,1.4465978888395252,-1.8911968359773224,rejected,0.0,0.05859807356619271
ear_volsurge q0 & ind_mom20 q4,-0.0011956536531147035,-2.3582623902445525,-0.9779275428616433,rejected,0.0762908349249904,0.3281101616715417
gap_today q4 & vol20 q0,-0.001724192447953426,-2.0829239847507766,-1.2395739300942206,rejected,0.09556449167995458,0.21513302820162677
days_to_earn q1 & ind_mom20 q0,0.0009784166429523849,2.1725755630905312,-1.1498919020430514,rejected,0.0,0.250188396621509
days_to_earn q2 & ear q4,0.0005074693626708102,1.4323809098602183,-1.8804011982691662,rejected,0.0,0.06005342037770987
ins_opportunistic30 q2 & min20 q1,0.0024830708849348493,1.3998028916484255,1.9096269632831615,rejected,0.07950565013228453,0.05618126089843006
dist_ma50 q3 & gap_today q4,0.0018800510198021063,1.891980596744453,1.4165355156444954,rejected,0.09883111881831823,0.15661877336479005
days_since_earn q0 & ind_mom60 q4,-0.0009681441099907116,-2.6200737755892374,0.6861404250459376,rejected,0.0,0.49262456115117725
min20 q1 & r5_news q2,0.002448649655437935,1.4185481529069799,1.8857517855043153,rejected,0.09399325716618459,0.05932841088754235
dist_ma50 q3 & frog q4,-0.00029883233748161596,-1.8614492233439077,1.4378697418425386,rejected,0.0,0.15047101644869132
days_to_earn q3 & log_dv q1,-0.0017757378746876393,-2.021981312753934,-1.270712100320579,rejected,0.09172651822008475,0.2038310892336219
ev_agreement q2 & overnight20 q4,0.0007559597146351149,1.45550159522677,-1.8360326136384757,rejected,0.0,0.06635283333841271
days_since_earn q2 & log_dv q4,0.002165834382501058,1.1808375175909882,2.1069846774005763,rejected,0.04552240988154656,0.03511890777780347
dist_ma50 q3 & vol_ratio q3,-0.000993111431621568,-2.245987846987788,1.0352277683420212,rejected,0.0,0.3005625535611793
rel_ind60 q4 & vol20 q3,0.001327384791552333,0.5806185547665749,2.695857962311255,rejected,0.0,0.0070207596948226635
ear_volsurge q4 & news5 q1,-0.0005415175174027718,-0.8539354034605052,2.4204080285926044,rejected,0.0,0.015503100453189316
vol20 q3 & vol_ratio q1,0.0009856025332431724,2.4266871725217483,0.8444562386171138,rejected,0.07062084777488559,0.3984145074571594
news5 q1 & skew60 q2,0.00012459069484647829,0.47285256308189777,-2.788009226770407,rejected,0.0,0.00530330333391054
days_since_earn q2 & dist_ma50 q3,0.0016296892927529112,1.335476067418664,1.9219286597891967,rejected,0.06717196589056433,0.05461473501762612
ins_value30 q4 & rel_ind20 q2,-0.0010571949364145555,-0.5617557872224407,-2.695140368254568,rejected,0.0,0.007035898403242925
ev_offering q2 & frog q1,0.0006645342970618481,1.19880585751797,-2.055420060017178,rejected,0.0,0.0398384495881054
overnight20 q2 & vol_ratio q3,-0.000577114877788302,-1.593956882570633,1.653388658701454,rejected,0.0,0.09825178953875957
frog q1 & log_dv q1,0.0005830405766944224,1.700332325586129,-1.5410843091227904,rejected,0.0,0.12329626817575619
log_dv q4 & min20 q2,0.0021244532287197568,2.177150909803059,1.061578836538375,rejected,0.09436571135076517,0.288426925596862
close_loc q0 & frog q4,-0.000870349241433186,-1.672501008492438,1.566011845054217,rejected,0.0,0.11734584414966782
dist_ma200 q1 & overnight20 q4,-0.00011708172602936374,1.3521080855187517,-1.8747273686603558,rejected,0.0,0.06083023970712678
atr_pct q3 & days_to_earn q2,0.0014372295079632987,2.567527506273413,-0.6577169338498356,rejected,0.0,0.5107200390301169
mom_12_1 q3 & vol20 q3,0.0020215197272760517,2.567532492383381,0.65664613487755,rejected,0.05131265775685865,0.5114084769779766
ear_volsurge q4 & min20 q2,0.0017457608271821768,2.1028096051539262,1.1142740717684465,rejected,0.09068924428818018,0.26516162675355315
ev_agreement q2 & r120 q4,-0.000397894235161305,-1.1577861369702682,2.057463191052202,rejected,0.0,0.03964169211670573
gap_today q3 & r5_nonews q4,0.0011366486228906207,2.9780444298894815,-0.23031602317586,rejected,0.0,0.8178462105695699
ear q3 & vol_ratio q0,-0.0011080668223917857,-1.0503884786714017,-2.156091870426114,rejected,0.0011376403062922317,0.031076492178709267
atr_pct q2 & ev_red_flag q2,0.002442408231068446,3.143733645558326,0.05534168488039074,rejected,0.0017004107584505039,0.9558662533004857
ev_offering q2 & vol_ratio q3,-0.0003039770006142231,-1.305809670490185,1.8924854216237992,rejected,0.0,0.058426334220516435
r5 q0 & rel_ind60 q1,-0.0018025577128625103,-1.4053100447513402,-1.7917731902664202,rejected,0.09724495893526189,0.07316930500351747
ins_opportunistic30 q2 & overnight20 q4,1.2808457858760283e-05,1.0273641697117946,-2.166959172718879,rejected,0.0,0.03023796734544509
ind_mom60 q3 & vol_ratio q1,-1.2319556028232527e-05,1.3681003991068246,-1.8152088732265426,rejected,0.0,0.06949181660981955
ev_agreement q2 & gap_today q3,0.0011928339589571727,1.4107298187457846,-1.7725178518655769,rejected,0.0,0.07630863461001489
gap_today q4 & r5 q2,0.0021940866305414767,0.940609201159517,2.239081218437886,rejected,0.0,0.02515063207244872
news5 q1 & overnight20 q4,-5.8446213133683475e-05,0.6068342261156703,-2.572177211136779,rejected,0.0,0.010106114737205697
gap_today q3 & ind_mom60 q3,0.0005115439049974439,1.24897599253705,-1.9297471859279614,rejected,0.0,0.05363817028669986
ear_volsurge q3 & min20 q1,0.0009657272649149746,1.3947059897092666,1.7838605945653885,rejected,0.09554065831222262,0.07444632040637622
days_to_earn q2 & vol_ratio q1,-0.000515145422422781,0.990778521543752,-2.1862011875251324,rejected,0.0,0.028800889433373115
close_loc q4 & ear_volsurge q3,0.0012195446779258454,0.9219979419906835,2.2535875789130837,rejected,0.0,0.02422212546879057
ear_volsurge q0 & r120 q4,-0.00034849026471892947,-1.2531916732697943,1.9222087966748989,rejected,0.0,0.054579490396714676
frog q1 & skew60 q0,0.0008495146505691994,2.178211847974242,-0.9966599796048486,rejected,0.0,0.31892958152931944
days_to_earn q4 & ear_volsurge q4,0.001190899679909699,1.3549536208871682,1.8179302494122114,rejected,0.11502138585747226,0.069074794244817
atr_pct q3 & r5_nonews q1,0.0018114107961833322,1.5437980741366841,1.6285780419391236,rejected,0.08631640318535579,0.10340237578645087
log_dv q4 & vol20 q3,0.002045022473076354,2.1888076589657453,0.9792769512489596,rejected,0.07379990774542124,0.32744315569318067
log_dv q1 & overnight20 q4,-0.00019532347449785189,1.175570214931822,-1.9877928438934234,rejected,0.0,0.04683460551115596
dist_ma50 q3 & log_dv q1,0.0017342100938962256,2.7394562501375153,0.4234281776388973,rejected,0.02474620460612319,0.671982890018146
ear_volsurge q2 & frog q1,-6.348583401766528e-05,1.0175470044794392,-2.1406346721976384,rejected,0.0,0.032303510461658226
ear q4 & intraday20 q3,0.001864275516492255,1.8243977608884485,1.3307748695344348,rejected,0.09241948444652921,0.18326309926273032
news5 q1 & r60 q3,-0.0010067142882821708,-1.0846861163042183,-2.0696143030320466,rejected,0.05237565373690705,0.0384884775733453
ear q3 & skew60 q4,-0.0019349120889840324,-1.2052651968514878,-1.9482983670069838,rejected,0.05095094813727447,0.051379272445249
gap_today q3 & ins_value30 q2,0.0011702670233399025,1.438057417828593,-1.7130057864961938,rejected,0.0,0.08671147504897463
ev_offering q2 & overnight20 q4,0.00013138335208260659,1.0084135412737314,-2.140063830066985,rejected,0.0,0.032349608662884076
ear_volsurge q4 & vol_ratio q3,8.21041609266573e-05,-0.8948205591653523,2.253516634427046,rejected,0.0,0.024226593097527182
log_dv q1 & min20 q1,0.00186888637558013,1.9963222149508837,1.1488393360391282,rejected,0.08466368925515774,0.25062223595846395
range_compress q4 & rel_ind60 q3,-0.0011398247949800768,-2.342187247112937,0.7990409058642419,rejected,0.0,0.4242666932558493
r5_nonews q0 & vol20 q3,0.0008170290013516936,0.2525213777532574,2.886877265542792,rejected,0.0,0.0038908597445263663
frog q4 & vol_ratio q1,0.0017102577380648197,2.293228036597919,0.8395720170897816,rejected,0.07344236335875115,0.4011483943731266
close_loc q0 & ins_opportunistic30 q2,-0.0009387598723193911,-1.5732078590604128,1.5589304592823787,rejected,0.0,0.11901284018795617
days_to_earn q2 & ind_mom20 q4,-0.0013690294587978347,-1.6546799000542038,-1.4729425842623416,rejected,0.10991742470951205,0.140766518194066
ev_offering q2 & max20 q1,-0.0008583695253229823,-2.0728884069502342,1.0483752903606094,rejected,0.0,0.2944657334013921
r5 q2 & vol20 q3,0.0015533222263367237,1.5190002936799385,1.5789775126468992,rejected,0.08579677154701071,0.11434121510261064
dist_ma200 q1 & ear_volsurge q4,0.0015450167970113477,2.2518780177855104,0.8397185171445403,rejected,0.07240305680815944,0.4010662291314463
ear q4 & ev_offering q2,0.002160160990822474,1.2762102011969012,1.8132499133356743,rejected,0.11223964097581046,0.06979328459080392
close_loc q2 & gap_today q0,-7.674884456326065e-05,0.8755538055835277,-2.1915148211633633,rejected,0.0,0.02841455839782812
ind_mom20 q4 & log_dv q0,-0.0014065639928238277,-2.5467430524471557,-0.5182911566279321,rejected,0.03535213159990146,0.6042551420893717
ear_volsurge q2 & rel_ind60 q4,-0.0016664960693340337,-1.2107279984568635,-1.852351729719084,rejected,0.10797298759095005,0.06397533196517678
r120 q4 & vol20 q3,0.0015409871375706794,0.9980634519693119,2.0626590197354164,rejected,0.05350915613948638,0.03914503602230848
close_loc q4 & days_since_earn q3,0.0004016557957755296,1.8645646055997385,-1.1946602812698466,rejected,0.0,0.232219786683018
ev_agreement q2 & frog q1,0.0005624118934740276,1.122854128427983,-1.9332315312665276,rejected,0.0,0.0532076820874142
log_dv q1 & vol_surge1 q1,-0.0014827907750743243,0.10719768576661791,-2.945009970805942,rejected,0.0,0.0032294425551262543
log_dv q4 & vol_ratio q0,-0.00043237108906479777,-1.2760347740707865,1.7724095795185713,rejected,0.0,0.07632659277025503
r5_nonews q4 & vol_ratio q0,-0.00017069164537360053,0.9640197221606328,-2.0829178431630515,rejected,0.0,0.037258712892769615
gap_today q3 & mom_12_1 q3,0.002257589048221949,1.5903086138988933,1.4527924307168179,rejected,0.10599609708196926,0.14628139419793035
atr_pct q3 & vol_ratio q1,0.0015128285166490154,2.224373320662724,0.8135899004344378,rejected,0.07217374810429122,0.4158799255846297
gap_today q3 & min20 q2,0.0017297324089693476,2.458991104188724,0.5765490536330853,rejected,0.04539373593881946,0.5642441235120974
r120 q4 & vol_ratio q3,-0.0007611519017341452,-1.7030602105845647,1.3269918713770534,rejected,0.0,0.18451137158926925
dist_ma200 q1 & skew60 q2,0.0011944099499163992,2.336603742267541,-0.6898359101169829,rejected,0.0,0.49029738329770955
ear_volsurge q1 & max20 q1,-0.0019208555666627124,-1.8944819955778074,-1.1295438693200461,rejected,0.07778387948598171,0.2586684743024924
ear q3 & vol20 q3,0.0010454705453835534,1.1138081912901396,1.9094089249895692,rejected,0.07735430291329597,0.05620936034747348
days_to_earn q2 & r20 q1,-0.0009651615338630634,-1.9111518936269918,1.10582466666697,rejected,0.0,0.2688024163264111
close_loc q4 & frog q4,0.0009716200095989285,0.546954544758016,2.4665616808521897,rejected,0.0,0.013641723127754852
days_since_earn q2 & news5 q1,-0.0004668340217663367,-0.6289203038002703,2.3843662711437283,rejected,0.0,0.01710856485089197
close_loc q0 & ev_offering q2,-0.0008226795776798613,-1.5004850400310832,1.504817801441774,rejected,0.0,0.13237092576842754
ins_opportunistic30 q2 & r120 q4,-0.00032761613626915593,-1.0293165162434885,1.9758120567343025,rejected,0.0,0.048176067394189004
ev_agreement q2 & log_dv q4,0.001756265570503242,0.7689069727824736,2.2338563185925095,rejected,0.0,0.025492528494379982
atr_pct q3 & rel_ind60 q4,0.0018246028685429145,1.4541167812358826,1.5474404559779111,rejected,0.09958268748820341,0.12175707221194952
ind_mom20 q2 & news5 q1,5.908096961302965e-05,-0.44907821303355866,2.546968064107048,rejected,0.0,0.0108663377106332
dist_ma50 q3 & ear_volsurge q1,-0.00026456443187290924,-1.588923553042896,1.4032007650673157,rejected,0.0,0.16055697953070994
gap_today q3 & vol_ratio q3,0.0007751053175390965,1.5021929459664247,-1.4883612264464532,rejected,0.0,0.13665565621322348
close_loc q0 & r5_nonews q1,0.0007349978586433171,-0.7283882896844752,2.2546035778806646,rejected,0.0,0.024158222680440537
ear_volsurge q2 & ind_mom60 q2,9.985532473325381e-05,-1.5783856641546272,1.4043555597456263,rejected,0.0,0.1602129973086024
frog q1 & vol_surge1 q1,-5.157010635748724e-05,1.2245971626270513,-1.7566784833622582,rejected,0.0,0.07897262705188218
dist_ma200 q4 & ev_offering q2,-0.0008397332291793716,-1.8851586164204315,1.0883598808751325,rejected,0.0,0.2764362649091937
ear_volsurge q2 & r5_nonews q4,-0.0014378602636486424,-0.8774888660354067,-2.0944438572558264,rejected,0.04133642491260867,0.036220459377777174
ear_volsurge q3 & skew60 q2,0.0010363191171916684,1.079724652475144,1.8845629293650121,rejected,0.08986065477849163,0.05948887118802562
atr_pct q3 & min20 q1,0.002286336453787857,1.9744718308482427,0.9890355768862968,rejected,0.07201616355949476,0.322645735463814
ear q2 & ind_mom60 q4,-0.0010579167508080183,-1.9192241123664622,-1.0393392795859484,rejected,0.09375771526741268,0.2986469728760737
ear_volsurge q4 & overnight20 q2,0.001565665628821193,1.8744653838207468,1.0777721886242204,rejected,0.10564840436115447,0.28113543377410927
gap_today q4 & skew60 q2,0.0007737940307038002,1.6240673513497288,-1.327493499060692,rejected,0.0,0.1843454889972594
vol_ratio q0 & vol_surge1 q1,0.0005379515359399727,1.897271899650477,-1.0529096863312426,rejected,0.0,0.29238238626806423
days_to_earn q2 & ins_opportunistic30 q2,-0.0020268814776161484,-1.3632238824943124,-1.5855364677597694,rejected,0.08672275023834977,0.11284449807747983
ear_volsurge q1 & ev_agreement q2,-0.0024073928438067475,-1.6870410656216346,-1.261289860289341,rejected,0.0980244343124588,0.20720443307934144
overnight20 q2 & r5 q2,0.002166258015770102,1.4838136194005087,1.454566760882325,rejected,0.10190316125628752,0.14578923862635534
ev_offering q2 & ev_red_flag q2,0.00042877071950389367,1.8149961706660438,1.1135342535215258,rejected,0.09026000713194701,0.26547904552728246
ind_mom60 q1 & r60 q0,0.0009291253040538722,2.5084418074033676,0.41939822829910894,rejected,0.025754723102852994,0.6749251187085481
ins_opportunistic30 q2 & vol_ratio q3,-0.0003714401633767142,-1.2452847700754492,1.6820991999694566,rejected,0.0,0.09254960550293634
r60 q3 & vol_ratio q0,0.00036789929552607007,1.2606050043797867,-1.6650531325019142,rejected,0.0,0.09590215596399393
skew60 q2 & vol_ratio q1,0.0008144882006350927,1.8043824813173752,-1.120122769095331,rejected,0.0,0.2626614490694462
overnight20 q4 & vol_ratio q0,-0.001479571992364612,-0.7770898901821448,-2.1454669132930557,rejected,0.007155159068541117,0.03191553409519226
ear_volsurge q2 & log_dv q4,0.0022651497451508257,0.982732096530755,1.9391385851138354,rejected,0.04638901738888391,0.05248446543332834
ear_volsurge q0 & overnight20 q2,-0.0011593758475459978,-0.6633838155461687,-2.257604741844545,rejected,0.0,0.02397031276541652
days_since_earn q0 & r5_nonews q3,-9.41955883612386e-05,-1.3008947676636118,1.617732445138825,rejected,0.0,0.10572027058489608
ind_mom20 q4 & r5 q4,-0.0012329526215055088,-1.4128827425324477,-1.4994326989056195,rejected,0.1061791550690733,0.13376141601916827
days_to_earn q2 & overnight20 q4,-0.0008137677019116571,-1.1437304575394924,-1.767576394465372,rejected,0.0900114029115903,0.07713174719978252
days_since_earn q2 & overnight20 q2,0.0018588449788103944,1.4918779574865801,1.4177684100518788,rejected,0.09378389397849722,0.1562583898695439
ear_volsurge q1 & gap_today q2,-0.0007979680404208105,-1.67602943890418,1.230743816020466,rejected,0.0,0.21841869484699403
rel_ind60 q2 & vol_ratio q2,0.001309397506133191,2.2931637857290625,-0.6126901370898807,rejected,0.0,0.5400812452590653
atr_pct q1 & ear_volsurge q4,-0.001124808096451033,-2.5702767322229523,0.3350929095251115,rejected,0.0,0.737555001360273
days_since_earn q3 & skew60 q3,0.0007466994349205183,2.0569125806199398,-0.8369796748752953,rejected,0.0,0.4026039928845497
range_compress q1 & rel_ind20 q3,0.0010564871008509635,2.4470913086720807,-0.4461098787950002,rejected,0.0,0.6555178772299451
atr_pct q3 & ind_mom60 q2,0.0009427084502431519,1.4371154847968288,1.4536426091272088,rejected,0.1026957074423545,0.14604541720262054
days_to_earn q2 & gap_today q3,0.0013981013409849162,1.754094286862459,-1.136506599747114,rejected,0.0,0.2557446050382266
ear_volsurge q2 & gap_today q4,0.00032989306600337583,1.1806792162767614,-1.7046410327942965,rejected,0.0,0.08826139364757864
frog q1 & ind_mom60 q3,-0.0001584627649144924,1.0322689000741205,-1.8518107493182352,rejected,0.0,0.06405300353305655
r20 q1 & skew60 q4,0.00154977470503352,1.3508934116627915,1.5280050556050497,rejected,0.11112791588853087,0.1265112827373592
dist_ma200 q1 & frog q4,0.0013420461611124723,2.82371000070961,0.05234132862770551,rejected,0.0040084920359906035,0.9582567229481596
gap_today q3 & vol_surge1 q0,0.001428142142877053,2.442892132915004,-0.4298962742704682,rejected,0.0,0.6672710957905617
mom_12_1 q2 & rel_ind20 q4,0.00047317862685424867,1.264759572603891,-1.6056470620725478,rejected,0.0,0.10835147883077677
atr_pct q3 & gap_today q2,0.0010523821467755446,0.8093740418075062,2.0543553106127708,rejected,0.05200385874120672,0.039941315040759116
r120 q4 & skew60 q4,0.0015612249797489,0.9076979172876763,1.9547952741371188,rejected,0.04009239735817144,0.05060723920463116
ear_volsurge q2 & vol20 q3,0.00017430899285513,-0.7190460234290235,2.141113746113738,rejected,0.0,0.0322648664281492
ear_volsurge q1 & frog q4,-0.0010794945455260883,-2.2959143339794013,-0.5637694413281291,rejected,0.03528448176384153,0.572911051343165
ear_volsurge q4 & max20 q1,0.0003065865290170153,-0.9836452277366141,1.8738407161679793,rejected,0.0,0.06095238258880849
atr_pct q0 & ind_mom60 q4,-0.0008252501086527256,-2.272051750104025,0.585417517124096,rejected,0.0,0.5582670130943759
dist_ma50 q3 & skew60 q4,0.00032039340363610054,-0.155227657469454,2.699612004913267,rejected,0.0,0.006942038386049678
days_since_earn q2 & ear_volsurge q2,0.001955613481996812,1.8624236450724643,0.9867669255828927,rejected,0.07232422969412758,0.3237569123556469
gap_today q3 & vol_ratio q0,0.0007647379333466473,1.6876081861922634,-1.159122098179996,rejected,0.0,0.24640641950110193
ear q4 & ins_opportunistic30 q2,0.00210928177952469,1.2787545480340492,1.5642175899406918,rejected,0.08247664997758852,0.11776647770450886
days_since_earn q2 & skew60 q2,0.0017393630697818015,1.5519196264647022,1.2883039062956712,rejected,0.09149313963457457,0.19764019387885992
r5_nonews q4 & vol_surge1 q1,-0.0006330548815545888,-0.23417538254524073,-2.6031967446746873,rejected,0.0,0.009235893525079393
close_loc q0 & ear q3,-0.0014724363617996702,-2.0243880388103728,-0.8126927115232323,rejected,0.07137680854881795,0.416394261038969
ear_volsurge q4 & r20 q1,0.0012541398546469277,1.0572612363953753,1.7753400971372406,rejected,0.08112652170055612,0.075841748477983
ind_mom20 q2 & r120 q4,0.0014244318542279617,0.9063777773870065,1.9258878224622697,rejected,0.051582716287615286,0.05411838230544227
close_loc q3 & vol_surge1 q1,7.27995871147565e-05,-1.287950342981717,1.5410793461057002,rejected,0.0,0.12329747592184706
log_dv q1 & skew60 q3,0.0003264881002430989,1.9017462057997914,-0.9255134868236498,rejected,0.0,0.3546988715763659
frog q4 & log_dv q4,0.002047835234252983,-0.2912984201129359,2.533425055363627,rejected,0.0,0.011295389129274505
rel_ind60 q4 & vol_ratio q3,-0.0007065615452632029,-1.6952674828555934,1.1260584564596001,rejected,0.0,0.2601407768858604
close_loc q4 & frog q1,0.00028182695319409803,1.3890248974256194,-1.4322484922986347,rejected,0.0,0.15207271824288757
r20 q1 & vol_ratio q3,0.0009190453869053575,-0.1693962273221636,2.6490401734193196,rejected,0.0,0.00807207356481972
ev_agreement q2 & vol_ratio q3,-0.00018042627252959332,-1.0496439178838317,1.767563127200267,rejected,0.0,0.07713396686625884
atr_pct q3 & r5 q2,0.001514662457263948,1.7615804239735486,1.0526648478328828,rejected,0.09246280971229746,0.29249462486504846
days_to_earn q2 & ev_offering q2,-0.0019410614406278007,-1.161711317594132,-1.650134232072405,rejected,0.06867191862213239,0.09891548464198464
log_dv q0 & news5 q2,-0.0013108503026430635,-2.1926294049674935,-0.60963588449249,rejected,0.056370121311956525,0.54210303515202
ear_volsurge q3 & r5_nonews q1,0.0008062148009534839,0.4271292383938599,2.3698750152960453,rejected,0.0,0.017794099308979218
atr_pct q3 & r20 q1,0.0011724797799539432,1.208806577657516,1.5871362823384905,rejected,0.09085104818619,0.11248178203541334
log_dv q1 & mom_12_1 q3,0.0015019850404402975,1.2991035585091417,1.4948695965868504,rejected,0.10822918767586885,0.13494847840295318
gap_today q4 & overnight20 q2,0.00010912478291632017,0.4914991118117012,-2.2995984387366857,rejected,0.0,0.02147098063398233
days_to_earn q2 & ev_agreement q2,-0.0018592519240498053,-1.0460909940616074,-1.740049969023566,rejected,0.08941475475015027,0.08185024417120444
days_since_earn q2 & gap_today q0,0.0011809516940308202,1.592766371064725,1.1912184400577,rejected,0.09317132273882824,0.23356784228765934
mom_12_1 q3 & range_compress q4,-0.0012895852984059094,-2.1123357408932018,0.6617606055291837,rejected,0.0,0.5081246569281578
close_loc q1 & days_since_earn q3,0.0006248633313360646,1.8869893461741438,-0.8803836996671282,rejected,0.0,0.37865148381563996
days_since_earn q2 & gap_today q2,-0.0005702128512111951,-1.286785718565394,1.4804317701607643,rejected,0.0,0.13875805671321842
ind_mom60 q3 & log_dv q1,-0.0012538997679106458,-1.7423269213941115,-1.0218960313116463,rejected,0.08767075778000717,0.30683011103452085
days_to_earn q4 & ins_buyers30 q2,0.0020279444114296987,1.1864021554684845,1.5776579838476545,rejected,0.08596574071911679,0.11464420373256341
ear_volsurge q3 & skew60 q3,0.0008662132199118731,1.5776528521581366,1.1863829747693402,rejected,0.0868428230468964,0.23547109208862926
dist_ma50 q4 & ins_buyers30 q2,-0.0018343379260775223,-2.3942161461334095,-0.36309489232733627,rejected,0.025072333219789827,0.7165339999715374
overnight20 q4 & skew60 q1,-0.0008503741167577989,-2.33505341534493,0.42020264536489593,rejected,0.0,0.6743374224219977
min20 q1 & mom_12_1 q3,0.0012722992912258778,2.292044969083945,-0.46239229834957407,rejected,0.0,0.6438000213114108
ind_mom60 q3 & overnight20 q2,-0.0017407702876630893,-1.8666188104289438,-0.8876410306487647,rejected,0.051207788685106524,0.37473387541873904
ear_volsurge q3 & r5_news q2,0.0007275818554251142,-0.22578481708965914,2.5232961644333622,rejected,0.0,0.011626043991804388
ear_volsurge q1 & news5 q1,0.00029162461551970073,0.08736550122517316,2.659503818011977,rejected,0.0,0.007825584305509814
ear q4 & ind_mom60 q2,0.0013595281372455379,1.8748585071079187,0.8669623347702167,rejected,0.056248199095505526,0.38596264736117397
frog q4 & gap_today q3,0.0006219630146850953,1.9524278882795083,-0.7815440846465563,rejected,0.0,0.43448255886823517
r5_nonews q4 & vol_ratio q3,0.0004214943799407319,-1.0913412241564964,1.6413897495344556,rejected,0.0,0.10071653632035753
dist_ma50 q2 & overnight20 q4,-0.0019326935455423297,-1.6301628572170646,-1.1014631516098667,rejected,0.09678584126179056,0.27069513333652045
frog q1 & r120 q4,0.0015300465421538684,1.8443830037576594,0.8856670244883339,rejected,0.051948909631338074,0.37579698267315914
gap_today q3 & rel_ind60 q0,0.00045385409583607785,1.5471651854749409,-1.1816336955813818,rejected,0.0,0.2373510774922688
frog q1 & overnight20 q2,0.0011538010935613137,2.397124709189568,-0.3251001960718505,rejected,0.0,0.7451052405668974
ev_offering q2 & r120 q4,-0.0001695709731351704,-0.8729565968494862,1.8463926165460043,rejected,0.0,0.06483521851647404
overnight20 q1 & r1 q2,0.0018466331104900775,1.9737114502656432,0.743787049479229,rejected,0.06341053011853792,0.4570053161841241
ear q4 & ev_agreement q2,0.001993941601368197,1.162462971642614,1.5540171326009617,rejected,0.08985357019472234,0.12018032999953479
ear_volsurge q3 & log_dv q4,0.00101448949269437,0.4672239696256983,2.2458963244940358,rejected,0.0,0.024710649373743086
dist_ma200 q3 & ind_mom20 q3,0.0013195747400763119,0.9538948796053593,1.7563418588577049,rejected,0.08559637591746085,0.07903005394678599
max20 q1 & r5 q2,0.000876569261953751,-0.02512998120124225,2.67763264494155,rejected,0.0,0.0074144487972780705
frog q1 & skew60 q3,-0.00035203439680986246,0.3632120928766326,-2.3386395422312636,rejected,0.0,0.01935409652008762
ear_volsurge q1 & ind_mom20 q2,0.00020338805555206356,-0.8120804697571764,1.888293004195088,rejected,0.0,0.05898662597738376
ear_volsurge q3 & ind_mom60 q2,0.0008821574456202129,1.1777270401260969,1.5204527698421406,rejected,0.1038487253595868,0.12839722047445518
close_loc q0 & min20 q1,0.0006162712339568276,-0.1835911124208055,2.5103951156334077,rejected,0.0,0.012059614114453323
ear q3 & gap_today q3,-0.0017747334692657984,-1.6991034327126393,-0.9932017983011739,rejected,0.07462037249574184,0.3206116221668767
frog q1 & gap_today q4,0.00028443680280889233,1.1294108137934304,-1.5591132963683585,rejected,0.0,0.11896956715881442
max20 q2 & overnight20 q4,-0.002005547108676228,-1.4326396375785257,-1.2537710223021015,rejected,0.09190248755920416,0.20992524466932694
ear q4 & vol_surge1 q1,-0.0006383475052695252,-1.219767624863558,1.4607594741134071,rejected,0.0,0.14408146102290031
ev_offering q2 & rel_ind60 q4,-0.0006127579180809507,-1.4138809673438004,1.2656916490503183,rejected,0.0,0.2056234992871526
ear q3 & overnight20 q4,-0.0018142238649348592,-1.409868797242565,-1.2666934538507977,rejected,0.09266713491549759,0.20526492160016338
rel_ind20 q0 & vol_surge5 q2,-0.0006444850097586347,-1.1151636244264933,-1.5610163412970193,rejected,0.0811800781593231,0.1185198952521073
dist_ma50 q3 & min20 q1,0.0008907167478011299,0.4301635694629662,2.2442060570565907,rejected,0.0,0.024819146506466588
gap_today q3 & skew60 q3,0.0006286733720001785,1.0933860437482052,-1.579213161996187,rejected,0.0,0.11428717196887211
ev_shelf q2 & max20 q3,0.002387151413633583,2.2982522898828304,0.37175628356145357,rejected,0.022008126796888842,0.7100743151817582
overnight20 q4 & vol_surge5 q3,-0.0016200788816095257,-1.8236769379147133,-0.8444327035799197,rejected,0.06967087016457076,0.39842765395856194
dist_ma50 q2 & frog q4,0.0005334375304826119,1.44633022887338,-1.2199714046428203,rejected,0.0,0.222475715193369
ev_offering q2 & min20 q2,0.001695306364056739,1.6813488645979269,0.9838904498791493,rejected,0.06976820987204027,0.32516937982990735
ear_volsurge q1 & skew60 q0,0.0002934793027340956,1.4244983620181368,-1.2397396683038875,rejected,0.0,0.21507169976357549
ear_volsurge q4 & overnight20 q4,0.0013069018928347081,1.7036872056468169,0.959811670220416,rejected,0.06914201074157561,0.337150007748551
gap_today q2 & overnight20 q4,0.00015929945333452216,-1.044923056767035,1.6169079931109482,rejected,0.0,0.10589814278305364
dist_ma50 q3 & ins_opportunistic30 q2,0.0016828647186722637,1.3919597717541285,1.2680825692238966,rejected,0.08987657028304943,0.20476846557420786
skew60 q3 & vol_surge5 q4,0.0006035877014613362,1.4030323031042475,-1.256809648698179,rejected,0.0,0.20882257134575818
days_to_earn q2 & r5_nonews q4,-0.0006276113327766563,-1.0908020782082293,-1.5682817774869184,rejected,0.08052400652720676,0.11681538670332055
mom_12_1 q3 & r5_nonews q1,0.0013501156227372945,1.3483431353254682,1.3092134448964734,rejected,0.09261779532979791,0.19046205919223866
skew60 q3 & vol20 q3,0.001472661250207367,1.2225575506540964,1.4348335633125728,rejected,0.09246744781916218,0.1513345311838387
ev_red_flag q2 & log_dv q4,0.0013771582968889373,0.3651767234184341,2.2912069095336207,rejected,0.0,0.021951449533981524
days_to_earn q4 & ins_officer30 q2,0.001916495596274854,1.1116929143480028,1.5415750156964105,rejected,0.09701243140097726,0.12317690073939536
close_loc q0 & vol_ratio q1,-0.0012650817734878186,-1.5987491455382234,-1.0509665785070603,rejected,0.09045789796968975,0.29327393998353596
ev_agreement q4 & ev_shelf q2,-0.0007734552533036655,-1.6740292556341423,-0.9688929278560365,rejected,0.06892260935924825,0.33259861439539345
days_to_earn q3 & news5 q1,-0.0010185838309475688,-0.8344095548638697,-1.8043000318471019,rejected,0.09218728104076533,0.07118428480787209
ear_volsurge q4 & gap_today q4,0.0011066720559113374,1.8215658250023807,0.8151481403748445,rejected,0.07098464086238333,0.4149875185167994
ear q2 & skew60 q1,-0.0020630099037145222,-2.5840317389395757,-0.05065748514100102,rejected,0.005822555806477126,0.9595984550669299
ear_volsurge q1 & r5_nonews q4,-0.0014278824410663773,-1.1693337613825947,-1.464805929028854,rejected,0.1001174176248428,0.1429738737991259
atr_pct q2 & intraday20 q1,0.0010362254332731014,1.8791846283492784,-0.7548342652499839,rejected,0.0,0.4503484314562694
dist_ma50 q4 & ins_officer30 q2,-0.001800697216288094,-2.2627696463690468,-0.3699496692519362,rejected,0.021788558835065946,0.7114199920192796
min20 q1 & skew60 q2,0.0012977441713413408,2.348806545954167,-0.27945977086775436,rejected,0.0,0.7798920068057638
earn_in_week q1 & min20 q4,-0.0009066185602951315,-2.361131508403582,0.26688884065409196,rejected,0.0,0.7895547489721759
overnight20 q4 & r5_nonews q4,-0.0010208076806447793,-0.7055079459864374,-1.9221689527231882,rejected,0.05400231561843544,0.054584502091958316
ear_volsurge q4 & vol_ratio q1,0.0009126300601069066,1.6925258361602802,0.9349263221594384,rejected,0.06395746172704245,0.349826270804779
days_to_earn q2 & frog q1,-0.0012038767490412804,-0.24755671216060646,-2.379852947359773,rejected,0.0,0.017319548082979332
max20 q1 & r5_nonews q1,-0.0022291380019362084,-1.4154737622448894,-1.2088519397657682,rejected,0.09338923299343428,0.22671973294569403
range_compress q3 & vol_ratio q4,0.0009619754179746851,0.5063975781563858,2.1169675848467517,rejected,0.024125734400975537,0.03426259895838404
frog q1 & r5_nonews q4,1.7229240066304388e-05,0.9875939443969795,-1.6316217227345755,rejected,0.0,0.10275919919468005
ear q4 & ear_volsurge q0,7.259931486469587e-05,0.8474766569824003,-1.7700933695617127,rejected,0.0,0.07671158791440998
days_since_earn q3 & vol_ratio q2,0.0003776165790091985,1.044011389299959,-1.5734948238024573,rejected,0.0,0.11560428593362954
dist_ma50 q3 & ear q4,0.0009511652806174475,1.068853336581071,1.5485859548407828,rejected,0.09055271623404068,0.12148128439501306
close_loc q3 & vol20 q3,0.0010625158871744617,2.103468657895478,-0.513284832108024,rejected,0.0,0.6077520924754274
log_dv q1 & skew60 q0,-0.0006824495114641887,-1.999514107678778,0.6162777793305336,rejected,0.0,0.5377112018397368
days_to_earn q2 & gap_today q4,-0.0011006246867126873,-0.6192809660010739,-1.9929944413633933,rejected,0.02684492650856718,0.04626205576582764
ear_volsurge q0 & gap_today q4,-0.0009510868668979207,-1.0554496061180714,-1.5486816667150487,rejected,0.08867828585558611,0.12145826314560482
ear_volsurge q3 & ev_offering q2,0.0008996855990035869,-0.021062015653063655,2.583037080087286,rejected,0.0,0.00979347966408012
dist_ma50 q3 & log_dv q3,0.0008691481451421273,0.5502362524304565,2.048865160045643,rejected,0.045276442229152315,0.040475301968438786
close_loc q0 & log_dv q1,-0.0016167165367132288,-2.5185316461801497,-0.07866317006143156,rejected,0.008700862565328768,0.9373005407002122
dist_52wh q2 & overnight20 q4,0.0010128725798333352,1.964269572737646,0.6302030587003218,rejected,0.05268476365216814,0.5285617383354456
ear_volsurge q1 & r120 q4,-0.0006128901345965802,-1.614889209732867,0.9781185231081152,rejected,0.0,0.3280157075602419
overnight20 q2 & skew60 q2,-0.001458263563372979,-2.056265377408712,-0.5309678455641484,rejected,0.04115811291934752,0.5954410613405321
days_since_earn q2 & r5 q2,-0.00028225294375733404,-0.6319920443358235,1.9513019966987089,rejected,0.0,0.051021131697410904
dist_52wh q1 & log_dv q4,-0.0005880625239481056,-1.42383014849536,1.1581860232483363,rejected,0.0,0.24678813080431028
ear q4 & log_dv q4,0.000621171516296834,0.1797859781320716,2.4009586153149853,rejected,0.0,0.016352185728806198
vol20 q3 & vol_surge1 q2,0.001090477666969851,1.117989508176892,1.4566426903455898,rejected,0.09888470204929632,0.14521503702524213
atr_pct q3 & vol_surge1 q1,0.0006890760250310002,1.8996458122865456,-0.6708212712770888,rejected,0.0,0.5023343949487044
ear_volsurge q1 & overnight20 q2,-0.0006319466503003108,-1.2738502111710146,1.293597321772808,rejected,0.0,0.19580454805534914
ear_volsurge q3 & max20 q1,0.0005383577784563562,-0.6004496246268797,1.9669611692268927,rejected,0.0,0.049187687607410935
r20 q1 & r5 q2,0.00018551194763250943,-0.6672845780812994,1.89949345555584,rejected,0.0,0.05749962628101767
days_since_earn q2 & ind_mom20 q2,0.000583442607276918,0.09169475629299109,2.4715765750042786,rejected,0.0,0.013451873865196765
frog q1 & log_dv q4,0.001126583211967726,1.971765856361848,-0.5893040462387477,rejected,0.0,0.5556573310494013
ear_volsurge q0 & vol_ratio q0,-0.00018663873331633898,0.921775409590797,-1.6361952521004715,rejected,0.0,0.10179872981141631
dist_ma50 q3 & vol_surge1 q3,-0.0008680396840206801,-1.8904814114116937,0.6586362500801579,rejected,0.0,0.5101293790157398
skew60 q2 & vol20 q3,0.001527899785034017,1.315380590588049,1.2320805350350263,rejected,0.08949498737512833,0.2179190017486483
ev_offering q2 & skew60 q1,-0.0009158425688045293,-1.248815213619911,1.297986115815546,rejected,0.0,0.19429210601927782
ear_volsurge q2 & overnight20 q4,-0.0011307727685306592,-0.3387710016933812,-2.206590978760039,rejected,0.0,0.027342647786659385
ind_mom60 q2 & log_dv q1,0.0009895585929251384,1.986869196305916,-0.5563954140249417,rejected,0.0,0.5779405732534726
ear q4 & skew60 q4,0.0014382380578068707,0.5014984206572278,2.0417382906915593,rejected,0.040198983752067916,0.04117749837513433
ear q4 & overnight20 q4,0.001832591339039192,1.1403535954501438,1.402623771248416,rejected,0.08933387292486192,0.16072905941261556
news5 q1 & r20 q1,0.0005657810943149422,0.5086254659259556,2.033011291910838,rejected,0.03993169494446518,0.04205138219144525
dist_ma50 q3 & ev_offering q2,0.0015489128931665656,1.2439340328631185,1.2968507588457148,rejected,0.08967627980264223,0.19468254190652837
dist_ma200 q4 & frog q4,-0.0006955786638567887,-1.4495439064533642,1.0896841470336383,rejected,0.0,0.2758523017309657
dist_ma50 q2 & rel_ind20 q4,-0.0011390989287451913,-0.12201573335951199,-2.413969085938844,rejected,0.0,0.01577980114139717
ear_volsurge q3 & ins_opportunistic30 q2,0.000880645125951305,-0.03695880491704069,2.4949704045936474,rejected,0.0,0.012596763607337289
ear_volsurge q3 & ev_red_flag q2,0.0008714653093103849,-0.0074160753571848375,2.5209399318742762,rejected,0.0,0.011704183001203662
skew60 q1 & vol20 q3,0.0012286927089558983,1.1726704482353318,1.3527455829601935,rejected,0.07969243435931693,0.1761369226599665
overnight20 q2 & skew60 q4,0.0018488345592750006,1.6230032225410502,0.9007173084804339,rejected,0.050930865050442184,0.3677386435054937
days_to_earn q3 & vol_ratio q1,0.00040432620520035046,1.5071328100971464,-1.0163543258527712,rejected,0.0,0.3094606872878125
skew60 q4 & vol_ratio q3,-0.0006464171085147999,-1.6138291572364778,0.9095223948043081,rejected,0.0,0.36307444207546075
close_loc q0 & r120 q4,-0.0007283465701807612,-1.7641155534781108,0.7585314311697364,rejected,0.0,0.44813290401850003
ins_opportunistic30 q2 & vol_surge1 q1,-0.0010446748696118873,-0.39416885284527275,-2.1267101109096567,rejected,0.018036248742745637,0.03344417690421697
ear_volsurge q1 & min20 q1,-0.0011120171897801615,-1.1213261743089424,-1.3990871356584553,rejected,0.09291038695099342,0.16178685491215677
ear_volsurge q4 & skew60 q2,0.0008582992307670194,2.0388191367276143,0.47910550759327203,rejected,0.03485238549635946,0.6318635718057315
rel_ind20 q4 & vol20 q0,-0.000842459422965246,-1.6497871708046115,-0.863046808131771,rejected,0.05748427866265892,0.38811173171766916
ear_volsurge q3 & rel_ind60 q4,0.0013631345062301663,0.5466554992984637,1.963714241267463,rejected,0.03360584070547796,0.0495632401325714
atr_pct q2 & r1 q1,0.00016538033085904385,1.2968387938826118,-1.2120114786429648,rejected,0.0,0.22550798673146677
min20 q3 & r5 q2,-0.0010887749234755636,-1.7711730782107884,0.7336931105663194,rejected,0.0,0.4631357983403141
dist_ma50 q1 & r120 q3,0.0011599706514444192,1.9182533103524273,0.5835654717043607,rejected,0.04615194418214674,0.5595126962021115
ear q4 & vol20 q2,0.001576462881192872,1.5208272531943674,0.9795941343449694,rejected,0.06906928215802247,0.32728650148932553
ev_offering q2 & mom_12_1 q3,-0.0008085004650968877,-1.4385121714508262,1.0581535119674115,rejected,0.0,0.28998546139012943
gap_today q2 & r120 q4,-0.00041499009146132393,-1.1845878469334095,1.3120370634958762,rejected,0.0,0.18950762934848597
dist_ma200 q4 & ear_volsurge q1,-0.0006565230745570328,-1.640232868867852,0.856223728298586,rejected,0.0,0.39187404010644106
ins_opportunistic30 q2 & overnight20 q2,-7.863462082709979e-05,-1.092829242263759,1.3949086745941264,rejected,0.0,0.1630433809225795
ins_opportunistic30 q2 & vol_ratio q0,-0.0012188786377208933,-0.22720594300186858,-2.2517702108092155,rejected,0.0,0.024336797109162256
days_to_earn q4 & ev_offering q2,0.0016498955498125774,0.9497454951342167,1.5273663934348338,rejected,0.1020830180770927,0.12666992828649756
ear_volsurge q4 & r120 q4,0.00010340323447645985,-1.0323650640199835,1.4436757078974831,rejected,0.0,0.14883021771653465
dist_52wh q2 & vol_ratio q2,0.0013263718803610647,2.078641657571226,-0.39585971857475766,rejected,0.0,0.692208518637923
gap_today q4 & vol_ratio q1,0.00021213404043976457,0.8756821083639198,-1.5982814182744511,rejected,0.0,0.10998036090235928
gap_today q4 & vol_ratio q0,-0.0012483108282562879,-1.6376548752241353,-0.8361722751285228,rejected,0.07102892678022424,0.4030579931819071
min20 q1 & r5_nonews q4,-0.0009947751004238349,-1.704240928422721,-0.7678156235536818,rejected,0.0657842060776833,0.4425967311641297
dist_ma200 q4 & r5_nonews q1,0.00019283438776438103,-0.49192130470282047,1.9786814039032572,rejected,0.0,0.04785188796873006
atr_pct q3 & log_dv q1,0.0010677543045362493,0.5768043868114686,1.8916212420622007,rejected,0.07309499843162244,0.058541463583942965
ear q0 & ind_mom60 q0,0.0008660658230354571,1.5539102306489954,0.9090307360855734,rejected,0.052341640281737455,0.3633339018097541
log_dv q4 & vol_surge1 q1,0.0004977339298780269,0.03535336523399501,2.424218162798743,rejected,0.0,0.015341386198624822
ind_mom20 q0 & ind_mom60 q2,0.0006922556268446207,2.2312813883062255,-0.22685189453918467,rejected,0.0,0.8205389094331459
log_dv q1 & min20 q2,5.091937308185346e-05,-0.5653059782962194,1.8899337892393153,rejected,0.0,0.05876681580645431
dist_ma200 q1 & vol20 q3,0.0013048608270462096,1.4272161514208956,1.0257261991550977,rejected,0.0815937849848874,0.3050206614491313
gap_today q2 & log_dv q4,0.0013685995228073665,0.8238431823285256,1.6230787656556627,rejected,0.07794772209215424,0.10457256823067708
days_to_earn q2 & log_dv q4,7.585149821573783e-05,-0.9993117329948734,1.446110864755944,rejected,0.0,0.1481461088521766
min20 q1 & rel_ind60 q4,0.0006310204503446623,-0.02338422321589639,2.4217665048380472,rejected,0.0,0.01544527111734373
log_dv q1 & r5_nonews q1,0.0012693261261172827,1.359136271254334,1.0849534910127079,rejected,0.10201871411521299,0.27794225477077994
days_since_earn q1 & frog q3,-0.0012669910304681745,-2.329993774347037,-0.1122839098281769,rejected,0.0052258958200102745,0.9105982992176858
frog q4 & mom_12_1 q3,-0.00045745419505495525,-1.2234390103907828,1.215108163823919,rejected,0.0,0.22432484029740118
dist_ma200 q1 & ev_shelf q2,0.0006311465002552153,1.312573506742664,-1.125684419072354,rejected,0.0,0.26029912108830733
days_since_earn q3 & ind_mom60 q4,-0.0011776425727017161,-2.3057458234759665,0.13111660804400913,rejected,0.0,0.8956830632640963
close_loc q3 & ear_volsurge q1,-0.0011159242468169169,-1.9289164961974334,-0.506591387903251,rejected,0.03267355632779577,0.6124415522936897
close_loc q1 & ev_agreement q4,0.0006733896670682464,1.661695244780098,0.7687765934571746,rejected,0.06463189085178332,0.4420259463578302
log_dv q1 & r5_nonews q4,-0.0005318655290743175,-0.5443974272670539,-1.8843768608475275,rejected,0.07567482141044268,0.05951401747468002
earn_in_week q2 & ins_buyers30 q2,0.0003034580790251355,1.4680582364125743,-0.9606849623317256,rejected,0.0,0.3367105944887285
dist_ma200 q4 & skew60 q2,-0.0009127876145470476,-2.3323428198660423,-0.09572025505270113,rejected,0.009629437808319848,0.9237427535598277
days_since_earn q2 & vol_ratio q1,0.0010730694791950812,2.371965011248115,0.05512035378199245,rejected,0.0022968028249763265,0.956042580820653
ear_volsurge q2 & vol_surge1 q1,-0.0005768220552511133,-0.24277924750597207,-2.1809635072280096,rejected,0.0,0.029186115754413197
days_since_earn q2 & ev_agreement q2,0.0015210238040908011,0.6778787905035415,1.7440505135663968,rejected,0.07754068700922309,0.08115028203029778
r5_nonews q1 & skew60 q3,-6.801695766842155e-05,-0.7386791449681337,1.6829694779441788,rejected,0.0,0.0923810002036752
ev_offering q2 & frog q4,0.0006389917603682268,-0.0895405129860484,2.3312633157355696,rejected,0.0,0.019739479319361507
atr_pct q3 & ear q4,0.0012738637006668363,1.0503868682690602,1.3617400704179767,rejected,0.07744658120559479,0.17327993065267186
days_since_earn q2 & min20 q1,0.0010023163191227224,0.9947711593645661,1.4170361152134465,rejected,0.08421251782636567,0.15647236874566858
ear q4 & r5_nonews q1,0.0004650486652486047,-0.15203092723433248,2.2587021134694196,rejected,0.0,0.023901920921999657
rel_ind60 q4 & skew60 q4,0.0011276677194577895,0.5016615812539168,1.9072916403529956,rejected,0.06357606973574652,0.05648283213279735
ev_offering q2 & ind_mom60 q2,0.0014392630238250293,1.1550531667771713,1.2498551646695517,rejected,0.09099109692762754,0.211352460204441
atr_pct q3 & vol_ratio q0,0.0012332240559426524,1.856969892977934,0.547716204281911,rejected,0.035037513904944695,0.5838867838261093
days_since_earn q2 & ev_offering q2,0.001027764134215403,0.08113694262349819,2.3232625190457306,rejected,0.0,0.020165054016752417
close_loc q3 & log_dv q4,0.0009378572348592022,1.5725700991957066,0.8311022377887516,rejected,0.0669039546179118,0.4059158756801335
r120 q4 & rel_ind60 q4,0.0007135857998171253,-0.31555308874816745,2.086680284682121,rejected,0.0,0.03691704458076214
ear_volsurge q1 & vol_ratio q3,3.1654915487261566e-05,-0.9705557476834064,1.4297331378100164,rejected,0.0,0.1527936255659129
ind_mom60 q4 & rel_ind20 q1,-0.0008520420619454727,-1.7584548172399044,0.6381616085714121,rejected,0.0,0.5233684854565885
r120 q4 & vol_surge1 q1,0.0012629202838806528,0.9261703653885796,1.46894569343978,rejected,0.09610107173022979,0.1418475196187994
ind_mom60 q1 & min20 q0,0.0007116469958784953,2.08575774283825,0.30926744055282834,rejected,0.022598727971625664,0.7571180963816317
ev_offering q2 & ev_red_flag q4,-0.00020304052092110205,-1.2719619870337222,1.1012748142796995,rejected,0.0,0.2707770691758469
gap_today q2 & vol_ratio q1,0.0013131108571224378,1.1446279361989107,1.227846221362636,rejected,0.0892317757522307,0.2195047007631793
ear_volsurge q1 & gap_today q3,0.0005535438184190543,1.091394139240952,-1.278562886573801,rejected,0.0,0.20105102629225557
days_to_earn q3 & ind_mom20 q3,0.0005630320604545182,1.8467291931792018,-0.5208165482242818,rejected,0.0,0.6024945740811398
ear_volsurge q2 & ind_mom60 q3,-0.0010889711251074773,-0.7850438192521829,-1.5783638707331105,rejected,0.07337872493179094,0.11448204033712767
atr_pct q3 & vol_ratio q3,-0.00045269765215567756,-1.0109875223098674,1.3488617071605749,rejected,0.0,0.17738138986978205
ev_red_flag q2 & ind_mom60 q2,0.001449814575875707,1.1967523844307353,1.161680194508386,rejected,0.07608982633216464,0.24536539357765721
max20 q2 & r5_nonews q3,-0.00119760759151758,-1.4284267910221622,-0.928422077791221,rejected,0.059024470015749265,0.3531886706234622
ev_offering q2 & log_dv q4,0.001019361002910961,0.01598456257784633,2.3391164529513717,rejected,0.0,0.019329407395422972
dist_ma50 q3 & ear_volsurge q4,0.0010885646060770542,1.6422410630553308,0.7117392839301503,rejected,0.05634053833735868,0.47662623666352794
r120 q4 & r5_nonews q4,-0.00028803939336817893,-1.0007756553212364,1.3490269713184786,rejected,0.0,0.17732830306585057
close_loc q0 & skew60 q4,-0.00016996865801645566,-1.2305585608606784,1.1188661520138181,rejected,0.0,0.26319724495270486
max20 q1 & overnight20 q4,0.002039316572221786,0.7882286877591927,1.5599062553143803,rejected,0.073093699068761,0.1187820360464543
days_to_earn q3 & ear_volsurge q3,3.147884523316473e-05,-0.8297031455866876,1.5171992636212344,rejected,0.0,0.1292163821907768
ev_red_flag q2 & vol_surge1 q1,-0.0008765907967428526,-0.26363569816474247,-2.082602253742041,rejected,0.03188352120476323,0.03728749362143654
ev_offering q2 & r5_nonews q1,0.0011813213967294496,0.36423666113350894,1.9795381790193531,rejected,0.026408446660355727,0.04775544552145668
ear q4 & rel_ind60 q4,0.0017432131961418443,1.0284549626223767,1.311283421052878,rejected,0.08648978845577583,0.18976202746068224
dist_ma50 q0 & frog q4,0.0008232450792325499,0.36875767285973116,1.9700409838922899,rejected,0.02754417607153415,0.04883367368543203
log_dv q4 & r20 q1,0.0016393078818304418,0.8583079094593972,1.4795214138876835,rejected,0.09235315135991334,0.13900101247190827
ear_volsurge q2 & min20 q1,0.0016225813872672297,1.1391122119309276,1.193011320970436,rejected,0.08661072955658758,0.2328649393502881
atr_pct q3 & mom_12_1 q2,0.0014955987419954036,2.119925796850766,0.21124442710920235,rejected,0.0174704815756862,0.8326965450404084
close_loc q0 & ear q4,0.0009907971677366974,0.14574866706541398,2.1811918592528503,rejected,0.0,0.02916922870312624
days_to_earn q3 & ear_volsurge q1,-0.0012635759767563829,-1.8170462855598675,-0.5089672819055107,rejected,0.0326402922905516,0.6107751577527805
ear_volsurge q1 & r60 q3,-0.0005122439208465836,0.19210212614350025,-2.13286558440128,rejected,0.0,0.03293575427174406
ev_offering q2 & r20 q1,0.0015600523404194979,1.0850016779344027,1.2395586961546057,rejected,0.08499140845476265,0.2151386658788067
r20 q1 & r5_nonews q1,0.0016630765967498276,1.0030042237464714,1.3208800877371085,rejected,0.08161179548624335,0.1865413501505649
ind_mom60 q3 & ins_opportunistic30 q2,-0.0011557436780629156,-0.9076955413394835,-1.413526417386919,rejected,0.08267509392607625,0.15750099952275548
frog q4 & overnight20 q2,-0.000259362113732873,-1.1607210019375154,1.1596946947367304,rejected,0.0,0.2461731309471257
dist_ma50 q3 & ear_volsurge q0,0.0013187672209352137,2.3079269076776647,0.01236294574927068,rejected,0.0024493912546810193,0.9901360477329886
r120 q4 & r5_nonews q1,0.0008587059475400257,0.35910810092894846,1.9589228310431939,rejected,0.03203822080468359,0.0501218248126094
ev_red_flag q2 & vol_ratio q0,-0.0010489548966978776,-0.08965297630384707,-2.2273984849987447,rejected,0.0,0.025920653591734327
days_to_earn q2 & skew60 q2,-0.0003264745429505635,0.706712002252216,-1.6085550378411888,rejected,0.0,0.10771367241189829
ear_volsurge q0 & ins_opportunistic30 q2,-0.0012697047707831942,-0.5959087670296925,-1.7175950076486801,rejected,0.06204310612961881,0.08587051157214745
r5_nonews q1 & vol_ratio q3,0.0011230991004711152,0.6829370698145776,1.6304271440311946,rejected,0.06766954274973451,0.1030112516564973
ins_opportunistic30 q2 & r5_nonews q1,0.001172759187538498,0.367685807439459,1.9407900326687735,rejected,0.035990092901407575,0.05228375049386712
days_since_earn q2 & vol_surge1 q3,-0.0005545840827899784,-1.2453000056924166,1.061061832198999,rejected,0.0,0.2886618020138219
news5 q2 & vol_surge5 q4,0.0012246629774572268,1.995270905856147,-0.31063864374046973,rejected,0.0,0.7560753460981653
ear_volsurge q3 & skew60 q1,-0.0001342151826142349,-0.5601027291515499,1.7454258145349932,rejected,0.0,0.08091077541199394
dist_ma200 q1 & ev_offering q2,0.0006281699267992224,1.2773508143091132,-1.0243690515254955,rejected,0.0,0.30566099408137415
close_loc q0 & log_dv q4,0.00030626018466764493,-0.4554508317983109,1.8461184686481533,rejected,0.0,0.0648750057710634
days_since_earn q2 & skew60 q0,0.001578012849527012,1.9003799635484693,0.39433801256688844,rejected,0.026136313649668706,0.6933315022562303
r20 q1 & skew60 q2,0.0016695252254979296,1.2608113800684322,1.0333802687670834,rejected,0.0816998983313269,0.30142597652404585
ear_volsurge q3 & ev_agreement q2,0.0005699930602798553,-0.2438051849404431,2.0478914111662543,rejected,0.0,0.04057064063080249
days_since_earn q2 & overnight20 q4,-0.001581036177355823,-1.5581850386291418,-0.7325395636211925,rejected,0.060845873049157104,0.46383930378406757
dist_ma50 q2 & news5 q1,-0.0018145133298847445,-1.86187528000866,-0.42838944466621137,rejected,0.02445456930676728,0.6683676082119239
days_to_earn q3 & frog q1,0.0003360498111319351,1.2120050061390362,-1.0766264736046478,rejected,0.0,0.2816471722211957
r5 q2 & rel_ind60 q4,-0.00022711342693917507,-1.1066674805886911,1.1805691082485452,rejected,0.0,0.23777394162462817
gap_today q3 & vol_ratio q1,0.0006263536790454302,0.996230869659658,-1.2905412502056381,rejected,0.0,0.19686279919525157
intraday20 q2 & r1 q1,-9.44984164095374e-05,-1.0394987215632059,1.2472179588031167,rejected,0.0,0.2123175897032903
close_loc q0 & vol_ratio q3,-0.0005619002402165491,-1.4035142913706946,0.8815350911274761,rejected,0.0,0.378028269564314
close_loc q3 & ear_volsurge q4,0.0005871366838743452,1.0359141483311243,1.2486890002917577,rejected,0.08941129550164624,0.21177884560945595
ev_offering q2 & gap_today q2,-0.0003468696961414797,-0.8645545963041287,1.415866611114879,rejected,0.0,0.15681456231295327
ear_volsurge q2 & vol_ratio q1,-0.00014333068777285036,0.9303395696880318,-1.3490272130306824,rejected,0.0,0.17732822543077126
days_to_earn q2 & max20 q2,-0.0008183638246567867,-1.4265033594594054,0.8499395627492916,rejected,0.0,0.39535868839296856
min20 q1 & vol_ratio q3,0.0011473583011233626,0.9331299676187581,1.3416271838376164,rejected,0.0812129269531053,0.1797169075637897
gap_today q4 & ind_mom60 q3,-0.0012492174297951916,-0.765295903277418,-1.5083548427088829,rejected,0.08970093847902016,0.13146373387896917
log_dv q1 & vol_ratio q3,0.00043605051025075425,-0.39071588455814243,1.880287522490978,rejected,0.0,0.060068902896033394
rel_ind60 q4 & vol_ratio q0,0.00039343713665975584,1.0996120427571647,-1.1706803304363327,rejected,0.0,0.2417272944035464
frog q4 & max20 q1,0.00024407386364939132,-0.6973235650439763,1.5694016805755777,rejected,0.0,0.11655437272285112
ear_volsurge q4 & gap_today q3,0.0010421271116256895,1.7593209808551455,-0.505960725537669,rejected,0.0,0.6128842209576184
atr_pct q1 & overnight20 q3,-0.0013297369635959344,-1.9000730773625982,-0.35034965129924217,rejected,0.018725350812290948,0.7260763071601863
ear q3 & skew60 q2,0.0005473812482960881,1.4462560682174839,-0.8026334764670493,rejected,0.0,0.4221866132803929
days_to_earn q4 & news5 q4,-0.001055490515282269,-1.456583871511161,0.7910362568740471,rejected,0.0,0.4289228342342864
ind_mom60 q2 & vol_surge1 q1,0.0012081428187796963,1.8247575894750434,0.42168903262036944,rejected,0.024607415345753496,0.6732520106950203
skew60 q3 & vol_surge1 q1,-0.00014876828085259603,0.48572070848987464,-1.7561829775854856,rejected,0.0,0.07905717030083748
ind_mom60 q3 & r60 q1,-0.0018058247337294382,-1.9598396094740167,-0.28078912783304133,rejected,0.01789510799339323,0.7788721430286695
ev_offering q2 & vol_ratio q0,-0.0010387469537067669,-0.12615376955988264,-2.114318224095803,rejected,0.025382324594098546,0.03448809686557353
days_to_earn q4 & ins_opportunistic30 q2,0.0018078674825203968,1.1422240737130802,1.0979153789542089,rejected,0.09064803835525956,0.27224144187548716
atr_pct q3 & ind_mom20 q2,0.0012945415870358916,1.6627736286367698,0.5755889547794475,rejected,0.04427957896749489,0.5648930484971508
ear_volsurge q2 & skew60 q2,-0.0007844905628555879,0.02116480276556969,-2.216874244220749,rejected,0.0,0.02663168622742419
days_to_earn q4 & log_dv q4,0.0009082741135157147,0.7465943789548225,1.4865853632325443,rejected,0.08962489405285078,0.13712435593281155
dist_ma50 q4 & vol_surge5 q1,-0.0011875082715156057,-1.5565578838471446,-0.6702866285676019,rejected,0.05843289412547698,0.5026750893978325
max20 q1 & skew60 q2,-0.0014696391886767335,-1.9968483728824509,0.22940236298469818,rejected,0.0,0.818556199735252
r5 q2 & skew60 q3,0.0003172071451278313,0.19242137547403018,2.032184975067271,rejected,0.03279550551316082,0.04213493337645127
days_to_earn q3 & ear_volsurge q2,-0.0011617164174990815,-1.2802337219362023,-0.9386552014507095,rejected,0.060994196256625374,0.3479078010968358
days_since_earn q2 & r5_nonews q1,-9.132129767915219e-05,-0.4679486471290349,1.7506982939934574,rejected,0.0,0.07999789346304682
frog q4 & r120 q4,-0.00035451301484006737,-0.9042992384682136,1.308239548279018,rejected,0.0,0.1907920719487652
vol20 q3 & vol_surge1 q1,0.0008406068124101021,1.677469253618691,-0.5346272226564025,rejected,0.0,0.5929076554957275
frog q4 & skew60 q3,-6.249939089439324e-05,-1.0263122774373212,1.1840036339795017,rejected,0.0,0.2364116243097204
frog q0 & r60 q2,0.0015669711514503578,2.1569395021840108,-0.05301878175416634,rejected,0.0,0.9577169430834473
min20 q2 & vol_ratio q0,0.0010308537913223306,2.1107421844403063,0.09671391303177472,rejected,0.008408562986889705,0.9229535906270312
news5 q1 & r5_nonews q4,8.165597295041056e-07,0.08973838859393753,-2.1116723554834875,rejected,0.0,0.0347145617277233
gap_today q3 & log_dv q1,-0.0005359709300934469,-0.12267499262691317,-2.0780617536591044,rejected,0.03058305845158184,0.03770367173179
ev_red_flag q2 & frog q4,0.0005244926155294731,-0.12553201745601528,2.0727162061247566,rejected,0.0,0.038198698645836075
r5_nonews q1 & vol_surge1 q1,0.0007208324518048529,0.703174692039388,1.4947145997974256,rejected,0.0922267294955824,0.1349889423484713
days_since_earn q2 & gap_today q4,0.0012669236349457953,1.018171939064372,1.177221020280535,rejected,0.08155338345919584,0.23910730082190126
days_since_earn q4 & vol20 q3,0.00038852617818296793,-0.0702539925404279,2.1225279918192146,rejected,0.0,0.033793424637538635
dist_52wh q1 & ear_volsurge q0,-0.00016323445183790222,1.061812227987727,-1.1274779184844075,rejected,0.0,0.2595404714299346
ear_volsurge q1 & skew60 q1,-0.001659101740759244,-1.831682259512117,-0.35750016858157996,rejected,0.023156964191107125,0.7207174000114313
ear_volsurge q1 & vol20 q3,0.000994557252698513,1.9220708102959423,0.2662388517892206,rejected,0.01597245241308456,0.7900552630474182
vol20 q0 & vol_surge1 q4,-0.001067217432410954,-1.8830439709997446,-0.3031501700257979,rejected,0.023799067913448144,0.7617754217256663
days_since_earn q4 & news5 q1,0.0009624259341271871,0.8990348300346285,1.2853869659788735,rejected,0.07775925271869873,0.19865709361247835
ind_mom20 q1 & news5 q1,0.0016785588068600897,1.612109233844722,0.5708574174243747,rejected,0.03933468570395287,0.5680962980583444
log_dv q4 & rel_ind60 q4,0.0009140418121931842,0.5719162678491682,1.602388266645454,rejected,0.07847306659389436,0.10906977782921776
dist_ma200 q4 & vol_ratio q0,-0.0012410836296439316,-2.0624140435894933,-0.11070536515019411,rejected,0.007033580425409905,0.9118499913608711
log_dv q1 & skew60 q2,0.0005366448485109419,1.4739850615066394,-0.6988426021697736,rejected,0.0,0.48465040121382347
dist_ma200 q1 & r5_nonews q1,0.000453321032005198,0.7459984843556067,-1.4244108760964627,rejected,0.0,0.15432756767142017
ear q1 & max20 q3,0.0010315024241351102,1.9219212772451086,0.24784335544867458,rejected,0.01049401499862685,0.8042556084056689
close_loc q0 & ear_volsurge q1,-0.0010129216641964213,-1.15607691892115,-1.0081846329911768,rejected,0.07799571866177465,0.31336583372009436
dist_ma200 q1 & log_dv q1,-0.0004133502307366504,0.2839475625097053,-1.8783427424117063,rejected,0.0,0.060334292922699664
frog q4 & gap_today q2,-0.0008573976213682191,-1.331933154318524,0.8301402059267544,rejected,0.0,0.4064595173849408
ind_mom20 q4 & vol_surge1 q1,-0.0009251130311186797,-1.46550453581882,-0.6952467557341755,rejected,0.0549511229995038,0.48690067555817995
days_to_earn q4 & vol_ratio q3,-0.0007867978273735416,-2.120481829731151,-0.04021307657423873,rejected,0.004456664895639889,0.967923252464712
ear q3 & frog q1,-0.0011721734978281087,-0.4173395307640874,-1.7419862398307506,rejected,0.0679736828976134,0.08151085206906061
days_to_earn q3 & r120 q4,-0.0001898682578855132,-1.0395095251681623,1.117883225624538,rejected,0.0,0.2636168701471817
dist_ma50 q0 & mom_12_1 q3,0.0005826966364468533,0.8404852805845462,1.315357653318217,rejected,0.07953592199615828,0.18838973034872283
days_since_earn q2 & ear q4,0.0005715993279753552,1.0579503409074502,-1.0946668649723026,rejected,0.0,0.2736626101750354
atr_pct q3 & ear_volsurge q1,0.001437903420384494,1.935518384573182,-0.21582570719301863,rejected,0.0,0.8291236090873234
ear_volsurge q4 & log_dv q4,0.0010837490303608642,0.9576182347795898,1.1934467645160083,rejected,0.08140514875559296,0.23269444945444023
close_loc q2 & dist_ma200 q2,-0.00014636787563032547,0.7273734731930865,-1.4217441181494157,rejected,0.0,0.1551005474829941
close_loc q0 & ear_volsurge q0,-0.001105182700665412,-1.921490309761835,-0.22761234489029752,rejected,0.017907552007374247,0.8199476220107922
mom_12_1 q3 & r120 q4,-0.0007604178310887409,-1.643869729493603,0.5035982706416064,rejected,0.0,0.6145437080793275
ev_offering q2 & ins_opportunistic30 q2,0.0003249873792586184,1.6237472797073744,0.5216598380552501,rejected,0.035755841122945435,0.601907192473575
ind_mom20 q2 & overnight20 q2,0.0005058415579192162,0.1945801385274621,1.9472423820684661,rejected,0.03490179580417217,0.051505682782775446
ear_volsurge q2 & ev_agreement q2,-0.0002458764884394705,0.4340822992882321,-1.7069608136552397,rejected,0.0,0.08782933614619513
r20 q1 & range_compress q4,0.0013516266815109526,1.0327044521239754,1.1061766338913108,rejected,0.07972633734389284,0.2686500743272479
ear_volsurge q4 & range_compress q2,0.001401879556421841,1.5409988237718317,0.5972523470734533,rejected,0.04593727889398094,0.5503389145604811
close_loc q0 & ear_volsurge q4,0.0011859986577378962,1.0360354158334097,1.1017805155679352,rejected,0.0857461920387775,0.27055710312791814
ev_offering q2 & ind_mom60 q3,-0.0010752077532017157,-0.8378389708642575,-1.2989063345531044,rejected,0.0768348839604793,0.1939760755054379
dist_ma200 q2 & vol_surge1 q3,-0.0015616561683676263,-2.008773693355714,-0.12458584414725689,rejected,0.008445228702657565,0.9008514358071269
ear_volsurge q3 & overnight20 q2,0.0007360745769607097,0.36160636976129096,1.7714250653117112,rejected,0.06494648843766887,0.07649004349440056
ins_opportunistic30 q2 & log_dv q4,0.0009764508736518933,0.017192782483091536,2.115795448494582,rejected,0.01956113546383863,0.03436220838344874
log_dv q4 & min20 q1,0.0012230179240491881,0.9183489269374346,1.2145545946037635,rejected,0.07943973687032377,0.2245360154332255
ear_volsurge q2 & log_dv q1,-0.00082572638583998,-0.11296975601576051,-2.0168678867752377,rejected,0.02375677434796549,0.04370930211428351
log_dv q0 & vol_surge5 q4,-0.0006636243788591436,-1.2861026243980955,-0.8421735513626081,rejected,0.065500898671901,0.39969081598404954
ear_volsurge q3 & gap_today q4,-0.0004639370306121757,-1.2475775269631246,0.8781800845065433,rejected,0.0,0.37984599797927365
ev_agreement q2 & frog q4,0.0003460687074350887,-0.16961320406239289,1.9533548500049394,rejected,0.0,0.05077756228434412
atr_pct q3 & ear q3,0.0007421689250653277,0.58754167419379,1.535168982205388,rejected,0.087373680860983,0.12474232528088891
dist_ma50 q3 & ear_volsurge q2,0.0014965566836424324,0.8067435390272505,1.314281107472405,rejected,0.07971159206581786,0.18875162262375475
days_to_earn q2 & vol_ratio q3,-0.0002934305325178786,-1.00846080829545,1.1075603837178385,rejected,0.0,0.26805172061204147
rel_ind20 q3 & skew60 q2,0.0014445685018647863,2.0065710063809354,0.10912560862968569,rejected,0.006940252318295763,0.9131028634308447
gap_today q3 & log_dv q4,0.0009808172345371854,1.4331604882498192,-0.6801639677778516,rejected,0.0,0.4964006446242506
frog q4 & r5_nonews q0,-0.0003040497281606938,-1.4766923972143629,0.6295460246944071,rejected,0.0,0.528991647286225
atr_pct q2 & ear_volsurge q0,0.0002925959678299119,0.7832296348154607,-1.3218824849068809,rejected,0.0,0.18620728567772762
overnight20 q4 & vol_ratio q1,-3.2604587504592184e-05,0.6967770230733769,-1.408299354936386,rejected,0.0,0.1590424466008706
ev_agreement q4 & rel_ind60 q4,-0.0003874102774382629,-1.260993755170959,-0.8436767189089077,rejected,0.06551926615381114,0.3988500804987299
ear q4 & r5 q0,0.0003385770503509578,1.4908303062369854,-0.6125969706945533,rejected,0.0,0.5401428617581268
close_loc q3 & r5 q2,0.0002509838476157772,0.02396370519309448,2.078048821237341,rejected,0.030190750021240272,0.03770486272695624
close_loc q3 & days_since_earn q2,-0.0011614943036721132,-1.0840954411907413,-1.0155085627963751,rejected,0.07857110118726594,0.3098634668997527
intraday20 q2 & r20 q3,-0.00012288125879559667,-0.7629890602991725,1.3336211237741527,rejected,0.0,0.1823280564991582
days_since_earn q3 & vol_surge5 q1,0.0009551301050501831,1.615048155527447,0.48058351251486436,rejected,0.03223881250949996,0.6308125357969052
days_to_earn q3 & ev_offering q2,-0.001503118028118196,-1.0840120537039133,-1.0102507264614249,rejected,0.07723696362531517,0.3123751816540294
ear_volsurge q2 & ev_offering q2,-0.0005735435186566463,0.20439769640120736,-1.8891685575013586,rejected,0.0,0.05886924641761677
dist_ma200 q4 & ear_volsurge q4,0.0008313558214115429,0.4171233173839527,1.6755003039600345,rejected,0.059300418988211985,0.09383611149029825
gap_today q4 & vol_ratio q3,-0.0002510477053214958,-1.2662196969074488,0.8238397240722708,rejected,0.0,0.4100306329805776
dist_ma200 q1 & rel_ind60 q1,0.0007769778484999453,1.1977800212895704,-0.8900505483425005,rejected,0.0,0.3734387445095647
gap_today q3 & r120 q4,0.001112464889157061,1.6805291693644826,-0.4068045343472282,rejected,0.0,0.6841515561662894
gap_today q3 & min20 q1,0.000859688677749135,1.5567390350922066,-0.5300443121388766,rejected,0.0,0.59608120797411
ear_volsurge q4 & rel_ind60 q4,0.0005367111584758684,-0.17461475114457217,1.9117995634689713,rejected,0.0,0.05590190780408004
close_loc q0 & dist_ma50 q3,-0.00046388459462976895,-1.573763921267074,0.5094321792365459,rejected,0.0,0.6104493253831228
ear_volsurge q0 & skew60 q2,-0.00037952345731517715,0.6477782957557922,-1.4316471573886878,rejected,0.0,0.15224482645349965
overnight20 q2 & r5 q3,-0.0010417801778126441,-1.9026912982334905,0.17660728486969018,rejected,0.0,0.859816871538739
ear_volsurge q0 & frog q4,0.001463425785161546,0.5802511959626971,1.4954651998286796,rejected,0.08378923600891444,0.1347930755750964
ind_mom60 q4 & rel_ind60 q3,-0.000804174691595921,-1.907946570260855,0.16658678073120053,rejected,0.0,0.8676951957961415
days_to_earn q4 & ear q4,0.0007548282433353454,0.8419731276763102,1.2318283939304522,rejected,0.07880600373025014,0.21801319434815894
ev_offering q2 & ind_mom20 q2,0.0014852000088759313,0.846199208778734,1.2215785148450673,rejected,0.07899761196251603,0.2218670575858883
ev_agreement q2 & r5_nonews q1,0.0008865390499904089,0.10595285983458713,1.9602388165730336,rejected,0.025470109778636882,0.0499678834964288
frog q1 & ind_mom20 q2,0.0005239496183194539,-0.33989619982373226,1.7262242511446975,rejected,0.0,0.0843070767662282
ear q4 & ear_volsurge q3,0.0010251924204426207,-0.15412367586790301,1.9099848776211952,rejected,0.0,0.056135160434517925
ind_mom60 q2 & min20 q1,0.0005229608626034974,0.5934186327040929,1.4676132851531445,rejected,0.08420357145882705,0.14220929724439696
ear_volsurge q1 & skew60 q3,-0.001367186191703209,-1.6824854280462616,-0.3772219974931611,rejected,0.020198843650015195,0.7060086341308196
skew60 q0 & vol20 q3,0.0007585558512285179,1.4972895882035222,0.5615556518466117,rejected,0.03141168355685256,0.5744188031651603
news5 q1 & vol_surge1 q1,0.0010826322486951023,1.19581060707862,-0.8626682932050537,rejected,0.0,0.38831986997926066
dist_ma200 q1 & vol_ratio q0,-0.0003739704877624764,0.7259065943002923,-1.3322886058017274,rejected,0.0,0.18276536986076708
dist_ma50 q3 & r5_nonews q3,0.0011892478820946153,1.423287639007958,0.6333932803117466,rejected,0.04701623764143274,0.5264768520506038
frog q4 & r60 q3,0.00039822615878628615,-0.07066251314537933,1.9846570321862573,rejected,0.0,0.04718264238694962
ind_mom60 q3 & skew60 q4,-0.0008020513284090935,-0.7283386901582853,-1.325997272763842,rejected,0.07644993394247152,0.1848406007369256
days_since_earn q2 & rel_ind60 q4,-0.0011707617546828399,-1.3472389038806738,-0.7028817217130936,rejected,0.047787000023018965,0.4821294629733643
close_loc q0 & r20 q3,-0.0009862088646881177,-1.1991079643831764,-0.8507057086665334,rejected,0.059850299730354925,0.3949328512446389
atr_pct q1 & dist_52wh q2,-0.0009887977302267172,-1.409956628600639,0.6327932433122838,rejected,0.0,0.5268686696478599
days_to_earn q4 & r5_nonews q1,-0.0008425345990352161,-1.4561302952621862,0.5854824497361747,rejected,0.0,0.5582233639883946
min20 q1 & vol_surge1 q1,-0.0008597724376102698,-0.9380596828848757,-1.1033752237430317,rejected,0.0814071313732485,0.2698642516026109
overnight20 q1 & skew60 q0,-0.0005049628654553882,-1.02237216348702,1.0163025257324598,rejected,0.0,0.3094853462246679
days_to_earn q1 & r5_nonews q0,0.0006163068903969811,1.56728942348308,-0.46847103518509425,rejected,0.0,0.639447779635693
ind_mom20 q2 & log_dv q1,0.0010477038736833857,1.6222064876194218,-0.40741653901590374,rejected,0.0,0.6837020816985472
days_to_earn q3 & log_dv q4,-0.00044790185031167064,-1.5414405212634932,0.4845094479746484,rejected,0.0,0.6280243608011139
ear_volsurge q2 & ins_opportunistic30 q2,-0.0010231535657999444,-0.15471427795372636,-1.8706122531658453,rejected,0.06978147767887433,0.061398844987199365
gap_today q4 & r120 q4,-0.0007765196796303995,-1.4286182075247449,0.5948258568134274,rejected,0.0,0.551959881843781
ear_volsurge q0 & ind_mom60 q3,-0.000840204130487438,0.3299581980735692,-1.6905264509505433,rejected,0.0,0.09092728221609439
close_loc q3 & gap_today q3,0.0015709214868956005,1.8149080882076942,-0.20472723218922026,rejected,0.0,0.8377852428150108
days_to_earn q3 & vol_ratio q3,-0.0010712416755771837,-1.7067712231272882,0.30740534303739914,rejected,0.0,0.7585348618017865
max20 q1 & vol20 q3,0.00025500387603413484,1.1920431288642792,0.8207896767558649,rejected,0.06759990965353185,0.41176607976461527
days_since_earn q2 & ear_volsurge q3,0.001305295436495477,0.9331921218080582,1.0781802547130097,rejected,0.09008343800897126,0.28095332185743815
days_to_earn q4 & overnight20 q4,0.001141320975281707,1.6929982029407267,0.31500195512834617,rejected,0.018602154431237247,0.75276016940419
ind_mom60 q3 & r60 q0,-0.00013578229895968755,0.4023359199909455,-1.605477454481589,rejected,0.0,0.10838877091358662
frog q4 & ind_mom20 q2,0.0005511933449379852,0.3274770602134858,1.6778770923304873,rejected,0.056606247278461745,0.0933710953991331
days_to_earn q4 & log_dv q1,-0.0007476277713924874,-0.6843393388096316,-1.3209403129617052,rejected,0.07190263245631988,0.18652126666132685
intraday20 q2 & vol20 q2,0.0004746955635727075,0.00039764949572496653,2.0045259708977397,rejected,0.021271114540368397,0.04501374775464701
mom_12_1 q3 & vol_ratio q1,-0.0001585514180934368,-0.8330592142835279,1.1710440488021867,rejected,0.0,0.24158107191384104
frog q3 & r1 q4,-0.0009820914951772935,-1.697961912702693,-0.30602091517495444,rejected,0.022203178493709612,0.7595887212198836
frog q4 & gap_today q4,0.0011102541143385794,1.6227945039185736,0.3754874364195957,rejected,0.020672246110866037,0.7072979883672472
max20 q2 & vol20 q0,-0.0007959816069689872,-1.8859204729717352,0.1116977525833159,rejected,0.0,0.9110630613585096
mom_12_1 q4 & vol_surge1 q2,0.0010549358575706353,1.6100239908285188,0.38756065701986775,rejected,0.022096595576801933,0.698341188681564
min20 q1 & skew60 q4,-0.0005190845133846612,-1.504701429276303,0.4884855757487717,rejected,0.0,0.6252059402081471
ind_mom60 q3 & min20 q1,-0.0010240777125132732,-0.6234784420625362,-1.368409166893346,rejected,0.0659591006283545,0.1711840364696272
days_to_earn q4 & r120 q4,-0.00017202200322115796,-0.808419035720278,1.1818180366876567,rejected,0.0,0.23727790946669827
close_loc q3 & ev_offering q2,0.0013490118016783166,0.6816468184622015,1.3046241497731166,rejected,0.07332666558935595,0.19202086082460246
days_to_earn q2 & r5_nonews q1,-0.0016758083892455076,-1.2105275945172926,-0.7732602143731695,rejected,0.0581031308115086,0.4393683965371917
days_to_earn q1 & r20 q2,0.00011179508786575465,-0.8159551705332004,1.1631151683650491,rejected,0.0,0.244782778687534
ind_mom60 q2 & log_dv q4,0.0001553290611828767,-0.5265868920378898,1.4508741004697283,rejected,0.0,0.14681492100943763
ear q3 & ear_volsurge q0,-7.668326717976179e-06,0.6220590888035867,-1.3552475203538432,rejected,0.0,0.1753387090830069
mom_12_1 q2 & r120 q4,-0.00018576894730142952,-0.7714517469281968,1.2049504125651005,rejected,0.0,0.22822244540131506
ear_volsurge q3 & overnight20 q4,0.0011944245257561454,1.3823798317433544,0.5938464882035704,rejected,0.045368631500460915,0.5526147925938437
dist_ma200 q4 & log_dv q4,-0.0005845339399588503,-1.2580132558149382,0.715210997681036,rejected,0.0,0.47447867441513375
ind_mom60 q4 & intraday20 q1,-0.0013258136904559163,-1.9186901953192985,0.053921803195741635,rejected,0.0,0.9569974654962301
vol_ratio q3 & vol_surge1 q1,-0.0008446072678009713,-0.8537187327607855,-1.1183478144030503,rejected,0.07364466773027231,0.26341847313035266
days_to_earn q3 & ear_volsurge q4,0.0009649176165042943,1.856403145652554,-0.11471193918826267,rejected,0.0,0.9086734502989934
frog q4 & ins_opportunistic30 q2,0.00039453804701554846,-0.1425351185419294,1.8273318114816395,rejected,0.0,0.06764989498636054
ear q4 & vol20 q3,0.0015667467289085877,1.1336413902881008,0.8359226582536804,rejected,0.06604341436736023,0.40319841462451306
ear_volsurge q3 & skew60 q0,-0.0010126202862540993,-1.8101294914990873,0.15859632725320763,rejected,0.0,0.8739869225992187
max20 q0 & vol_surge5 q2,-0.0014446172004463475,-1.4276187750371443,-0.540230355664243,rejected,0.036768234921724395,0.5890381807534204
frog q4 & skew60 q0,0.00024592818274210435,-1.038059728768958,0.9282996268339345,rejected,0.0,0.35325216760134437
dist_ma50 q3 & gap_today q3,-0.00018159916010236247,-0.753552078045339,1.2119214461991403,rejected,0.0,0.22554245183729066
ind_mom60 q2 & vol_ratio q1,0.0008172608828261374,1.6646005892488625,-0.2984080760634882,rejected,0.0,0.7653917258966476
atr_pct q3 & days_to_earn q3,-0.00013250154044393316,-1.1073781169732468,0.8552357231849498,rejected,0.0,0.3924206633673309
frog q1 & gap_today q3,0.0008956030546686679,1.689535870819924,-0.2709297665454501,rejected,0.0,0.7864450505344143
frog q4 & rel_ind60 q4,0.0014288294028870542,0.7070823655131099,1.2521650118512277,rejected,0.07868337895367511,0.21050974227502323
dist_ma50 q1 & ear_volsurge q3,0.0009540191630757866,0.7615851247134416,1.196921883471296,rejected,0.07313005809725938,0.23133700373145194
dist_ma50 q1 & rel_ind20 q1,0.0009686838390658569,1.3112198387328113,0.6462625069839499,rejected,0.04563085276397319,0.5181093647442288
gap_today q4 & ins_opportunistic30 q2,-0.0001251987555183933,0.3473229954229666,-1.6097063340942497,rejected,0.0,0.10746198151978177
mom_12_1 q2 & vol_surge1 q3,-0.0009158951949023753,-1.5508689497538202,0.40569902572590244,rejected,0.0,0.6849637582244361
atr_pct q3 & gap_today q3,0.0011218057578590793,1.5402767948376244,0.41533026974475495,rejected,0.02150628571624609,0.6779001450989846
frog q4 & vol_surge1 q1,-0.0012541309977021292,-1.535683284668454,-0.4182724773203043,rejected,0.02409952818302668,0.675747910108937
close_loc q0 & frog q1,-0.00034527801708185847,0.33733528939401924,-1.6161971313418666,rejected,0.0,0.10605169882298646
ear_volsurge q2 & gap_today q3,0.0006107213748685396,1.0773617660478012,-0.8750092289234435,rejected,0.0,0.3815688841757917
close_loc q4 & vol_ratio q0,-0.000677132105469572,-0.030613096683675987,-1.918311663731067,rejected,0.04069385263531275,0.0550715043573183
dist_ma200 q1 & vol_surge1 q1,-0.00013703246245009443,0.9533905855036058,-0.9942370436183706,rejected,0.0,0.3201074775313969
ins_buyers30 q4 & r5 q4,-0.0003978748186441372,-1.5835621621418614,-0.3610281459434633,rejected,0.023660698447009382,0.7180784066294028
ear_volsurge q1 & vol_ratio q1,-0.0012262753748196243,-0.8518873217895535,-1.08966376827982,rejected,0.0903941731943007,0.2758612817936166
ev_offering q2 & vol_surge1 q1,-0.0009246345606794292,-0.4020668220992587,-1.5391520156155458,rejected,0.07861568683838947,0.12376718891870558
log_dv q4 & vol_ratio q1,-0.0011451695236376666,-1.637234100155497,-0.29574789123387185,rejected,0.019858867038315818,0.7674226203624058
ind_mom20 q2 & min20 q1,0.0005770097164049682,0.5215907340901936,1.4049480802740482,rejected,0.06745867422694793,0.16003671780687087
gap_today q4 & overnight20 q4,-0.0005090128148702061,0.38600458726232534,-1.5404593557095474,rejected,0.0,0.12344842273754561
ear_volsurge q1 & rel_ind60 q4,-0.0009779344408603603,-1.6926484177648797,-0.2307313365994775,rejected,0.014563709600071346,0.8175235272105176
ear q4 & skew60 q2,0.0006411434025326583,1.6772750223184558,-0.24562880068493187,rejected,0.0,0.8059695924018877
days_to_earn q2 & ear_volsurge q0,-0.0001106274418181368,0.4914945156875471,-1.429660258359277,rejected,0.0,0.15281455170475294
vol_ratio q1 & vol_surge1 q1,-0.0008139648541478103,-1.440091641391863,-0.4790440078008264,rejected,0.03363531151975944,0.6319073215660975
overnight20 q4 & vol_surge1 q1,-0.0004466417027866731,-0.02023947891567617,-1.8953845178016835,rejected,0.04772328596469992,0.058041478303332034
days_to_earn q3 & vol_surge1 q1,-0.00018460572785765228,-0.6855172992091537,1.229525010003929,rejected,0.0,0.21887502671504597
r120 q4 & r5 q2,-7.697113042315427e-05,-0.5928238957639269,1.3164154953988605,rejected,0.0,0.18803462436795287
close_loc q3 & ear q3,-0.0005326464879097502,0.2831450838219964,-1.6244153735653066,rejected,0.0,0.10428718818974358
overnight20 q4 & r120 q4,-0.0013927554568696067,-1.381426907294717,-0.5258407925460097,rejected,0.03563177157278218,0.598998829153615
ev_offering q2 & gap_today q4,-1.7487577902819962e-05,0.3945133866446675,-1.5109554465426935,rejected,0.0,0.13079980261847748
days_to_earn q4 & ear_volsurge q3,0.0003464504754452362,-0.6473666908307039,1.2548629233529673,rejected,0.0,0.20952852548699297
r5_nonews q1 & skew60 q4,0.0009063874182630288,0.634494717862779,1.2669657783133146,rejected,0.07317873538299569,0.20516752666164026
atr_pct q3 & frog q1,0.0013802288285267705,1.3761791663994039,0.5243966124162659,rejected,0.03465373419150031,0.6000027122080603
days_since_earn q2 & skew60 q3,-0.0005815823994352482,-1.1017247796893332,0.7967472785282749,rejected,0.0,0.4255978198279831
ev_offering q2 & overnight20 q2,0.00014306199121850554,-0.6368611316441477,1.2615458788421359,rejected,0.0,0.207112241292955
vol20 q3 & vol_ratio q4,0.0015882726456023601,1.353265692023003,0.5428657431411898,rejected,0.03412961367965294,0.5872222438782797
dist_ma200 q4 & vol20 q3,0.0008556902586525651,1.0314471846396134,0.8638100552923456,rejected,0.05048698556671326,0.38769224317055206
ins_opportunistic30 q2 & r5 q2,0.0004890143187814396,-0.04792145099770631,1.8470369773138973,rejected,0.0,0.06474178130400764
close_loc q0 & ear_volsurge q2,0.0012221123020496514,0.46096604018570103,1.430153692124209,rejected,0.07101573787242677,0.15267291288224064
ear_volsurge q3 & min20 q2,0.00037117055639331904,-0.6212315353263891,1.2697716998850632,rejected,0.0,0.2041659641932669
dist_52wh q3 & r5_nonews q4,-9.939699525578117e-05,-0.6720314565376161,1.2101728086379393,rejected,0.0,0.22621258963645813
frog q4 & r5 q2,0.0008087947105028444,0.43264380079419806,1.447566263086671,rejected,0.07518719297504076,0.14773839208396172
days_to_earn q2 & vol20 q3,0.0007836590517446326,0.8081155220995767,1.069773992997405,rejected,0.08089687729667347,0.2847210512553448
dist_52wh q3 & ear_volsurge q3,0.00023944872368377086,-0.2782035831789458,1.5983160112099055,rejected,0.0,0.10997266584100705
overnight20 q4 & r20 q1,0.00017165219152481326,1.2553872056016093,-0.6171333695361085,rejected,0.0,0.5371467600413127
r120 q1 & r5_nonews q0,-0.0011216602886676128,-1.390586736167201,-0.47983955140739615,rejected,0.031958672456015566,0.6313414868130314
r5 q2 & r5_nonews q1,-0.00032286189485278147,-0.6140031376711759,1.256189674477259,rejected,0.0,0.20904720948889519
r5_nonews q1 & vol_ratio q1,0.0009568532861212628,0.6221736155145338,1.2442519163633303,rejected,0.07545148153015989,0.21340686175934923
days_to_earn q2 & r120 q0,-0.0007015965381130178,-1.6046370305716162,-0.260672879537131,rejected,0.012372153163078428,0.7943447821415213
ear_volsurge q3 & log_dv q2,-0.0001564017045224805,-0.8190578731430566,1.0429769399196713,rejected,0.0,0.29695897304103436
mom_12_1 q3 & r20 q3,0.000533097423793602,-0.2700976903227292,1.5871384020918284,rejected,0.0,0.11248130204737339
ind_mom20 q2 & overnight20 q4,0.0010795967877678964,1.3930663805659538,-0.46390772911616784,rejected,0.0,0.642713855014702
ear q4 & frog q1,0.0009228846064797492,1.5677271191223427,-0.2885766460654414,rejected,0.0,0.7729053692392966
days_to_earn q2 & ear_volsurge q2,-0.0007982898564916287,0.10450367230386505,-1.7510838106053366,rejected,0.0,0.07993147446003428
r5 q4 & vol20 q3,-1.633906445068034e-05,0.798662069139962,-1.0557813943960015,rejected,0.0,0.29106810043715636
ear q3 & r120 q4,-0.0009970518808778918,-1.8161803899407785,-0.03794507398741498,rejected,0.006715976866821551,0.9697314750626741
ind_mom20 q3 & log_dv q3,0.0012902883143317894,1.7405210400310924,0.11168934689972797,rejected,0.006275412644948745,0.9110697264189205
ev_offering q2 & ins_opportunistic30 q4,0.00017286568839990638,-0.31390308965262953,1.53755003317462,rejected,0.0,0.12415867267483356
ear q4 & ind_mom20 q2,0.0009365230200427197,0.5972805567677724,1.2536975467795153,rejected,0.07307082278061958,0.2099519599615552
days_to_earn q1 & rel_ind60 q3,-0.000554678912388394,-1.4056551571246196,0.44457150800664214,rejected,0.0,0.6566294415588334
gap_today q2 & vol20 q3,0.0008185338669010341,0.44508254411672815,1.4037893422187282,rejected,0.06692796064605838,0.1603815885784628
ind_mom60 q3 & vol20 q3,0.0007339137025446102,1.3945898054429149,0.45339527141330743,rejected,0.03249555554641574,0.6502641407915181
gap_today q4 & log_dv q1,0.0005161806682693937,1.0188070575665757,-0.8284200342819281,rejected,0.0,0.4074326644418433
ins_officer30 q2 & r5 q0,0.0003425885198954812,1.047295650696124,-0.7986466743965221,rejected,0.0,0.42449531552519304
days_to_earn q0 & vol_surge5 q1,0.000821524232196993,1.2130300645076746,0.6295540150838673,rejected,0.04868142533246569,0.528986417964734
ear_volsurge q1 & min20 q2,0.001343294728280163,1.5285278129900166,-0.3139025597618123,rejected,0.0,0.7535950461730405
days_since_earn q2 & ind_mom60 q3,-0.001313676105502923,-0.9254863707325569,-0.9164731807713467,rejected,0.04944961128971086,0.3594187677358616
ear_volsurge q1 & log_dv q1,-0.000647928553094368,-1.340821354914594,-0.5005672762995891,rejected,0.030947237872092054,0.6166756974842098
days_since_earn q1 & r5 q4,-0.001243494509749633,-1.217869174198455,-0.6202796976467886,rejected,0.05016389057429767,0.5350736589475034
ear q3 & ear_volsurge q2,-0.00103616581748608,-0.29185572537534926,-1.5427368761577793,rejected,0.06660638567231002,0.122894630731003
ind_mom60 q3 & vol_surge1 q1,-0.0005803348116999602,-0.6561593386706948,-1.177142175242666,rejected,0.07268683239582385,0.2391387639011342
mom_12_1 q3 & r5 q2,0.0007836181260380531,0.2939518262031241,1.53493782034696,rejected,0.07560422866187981,0.12479910233850847
dist_ma200 q4 & overnight20 q4,-0.0011093074739002202,-1.068802950374158,-0.7600838793684149,rejected,0.06059106740667642,0.4472044480160787
r120 q4 & r20 q1,-9.974177730293398e-06,-0.7526297700893755,1.0741122896573303,rejected,0.0,0.28277235704698084
min20 q1 & r5 q2,0.00018287697569187273,-0.005717592676132294,1.8195766128364617,rejected,0.0,0.06882350590710803
mom_12_1 q3 & news5 q4,-0.0010327024649577435,-1.1303435900664622,-0.6933226006459671,rejected,0.05291002260703533,0.4881071228477743
ev_offering q2 & r5 q2,0.0005466888678683158,0.038560645323330825,1.7848842802555624,rejected,0.05241868372568165,0.07428008896203614
dist_ma50 q2 & vol20 q3,0.0011570574968062283,1.624261137976778,0.19870013024987168,rejected,0.014718705428942795,0.8424973221306642
ear_volsurge q1 & overnight20 q4,-0.001088312428294325,-1.1856931356248661,-0.6359494411753273,rejected,0.04271572617250227,0.5248093760822786
news5 q1 & overnight20 q2,-0.0015681095736210994,-1.5969287102859318,-0.22032439016752112,rejected,0.018855698254767853,0.8256185262215073
ev_agreement q4 & ind_mom60 q1,0.0002945408706542015,1.1592060259877375,-0.657540009438176,rejected,0.0,0.510833753838356
days_since_earn q2 & ins_opportunistic30 q2,0.0007713382668438027,0.05658924382370732,1.756866505812377,rejected,0.05154037116124774,0.07894056589527751
gap_today q3 & skew60 q4,-0.0005201684603651312,-0.08596332932415218,-1.7260639331417371,rejected,0.04243190459817689,0.0843359115173896
log_dv q4 & skew60 q3,0.0006757736497241868,0.2071536094520597,1.6036992838326853,rejected,0.0640419794882733,0.10878035384662903
frog q4 & r20 q0,0.0003227903382907495,0.14886749936420404,1.6619004497639491,rejected,0.04090333008116656,0.09653273650838252
days_since_earn q2 & frog q4,0.0003743481810443341,-0.2645455419480425,1.5454597631730844,rejected,0.0,0.12223509426524516
close_loc q0 & r5 q2,-8.315909542316966e-05,-0.6439241375987267,1.1657809605499958,rejected,0.0,0.24370301698182825
frog q4 & vol_ratio q3,0.00030358387658861746,-0.1683941399111588,1.6398519443902213,rejected,0.0,0.10103595473247746
frog q4 & vol20 q1,-0.001153193082187462,-1.5517661682318544,0.25508371151488574,rejected,0.0,0.7986584444528344
ear_volsurge q4 & skew60 q0,0.00035926102116251606,-0.3425425100060617,1.4609078584788928,rejected,0.0,0.14404072971146456
ear_volsurge q0 & log_dv q1,0.0008859964493456923,1.6605640239456596,-0.1410754056230436,rejected,0.0,0.8878103727844366
ins_buyers30 q4 & vol_surge5 q4,0.00012565278523949267,0.10082193872100931,1.697841694667548,rejected,0.0464308533927144,0.08953764414528827
frog q4 & skew60 q2,0.0012951315032842942,1.6367148153934488,0.159417891654725,rejected,0.011100286867859264,0.8733396436662917
r5 q2 & skew60 q2,0.0014424321673679992,0.9153516037593511,0.8787612285963808,rejected,0.04512669537055459,0.37953075237655365
close_loc q4 & vol_surge1 q1,-0.0004945035156445523,-0.17320273398640437,-1.6199865202604984,rejected,0.05523711462000734,0.10523517255194714
frog q4 & r5_nonews q4,-0.0003992083572989995,-1.6567925856620718,-0.13639078388082201,rejected,0.009241351123288893,0.8915123589944696
days_since_earn q2 & ear_volsurge q1,-0.0011979419638603616,-1.5807871851215098,-0.21017892145371228,rejected,0.017997017136237404,0.8335280303712407
r5 q0 & vol_surge5 q4,0.0006778253136337624,1.550848261078204,-0.23979758982755542,rejected,0.0,0.8104871755065635
dist_ma200 q1 & frog q1,-0.0011674388783740153,-0.6676675235692109,-1.120803072720697,rejected,0.06497326587434722,0.262371695940737
ear_volsurge q1 & gap_today q4,-0.0011341083342106856,-1.0092360312466808,-0.7779969939093323,rejected,0.060178494407262494,0.4365707853904244
ear_volsurge q1 & mom_12_1 q3,-0.0009526268826564686,-1.3152543623575137,0.4706851364191266,rejected,0.0,0.6378656002469832
r20 q1 & skew60 q1,0.0009585235006977457,0.3810641452754756,1.3985625379803595,rejected,0.07031778244129133,0.16194420683406344
frog q1 & min20 q2,0.0010527786538807836,1.4649317510261683,0.31328902185153334,rejected,0.021174208688658686,0.7540610899300573
log_dv q4 & vol_ratio q3,0.0008000121055986196,0.37500062125855005,1.4021829385329891,rejected,0.0681073469238479,0.16086062513853966
ins_officer30 q2 & vol_surge5 q1,0.0008190153072734853,1.5681385827900038,-0.20829179238614942,rejected,0.0,0.835001139838393
r5 q2 & vol_surge1 q1,0.0007818718321441817,1.161906707151845,0.6111035799877418,rejected,0.049579629113349226,0.5411310099371223
ear q3 & ear_volsurge q1,-0.0011228247074673685,-1.2785865197999398,-0.4941366982452596,rejected,0.030169287675482857,0.6212096418643005
dist_ma50 q3 & skew60 q2,0.0007989721673472182,1.5422425360928735,0.23027099120719113,rejected,0.015569010092063205,0.8178812006200806
close_loc q3 & ind_mom20 q3,0.0009457412067323001,1.4824176182421738,0.28964986998248304,rejected,0.0182333254579572,0.7720841108628137
atr_pct q3 & r5_nonews q4,0.0003546521304270369,1.0656654667690595,-0.7057703943380479,rejected,0.0,0.48033093601854243
ind_mom60 q1 & r20 q1,0.0006144811511889186,0.9674169619960965,-0.8031629295153295,rejected,0.0,0.42188056882504105
days_to_earn q2 & min20 q1,0.0009354021441518109,1.2919824506043331,-0.4760327468399494,rejected,0.0,0.6340510483875073
ind_mom20 q2 & vol_ratio q3,0.0008626471134000865,-0.26407800816629434,1.5020310754863693,rejected,0.0,0.13308908350024287
close_loc q4 & r5_nonews q0,0.0005826035153438029,1.1433274621554677,0.6224939105169575,rejected,0.049455195656321844,0.533617146681717
days_since_earn q2 & r1 q3,-0.0007665448390973918,-1.390117576623524,0.3693099627056123,rejected,0.0,0.7118967004663949
ear_volsurge q4 & mom_12_1 q3,0.00010574664239911475,-0.6555911660612715,1.1028718469090342,rejected,0.0,0.27008282173719655
ind_mom60 q1 & r5_nonews q0,0.0006412343157272836,1.588499800708414,-0.1684255365821699,rejected,0.0,0.866248519770439
ind_mom60 q2 & overnight20 q4,0.0009052959879326081,1.6278770943061402,0.12787232111966254,rejected,0.009757216192490216,0.8982500157394263
ind_mom60 q2 & r5_nonews q1,0.00037773377564167653,0.19474557268325035,1.558489407819997,rejected,0.05698232930188066,0.11911727696603368
ins_opportunistic30 q2 & r60 q1,0.0008816295424987396,1.0667454269009886,-0.6862019494240963,rejected,0.0,0.49258576866055365
skew60 q4 & vol_ratio q0,0.0012275617374020217,0.8699581286284774,0.882347855889355,rejected,0.04309055989544511,0.3775887246166956
ear_volsurge q4 & gap_today q2,-0.00019954255854573701,-0.7033208018834932,1.0457812490985583,rejected,0.0,0.2956620402863655
ear q3 & ear_volsurge q3,-0.0006375006966239014,-1.4007539144811267,0.3477381471361929,rejected,0.0,0.7280368451869716
close_loc q3 & overnight20 q4,0.0013773811061794845,1.2089889136017105,0.5375903635067083,rejected,0.03323542215170508,0.5908598845223938
ear q4 & vol_ratio q0,0.0013574185162847047,1.2010768692512266,0.5436878619832421,rejected,0.031701483495817015,0.5866562865142952
days_since_earn q2 & skew60 q4,0.0009051421260065137,1.4219459246929462,-0.31709943961190545,rejected,0.0,0.7511681500851156
frog q4 & r20 q1,0.0008606146283931641,0.36914465529208884,1.3662050440270983,rejected,0.0588872813311555,0.1718746147808091
overnight20 q0 & skew60 q1,-0.0003501591045222419,-0.6836376704147027,1.048484443433214,rejected,0.0,0.29441546597466306
days_since_earn q2 & frog q1,3.075305718952789e-05,0.333775809040286,-1.395330971953669,rejected,0.0,0.1629160564534819
days_since_earn q2 & ear_volsurge q4,0.0006662159898923576,0.2413036664198921,1.486328388138244,rejected,0.07006837867631358,0.13719228138414727
frog q4 & skew60 q4,-0.00032366953133568786,-0.8605997815996231,0.8665339005157767,rejected,0.0,0.3861974440040668
days_to_earn q4 & vol_surge1 q1,0.00014383598207787796,0.630405811921768,-1.0950513344794952,rejected,0.0,0.2734941473832466
days_to_earn q4 & ear_volsurge q2,0.0006953687007971274,1.050810623233303,-0.6734965789016735,rejected,0.0,0.5006314245031918
overnight20 q4 & skew60 q0,0.0003060800250799862,1.2851569172461246,-0.4388337323602343,rejected,0.0,0.660782016286107
log_dv q4 & overnight20 q2,-0.0004098625743468657,0.07371579709683926,-1.6475126900010169,rejected,0.0,0.0994527100373629
r1 q0 & rel_ind20 q1,0.0007815373556663764,0.3505260341046529,1.3706859880805315,rejected,0.05868198281261822,0.17047286463132863
log_dv q1 & r20 q1,0.0005756922615677815,1.3559538475294606,-0.36486508975750354,rejected,0.0,0.7152121147709497
ear q4 & gap_today q4,0.0006400364194629681,0.9535742173753589,0.7632082348147735,rejected,0.058935807997861044,0.4453392184762519
atr_pct q3 & ear_volsurge q3,0.0003852401599682011,-0.2689033270553373,1.4455599959380256,rejected,0.0,0.14830065385218572
ear_volsurge q1 & vol_surge1 q1,-0.000678088103937641,-0.31953543726069034,-1.3940318986382154,rejected,0.07158168210207555,0.16330797225153404
days_to_earn q2 & ear_volsurge q3,-0.0007136526889090015,-0.8723419576995973,-0.8406094340398547,rejected,0.05848154740642785,0.40056677186760387
days_to_earn q3 & r5 q2,0.0010588003007404832,1.630753281352822,0.08055229522575634,rejected,0.0072015740361877556,0.9357980057478767
dist_ma50 q2 & ear_volsurge q3,0.0006612658175457231,0.9346613394499429,0.7761350792012058,rejected,0.05689970293729531,0.43766923325236734
frog q1 & rel_ind60 q1,0.0002357500943527567,0.701301174489305,-1.0088856555561032,rejected,0.0,0.313029475354711
ev_red_flag q2 & frog q0,-0.0013449486462907886,-1.3405095142562908,0.3695464707323909,rejected,0.0,0.711720441874488
frog q2 & log_dv q2,0.000688320544439254,0.6045174947693399,1.1055254288890681,rejected,0.06998787279371359,0.2689319820789268
overnight20 q2 & r5_nonews q1,0.0011204430836117645,0.6011662150888536,1.107766695966528,rejected,0.06646703761407238,0.2679625866721968
ind_mom60 q3 & log_dv q4,0.0018423300044939327,1.675772199653403,0.032351782145856656,rejected,0.005140378280491454,0.9741915146126371
dist_ma50 q1 & ev_offering q2,0.0011241051324907645,1.3746698903185153,-0.33291415889732345,rejected,0.0,0.7391990812615309
gap_today q3 & overnight20 q2,0.00021628648850119842,-0.59318276134123,1.1120626237591111,rejected,0.0,0.2661112255716434
ev_offering q2 & skew60 q4,0.0007968929751819093,0.1753265238141811,1.5277792707132836,rejected,0.0704094406759624,0.12656735067674635
max20 q1 & r20 q0,0.000628353945583514,0.7840628124880307,0.9151534395926451,rejected,0.045025616979957495,0.36011108376834927
skew60 q3 & vol_ratio q0,-0.0007202337371214312,-0.3424806872291531,-1.35548280525235,rejected,0.056703487907627526,0.17526378327473077
dist_ma50 q3 & log_dv q4,6.331852454926087e-05,-0.5642790798115109,1.1329253906147243,rejected,0.0,0.25724558634096717
close_loc q4 & skew60 q2,0.0007097548621265747,1.136259835185854,-0.5608963873687545,rejected,0.0,0.5748681729389717
gap_today q2 & log_dv q1,0.0007997739789617124,0.854608972091586,0.8425069832023798,rejected,0.05765987791553378,0.399504232542082
ear_volsurge q0 & r5_nonews q4,-0.0007544934716323898,-0.9551211760908939,-0.7415481468739347,rejected,0.05530474729694399,0.4583611502482931
days_to_earn q2 & ind_mom60 q3,-0.0012983810964714902,-1.2236765633581466,-0.4698621504956058,rejected,0.031820963876090916,0.638453507423387
frog q1 & gap_today q0,-0.0009995968031227156,-0.6829505331954472,-1.0081929948424284,rejected,0.06619578058201585,0.3133618202101782
ind_mom20 q2 & vol_ratio q1,0.0011166617853314968,1.360453725876666,0.32596662208642024,rejected,0.014580446129864796,0.7444496087737262
dist_52wh q1 & ins_value30 q2,0.0012868527302396535,0.8698954072487971,0.8159638507319645,rejected,0.058765905550377334,0.4145208112681374
dist_ma50 q2 & vol_ratio q0,4.002956040893348e-05,0.33744394535589173,-1.3466717412255924,rejected,0.0,0.17808597735695203
days_to_earn q2 & r5_nonews q2,-0.0011436528672585907,-1.457300382531752,0.22247847593228304,rejected,0.0,0.8239414271450642
ear_volsurge q4 & ind_mom60 q3,0.0002681405549622789,0.8047559202384447,-0.8714284585379253,rejected,0.0,0.383520252662908
frog q1 & skew60 q4,0.0010450436336425079,1.5399317539416908,-0.13348661311367596,rejected,0.0,0.8938085507116837
ind_mom60 q0 & range_compress q3,0.0010536317409905478,0.9163630512404465,0.7561553876470213,rejected,0.05502569322786567,0.4495560369713652
ear q4 & ind_mom60 q3,-0.00068570133131766,0.42124604933025817,-1.2507120785790933,rejected,0.0,0.21103954208556638
earn_in_week q4 & range_compress q3,0.00012282827476519967,-0.9500810457056608,0.7212798578637558,rejected,0.0,0.4707373470243036
ev_offering q2 & ind_mom60 q0,0.0014289317484384592,1.6370621777661862,-0.030372761942291007,rejected,0.0,0.9757697676516446
skew60 q4 & vol_surge1 q1,-0.0005857042525973633,-1.0505810315748454,0.6157503578358248,rejected,0.0,0.5380592956464236
gap_today q4 & skew60 q4,0.0009303803439022929,0.4643753704781639,1.2013066617205983,rejected,0.06731152599187139,0.2296322672660824
ear_volsurge q3 & r5_nonews q4,0.0008155844879717941,1.047152681139105,0.6164197007883493,rejected,0.04846655831557329,0.5376175541693582
days_to_earn q4 & min20 q1,0.0004951104600003083,-0.15341396551802178,1.5087477981372168,rejected,0.0,0.13136324557885812
ev_offering q2 & skew60 q0,0.00013929952183135404,-0.4770662599830576,1.1841726689241594,rejected,0.0,0.23634471877203328
gap_today q3 & vol20 q3,0.0012599903987677201,1.3259952655229037,0.3338142203412428,rejected,0.015247510284955275,0.7385197520838078
dist_ma200 q4 & ear_volsurge q3,-0.0002529706362323811,-1.221166530576727,0.4382067637789776,rejected,0.0,0.6612364059224858
ind_mom60 q3 & overnight20 q4,-0.0002680205236831941,0.4377562512184412,-1.2212515014620913,rejected,0.0,0.22199080994132103
close_loc q0 & days_to_earn q2,-0.0007068058846674937,-0.9547482217373612,0.6989289788258259,rejected,0.0,0.4845964162571388
ear_volsurge q0 & skew60 q0,-0.0006864376599177664,-1.3479201910635625,-0.3046338636035414,rejected,0.021092026340138768,0.7606450257134876
frog q4 & overnight20 q4,-0.0009325392315470515,-0.32327746847850397,-1.327778588612173,rejected,0.060880387388239116,0.1842512623271089
intraday20 q1 & r1 q0,0.000960331193639002,0.42012146543152146,1.2308949114574699,rejected,0.06615391594960965,0.21836217102570277
days_to_earn q2 & log_dv q1,0.0007185891901374083,1.3958374571151626,-0.25420989234981717,rejected,0.0,0.7993334085972168
ins_opportunistic30 q2 & skew60 q4,0.0006972191469976363,0.10608028140252676,1.53993777538837,rejected,0.06546049890188244,0.12357552171517651
close_loc q4 & skew60 q0,-0.0009348018720408345,-1.611430432830387,-0.03219153200494182,rejected,0.005037810141169364,0.9743193091620274
dist_52wh q3 & r60 q2,4.755746945595044e-05,-0.5858516980213156,1.0569369947895064,rejected,0.0,0.2905403431002261
skew60 q2 & vol_ratio q3,3.9544390023911496e-05,0.7838393797317508,-0.8564355236113608,rejected,0.0,0.3917569224857107
days_to_earn q2 & vol_surge1 q1,-0.0006790118040367224,-0.7068099490868589,-0.9314274478969832,rejected,0.04888564288797842,0.3516324981124018
ear_volsurge q0 & vol_ratio q3,-0.0009287451517815037,-1.4434772762489856,0.19341329619360234,rejected,0.0,0.846635303180426
days_to_earn q3 & vol20 q3,-0.00047348943600177614,-1.371053737515874,0.26561813662777234,rejected,0.0,0.790533316212302
ind_mom60 q3 & vol_ratio q0,-0.000967021850295362,-0.12045327982714342,-1.5152348461285639,rejected,0.06624619255467178,0.12971294144311743
ind_mom20 q2 & skew60 q4,0.0005674643474145527,0.7660384711813729,-0.8663032704204889,rejected,0.0,0.38632387329312723
close_loc q3 & r5_nonews q4,-0.00039456290431797597,-0.8379329834822695,0.792335092952367,rejected,0.0,0.42816531469216784
ear_volsurge q4 & min20 q1,0.0008918736755908315,0.8358878693613366,0.7928669240708518,rejected,0.05532230642967539,0.4278553598996942
days_to_earn q3 & dist_ma200 q0,-0.00033087711173557347,-0.08604057527099311,-1.5392926544540118,rejected,0.06425501505300357,0.12373286641838491
days_to_earn q4 & frog q1,0.0013460508077550702,1.416756058992572,0.20677561321859753,rejected,0.01727176924506515,0.8361851023831148
ear_volsurge q3 & gap_today q3,0.00020770822117710107,0.6402076889268536,-0.9801031789977803,rejected,0.0,0.32703519011858984
r5_nonews q4 & vol20 q3,-0.00027814080048280565,0.5437429843625791,-1.076321237969384,rejected,0.0,0.28178361355316833
ind_mom60 q3 & r5_nonews q1,-0.0012579619387184666,-0.6969463526548417,-0.9178702214973843,rejected,0.04472064680837291,0.3586868133621019
rel_ind60 q2 & vol_surge1 q3,-0.0010583250045453948,-0.7939675340091485,-0.8192086599749833,rejected,0.06091923154034037,0.41266737488035715
dist_ma50 q3 & frog q1,0.0008622743653823871,1.3759966522308535,0.23249353664275293,rejected,0.012126463209317744,0.816154706714062
log_dv q1 & overnight20 q2,0.0009467205682784578,1.443583978561947,0.16349977169243934,rejected,0.00970349273198961,0.8701249528951878
days_since_earn q2 & ear_volsurge q0,0.0011958605030272984,0.8770848737186526,0.725773628436901,rejected,0.05072770477382641,0.4679775561876627
dist_ma200 q4 & vol_surge1 q1,-0.0003306014342591515,-0.7470837890279574,0.8521023345440706,rejected,0.0,0.39415729637020125
frog q3 & rel_ind60 q3,-0.0008550972079332654,-1.2747454842471648,0.32254273277788176,rejected,0.0,0.7470415699289787
days_since_earn q2 & dist_ma200 q4,-0.00140891376292786,-1.5115901853363922,0.08356412465964988,rejected,0.0,0.9334029915080132
ear_volsurge q4 & vol_surge5 q3,0.0005293158623105209,0.4352652365411234,1.1561649394762759,rejected,0.05862482462785591,0.2476136977234644
intraday20 q0 & max20 q3,0.0007632720492695348,1.4456325841783362,-0.14554615035664506,rejected,0.0,0.8842796809320503
days_to_earn q2 & ear_volsurge q1,-0.001072370300361772,-1.5349934807193366,0.051660957060860394,rejected,0.0,0.9587988474262576
days_since_earn q2 & gap_today q3,0.0015161668902065055,1.2833620965330486,0.30240046480669897,rejected,0.021999834510609738,0.7623468004573748
days_to_earn q0 & log_dv q3,-0.00041572581493456827,-1.0468557401381577,0.5376711661309159,rejected,0.0,0.5908040889415258
gap_today q3 & vol_surge1 q1,0.00011456969110267678,0.48972628910072385,-1.0901388752852874,rejected,0.0,0.2756519739180554
ear q3 & ins_opportunistic30 q2,-0.0008756457653324528,-0.32436727872768556,-1.2536064567571326,rejected,0.0640689837721059,0.20998508320488218
dist_ma200 q4 & log_dv q1,-0.0002178799723934046,-0.6394713088184193,0.9370359086280521,rejected,0.0,0.3487400872329859
ear q4 & r5_nonews q4,0.0007422711730673265,1.2500230856861352,0.31760618082459857,rejected,0.016328362969133096,0.7507836851151702
ear q3 & vol_surge1 q1,-0.0003162611658876047,0.272416003836043,-1.2949083211156982,rejected,0.0,0.1953518576339786
days_since_earn q0 & rel_ind60 q3,-0.0010679186304931438,-0.9915454642152645,-0.5737234596224702,rejected,0.038932838636478576,0.5661549506018746
ind_mom20 q3 & range_compress q4,-0.0002759815814816653,-0.8017501037415805,0.7626233765792303,rejected,0.0,0.44568803911589294
mom_12_1 q0 & r20 q3,-0.0003722225479396621,-0.9753436451306035,-0.5860183744332393,rejected,0.03930102094043357,0.5578631671960429
days_to_earn q4 & skew60 q4,0.00047240231188560997,0.326886152909503,1.2336010044356878,rejected,0.06142220204851702,0.21735161855723267
ins_buyers30 q2 & r5 q3,-0.0014624668199360378,-1.5053141475803313,-0.053411175682850594,rejected,0.003245873745990067,0.9574043010167549
ear_volsurge q2 & r5 q2,0.0012159508713614066,0.8046870359735858,0.7511119430146187,rejected,0.05241973875010945,0.45258528873443427
mom_12_1 q0 & r120 q1,-0.0004389574773195917,-0.9142260272347216,0.6377122244716443,rejected,0.0,0.5236610264676896
dist_ma50 q3 & r5 q2,0.0008619241823094182,0.4559083648436754,1.0923096787791826,rejected,0.07303719268560187,0.2746970075481469
dist_ma200 q2 & vol_ratio q3,0.001110687328878379,0.8253921728653902,0.7211516119799921,rejected,0.048081392129066876,0.4708162391930113
days_to_earn q4 & skew60 q2,-0.0007595964729554614,-0.1815406900771348,-1.359744973422291,rejected,0.05173087851217735,0.17391064094387507
r5_nonews q4 & skew60 q4,-0.00026912047852897775,-0.668975344110494,0.8717477273533036,rejected,0.0,0.38334601692918624
ear_volsurge q3 & gap_today q2,0.0006406230329614977,0.5976360273848428,0.9430127729927452,rejected,0.050195295564997744,0.34567436962994685
ear_volsurge q4 & ind_mom20 q2,0.0001155240198041801,0.36878695328324,-1.1698508152433773,rejected,0.0,0.2420610100684485
gap_today q4 & range_compress q0,0.0003769418947853364,1.0009105567205996,-0.5372889323759164,rejected,0.0,0.5910680492082254
r5_nonews q1 & rel_ind60 q4,0.000619732403840346,0.30169865472157215,1.2338655751327807,rejected,0.05966748876949069,0.21725299913373386
log_dv q4 & r5_nonews q1,0.0008405546124071569,0.355123019336895,1.1803087471904947,rejected,0.06294560667012168,0.23787744041960718
log_dv q4 & r120 q4,-0.0002233511191623173,-0.6550756305374176,0.8769847827123289,rejected,0.0,0.3804949035131785
dist_ma50 q2 & ev_offering q2,0.0004932638901957825,0.6602964445932862,-0.8716036520753212,rejected,0.0,0.38342463765248436
ear_volsurge q3 & r120 q4,0.0006685478320064661,0.25879193039699744,1.2724225645765923,rejected,0.05476844280478104,0.20322302100762965
ear_volsurge q4 & mom_12_1 q1,0.0005849963291306687,0.07104250037297494,1.458990489955786,rejected,0.06060622389041394,0.1445677252006496
atr_pct q3 & ind_mom60 q3,0.0009178082646207364,1.33530805157746,0.19446027560143864,rejected,0.010614956044805259,0.8458154974419977
days_to_earn q2 & r5 q2,-0.00030011652449712657,-0.5489443603814168,0.9796236202095466,rejected,0.0,0.32727194112808744
days_to_earn q0 & ev_red_flag q2,0.0010114492493545119,0.5440468161758615,0.9572558682864196,rejected,0.052616988765060824,0.33843812437845816
ear q3 & r5 q2,-0.0010655050118536802,-0.7817172503701976,-0.7158914102621496,rejected,0.045176911197215786,0.4740584027910289
ear_volsurge q2 & r120 q4,0.000982632730882854,1.4424498213013153,0.05222277349670716,rejected,0.004284484356685763,0.9583511870637532
ear_volsurge q3 & vol_ratio q1,0.0008304728096042198,0.7510325576289252,0.7391212373341424,rejected,0.051405481846823434,0.45983338202055984
ear q3 & ev_offering q2,-0.0007815382590286604,-0.24852898465631262,-1.2321251205598922,rejected,0.05830745221081687,0.217902348934667
frog q4 & vol_ratio q0,-0.0009458475578118102,-0.6759412406779508,-0.8012978611724636,rejected,0.050981067472558546,0.4229592287812934
ear q4 & r5 q2,0.0005448519492992787,-0.16803220737613314,1.3033216248137878,rejected,0.0,0.19246498135370746
gap_today q3 & news5 q1,-0.0014658662612950795,-1.176797852153704,0.29110121965135805,rejected,0.0,0.770973907156047
atr_pct q3 & skew60 q4,0.0009331349227471009,0.9497610295942073,0.5170923511814417,rejected,0.03076814268406043,0.6050916927709147
intraday20 q0 & r5 q0,-4.4107455385205466e-05,0.5098342386679494,-0.9556143800293007,rejected,0.0,0.3392670936997713
ind_mom20 q1 & vol20 q1,0.00038910547011797357,-0.21277628263059797,1.252078318562153,rejected,0.0,0.21054132722662722
days_to_earn q2 & ear q3,-0.0005354858536163117,-0.10789908506591864,-1.3567108508381573,rejected,0.04973916646936103,0.1748731033466197
days_to_earn q2 & dist_ma50 q3,0.00041217115953060896,-0.31555532533217445,1.141390944625954,rejected,0.0,0.25370727130858023
ear q2 & r1 q0,0.0011436495344914293,1.3753607319791823,0.07992760003497687,rejected,0.0075160965339621105,0.9362948383946732
close_loc q0 & ind_mom20 q2,0.0006130432202047858,-0.30360143961070796,1.1513725576589957,rejected,0.0,0.24957899857242305
days_since_earn q1 & r5_news q4,-0.00011144770955365537,0.7573221191320189,-0.6866994467165398,rejected,0.0,0.49227214570819383
close_loc q3 & frog q3,-0.0007520189803048855,-0.8570362240776072,-0.5850297845537272,rejected,0.03904134462052328,0.5585276898440752
overnight20 q2 & vol20 q3,0.0005456043770097301,0.17186228258368438,1.2698309272780275,rejected,0.05406018072484747,0.20414486161737289
ev_offering q2 & skew60 q3,0.0001231468757440754,0.491117149419521,-0.944891049829833,rejected,0.0,0.34471450133210263
dist_ma200 q1 & gap_today q3,0.0009825661547696262,1.2636639718623859,-0.17214103090360786,rejected,0.0,0.8633266562029995
close_loc q3 & rel_ind20 q0,-0.0005000987561453885,-1.1619517973226225,-0.2731274291538865,rejected,0.014271925631270183,0.7847552626196508
days_since_earn q2 & days_to_earn q2,-0.0007005856671197554,-0.7687022962234238,0.6557879230428895,rejected,0.0,0.5119605880248361
ear q2 & r1 q1,-0.0007456578802976096,-0.6948478490647075,-0.7295218903119224,rejected,0.048562271403220336,0.4656824824479554
dist_ma50 q0 & max20 q0,0.000835479672371368,0.3517651454141494,1.0675894911321289,rejected,0.06595143175046081,0.2857057260657615
overnight20 q2 & vol_ratio q0,0.0008556263530302755,0.8701424673293504,0.5484078197190233,rejected,0.028579683845952383,0.5834119082981275
ear_volsurge q2 & gap_today q2,0.001201834548792661,0.599613530304327,0.8153385332612633,rejected,0.05265041482922415,0.414878557785049
dist_ma50 q4 & vol20 q2,-0.0009319562684432614,-1.2299323733233778,0.1824120120815658,rejected,0.0,0.8552593996755347
ins_value30 q2 & r1 q2,-0.0011404414256627068,-1.0960511890204112,-0.31600081342661474,rejected,0.016294689105051167,0.7520018907216088
skew60 q4 & vol20 q3,0.0009940720422085048,0.8346760481878839,0.5771395876596549,rejected,0.03518652109924538,0.5638451634927132
ear_volsurge q1 & r5 q2,-0.0006868076099113441,-1.096767115932946,0.31425034872831265,rejected,0.0,0.7533309053158077
ear_volsurge q4 & r5 q2,0.0002675849151593962,0.2735778506428357,1.1369601166613683,rejected,0.05021730400712636,0.25555495891010055
frog q1 & max20 q1,-0.001194904081495204,-0.43878534769324673,-0.9711977621526588,rejected,0.04785736033252554,0.33144980806032237
close_loc q3 & r5_nonews q1,-0.00047550740662050236,-0.645487021509935,-0.7636543502415029,rejected,0.05193329885155791,0.4450732513548067
frog q1 & ind_mom60 q2,-0.0008167976337840222,-0.9821092490267516,-0.42429160904969987,rejected,0.020952432422577712,0.6713531579249168
ear_volsurge q2 & overnight20 q2,-0.0011665952052210805,-1.1792769493914053,0.21964229981830508,rejected,0.0,0.826149745249769
ear q4 & frog q4,0.00041380383029750986,0.04003646786889597,1.3579347640134731,rejected,0.04648902818286659,0.17448438516061265
ind_mom60 q1 & r1 q0,0.0005993832254388669,1.226528300888551,-0.16846703920952663,rejected,0.0,0.8662158719432032
r60 q3 & range_compress q1,0.00014038672952930133,0.9486666762287036,-0.44584273192549256,rejected,0.0,0.655710852065124
frog q1 & rel_ind20 q1,0.0003611391824172841,0.5821238221492697,-0.8098475021469126,rejected,0.0,0.418027827435935
gap_today q4 & vol20 q3,0.0008419090508287092,1.3195447827617575,-0.0684479854076687,rejected,0.0,0.9454290245375436
dist_ma50 q2 & frog q1,-0.00024016504167315083,-0.040020343055338733,-1.3464590216296342,rejected,0.050407675482394464,0.17815452742051005
log_dv q4 & mom_12_1 q3,-0.0012056685352887203,-1.3689860659566102,-0.015901992294740777,rejected,0.0029387492932461214,0.9873125805826677
ev_agreement q4 & vol_surge1 q4,-0.0004946316707781558,-0.9725793525426673,-0.4065457098895211,rejected,0.018986992240482534,0.6843416782439785
days_since_earn q2 & r120 q4,0.0005962420955913385,0.2879786373673156,1.0839369200039002,rejected,0.06922140945702034,0.2783927684494382
ear_volsurge q1 & max20 q2,-0.0009005536317163783,-1.0679463780724048,0.3038250154548891,rejected,0.0,0.7612612075096229
ind_mom60 q3 & skew60 q2,-0.0010976155798439,-0.8816235605103947,-0.4892417364945554,rejected,0.02474569441772021,0.6246705644926573
r5_nonews q1 & vol_ratio q0,-0.00020844335939192691,0.10411285178796642,-1.2652886582347105,rejected,0.0,0.20576787077560518
close_loc q4 & ind_mom20 q0,0.00037878204468205795,0.968217163365275,-0.39809788718717437,rejected,0.0,0.6905580317395982
ear_volsurge q1 & log_dv q4,-0.0002192592376362817,-0.6344344650973357,0.7306545498592855,rejected,0.0,0.46499018344606874
dist_ma50 q3 & ear_volsurge q3,6.962766615327583e-05,-0.5903463504231904,0.7730730830699938,rejected,0.0,0.4394791299736607
dist_52wh q3 & vol_surge5 q1,0.00037617754476225505,0.17082534572677102,1.1914279755180794,rejected,0.055298683349710276,0.23348561591035155
close_loc q4 & vol20 q3,-0.0002976263018421855,-0.6705728205870959,0.6898473159567364,rejected,0.0,0.49029020979968524
close_loc q0 & vol_ratio q0,-0.0007485693587199895,-0.9035960840374084,-0.45658954692823667,rejected,0.02846947438259524,0.6479660939329279
ev_offering q2 & r5_nonews q4,-0.00084585027057744,-0.5620002187060585,-0.7964921011696505,rejected,0.04912327361693484,0.42574606478323546
frog q1 & vol_ratio q0,2.9341145606460837e-05,0.2980315862473093,-1.0600960987937222,rejected,0.0,0.2891008824399534
ev_red_flag q2 & news5 q4,-0.0008502770624042034,-0.9184393566056944,-0.43952320555742064,rejected,0.024905487613394343,0.6602824713325144
ear_volsurge q2 & vol_ratio q0,-7.770605219085162e-06,0.6792099056796842,-0.6724795382015873,rejected,0.0,0.5012784622119664
gap_today q2 & vol_surge1 q3,-0.0006658624805574152,-0.8070981041078814,0.5383830019669531,rejected,0.0,0.5903126590054373
mom_12_1 q4 & r5_nonews q1,0.00032398269534287746,-0.1666681972340692,1.1778888738337057,rejected,0.0,0.23884091126273152
ind_mom60 q3 & r5 q2,4.951761824754222e-06,-0.5468952795771718,0.7974235278898918,rejected,0.0,0.4252050994090259
atr_pct q0 & skew60 q4,0.00036008052414723195,0.22407086141705568,1.1197431806328402,rejected,0.05255606050205211,0.26282321839225586
dist_ma200 q2 & rel_ind20 q1,-0.0010890418093753317,-1.3221876647876414,0.021620308070034976,rejected,0.0,0.9827508338200736
dist_52wh q3 & gap_today q3,0.00012994864366081067,-0.16975930494827074,1.1738899790110067,rejected,0.0,0.24043909682055362
ear_volsurge q4 & frog q1,0.0004993969123798951,0.5708759141163037,0.7724240019060383,rejected,0.048216763993883374,0.4398633426539678
ear_volsurge q0 & vol20 q3,0.0003003458762758008,0.8072320656805919,-0.533947929019592,rejected,0.0,0.5933775604811768
skew60 q2 & vol_surge1 q1,-0.0006513355344794551,-0.4203687423316234,-0.9207437429489305,rejected,0.041040933088104956,0.35718423251475634
r5 q2 & vol_ratio q3,0.0009048997020289526,0.6906065002400247,0.6490676620107918,rejected,0.038176881320541346,0.5162946428463605
ear q3 & log_dv q4,-0.00012705032395216026,-0.5349869035711002,0.8041231920738259,rejected,0.0,0.4213258317323393
close_loc q4 & ev_shelf q2,-0.0007873717225619751,-0.30734134339921826,-1.0307453154508452,rejected,0.05627754482769565,0.30266026827900694
log_dv q4 & skew60 q4,0.00014232488445359265,-0.2863754312511744,1.051182233337303,rejected,0.0,0.2931749014437114
log_dv q4 & skew60 q0,0.0005894533301575562,0.2969611011639377,1.038055834394892,rejected,0.05764803095579769,0.299244061554237
r120 q4 & skew60 q3,-0.00010737738990429105,-0.5300059725244127,0.7997814207222411,rejected,0.0,0.4238374493796328
log_dv q0 & r20 q1,-0.0002731672346510586,-0.7801499760304144,0.5473103018576365,rejected,0.0,0.5841655674830357
ear q4 & vol_ratio q3,0.0008764285251982296,0.2336583530566074,1.093537009862296,rejected,0.06335145461454102,0.27415808860222224
ind_mom60 q3 & news5 q2,-0.0006984046158404266,-0.27005426173473807,-1.0561937137712858,rejected,0.057312135742186854,0.29087972216584285
days_to_earn q2 & skew60 q4,-0.0003824446546935336,-0.10912287514020902,-1.2167194917892035,rejected,0.05118325182148684,0.22371096032647503
min20 q1 & overnight20 q2,0.0007845713781740062,0.6935166256741878,0.6318279835868895,rejected,0.04042832676846972,0.5274992858744254
gap_today q2 & skew60 q2,0.0007102711284979709,0.37808149953095826,0.9353376965039851,rejected,0.04349260745914481,0.3496142941132582
ear q3 & r5_nonews q1,0.0003565701518410841,1.2700617362378275,0.03905389808713199,rejected,0.005160538267984811,0.9688474169010698
close_loc q3 & log_dv q1,-0.0006976023075835263,-0.5844970433037203,-0.724467755392444,rejected,0.04694070434070081,0.4687786160673194
dist_ma50 q2 & overnight20 q1,0.000934871659445481,0.9200118296299261,0.3862639947782695,rejected,0.01978016277620827,0.6993011632079644
dist_52wh q2 & r60 q4,0.00038293035982806374,-0.18750775136076214,1.1180750604510046,rejected,0.0,0.26353493691379903
ear_volsurge q0 & vol_surge1 q1,-0.0009705856331677034,-1.2035590091211685,0.10133914367097478,rejected,0.0,0.9192812439629594
gap_today q3 & r20 q1,0.0006951540494055198,0.844697725787854,-0.46013245647770007,rejected,0.0,0.6454211487097019
dist_ma50 q1 & overnight20 q2,0.0009715438568513557,0.6418160993149199,0.6590097358886707,rejected,0.036452709677625816,0.5098895167696512
ear_volsurge q0 & ind_mom20 q2,-0.0001393641800787651,0.11030238435318025,-1.1859568749785558,rejected,0.0,0.23563933059856898
r120 q4 & skew60 q2,-0.0005544901773568328,-1.160792888546217,0.1336498211457625,rejected,0.0,0.8936794859806473
frog q1 & vol_ratio q3,-0.0003287195568315404,0.4714640395520434,-0.8229158349333205,rejected,0.0,0.41055585718998583
r5 q2 & vol_ratio q1,0.0004655222604692814,0.1707434038545404,1.1222676114968555,rejected,0.04796114514168684,0.26174867286866793
min20 q2 & r120 q4,0.0008456959092321167,0.5982236580121477,0.6928465530491861,rejected,0.04468773876703509,0.4884058538079504
r5_nonews q1 & skew60 q2,-0.00016459576022435042,0.2590518307488232,-1.0310995838285795,rejected,0.0,0.3024941229545037
close_loc q0 & gap_today q3,0.0007907593991856014,0.3898100578173258,0.8970916403587681,rejected,0.03411099385006446,0.3696700191069278
ear_volsurge q4 & ind_mom60 q2,0.0003703452254126464,0.7223194184597415,0.5638991942641922,rejected,0.026663142090508116,0.5728227384397634
r120 q4 & vol_ratio q1,-0.00033179391428079933,-0.6496147844446609,0.6335782368065929,rejected,0.0,0.5263561074980869
days_since_earn q4 & rel_ind20 q2,-0.00048612395909743085,-0.21451851341699787,-1.066171950597617,rejected,0.061164885251126504,0.2863459192963771
r60 q3 & skew60 q2,-8.293184310507298e-05,0.2523675220626374,-1.027004554464619,rejected,0.0,0.304418319489131
ev_agreement q2 & r5 q2,0.0002864846159122759,-0.08365633646759697,1.1952609988804637,rejected,0.0,0.23198507259038076
dist_ma50 q3 & vol_surge1 q1,0.0006899028992341538,0.7009876616758415,0.5767736778692784,rejected,0.03405126237474765,0.5640923531769375
ind_mom60 q2 & vol_ratio q3,0.0005413475996560569,-0.09194664004989404,1.1853692928005908,rejected,0.0,0.23587146726845795
max20 q2 & vol_surge1 q4,-0.00044134143562275487,-0.34431795998060477,-0.9310749110895992,rejected,0.04148005499404734,0.3518148155448052
days_to_earn q4 & ear_volsurge q1,-0.00047795717085475427,-1.0427215084859032,-0.23210402381923742,rejected,0.011848297934525302,0.8164572196583268
gap_today q3 & skew60 q2,0.00010397657409702748,0.7129215238701081,-0.5615128074131556,rejected,0.0,0.5744480018605753
ear q0 & min20 q2,0.00021185741426846445,0.4217802952662832,-0.8511407317667377,rejected,0.0,0.39469118137605197
ear q4 & log_dv q1,0.0008070462615991628,0.9806646736056128,0.29115845604325574,rejected,0.01661702270890799,0.7709301340210023
r5 q2 & skew60 q4,0.00032377154972756657,-0.18887103386392687,1.0814915924050112,rejected,0.0,0.27947849860078117
ear_volsurge q3 & vol20 q2,0.0007750969576513947,0.5702500988513467,0.6953161549800914,rejected,0.04173015836651571,0.4868571922781161
overnight20 q4 & skew60 q4,-1.4826131633147203e-05,-0.6091668807823187,0.6538019837977483,rejected,0.0,0.513239388246517
ind_mom20 q2 & vol_ratio q0,0.0002218478639134771,0.3846915420851072,-0.8779949604643437,rejected,0.0,0.3799464535851393
ind_mom20 q2 & skew60 q2,0.0005006011201975102,0.5140110427636553,0.7465923536093552,rejected,0.045371213686388724,0.4553096653954253
frog q0 & r1 q0,0.0006661599278811752,0.9512313941040292,0.30672735688452474,rejected,0.020007309846807347,0.7590509050738801
r1 q2 & skew60 q2,-0.0007644127931359129,-0.7509788251395907,-0.5049768015067453,rejected,0.025795597571648506,0.6135751298537778
close_loc q4 & overnight20 q4,-0.00029777913434590584,0.017821937068991548,-1.2365545690162265,rejected,0.0,0.2162524950594311
mom_12_1 q3 & overnight20 q4,-0.0010536396374034986,-1.236125202620961,-0.01679980628743658,rejected,0.0023293206826607597,0.9865963244360995
dist_ma50 q3 & vol_ratio q1,0.0008974709365515851,1.1144678016366132,0.1361824201433224,rejected,0.00898147171329818,0.8916770723818084
frog q4 & ind_mom60 q3,-0.0005352553967066258,-1.0217567649877275,0.22807007399551982,rejected,0.0,0.8195917645119629
ear q3 & vol_ratio q4,0.0008656697758958422,0.5215188008035205,0.7278459842423824,rejected,0.044758926822057614,0.466707871812499
intraday20 q1 & max20 q1,0.0008787076932868341,1.1486196928510732,-0.09920371948358689,rejected,0.0,0.920976521708072
ear q3 & vol_ratio q3,-0.0008921790569890918,-1.2223565006392263,0.02083867417875434,rejected,0.0,0.9833743468964681
ins_buyers30 q2 & r60 q3,-0.00020599840473425042,0.22637388437621286,-1.0156694170350977,rejected,0.0,0.3097868362783156
dist_ma200 q1 & vol20 q1,-0.0006712141977994558,-0.2778367587483968,-0.9636847035665966,rejected,0.04511178838590094,0.33520402557461043
r60 q3 & vol20 q3,0.0003193565813844797,1.074288931815432,-0.1637846842514684,rejected,0.0,0.8699006490515686
log_dv q1 & max20 q1,-0.00012708133800702794,-0.6975324926937756,0.5392381357252716,rejected,0.0,0.5897225495069357
frog q1 & mom_12_1 q3,-0.0007752791392396294,-0.39125942868003094,-0.8449969996644583,rejected,0.04577998120533085,0.39811251422483007
ear_volsurge q1 & r20 q1,-0.00043054345588826955,-0.841819232845066,0.3944196634318307,rejected,0.0,0.6932712286846239
r5 q2 & skew60 q0,-0.0008077592701145846,-0.9390791581498885,0.29506405862290297,rejected,0.0,0.7679449450761294
ear_volsurge q4 & r5_nonews q4,0.00047068960128572563,0.19768687353671,1.0295794940282734,rejected,0.05229789839449397,0.3032074454041957
ind_mom60 q2 & vol_ratio q0,-0.0005197429928327163,-0.5981812475439701,-0.627435326627875,rejected,0.03956696789323665,0.5303739171826283
ear_volsurge q4 & vol_ratio q0,0.0004350109885168436,0.131063969490427,1.0936968330107182,rejected,0.058420148895796345,0.2740879637298604
log_dv q4 & skew60 q1,0.00015355748663501936,-0.3287228316130322,0.8954876425143807,rejected,0.0,0.37052646873966744
ear_volsurge q1 & ind_mom60 q3,-0.0011068538258144321,-1.112722737458676,0.10845614294793728,rejected,0.0,0.9136338680955014
ear q4 & news5 q1,-0.0014288645390497243,-1.0708234400009187,-0.147962202474832,rejected,0.0059770721018263615,0.8823725978984264
dist_ma200 q1 & ear_volsurge q2,-0.00023921120111569576,0.25375541412974956,-0.9588767674355356,rejected,0.0,0.33762082994939513
dist_ma50 q0 & frog q0,-0.00042090312915095857,-0.8981529369137049,-0.3083572686734771,rejected,0.019186693335890587,0.7578104934165947
range_compress q1 & skew60 q0,0.00016696333132309755,0.35854129553862985,-0.8478870765823813,rejected,0.0,0.3965008624443209
frog q4 & r5_nonews q1,0.0008219001029067011,0.8061231283631457,0.3988907996589525,rejected,0.017996024610799178,0.6899736686058661
log_dv q4 & r60 q3,0.00035125173732595264,0.07998755100728955,1.1218428522973614,rejected,0.0455701613648996,0.26192926247643605
skew60 q2 & vol_ratio q0,-0.0005976761536714945,-0.028504215345413777,-1.1733259000966174,rejected,0.04887581113744021,0.2406651397682576
frog q1 & r5 q2,-0.0005873869758959539,-0.532832670157999,-0.6673374397276922,rejected,0.04002669619337581,0.5045566166995633
gap_today q3 & max20 q1,-0.0003734849423432794,-0.7298773378725179,0.4689171638356451,rejected,0.0,0.6391288473129069
overnight20 q4 & rel_ind60 q4,-0.0010069752257232248,-1.0182613355725123,-0.17854222762601524,rejected,0.009125044090701036,0.8582971610603133
days_since_earn q2 & vol_ratio q0,-8.175215713595408e-05,0.1719247625709819,-1.0218319894789056,rejected,0.0,0.30686042601895025
ear_volsurge q0 & vol_ratio q1,-0.00039776181800996375,-1.0649662088013814,0.1276666980326308,rejected,0.0,0.8984127455041919
gap_today q2 & vol_ratio q0,-0.0004160788516867873,-0.9674246441345072,0.21187048928895136,rejected,0.0,0.8322080740681446
r5 q2 & vol_surge1 q3,-0.0007079383796524831,-1.0366526116932289,0.13969061260728072,rejected,0.0,0.888904443734576
gap_today q2 & vol_surge1 q1,0.00042790579971895384,0.047915089073099874,1.1259059163627327,rejected,0.04348757636136848,0.2602053448384224
ear_volsurge q2 & ind_mom20 q2,0.0009420889662655885,0.8157899245853957,0.35470041814784503,rejected,0.017380372428254336,0.7228140376458638
ev_offering q2 & r60 q3,-0.000553045375719407,-0.07012217910951371,-1.0989305111276904,rejected,0.05419403749801665,0.2717983769684601
dist_52wh q4 & ear_volsurge q2,-0.0006423920300210255,-0.6225858394171001,-0.5428614989247782,rejected,0.028026445829824963,0.5872251663081092
days_since_earn q4 & ev_offering q2,-0.0009877341118632458,-0.6282944164691838,-0.5338676169408966,rejected,0.030380672095122352,0.5934331280602729
dist_ma200 q1 & vol_surge5 q3,-0.0008042203089477583,-0.9487056460274621,-0.21083529419052632,rejected,0.015270424787730634,0.8330157967395162
r120 q4 & vol_ratio q0,0.0006351517885802146,0.2861003068196868,0.8725858944359434,rejected,0.033789690557932614,0.3828888316971253
overnight20 q4 & vol20 q3,0.0003693226517498788,1.01581966228158,-0.14041067441391403,rejected,0.0,0.8883355244406215
r5_nonews q4 & vol_surge5 q0,-0.000469168282249619,-0.3174632048854902,-0.8385824517996591,rejected,0.04697230479533369,0.4017036613727171
overnight20 q4 & vol_ratio q3,-0.0003995646538944581,0.1525319365303398,-1.0024253961839302,rejected,0.0,0.3161381815218508
min20 q2 & vol_ratio q1,0.0007616638603267586,1.0582121681266747,0.09362589468641196,rejected,0.007061460359989762,0.9254063389769828
max20 q4 & range_compress q3,0.0002880311264869367,0.6990931754902022,-0.4525937323377259,rejected,0.0,0.6508413128059277
close_loc q0 & skew60 q2,-0.0005163607441797736,-0.8199125188429981,0.33103677472471754,rejected,0.0,0.740616707871453
atr_pct q4 & min20 q2,0.00033496658573246456,0.5137902084258424,0.6317704353976419,rejected,0.03713439361363101,0.5275368949802554
log_dv q4 & overnight20 q4,0.0007681229458102063,0.8693512349908696,0.27312964355006236,rejected,0.012584070374519137,0.7847535604753524
skew60 q4 & vol_ratio q1,0.0004918163779193165,0.14785466031048705,0.991653062388728,rejected,0.04280014624971167,0.3213667951807305
ear_volsurge q3 & frog q1,0.0005524928521249794,0.41314719305022024,0.7246079249410919,rejected,0.041839698838912406,0.4686925957206297
days_to_earn q3 & max20 q4,3.0744426093113863e-06,0.5252373964666823,-0.6116429868008997,rejected,0.0,0.5407739905679978
close_loc q0 & days_since_earn q2,-3.811404036603066e-05,-0.3226846225802581,0.8091686774057819,rejected,0.0,0.4184181291040323
dist_ma50 q2 & vol_surge1 q1,0.0005970273487259537,0.7467700586787634,-0.38335504599830145,rejected,0.0,0.7014565300457376
mom_12_1 q3 & r20 q0,0.0004936777698691349,0.5830298984820925,0.5466769537330447,rejected,0.026545495661162818,0.5846006900924301
atr_pct q3 & days_to_earn q4,0.0009778883257540946,0.8741144824125147,0.253406595995228,rejected,0.01078852403351085,0.7999540311023846
ear_volsurge q3 & vol_ratio q3,0.00034885105739408483,0.10319094884986596,1.0232506783621527,rejected,0.04828014288872184,0.30618933708755247
atr_pct q3 & ear_volsurge q0,0.00031758434873413715,0.9453520580556384,-0.17562601369594233,rejected,0.0,0.8605877640264646
log_dv q4 & max20 q1,-0.0005915903676605559,-0.7553770115271278,0.3635131893640325,rejected,0.0,0.7162215621362701
ear_volsurge q2 & r20 q1,0.0006526879859130694,1.0492716890056297,-0.0639513240655486,rejected,0.0,0.9490089851879543
r60 q4 & range_compress q1,8.049130636038319e-05,0.7438379569145204,-0.367962715659344,rejected,0.0,0.712901035326974
atr_pct q2 & ind_mom60 q4,0.0005240009925074706,0.5290554799786659,0.5806026373862037,rejected,0.03187594045743509,0.5615082943568629
ear_volsurge q0 & ev_offering q2,-0.0005576896252453965,-0.1134782011606384,-0.9936963461666539,rejected,0.041996634226965916,0.32037072213071005
atr_pct q3 & overnight20 q2,0.0004433587514367387,0.467821978669511,0.6387342038151934,rejected,0.03254586072337804,0.5229958577330336
dist_ma50 q3 & r5_nonews q1,-0.0006651099678669797,-0.8114492956477416,0.2946905799509902,rejected,0.0,0.7682302599026268
days_since_earn q0 & ear_volsurge q3,0.000366772918484538,-0.1413152417284744,0.9641421548583634,rejected,0.0,0.334974660600055
dist_ma50 q2 & mom_12_1 q2,-0.000892064310510998,-0.9966241617366701,-0.10552796261784382,rejected,0.006709335530601581,0.9159568829001823
ear_volsurge q3 & mom_12_1 q3,0.0006820748463853122,0.9602389834901212,0.14110798983676986,rejected,0.006737048130913695,0.8877846318335545
mom_12_1 q3 & vol_ratio q0,-0.000499200860043573,-0.3939304945449572,-0.7017528565708826,rejected,0.03599335330708485,0.48283330359532395
earn_in_week q4 & overnight20 q3,-0.0002734702416691154,-0.22934474378449596,-0.8639000778698845,rejected,0.03454197689634119,0.3876427840559987
ear_volsurge q0 & skew60 q4,0.0002041145481708283,0.7353761889586468,0.3573766472958179,rejected,0.018977905743705975,0.7208098567676282
min20 q2 & overnight20 q4,-0.0004348141361113002,-0.4428677265992158,-0.6433409511234168,rejected,0.03173513501307978,0.5200028896243163
days_since_earn q2 & dist_ma50 q2,-0.0005130678794639,-0.5279622734586548,-0.553831970414663,rejected,0.025632025180845116,0.5796938463240888
log_dv q1 & r5 q2,-0.00038316755823027034,-0.8439110245049715,0.237132174121191,rejected,0.0,0.8125542527524889
ear_volsurge q0 & r5 q2,-0.0006257093888058898,0.035574160772577475,-1.045212604235059,rejected,0.0,0.2959247193074228
r120 q4 & r20 q3,-0.0004286949020350932,-0.7554761966258665,0.32352417252744436,rejected,0.0,0.7462983039715889
range_compress q1 & vol_surge5 q4,-0.0006664192245538149,-0.8659319218352665,-0.21179036814975882,rejected,0.013807871045518779,0.8322705831784564
dist_ma200 q1 & r5 q2,-0.0002999747129189272,-0.6694733951043867,0.4027991169620201,rejected,0.0,0.6870960108128404
dist_ma50 q3 & ind_mom60 q3,0.0005083960882173388,0.7268928078604937,0.3453289803502878,rejected,0.01400271561720333,0.7298470620191624
close_loc q1 & dist_ma50 q4,-0.0007058543952119666,-0.9680374021185234,0.10127559237115201,rejected,0.0,0.9193316910248346
earn_in_week q4 & vol20 q3,0.00011320890480001676,0.9284375488430403,0.13675895009096814,rejected,0.007473235739600972,0.8912213317783814
r60 q3 & vol_surge1 q1,-0.0009255882542031516,-0.945905844748412,-0.11790216489990528,rejected,0.004089108324016956,0.9061451778724458
close_loc q3 & vol_surge1 q3,-0.0004643873209640798,-0.7746035743736226,0.2880750502485343,rejected,0.0,0.7732892904650094
r1 q1 & r5_news q4,-0.00017426246410135748,0.6921131339737757,-0.3639702009565661,rejected,0.0,0.7158802616138555
rel_ind60 q4 & vol_ratio q1,-0.0002678450027217579,0.19813038766560895,-0.8564612552110766,rejected,0.0,0.39174269498839215
days_since_earn q2 & ind_mom60 q2,-0.00015904877952859533,-0.46644895789663204,0.5866399958452819,rejected,0.0,0.557445515039279
earn_in_week q4 & ind_mom20 q2,0.00048117598881609495,0.631316414344171,0.4153436780928435,rejected,0.016317267594959634,0.6778903308652773
days_to_earn q4 & gap_today q4,0.0004330957826010038,0.7835694159716722,-0.2612403293632937,rejected,0.0,0.7939071792785399
min20 q1 & r5_nonews q1,0.0004909569174973697,0.37940351788329707,0.664254738570487,rejected,0.03613591822768842,0.5065272844057889
ev_agreement q2 & vol_ratio q0,-0.00040622594760947886,0.05315993226454829,-0.9878499941663499,rejected,0.0,0.32322611876847784
days_to_earn q4 & vol_ratio q1,4.8642895178586076e-05,-0.3071838546132393,0.7313060343447083,rejected,0.0,0.4645922454803711
frog q4 & min20 q2,0.0006375623073438932,0.7106454777941202,0.3270269770823587,rejected,0.011681754927573737,0.7436474812853469
ear q2 & min20 q0,-0.00025166906066083344,-0.030538689168943565,-0.9978469035195855,rejected,0.04245373791918045,0.3183536022265
dist_ma50 q4 & r5_nonews q0,0.0003026329210137436,0.12434774538895536,0.9023079357360854,rejected,0.02962889596521318,0.3668933111741819
dist_ma200 q1 & ind_mom60 q1,-0.0002538550513643908,0.06866027430163792,-0.9529313492999361,rejected,0.0,0.3406248550740146
close_loc q3 & frog q1,0.000424384832537948,0.6178458352608318,0.40254119203439515,rejected,0.018130929295512455,0.6872857794408438
atr_pct q3 & ear_volsurge q2,0.00021166759138885807,-0.05287004826412676,0.9568868228636542,rejected,0.0,0.3386243828982399
r5 q2 & vol_ratio q0,-0.0004823759341284333,-0.7262415805476744,0.28202866559846973,rejected,0.0,0.777921530138505
days_since_earn q2 & dist_ma200 q1,-0.00037044388639952895,-0.5710183014102094,0.43472981688193235,rejected,0.0,0.6637585529545769
atr_pct q3 & gap_today q4,0.0007644656555117603,0.9276931250557588,0.07719339113490963,rejected,0.007083103579571101,0.9384696990710469
days_to_earn q3 & min20 q1,-0.0007342247521565266,-0.9692176790478745,-0.031745210852863866,rejected,0.004941303383003643,0.9746752399924805
frog q4 & skew60 q1,-5.549521771290598e-05,-0.20615264647241643,0.7886975621693396,rejected,0.0,0.43028879310238366
dist_ma50 q2 & ear_volsurge q1,0.000626207497334532,0.4532432855851599,0.5371525145350018,rejected,0.026368879949456348,0.5911622687989371
atr_pct q1 & dist_ma200 q0,-0.0003046617215907574,-0.6767587229059707,0.313575721759537,rejected,0.0,0.7538433013512051
min20 q2 & skew60 q2,0.0008139524489227865,0.7581407110401207,0.23123236029195038,rejected,0.011315397911676081,0.8171342912583293
skew60 q3 & vol_ratio q2,0.00044328392994457853,0.2854656646228881,0.7038278529220983,rejected,0.032213304973707536,0.481539985852429
frog q1 & min20 q1,0.0001517536421611112,0.1291080202028713,0.8596862501696229,rejected,0.03553778656757796,0.3899620161926163
days_since_earn q2 & vol_surge1 q1,-0.0005681811261169289,-0.17858141133364,-0.80855412431646,rejected,0.04185741489338602,0.41877166166050955
days_to_earn q4 & ear_volsurge q0,0.0003975037836557129,0.6884903724237093,-0.2910933862698331,rejected,0.0,0.7709798980108804
vol20 q1 & vol_surge5 q0,-0.00043677384389206555,-0.4906064212970385,-0.4863630657674268,rejected,0.023136915896100972,0.6267097723505237
ear_volsurge q0 & min20 q1,0.00015687589546936742,0.7504228627225532,-0.21638507770217033,rejected,0.0,0.8286875970178392
gap_today q3 & r5_nonews q1,-0.00015234747370927655,0.11881941971172857,-0.8467543617147906,rejected,0.0,0.39713205122806855
days_to_earn q3 & vol_ratio q0,0.0005556705804713852,0.8688468530915288,-0.09638224575255785,rejected,0.0,0.9232169923083351
days_to_earn q3 & frog q4,-0.000683721669749193,-0.8185712488816919,-0.14557506042096147,rejected,0.005407297098678482,0.8842568571176264
overnight20 q4 & r60 q3,7.688824480170687e-05,0.36046539375085723,-0.596821164513701,rejected,0.0,0.5506267859371013
ear_volsurge q3 & log_dv q1,0.00040246118833098824,0.536341855043739,0.4196368723459642,rejected,0.017788732562808864,0.674750747875474
days_to_earn q2 & ind_mom20 q2,0.0008038523935711189,0.9063656362463174,-0.04778022863809683,rejected,0.0,0.9618913938180752
gap_today q2 & min20 q1,0.0003789478519052398,-0.07537114524722258,0.8765583920170831,rejected,0.0,0.3807265472301033
r20 q0 & vol_surge1 q0,0.000497118646905719,0.762714014375954,0.18681907255609187,rejected,0.008126947478465728,0.8518024924475428
dist_ma50 q1 & vol_surge1 q0,0.0003777899188183246,0.36982122521925825,0.5789813168356861,rejected,0.030315172297212537,0.5626017797226248
gap_today q3 & rel_ind60 q4,0.0005524161124669371,0.5310543025251625,0.41495645355069555,rejected,0.016626733764944855,0.6781737816730764
days_to_earn q3 & overnight20 q4,0.000710123394949776,0.6226463481393615,0.3216457966380683,rejected,0.011961068723623876,0.7477210452584759
close_loc q0 & ind_mom60 q3,-0.00027456386330012395,-0.5428307010171434,0.3956774813297532,rejected,0.0,0.6923429698820351
ear q3 & log_dv q1,0.0005994564927725027,0.6223341302534839,0.3128903853646876,rejected,0.017230598504196476,0.7543639424642525
days_to_earn q4 & r5 q2,0.00039396590269518,0.32177763863902636,0.6124777140739898,rejected,0.0361699454394416,0.5402217384125312
news5 q1 & vol_ratio q1,0.0003566497698831567,0.2987748939155123,0.6349743636429547,rejected,0.030421058975555818,0.5254451351690841
ev_red_flag q2 & ins_officer30 q4,7.950757799504853e-05,-0.21093017839645326,0.7203922107980819,rejected,0.0,0.471283544481078
ear_volsurge q1 & r5_nonews q1,0.00039885919893705243,0.38783181072644624,0.543367780341724,rejected,0.02383666012721785,0.5868766048522462
max20 q1 & vol_ratio q0,0.0004984843954510021,0.90918571639153,0.019951629627451055,rejected,0.0032912865328532798,0.9840819588402795
ind_mom20 q0 & max20 q1,0.00036577237987227106,0.7589130511079141,-0.16831670560110742,rejected,0.0,0.8663341321827241
r5_nonews q4 & vol_surge1 q2,0.0003327668398457063,0.6872048509004253,-0.23996914510974796,rejected,0.0,0.8103541764292087
ear_volsurge q2 & mom_12_1 q3,0.0005273357960902933,0.003155974626732091,0.918774571905217,rejected,0.030320800546460924,0.3582134953301958
log_dv q1 & r120 q4,0.0003425833996891258,0.14992135582535454,0.7697996452282934,rejected,0.036977428432928214,0.4414187502013838
dist_ma200 q1 & log_dv q4,-0.00040542099379645754,-0.4883735279991222,0.427066762688115,rejected,0.0,0.6693307009210372
ind_mom60 q2 & r60 q3,-0.0006286227771321471,-0.678584503536113,-0.22778414935718388,rejected,0.013333405759784154,0.8198140497768095
dist_52wh q2 & r1 q1,-0.0005658176319348477,-0.17900651462839698,-0.7244887027792946,rejected,0.036693520772925155,0.46876576035564266
vol20 q2 & vol_surge1 q3,-0.00023625356007929787,-0.5240706887682234,0.37361519315006836,rejected,0.0,0.7086906287474454
days_to_earn q4 & rel_ind20 q3,0.00048681316386540714,0.2437830409829225,0.6532089783497066,rejected,0.03219273026614422,0.5136215628258902
ind_mom20 q1 & max20 q3,0.0004279465809034225,0.5827857672304553,0.3091518751939471,rejected,0.016508836660868213,0.7572059998786774
days_to_earn q2 & frog q4,0.0002689638967929007,0.022504447860029028,0.8654988176284976,rejected,0.030457601880503594,0.3867650646143595
days_to_earn q4 & vol_ratio q0,-0.00033235454847291914,-0.08802825600924706,-0.7962452104970279,rejected,0.03736441204028831,0.42588952428046817
log_dv q4 & skew60 q2,0.0005264705621070161,0.3876149172100305,0.4866751497113359,rejected,0.02137808985775409,0.626488558379948
days_to_earn q4 & gap_today q3,0.00044996149431340474,0.5995786449594573,-0.2746345787811283,rejected,0.0,0.7835969974288793
dist_ma50 q3 & ev_agreement q4,0.0005965592658031164,0.7475023330698021,-0.12520271984827952,rejected,0.0,0.9003630640625602
dist_ma200 q0 & gap_today q1,0.00024381778971048203,0.812330689013804,0.05760297920720408,rejected,0.0014572348120884967,0.9540648765513824
ear_volsurge q4 & skew60 q3,-6.784446811111089e-05,-0.2164204202945554,0.6503928628063416,rejected,0.0,0.5154384863614773
ins_opportunistic30 q2 & range_compress q2,-0.0004913321460349707,-0.13817669912627373,-0.72549869530493,rejected,0.035258642907953934,0.4681461449916825
ear q4 & intraday20 q0,-0.00010677064391288461,0.16264220981828775,-0.6985371319460667,rejected,0.0,0.48484134464009765
atr_pct q2 & rel_ind20 q0,-0.0003202975266816535,0.15415882539984896,-0.7050992849456585,rejected,0.0,0.4807484515037905
ear q4 & vol_ratio q1,0.0006657100164434804,0.6863735531208475,-0.16646587433574872,rejected,0.0,0.8677903367762589
close_loc q3 & vol_ratio q0,-0.000131686653529937,-0.10021359144554844,-0.752609360060722,rejected,0.03545269418652179,0.45168469133469547
ear_volsurge q3 & skew60 q4,0.00011760549130924727,-0.22927759436735065,0.6232719655751909,rejected,0.0,0.5331058171056388
min20 q0 & rel_ind60 q3,-0.00025353182538394233,-0.13090900564197802,-0.7179002517181116,rejected,0.033104461630811606,0.4728187926655925
dist_ma200 q1 & ear_volsurge q3,0.00041169532987387865,0.31333167764490916,0.5295398548570648,rejected,0.026004660134852566,0.5964310046206551
overnight20 q4 & skew60 q2,-6.356842011922749e-05,0.14974387612622786,-0.6881923638347341,rejected,0.0,0.4913316520135743
overnight20 q4 & r5_nonews q1,0.0004166954873687146,0.7304760812856822,-0.10704503178270278,rejected,0.0,0.9147532547722804
frog q4 & log_dv q1,2.9850035633187936e-05,-0.21660542542918249,0.6128749740053466,rejected,0.0,0.5399590119834091
ear_volsurge q0 & r5_nonews q1,0.00017197138413589972,-0.030193942236021065,0.791468294741595,rejected,0.0,0.4286707705418789
days_since_earn q2 & mom_12_1 q3,-0.00020088266266397143,-0.47142872955447196,0.3426924999909608,rejected,0.0,0.7318298055906656
close_loc q2 & earn_in_week q4,-0.00021405091666272747,-0.7078339680801123,-0.10617321662916476,rejected,0.006127418038492539,0.9154449208447487
gap_today q4 & min20 q1,-0.00028360585941458055,-0.07678749192229725,-0.735139662376373,rejected,0.033944392361929324,0.462254441279552
frog q1 & vol20 q3,0.0005308756390046778,0.7121769269542365,0.09965581002292068,rejected,0.007165248411773223,0.9206175843196034
ind_mom20 q1 & min20 q2,0.00036083181761253214,0.10491041962169365,0.6945226473778273,rejected,0.032532009949824844,0.4873545031201673
frog q1 & rel_ind60 q4,0.0004993881471843194,0.6865322736298825,-0.0964862690119303,rejected,0.0,0.9231343787851679
skew60 q0 & vol_surge1 q1,0.00037254179762439784,0.13164138252290974,0.6501120442437959,rejected,0.027456802259319513,0.5156198498596735
ev_agreement q2 & vol_ratio q4,3.7370608815758335e-05,-0.2878779487740545,0.48990930239280817,rejected,0.0,0.6241980801316477
ear_volsurge q2 & min20 q2,0.0005441598445307173,0.7064981498021835,0.06784170672489075,rejected,0.005325134764516908,0.9459116430561433
ear_volsurge q2 & r120 q2,0.0004999100655373428,-0.051599137544316644,0.7218609626322305,rejected,0.0,0.4703799641167623
ind_mom20 q2 & log_dv q4,0.00015285346297094502,-0.16959893590917174,0.6013653028470185,rejected,0.0,0.5475967033716286
close_loc q0 & overnight20 q4,-0.0004256374109759957,-0.6306702311946096,-0.13826971710871472,rejected,0.006207691256113096,0.8900272578391443
atr_pct q3 & overnight20 q4,-0.00044276009197534194,0.06714169931213036,-0.7001792561472043,rejected,0.0,0.48381536459587016
dist_ma50 q0 & vol_ratio q4,-0.00036080681396603355,-0.3680841044323031,-0.3988116566793323,rejected,0.015140452111069609,0.6900319873516245
max20 q3 & r5_nonews q0,0.00011774171489107945,0.37345943457578534,-0.385627240452281,rejected,0.0,0.6997727558332025
close_loc q3 & ear_volsurge q3,0.0003651782733563482,0.26995362053505473,0.4854144847064087,rejected,0.02085802718031845,0.6273823596496079
ear_volsurge q2 & r5_nonews q1,-0.0005487401196999995,-0.316534975327039,-0.4298951765907348,rejected,0.015824147552318493,0.6672718943084563
close_loc q2 & log_dv q2,-0.0003805641605223957,-0.5633198431315565,0.18090779070626742,rejected,0.0,0.8564399536545131
ear_volsurge q3 & vol_ratio q0,-0.0003878314217064352,-0.7315441943254576,-0.010931781820505852,rejected,0.0022568258521713856,0.9912778737849816
ind_mom20 q2 & r5 q2,-1.6947162510864346e-05,0.07818771170316932,-0.6625739700397935,rejected,0.0,0.5076034457797158
ear_volsurge q4 & r5_nonews q1,0.00013723957992781247,0.06432857309508214,0.6758110835066938,rejected,0.03193365625738159,0.4991605968071113
dist_ma200 q1 & ear_volsurge q1,-0.000423227946611588,0.0470508776178414,-0.689540891094289,rejected,0.0,0.49048294982184926
log_dv q2 & rel_ind20 q1,0.0004039633001680248,0.5097635674422651,-0.22490996779919337,rejected,0.0,0.8220493147640504
r1 q2 & r5 q1,-0.0003093160544594624,-0.5090954117332089,0.22273497088854477,rejected,0.0,0.8237417821491674
gap_today q4 & r5_nonews q1,8.706489586183864e-05,-0.2177803170408631,0.5137000829806456,rejected,0.0,0.607461693939892
days_to_earn q2 & r120 q4,0.00012409215927034224,0.21686812319665272,-0.5144954439260419,rejected,0.0,0.6069056449488495
ind_mom20 q2 & vol_surge1 q1,-0.0004392489461821377,-0.48892465671412527,-0.23985891048435506,rejected,0.009397019887887957,0.8104396357368727
r5_nonews q3 & vol_surge5 q4,-0.00023303728454705726,-0.497033318480132,0.22294462540549792,rejected,0.0,0.8235786042720619
min20 q1 & overnight20 q4,0.0003225849236061237,0.07879940034584615,0.639633172581851,rejected,0.02498041211192822,0.5224111108790398
rel_ind20 q1 & vol_ratio q4,-0.00034179303615806484,-0.40362143553603586,-0.31000572747673266,rejected,0.015767103259922123,0.7565566008846282
dist_ma200 q4 & frog q1,0.0003288420388507385,0.5816146274246383,-0.1289217087423493,rejected,0.0,0.8974195989239713
ear_volsurge q4 & r60 q3,4.64917351436915e-05,-0.17383266751159723,0.5365184461878628,rejected,0.0,0.5916002908353821
ind_mom60 q3 & vol_ratio q3,-3.8531314161795104e-05,0.2958034153725297,-0.4036575150597899,rejected,0.0,0.686464585251104
ev_agreement q2 & vol_surge1 q1,-0.0004050112223477121,-0.19021488749086998,-0.4941026424222095,rejected,0.01974853460349964,0.6212336918055975
days_to_earn q3 & skew60 q2,0.00033589581204781686,0.4250204172851644,0.2529439840235861,rejected,0.00880626334104366,0.8003115000161218
days_to_earn q2 & gap_today q0,0.00014307422470717353,0.5395791021592542,0.13238183861025277,rejected,0.007531194889524491,0.8946822789324035
gap_today q2 & r5_nonews q1,0.0003217020655695969,0.028199878043741498,0.631085394278964,rejected,0.02769293536284172,0.5279846905870642
ev_offering q2 & rel_ind20 q3,0.00034646293604673884,0.13715903377661914,0.518093762169331,rejected,0.02014855751130011,0.6043928522220712
log_dv q4 & r5_nonews q4,0.0002188062372852122,0.1951745017614641,0.4577795208684284,rejected,0.020188251457377432,0.6471108502492013
atr_pct q1 & r5_nonews q4,-0.0003330995500951922,-0.6173291966752051,-0.03561520852997017,rejected,0.004542601840782507,0.9715891813621398
r5 q2 & rel_ind20 q4,0.0003178490669492116,0.1328606134933208,0.5184873379284565,rejected,0.019214867756652997,0.6041182922619115
atr_pct q3 & frog q4,0.00043841194753731954,0.4946476999225288,0.15575760726365212,rejected,0.008896437332505794,0.8762240872049223
dist_52wh q3 & vol_surge1 q3,-0.0005042831148213996,-0.58640035638487,0.06229784266497436,rejected,0.0,0.9503256464457558
rel_ind60 q4 & skew60 q2,-3.7398261583837555e-05,0.2225835839397585,-0.41945237001055063,rejected,0.0,0.6748855572746773
dist_ma200 q1 & max20 q2,0.0004518232466242231,0.46991277216235844,-0.16279323482510755,rejected,0.0,0.8706812350399623
ins_buyers30 q2 & rel_ind20 q1,0.0005183021191162709,0.3167782719574623,0.31487294607131555,rejected,0.012603086112169318,0.7528581234510663
close_loc q4 & log_dv q4,7.11935890696145e-05,0.30968552588052256,-0.309788392703596,rejected,0.0,0.7567218789747258
r20 q1 & vol_surge1 q1,-0.00022384670266960199,-0.14589281970595436,-0.4695191885044924,rejected,0.020389623711380277,0.638698572454631
gap_today q0 & r120 q3,-0.00021229292904974753,-0.3804494060025607,-0.22880828942485082,rejected,0.010641442097549818,0.819017923665083
min20 q1 & vol_ratio q0,-0.00021553982049489221,-0.2481425940578756,-0.35532411286990023,rejected,0.013169846922863186,0.7223467930875629
news5 q4 & vol20 q4,-0.00017227243542015277,-0.12649842012027843,-0.476694108856117,rejected,0.019945234150713594,0.6335799584881023
ind_mom20 q2 & r5_nonews q1,-0.00022841080503719296,-0.2944646659875581,0.3086323876250174,rejected,0.0,0.7576011810590007
earn_in_week q4 & r5 q1,-0.0001589040491788182,-0.5854467523347294,0.01156939302015582,rejected,0.0,0.9907691658576567
ind_mom20 q3 & mom_12_1 q2,0.0002193590015718641,0.4016333823784589,-0.19373375186033856,rejected,0.0,0.846384362336418
ear_volsurge q1 & skew60 q2,-0.00022785468768644708,-0.1845615212932144,-0.4050871751548786,rejected,0.01340972224214007,0.6854134331522496
frog q0 & skew60 q3,0.00023020174177595717,0.4645855706264692,-0.11789021434621,rejected,0.0,0.9061546469974205
skew60 q0 & vol_ratio q0,0.0004018990737138218,0.47737869586143133,0.10110905565653576,rejected,0.006053734324453939,0.9194638895136508
mom_12_1 q3 & vol_surge1 q1,-0.0002912441286840852,-0.5466842895382966,-0.02437382971082938,rejected,0.003518519289658722,0.9805544229881362
days_to_earn q2 & overnight20 q2,0.00025990671179312066,-0.06588291252000354,0.49951138693193137,rejected,0.0,0.6174191669071646
r20 q4 & rel_ind60 q2,0.00018880476681321608,0.4827277833272769,-0.08254138902613369,rejected,0.0,0.9342162069198473
gap_today q3 & r5 q2,0.0001862976436382052,0.23497785222217385,-0.3302581082972229,rejected,0.0,0.7412049434477879
skew60 q1 & vol_surge1 q1,-0.00020822959283685734,-0.4582587469677995,0.10546088981715823,rejected,0.0,0.9160101022855762
overnight20 q0 & r5_news q2,0.00035157878434748693,0.39421542004978827,0.1646033402904259,rejected,0.00605460947479494,0.8692562019114477
mom_12_1 q1 & range_compress q1,0.00011212337854423542,0.24241046909171007,-0.3148282930496409,rejected,0.0,0.7528920285417469
frog q4 & min20 q1,0.0002133136054514183,0.21688502214442354,0.337899573694741,rejected,0.010483228252393569,0.7354388688270292
ind_mom60 q1 & intraday20 q2,8.000036644634634e-05,0.20816574921589143,-0.3378475828631707,rejected,0.0,0.7354780500159398
days_since_earn q2 & r5_nonews q4,0.00014353928780259044,0.3469985151249822,-0.1938425043008222,rejected,0.0,0.8462992045506762
ind_mom20 q3 & log_dv q2,0.000289505685411163,0.21893843271928273,0.31435837160420854,rejected,0.012667845900854739,0.7532488693260835
overnight20 q4 & r5 q2,-0.0002775642723476456,-0.04434454713518894,-0.4818476157553979,rejected,0.01722635195218575,0.6299142011691241
ear q3 & frog q4,0.00012352036240905685,0.2557923897631707,-0.26853582364557665,rejected,0.0,0.7882869038309135
max20 q3 & vol20 q1,-0.000284491525716838,-0.41514956243119344,0.10627377256471802,rejected,0.0,0.9153651401881249
gap_today q3 & ind_mom20 q2,0.00041918391766154067,0.46991949103161346,-0.046150271882257364,rejected,0.0,0.9631904774973539
dist_ma50 q2 & ear_volsurge q4,0.00017462717037402688,0.4133908127776342,0.1002142007486215,rejected,0.006260630874588961,0.920174272202852
ear_volsurge q3 & r20 q1,0.00034708074692485464,0.2710789873517677,0.23775738371182006,rejected,0.008650395751526974,0.812069273768025
overnight20 q2 & vol_surge1 q1,-0.0002457093464050807,-0.30218269922042396,0.20349613712529,rejected,0.0,0.8387472646473004
ev_agreement q4 & skew60 q0,0.00017349718009542105,0.35790297091264384,-0.14688864871600651,rejected,0.0,0.8832199117461905
rel_ind20 q1 & rel_ind60 q4,2.178477392642813e-05,0.30178254016474426,-0.19290870524856504,rejected,0.0,0.847030467288562
ind_mom20 q0 & vol_surge5 q3,-0.00022446327153135835,-0.08856886540198702,-0.39542603660197123,rejected,0.013615689754333237,0.6925284970340266
dist_ma50 q2 & log_dv q4,0.0002971847291104307,0.19412540355067476,0.28198226687495775,rejected,0.01064172796245125,0.7779571077679552
days_to_earn q2 & vol_ratio q0,-0.00012861213017194357,-0.017289048214118117,-0.45645927271673425,rejected,0.018051609166153955,0.6480597512845295
ear q0 & frog q2,1.982490278385634e-06,0.15240045205340136,-0.3205010242558912,rejected,0.0,0.7485885540397708
intraday20 q1 & r60 q4,0.0001300159891522472,0.2080724794562838,0.2601658611887385,rejected,0.00801684960103258,0.7947358365514765
max20 q1 & vol_surge1 q1,-0.00022419493094551438,-0.4278208961985647,0.03996934800114444,rejected,0.0,0.968117563508379
close_loc q3 & skew60 q2,-0.0003899854216155006,-0.4246582998140527,0.0414680589315782,rejected,0.0,0.9669227562211824
log_dv q2 & rel_ind20 q0,-3.1062698722291446e-05,-0.21407407450052404,0.24524705779504952,rejected,0.0,0.8062651418239952
ear_volsurge q2 & vol_ratio q3,0.0001397415214247893,-0.051475271290278846,0.39730183165845345,rejected,0.0,0.691144896838621
gap_today q4 & vol_surge1 q1,-0.0003219660281799377,-0.31572999775255495,-0.13005814793297568,rejected,0.0061204304393275635,0.8965204219157101
close_loc q4 & ear_volsurge q1,0.00023992333244978682,0.12547876569505426,0.31938655647606284,rejected,0.00970149285289923,0.7494334038133736
ind_mom20 q1 & r5_nonews q0,0.0001151897550089446,0.43174253514058397,-0.010932966051762983,rejected,0.0,0.9912769289616079
log_dv q1 & rel_ind60 q4,-0.00010494818411623571,0.027313003056344647,-0.4126502850220276,rejected,0.0,0.6798628538177489
close_loc q4 & ev_offering q2,-0.00013220798325642324,0.07599159260365657,-0.36074659141491267,rejected,0.0,0.7182888917435486
ear_volsurge q1 & ind_mom60 q2,-0.00011636847982097376,-0.34620579644882615,0.09049697494201069,rejected,0.0,0.9278922977378378
max20 q2 & vol_ratio q0,-0.00014290865392432053,-0.39470138035969565,0.04170626074714264,rejected,0.0,0.9667328629510898
frog q1 & r20 q1,0.0002103759650672581,0.012190432646259035,0.42344583139706565,rejected,0.012149169424493313,0.6719700121796617
ear_volsurge q3 & ind_mom60 q3,-0.00019512184997013473,-0.25003292077524175,-0.18467575546586695,rejected,0.005773644784446942,0.8534833633993324
dist_52wh q3 & r20 q3,-0.00031648235554893083,-0.31432536368816105,-0.11350313460075173,rejected,0.002499808920613898,0.9096316780909082
ear_volsurge q2 & skew60 q4,-0.00019111389042756848,-0.21151988394929533,0.21287774715994712,rejected,0.0,0.8314223197569994
dist_52wh q1 & frog q3,-0.00022694128676756863,-0.31324680088955287,-0.10359143327861763,rejected,0.004879277401617682,0.9174935863393436
ind_mom60 q3 & r120 q4,-0.0002656477839962308,-0.3991523068604744,0.0042370753911586565,rejected,0.0,0.9966193130779102
log_dv q1 & skew60 q4,0.00021892499613925442,0.30675151289287644,0.08577071773801824,rejected,0.0036487492803696517,0.9316486845339087
frog q1 & r5_nonews q1,-0.00029151913499417134,-0.2845595929635247,0.10766318050341366,rejected,0.0,0.914262877393004
r1 q1 & vol_surge5 q1,0.0002416193156485802,0.2916817467579013,0.09362015023973162,rejected,0.005458498162393578,0.9254109023388597
ear_volsurge q2 & frog q4,0.00014866922776953902,0.26895579507266393,-0.1032345426286617,rejected,0.0,0.9177768253073598
rel_ind60 q4 & vol_surge1 q1,-0.00015754046800559463,-0.2086479751640691,-0.13324125404427234,rejected,0.006267266565091938,0.894002585682066
days_since_earn q2 & ear q3,-0.00015587739299617668,-0.04853022126851824,-0.25147514108936725,rejected,0.006837494644205673,0.8014467793192661
r5_nonews q1 & skew60 q0,5.8998977937310226e-05,0.1293260232179855,-0.16385441864866326,rejected,0.0,0.8698457506669515
gap_today q4 & r120 q2,-0.00024276781450654597,-0.24574624715520837,0.038228342862050256,rejected,0.0,0.9695056230713722
ear_volsurge q0 & gap_today q3,-0.0002686455575340454,-0.24253520188563107,-0.023212837114064064,rejected,0.0029205738879712474,0.9814804988309166
mom_12_1 q4 & r20 q0,6.478756651371623e-05,0.0176938706951458,0.24196155660436844,rejected,0.007102751883658714,0.8088099516045437
r5 q2 & r60 q1,-0.00013886644286799005,-0.16204554726886097,0.09204467855115174,rejected,0.0,0.9266625418846438
r5_nonews q0 & vol_surge5 q3,-7.162284909858273e-05,-0.028177122062235223,-0.22585755078266218,rejected,0.009323280109213955,0.8213122142931979
vol20 q3 & vol_ratio q0,1.9997859710745168e-05,-0.059480694830138736,0.15613255596834788,rejected,0.0,0.8759285370839638
dist_ma50 q2 & r120 q3,-5.4138678764189185e-05,-0.16853184371055796,0.028698366343754306,rejected,0.0,0.977105159301267
log_dv q1 & mom_12_1 q2,-0.00012775641554207232,-0.119868967137951,-0.060728057279390624,rejected,0.0025891581233296007,0.9515757864350718
ear_volsurge q0 & overnight20 q4,-5.240229445108632e-05,-0.13916194049631553,0.026012959420052887,rejected,0.0,0.9792470018269205
mom_12_1 q3 & skew60 q2,9.318468036285692e-06,0.06648098478761226,-0.07912794469587268,rejected,0.0,0.9369308565418992
ear_volsurge q3 & r60 q3,-4.056008746611771e-05,-0.1098116761811902,0.03403664846180405,rejected,0.0,0.9728479263752356
dist_ma50 q2 & log_dv q1,-6.768264929609872e-06,0.05752462837049915,-0.08292506817596154,rejected,0.0,0.9339111211640285
intraday20 q0 & r1 q2,-1.9827711298830005e-05,-0.0021895728751717305,-0.12395245471608161,rejected,0.003932737202284326,0.9013529202913827
ind_mom60 q2 & r5 q2,5.318100449214284e-06,-0.004215770882820796,0.0743279692132637,rejected,0.0,0.940749422366123
ind_mom60 q3 & news5 q1 unless ins_opportunistic30 q4,0.0016145530962392025,1.8140127043866552,-6.762092145864587,rejected,0.0,1.3601314728322097e-11
ind_mom60 q3 & news5 q1 unless days_to_earn q4,0.0016156755998371559,1.8140164493734166,-6.7551421762912165,rejected,0.0,1.4269525732541273e-11
ind_mom60 q3 & news5 q1 unless ev_agreement q4,0.0015194680307287697,1.7189402497579513,-6.617722248403235,rejected,0.0,3.647755642233223e-11
ind_mom60 q3 & news5 q1 unless ev_offering q4,0.0016166648307983848,1.8140093485203737,-6.4555945285587555,rejected,0.0,1.077948692665637e-10
ind_mom60 q3 & news5 q1 unless ins_officer30 q4,0.0014900135602423912,1.6714558505941546,-6.3706541039429005,rejected,0.0,1.8822371063028607e-10
ind_mom60 q3 & news5 q1 unless atr_pct q4,-0.0033049136166928006,-3.02507120860284,-4.2648251274782645,rejected,0.0,2.0005882873156848e-05
close_loc q4 & news5 q1 unless vol_surge5 q4,0.00377482343104809,2.576333023246271,4.366090921371085,rejected,0.0,1.2648984475501789e-05
close_loc q4 & news5 q1 unless dist_52wh q4,0.0022521617536646814,1.8468646227086432,5.027415763954177,rejected,0.0,4.971337445438649e-07
log_dv q1 & vol20 q3 unless close_loc q4,0.0032351377451705025,2.254224755554495,4.331912043306857,rejected,0.0,1.4781999705861558e-05
log_dv q1 & vol20 q3 unless r120 q0,0.0034631182307957383,1.973781307107981,4.334380841634686,rejected,0.0,1.4617093609481153e-05
close_loc q4 & news5 q1 unless frog q4,-0.0016133069458228058,-2.5589450330311436,3.5509176129686297,rejected,0.0,0.00038389056654029413
close_loc q4 & news5 q1 unless ev_offering q4,0.0026440153180282487,1.8601154137933853,4.24548666361316,rejected,0.0,2.1811948288235532e-05
close_loc q4 & news5 q1 unless r5_news q0,0.0025661861463328914,1.7840039822583182,4.240349996841085,rejected,0.0,2.23171532946174e-05
close_loc q4 & news5 q1 unless r5_news q4,0.0025661861463328914,1.7840039822583182,4.240349996841085,rejected,0.0,2.23171532946174e-05
ind_mom60 q3 & news5 q1 unless vol_surge5 q4,0.0011748463726783196,1.3110129176141687,-4.59517581445839,rejected,0.0,4.323845424290013e-06
log_dv q1 & vol20 q3 unless ev_agreement q4,0.0030356835241327905,1.9300774155578568,3.893296129281673,rejected,0.0,9.889131333583834e-05
news5 q1 & vol_surge1 q2 unless r5 q4,-0.0010293691859433226,-3.2358860820100284,2.4898424150542744,rejected,0.0,0.012779974601261412
close_loc q4 & news5 q1 unless ear_volsurge q4,0.0012100229375151508,0.8273213367229412,4.752121745204995,rejected,0.0,2.012931023475465e-06
ind_mom60 q3 & news5 q1 unless r60 q0,0.0007655211417421709,1.0139464903516315,-4.513130750051225,rejected,0.0,6.387761457479081e-06
log_dv q1 & vol20 q3 unless mom_12_1 q0,0.0027691481923142612,1.7700930594164106,3.68621471269273,rejected,0.0,0.0002276143353281977
close_loc q4 & news5 q1 unless r120 q0,0.0029531412561095917,2.093771484774266,3.3582325966389956,rejected,0.0,0.0007844257634784522
log_dv q1 & vol20 q3 unless r5_nonews q4,0.002866847457928822,1.7611474420924327,3.63617106867466,rejected,0.0,0.00027672059973771006
ind_mom60 q3 & news5 q1 unless vol_surge5 q0,-0.00013644724284710564,0.3802974148086172,-4.996280423692026,rejected,0.0,5.84466537475682e-07
ind_mom60 q3 & news5 q1 unless overnight20 q4,0.0008200366069399926,1.488456934662082,-3.846542051806971,rejected,0.0,0.00011979657785712519
ind_mom60 q3 & news5 q1 unless r20 q0,0.00030410124661247353,0.6831714081911131,-4.580211293532444,rejected,0.0,4.645064157613718e-06
log_dv q1 & vol20 q3 unless ev_offering q4,0.0022831464968099385,1.322491755820293,3.9131815659677844,rejected,0.0,9.108799287664974e-05
ind_mom60 q3 & news5 q1 unless r120 q0,0.00010596505022554649,1.6506254942883731,-3.5073078708511365,rejected,0.0,0.00045266510229482543
log_dv q1 & vol20 q3 unless range_compress q4,0.0017399054597297316,1.1066671351917805,4.037607911956169,rejected,0.0,5.399900721544675e-05
ind_mom60 q3 & news5 q1 unless r60 q4,0.00102453852189006,1.5362545443778808,-3.592161985139917,rejected,0.0,0.0003279458854903109
news5 q1 & vol_surge1 q2 unless overnight20 q4,0.00011101829926973561,0.01275715375233392,5.094237150139473,rejected,0.0,3.5014825111694894e-07
log_dv q1 & vol20 q3 unless rel_ind60 q4,0.002525521932980845,2.0567708345043583,3.0013093522406917,rejected,0.0,0.002688213129379927
close_loc q4 & news5 q1 unless ind_mom20 q4,0.0019562280193811173,1.7925980379604232,3.2342199114058188,rejected,0.0,0.001219754955227038
log_dv q1 & vol20 q3 unless r120 q4,0.0022734293885457654,1.7201015502205748,3.2090873008243928,rejected,0.0,0.0013315705456764357
log_dv q1 & vol20 q3 unless frog q0,0.0023629080026632138,1.5510418555122722,3.375020675344735,rejected,0.0,0.0007381014542948615
log_dv q1 & vol20 q3 unless r5_news q0,0.0021690973984103243,1.3299777524284173,3.4930519539531595,rejected,0.0,0.00047753359205578665
news5 q1 & vol_surge1 q2 unless r5 q0,0.00023741754113091527,0.11691986081686354,4.645855506103863,rejected,0.0,3.3866999877333253e-06
ind_mom60 q3 & news5 q1 unless frog q4,0.0019003411278463085,2.019920960419479,-2.600877430797879,rejected,0.0,0.009298566987798615
log_dv q1 & vol20 q3 unless ear_volsurge q0,0.001162400390033427,0.39148345642828775,4.22855467364982,rejected,0.0,2.3519736476747527e-05
news5 q1 & vol_surge1 q2 unless dist_ma200 q4,0.00027984049132044836,0.16579521490689533,4.417718617870597,rejected,0.0,9.974815964595441e-06
ind_mom60 q3 & news5 q1 unless dist_52wh q0,-0.0009622140405361417,-0.9267115666900885,-3.652710407297494,rejected,0.0,0.0002594868188147298
log_dv q1 & vol20 q3 unless days_since_earn q4,0.002156711223116294,1.6934077280966804,2.8013160531575108,rejected,0.0,0.005089464696331461
close_loc q4 & news5 q1 unless gap_today q4,0.0015782083625019829,1.2422656136149353,3.2412197125574904,rejected,0.0,0.0011901941233641753
close_loc q4 & news5 q1 unless gap_today q0,0.0032533325362013475,3.822189464350135,-0.6587184889095646,rejected,0.0,0.5100765580454527
news5 q1 & vol_surge1 q2 unless mom_12_1 q4,0.0003201179312220346,0.22691193179158742,4.246565222399049,rejected,0.0,2.1707261013649097e-05
log_dv q1 & vol20 q3 unless days_since_earn q0,0.0012734712371124375,0.8714175372633981,3.565919748524009,rejected,0.0,0.00036258232135205854
log_dv q1 & vol20 q3 unless r5_news q4,0.0017705194868150715,1.1431650110438438,3.2855352934554656,rejected,0.0,0.0010178878944022702
log_dv q1 & vol20 q3 unless ear_volsurge q4,0.0014494401974972373,0.9158064624681833,3.5070833970015585,rejected,0.0,0.0004530471374219472
log_dv q1 & vol20 q3 unless frog q4,0.0015115462402497727,1.2576493388907084,3.154874730741547,rejected,0.0,0.0016056703109260813
news5 q1 & vol_surge1 q2 unless close_loc q0,0.00024309842663233674,0.1474216230441123,4.263132236025511,rejected,0.0,2.015811433586187e-05
news5 q1 & vol_surge1 q2 unless overnight20 q0,-0.00026639864426413655,-0.45196900279731045,3.9306229949204665,rejected,0.0,8.472603734326235e-05
close_loc q4 & news5 q1 unless vol_ratio q4,-6.702180652430896e-05,-0.6407203260614289,3.716784924196609,rejected,0.0,0.00020177406800637212
log_dv q1 & vol20 q3 unless rel_ind60 q0,0.0009923942871408078,0.40011317556476367,3.8937853539837732,rejected,0.0,9.869198443835684e-05
log_dv q1 & vol20 q3 unless range_compress q0,0.0011238302499653212,0.5270917063646339,3.673752627988912,rejected,0.0,0.00023901413735642288
ind_mom60 q3 & news5 q1 unless atr_pct q0,0.0019972601110753757,1.732744303418985,2.420220313247018,rejected,0.0,0.015511106323069731
news5 q1 & vol_surge1 q2 unless ev_red_flag q4,0.0002195503623015416,0.08857062009533531,3.966141104812331,rejected,0.0,7.30456288415018e-05
news5 q1 & vol_surge1 q2 unless ev_offering q4,0.00024835493868770303,0.12345026490321793,3.9164091006942887,rejected,0.0,8.987768170095116e-05
log_dv q1 & vol20 q3 unless close_loc q0,0.0016199748871518417,1.3490361540425124,2.662424093906322,rejected,0.0,0.007758006500846773
log_dv q1 & vol20 q3 unless ev_red_flag q4,0.001740768383410797,1.3014986674044025,2.7068058595262277,rejected,0.0,0.006793397178825065
ind_mom60 q3 & news5 q1 unless rel_ind20 q0,7.864929088431842e-05,0.3201591338307671,-3.666889668227939,rejected,0.0,0.0002455186652715421
news5 q1 & vol_surge1 q2 unless gap_today q0,-2.8014404341048663e-05,-0.5217637330166559,3.4583292899298574,rejected,0.0,0.0005435366076098504
log_dv q1 & vol20 q3 unless intraday20 q4,0.0015297732405235628,1.453015586737792,2.5092743302950953,rejected,0.0,0.012097948936307086
news5 q1 & vol_surge1 q2 unless r5_news q0,0.00015688114219374364,0.014146449244891935,3.906788608159621,rejected,0.0,9.35309118110041e-05
news5 q1 & vol_surge1 q2 unless r5_news q4,0.00015688114219374364,0.014146449244891935,3.906788608159621,rejected,0.0,9.35309118110041e-05
news5 q1 & vol_surge1 q2 unless r20 q4,0.00046188913129797406,0.4573117495764844,3.4438326045976826,rejected,0.0,0.0005735306756103289
news5 q1 & vol_surge1 q2 unless r20 q0,-0.0031372504955963247,-2.3690773372901557,-1.4902361893641474,rejected,0.11792157737688799,0.13616214397072376
close_loc q4 & news5 q1 unless ind_mom20 q0,-0.002352203762306737,-2.1516935037546654,-1.688054183912151,rejected,0.08368645925380613,0.09140082822193785
close_loc q4 & news5 q1 unless vol_surge1 q4,0.001862949571177843,1.3084243862190548,2.494110191070978,rejected,0.0,0.012627333749926164
ind_mom60 q3 & news5 q1 unless r20 q4,0.0020616694885858423,1.76732186964943,2.026676435603106,rejected,0.046681187077387415,0.0426955138985509
ind_mom60 q3 & news5 q1 unless days_to_earn q0,0.0030252533636245475,3.0511900373783694,-0.7018207236965838,rejected,0.0,0.4827909730872307
log_dv q1 & vol20 q3 unless r5_nonews q0,0.0017068009018399847,1.1686548892725461,2.4855219366165446,rejected,0.0,0.01293616141323645
log_dv q1 & vol20 q3 unless mom_12_1 q4,0.0010890676844524908,0.7885727062527863,2.8127568611279954,rejected,0.0,0.004911877591570289
news5 q1 & vol_surge1 q2 unless r1 q0,9.72232189448397e-05,-0.07529500124697838,3.512935830340982,rejected,0.0,0.0004431844975554193
news5 q1 & vol_surge1 q2 unless r60 q0,-0.0006652266216524435,-0.9646877023510673,2.5575284522526207,rejected,0.0,0.010541893370580539
close_loc q4 & news5 q1 unless dist_ma50 q4,0.002420273400656681,1.9065332539469897,1.4707953067532684,rejected,0.11389895871862987,0.1413464820701188
close_loc q4 & news5 q1 unless dist_52wh q0,0.00036843859364033227,0.5808879856183682,-2.7389474793211512,rejected,0.0,0.006163621891790781
close_loc q4 & news5 q1 unless ins_value30 q4,0.0026334283095499752,1.908228843605652,1.4026426541154629,rejected,0.09795759502570552,0.16072342567166806
ind_mom60 q3 & news5 q1 unless frog q0,0.000568671527807798,0.23735365263370883,3.0338240679638835,rejected,0.0,0.0024147520535699233
news5 q1 & vol_surge1 q2 unless close_loc q4,0.00031755745624993643,0.1792630627124157,3.01240065261855,rejected,0.0,0.002591902596270797
ind_mom60 q3 & news5 q1 unless ear_volsurge q4,0.0011892854899008811,1.0729928045368986,-1.9244959351266322,rejected,0.0,0.05429244975779763
news5 q1 & vol_surge1 q2 unless frog q0,-0.0004349487985885734,-0.4913749129426099,2.3501126651916824,rejected,0.0,0.018767729390710863
ind_mom60 q3 & news5 q1 unless overnight20 q0,0.0010873522858534435,1.0613181170571646,-1.718324311319171,rejected,0.0,0.0857374773775161
log_dv q1 & vol20 q3 unless intraday20 q0,0.0006716079274969175,0.20021457540058138,2.5579431543636826,rejected,0.0,0.010529330283404338
news5 q1 & vol_surge1 q2 unless frog q4,-0.002865330829274943,-2.527105035450086,-0.17086084663926074,rejected,0.009684679633778987,0.864333183734243
news5 q1 & vol_surge1 q2 unless mom_12_1 q0,-0.0023944413442984484,-1.8034920506116736,-0.8583131288277761,rejected,0.06197765394828498,0.3907195818215681
ind_mom60 q3 & news5 q1 unless dist_52wh q4,0.002137434746808831,1.9417173476781886,0.601206419625795,rejected,0.050607754204909,0.5477025092181349
close_loc q4 & news5 q1 unless dist_ma50 q0,0.0007660824187456168,0.9034879508053797,-1.5655461442844214,rejected,0.0,0.11745490653198684
ind_mom60 q3 & news5 q1 unless r120 q4,0.0014360395397960165,1.2489927636443932,1.181398022489331,rejected,0.08587637840233979,0.23744464324503373
close_loc q4 & news5 q1 unless ear_volsurge q0,0.0008471790628826888,0.8781177331665295,-1.3200350243609742,rejected,0.0,0.1868233245308351
close_loc q4 & news5 q1 unless vol_surge5 q0,-0.0003667406353326492,-0.19552589204900314,-1.9962947953368853,rejected,0.021758126808154733,0.045901844240653404
news5 q1 & vol_surge1 q2 unless dist_ma200 q0,-0.002250044159649689,-1.794487530629963,-0.33315301771374917,rejected,0.016791117094472553,0.7390187806339605
ind_mom60 q3 & news5 q1 unless ear_volsurge q0,0.0015293010962226957,1.2961330079802316,0.8061817664649488,rejected,0.06702014257834482,0.4201380505335226
news5 q1 & vol_surge1 q2 unless r1 q4,-9.014206592240419e-05,-0.2245137268132099,1.8771531672814117,rejected,0.0,0.060497104179201955
ind_mom60 q3 & news5 q1 unless rel_ind20 q4,0.0019497764508695414,1.9465158378642162,0.049711869019779045,rejected,0.006293996339061216,0.9603519980450783
news5 q1 & vol_surge1 q2 unless gap_today q4,0.00036557662067671163,0.2714131223871484,1.4969679128298967,rejected,0.06970288733256194,0.1344016074115013
close_loc q4 & news5 q1 unless vol_ratio q0,0.001492462122140182,1.5096072916789387,-0.20909817700910022,rejected,0.0,0.8343715977876401
close_loc q4 & news5 q1 unless vol_surge1 q0,-0.00022285678045340737,0.01963276829802311,-1.660048088311311,rejected,0.0,0.09690477886236545
news5 q1 & vol_surge1 q2 unless r60 q4,0.00025319113457605624,0.19778730297751057,1.4022943599496158,rejected,0.060079179463485954,0.16082736393722719
close_loc q4 & news5 q1 unless r120 q4,0.0012201866763579675,1.2286464856811934,-0.20983815561041214,rejected,0.0,0.833793992098109
news5 q1 & vol_surge1 q2 unless earn_in_week q4,0.000898327882658367,0.9704280626204035,-0.3262734008788217,rejected,0.0,0.7442175110618561
close_loc q4 & news5 q1 unless frog q0,0.001146021050648425,0.9465738252910694,-0.10824501626915745,rejected,0.0,0.9138013368926374
