key_named,effect,t_conf,t_disc,status,p_real,p_coincidence
r60 q1,0.00020677684611834535,2.921827689659601,-0.669709947081795,rejected,0.0,0.5030427094299381
rel_ind60 q1,7.849754324048202e-05,1.789595335438492,-1.760527093702521,rejected,0.0,0.07831847784762926
rel_ind20 q3,1.7185193003960845e-05,-1.9926977450592436,1.5464143877309602,rejected,0.0,0.12200452158932545
frog q1,0.00022055072651908168,2.635814502817048,-0.8789127150169779,rejected,0.0,0.3794486039719687
dist_52wh q1,-0.00027757192241557546,-1.4528213375437644,-1.9246324677197642,rejected,0.2641062139866549,0.054275354547402864
news5 q1,-0.00025276774351219505,0.7629615951868626,-2.6137204371720375,rejected,0.0,0.008956228725358645
intraday20 q3,0.000272626857376636,1.4473003089299066,1.924680738785707,rejected,0.2612058825749253,0.05426931161458632
days_since_earn q0,-0.00011205713392795002,-2.166437419175117,1.1615611292327297,rejected,0.0,0.24541377903227687
r20 q3,0.00011446578682061522,-0.6912467039481022,2.586042966983877,rejected,0.0,0.009708482731992246
r120 q1,-6.764210251434508e-05,1.0482323151807198,-2.054073311085639,rejected,0.0,0.03996859673221793
r20 q0,4.3208857295227345e-05,1.5834188387323007,-1.5167051328517773,rejected,0.0,0.12934114780268796
days_to_earn q4,-8.519410065428868e-05,-2.0023689293377354,1.0795497754651782,rejected,0.0,0.2803427170573936
close_loc q1,-0.00010012484188403164,0.7849192097795249,-2.281846739976613,rejected,0.0,0.022498390190008443
earn_in_week q1,7.705678749566312e-05,-0.6000564565862488,2.453009898543349,rejected,0.0,0.014166644026299784
vol_surge1 q1,0.0002872129955493966,1.7481540076589372,1.197743249145369,rejected,0.16007233817638694,0.2310169866309344
days_to_earn q1,-0.00023442919613371075,-0.20505356086078141,-2.7174097370959602,rejected,0.3737516286464084,0.006579509911059062
ind_mom60 q3,-6.245830505404185e-05,-1.6802812331364863,1.2109986014905316,rejected,0.0,0.2258959406873385
r120 q2,4.735191902438277e-05,-0.8371335240980065,2.0109747660045763,rejected,0.0,0.044328122148080795
ins_officer30 q2,3.459044595286534e-05,-0.45318219192612086,2.272819839569406,rejected,0.0,0.02303703896576273
range_compress q2,0.000267887948044,1.4809061429366002,1.235276984550642,rejected,0.17501006043241313,0.21672743635938077
gap_today q3,-7.196499450245993e-05,0.7994788611929412,-1.909308100275604,rejected,0.0,0.05622235797947847
ear q4,-0.0002272627217272864,-1.9471930140434848,-0.7405234940049622,rejected,0.07390343069502259,0.4589824109192414
days_since_earn q3,-7.543160806312763e-05,0.7187496230197569,-1.9621494888933881,rejected,0.0,0.04974508265442486
ear q2,0.0002959245078021084,2.3752889418846346,0.2613788637481765,rejected,0.021287535323445777,0.793800354932994
ear q1,-0.00024381088599478664,-1.630818572869946,-0.992426999563078,rejected,0.1342852658889905,0.32098927363734364
r20 q4,-0.00018469373633016184,-1.3294039733072405,-1.2416491454225274,rejected,0.17223662475536988,0.21436604074283683
r5_nonews q4,3.9276329867642875e-06,1.0939726221945418,-1.4217097438400546,rejected,0.0,0.15511053029064722
mom_12_1 q3,0.00017657277918712363,-0.057002640151831846,2.4575016664991067,rejected,0.0,0.013990716161320556
range_compress q1,-0.00023473943969612467,-0.82499297189759,-1.6813811599865014,rejected,0.1784671269175345,0.09268890258371722
dist_ma200 q4,-9.627317767327208e-05,-1.9095989095269348,0.5852215939304682,rejected,0.0,0.5583987269578077
r120 q3,-9.077788650996003e-05,-1.5404295297873105,0.9402700818568462,rejected,0.0,0.3470790417762026
days_since_earn q2,-0.00021967953433519024,-1.0340491973610502,-1.4177833100402755,rejected,0.15105045225595137,0.15625403835094706
r5_nonews q1,-5.185204919228037e-05,-1.3315514927750935,1.10826426666642,rejected,0.0,0.2677477029288798
ins_officer30 q4,-1.930908528515074e-05,0.41268064486568434,-2.0234600179979605,rejected,0.0,0.04302574172407461
ev_shelf q2,5.8179416292473505e-06,-0.8640893392736364,1.5654396934497643,rejected,0.0,0.11747984740241854
overnight20 q4,-1.4786979760353184e-05,-1.0019489242616635,1.4248972115477667,rejected,0.0,0.15418691581973673
ind_mom20 q0,0.00013575734355330527,2.1255300846381706,-0.28044150793464717,rejected,0.0,0.7791387953923188
min20 q4,0.00020140426868060887,1.093991274979661,1.3020830630225706,rejected,0.1670298226897579,0.192887992332435
ins_buyers30 q2,0.00011183307145297674,0.11040906730525214,2.251002813231202,rejected,0.18355079351903109,0.0243853591977194
ins_value30 q2,0.00011183307145297674,0.11040906730525214,2.251002813231202,rejected,0.18355079351903109,0.0243853591977194
close_loc q0,-0.00012500553960452472,-1.9204694919132168,0.389056745474472,rejected,0.0,0.697234169756229
days_to_earn q0,0.0001972723598919658,1.399581037126053,0.909547306283951,rejected,0.1296774143292827,0.36306129879610677
overnight20 q0,0.00014022434010546874,2.2492883329920264,-0.0365227100471954,rejected,0.0,0.9708655707883397
days_since_earn q1,0.00018787870532055472,0.8034032242039039,1.4810002063261356,rejected,0.14264080473061022,0.13860651850913755
ind_mom60 q0,-4.179249611447513e-05,0.504049453572507,-1.7698013452923893,rejected,0.0,0.07676023971134091
rel_ind60 q4,-0.00017893699197715229,-2.0215537962890906,-0.24156460042572075,rejected,0.029285704165825332,0.809117554558696
dist_52wh q2,6.78674245386052e-05,-0.543869986655037,1.69225579848861,rejected,0.0,0.09059721167861115
log_dv q3,-0.00020339284288928096,-1.2820177456063135,-0.9255434404672298,rejected,0.12096520883538638,0.35468329827259737
gap_today q1,-0.0001836866482717919,-1.9226016177809868,0.2823708146329472,rejected,0.0,0.777659191361194
dist_ma200 q0,6.536709909769591e-05,1.799869092622691,-0.3951710668149035,rejected,0.0,0.6927166439693875
gap_today q0,0.0001832836555345843,1.3563620746456926,0.834008203766854,rejected,0.11663843330943365,0.40427636095428376
log_dv q1,0.00020251294474523605,1.5073098923705341,0.6468129151810094,rejected,0.05109346887545962,0.517753032589948
r120 q0,6.046159428098913e-05,1.6428054020587182,-0.5002584413672326,rejected,0.0,0.6168931127222479
frog q3,-6.657696227922258e-05,-1.2602651333988328,0.8563645018095966,rejected,0.0,0.39179619343546046
range_compress q4,0.00018412505449915805,0.8289543569516504,1.2854482883911318,rejected,0.15378076000843194,0.19863567618837022
r5_nonews q2,0.00020609322312633855,1.0548216779338964,1.0559640389390768,rejected,0.13501299928566604,0.29098464465579893
r60 q3,0.00010026867840023987,-0.424302003052716,1.653465026678293,rejected,0.0,0.098236258167314
log_dv q2,2.305809916168845e-05,-0.9029108901068157,1.1726337130663809,rejected,0.0,0.2409427238919101
overnight20 q3,-0.0001856452490271913,-0.792317660569827,-1.2771332247797877,rejected,0.1458596895526262,0.20155521673644586
ins_buyers30 q4,-5.677767927568957e-05,-0.08891122913459884,-1.9677124580101626,rejected,0.15052882523129907,0.04910113159425921
ins_value30 q4,-5.677767927568957e-05,-0.08891122913459884,-1.9677124580101626,rejected,0.15052882523129907,0.04910113159425921
skew60 q4,-6.1007858763310606e-05,-1.2538532813485466,0.7968310850334446,rejected,0.0,0.4255491391215909
r5 q4,2.6899004458082667e-05,1.0402375984931256,-1.009864354577471,rejected,0.0,0.31256028251399076
min20 q1,-0.00017236291098470834,-1.2828672432613326,-0.7512298691209548,rejected,0.06736420238704315,0.45251432719778883
ear_volsurge q2,0.0002101023386251378,1.9235263292911906,0.10399569574887389,rejected,0.01770671644667302,0.9171727643450316
r5 q1,5.433522849805867e-05,-0.46044745149924415,1.551400296605069,rejected,0.0,0.12080578419937123
skew60 q3,-0.00017056381203265237,-1.7687522590441151,0.21114665866301913,rejected,0.0,0.8327728325144139
dist_ma50 q3,0.00018836162034031038,0.8919903461687033,1.0820275122125576,rejected,0.12999890970192113,0.2792403032063203
days_to_earn q2,-7.246873015038319e-05,0.49171563255116013,-1.4622896167722488,rejected,0.0,0.14366186264494127
news5 q4,2.859077647519125e-05,-0.7760437986964893,1.1711558592837703,rejected,0.0,0.24153613424441744
r1 q2,0.00016352079788451855,0.447520857964291,1.4742148934482724,rejected,0.11866488719174487,0.14042374110094363
intraday20 q0,5.628999240598061e-06,0.739730721666277,-1.1788298385367555,rejected,0.0,0.23846594018221512
dist_ma50 q2,0.00013209387419189778,-0.16447505214334404,1.7142922726245333,rejected,0.0,0.08647506161012776
atr_pct q3,0.00011621651313063587,1.4462127555797724,-0.4149296652997462,rejected,0.0,0.6781933925267148
r5_news q2,-3.3919865543375875e-05,0.7524363197420583,-1.107140430901737,rejected,0.0,0.26823321750757934
r60 q4,-0.00012777399422730394,-1.7159374617795449,0.14283726190311996,rejected,0.0,0.886418708054316
skew60 q2,0.0001950662126341926,1.774944017431244,0.07097190363955905,rejected,0.011079699171296592,0.9434201167342232
overnight20 q2,9.803929956575621e-05,1.3609221582637405,-0.48077938566747735,rejected,0.0,0.6306733028249218
ear q3,0.00015039533924994443,0.7008229775524748,1.130532392233879,rejected,0.12054021834249853,0.25825195725426925
range_compress q0,-0.00010525532859688528,-1.1753298869462616,-0.6462307410714598,rejected,0.04807635445711205,0.5181299337440309
days_since_earn q4,0.00016734918166805765,1.7611070120180956,0.04818832869649896,rejected,0.009496665221536959,0.9615661517335691
mom_12_1 q4,-0.00012649416010529664,-1.5109711071518872,-0.2956830813887238,rejected,0.025126371206931977,0.7674721188614061
r5_news q4,0.0001053459479035443,0.417531784550576,1.3777936071251888,rejected,0.12376651010083946,0.16826702037004293
intraday20 q2,-0.00011850290453233288,-1.4021765152402899,0.39284781403744296,rejected,0.0,0.694431887379706
r1 q1,2.7020006452156726e-05,-0.6599414400970858,1.130997498722385,rejected,0.0,0.2580561442085191
close_loc q2,0.00017822445192648456,1.172086238988983,0.6174393019790995,rejected,0.04233601185827636,0.5369450055158735
r5_news q0,-5.024525672891083e-05,-1.4186413924286558,0.36552701522739434,rejected,0.0,0.7147180446168224
days_to_earn q3,0.00012001956479214338,-0.11829281334355042,1.6623629020611566,rejected,0.0,0.09644003254565887
rel_ind20 q1,9.65287286806988e-05,1.1961555749018216,-0.5801224524028095,rejected,0.0,0.5618320437410731
ear_volsurge q4,-8.707028381389448e-05,-1.2695280882997448,0.5004363018006958,rejected,0.0,0.6167678974966706
vol_ratio q1,0.00010843692404177875,-0.13481566557535637,1.634432674572149,rejected,0.0,0.10216803209528487
frog q2,-0.00010177478434069702,-1.5335277524922342,0.20190223418820902,rejected,0.0,0.8399931554170044
r5 q0,-0.00011277924896543903,-1.705542198613607,-0.02434568064661032,rejected,0.005969666336235064,0.9805768760290974
dist_ma50 q4,-0.00012363675669139015,-0.7357851139395049,-0.975338021602561,rejected,0.10639920030299392,0.32939261621707816
vol20 q0,0.0001288932921356881,0.6266425220519811,1.0650130154931357,rejected,0.1171176667447377,0.2868700399087225
ear_volsurge q3,-0.00014596764097634095,-0.7650131917334332,-0.8988105365103561,rejected,0.10888928219803976,0.36875358686211873
mom_12_1 q1,0.00017617839052475956,1.2563419229582913,0.39111655807298146,rejected,0.03436573320582616,0.6957110819791301
r1 q3,-6.300192842508177e-05,0.3879873613368113,-1.2318433870974428,rejected,0.0,0.21800759251787852
rel_ind60 q2,0.0001480035061683325,0.7057078663220654,0.9094735933593504,rejected,0.10874439821095142,0.3631001905470329
skew60 q1,8.106266772081754e-06,0.6772731172672509,-0.9366781558839024,rejected,0.0,0.3489241358942885
mom_12_1 q0,-7.252585218717158e-05,-0.04243763483622226,-1.5486958087037137,rejected,0.10978737539078383,0.12145486191082616
ind_mom60 q1,0.00012415699365130078,0.5579639295053682,1.0258320083766699,rejected,0.1089508688139562,0.3049707757216932
rel_ind20 q0,3.8792032408581336e-05,0.872587729504302,-0.6911714676519813,rejected,0.0,0.4894577921460345
news5 q2,9.793331377456949e-05,0.6600949896198166,0.9030970880718189,rejected,0.10461556484384903,0.3664743693328842
dist_52wh q0,4.5320144746496086e-05,1.1164826643347059,-0.4326146618982745,rejected,0.0,0.6652947359703665
vol_surge5 q2,4.2009104955552364e-05,1.063830790117745,-0.4702753793827723,rejected,0.0,0.6381582853200911
intraday20 q1,-7.102581268493639e-05,0.11557157780044232,-1.3972511216138075,rejected,0.0,0.1623380685966273
rel_ind20 q4,-0.00012471212842658972,-0.8263403907789477,-0.6712765338841334,rejected,0.04756916089120947,0.5020443807918349
earn_in_week q2,-8.307808083913528e-05,-0.7301688064620286,-0.7583005666010859,rejected,0.06022962101209002,0.44827106817090356
r5 q2,0.00014610825085047949,1.0301739994240007,0.4101485578043414,rejected,0.029081809778370576,0.6816969743069001
dist_ma200 q1,-1.1402381896217141e-05,0.6368759659810088,-0.7793181587884515,rejected,0.0,0.4357923204786159
ind_mom20 q1,-9.026153360828868e-05,-1.107447324382644,0.3016029426423921,rejected,0.0,0.7629547644972359
close_loc q4,0.00012995951609199,0.8138990990986462,0.5864492263436699,rejected,0.030957532337433463,0.5575736721908361
r20 q2,0.00011322894212991818,0.020882001571722462,1.3627416521809046,rejected,0.09507974824603134,0.17296394576353194
intraday20 q4,-0.00012312087517099717,-1.2726593715588241,-0.10424404931742529,rejected,0.015742741184928757,0.9169756780691751
rel_ind60 q3,5.568474813282022e-05,-0.3423773368062813,1.0271308431582198,rejected,0.0,0.3043588570330246
dist_ma200 q3,5.4180943996455196e-05,-0.28831375530237463,1.0804584636732013,rejected,0.0,0.27993807363781575
ind_mom20 q3,-8.89931468901282e-05,-1.0759107923970996,0.253376462311097,rejected,0.0,0.7999773146880393
vol_ratio q2,-0.00012339045852477172,-0.6239292974995646,-0.6907851420502998,rejected,0.046225563594437614,0.48970057408665957
ev_red_flag q2,-3.7336926330977246e-05,-0.39760713507740364,-0.8914107794535558,rejected,0.0935523357721683,0.37270883689370565
dist_52wh q4,9.281615506465265e-05,0.30047481348127975,0.9864300296802452,rejected,0.08713953786831646,0.32392213507163425
atr_pct q0,8.114159812114436e-05,0.08124914815958187,1.193873477818434,rejected,0.08902953669059425,0.2325274636554226
r5_nonews q0,-5.5108312060121845e-05,-1.0572557274100902,0.20919397594580424,rejected,0.0,0.8342968148919097
min20 q3,4.3857105675382816e-05,-0.2538983686485617,1.0004564269991227,rejected,0.0,0.31708967432827445
vol_surge1 q3,-0.00011010455550668305,-0.43395636510916946,-0.8085090792214897,rejected,0.07578220611430064,0.41879758156198155
log_dv q4,7.767002336129383e-06,0.595368160970112,-0.5961657455076961,rejected,0.0,0.551064506687037
vol_surge5 q3,0.00011044763890410071,0.4894294785552217,0.6992098510343874,rejected,0.04432679430307323,0.4844208951306842
frog q0,-9.987659841507204e-05,-0.25562852175956363,-0.9275612739192818,rejected,0.078340335615252,0.353635193688012
vol_ratio q4,-7.697916593259164e-05,-0.006692185179337275,-1.1740166310335305,rejected,0.07947548316525045,0.24038836421496565
vol20 q4,-5.9001884465612234e-05,-0.5083664478758468,-0.6681964725727917,rejected,0.041359237881807766,0.5040081868183759
vol_surge5 q1,-4.9601803952261183e-05,-0.8531502188649336,0.3115907627461697,rejected,0.0,0.7553515552499875
atr_pct q4,-5.801216909154962e-05,-0.6599049374925069,-0.48736446686633567,rejected,0.031874638842734074,0.6260000698639174
vol_surge1 q4,-8.921360507669258e-05,-0.8307636698441192,-0.3046626752310847,rejected,0.022838735703080554,0.7606230797680774
gap_today q2,4.924726995742383e-05,-0.2950367906825473,0.8399548949235964,rejected,0.0,0.4009336768580056
dist_52wh q3,-5.3502346449185775e-06,-0.49126182115565975,0.6335274513925251,rejected,0.0,0.5263892601673075
vol_surge5 q0,-0.00010693440030672982,-0.9098531936998852,-0.20719438401452053,rejected,0.02427906018687661,0.8358580530617625
r1 q4,1.4188556670105816e-05,0.5663867125292088,-0.5437821466333773,rejected,0.0,0.5865913958887226
ev_offering q2,-5.397258245571128e-06,0.41022337011190013,-0.6928314253798591,rejected,0.0,0.4884153483886925
overnight20 q1,-0.00011515136551568568,-0.8326435750323562,-0.213517853642163,rejected,0.023779885300596194,0.8309230649897923
ear_volsurge q1,-7.516815691536221e-05,0.04612727158272297,-0.9993868009116754,rejected,0.0,0.3176073513024288
ind_mom20 q2,-2.5862253666115417e-05,-0.5002687542726136,0.5210694195756469,rejected,0.0,0.6023184130166062
frog q4,9.025045931021279e-05,0.26367719124793404,0.7521819674478095,rejected,0.04459535725322975,0.4519416363427584
ev_offering q4,5.738308831396042e-06,-0.3510470878595407,0.6421491777459977,rejected,0.0,0.5207763277805275
dist_ma50 q0,-6.583838215808826e-06,0.4251740001181723,-0.5341047894236908,rejected,0.0,0.5932690363197224
atr_pct q1,8.775847074732397e-05,0.40881445001525596,0.5428449408043191,rejected,0.02329464173956378,0.5872365677574429
range_compress q3,9.166601076672273e-05,0.45108368283415834,0.49224995702666086,rejected,0.026675099336573097,0.6225426522385797
max20 q0,8.450043448021164e-05,0.5024317729427781,0.41778559942028076,rejected,0.02273841332819608,0.6761038806130321
max20 q3,-6.632912046720286e-05,-0.13253237625214884,-0.7839558246913251,rejected,0.05377539637558478,0.43306603157953677
min20 q0,-4.171672114111878e-05,-0.059662547860573824,-0.8554031457362538,rejected,0.07196388897138939,0.39232800272207874
r20 q1,-2.9308307088688467e-05,0.25811370636238445,-0.6268186425027642,rejected,0.0,0.5307781218897186
vol20 q1,6.24412834753506e-05,-0.04218831059448077,0.8300037874696484,rejected,0.0,0.4065366422659616
close_loc q3,-1.4957331910557279e-05,-0.4712319342556792,0.38938558510671256,rejected,0.0,0.6969909337289247
ev_agreement q2,3.784229968736724e-05,0.04760914604703613,0.8064060789442362,rejected,0.05932690050513441,0.4200087429702187
atr_pct q2,-7.869095476277559e-05,-0.4598888613056188,-0.392643740395622,rejected,0.024403877269224,0.6945826286523689
vol20 q3,2.2775537539201093e-05,0.4619352143469566,-0.3868156029000696,rejected,0.0,0.6988927252608901
ins_opportunistic30 q2,2.7248433922570124e-05,0.030049913588841196,0.8134036476341102,rejected,0.05831335210374011,0.41598666868736545
ear_volsurge q0,5.611571337758982e-05,0.040011238196056446,0.8006336082285606,rejected,0.057611512456215125,0.42334378831199504
mom_12_1 q2,6.937311642656868e-05,0.5844722520938287,0.2464631994872002,rejected,0.02001584278040448,0.8053236884759472
skew60 q0,2.394088877195801e-05,0.5882996413903482,-0.23830363375185315,rejected,0.0,0.811645603198837
vol_ratio q0,5.5587210195160595e-05,0.5201242139845901,0.28913291255657275,rejected,0.020795078079327088,0.7724796680894976
r5 q3,1.9358315357320996e-05,0.3954972147125431,-0.36420000265965924,rejected,0.0,0.7157086650021847
rel_ind20 q2,6.247043910378284e-06,-0.2490375333727431,0.5043282640947458,rejected,0.0,0.6140307189219851
max20 q2,8.31346577792151e-05,0.7125018518839376,0.040219605940076834,rejected,0.003859999790272146,0.9679180469957638
r1 q0,-5.0340044266064836e-05,-0.6670812316314103,-0.08500904181439488,rejected,0.011365221559785702,0.9322542024041252
gap_today q4,-4.925361878243274e-05,-0.2415133909401546,-0.45429414661715795,rejected,0.02630161741226907,0.6496171284826278
ev_agreement q4,-2.795677425345367e-05,-0.03795347529014039,-0.6446038930239517,rejected,0.028105908093859627,0.5191839114057082
ind_mom20 q4,-2.4723867126008415e-05,0.1042944091446335,-0.5373265771226144,rejected,0.0,0.5910420503596823
r5_nonews q3,-6.203301311030152e-07,0.2743053727748154,-0.34805727477383247,rejected,0.0,0.7277971702979963
max20 q4,-1.6159058343559898e-05,-0.4002261246214985,0.21427457460876193,rejected,0.0,0.8303329441019047
min20 q2,5.6086284776639625e-05,0.16613183669128498,0.43421054762916417,rejected,0.024641018770659585,0.6641355543951944
ind_mom60 q4,1.662861273439915e-05,0.37642680347827967,-0.22047464423796778,rejected,0.0,0.8255015175161169
log_dv q0,-3.607438442829992e-05,0.05085381569915657,-0.5337799219997755,rejected,0.0,0.5934938065310362
dist_ma50 q1,-5.683015563565731e-05,-0.4006950576381492,-0.17672105677642724,rejected,0.010898021629876018,0.8597275002783626
earn_in_week q4,1.2122735296909952e-05,0.37285632768639004,0.15158214154516844,rejected,0.012775956013892217,0.8795165196096226
vol_surge1 q0,-4.465873345512422e-05,-0.42569176086377225,-0.059464654496271876,rejected,0.007110778499034706,0.9525820172638794
dist_ma200 q2,-4.367699559850205e-05,-0.17868090697368255,-0.294899244590948,rejected,0.014880843491450415,0.7680708490265667
r60 q0,-1.9473480698541842e-05,0.0693316613696184,-0.39883023545739515,rejected,0.0,0.6900182968875326
vol_surge1 q2,4.588702377264739e-05,0.2500908265992766,0.21394392999636094,rejected,0.017426998120957726,0.8305907820751782
vol_surge5 q4,1.2613855824524571e-05,0.27929107899453254,-0.1679177217668352,rejected,0.0,0.8666480081322365
vol20 q2,-3.161692219279168e-05,-0.042376218459513476,-0.40441757558921554,rejected,0.017155232161630236,0.6859056780043524
ind_mom60 q2,2.5848548779481415e-05,0.32977057990636055,-0.11697598346679072,rejected,0.0,0.9068790852203081
r120 q4,-3.167089347855299e-05,-0.44028038403406144,-0.006217519888806653,rejected,0.0028854379114691235,0.9950391688365231
max20 q1,-4.353562086346644e-05,-0.280678613811132,-0.1441424273219366,rejected,0.014157771666838327,0.885388002367433
vol_ratio q3,2.8039225712718207e-05,0.2801918136158178,-0.08247541810289463,rejected,0.0,0.9342686652381313
r60 q2,-2.753624950727696e-05,-0.08993819065807192,-0.23095435557923663,rejected,0.015092131174499715,0.8173502623664464
ear q0,1.4580427451744145e-05,0.04584426697788885,0.18630854150896536,rejected,0.013945612126414085,0.8522028095794192
rel_ind60 q0,-6.588594181309046e-06,-0.08911276051274905,-0.024283768178082223,rejected,0.0036983754703205428,0.9806262604315182
earn_in_week q1 & news5 q1,1.9027622194036685e-05,0.0,6.475700544619141,rejected,0.0,9.437304948559197e-11
news5 q1 & range_compress q4,0.0001550249877024355,4.229685086840124,1.256730305814317,rejected,0.18999233914833777,0.20885131025772727
intraday20 q0 & rel_ind60 q1,7.40911397324023e-05,3.2421140134198123,-1.9648822049475716,rejected,0.0,0.04942787279228342
news5 q1 & r1 q3,-3.421329906211625e-05,3.4461976066298123,-1.7546835063868185,rejected,0.0,0.07931345878455591
news5 q1 & r20 q3,4.9585736373676466e-05,-1.9055856638908653,2.904324337003296,rejected,0.0,0.0036804667060840734
close_loc q1 & r20 q0,-4.817473781296787e-06,1.9895264254678873,-2.8159898313092895,rejected,0.0,0.004862720577205126
r120 q1 & r20 q0,2.5959117467907824e-06,1.9219563749717619,-2.6581540732215325,rejected,0.0,0.007856996439041966
r1 q2 & skew60 q2,0.00023280580722080308,1.95149830085819,2.50639349201874,rejected,0.4807538764594641,0.012196979805578972
close_loc q1 & ind_mom60 q0,-2.06210147747076e-05,1.1552148847373747,-3.0227571474542025,rejected,0.0,0.002504831691401055
intraday20 q1 & range_compress q1,-0.00017912523350704102,-1.833085789260501,-2.241967765811643,rejected,0.3360563706498126,0.024963455683324913
ind_mom20 q2 & news5 q1,-9.358695337365801e-05,0.6661753572610558,-3.3938150559649336,rejected,0.0,0.0006892622400487672
dist_52wh q2 & earn_in_week q1,0.00012704898651381583,0.9021518070517254,3.102109851276845,rejected,0.7429653323197805,0.001921466414456743
days_to_earn q3 & dist_ma200 q0,6.6275489610248e-05,2.6356538319023617,1.3570296722444033,rejected,0.18208936820863983,0.1747717825904216
ev_shelf q2 & rel_ind20 q3,-1.2888920465976718e-05,-2.3526187091425736,1.588459350218123,rejected,0.0,0.11218250602008227
dist_52wh q1 & overnight20 q3,-0.0001560579432971062,-2.146439294271828,-1.749005993503067,rejected,0.24743817980491037,0.0802899833976633
days_since_earn q0 & ins_officer30 q2,-6.158790937683531e-05,-2.2281164751804665,1.6488233127529486,rejected,0.0,0.09918383746028489
intraday20 q0 & r120 q1,3.193788783849784e-06,1.6669523152115657,-2.1954746791647755,rejected,0.0,0.028129565296693006
days_since_earn q1 & r120 q1,0.00022857459392754503,2.322867999571398,1.4818915502865064,rejected,0.17712262346624766,0.1383691537245529
close_loc q1 & days_to_earn q3,-2.3997663020065866e-05,1.1501448925941595,-2.6229002022681285,rejected,0.0,0.008718480642797436
close_loc q1 & intraday20 q0,1.3143081416352243e-05,1.8494000202741707,-1.9166069244036474,rejected,0.0,0.05528788766122625
mom_12_1 q0 & vol_ratio q1,1.282837685164176e-05,1.657254880611667,-2.105940057826183,rejected,0.0,0.03520955950631841
days_since_earn q0 & mom_12_1 q3,-6.085651860533733e-06,-1.7315443850501748,2.016855445740317,rejected,0.0,0.04371060078788074
r120 q2 & r5_nonews q1,-4.742408720559958e-05,-2.128692635698739,1.596308833140697,rejected,0.0,0.11041985893980476
days_since_earn q0 & ins_buyers30 q2,-7.796121081770656e-05,-2.3133317778321185,1.4094238988047312,rejected,0.0,0.15870986144357296
days_since_earn q0 & ins_value30 q2,-7.796121081770656e-05,-2.3133317778321185,1.4094238988047312,rejected,0.0,0.15870986144357296
dist_ma50 q2 & r20 q3,2.5225484615178793e-05,-1.36692900274419,2.355293473999767,rejected,0.0,0.01850808205318538
mom_12_1 q3 & r60 q3,0.00021407652161689847,0.4492346567656987,3.2616758211446144,rejected,0.6002601921949006,0.0011075572438300374
days_since_earn q2 & dist_52wh q1,-0.00017038911198549974,-1.26587391960162,-2.4435028444143114,rejected,0.425792233517794,0.01454545493773167
close_loc q1 & r1 q3,-3.545266925087138e-05,1.0277947367040208,-2.6633781712016087,rejected,0.0,0.007736041894663678
mom_12_1 q3 & vol_ratio q1,0.00014541193741743404,-0.5088185080671402,3.1776823198243864,rejected,0.0,0.001484573172897682
log_dv q2 & mom_12_1 q3,7.070821192224824e-05,-1.0112484259045933,2.6710017369471952,rejected,0.0,0.007562525547993744
r20 q0 & rel_ind60 q1,9.731709574470412e-05,2.779148356051691,-0.8986831608300646,rejected,0.0,0.36882144888242624
ev_offering q2 & rel_ind20 q3,1.3637302169236029e-05,-2.1123948480052737,1.5476573294156575,rejected,0.0,0.12170482070092029
close_loc q1 & days_since_earn q3,-0.00019351628538449901,-1.7754279801655195,-1.8581152704938326,rejected,0.27537674283778496,0.06315264675249938
days_since_earn q3 & rel_ind60 q1,-3.31613634708119e-05,1.0417128790869832,-2.573294535743082,rejected,0.0,0.010073543931237284
ins_buyers30 q2 & rel_ind60 q1,5.033646653699642e-05,1.6500723817057437,-1.9227821901944544,rejected,0.0,0.05450740968589795
ins_value30 q2 & rel_ind60 q1,5.033646653699642e-05,1.6500723817057437,-1.9227821901944544,rejected,0.0,0.05450740968589795
days_to_earn q4 & ins_officer30 q2,-4.370783510335415e-05,-1.9944920302471314,1.5738164898772808,rejected,0.0,0.1155298806792065
ins_officer30 q2 & rel_ind20 q3,2.028292274690125e-05,-1.9673562713521116,1.5993741764710219,rejected,0.0,0.10973748665798015
ins_officer30 q2 & rel_ind60 q1,6.266693761401284e-05,1.7001829868877865,-1.862625864876302,rejected,0.0,0.06251492272883542
ear q3 & mom_12_1 q3,0.00021539990016109463,0.39134883910552737,3.1621108639425666,rejected,0.5861376281583863,0.0015662992083656224
r120 q1 & range_compress q1,-9.003613357979443e-05,0.6754404001399431,-2.84159848405943,rejected,0.0,0.004488798530623156
mom_12_1 q3 & r120 q2,-3.902783652955654e-05,-1.8118898093891196,1.7007091923610114,rejected,0.0,0.08899760813546
range_compress q2 & rel_ind60 q1,7.39413257332874e-05,2.2024637220560597,-1.3091031436859493,rejected,0.0,0.19049941453058564
ev_shelf q2 & ins_officer30 q2,4.069063881020902e-05,-0.7267737038680608,2.783938214140465,rejected,0.0,0.005370326316344145
ev_shelf q2 & rel_ind60 q1,9.389592158955675e-05,1.8649094538948492,-1.6370314100028078,rejected,0.0,0.10162390671724023
overnight20 q4 & r20 q3,8.843850438176618e-06,-1.3072069893793288,2.1899398421940512,rejected,0.0,0.028528599977687964
ind_mom60 q3 & r120 q2,-2.801010015952401e-05,-1.5306932139067746,1.9621220082658193,rejected,0.0,0.04974828121728876
close_loc q1 & days_since_earn q0,-0.00013871779516825829,-2.034075113708041,-1.451601293959088,rejected,0.16713207145320674,0.14661249876502147
mom_12_1 q3 & overnight20 q4,9.46383329681863e-05,-0.3867328911914082,3.0758036513341627,rejected,0.0,0.002099360427433731
mom_12_1 q3 & r20 q4,3.055947388894677e-05,-1.2519191009441302,2.2082173639168627,rejected,0.0,0.027229124541147457
ev_shelf q2 & intraday20 q3,0.00027728791324179304,1.415930889463596,2.0440754840778093,rejected,0.22354281968957007,0.040946090655379894
r120 q2 & range_compress q2,6.76396608782693e-05,-0.7153924789416929,2.7426244268807936,rejected,0.0,0.006095035323721065
days_to_earn q1 & mom_12_1 q0,-4.557662552247113e-05,0.5564116013181114,-2.898480390571199,rejected,0.0,0.0037497575636097694
ins_officer30 q2 & news5 q1,-0.0002375784444049273,0.8551940117193829,-2.5906716831180683,rejected,0.0,0.009578882868561078
news5 q1 & r20 q2,1.1247689520141595e-05,2.3669373317238045,-1.067514864199461,rejected,0.0,0.2857394051261622
days_to_earn q1 & vol_ratio q4,-9.286906881963632e-05,0.2319648202962044,-3.1838926788202997,rejected,0.0,0.0014530887559349639
days_to_earn q4 & ins_buyers30 q2,-6.171089889762614e-05,-2.0820779330831884,1.324021395821902,rejected,0.0,0.18549593897890673
ins_opportunistic30 q2 & r60 q1,0.00020150368462220277,2.826296100269542,-0.5789220428829075,rejected,0.0,0.5626417759881577
close_loc q1 & r5_news q2,-1.3796036439574473e-05,1.2753929288094954,-2.12208166399224,rejected,0.0,0.033830880884542607
earn_in_week q1 & ins_officer30 q2,8.420523681037487e-05,-0.7678934878209901,2.6294672174352347,rejected,0.0,0.008551877682211188
days_since_earn q1 & rel_ind60 q1,0.00018431907733705777,2.074643858786449,1.316686712118968,rejected,0.19307174885943,0.1879436594921628
dist_52wh q1 & ev_shelf q2,-0.0002765165328023118,-1.504870315988635,-1.8757751829212193,rejected,0.27321614075907336,0.060686157112927616
news5 q1 & r5_news q2,-0.00025276774351219505,0.7629615951868626,-2.6137204371720375,rejected,0.0,0.008956228725358645
ear_volsurge q4 & range_compress q2,-1.233598606300902e-05,-1.711617227909197,1.644145109966868,rejected,0.0,0.10014623188687903
ins_officer30 q2 & intraday20 q3,0.0002692699871117021,1.3358055989836823,2.011873959887095,rejected,0.2442814472476096,0.04423322502006306
ins_buyers30 q2 & intraday20 q3,0.00026565476709264064,1.3417156010124551,2.0032503665780923,rejected,0.25439831206312985,0.04515042199365872
ins_value30 q2 & intraday20 q3,0.00026565476709264064,1.3417156010124551,2.0032503665780923,rejected,0.25439831206312985,0.04515042199365872
dist_ma50 q2 & vol_ratio q1,0.0001707780760360067,1.2579102099237773,2.084229277677602,rejected,0.22819682901178434,0.037139316813641784
days_to_earn q3 & r20 q4,-0.00014449639370767953,-2.4026128044861106,-0.930118006375048,rejected,0.12721849982741426,0.3523099887334439
close_loc q1 & days_since_earn q1,3.0018138424943447e-05,1.675328840480902,-1.6549215379289326,rejected,0.0,0.09794041472774191
ev_shelf q2 & r20 q3,0.00010267354807697146,-0.7902137454693366,2.536009450397919,rejected,0.0,0.01121237082546652
days_to_earn q1 & rel_ind60 q1,-1.7667837255912152e-05,1.082909661911484,-2.2421532985497117,rejected,0.0,0.02495146629094914
r20 q3 & r5_news q2,3.9128972799044046e-05,-1.121025747220296,2.187642786073627,rejected,0.0,0.02869563264514525
ins_officer30 q2 & r20 q3,0.00010838261123026057,-0.7425203733193024,2.5634439633401844,rejected,0.0,0.010363942924939498
dist_52wh q1 & r20 q0,-6.405928305423491e-05,0.8254608305060535,-2.477474999164094,rejected,0.0,0.013231567831619254
days_since_earn q2 & mom_12_1 q0,-7.601528111661556e-05,-0.22365072978812767,-3.0723031335878206,rejected,0.5387911292063252,0.0021241389436407994
r20 q2 & r60 q3,0.0002030310720291355,0.3323175903059776,2.9566385216888396,rejected,0.535958902275501,0.0031101249555099187
news5 q1 & range_compress q1,-0.00012730197807738332,-0.9463362468158192,-2.3248793163462795,rejected,0.3234069874479099,0.02007841425888781
close_loc q1 & days_to_earn q2,0.00017647538209678644,2.838262900336624,0.43177702987356487,rejected,0.04495994638295221,0.665903475753986
min20 q4 & mom_12_1 q3,0.00016230271934679472,0.5524804478595149,2.7111628586579455,rejected,0.45919891837828697,0.006704768600597756
dist_52wh q1 & range_compress q1,-0.0001646862709701909,-1.0425337629152192,-2.2202120582104046,rejected,0.3062318469836316,0.02640437616741098
days_to_earn q4 & rel_ind20 q3,0.00013053186314769918,0.4130092968768923,2.8480789354258538,rejected,0.5094389119512485,0.0043984013698856695
days_since_earn q0 & r20 q3,0.00014643154181798613,0.3540076128066359,2.9068957842328182,rejected,0.5305259904682051,0.003650347895002564
ev_shelf q2 & news5 q1,-0.00025870242193131853,0.6164688515222664,-2.638513759982501,rejected,0.0,0.008327032098305686
ins_buyers30 q2 & rel_ind20 q3,5.783548077005318e-05,-1.5784766252271287,1.6628937736990426,rejected,0.0,0.09633370095464107
ins_value30 q2 & rel_ind20 q3,5.783548077005318e-05,-1.5784766252271287,1.6628937736990426,rejected,0.0,0.09633370095464107
ear q0 & min20 q2,8.784765869442587e-05,2.995867542557575,-0.2360276472931338,rejected,0.0,0.8134112167301387
dist_ma50 q2 & vol_surge1 q1,0.00020161514488851662,1.8331587311780924,1.396634123767816,rejected,0.18415944091211703,0.1625236233211978
days_since_earn q1 & r5_nonews q4,2.735833181073632e-05,1.7926569328305906,-1.4129705396669043,rejected,0.0,0.1576643864821212
days_to_earn q3 & rel_ind60 q1,0.00015368564643380596,1.9318013425713754,1.263794868917373,rejected,0.1833063371444399,0.20630366335300093
days_since_earn q1 & earn_in_week q1,0.00010153414776108926,2.6973860438744857,0.49718295483903946,rejected,0.04052102474238664,0.6190600402820594
days_to_earn q3 & earn_in_week q1,9.969183713525802e-05,2.5877343447621826,0.6067336762885414,rejected,0.04373831502310236,0.5440276694209867
close_loc q1 & news5 q4,-8.02052661899305e-05,-2.600738196022258,-0.5858188128017775,rejected,0.03884876642660292,0.557997280026682
r20 q2 & r5 q1,2.99254569981294e-05,-1.1139846154827124,2.0316253617228286,rejected,0.0,0.042191597171438715
earn_in_week q1 & ev_shelf q2,0.0001451087938779328,-0.24546246869310734,2.8931028312384965,rejected,0.0,0.003814563869653407
overnight20 q3 & r120 q1,-3.7395096758154105e-05,0.9172021357084256,-2.210076541491935,rejected,0.0,0.02709985061883227
days_to_earn q2 & dist_52wh q1,-0.00016583709522902674,-1.018031610211598,-2.1068230231408513,rejected,0.2100231741107749,0.03513292303574765
days_to_earn q1 & ind_mom60 q3,-9.899830710434338e-05,-0.4283162950733875,-2.688632849502094,rejected,0.41722813152217686,0.00717452811436938
min20 q4 & r60 q3,0.00020192854779506192,1.353315101118591,1.7592903584936261,rejected,0.24539884274883653,0.07852820338464417
news5 q1 & r5_nonews q4,-8.672760195855081e-05,0.3727555966095477,-2.7380745467887597,rejected,0.0,0.006180006556845846
close_loc q1 & overnight20 q3,-0.00014960630905289514,-1.2999766144559446,-1.8099595291257957,rejected,0.24271439419383745,0.07030206345049471
days_to_earn q4 & intraday20 q3,0.00013109702867881534,1.5324629788725685,1.5719501560608633,rejected,0.21442374867100908,0.11596211123807522
days_since_earn q2 & news5 q1,-4.4581613370192716e-05,-2.685112910105606,-0.4157042578697775,rejected,0.033497889140553856,0.6776264251800543
ind_mom60 q3 & range_compress q1,-0.0001423409313553526,-1.403880031483522,-1.6887478117948242,rejected,0.20070513370438048,0.09126776886196064
r1 q1 & r120 q2,-4.89291359892259e-05,-1.595668388662052,1.4863955356116663,rejected,0.0,0.13717452999094498
ind_mom20 q3 & log_dv q2,-0.00010262734041739741,-2.7741260988956133,0.30695699369032614,rejected,0.0,0.758876106983125
dist_52wh q2 & r60 q3,-3.5594236231386305e-05,-1.7314165070320895,1.3436914788442726,rejected,0.0,0.17904817394955197
days_since_earn q3 & days_to_earn q1,-0.00021670617029657114,-0.2604074481164696,-2.80830659218347,rejected,0.4461197155762629,0.004980278756630977
ind_mom60 q3 & news5 q2,-5.639493391341482e-05,-1.8013361770937497,1.2611509887376724,rejected,0.0,0.20725445291227285
r120 q1 & r5_news q2,-9.870722757160514e-05,0.7810959805670403,-2.2734707812447295,rejected,0.0,0.02299782496028534
ins_buyers30 q2 & r20 q3,0.00015022723110309942,-0.42796388297767,2.6143290333262983,rejected,0.0,0.00894028921432311
ins_value30 q2 & r20 q3,0.00015022723110309942,-0.42796388297767,2.6143290333262983,rejected,0.0,0.00894028921432311
mom_12_1 q3 & r1 q2,0.00014751350954279505,0.3163951579010275,2.7059068485212334,rejected,0.40174142962055426,0.006811815056001761
close_loc q1 & ev_shelf q2,-9.803144285602777e-05,0.7776916045406885,-2.243878755493255,rejected,0.0,0.02484020338889157
dist_52wh q4 & ear_volsurge q2,0.000213722638728358,1.2276447103697092,1.7921855906957342,rejected,0.22519573885258184,0.07310324203284715
days_to_earn q1 & ins_officer30 q2,-0.00023940731623268378,-0.3175772143940201,-2.698473193742435,rejected,0.39566680291391376,0.0069658347709723005
close_loc q1 & r120 q1,-0.00015492963073144984,-0.9424617610156849,-2.0676119554999755,rejected,0.21476857838670615,0.03867652695432638
r20 q3 & rel_ind20 q3,-3.982453878880523e-05,-1.5951077503185076,1.4136068137043285,rejected,0.0,0.15747737957187719
ev_shelf q2 & r20 q0,4.4157861600304175e-05,1.5662286648264883,-1.4377091491731744,rejected,0.0,0.15051659606286025
dist_52wh q1 & ins_buyers30 q2,-0.00024082842645788702,-1.1553149487556926,-1.8427763946920979,rejected,0.24736373079800603,0.06536166465759045
dist_52wh q1 & ins_value30 q2,-0.00024082842645788702,-1.1553149487556926,-1.8427763946920979,rejected,0.24736373079800603,0.06536166465759045
r20 q0 & range_compress q1,1.441873152263088e-05,1.316360057608212,-1.6785951657360254,rejected,0.0,0.09323096936885455
ev_shelf q2 & r120 q1,-6.410555744855922e-05,1.016217398147309,-1.9776911748558386,rejected,0.0,0.047963556455899295
news5 q4 & r20 q3,0.00010741613348909684,1.2910775005587019,1.6910520394414534,rejected,0.19253390927507485,0.09082686405253973
days_to_earn q1 & ev_shelf q2,-0.00024319886395931156,-0.34281521491517114,-2.626516406067622,rejected,0.40377011833057647,0.008626383391728507
ins_buyers30 q2 & r5_nonews q1,-4.957270656924154e-05,-1.578400735837099,1.3805844052614071,rejected,0.0,0.1674067810007042
ins_value30 q2 & r5_nonews q1,-4.957270656924154e-05,-1.578400735837099,1.3805844052614071,rejected,0.0,0.1674067810007042
dist_52wh q2 & ind_mom60 q3,-2.5512910179277432e-05,-1.5137024845053741,1.4351115579664178,rejected,0.0,0.15125531050124374
dist_52wh q2 & min20 q4,0.00016718886802519025,0.7777325285337313,2.1683191342416017,rejected,0.24449354650143895,0.03013441358848924
dist_52wh q1 & ind_mom60 q0,-0.00013652620322119631,-1.615647497699657,-1.3219018063143573,rejected,0.18572466448169414,0.1862008508639482
ind_mom60 q3 & mom_12_1 q3,1.759191735646742e-05,-0.9585119861405937,1.9743147379556945,rejected,0.0,0.048345966117328894
days_to_earn q1 & gap_today q3,-0.000158375132615398,-0.8201265741131002,-2.11132459225282,rejected,0.20721082759929532,0.03474442166342496
ind_mom20 q0 & vol_surge5 q3,4.9697102199661876e-06,1.2559784470760473,-1.6736722320587158,rejected,0.0,0.09419503395831864
frog q1 & rel_ind60 q1,0.0001234197478408566,2.441694100752028,-0.4847244338501773,rejected,0.0,0.6278718318857637
dist_52wh q1 & ins_officer30 q2,-0.0002357422532075657,-1.1018469270184614,-1.8242090937830788,rejected,0.231364890776949,0.06812046731833382
ins_buyers30 q2 & news5 q1,-0.00017423910817330093,0.9309993809443609,-1.98970307546541,rejected,0.0,0.04662365372016414
ins_value30 q2 & news5 q1,-0.00017423910817330093,0.9309993809443609,-1.98970307546541,rejected,0.0,0.04662365372016414
dist_ma200 q1 & max20 q2,9.643709591291377e-05,2.1454865739235593,-0.772908465730387,rejected,0.0,0.4395765541994879
ins_buyers30 q2 & r120 q2,2.5214041892144457e-05,-0.9838553343249858,1.9221110211804733,rejected,0.0,0.054591789585011596
ins_value30 q2 & r120 q2,2.5214041892144457e-05,-0.9838553343249858,1.9221110211804733,rejected,0.0,0.054591789585011596
days_since_earn q1 & dist_52wh q2,6.016922334354735e-05,-0.8857013775355932,2.0185869757072763,rejected,0.0,0.043530165849691244
days_since_earn q3 & r20 q4,-4.4459009837538874e-05,0.177516397376051,-2.723595504294845,rejected,0.0,0.00645755420457976
close_loc q1 & days_to_earn q1,-0.00013900952359883868,-1.3447886743441197,-1.55609679927245,rejected,0.20030003982311886,0.11968507601797812
intraday20 q1 & r20 q0,1.5793603698795577e-05,1.7468473013948433,-1.1517090835207098,rejected,0.0,0.249440638360008
mom_12_1 q3 & range_compress q1,4.560431161673189e-05,-0.7351451015679682,2.162388518829793,rejected,0.0,0.030588241792968623
ind_mom60 q3 & ins_buyers30 q2,-5.692904868101627e-05,-1.6451554642480049,1.2467706335468929,rejected,0.0,0.2124816111574319
ind_mom60 q3 & ins_value30 q2,-5.692904868101627e-05,-1.6451554642480049,1.2467706335468929,rejected,0.0,0.2124816111574319
close_loc q1 & mom_12_1 q0,-4.6205206715607355e-05,0.6222059286955937,-2.2532483989292,rejected,0.0,0.024243491305755406
r5 q2 & r60 q1,9.898029249283105e-05,2.197062303320538,-0.6758079624683672,rejected,0.0,0.49916257862616137
mom_12_1 q3 & rel_ind20 q3,0.0001655131914911548,0.4327381974399045,2.4352103620359746,rejected,0.30703533216048556,0.014883134416658186
dist_ma50 q2 & r1 q2,0.00016071450341778343,0.3383080997011728,2.5219404072487013,rejected,0.3146061651371681,0.011670947814773961
ind_mom60 q3 & ins_officer30 q2,-7.219059331968457e-05,-1.7545126222490475,1.105663990989833,rejected,0.0,0.2688719813073161
dist_52wh q2 & r1 q0,-3.650978981967689e-05,-1.5587208369955503,1.2986261465067377,rejected,0.0,0.19407226044074308
dist_52wh q1 & news5 q1,4.101565026219693e-06,-2.208670146823134,0.6478569608060808,rejected,0.0,0.5170774699869364
intraday20 q3 & r5 q1,0.00013360238081178995,1.1759037062044584,1.6703104835399483,rejected,0.2041754739596295,0.09485795006925696
days_to_earn q3 & mom_12_1 q3,0.00012980403884694583,-0.020123653090858805,2.8239327976022537,rejected,0.0,0.004743833027192936
overnight20 q0 & r5_news q2,0.00014615728648760973,2.8162766048835004,-0.027129273288850893,rejected,0.0,0.9783566266409209
news5 q1 & vol_surge1 q2,4.562818751436273e-06,1.6130590301362697,-1.2288001065708785,rejected,0.0,0.21914676157502036
dist_ma50 q3 & r120 q2,0.00011316098730655302,-0.006507835185725513,2.8315258173779285,rejected,0.0,0.004632649349361393
ev_shelf q2 & r120 q2,4.851426770575458e-05,-0.8305159719921557,2.007145664821795,rejected,0.0,0.044734155134738135
ins_officer30 q2 & r120 q2,4.882229719790294e-05,-0.8286079677408983,2.0083900716382197,rejected,0.0,0.04460185710491504
dist_ma200 q3 & ind_mom20 q3,-1.0337641125091333e-05,-1.362253328335463,1.474381607752613,rejected,0.0,0.14037887365137963
dist_ma50 q3 & r20 q3,0.00018604783126048593,0.6130325373424568,2.2221826886016003,rejected,0.2597015408688042,0.02627096188875927
days_to_earn q2 & rel_ind60 q1,2.3613079637656413e-05,1.5091739888216762,-1.3248479730773357,rejected,0.0,0.1852215797127096
ins_buyers30 q2 & r120 q1,-9.756535783103008e-05,0.7651898035548811,-2.065573689434279,rejected,0.0,0.03886875089003895
ins_value30 q2 & r120 q1,-9.756535783103008e-05,0.7651898035548811,-2.065573689434279,rejected,0.0,0.03886875089003895
close_loc q2 & gap_today q0,7.601812963982038e-05,-0.06762135177418406,2.762541895953099,rejected,0.0,0.005735320057978828
dist_52wh q1 & vol_ratio q1,-0.00012190930315570045,-1.4788495645131372,-1.3415925205305836,rejected,0.18472862419226896,0.1797281526566457
min20 q4 & r5 q1,0.0001605567241612441,1.2811506192907027,1.530214665951715,rejected,0.19018374005205335,0.12596360233926276
r5 q1 & range_compress q4,0.00014527151782172738,1.140768679946571,1.6703196726014626,rejected,0.20057521254663066,0.09485613296125346
ev_shelf q2 & ins_buyers30 q2,0.00011776716683855991,-0.12740829197589412,2.679261250154393,rejected,0.0,0.007378480082233005
ev_shelf q2 & ins_value30 q2,0.00011776716683855991,-0.12740829197589412,2.679261250154393,rejected,0.0,0.007378480082233005
intraday20 q3 & r1 q2,0.00014392458738014647,0.7996489091585552,1.9914284571604042,rejected,0.21816847706971956,0.04643380328909678
ins_opportunistic30 q2 & range_compress q2,0.00027113418649023143,1.52255733844323,1.2568429692140066,rejected,0.17660839016759577,0.20881050312323615
frog q0 & r1 q0,-2.228160493956889e-06,1.0649165249206922,-1.7142920328756022,rejected,0.0,0.0864751056194777
earn_in_week q1 & r20 q4,5.768331792779629e-10,1.1477504810946957,-1.6261458176109571,rejected,0.0,0.10391863919010597
r120 q1 & r5_nonews q1,5.399626811028069e-05,1.843058532712304,-0.9270561169562357,rejected,0.0,0.3538973988180348
close_loc q1 & vol_ratio q4,-7.959317874711254e-05,0.36726565882649553,-2.397459114092029,rejected,0.0,0.016509223320725776
days_since_earn q1 & r5 q4,2.6589027016256554e-05,1.4700369194393237,-1.294260289294857,rejected,0.0,0.1955755281814344
dist_52wh q2 & ins_buyers30 q2,5.77858763712072e-05,-0.8151804035102406,1.945306764063973,rejected,0.0,0.05173806852253642
dist_52wh q2 & ins_value30 q2,5.77858763712072e-05,-0.8151804035102406,1.945306764063973,rejected,0.0,0.05173806852253642
days_to_earn q1 & news5 q1,-0.00015000924625059865,-0.7672249836327786,-1.993141960912694,rejected,0.2129630352937148,0.04624590433038713
ins_buyers30 q2 & range_compress q2,0.0002565543813643885,1.3085688423199926,1.449282677518311,rejected,0.15567847440184937,0.14725865662720636
ins_value30 q2 & range_compress q2,0.0002565543813643885,1.3085688423199926,1.449282677518311,rejected,0.15567847440184937,0.14725865662720636
days_to_earn q1 & r5_news q2,-0.00021380102587963883,-0.09941727688065814,-2.65832025839083,rejected,0.33928689254920513,0.007853122782577382
news5 q1 & rel_ind60 q1,-5.7494685542204644e-05,0.868078762715357,-1.8867276850544148,rejected,0.0,0.05919696197997326
close_loc q1 & rel_ind60 q1,2.6501467143536716e-05,1.1672781530029668,-1.586939595080948,rejected,0.0,0.11252632609856597
days_since_earn q1 & news5 q1,-4.351158464721274e-05,1.6566168871088682,-1.094079397835799,rejected,0.0,0.2739201572918833
ind_mom60 q0 & intraday20 q0,-1.8993841409194498e-05,0.9653121025560095,-1.77953882854757,rejected,0.0,0.07515146494888561
dist_52wh q2 & intraday20 q1,-3.925404061701333e-05,-1.5615899207895976,1.1725083475143276,rejected,0.0,0.24099302268703315
r120 q2 & r20 q3,9.553338479206978e-05,-0.18550362170522097,2.5466439601078026,rejected,0.0,0.010876433946716052
range_compress q4 & rel_ind60 q3,0.00015499980552102186,2.0075516884797824,0.7142420108768185,rejected,0.07374036552896827,0.4750775432700579
dist_ma50 q4 & r1 q3,-0.00010846556865689036,-0.8631063297113154,-1.857923966256617,rejected,0.23278092966626404,0.06317981245460808
ins_officer30 q2 & r120 q1,-6.633058363174619e-05,0.8762332718530327,-1.8431826759006642,rejected,0.0,0.06530234341692413
dist_ma50 q3 & mom_12_1 q3,5.966596155348574e-05,-0.7412897299715411,1.9571783451332971,rejected,0.0,0.0503265038616139
overnight20 q1 & r1 q2,3.169702003670687e-06,-1.1253087770368986,1.5697130484202901,rejected,0.0,0.11648188418239344
ins_buyers30 q2 & mom_12_1 q3,0.00017610181152188464,-0.1663403999877473,2.5250930948587316,rejected,0.0,0.011566764389345266
ins_value30 q2 & mom_12_1 q3,0.00017610181152188464,-0.1663403999877473,2.5250930948587316,rejected,0.0,0.011566764389345266
rel_ind60 q1 & vol_surge1 q1,3.218878243587946e-05,1.245702480882501,-1.4376454556731406,rejected,0.0,0.1505346765473512
r20 q3 & vol_surge1 q1,8.927437982250433e-05,-0.48651504139026697,2.1955725513088735,rejected,0.0,0.02812255269585035
overnight20 q4 & r5 q1,2.463780667750835e-05,-0.4313536503488507,2.2459229712207893,rejected,0.0,0.024708942232995024
ev_shelf q2 & overnight20 q4,-1.3560575730412128e-05,-1.088760041473543,1.5799104700014233,rejected,0.0,0.11412737115492465
days_to_earn q3 & dist_52wh q2,4.317681909920807e-05,-0.8496372073507705,1.8158041916112002,rejected,0.0,0.06940041408889344
ins_officer30 q2 & vol_surge1 q1,0.0002566832133656622,1.5297713564636823,1.1347861410156534,rejected,0.15400599247737543,0.2564649344202187
days_to_earn q2 & ind_mom20 q4,-0.00012152627377398955,-0.7070466092702842,-1.9553512644995947,rejected,0.21362182488120487,0.05054162423274183
close_loc q1 & dist_ma50 q4,-9.349488053859284e-05,-0.8759940927963599,-1.7853037736025352,rejected,0.21090323671397493,0.07421205711139756
news5 q1 & r60 q3,0.0001683534505474699,1.0865390459797684,1.5697500992852498,rejected,0.20140878471175916,0.11647326084880023
close_loc q1 & vol_ratio q1,1.3544852061273097e-07,-1.0600306026913855,1.5944186502686342,rejected,0.0,0.11084229791725121
days_since_earn q2 & ins_officer30 q2,-0.00024058194608844602,-1.3035575407769957,-1.3494360579479694,rejected,0.165322203551392,0.17719694554734983
dist_ma50 q2 & ind_mom60 q3,7.72275540937973e-05,-0.3889554653107173,2.2633781036962937,rejected,0.0,0.023612391350087344
r120 q3 & skew60 q0,-9.135913548732864e-05,-0.6229658282559511,-2.025158659781461,rejected,0.1922364640811113,0.04285107510383272
days_to_earn q3 & r5_nonews q4,1.537669176908585e-05,1.3462111621667572,-1.3009070180715978,rejected,0.0,0.1932902835983745
days_to_earn q3 & r20 q0,9.204993862027058e-05,1.6248526468093312,1.0138663724969825,rejected,0.14119805401359764,0.310646519209319
days_to_earn q2 & r120 q1,-8.447514818577708e-05,0.5350459197061352,-2.101738970512725,rejected,0.0,0.03557614782505078
days_to_earn q0 & log_dv q3,-5.925658779645563e-06,1.0394681477661916,-1.5926335540020788,rejected,0.0,0.11124242162003073
ins_officer30 q2 & r20 q0,4.3012610255033444e-05,1.3868778771655703,-1.2440995372067658,rejected,0.0,0.21346293136597128
dist_52wh q1 & mom_12_1 q3,-0.00011175989574170249,-0.4133165870059698,-2.2176088795133673,rejected,0.23191469055094646,0.026581511932656683
gap_today q3 & intraday20 q0,2.959247942166955e-05,1.5570056886782977,-1.0696560916733016,rejected,0.0,0.28477413716561634
earn_in_week q1 & ins_buyers30 q2,0.00011037450134658073,0.16288358774319958,2.4556121749290845,rejected,0.2785828436449907,0.014064485007592093
earn_in_week q1 & ins_value30 q2,0.00011037450134658073,0.16288358774319958,2.4556121749290845,rejected,0.2785828436449907,0.014064485007592093
days_to_earn q3 & r120 q1,0.00013980499067854004,1.3592259824736166,1.2589222615806217,rejected,0.17255140762176316,0.20805841212746717
ins_buyers30 q2 & vol_surge1 q1,0.00025012414532382313,1.6102045291554896,1.004585384955405,rejected,0.14699963733312169,0.3150965376226017
ins_value30 q2 & vol_surge1 q1,0.00025012414532382313,1.6102045291554896,1.004585384955405,rejected,0.14699963733312169,0.3150965376226017
mom_12_1 q3 & news5 q4,9.770666851643256e-06,-1.1198205243903998,1.490983567058327,rejected,0.0,0.13596580935172664
ins_officer30 q2 & mom_12_1 q3,0.00018823948263631742,-0.04208541469974348,2.5670302120108364,rejected,0.0,0.010257367497169588
ind_mom60 q0 & mom_12_1 q0,-2.5263564271405143e-05,0.6860990942062711,-1.9193601881392457,rejected,0.0,0.05493876569581203
dist_52wh q1 & rel_ind60 q1,0.00011589703768639061,2.06967314861232,-0.5308646341084087,rejected,0.0,0.595512586729154
r1 q3 & r20 q3,3.9949508884261126e-05,-0.686155808487177,1.9076866292112102,rejected,0.0,0.05643173088976993
days_to_earn q2 & r120 q0,2.3097646502585132e-05,1.461352973927341,-1.1313897138383897,rejected,0.0,0.2578910989688233
days_since_earn q2 & dist_ma50 q2,-1.8952616009423386e-05,-1.2684248497706279,1.3241975343758636,rejected,0.0,0.1854374495149746
days_to_earn q3 & r60 q3,-7.816949361822051e-05,-1.8936960836401353,0.6975380735950806,rejected,0.0,0.48546612087715824
ind_mom20 q3 & log_dv q3,-0.0001343478758759076,-2.32290951716746,-0.26077602802220645,rejected,0.022735691711952766,0.7942652318372776
days_to_earn q2 & r5_nonews q2,0.00016618033450231654,2.0414226811390166,0.5418294813108724,rejected,0.03551024924599021,0.5879359799684367
rel_ind20 q0 & vol_surge5 q2,-1.3647562406144521e-05,0.6870866050839937,-1.8946315966745788,rejected,0.0,0.05814122574594652
dist_52wh q1 & r5_nonews q4,-9.566984113596575e-05,-1.211951551415221,-1.368966570404539,rejected,0.1690066749054433,0.1710097248121399
days_to_earn q2 & r20 q0,1.1958179584460023e-05,1.1753663122007878,-1.403638094113826,rejected,0.0,0.16042664538739287
r20 q3 & r5_nonews q1,-2.5146782686850365e-08,-0.981185661465804,1.5967483388656893,rejected,0.0,0.11032181579449497
mom_12_1 q3 & range_compress q4,0.00012455434173422474,0.6701048334682996,1.903735313158399,rejected,0.2243308571209338,0.05694466489231159
dist_ma50 q2 & r5 q1,5.983148002527648e-05,-0.6559517121138188,1.9144969268203709,rejected,0.0,0.055556691431205854
ins_buyers30 q2 & r5_nonews q4,1.4435181605967672e-05,1.1962567436167932,-1.3716299235785387,rejected,0.0,0.170178673563878
ins_value30 q2 & r5_nonews q4,1.4435181605967672e-05,1.1962567436167932,-1.3716299235785387,rejected,0.0,0.170178673563878
ins_buyers30 q2 & log_dv q2,4.16566268955632e-05,-1.114652681483459,1.451690809873943,rejected,0.0,0.14658759579817635
ins_value30 q2 & log_dv q2,4.16566268955632e-05,-1.114652681483459,1.451690809873943,rejected,0.0,0.14658759579817635
dist_ma50 q0 & frog q0,-0.00010834047524607247,-0.8630808194976742,-1.7025560663247143,rejected,0.17791402735874565,0.08865117776283933
ear q3 & r120 q2,4.065189564848776e-05,-0.5909358275951964,1.9739093794108644,rejected,0.0,0.0483920480717164
dist_52wh q1 & r20 q4,-6.243629835306205e-05,-1.0649420005997268,-1.4984285534241104,rejected,0.16020060248152385,0.13402194246625487
days_since_earn q2 & r20 q3,1.4631452019094309e-05,-1.0925337218239475,1.4621299133322792,rejected,0.0,0.14370561294823667
mom_12_1 q2 & r120 q4,-3.758905853778571e-07,1.2116701453591736,-1.3418400190992954,rejected,0.0,0.17964787332697002
log_dv q2 & news5 q1,-8.844275726797782e-05,-0.4614817358942083,-2.088845052489308,rejected,0.16725661642794892,0.03672167340606105
days_since_earn q2 & r20 q0,-6.722255620960466e-05,-0.16372251117052897,-2.38530847826173,rejected,0.23549491646671647,0.017064805326488908
ins_officer30 q2 & range_compress q2,0.00024217740087048223,1.2784092483623848,1.268716720627038,rejected,0.16908817236734788,0.20454211668644473
close_loc q1 & dist_52wh q1,-5.9637705834232315e-05,0.31826862550507984,-2.2265866678188955,rejected,0.0,0.025974910805446703
gap_today q3 & r20 q4,-8.325327085587302e-05,-0.450470299625257,-2.093739967121239,rejected,0.1708928354964312,0.03628315054311754
mom_12_1 q3 & r20 q2,7.544336861323742e-06,-1.1222750274323363,1.4200074721620748,rejected,0.0,0.15560550570708975
min20 q4 & mom_12_1 q0,8.302348202569206e-06,1.4313709304409092,-1.1081942946507104,rejected,0.0,0.2677779142874326
ins_officer30 q2 & range_compress q1,-0.0002376911798282843,-0.9681847302614297,-1.5712574129074923,rejected,0.19383517511937304,0.11612286901637085
news5 q1 & r20 q4,-5.942611738652154e-05,-0.9673510413522562,-1.5718199768749832,rejected,0.19221542763620178,0.11599230722920809
days_since_earn q1 & r20 q0,9.264786164351062e-05,1.3977458559197702,1.140831813421233,rejected,0.1483861892915591,0.2539399189919146
ev_shelf q2 & mom_12_1 q3,0.00019139772491841238,0.07696614154510656,2.456618945379118,rejected,0.2576630065052481,0.01402513642514798
ear q3 & vol_ratio q4,0.00011764561119285014,1.2231167051116618,1.309905059910471,rejected,0.1762216159707447,0.19022795520501823
close_loc q0 & r20 q3,-7.530403646653477e-05,-2.0506622183811025,0.4753189307454541,rejected,0.0,0.6345596679102704
r120 q2 & r5_news q2,6.571588557569226e-05,-0.6016010864660724,1.9224617720611803,rejected,0.0,0.05454767932557162
intraday20 q0 & r5 q0,-4.0459538267924455e-05,0.5607600164464733,-1.9612547231399502,rejected,0.0,0.049849316107232026
ev_red_flag q2 & ins_officer30 q4,-1.968878371491875e-05,0.44151336720008666,-2.0786440267054616,rejected,0.0,0.037650081178084056
close_loc q1 & rel_ind20 q3,-0.00012720846192939065,-0.9734314467206545,-1.5465282080853202,rejected,0.17950816348332943,0.12197705299638856
days_since_earn q3 & ins_officer30 q2,-8.245522831545685e-05,0.5873753897408179,-1.9293153785541386,rejected,0.0,0.05369172173160109
gap_today q3 & ins_officer30 q2,-7.315355699728656e-05,0.717165852128612,-1.7986438480881841,rejected,0.0,0.07207503655097411
r1 q3 & rel_ind60 q1,-2.678978372615093e-05,0.8670023925100172,-1.6462458022349842,rejected,0.0,0.09971316285700109
days_since_earn q3 & dist_ma50 q2,0.0001603065977012144,0.8093273388296696,1.6998053386089425,rejected,0.17345841111744836,0.08916754702445487
ins_officer30 q2 & log_dv q2,2.2600860143606924e-05,-1.1419057600605491,1.3659686568255829,rejected,0.0,0.17194880135202517
ins_buyers30 q2 & r5 q1,3.327885463764981e-05,-0.7637397154679226,1.7335422883878575,rejected,0.0,0.0829993279661422
ins_value30 q2 & r5 q1,3.327885463764981e-05,-0.7637397154679226,1.7335422883878575,rejected,0.0,0.0829993279661422
r120 q2 & vol_surge1 q1,3.9710967524307326e-05,-0.9116389079489214,1.5812216636258858,rejected,0.0,0.11382736368504494
days_since_earn q3 & mom_12_1 q0,-7.851296155706981e-07,1.0050340935626823,-1.4868940784287321,rejected,0.0,0.13704278848079085
days_to_earn q1 & ins_buyers30 q2,-0.00021247644353778575,-0.5971960302169556,-1.8941662849736494,rejected,0.2089966080991635,0.058202941701895536
days_to_earn q1 & ins_value30 q2,-0.00021247644353778575,-0.5971960302169556,-1.8941662849736494,rejected,0.2089966080991635,0.058202941701895536
close_loc q1 & ins_officer30 q2,-6.042672133086642e-05,0.7635279479755074,-1.7265182518805708,rejected,0.0,0.08425421860749004
close_loc q4 & skew60 q0,3.696519023737128e-05,1.3794679712714464,-1.11032256325657,rejected,0.0,0.2668600535960479
rel_ind20 q3 & skew60 q2,-3.814251473792263e-05,-1.4961854352827078,0.9930718345543506,rejected,0.0,0.320674948662907
days_to_earn q1 & r20 q0,-3.1362634554496814e-05,0.621763916717596,-1.865526637194818,rejected,0.0,0.06210762205158562
ev_shelf q2 & gap_today q3,-7.927474554208786e-05,0.663384117965981,-1.8217533005359183,rejected,0.0,0.06849242649627561
dist_ma50 q1 & ear_volsurge q3,-0.00012265398135622544,-1.0990471195022968,-1.3857984187262797,rejected,0.16766495806854356,0.16580846537843882
dist_ma50 q2 & intraday20 q3,6.80653424598962e-05,-0.43652747232746514,2.042385841114686,rejected,0.0,0.04111327311288124
ins_officer30 q2 & r5_nonews q1,-5.7982516773568424e-05,-1.3677610710519161,1.1095608948048732,rejected,0.0,0.26718829019620444
ins_buyers30 q2 & r20 q0,6.259656949600169e-05,1.4362163188111055,-1.040209563045728,rejected,0.0,0.298242549536029
ins_value30 q2 & r20 q0,6.259656949600169e-05,1.4362163188111055,-1.040209563045728,rejected,0.0,0.298242549536029
dist_52wh q1 & r120 q1,-0.00010922299049916367,0.49685132100064544,-1.9763560012947337,rejected,0.0,0.04811447108401367
days_since_earn q2 & earn_in_week q1,-4.7722225176108426e-05,-2.4192508871925953,-0.051847892309464606,rejected,0.009868603737521782,0.9586498942983865
overnight20 q1 & skew60 q0,-4.825967710352133e-05,0.6203185075556691,-1.8497834067198144,rejected,0.0,0.06434477338125123
days_since_earn q0 & intraday20 q3,0.00010336188536452974,0.9664177340924377,1.5020487730496517,rejected,0.15271909381900325,0.1330845132240335
days_to_earn q2 & mom_12_1 q0,-5.448540528502172e-05,0.38320770329490994,-2.084918890378897,rejected,0.0,0.037076663642598574
ev_shelf q2 & r5_nonews q4,3.6364244045903668e-06,1.0561189088621226,-1.4110699655122336,rejected,0.0,0.15822398495075057
mom_12_1 q3 & r20 q3,0.00011951821307164936,-0.02721897801067848,2.437894001006356,rejected,0.0,0.014773105210683653
min20 q1 & r5_news q2,-0.00020216728023806965,-1.679021856989446,-0.7815021473547292,rejected,0.09264626215120332,0.43450721424269967
ev_shelf q2 & ins_officer30 q4,-1.9512879903268227e-05,0.41268064486568434,-2.039338195952286,rejected,0.0,0.041416286042443455
intraday20 q1 & news5 q1,-2.6608960408527137e-05,0.8028052213461057,-1.6446689302745623,rejected,0.0,0.10003810340747557
days_to_earn q2 & gap_today q3,-3.568224015824877e-05,0.8467170068696392,-1.60070294054587,rejected,0.0,0.10944272956900922
r5 q1 & r60 q3,-0.00014248496024139157,-2.344085395915531,-0.09858053691181097,rejected,0.016598921166151956,0.9214713240300598
ind_mom60 q1 & r1 q0,6.70734973584187e-05,0.9170267335915241,1.521741095059594,rejected,0.16871426837156692,0.12807396622226178
ins_buyers30 q4 & ins_officer30 q4,-1.930908528515074e-05,0.41268064486568434,-2.0234600179979605,rejected,0.0,0.04302574172407461
ins_officer30 q4 & ins_value30 q4,-1.930908528515074e-05,0.41268064486568434,-2.0234600179979605,rejected,0.0,0.04302574172407461
ev_shelf q2 & min20 q4,0.00020334109152778934,1.0939912979597448,1.3362559596896912,rejected,0.16812574334050345,0.18146562596429675
ins_buyers30 q2 & min20 q4,0.00020102582760605833,1.117594227334894,1.3101997576778601,rejected,0.1708027800168359,0.1901282677036313
ins_value30 q2 & min20 q4,0.00020102582760605833,1.117594227334894,1.3101997576778601,rejected,0.1708027800168359,0.1901282677036313
days_since_earn q3 & ev_shelf q2,-0.00010198005211511871,0.4927079261098261,-1.9346291499720414,rejected,0.0,0.0530358202759908
dist_ma50 q2 & r20 q2,0.00016695979415221504,0.3874000972316722,2.0358425590718774,rejected,0.16520707987401467,0.0417661673035769
gap_today q3 & r20 q0,-9.651059429214287e-06,0.9389888802418063,-1.4806187534051694,rejected,0.0,0.1387081951647255
dist_52wh q2 & ins_officer30 q2,8.22217323787567e-05,-0.5404128177031918,1.8737964631842028,rejected,0.0,0.06095848408118539
dist_52wh q2 & mom_12_1 q3,7.193471706501204e-05,-0.3310063719441245,2.081692070929558,rejected,0.0,0.0373706053501659
ins_buyers30 q2 & r1 q2,0.00020679101414574673,0.70039290434525,1.7090994596904288,rejected,0.1772736042606976,0.08743252766355233
ins_value30 q2 & r1 q2,0.00020679101414574673,0.70039290434525,1.7090994596904288,rejected,0.1772736042606976,0.08743252766355233
days_since_earn q2 & ind_mom60 q0,-2.4922392187101022e-06,0.6873450145108491,-1.7214423145330562,rejected,0.0,0.08517059138289053
ins_officer30 q2 & min20 q4,0.00020117167888278627,1.0622010259648225,1.3401250360842527,rejected,0.1696114365203434,0.1802046978391207
gap_today q3 & rel_ind60 q0,-9.216085660919013e-05,-0.7110768246433422,-1.690260837748289,rejected,0.1643833478298928,0.09097806383416189
close_loc q1 & news5 q1,-4.2584051960749604e-07,1.6048372206914958,-0.7957752234541322,rejected,0.0,0.42616269518882327
gap_today q3 & r120 q1,3.50355892885572e-05,1.353639633962923,-1.0468938548924418,rejected,0.0,0.2951485363880311
ev_shelf q2 & range_compress q1,-0.00022420705654272455,-0.7612459723853604,-1.6371547168279095,rejected,0.18326195604780168,0.10159814608198296
mom_12_1 q0 & range_compress q1,-8.667480668201158e-05,-0.38720380578765473,-2.004565233048592,rejected,0.1805885933152386,0.04500954656352936
gap_today q3 & ins_buyers30 q2,-5.634530446132553e-05,0.7475638656764301,-1.6414524896947777,rejected,0.0,0.10070352162983325
gap_today q3 & ins_value30 q2,-5.634530446132553e-05,0.7475638656764301,-1.6414524896947777,rejected,0.0,0.10070352162983325
r5_news q4 & r5_nonews q2,8.330671566255388e-05,0.6417765998229339,1.746143486371444,rejected,0.18530864644062958,0.08078602200052609
overnight20 q0 & skew60 q1,1.943313392879983e-06,1.2579793692057375,-1.128891851591186,rejected,0.0,0.25894345857828693
dist_52wh q2 & range_compress q2,0.00013221862447581592,0.7178084130813985,1.6679161824442672,rejected,0.1782666337414902,0.09533236677613939
r5_nonews q4 & range_compress q1,-0.00010969051039155124,0.10190388746771084,-2.2789879722655386,rejected,0.0,0.022667780293457625
ins_officer30 q4 & r5_news q2,-1.1808117963098903e-05,0.5426585167488884,-1.8366494564109792,rejected,0.0,0.06626166126367206
ins_officer30 q2 & r1 q2,0.00020127800387080786,0.5903190658951828,1.7884040030793746,rejected,0.1864324899510127,0.07371085094364455
ind_mom60 q0 & r20 q0,-3.739648538253846e-05,0.5651349498806338,-1.812162734545094,rejected,0.0,0.06996105526391082
min20 q0 & rel_ind60 q3,-4.992762180804688e-05,-1.7974480619450006,0.5797733619292289,rejected,0.0,0.5620674634653292
news5 q4 & vol20 q4,-3.174902280515335e-05,-2.081887415822693,0.29284071630742703,rejected,0.0,0.7696439046822752
days_since_earn q4 & news5 q1,-1.493799376509449e-05,1.3453503030943772,-1.028020830742272,rejected,0.0,0.30394002912661827
mom_12_1 q0 & r20 q3,-6.264830322407207e-05,-1.9129407599928065,0.45614055368828793,rejected,0.0,0.6482889097526372
ins_buyers30 q2 & ins_officer30 q2,0.00011183307145297674,0.11040906730525214,2.251002813231202,rejected,0.18355079351903109,0.0243853591977194
ins_officer30 q2 & ins_value30 q2,0.00011183307145297674,0.11040906730525214,2.251002813231202,rejected,0.18355079351903109,0.0243853591977194
ins_buyers30 q2 & ins_value30 q2,0.00011183307145297674,0.11040906730525214,2.251002813231202,rejected,0.18355079351903109,0.0243853591977194
days_since_earn q1 & frog q3,1.7868853701686392e-05,-0.9146303356336591,1.4463978488801006,rejected,0.0,0.1480656448652869
days_to_earn q2 & r20 q3,4.273883720959072e-05,-0.7278000584128991,1.6314123194784704,rejected,0.0,0.10280334714953458
r20 q3 & range_compress q2,0.00011015412004350735,0.15645377096818855,2.193992730969519,rejected,0.19238443910902814,0.028235932131760316
r120 q1 & r5 q1,7.225110186717372e-05,1.6059962446486695,-0.7426939372385896,rejected,0.0,0.45766700116496334
intraday20 q3 & r20 q3,0.00015949213640047233,0.9226655592543183,1.425307957542135,rejected,0.1446695278980793,0.15406820090181497
ins_officer30 q2 & overnight20 q4,-4.6465225178406435e-06,-0.9046341514007878,1.4430925959460947,rejected,0.0,0.14899438877965354
atr_pct q0 & dist_ma50 q2,0.00015022864872113196,0.6467860685632484,1.699584261981039,rejected,0.164295328043163,0.08920915270951972
dist_ma50 q4 & r5_nonews q0,-5.24197675236128e-05,-1.8314432062043509,-0.5075052202493906,rejected,0.03463012912626985,0.6118003745202879
days_to_earn q3 & range_compress q4,0.00012532641927067955,0.5893980497546566,1.743478672978022,rejected,0.1709830697420819,0.0812500364594857
mom_12_1 q3 & r5_news q2,0.000169942599207691,0.211102100772326,2.1207644064040903,rejected,0.15977567061979156,0.033941633422302095
days_since_earn q3 & rel_ind20 q3,-0.0001266739365014329,-0.9324316435120512,-1.399137415957192,rejected,0.1531401989110638,0.1617717795104049
close_loc q1 & ind_mom60 q3,-4.4726179877098385e-06,-1.165514007188319,1.1566610829744222,rejected,0.0,0.2474108555268406
r120 q2 & r60 q3,7.404569716603325e-05,-0.4717581851128546,1.848806433114466,rejected,0.0,0.06448576811337223
r120 q2 & r20 q2,0.00011214116300613455,-0.050897511828113993,2.257793129010481,rejected,0.0,0.023958559799227383
dist_ma50 q2 & rel_ind20 q3,5.513098388831251e-06,-0.8693318311419551,1.4374253957224894,rejected,0.0,0.15059715705382232
gap_today q3 & overnight20 q3,-3.790797939969813e-05,0.5782631505926373,-1.725138213773416,rejected,0.0,0.08450256726884794
max20 q3 & vol20 q1,-1.773619582572877e-05,-1.0936000023746115,1.2095351241682677,rejected,0.0,0.22645732535893218
r60 q3 & range_compress q4,0.00010472659640691852,1.3669827421136995,0.9349189830001786,rejected,0.12095594450117546,0.34983005333349326
range_compress q4 & vol_ratio q1,-4.56457500379789e-06,-1.1803293143724107,1.116106978673469,rejected,0.0,0.26437634530561727
gap_today q4 & range_compress q0,-7.114232681160559e-05,-1.5905247470284118,-0.7007839150853578,rejected,0.05993616834525279,0.4834378776550702
dist_52wh q2 & vol_ratio q1,2.8127440144315228e-05,-0.8287422626318545,1.4607876784262785,rejected,0.0,0.14407371829682433
ins_officer30 q2 & r20 q4,-0.00016273197948196884,-1.1421969058077148,-1.1448895761971096,rejected,0.14254324243624775,0.2522549024939733
days_to_earn q1 & r1 q1,-1.1883963756863941e-05,0.9103086895442648,-1.3746414215869156,rejected,0.0,0.16924264021456287
ins_buyers30 q2 & r20 q4,-0.00016067440258847376,-1.1757767717113234,-1.1081843982907158,rejected,0.14108899047114867,0.26778218736301873
ins_value30 q2 & r20 q4,-0.00016067440258847376,-1.1757767717113234,-1.1081843982907158,rejected,0.14108899047114867,0.26778218736301873
r20 q4 & rel_ind60 q1,8.363847870632859e-06,1.1259517352248711,-1.1541999261718852,rejected,0.0,0.24841821285073343
dist_52wh q2 & ev_shelf q2,7.651214933902541e-05,-0.5189564017218854,1.7573073421225618,rejected,0.0,0.07886543701346566
days_to_earn q1 & vol_surge1 q1,-0.00011342012208376894,-1.0177820250964538,-1.2450282162204112,rejected,0.15982604360362018,0.21312137859077765
days_since_earn q1 & ev_shelf q2,0.0001846628659878069,0.825119241072999,1.4372288288188781,rejected,0.1380826484449047,0.15065298401260319
intraday20 q1 & r5 q1,-1.1068403681628603e-05,-0.9178384035874831,1.3440560802522992,rejected,0.0,0.1789302529378205
days_to_earn q1 & r20 q4,-5.6650822883304684e-05,-0.10706069673164816,-2.1548164568256984,rejected,0.16772187213422488,0.031176199924626516
intraday20 q3 & range_compress q1,0.00012577941056930082,1.1423874484710825,1.1182235174509778,rejected,0.13585498840865926,0.2634715425419607
mom_12_1 q0 & rel_ind20 q3,-8.331507527909077e-05,-1.628656412228123,-0.630603980160469,rejected,0.04640345210155441,0.5282994957713003
overnight20 q3 & r120 q2,-1.1178897569156946e-05,-1.0220623257605008,1.2361735621628467,rejected,0.0,0.2163940556690709
ins_officer30 q2 & range_compress q4,0.0001971746865921624,0.9582413525386496,1.2992853544233625,rejected,0.16255050571879315,0.19384601857556208
r1 q2 & rel_ind60 q1,0.00014611333457530804,1.9148389185341672,0.3397907113122757,rejected,0.033427173913719535,0.7340141434715014
ev_offering q2 & ind_mom60 q0,-4.383999561106182e-05,0.4781811371279184,-1.7747819187549574,rejected,0.0,0.07593390297436778
days_since_earn q3 & news5 q1,-4.040343126458778e-05,1.016244784174942,-1.2357501108638096,rejected,0.0,0.21655146448305093
ins_officer30 q2 & overnight20 q3,-0.00021023661102995595,-1.0714458389871788,-1.180481553954604,rejected,0.1367775080342963,0.2378087426803067
r20 q3 & vol_ratio q1,4.600793157309666e-05,-0.4296751763407752,1.8179544445312448,rejected,0.0,0.06907109583710487
days_since_earn q3 & gap_today q3,-7.902557784354623e-05,0.26096478311797255,-1.9856856604338105,rejected,0.0,0.047068238216300545
frog q1 & rel_ind20 q1,0.00011579237589208344,0.9918377402593404,1.2509605607316243,rejected,0.15615311407095414,0.2109488668827705
r120 q1 & range_compress q2,7.33531341276918e-05,1.658435697636846,-0.5839721061671731,rejected,0.0,0.5592390789336541
dist_52wh q2 & news5 q1,3.2176916874710823e-05,2.167012807213492,-0.07417747823391618,rejected,0.0,0.9408691662376111
r1 q2 & vol_ratio q1,0.00012031449491323501,0.8844472622074142,1.3561714316224265,rejected,0.1496829459149453,0.17504462944069382
close_loc q1 & range_compress q1,-3.43838680830286e-05,0.6010830490674203,-1.635465804742955,rejected,0.0,0.10195143743383635
days_to_earn q3 & range_compress q2,9.969254576371996e-05,1.4017309381636522,0.8330043081254631,rejected,0.11934480477977351,0.4048422995856617
mom_12_1 q0 & r20 q0,7.292102190183033e-06,1.0998701304783485,-1.133759179644185,rejected,0.0,0.2568955781013236
ind_mom60 q1 & r60 q0,8.564315647097776e-05,0.6440885512174949,1.5893555134920754,rejected,0.16818674144434692,0.11198015216824929
days_to_earn q1 & overnight20 q3,-0.00013427554625494498,-1.1468955723649437,-1.0852025866462442,rejected,0.14007923010466322,0.27783193883794854
close_loc q1 & r20 q2,-0.00012016581721935241,-1.822169909041874,-0.40878405458397366,rejected,0.03224141912926574,0.6826981426650012
intraday20 q0 & max20 q3,8.209635676073968e-06,0.9462372976677618,-1.2780456443629693,rejected,0.0,0.20123333273355448
ins_officer30 q2 & r5_nonews q4,-3.963993861205753e-06,0.9073076322555844,-1.316204777270335,rejected,0.0,0.18810532070896355
news5 q1 & r20 q0,-2.5865554800253994e-05,0.7486273842156335,-1.4725622246357983,rejected,0.0,0.14086911697211546
ind_mom60 q0 & rel_ind60 q1,-6.954742439423666e-06,0.7234187641623305,-1.4938294128969056,rejected,0.0,0.135220211706404
dist_52wh q2 & rel_ind20 q3,4.554753783313194e-05,-0.6337577703899369,1.5814457180418704,rejected,0.0,0.1137761611276219
ind_mom60 q0 & r5 q1,-5.261332788949045e-05,0.13178524217263374,-2.0805054961325293,rejected,0.0,0.0374791920448536
intraday20 q3 & mom_12_1 q3,8.755007373604877e-05,-0.3415207893207369,1.8693046304535057,rejected,0.0,0.061580444281903714
ins_buyers30 q2 & range_compress q1,-0.00020342714400134912,-0.8665557276239949,-1.3437357279537852,rejected,0.1554700435120925,0.17903385962474413
ins_value30 q2 & range_compress q1,-0.00020342714400134912,-0.8665557276239949,-1.3437357279537852,rejected,0.1554700435120925,0.17903385962474413
days_since_earn q2 & ev_shelf q2,-0.0001968796371338801,-0.9991669507912297,-1.2092272810778628,rejected,0.14760929231612058,0.22657553946150685
dist_52wh q1 & vol_ratio q4,-9.285394849847865e-05,-0.8629847541290218,-1.3446547535971152,rejected,0.153190460157887,0.1787367526439705
ind_mom60 q0 & range_compress q2,1.384848171254963e-05,0.8875143479954144,-1.3193815518394434,rejected,0.0,0.18704158609119256
dist_52wh q1 & rel_ind20 q3,-9.710761357692712e-05,-2.124508485922715,-0.0811323324772336,rejected,0.014205321863096214,0.935336712837462
r20 q2 & range_compress q1,-4.098504427666368e-05,-1.4865234883193865,0.7152388309503533,rejected,0.0,0.47446147857758564
intraday20 q3 & rel_ind20 q3,1.6522161010844613e-05,-1.1281653337479574,1.0714324254907033,rejected,0.0,0.28397503961603227
r60 q3 & rel_ind20 q3,7.183453801681433e-05,-0.4631013067082384,1.734524301334574,rejected,0.0,0.08282509775340519
ins_buyers30 q2 & r1 q1,4.097580359980429e-05,-0.7931054348516016,1.402938630847517,rejected,0.0,0.1606351399227322
ins_value30 q2 & r1 q1,4.097580359980429e-05,-0.7931054348516016,1.402938630847517,rejected,0.0,0.1606351399227322
ins_buyers30 q2 & vol_ratio q1,8.399522648217599e-05,-0.42645415608805576,1.768576916018921,rejected,0.0,0.07696450586240741
ins_value30 q2 & vol_ratio q1,8.399522648217599e-05,-0.42645415608805576,1.768576916018921,rejected,0.0,0.07696450586240741
days_since_earn q0 & r5_nonews q3,-9.585398588463668e-05,-1.4269525270590033,-0.7658667289966895,rejected,0.07393636124909106,0.4437556044239412
dist_ma200 q2 & vol_surge1 q3,-0.0001361745595527768,-0.718267470972425,-1.4656751234096668,rejected,0.1320633835925016,0.1427368144407157
days_since_earn q2 & r1 q2,-8.021800401120997e-05,-1.4668644593596303,0.7162225837292886,rejected,0.0,0.47385392034329205
max20 q4 & range_compress q3,-2.0559553637093663e-05,-1.6827837062916844,0.5002722618623842,rejected,0.0,0.6168833825793475
days_since_earn q1 & r60 q3,-7.012200323731194e-05,-1.705985957234367,0.4733056407558532,rejected,0.0,0.6359951383656568
mom_12_1 q3 & r5_nonews q4,8.05377486828031e-06,-0.8670001943186204,1.3116621225582406,rejected,0.0,0.1896341622655349
days_since_earn q3 & r1 q1,-2.4552090409686995e-05,0.7846384982281418,-1.3893708939045935,rejected,0.0,0.16471999625727596
dist_ma50 q2 & r120 q3,-5.7754112825865156e-05,-1.5825882326102871,0.5902938980550677,rejected,0.0,0.5549936295771487
days_to_earn q1 & r5_nonews q4,-4.4933284514126944e-05,0.302279313129343,-1.8701390617382039,rejected,0.0,0.06146450933566476
close_loc q1 & log_dv q2,1.0534561654007673e-05,1.1654025278379754,-0.9953282879538856,rejected,0.0,0.3195766239260516
r120 q1 & rel_ind20 q3,-0.0001178810045692848,-0.9361724354532754,-1.2230246322920124,rejected,0.15075372531213949,0.22132039282640056
dist_52wh q2 & mom_12_1 q0,-6.682646043275433e-05,-1.1117279503659558,-1.047030030556059,rejected,0.13133309964462028,0.29508572793359467
r5 q1 & rel_ind60 q1,0.00011207189579255972,1.0893610233088995,1.0693632008451472,rejected,0.13902765391088243,0.2849060423211412
ev_shelf q2 & ind_mom60 q0,-4.0692583228531784e-05,0.4728700979081974,-1.6773719923921282,rejected,0.0,0.09346976263371272
intraday20 q3 & r60 q3,0.0001445808173184112,1.1079160232556844,1.04026861573032,rejected,0.13297083404985827,0.2982151208343832
dist_52wh q1 & gap_today q3,-8.516007962760815e-05,-0.3164436283973911,-1.8304300135742733,rejected,0.17429792920580772,0.06718566311917734
days_since_earn q1 & days_to_earn q3,0.00015377027642200355,0.5884060225912638,1.556904030037339,rejected,0.15742321067840556,0.11949327250138314
ins_buyers30 q2 & overnight20 q4,9.034508964639039e-07,-0.8081445361428716,1.3356248124930734,rejected,0.0,0.18167193586552985
ins_value30 q2 & overnight20 q4,9.034508964639039e-07,-0.8081445361428716,1.3356248124930734,rejected,0.0,0.18167193586552985
ev_shelf q2 & r5 q1,5.623426616184419e-05,-0.5026740288444173,1.6410595874868186,rejected,0.0,0.10078504654754714
dist_ma200 q1 & vol20 q1,0.00013000609416775007,1.254099770202615,0.8865296547518658,rejected,0.12777154647818845,0.3753321815255193
days_since_earn q3 & ins_buyers30 q2,-2.71289963362506e-05,0.7251154948141948,-1.4036417224328757,rejected,0.0,0.16042556439919523
days_since_earn q3 & ins_value30 q2,-2.71289963362506e-05,0.7251154948141948,-1.4036417224328757,rejected,0.0,0.16042556439919523
days_since_earn q1 & intraday20 q3,2.898671348676634e-05,1.2535498807665528,0.8747415138325079,rejected,0.12525826458242903,0.3817145665176188
ev_shelf q2 & overnight20 q3,-0.0001917633513204018,-0.8373334252428899,-1.2864086555928367,rejected,0.15451498899942087,0.19830047920534838
r120 q2 & r5 q1,-8.645373951873774e-05,-1.6887261809063159,0.4330977548854516,rejected,0.0,0.6649437537576923
r120 q2 & vol_ratio q1,7.893156720929401e-05,0.39607883336274985,1.7256696837743726,rejected,0.15174449909088442,0.08440685504402823
ev_shelf q2 & r60 q3,9.708817668485891e-05,-0.4576429800581206,1.6629697050309171,rejected,0.0,0.09631849986569041
ins_officer30 q2 & r60 q3,9.402200921841268e-05,-0.4712540301514777,1.6488945478249182,rejected,0.0,0.09916924031410175
gap_today q3 & vol_ratio q4,-9.472289848729451e-05,-0.49976589448314723,-1.6199209920622775,rejected,0.16455927959053493,0.10524924985965878
ind_mom20 q1 & min20 q2,4.111573134542443e-05,-0.5131004117983261,1.600048853928994,rejected,0.0,0.10958774598552326
days_since_earn q1 & ins_officer30 q2,0.00016985342131220778,0.6536641415504613,1.4563843487058032,rejected,0.12215164748187239,0.145286399754108
ind_mom60 q3 & r20 q3,9.517081041315738e-06,-0.5723744487135229,1.5375893729539207,rejected,0.0,0.12414904747584159
close_loc q4 & days_since_earn q3,-3.794970476726406e-05,0.3988196903427037,-1.710969718125605,rejected,0.0,0.08708670307358418
dist_ma50 q2 & ins_officer30 q2,0.0001312485752207114,-0.27360830837170974,1.8346251431473162,rejected,0.0,0.0665612506116127
days_to_earn q3 & rel_ind20 q3,-2.3291982580286313e-06,-1.5986494522427788,0.504421720659337,rejected,0.0,0.6139650577107391
ind_mom60 q0 & min20 q4,6.522695120675925e-05,1.7409605933736634,-0.3614310449411195,rejected,0.0,0.7177772437832611
close_loc q1 & ins_buyers30 q2,-7.090311181653054e-05,0.5411591721768223,-1.5596200583475486,rejected,0.0,0.11884969355696282
close_loc q1 & ins_value30 q2,-7.090311181653054e-05,0.5411591721768223,-1.5596200583475486,rejected,0.0,0.11884969355696282
dist_52wh q3 & vol_surge5 q1,-2.6927290468876343e-05,-1.1533188422439673,0.9450298707229374,rejected,0.0,0.3446436263099249
r1 q2 & r20 q3,9.504844010679049e-05,0.06956867810893348,2.0286910427723583,rejected,0.1345197982260092,0.04248976880294466
ind_mom60 q0 & vol_ratio q4,-5.2886208551033236e-05,0.06160923530492296,-2.032454161767275,rejected,0.0,0.042107699751163
days_to_earn q2 & news5 q1,-6.912515591364807e-05,-1.0843725168554805,-1.0051996284667055,rejected,0.13184877258627847,0.3148007340522909
days_since_earn q2 & ins_buyers30 q2,-0.00018883988193844832,-1.246436083185764,-0.8426269680545562,rejected,0.12083877924463256,0.3994371036458264
days_since_earn q2 & ins_value30 q2,-0.00018883988193844832,-1.246436083185764,-0.8426269680545562,rejected,0.12083877924463256,0.3994371036458264
gap_today q3 & intraday20 q3,0.0001093517783004548,1.5843642113959997,0.5044461671601401,rejected,0.03462119748326644,0.6139478824686285
ins_buyers30 q2 & overnight20 q3,-0.0001954227666522805,-1.107150007299557,-0.9799529931822812,rejected,0.12156696174458283,0.32710932264730624
ins_value30 q2 & overnight20 q3,-0.0001954227666522805,-1.107150007299557,-0.9799529931822812,rejected,0.12156696174458283,0.32710932264730624
days_since_earn q1 & r5 q1,7.405829335446697e-05,0.3978535897543776,1.6829286472910314,rejected,0.14390294379356816,0.09238890510490363
days_to_earn q1 & ind_mom60 q0,-2.30505493381179e-05,0.46829419491231705,-1.611703786792555,rejected,0.0,0.10702641326411128
dist_ma50 q2 & min20 q4,0.0001404511068537764,1.4299509190845572,0.6491017607327564,rejected,0.04876592046184926,0.5162726038582748
days_since_earn q1 & ins_buyers30 q2,0.00016444490039264862,0.6471272834954175,1.4314789269502992,rejected,0.13133775722327876,0.152293002260874
days_since_earn q1 & ins_value30 q2,0.00016444490039264862,0.6471272834954175,1.4314789269502992,rejected,0.13133775722327876,0.152293002260874
ins_buyers30 q2 & r5_news q4,0.00011612321027553742,0.42080043690026253,1.6558857286243456,rejected,0.15068635459117438,0.09774496226117393
ins_value30 q2 & r5_news q4,0.00011612321027553742,0.42080043690026253,1.6558857286243456,rejected,0.15068635459117438,0.09774496226117393
ind_mom20 q3 & range_compress q4,0.00010057472234835358,1.2210325923361023,0.854509106811565,rejected,0.1230121821999903,0.39282296569798086
intraday20 q3 & range_compress q4,0.0001125514840715386,0.6760248465530655,1.39547889462562,rejected,0.14416773471054548,0.16287147487056336
days_to_earn q0 & ev_red_flag q2,0.000178561964512286,1.3087205848639694,0.762291245799882,rejected,0.07515246832023546,0.44588619754837605
days_to_earn q1 & ind_mom20 q0,-8.754588535709694e-06,0.7196498089497452,-1.346970044162431,rejected,0.0,0.17798988066152213
days_since_earn q1 & mom_12_1 q3,0.0001136873440137651,0.747495647261932,1.3178960923087009,rejected,0.15234716894530512,0.1875384340172175
ev_shelf q2 & r5_news q4,0.00012095470385362887,0.5069596475410274,1.5584145872504573,rejected,0.15171234995537522,0.11913500088664919
news5 q1 & rel_ind20 q2,-4.4936550473459185e-05,0.7365778420028245,-1.326248589702171,rejected,0.0,0.1847573695200673
intraday20 q3 & r120 q2,4.4980973926308924e-05,-0.4211756039366593,1.6413642811843456,rejected,0.0,0.10072181980528022
ev_shelf q2 & ins_buyers30 q4,-5.678394568381288e-05,-0.08891122913459884,-1.9726511022829913,rejected,0.1502277026017429,0.04853532654313825
ev_shelf q2 & ins_value30 q4,-5.678394568381288e-05,-0.08891122913459884,-1.9726511022829913,rejected,0.1502277026017429,0.04853532654313825
ins_officer30 q2 & vol_ratio q1,9.694520579788247e-05,-0.30744111852340333,1.7537110582045419,rejected,0.0,0.07948002975502436
ins_buyers30 q4 & ins_value30 q4,-5.677767927568957e-05,-0.08891122913459884,-1.9677124580101626,rejected,0.15052882523129907,0.04910113159425921
dist_52wh q1 & overnight20 q4,-2.1808505495117138e-05,-1.1293449101880488,0.9270972831548878,rejected,0.0,0.3538760266280814
days_to_earn q3 & vol_ratio q1,-2.2951169423984788e-05,-1.1058612253231441,0.9409148815791561,rejected,0.0,0.3467484807476219
r120 q1 & rel_ind60 q1,-7.068909918647417e-05,0.42387362174615406,-1.6227385448370293,rejected,0.0,0.1046453079278906
intraday20 q2 & r20 q3,3.6525005774950077e-07,-0.856495520695891,1.1882781014759685,rejected,0.0,0.23472386227675957
ins_officer30 q2 & r5 q1,3.491466489150962e-05,-0.5619006432176051,1.4749832237616143,rejected,0.0,0.14021705376012145
ev_shelf q2 & range_compress q4,0.00017644473545421442,0.7442550235674106,1.2918832344753555,rejected,0.14847846936561174,0.1963975846131735
max20 q1 & r20 q0,-4.959641836007601e-05,0.4799237954071316,-1.554502274257823,rejected,0.0,0.12006465460185642
atr_pct q1 & ear_volsurge q4,4.155578944496681e-05,-0.6230196172636642,1.4083235367324518,rejected,0.0,0.159035289262295
r1 q1 & r20 q3,-3.493894193505084e-05,-1.2025887679727985,0.8272639426743501,rejected,0.0,0.4080874761607679
dist_ma50 q2 & ins_buyers30 q2,0.00016463376507901424,-0.04052903828740367,1.9886141860945408,rejected,0.0,0.04674380436080568
dist_ma50 q2 & ins_value30 q2,0.00016463376507901424,-0.04052903828740367,1.9886141860945408,rejected,0.0,0.04674380436080568
days_to_earn q2 & overnight20 q4,-9.497222320592211e-05,-1.541507999322437,-0.48756711880826226,rejected,0.039340863785957074,0.6258564906161311
earn_in_week q1 & range_compress q4,3.975674424588732e-05,0.1599681141258905,1.8684795892560528,rejected,0.16380430010251285,0.06169525251294839
ins_officer30 q2 & r1 q1,2.7816094211809814e-05,-0.7461363769540729,1.2696842460657276,rejected,0.0,0.20419712667802972
intraday20 q1 & vol_ratio q1,0.00010687747326006353,1.186422023503526,0.8244015656771325,rejected,0.11137903872730096,0.40971142553445133
frog q4 & r20 q0,1.6363282215260586e-05,1.278811368070085,-0.7317508448528948,rejected,0.0,0.4643206564294206
days_since_earn q1 & gap_today q3,7.771206312888872e-05,1.685097225847054,-0.32500437971058843,rejected,0.0,0.7451777569571015
mom_12_1 q3 & r1 q1,0.00011771065157717718,0.7072500296132387,1.3001036632568501,rejected,0.14898804939951285,0.19356544231243056
ins_buyers30 q2 & r60 q3,0.00011202271145870275,-0.34396886797445214,1.662953879542407,rejected,0.0,0.09632166789435836
ins_value30 q2 & r60 q3,0.00011202271145870275,-0.34396886797445214,1.662953879542407,rejected,0.0,0.09632166789435836
ins_buyers30 q2 & range_compress q4,0.00017327797244368246,0.8715470934359647,1.1352829275715142,rejected,0.131873117041342,0.2562567930689962
ins_value30 q2 & range_compress q4,0.00017327797244368246,0.8715470934359647,1.1352829275715142,rejected,0.131873117041342,0.2562567930689962
mom_12_1 q2 & vol_surge1 q3,-6.261672748785292e-05,0.42144164200465845,-1.5853780319522999,rejected,0.0,0.11288046935647925
atr_pct q0 & r20 q3,-2.000613288543989e-05,-0.9105094419559171,1.0955092696332147,rejected,0.0,0.27329358671868237
ear q3 & ins_buyers30 q2,0.0001638889597501843,0.8566490876700098,1.146048317025293,rejected,0.13146740909589869,0.25177516056441174
ear q3 & ins_value30 q2,0.0001638889597501843,0.8566490876700098,1.146048317025293,rejected,0.13146740909589869,0.25177516056441174
ear q4 & intraday20 q0,-4.77040134092116e-05,-0.9144568785872136,-1.0861936026924455,rejected,0.13173712518025582,0.2773933470096795
dist_52wh q1 & log_dv q2,-6.981902004752902e-05,-0.9506775803360712,-1.0497342882220326,rejected,0.129160548257963,0.29384029457841404
dist_52wh q2 & vol_ratio q2,-3.82486132339918e-05,-1.2566383978750375,0.7424353509016788,rejected,0.0,0.4578236077998295
mom_12_1 q0 & r120 q1,2.0549629992846894e-05,1.0874179229516459,-0.9116075294829545,rejected,0.0,0.3619753573249215
intraday20 q3 & overnight20 q3,-9.577705676660898e-05,-1.050681041136524,-0.9446325707554498,rejected,0.11245266435260995,0.34484649262380684
dist_52wh q1 & intraday20 q1,-9.717640864663758e-05,-1.0499650664660396,-0.9420361557267707,rejected,0.11303748754682487,0.34617412928407554
dist_52wh q1 & intraday20 q3,-1.7460165923602378e-05,0.6731434971760504,-1.3143260309561924,rejected,0.0,0.18873651087667573
days_to_earn q2 & ev_shelf q2,-5.812967478958605e-05,0.5868875591845994,-1.4005657848753796,rejected,0.0,0.16134395848938327
intraday20 q0 & news5 q1,-3.508538491219069e-05,0.5173914382515243,-1.4678164858585976,rejected,0.0,0.14215407812030692
dist_ma50 q2 & r60 q3,-1.8569744582366024e-06,-0.8173988945400461,1.1647349361619754,rejected,0.0,0.24412630277311265
dist_ma50 q2 & overnight20 q4,-2.279550540249577e-06,-0.8595916185397392,1.1182948473468708,rejected,0.0,0.2634410868658405
news5 q1 & overnight20 q4,-4.513339360746464e-05,-1.230063535969266,-0.7471608363166466,rejected,0.06903512246059514,0.45496648123568545
min20 q3 & r5 q2,0.00014550521657175978,1.9515716564819248,-0.025333829635472455,rejected,0.0,0.9797886904372308
days_to_earn q2 & r5_nonews q4,-7.873068088976167e-05,-0.019540965029057576,-1.9556369536523615,rejected,0.1411670714510137,0.05050793647859311
days_to_earn q1 & dist_ma50 q2,0.00010583917249675524,0.29870224245637295,1.6712933422547689,rejected,0.1404726651867406,0.09466375084046409
ear_volsurge q1 & max20 q2,1.7514051370652922e-05,1.0926137697809195,-0.8765882911040029,rejected,0.0,0.38071030123898525
days_since_earn q2 & r120 q2,-7.073812689243662e-06,-0.931436343549172,1.0304440464023357,rejected,0.0,0.30280160564000513
days_to_earn q1 & intraday20 q1,-1.752030777276413e-05,0.7244308960343245,-1.2367837429072455,rejected,0.0,0.2161673791121456
days_since_earn q2 & rel_ind60 q1,2.6684938120516386e-05,1.0923477807119777,-0.867198041169311,rejected,0.0,0.3858335093638242
dist_ma50 q4 & vol20 q2,-7.707390595389898e-05,-0.803104285657585,-1.1561088946684313,rejected,0.12946232899823545,0.24763661827311367
r5_nonews q4 & rel_ind20 q3,-8.727674097573263e-05,-0.5236328726852892,-1.4314949269415091,rejected,0.12159676291747161,0.1522884198767709
days_since_earn q2 & gap_today q3,-0.0001164540588318309,-1.4499778493290942,-0.5040283002277972,rejected,0.036395166126789474,0.6142414900405038
rel_ind60 q2 & vol_ratio q2,0.00011279627715342442,0.9494303977035415,1.0027874443789866,rejected,0.12622208849438885,0.31596342806390665
ind_mom20 q3 & mom_12_1 q2,1.435153054261538e-05,0.9746445658637694,-0.97723645457808,rejected,0.0,0.3284521042904447
days_since_earn q1 & r120 q2,7.279242687077673e-05,-0.16676465540570984,1.7848945216840257,rejected,0.0,0.07427842743900769
close_loc q1 & r20 q4,-7.110723722326907e-05,-0.8562400882983583,-1.0952495632041594,rejected,0.12905451648780197,0.273407317318135
min20 q4 & r120 q2,0.00011907862065918239,0.6456664369214205,1.3007302457800665,rejected,0.14413166579612624,0.19335080557248238
ins_officer30 q2 & news5 q4,3.9305805271378276e-05,-0.6969303792324177,1.244294704466257,rejected,0.0,0.2133911193121581
days_since_earn q1 & dist_ma50 q2,0.00011419718358449674,1.522935285763707,0.4177656717785804,rejected,0.03150894861817299,0.6761184518309074
days_since_earn q1 & overnight20 q4,6.097003426096818e-05,0.6734865617050945,1.267207681975053,rejected,0.14294249577971455,0.20508103968765043
gap_today q3 & mom_12_1 q0,-5.409410894181063e-05,-0.3428418380724015,-1.5966117113624259,rejected,0.14477933119440825,0.11035228673215484
days_since_earn q1 & ind_mom60 q0,2.8490721885352857e-06,0.8198072023199341,-1.1172800860853802,rejected,0.0,0.2638745873448232
atr_pct q0 & mom_12_1 q3,5.97532670003749e-05,-0.07652699734295297,1.8577470941908076,rejected,0.0,0.06320493734241733
intraday20 q3 & mom_12_1 q0,5.2401669064601406e-05,0.7962966117937083,1.1360109092612423,rejected,0.12649642116791038,0.25595199862706697
log_dv q2 & r20 q3,7.206734315770934e-06,-0.5806110873561622,1.3514120503758376,rejected,0.0,0.17656347578686915
dist_ma50 q3 & ins_buyers30 q2,0.00018148388033730216,0.8479766834180893,1.080194424648946,rejected,0.12862120405231448,0.28005561061061796
dist_ma50 q3 & ins_value30 q2,0.00018148388033730216,0.8479766834180893,1.080194424648946,rejected,0.12862120405231448,0.28005561061061796
dist_ma50 q2 & rel_ind60 q1,0.00011624716111665867,0.9466606949117558,0.9808741328448132,rejected,0.11445681507685727,0.32665481491068404
intraday20 q3 & overnight20 q4,5.074118963236272e-05,0.6306901284876976,1.2949750265306381,rejected,0.13932631467539783,0.19532884466763126
dist_52wh q1 & intraday20 q0,-5.651170974098483e-05,0.16836231083633862,-1.7557290204364018,rejected,0.0,0.07913468912027419
earn_in_week q2 & ins_buyers30 q2,-3.109406489559924e-05,-1.0006471072161005,0.9168607068729586,rejected,0.0,0.35921563640723153
mom_12_1 q0 & r5_nonews q4,-3.813225259157496e-06,0.6186971819626471,-1.2978922718742771,rejected,0.0,0.19432435604289283
ind_mom20 q4 & r5 q4,-6.993479451121817e-05,-0.03073889599131074,-1.8830644636945368,rejected,0.1485039796156588,0.059691632369679254
ear q3 & ins_officer30 q2,0.00015607615879544544,0.6799382570228445,1.2332120112933125,rejected,0.1416051708707142,0.2174966752366287
days_since_earn q2 & mom_12_1 q3,-1.9775217359800832e-05,-1.0142996172740069,0.8984241854900727,rejected,0.0,0.36895944728917923
dist_52wh q3 & r20 q3,0.00010806690237805783,0.7339371254177244,1.1769698971934182,rejected,0.1232875630676667,0.2392075215460133
frog q4 & vol20 q1,0.00010041185355726974,0.3370189423367612,1.57090510751208,rejected,0.14814484196867345,0.11620469205844676
ind_mom60 q0 & intraday20 q1,-8.074384991254335e-05,-0.7669934088237413,-1.1402683906326083,rejected,0.12645959124852052,0.2541745025119645
log_dv q2 & r120 q2,-3.599050479442795e-05,-1.1458123807682936,0.7607373804045505,rejected,0.0,0.4468139430855444
ind_mom60 q0 & ins_officer30 q2,-4.057222531518188e-05,0.3665475474956971,-1.5377474483804667,rejected,0.0,0.12411037729119602
dist_ma50 q2 & r120 q2,0.00010459402818145192,-0.04145717265141688,1.8628212342996422,rejected,0.0,0.06248742148084373
min20 q2 & vol_ratio q1,8.790280167516705e-05,0.18084653760821362,1.7233639803556506,rejected,0.13360031474306008,0.08482272433739749
news5 q4 & r120 q2,-2.8451045970955333e-05,-1.0910629214795398,0.8095818958654978,rejected,0.0,0.41818051667927875
close_loc q1 & dist_52wh q2,-2.5047750294386095e-05,-1.0024615979126785,0.8951009758916894,rejected,0.0,0.370733112341225
ins_officer30 q2 & r5_news q4,0.00011102157228909095,0.4066485477480534,1.4905839272357129,rejected,0.11584779853957367,0.1360707667212433
news5 q1 & r5 q1,4.0259888946308615e-05,1.8239683122389343,0.0722626899287856,rejected,0.011140690483567112,0.9423928561636343
days_to_earn q2 & range_compress q1,-9.45649294600596e-05,0.020803676785734766,-1.869547125357514,rejected,0.0,0.061546733666235864
dist_ma50 q2 & mom_12_1 q3,0.00011143262300556851,0.7626731444374022,1.124812902255392,rejected,0.12409459347602399,0.2606683259028297
r20 q3 & r5_news q4,6.32806364688608e-05,1.3326739717186435,0.5505939462571733,rejected,0.033323928804168394,0.5819120596947491
r5_nonews q4 & rel_ind60 q1,9.874277187119502e-06,0.9577907531646447,-0.9202264787589988,rejected,0.0,0.3574544199642942
dist_52wh q1 & mom_12_1 q0,-6.0249645716043107e-05,-1.431977097177977,0.4355505094466022,rejected,0.0,0.6631628848034075
days_to_earn q3 & r5 q1,6.136452659656489e-05,0.37255267369499545,1.4948174684675386,rejected,0.11890719359127853,0.13496208608616636
min20 q2 & skew60 q2,1.196695665548009e-05,-0.7920217021368152,1.073769370211994,rejected,0.0,0.282926061213967
dist_ma50 q2 & ev_shelf q2,0.00012520886346814868,-0.1967915797671792,1.668060873821743,rejected,0.0,0.09530364318354156
days_since_earn q1 & r1 q2,0.00010550756445724594,0.24562993006336556,1.6190508836247641,rejected,0.14328375383206374,0.10543631542866816
days_since_earn q3 & vol_ratio q1,-8.884884239135094e-05,-0.5193261843783401,-1.3450266933136816,rejected,0.13167667585689435,0.17861661451504476
min20 q4 & rel_ind60 q1,0.00011918669970163094,1.6659678075826325,0.19834163226144513,rejected,0.02587016282154941,0.842777780814947
mom_12_1 q3 & r1 q4,8.666701693324001e-05,0.8019059204102934,1.0593886284255034,rejected,0.12448612018859731,0.2894228263885052
overnight20 q4 & r20 q0,2.7001873262262792e-05,0.7818845255727903,1.077314293042741,rejected,0.1252145671119594,0.28133987900109647
ear_volsurge q4 & vol_surge5 q3,5.08058013607118e-07,-0.8787789766738993,0.9797532162901691,rejected,0.0,0.32720795050935886
ins_buyers30 q2 & news5 q4,4.7043917519734516e-05,-0.563702297784581,1.2943916962155062,rejected,0.0,0.19553015743556215
ins_value30 q2 & news5 q4,4.7043917519734516e-05,-0.563702297784581,1.2943916962155062,rejected,0.0,0.19553015743556215
ev_offering q2 & skew60 q1,-1.4061877815104258e-05,0.6508167731486969,-1.2072260716156318,rejected,0.0,0.22734509250340604
intraday20 q3 & vol_ratio q4,7.954028815047641e-05,0.9537987088333355,0.9029163159677146,rejected,0.11731974531967697,0.36657031050755
range_compress q4 & skew60 q0,9.536200236605795e-05,0.4890708897869295,1.3653480563710065,rejected,0.13150106845950696,0.17214368150553902
ear q3 & r20 q3,-9.731111190219733e-06,-0.7686955991079043,1.0854490791079527,rejected,0.0,0.2777228051115716
dist_52wh q2 & r1 q3,2.056504393178508e-05,1.0236949987808743,-0.8300656365089408,rejected,0.0,0.40650167450919655
ev_shelf q2 & r1 q2,0.0001569956556416276,0.42862111149070653,1.4241953711548474,rejected,0.11945356394229505,0.1543899244756382
days_to_earn q3 & min20 q4,0.00011060500409785232,0.9546808984281484,0.896774498721442,rejected,0.11857518293271542,0.36983925823273794
r60 q3 & vol_ratio q1,7.177742696540795e-05,-0.05576961209623062,1.7903086017130203,rejected,0.0,0.07340431421947397
dist_ma50 q2 & range_compress q2,0.00010681291436224736,0.20146345786331465,1.6432744656800815,rejected,0.13596637886920673,0.10032615889620482
r5_nonews q4 & vol_ratio q1,7.31149821445221e-05,1.2111161739813103,0.6331265170389099,rejected,0.0479208002117133,0.526651027172798
r1 q3 & range_compress q1,-9.357937251089563e-05,-0.8387574000916225,-1.0037216137794567,rejected,0.12188444959563093,0.3155128160835229
mom_12_1 q4 & r5_nonews q1,-1.7400935320354393e-05,-0.9079923441210128,0.929839316150744,rejected,0.0,0.35245428655218636
intraday20 q3 & vol_surge1 q1,0.00011152450043667085,1.2336166079075785,0.60322890796407,rejected,0.0364392090395366,0.5463564192294359
dist_52wh q1 & r20 q2,-8.239338713801497e-05,-1.7390080757960469,-0.09501585402212326,rejected,0.014710146851570991,0.9243022342047539
gap_today q3 & min20 q4,5.5243778513446505e-05,1.2454074204107035,-0.5885489630365931,rejected,0.0,0.5561638791889038
days_to_earn q3 & r120 q2,5.414513106014495e-05,-0.25238940881947375,1.581248745363227,rejected,0.0,0.1138211738040366
gap_today q3 & r1 q3,-8.274104379871643e-05,-0.11795601868300175,-1.7156328584453222,rejected,0.12483300807886553,0.08622926056004662
r5 q1 & vol_ratio q1,-1.363719154154298e-05,-0.9245438602698891,0.9090106561789584,rejected,0.0,0.3633445009085529
days_since_earn q0 & r120 q1,-8.217436771414902e-05,-1.5216528647869025,-0.3105631419602419,rejected,0.029921099458652976,0.7561327509269511
intraday20 q3 & r1 q3,6.059203106217751e-05,1.3909457531525364,-0.439312043551954,rejected,0.0,0.6604354487570976
atr_pct q2 & rel_ind20 q0,-7.87494662249879e-05,-0.11062652145688322,-1.7195768908023066,rejected,0.12800234134582894,0.08550937980632405
mom_12_1 q3 & r120 q1,8.749809524851584e-05,1.1035627345054082,0.7227746576777437,rejected,0.06289720154778385,0.4698183393293703
mom_12_1 q0 & news5 q1,-4.677586468377334e-05,-1.0323130924518256,-0.7920955140534828,rejected,0.08878699245348395,0.42830498558603936
r5 q4 & vol20 q3,-1.819108133916864e-05,0.8364379376047916,-0.9869108909149148,rejected,0.0,0.323686324673696
days_since_earn q2 & r5 q1,-3.917509520619854e-05,-1.0881434332804163,0.7331226258513831,rejected,0.0,0.46348364142327714
atr_pct q0 & skew60 q4,1.9385587808576287e-05,-0.38840487294970527,1.4289702277151077,rejected,0.0,0.1530127907584806
dist_52wh q1 & frog q3,-5.7570617991708784e-05,-1.6714600164736564,0.14348401619088202,rejected,0.0,0.8859079338630655
days_since_earn q4 & ev_offering q2,0.00016595532437362772,1.7083757148438734,0.10434124162907248,rejected,0.01610470189114003,0.9168985504239853
days_since_earn q3 & vol_surge1 q1,-9.043879993392797e-05,-1.1939295004781783,-0.6182417761008634,rejected,0.041825498448803115,0.5364159757108946
ins_buyers30 q2 & rel_ind20 q1,9.267645636452244e-05,1.21463904444729,-0.592189764316709,rejected,0.0,0.5537235228136191
dist_ma50 q3 & ins_officer30 q2,0.00017019306757197678,0.7532953902238501,1.0520019122939586,rejected,0.1211578298723889,0.2927986722731727
days_to_earn q3 & ins_officer30 q2,0.00013687086474034203,0.1220678829018972,1.6826061425131542,rejected,0.12184871494763717,0.09245136180722852
r1 q2 & r5 q1,1.6908569406678675e-06,-0.5342060605191684,1.270380090099766,rejected,0.0,0.20394927181331346
gap_today q3 & r5 q1,0.00010723823006909464,0.6806425078934787,1.1234969456468358,rejected,0.12168717853481231,0.26122649706577944
range_compress q1 & vol_surge5 q4,-4.450519627393343e-05,0.2995526477322134,-1.5011577411461714,rejected,0.0,0.13331476715583246
days_since_earn q2 & r120 q1,-7.976698304270684e-05,-0.7889180227269386,-1.0060519049536771,rejected,0.11935122671318617,0.3143906024678904
r1 q2 & r120 q2,2.3560720732726262e-05,-0.5010938306385763,1.2921400101724396,rejected,0.0,0.1963086621701694
overnight20 q3 & range_compress q1,-8.731827524047045e-05,-1.6452641967585262,-0.1475239988960441,rejected,0.020082633521356617,0.8827184385836803
news5 q1 & r5_nonews q1,-4.136984313790988e-05,-1.2338234625135533,-0.5589487144517202,rejected,0.030561108093098546,0.5761967217026964
r120 q2 & rel_ind20 q3,7.162137311471372e-05,-0.1235877411639177,1.6677763999450537,rejected,0.0,0.09536012246049305
atr_pct q2 & ind_mom60 q4,-8.127692577958162e-05,-0.6729872746194477,-1.1164614745969614,rejected,0.11731159738665048,0.26422465207560025
days_since_earn q3 & range_compress q2,0.00010184870291216483,1.629635680498162,-0.1593008765133252,rejected,0.0,0.8734318302198734
dist_52wh q2 & r20 q3,6.478929542747558e-05,0.007892079790133018,1.7795047418814867,rejected,0.1348235917866161,0.07515704817094253
ind_mom60 q4 & rel_ind20 q1,-2.256107350032288e-05,0.46476714709444955,-1.322248073813072,rejected,0.0,0.1860855575806378
dist_ma50 q0 & vol_ratio q4,-6.172644095898032e-05,0.12981351703690802,-1.655882365551933,rejected,0.0,0.09774564345228672
days_to_earn q4 & news5 q4,-1.090351588879967e-05,-1.1142852563722982,0.6696356679857521,rejected,0.0,0.5030900708218167
intraday20 q1 & r1 q0,-6.977549073474212e-05,-0.8798474751271239,-0.8923404878978232,rejected,0.11422068720333714,0.3722104590043571
intraday20 q3 & min20 q4,0.00012065920504943319,1.4326653402535825,0.33681488865269477,rejected,0.03240947791481122,0.7362564486928599
days_to_earn q1 & intraday20 q0,-5.832636585045388e-05,-0.08032148547265845,-1.6855641064098068,rejected,0.11571987416867657,0.09187978755417166
days_to_earn q3 & ins_buyers30 q2,0.00012950287100958632,0.13015772589713365,1.6321696135824806,rejected,0.13427112009194522,0.10264376010639069
days_to_earn q3 & ins_value30 q2,0.00012950287100958632,0.13015772589713365,1.6321696135824806,rejected,0.13427112009194522,0.10264376010639069
gap_today q3 & range_compress q1,-7.877820214205046e-05,-0.5255595173943145,-1.2363864781311158,rejected,0.13124908023226162,0.21631493991060963
frog q0 & r60 q2,-2.3720226488887595e-05,0.8104003374212484,-0.9506542684348777,rejected,0.0,0.34177991029341115
dist_ma200 q3 & r20 q3,4.843333583545407e-05,-0.28188904627190847,1.4760848495851897,rejected,0.0,0.13992111553038886
close_loc q1 & r60 q3,-4.012658114115858e-05,-1.2017812130295327,0.554251087727111,rejected,0.0,0.5794070195390737
days_to_earn q2 & ins_buyers30 q2,-4.15916150967011e-05,0.5932054771349512,-1.1622870922484136,rejected,0.0,0.24511886794659937
days_to_earn q2 & ins_value30 q2,-4.15916150967011e-05,0.5932054771349512,-1.1622870922484136,rejected,0.0,0.24511886794659937
ind_mom20 q0 & overnight20 q2,7.692348830096785e-05,1.3524892839445886,0.3919817297478665,rejected,0.03503342384235464,0.6950717133258488
vol20 q1 & vol_surge5 q0,-9.955437073610085e-05,-0.3756564949686192,-1.3666944314603768,rejected,0.12412451952621976,0.17172110401717167
min20 q4 & r20 q3,0.00010236863304104278,0.2055405877557612,1.5349834420549473,rejected,0.12211276213735131,0.12478789532001319
days_since_earn q3 & vol_ratio q4,-2.260673034429515e-05,0.30049635422852433,-1.439404764811232,rejected,0.0,0.15003587515028263
mom_12_1 q3 & vol_surge1 q1,7.712582233049559e-05,-0.042117945424233874,1.6971960137335806,rejected,0.0,0.08965960852363794
news5 q1 & vol_ratio q1,6.437661907560203e-05,1.0520224924154813,0.6866200405918221,rejected,0.05433627706571557,0.4923221962508618
ear_volsurge q3 & log_dv q2,-6.858220170815162e-05,-0.8613105970968538,-0.8768596882709128,rejected,0.11315730986626095,0.3805628541373985
ev_red_flag q2 & news5 q4,2.6005812550734836e-05,-0.644131310520911,1.0920213510328742,rejected,0.0,0.274823716625999
days_since_earn q3 & r120 q1,-7.185407171739193e-05,0.006054111842869874,-1.7299762051414438,rejected,0.0,0.08363452662897432
days_to_earn q0 & vol_surge5 q1,-5.648723888395611e-06,-0.7878191005739842,0.9438805394599582,rejected,0.0,0.34523069766184067
dist_52wh q2 & range_compress q4,5.4207545937207575e-05,-0.3443445558511826,1.3860553230063386,rejected,0.0,0.1657300111350107
days_to_earn q3 & ev_shelf q2,0.00012148873067767952,-0.08286514795347465,1.6474540277753098,rejected,0.0,0.09946475810089178
ev_shelf q2 & vol_ratio q1,0.00011298916035277895,-0.08715705176556683,1.6411107096351545,rejected,0.0,0.10077443602449268
dist_ma200 q1 & vol_surge5 q3,2.1159287819925762e-05,1.0143580604447557,-0.7107682615145391,rejected,0.0,0.47722785136910056
overnight20 q4 & range_compress q1,-7.797007525733804e-05,-0.9334195545616444,-0.7902379725159996,rejected,0.08521882495742328,0.42938880364336474
r1 q2 & range_compress q1,-3.187287937032047e-05,0.3310050920618212,-1.390549810027983,rejected,0.0,0.1643619849511888
mom_12_1 q4 & r20 q0,2.405943656259505e-05,1.14858493976991,-0.571597427641063,rejected,0.0,0.5675947385604194
dist_ma200 q3 & mom_12_1 q3,6.714698595844535e-05,-0.3249198810707188,1.3919020736506094,rejected,0.0,0.16395205383644781
min20 q4 & news5 q1,6.727060164308416e-05,0.819965669474645,0.8948310148595281,rejected,0.11390456200461098,0.3708774281772564
days_since_earn q3 & min20 q4,6.49039680245813e-05,1.3029235382126598,-0.41052258532180286,rejected,0.0,0.6814226392011862
r1 q1 & r120 q1,4.8521856827172234e-05,-0.4214092495289739,1.2915398336421322,rejected,0.0,0.19651655179616315
r20 q0 & r5_nonews q4,4.109547353991152e-05,1.451126771977872,0.26135276392810997,rejected,0.020591727078674803,0.7938204802992723
r120 q1 & r5_nonews q0,-8.37676628923999e-05,-0.8790787232325673,-0.8316510409525169,rejected,0.10491232195897758,0.4056059430578114
dist_ma50 q2 & mom_12_1 q0,3.131472069299941e-05,-0.1555354757171217,1.5518458561987685,rejected,0.0,0.12069911071943627
dist_ma200 q1 & rel_ind60 q1,3.9233613936835006e-05,1.0514721948025474,-0.65569202496347,rejected,0.0,0.5120223011815581
intraday20 q1 & mom_12_1 q0,-1.5663067655057e-05,0.24533596214586673,-1.4601968610897067,rejected,0.0,0.14423597776725952
days_since_earn q2 & vol_surge1 q3,-5.991353710884864e-05,-0.7685211007351905,-0.9352900212795396,rejected,0.10319623113609026,0.3496388564562969
days_since_earn q3 & vol_ratio q3,-2.615707050136733e-05,0.3475336979485143,-1.3549251875806032,rejected,0.0,0.17544139383214694
close_loc q1 & vol_surge1 q1,8.060722006671388e-05,0.8780833460007581,0.8231108199165986,rejected,0.10292622553585888,0.4104449763927988
dist_52wh q2 & r5 q1,1.1466437242163417e-05,-0.5257390846652935,1.172216540076157,rejected,0.0,0.24111012943859075
gap_today q4 & r120 q2,-2.6637811093026425e-05,-0.9490647418563166,0.7478809169810123,rejected,0.0,0.4545319889687691
ear_volsurge q0 & ind_mom20 q4,5.015157297259319e-05,0.5669312420993835,1.129851638491751,rejected,0.11446251578192361,0.2585387449728371
ins_buyers30 q2 & r20 q2,0.00011406992068384555,-0.14755226586212714,1.5477011465047414,rejected,0.0,0.12169426593991045
ins_value30 q2 & r20 q2,0.00011406992068384555,-0.14755226586212714,1.5477011465047414,rejected,0.0,0.12169426593991045
days_to_earn q1 & r5_nonews q0,-4.805028359966434e-05,0.16087602959849456,-1.5343250100540833,rejected,0.0,0.12494971588975787
days_since_earn q3 & dist_52wh q2,-5.5308284523598434e-05,0.25970707895698125,-1.4349980339321675,rejected,0.0,0.15128765785070017
r20 q2 & rel_ind20 q3,3.57837774760227e-05,-0.42429363418473304,1.2674662010432651,rejected,0.0,0.20498864156660285
r20 q3 & range_compress q4,6.026054175185869e-05,-0.2015992129970971,1.4866617254775152,rejected,0.0,0.13710417633136943
days_since_earn q4 & rel_ind20 q2,8.693869524287817e-05,1.3477634412747437,0.33792904429047094,rejected,0.03125681468492815,0.7354166595825864
rel_ind20 q4 & vol20 q0,9.454106312421114e-06,-0.6851331725184938,0.9989522919029564,rejected,0.0,0.3178178028469086
days_to_earn q2 & ins_officer30 q2,-0.00010279541226802334,0.2276067398412173,-1.4560932430193,rejected,0.0,0.14536684520460275
atr_pct q0 & dist_52wh q1,7.884480169027838e-05,1.273061496415363,0.4082308076459146,rejected,0.03144881927993612,0.6831042323038387
ins_officer30 q2 & intraday20 q1,-6.008763629942821e-05,0.30427568665302,-1.3718248129794914,rejected,0.0,0.17011798089676594
close_loc q1 & r5_nonews q4,-2.104113674688407e-05,0.40106620706174473,-1.2711645022735087,rejected,0.0,0.20367013217209815
rel_ind20 q1 & rel_ind60 q4,-4.3637767373396796e-05,-1.1214200202357212,-0.5453299360469152,rejected,0.033297495362068864,0.5855266185941636
dist_52wh q1 & r1 q2,1.8960498630935513e-05,-0.31875747346639277,1.3474874706134796,rejected,0.0,0.17782328604997716
max20 q2 & overnight20 q4,6.582482902844008e-05,0.5111063207113508,1.1535692717339412,rejected,0.11629642720195635,0.24867680235780218
overnight20 q4 & vol_ratio q1,4.687625609999754e-05,-0.06630098779031594,1.5953041485698083,rejected,0.0,0.11064423835699509
dist_ma50 q1 & overnight20 q2,-9.454540693771215e-05,-0.704622109033841,-0.9538430364977387,rejected,0.09886098483951869,0.3401631011945102
atr_pct q4 & min20 q2,-1.1303678608954459e-05,-0.994482804513256,0.6608261069388223,rejected,0.0,0.5087238382703376
r1 q2 & r60 q3,4.453064020402588e-05,-0.24828061643576227,1.4065086884587739,rejected,0.0,0.15957312644092106
days_to_earn q1 & rel_ind20 q3,-0.00010162593627066017,-1.08606518662913,-0.56759180323212,rejected,0.03869378386584477,0.570312174206576
days_since_earn q3 & intraday20 q0,-2.7816890557602034e-05,0.3124195361248515,-1.3396255351805184,rejected,0.0,0.1803671177740892
days_since_earn q2 & r1 q3,7.481258480344696e-05,1.451977925344054,-0.19871794905911905,rejected,0.0,0.8424833827133515
ear q1 & max20 q3,5.730182241786195e-05,0.19607557264416758,1.4538955193611998,rejected,0.09701787164258108,0.1459752752541784
days_to_earn q1 & dist_52wh q1,-4.3648334798826215e-05,0.21325285942023275,-1.4361091018507706,rejected,0.0,0.15097129854866786
close_loc q3 & frog q3,-8.100213725222132e-05,-0.811169751657464,-0.83740592206718,rejected,0.10400809012101192,0.4023644380859611
ear q4 & news5 q1,-4.398779158646995e-05,-0.7016646175482766,-0.944695644427975,rejected,0.09915296701169048,0.3448142813355665
max20 q2 & vol20 q0,6.611749779484658e-05,1.2797501805640639,0.3659694856123884,rejected,0.026640994551972,0.7143878453587476
dist_ma50 q2 & intraday20 q1,0.00011394701008755992,1.4763396984091257,0.16802455358405421,rejected,0.015994953638424785,0.866563962718578
r120 q4 & r20 q3,2.9517617920650512e-05,-0.37482330163653427,1.2671332314761576,rejected,0.0,0.2051076548914651
close_loc q1 & mom_12_1 q3,7.936096636576826e-05,0.3326604747820777,1.3065789408660804,rejected,0.12442964995687299,0.19135575266672275
close_loc q1 & dist_ma50 q2,8.059151750085802e-05,0.46365642058802803,1.173540046605216,rejected,0.10814545648960049,0.2405793073665918
ind_mom60 q0 & vol_ratio q1,6.321862823653253e-05,1.5994866332764597,-0.03548641931136878,rejected,0.0,0.971691875375233
intraday20 q2 & r1 q1,5.52099110764524e-06,-0.7608989557766911,0.8659604581412099,rejected,0.0,0.38651184650254644
ind_mom60 q1 & r20 q1,6.62819325671508e-05,-0.10338712916693407,1.520558530767254,rejected,0.0,0.1283706600832126
days_to_earn q3 & dist_ma50 q2,9.179198724570979e-05,1.2530291103839193,0.3698995155881425,rejected,0.0265936151000142,0.7114573623881297
ind_mom60 q0 & intraday20 q3,6.650522800956696e-05,1.284300476191055,0.33578887248082223,rejected,0.030823166886193812,0.7370300819386809
overnight20 q3 & rel_ind60 q1,8.495079673121174e-06,0.7322881833640766,-0.8838303278718288,rejected,0.0,0.3767878121292678
overnight20 q4 & vol_surge5 q3,-2.0919245038920667e-05,-0.9909381686638056,0.622373101645018,rejected,0.0,0.5336965632200767
r1 q3 & r120 q1,-6.70559955507548e-05,-0.21400150721620373,-1.3984306782565763,rejected,0.1095465125605277,0.16198377602961747
mom_12_1 q3 & r20 q0,1.4689892991222083e-05,0.873759866217722,-0.7384120657767477,rejected,0.0,0.460264084704368
r5 q0 & vol_surge5 q4,-8.887099024219531e-05,-1.4114944015504913,-0.19985016713090603,rejected,0.024478073166527625,0.8415977649746992
ind_mom60 q0 & r1 q2,-8.388135244216246e-06,0.5348648176906267,-1.0741622627170795,rejected,0.0,0.2827499627291475
atr_pct q0 & news5 q1,5.5147853572595186e-05,0.8035469610928234,0.8039074622808549,rejected,0.09087208876637606,0.4214504200682398
min20 q4 & vol_ratio q1,5.4032490028806887e-05,-0.17956403076811775,1.421606407474789,rejected,0.0,0.15514054363682805
days_to_earn q2 & earn_in_week q1,-4.205141680334619e-05,-1.2305563986212757,0.36693640238433817,rejected,0.0,0.7136664573421667
range_compress q1 & skew60 q0,-3.6180870880427407e-05,0.34801754636593657,-1.246503803695842,rejected,0.0,0.21257949364618775
atr_pct q2 & ear_volsurge q0,8.22473390579282e-05,1.4758902059296974,0.11858872897681513,rejected,0.018530991573450582,0.9056011953086349
atr_pct q0 & intraday20 q3,8.58985496369138e-05,0.25087334023449154,1.3428902594881744,rejected,0.11718524603589305,0.17930751091776667
intraday20 q1 & r60 q3,7.552030558988644e-05,0.45265365587091244,1.140643505608071,rejected,0.10976134516141672,0.25401830499441214
gap_today q3 & vol_ratio q1,8.18275278555403e-05,1.1403549559337578,0.4487450170026877,rejected,0.03918955083976858,0.653615606322852
close_loc q1 & min20 q4,9.80392541058875e-05,1.3221948708354123,0.26425570711784746,rejected,0.019525738515148654,0.7915828880417628
max20 q2 & r5_nonews q3,-4.0192521116682206e-05,0.3122626631783745,-1.2727260096386077,rejected,0.0,0.20311528470803503
dist_52wh q1 & vol_surge1 q1,-4.968722118372131e-05,-1.115547098162942,0.4681631600852716,rejected,0.0,0.6396679149391398
mom_12_1 q0 & overnight20 q4,-4.0832087225220554e-05,-0.7552655585643929,-0.8275915573720469,rejected,0.09907816363362318,0.4079018511586573
intraday20 q3 & r20 q2,3.315907271266124e-05,0.4959905403676963,1.0863365719208393,rejected,0.11008888894304625,0.27733011237623445
r120 q2 & rel_ind60 q1,-3.005641320663168e-05,-0.9637198382149407,0.6141678515256802,rejected,0.0,0.539104415001978
ins_buyers30 q4 & ins_officer30 q2,-4.184293589937151e-05,-0.5544753995324421,-1.0231668199078494,rejected,0.10845838223419103,0.3062289779665972
ins_officer30 q2 & ins_value30 q4,-4.184293589937151e-05,-0.5544753995324421,-1.0231668199078494,rejected,0.10845838223419103,0.3062289779665972
ev_shelf q2 & mom_12_1 q0,-7.165537362921304e-05,-0.029912976902070045,-1.5463305488756458,rejected,0.11074312222255765,0.12202475775350549
ins_officer30 q2 & r1 q3,-7.6349883536098e-05,0.30585682765483446,-1.269307399575763,rejected,0.0,0.20433144825391164
gap_today q3 & r20 q3,8.063389161495542e-05,0.59714783234481,0.974110537312913,rejected,0.1001359226534221,0.33000165807323456
ear_volsurge q3 & vol20 q2,9.451783566788507e-05,1.085483930865788,0.48516726346572736,rejected,0.03678458168832301,0.6275577017063565
days_to_earn q2 & r120 q2,7.713651401051955e-06,-0.6269245810150181,0.9413585387115992,rejected,0.0,0.34652115328770183
dist_ma200 q3 & ins_officer30 q2,4.35086709996431e-05,-0.4427629679013352,1.1243085549614578,rejected,0.0,0.26088215035042706
intraday20 q1 & r120 q1,-4.9072625957471315e-05,0.31673692414469834,-1.2498414952344121,rejected,0.0,0.2113574545708157
ins_officer30 q2 & r5 q0,-8.783767992150307e-05,-1.441879044804378,0.12393956626684133,rejected,0.0,0.9013631250979677
days_since_earn q0 & earn_in_week q1,4.380991799000759e-06,-0.23687573788023403,1.3286452766374053,rejected,0.0,0.18396502700364142
r5 q1 & rel_ind20 q3,-2.648510086860627e-05,-0.9188143192781609,0.6436550734650707,rejected,0.0,0.5197991289108519
ev_shelf q2 & r20 q2,0.00012654573519207772,0.09865245136388186,1.4534740795169523,rejected,0.09152902099563348,0.14609217140683337
r20 q3 & r60 q3,-4.674151089082761e-06,-0.5868120196866392,0.9650410517265267,rejected,0.0,0.3345242505122823
days_since_earn q3 & r20 q0,1.4225232979841157e-05,0.9255150508133243,-0.6186625464165454,rejected,0.0,0.536138688391908
dist_ma50 q2 & range_compress q4,8.555026026532244e-05,0.6921878141690937,0.8491561122386052,rejected,0.10180343041709965,0.39579443058750813
gap_today q3 & r5_nonews q4,-4.344285652087674e-05,0.13336557410062683,-1.4074660169465245,rejected,0.0,0.15928924730796892
atr_pct q0 & ind_mom60 q0,7.08999697671077e-05,0.19176030448249096,1.3475647532102841,rejected,0.1062417000119712,0.17779841351632925
days_to_earn q3 & intraday20 q3,1.7772710067883545e-05,0.7536508951487362,0.7853825865064569,rejected,0.07544387192170228,0.4322292873664009
ins_buyers30 q2 & r1 q3,-9.121401423416182e-05,0.19837075179360142,-1.337193197539692,rejected,0.0,0.18115958178488503
ins_value30 q2 & r1 q3,-9.121401423416182e-05,0.19837075179360142,-1.337193197539692,rejected,0.0,0.18115958178488503
news5 q1 & vol_surge1 q1,6.104872781600079e-05,1.207745387070811,0.32322059668397923,rejected,0.032136199618392224,0.7465281834741502
r120 q1 & vol_surge1 q1,-8.84213788473028e-05,-0.6028719146557303,-0.9262945337787112,rejected,0.09779371797746413,0.35429293586716853
dist_52wh q2 & r5_nonews q4,-2.980641735833307e-05,0.2516935440174325,-1.2752982560747994,rejected,0.0,0.2022036947718573
earn_in_week q1 & r5_news q2,6.82224445274566e-05,0.17111859001004096,1.3554858571503696,rejected,0.1045113367894299,0.17526281156343565
days_to_earn q1 & r1 q3,-6.494597023719081e-05,-0.3326872581739271,-1.1930670514803854,rejected,0.10621255789279603,0.23284311415282233
gap_today q3 & ind_mom60 q3,-6.855108402749183e-05,-0.9761170058943583,-0.5494825590791926,rejected,0.03138877120713587,0.5826743304357425
ins_officer30 q2 & r20 q2,0.00010989542860170938,-0.09654875981599323,1.4265144724029788,rejected,0.0,0.15371989242462403
ev_shelf q2 & intraday20 q1,-6.606964901049616e-05,0.1428977605233738,-1.3742098694221332,rejected,0.0,0.16937653765294589
days_to_earn q3 & gap_today q3,7.231164982919097e-05,1.092144266406667,0.42121616186947775,rejected,0.031318369949036994,0.6735972437087114
ind_mom20 q2 & overnight20 q2,-7.433311411110802e-05,-0.5862812808930912,-0.9240548822870855,rejected,0.09679063264075695,0.35545774212013787
days_to_earn q3 & news5 q1,-4.034208354899538e-06,1.0382465310830635,-0.47181432447032984,rejected,0.0,0.637059325496043
intraday20 q1 & r120 q2,-7.637786494551514e-06,-0.6606718709351022,0.8481812815070887,rejected,0.0,0.3963370201722667
days_since_earn q3 & r60 q3,7.934269964795872e-05,0.4864075344186579,1.0183532004980198,rejected,0.10377806595105618,0.3085101342718776
ins_buyers30 q2 & intraday20 q1,-5.546907601465108e-05,0.26996096512346085,-1.2344469582434312,rejected,0.0,0.21703640012725256
ins_value30 q2 & intraday20 q1,-5.546907601465108e-05,0.26996096512346085,-1.2344469582434312,rejected,0.0,0.21703640012725256
days_since_earn q0 & rel_ind60 q3,3.832060636751611e-05,-0.2868549356573363,1.2114173666062689,rejected,0.0,0.22573548682483188
gap_today q3 & range_compress q2,6.0335807002939555e-05,1.0843358246486072,-0.41227670948102757,rejected,0.0,0.6801366176503882
days_since_earn q3 & ind_mom60 q3,-3.9159729492263724e-05,0.09431067083600875,-1.402154542010043,rejected,0.0,0.16086910281801423
ind_mom20 q1 & r5_nonews q0,-5.588482536707321e-05,-1.4158073399617204,0.0790799215786563,rejected,0.0,0.9369690537503137
days_since_earn q1 & vol_ratio q1,9.26895589819315e-06,-0.5127723215636735,0.9790251945035919,rejected,0.0,0.3275675309873481
skew60 q3 & vol_surge5 q4,7.445098777411765e-05,0.6115005027972531,0.8794443150146759,rejected,0.1036136039710876,0.37916041323658733
ins_opportunistic30 q2 & overnight20 q2,0.00010122188121042834,1.1822169554089579,-0.3052300946049453,rejected,0.0,0.7601909131719362
r1 q2 & r20 q0,-4.186153911087983e-07,0.5726544195035078,-0.909504598515752,rejected,0.0,0.36308383156729995
mom_12_1 q4 & vol_ratio q4,-1.1567281973185384e-05,0.502972774822802,-0.9733532726645401,rejected,0.0,0.33037775411034015
dist_52wh q1 & r1 q3,-5.935521962426587e-05,-0.43165746182053194,-1.0425637745554206,rejected,0.10165910124680609,0.29715037420293455
overnight20 q4 & r1 q2,5.672949672709316e-05,0.14136370380730043,1.331011380882347,rejected,0.10571287681322723,0.1831852661788645
ear_volsurge q3 & r5_news q2,-0.00011586073869262959,-0.5513310066276993,-0.9178970976798075,rejected,0.096545984148099,0.3586727412647758
r20 q4 & r60 q3,-7.871180752852336e-05,-0.9752206340735261,-0.49121474324824044,rejected,0.033017102095292114,0.6232745724410376
ind_mom60 q4 & rel_ind60 q3,6.237959799539687e-05,0.7748193388823201,0.6893499851916216,rejected,0.04825645494433258,0.4906030494689773
earn_in_week q1 & news5 q4,-1.4332969865059975e-05,-0.5923369683292287,0.8711964542112631,rejected,0.0,0.38364689564579935
days_to_earn q2 & dist_ma50 q2,7.606720338401726e-06,-0.582260024569086,0.8804175502676787,rejected,0.0,0.3786331524647426
earn_in_week q1 & r5_nonews q1,-1.8596477857607003e-05,-0.7444019332871079,0.7182629714357496,rejected,0.0,0.4725951569512988
days_to_earn q3 & overnight20 q4,2.040805714608608e-05,-0.2010907701408753,1.261561070834325,rejected,0.0,0.20710677162166286
days_to_earn q1 & dist_ma50 q3,-6.104963594803005e-05,0.18483579368088376,-1.2768978714309278,rejected,0.0,0.20163830573381353
range_compress q1 & rel_ind60 q1,-5.6471573386067144e-05,-0.38481440953354384,-1.0748248168956394,rejected,0.10288106715816743,0.2824531673921888
ind_mom60 q0 & r120 q1,-6.125233637555454e-05,-0.3583024491143635,-1.1009944312056548,rejected,0.10302312414247487,0.2708990808474556
dist_ma200 q1 & ev_shelf q2,-1.2394667277180786e-06,0.7083202648276398,-0.7507110817694803,rejected,0.0,0.4528265522930226
days_to_earn q1 & r120 q1,-3.756006564699664e-05,0.23427928818237007,-1.2134995341317159,rejected,0.0,0.22493889238170825
close_loc q4 & ev_shelf q2,0.00013137370797878555,0.7636316905752019,0.6824544854185299,rejected,0.04849886336972458,0.49495161336645077
overnight20 q4 & r120 q2,1.2589753708026524e-05,-0.3837988532686569,1.0566099171416057,rejected,0.0,0.2906896525770125
r5_nonews q1 & r60 q4,-1.138180550369127e-05,-0.857663304914865,0.5806202832064629,rejected,0.0,0.5614963989451399
r20 q0 & vol_surge1 q0,2.3535212321370247e-05,1.092522974191563,-0.34479380935682513,rejected,0.0,0.7302493874391127
intraday20 q3 & range_compress q2,8.31817765456444e-05,1.2034339414759672,0.2322304826284555,rejected,0.024302191200944786,0.8163590031346942
news5 q1 & overnight20 q3,-4.110480774442054e-05,0.37503643930724767,-1.0590015984279966,rejected,0.0,0.2895990517619732
r60 q3 & range_compress q1,-2.807239023523246e-05,-0.930480848867152,0.5019088635537304,rejected,0.0,0.6157316301428346
dist_ma50 q4 & ins_buyers30 q2,-9.655731196603303e-05,-0.40149381100254244,-1.0297281496203006,rejected,0.1001375033113284,0.3031376374947982
intraday20 q3 & rel_ind60 q1,7.122474581798907e-05,0.9459284002011229,0.4805921995955128,rejected,0.037404322433461895,0.630806360461222
dist_52wh q1 & ear_volsurge q0,-3.092724381327372e-05,-0.2166394364836662,-1.20954276509072,rejected,0.10128761863908307,0.22645439174597737
days_since_earn q3 & r20 q2,2.055099015083127e-05,0.8962307825925906,-0.5297909851988909,rejected,0.0,0.5962568561854629
ear q4 & r5 q0,-4.049275819781031e-05,-0.6068043728912732,-0.8188939185855235,rejected,0.08651708612093735,0.41284693991540466
ind_mom60 q0 & ins_buyers30 q2,-1.8465887551984328e-05,0.3664820765736856,-1.0582779693366502,rejected,0.0,0.2899287337477381
ind_mom60 q0 & ins_value30 q2,-1.8465887551984328e-05,0.3664820765736856,-1.0582779693366502,rejected,0.0,0.2899287337477381
intraday20 q1 & rel_ind20 q3,6.469410488220659e-06,-0.32994612208506047,1.0938726789902367,rejected,0.0,0.27401082275448624
days_since_earn q0 & r120 q2,-6.152011834016629e-05,-1.1363524605792747,0.28615400354888343,rejected,0.0,0.774760171145904
r1 q2 & rel_ind20 q3,6.195237519548458e-05,-0.1625848002532679,1.2561764943346994,rejected,0.0,0.20905198701099031
close_loc q2 & log_dv q2,-6.515202810067424e-05,-1.0263554198563523,-0.3921815750026666,rejected,0.03189298962878859,0.6949240569224602
dist_52wh q2 & gap_today q3,-6.639461746898221e-05,-0.21990992707350052,-1.195877951165902,rejected,0.09774159424882035,0.2317441905975868
min20 q4 & r120 q1,8.589236307900096e-05,1.1865548352280715,0.22882780035156333,rejected,0.02601330405637117,0.8190027584480668
intraday20 q3 & log_dv q2,7.83112894981937e-06,-0.7825396270601663,0.6304746110885546,rejected,0.0,0.5283841087855303
days_to_earn q3 & r1 q3,-5.200775209383592e-05,-1.298003935919679,0.10914816594039099,rejected,0.0,0.9130849721689661
ins_officer30 q2 & intraday20 q0,6.371961920218967e-06,0.561024264234285,-0.8456724892559571,rejected,0.0,0.3977354743406148
close_loc q3 & rel_ind20 q0,-1.0297293821241563e-05,0.3917134361066962,-1.014042126402015,rejected,0.0,0.31056265140617295
dist_52wh q1 & min20 q4,-9.145455118567802e-06,0.5693952498215578,-0.8326342769328642,rejected,0.0,0.4050510213230918
mom_12_1 q2 & rel_ind20 q4,4.708017188002698e-05,1.0539339277664308,-0.34504115249317185,rejected,0.0,0.7300634330917455
r20 q0 & r5 q1,4.271582886144969e-05,1.1673689943065473,-0.23018729740974261,rejected,0.0,0.8179462320563455
overnight20 q4 & rel_ind20 q3,-2.3162142198953404e-05,-0.8350199908068457,0.55906558009948,rejected,0.0,0.5761169643354351
intraday20 q3 & r120 q1,-5.716936385067142e-06,0.6298223824021947,-0.7634582147292825,rejected,0.0,0.4451901731574222
days_since_earn q3 & ind_mom60 q0,-5.269069747012306e-05,-0.5176220917250592,-0.8752977577255932,rejected,0.09857814062444971,0.3814119138557416
atr_pct q1 & r5_nonews q4,8.404855723416105e-05,1.3054017737405885,0.08660038649948848,rejected,0.013761709781810289,0.9309891586740092
ind_mom60 q4 & intraday20 q1,-4.567636576334902e-05,0.14089317091422038,-1.233860670937939,rejected,0.0,0.21725482689245412
r20 q2 & vol_ratio q1,7.976429474864189e-05,0.8569231055814084,0.5174215797577946,rejected,0.03050410257759364,0.6048618987077321
days_since_earn q3 & ind_mom60 q4,2.9271396641877527e-05,0.8491380889667542,-0.5244584676916598,rejected,0.0,0.5999596995729026
gap_today q3 & rel_ind60 q1,-3.952038646087099e-06,0.6172399179476139,-0.7556147215853004,rejected,0.0,0.44988022684093965
days_since_earn q4 & vol20 q3,5.242204566343743e-05,0.688021225310713,0.6838651989913972,rejected,0.04789473769099918,0.4940602912776229
dist_ma50 q2 & range_compress q1,-5.8684796419678866e-05,-1.3411585743522036,0.028653808353087146,rejected,0.0,0.9771406968195033
dist_ma50 q2 & news5 q1,6.677739903410409e-05,0.815141060481879,0.5543301899436301,rejected,0.027782170222767997,0.5793528926825102
dist_ma50 q4 & ins_officer30 q2,-9.547529564258199e-05,-0.45856162018276664,-0.9104164518821826,rejected,0.09477921046960959,0.36260292463790017
r1 q2 & r120 q1,4.951142449341655e-05,1.108065193292814,-0.25955618220780347,rejected,0.0,0.7952061396209205
days_to_earn q1 & intraday20 q3,3.7210122494288426e-05,0.8919095108993392,-0.4725751945855151,rejected,0.0,0.6365162831240933
ins_officer30 q2 & vol_surge5 q1,-5.1593755629756214e-05,-0.955221099202253,0.4058279920174944,rejected,0.0,0.6848689896653599
close_loc q3 & vol_surge1 q3,-5.114699201286217e-05,-1.1801848108608117,-0.18061814552269675,rejected,0.017239331668917796,0.8566673120682876
days_to_earn q1 & dist_52wh q2,-4.993684881579177e-05,0.16667866222840036,-1.1909378196293918,rejected,0.0,0.23367799614154938
range_compress q4 & rel_ind60 q1,8.131217320297351e-05,0.3452644681532565,1.010517701118952,rejected,0.09516436237981776,0.3122473231447907
r5 q0 & rel_ind60 q1,-1.3978379254044025e-05,0.38366430357220405,-0.9721055465278824,rejected,0.0,0.3309980430956515
dist_ma200 q3 & news5 q1,6.591198333051092e-05,0.5499588680762925,0.8047055142762635,rejected,0.08092823715632003,0.42098963674081535
ins_officer30 q2 & mom_12_1 q0,-5.3961030818936596e-05,0.02574103682278052,-1.3267820995737238,rejected,0.0,0.1845807735001689
mom_12_1 q3 & r5 q1,9.13896764336273e-05,1.071855200781921,0.2793710436179718,rejected,0.021977048927707802,0.7799600906001654
days_to_earn q3 & r1 q2,6.90182111080642e-05,0.004443463452707108,1.3467777415538131,rejected,0.09481432247848347,0.1780518254961459
days_to_earn q1 & ear q3,-7.036097773158642e-05,-0.3770545893007089,-0.9723342195109531,rejected,0.08995456026874214,0.33088430528895585
r1 q3 & range_compress q4,8.38334586695812e-05,0.9394829914516559,0.4087350537330822,rejected,0.028252415425175297,0.6827341061502048
atr_pct q0 & vol_ratio q4,-1.6041294781976408e-05,-0.6288795360652033,0.7171637635555403,rejected,0.0,0.4732730553853847
ear q4 & vol20 q2,-7.876909764758365e-05,-1.193781292951749,-0.1515399040661551,rejected,0.01810952897035071,0.8795498353920219
dist_ma50 q3 & gap_today q3,8.30629082756573e-05,0.7484086053400202,0.5945041862688359,rejected,0.029005873571024784,0.5521749431793093
ind_mom60 q0 & vol_surge1 q1,6.376738548073948e-05,1.0361561095543819,0.30551013850075154,rejected,0.023738731774767548,0.7599776494455309
log_dv q1 & mom_12_1 q2,2.1311118837322324e-05,0.7884171508667125,-0.552714917014083,rejected,0.0,0.5804586372252045
gap_today q3 & vol_surge1 q1,7.41567295320829e-05,1.2871521822610739,-0.0495421249164567,rejected,0.0,0.9604872675681245
ind_mom20 q4 & log_dv q0,-3.2723190442401546e-05,0.22113419107604917,-1.1149851956778807,rejected,0.0,0.26485676581551776
days_to_earn q1 & r20 q3,-7.143271131663561e-05,-1.316432703656732,0.01962826616268137,rejected,0.0,0.984339915037032
atr_pct q3 & mom_12_1 q2,-2.268208604351158e-05,0.3090925980600846,-1.026098440039607,rejected,0.0,0.3048451855357808
dist_ma200 q4 & r5_nonews q1,-5.79845935790289e-05,-1.1649495281091875,-0.16318792454078926,rejected,0.017547054222982292,0.8703704735816513
r60 q4 & range_compress q1,-4.300574500662111e-05,-0.978949063859768,0.3481471244563037,rejected,0.0,0.7277296951632686
ind_mom60 q0 & r60 q3,5.262701066478542e-05,0.8378390118187186,0.4890267704010424,rejected,0.03495828899647979,0.6248227443050643
frog q1 & log_dv q3,5.9540008227403326e-05,0.7942320538633509,0.5319203415153799,rejected,0.02881567977552675,0.594781168100594
intraday20 q3 & vol_ratio q1,5.679214009453534e-05,-0.03024982583940857,1.2949369986780153,rejected,0.0,0.1953419638041221
dist_52wh q2 & r120 q2,-1.1782826327513747e-05,-0.6359350644928992,0.6891163708229084,rejected,0.0,0.4907500386842056
dist_52wh q1 & ind_mom60 q3,-3.5253058470503324e-05,-0.9738194519291301,0.3510239607962715,rejected,0.0,0.7255703726609839
days_since_earn q3 & range_compress q1,-6.727770771057999e-05,-0.4419497717096454,-0.8821024342598078,rejected,0.09391882798269223,0.37772141596102554
r120 q2 & vol_ratio q4,-3.119528884572026e-05,-0.788681710789441,0.5344193911905203,rejected,0.0,0.5930514059089593
dist_ma50 q2 & rel_ind20 q4,-2.9567916586160602e-05,-1.0875122740425538,0.23021519117928485,rejected,0.0,0.8179245580063788
ind_mom60 q0 & r1 q3,6.39664174268569e-05,0.7987157212184939,0.5157908480493955,rejected,0.030525883190604838,0.6060004952388987
dist_52wh q2 & vol_surge1 q1,5.751364413966869e-05,1.066303251698595,-0.24624499974784073,rejected,0.0,0.8054925829917476
overnight20 q4 & rel_ind60 q4,-2.9264704411623906e-05,-0.9044300170253458,0.40538179699859156,rejected,0.0,0.6851968891439706
ind_mom60 q2 & r60 q3,8.050019621037474e-05,0.9052296346334169,0.3963365471941901,rejected,0.027624423529677134,0.6918567692654926
gap_today q3 & intraday20 q1,-4.7060897740333786e-05,0.140334956631957,-1.1560375264098877,rejected,0.0,0.24766580777807842
r120 q2 & r20 q4,-2.8937012935023354e-05,-0.8981362476132919,0.3978378981343018,rejected,0.0,0.6907496794699308
r20 q4 & rel_ind60 q2,-4.5660962635161437e-05,-0.9587002609574833,-0.33533424316922383,rejected,0.029087876785667408,0.737372965269969
close_loc q1 & r1 q2,-7.893372948888333e-05,-0.7156938318342381,-0.5781042015392508,rejected,0.03167560874814581,0.5631937705938368
dist_52wh q2 & r20 q4,-5.4460928796531625e-05,-1.0353258307880306,-0.2562546722871958,rejected,0.01939931502158664,0.7977541951590434
days_to_earn q2 & rel_ind20 q3,-7.55345184075669e-05,-0.5847191702709669,-0.7031361130489288,rejected,0.04732298108207647,0.4819709285660403
news5 q2 & vol_surge5 q4,4.982223566586972e-05,0.929273080380092,-0.35790507168239677,rejected,0.0,0.7204143551535359
r1 q1 & vol_surge5 q1,6.283717831468934e-05,0.12710979095793198,1.153571737696072,rejected,0.09140490397179041,0.24867579086400962
r120 q1 & range_compress q4,7.652720314873103e-05,0.5955954117549332,0.6847852044561378,rejected,0.046046698616310264,0.49347947310747714
ind_mom60 q0 & overnight20 q3,1.0028978051549583e-06,0.5299964624662211,-0.7500942898434788,rejected,0.0,0.4531979183590499
overnight20 q4 & rel_ind60 q1,-2.248359756191958e-05,0.12347752674621783,-1.1556037748642998,rejected,0.0,0.24784326327507594
days_since_earn q3 & dist_52wh q1,-4.539119979515086e-05,-0.27660989327288216,-0.996049534443945,rejected,0.08815126704866419,0.3192260781168816
days_since_earn q3 & mom_12_1 q3,6.737438477680336e-05,0.6105771644908772,0.6565135638728572,rejected,0.041625850672691346,0.5114937432083797
days_to_earn q1 & overnight20 q4,-2.898791444465476e-05,-0.29410589767020734,-0.9702230258389228,rejected,0.0852548994323304,0.33193533573937084
r1 q0 & rel_ind20 q1,-2.6810976277755126e-05,0.32077782124066107,-0.942450030526302,rejected,0.0,0.3459622829580084
ins_buyers30 q2 & intraday20 q0,2.6205031329858776e-05,0.6431638630731639,-0.618000928306184,rejected,0.0,0.5365747266922412
ins_value30 q2 & intraday20 q0,2.6205031329858776e-05,0.6431638630731639,-0.618000928306184,rejected,0.0,0.5365747266922412
ear q0 & frog q2,1.5718269887873163e-05,-0.24540714272496392,1.0156052580124184,rejected,0.0,0.30981740000115565
days_to_earn q4 & vol_ratio q1,3.2336845758541736e-05,0.010325361084243282,1.2501555816899468,rejected,0.09445141475262166,0.21124271915326506
ear_volsurge q4 & overnight20 q4,3.977295905056205e-05,0.1337973115906232,1.1247975863696524,rejected,0.08900108549196868,0.26067481748185195
intraday20 q1 & max20 q1,9.186178461442435e-06,-0.441919357910969,0.8143692321819516,rejected,0.0,0.4154334592093516
news5 q1 & vol_ratio q4,1.826017843105317e-05,1.2468677643790305,0.007839819130895775,rejected,0.004420553938656592,0.9937447934330844
days_to_earn q1 & r120 q2,6.545919729069743e-06,-0.5134210943322483,0.7387691359149,rejected,0.0,0.46004719632617147
ind_mom60 q0 & overnight20 q4,-4.8527633263225195e-05,-1.250187774071621,0.0019162289914397951,rejected,0.0,0.9984710714084548
gap_today q3 & r120 q2,-5.5500643374860224e-05,-0.33570982323066406,-0.913385625984483,rejected,0.0864902207196192,0.3610397626780932
ind_mom20 q4 & vol_ratio q1,-5.811153492933556e-06,-0.6278022964447516,0.6209730113608459,rejected,0.0,0.5346173807591489
days_to_earn q3 & intraday20 q1,-5.234029166381822e-05,-1.0182760664908093,0.22914621613582248,rejected,0.0,0.8187552736533089
mom_12_1 q3 & news5 q1,5.2761935110676065e-05,0.6891696994466504,0.5580107103747373,rejected,0.025839689643267598,0.5768370705635975
close_loc q4 & ind_mom20 q0,3.2713841651463425e-05,1.0046618864677763,-0.2402684867008888,rejected,0.0,0.8101221235002882
ind_mom60 q3 & r120 q1,6.575806301164086e-05,0.9224237812785792,0.32194058739167486,rejected,0.029105973209984315,0.7474977044241363
days_since_earn q3 & intraday20 q1,7.901619111105911e-05,1.0080969527867953,0.23587255420607023,rejected,0.02446817166251708,0.813531565978617
ev_offering q4 & ins_value30 q2,2.5344928351338006e-05,-0.15885719575230758,1.0836094995059122,rejected,0.0,0.2785379771082662
dist_ma50 q3 & r5_nonews q3,-3.2974583314493556e-05,-0.795967836353205,0.44649036022624944,rejected,0.0,0.655243074328309
r20 q4 & vol_ratio q1,-4.801552662779729e-05,-0.9073055385661323,-0.33510846955709045,rejected,0.029250430520858725,0.7375432641051065
days_since_earn q3 & r1 q2,-3.215289079904176e-06,0.5333354316700843,-0.7086083057461772,rejected,0.0,0.4785675806505529
dist_ma50 q3 & vol_surge1 q3,-3.271452985759059e-05,-0.8572640399328376,0.380528684310037,rejected,0.0,0.7035530081233153
earn_in_week q4 & r5 q1,-3.148389708311969e-07,-0.41760764520480603,0.8190393723804927,rejected,0.0,0.4127639504281918
ind_mom60 q3 & intraday20 q3,2.6448521621661688e-05,0.18184778508729424,1.051304073544652,rejected,0.08938901201019174,0.2931189567844864
max20 q0 & vol_surge5 q2,8.657415478866745e-05,0.8898760207506766,0.3401480128735883,rejected,0.02799117724199241,0.733745066038328
vol20 q2 & vol_surge1 q3,1.548107089655965e-05,0.55981645105254,-0.6668784373851939,rejected,0.0,0.5048497851779061
atr_pct q0 & ins_officer30 q2,7.64829178367178e-05,0.04518253586418434,1.1810997487587702,rejected,0.08191440126025565,0.23756309974540918
days_to_earn q2 & intraday20 q3,7.325947416176669e-05,0.3273264862354555,0.8986357884445618,rejected,0.08922501473058798,0.36884668947957616
dist_52wh q2 & r1 q1,5.9017485285191786e-05,0.20532520050271028,1.0142872744038511,rejected,0.08530381884435902,0.310445694476457
ind_mom20 q4 & r5_nonews q0,-3.703333136056121e-05,-0.7461706026017715,-0.4726578853239004,rejected,0.03533338968698175,0.6364572774827415
days_to_earn q1 & log_dv q2,-3.857205580510556e-05,0.3050924737922942,-0.9110629708472077,rejected,0.0,0.3622621955267408
rel_ind20 q1 & vol_ratio q4,-4.51342706488613e-05,-0.020757914387099993,-1.189985564805268,rejected,0.08457872333996656,0.23405206571828785
dist_ma50 q2 & overnight20 q3,7.312198447556725e-05,0.7581100647643191,0.45216430941292396,rejected,0.03486804997054007,0.6511506177066074
r20 q4 & range_compress q1,-6.522637231186466e-05,-0.6102441871247222,-0.5977557102217423,rejected,0.027471942668049792,0.5500029468744405
atr_pct q0 & ins_buyers30 q2,7.030703390049031e-05,-0.010376847706343756,1.1945166856243743,rejected,0.0,0.23227591773425973
atr_pct q0 & ins_value30 q2,7.030703390049031e-05,-0.010376847706343756,1.1945166856243743,rejected,0.0,0.23227591773425973
days_since_earn q2 & range_compress q1,-5.824086278798066e-05,0.02893417746664043,-1.1755223867588913,rejected,0.0,0.23978578617855323
dist_52wh q2 & range_compress q1,2.9296929947066054e-05,-0.2308791759953198,0.9706784562797102,rejected,0.0,0.33170842327538513
dist_52wh q2 & r1 q2,-4.4052487111726273e-07,-0.5625546678920382,0.6363844423824889,rejected,0.0,0.5245258785949969
ind_mom60 q0 & range_compress q1,-5.5567117059280846e-05,-0.6930589101728352,-0.5039592932698608,rejected,0.030991087538381267,0.6142899826358394
ear q2 & skew60 q1,-3.6342553485952856e-05,0.19507038044973402,-1.0011463751760667,rejected,0.0,0.31675604739112684
news5 q1 & rel_ind20 q3,1.94056338600681e-05,-0.6179466513073993,0.576422743579206,rejected,0.0,0.5643294752047221
days_to_earn q2 & vol_ratio q1,7.387207153536921e-05,0.589244770704495,0.6046308316874306,rejected,0.03098618061904835,0.5454243159605981
dist_52wh q2 & overnight20 q3,2.2931505436985327e-05,-0.2949335162839159,0.8956526832527333,rejected,0.0,0.3704382889291299
atr_pct q2 & intraday20 q1,-4.723403706122302e-06,-0.5113871164460382,0.6790816383930968,rejected,0.0,0.4970861359733429
days_since_earn q3 & r5_nonews q4,-1.4283202119768402e-05,0.2664161533509423,-0.9217857903231003,rejected,0.0,0.3566403208018014
close_loc q3 & ear q3,4.586658787181584e-05,0.40763569407615863,0.7738095212453464,rejected,0.06009920814440488,0.43904344118419186
frog q4 & skew60 q3,-9.695834807548955e-06,-0.702327163232712,0.47744586971019065,rejected,0.0,0.6330446575970397
days_to_earn q3 & frog q4,-2.725517029166045e-07,-0.5148470366520591,0.6639908846558057,rejected,0.0,0.5066961452025651
intraday20 q1 & mom_12_1 q3,3.586202947739745e-05,0.7810943253686081,-0.39612809689182293,rejected,0.0,0.6920105317762549
atr_pct q0 & rel_ind60 q1,4.110467265058001e-05,0.7335793348206654,-0.44268734123934544,rejected,0.0,0.6579918999183442
intraday20 q3 & news5 q1,-4.9462193201596535e-05,0.24885626453807472,-0.9265117526561193,rejected,0.0,0.3541800922713626
ind_mom60 q1 & intraday20 q2,-3.1762952983347406e-05,-0.8479669941879814,0.3272363049603837,rejected,0.0,0.743489163722471
gap_today q3 & mom_12_1 q3,6.89037116905983e-05,0.8962911800278578,0.27835756219681207,rejected,0.021481667336967093,0.7807378930664202
dist_52wh q1 & r60 q3,-3.753036091408296e-05,-0.678045636688164,-0.49421127276423377,rejected,0.030435456732638887,0.6211569793676683
ind_mom60 q3 & r60 q0,-2.079586415270631e-06,-0.9551365089704329,0.21702223689397201,rejected,0.0,0.8281910153650804
ev_red_flag q2 & frog q0,-9.896298428742257e-05,-0.2801345423927326,-0.8916435858935639,rejected,0.08661921746080879,0.37258400029561095
r60 q3 & range_compress q2,6.368183775679298e-05,0.0024420007039843406,1.1675580262550016,rejected,0.08147580668487114,0.24298508944223624
rel_ind60 q1 & vol_ratio q1,1.1440569920381917e-05,0.5989597673639491,-0.5703204883292233,rejected,0.0,0.5684603471805509
ear_volsurge q4 & mom_12_1 q1,1.4803739439142888e-05,-0.3321484057470094,0.8334355805856274,rejected,0.0,0.40459911495405715
log_dv q2 & r120 q1,4.878560321385603e-07,0.5756701471187909,-0.5897431551606385,rejected,0.0,0.5553628581135683
mom_12_1 q0 & r5 q1,-3.699402709004175e-05,-0.6195340193397284,-0.5457908584986082,rejected,0.027439467046830562,0.5852097077838339
news5 q1 & range_compress q2,5.625046776530149e-05,-0.17802078979315925,0.9870723841096815,rejected,0.0,0.32360715483472835
dist_52wh q1 & dist_ma50 q2,-5.1507498538262044e-05,-0.554273488614992,-0.6029930970210811,rejected,0.02900121011436594,0.5465132814117479
mom_12_1 q3 & range_compress q2,6.947664223860099e-05,0.6259847369353143,0.5303592291912044,rejected,0.027483038834854364,0.5958628881733526
days_to_earn q1 & r5 q1,-6.493362218202886e-05,-0.8416892869613525,-0.3128665200580807,rejected,0.025023656714948748,0.7543820746392108
log_dv q2 & rel_ind20 q0,2.7273643737049726e-06,-0.5540929765492043,0.5993681821816415,rejected,0.0,0.5489273897781641
gap_today q3 & news5 q1,-4.5241371570321165e-05,0.21864734219212265,-0.9336545127177682,rejected,0.0,0.3504821359978113
r5_nonews q4 & vol_surge5 q0,-3.668713461735134e-05,-0.4134824945460405,-0.7380223007690611,rejected,0.050614668045520075,0.4605008975984205
days_to_earn q3 & ind_mom60 q0,6.353593768877508e-06,0.5106090112724956,-0.6367855921868345,rejected,0.0,0.5242645121737146
r120 q2 & range_compress q1,6.449133490492309e-05,0.40956009865058723,0.7364118737223522,rejected,0.05114695269644707,0.461480080794134
frog q3 & r1 q4,-2.6115102656831742e-05,-0.9367704287619979,0.19966239063789915,rejected,0.0,0.8417446293801286
days_to_earn q2 & dist_52wh q2,-1.8479691567050893e-05,-0.5419072045044517,0.588538501441823,rejected,0.0,0.5561708989395412
range_compress q1 & rel_ind20 q3,-5.5090291077007945e-05,-0.9813754659559623,0.1419425045771538,rejected,0.0,0.8871254203968608
days_to_earn q1 & range_compress q4,-1.3441210132926608e-05,0.3337884023075017,-0.7878501244387613,rejected,0.0,0.43078437775020384
r5_news q4 & r60 q3,4.082750559723746e-05,0.5858014491191864,0.534173959392513,rejected,0.026515732864335888,0.5932211838369348
days_since_earn q2 & max20 q2,-7.4035675239603e-05,-0.38450699139388034,-0.7353094362232963,rejected,0.0523223973402897,0.46215106264444095
atr_pct q1 & dist_ma200 q0,4.441689486819315e-06,0.5753175623904483,-0.541052007617857,rejected,0.0,0.5884717362707405
days_since_earn q1 & ins_buyers30 q4,3.491926659283784e-05,0.6584875193742277,0.45667279739452493,rejected,0.03044676951405581,0.6479062460317508
days_since_earn q1 & ins_value30 q4,3.491926659283784e-05,0.6584875193742277,0.45667279739452493,rejected,0.03044676951405581,0.6479062460317508
dist_ma200 q2 & vol_ratio q3,-3.8015570290321044e-05,-0.2907091482131278,-0.823734053592723,rejected,0.0774619799506782,0.41009068563773965
days_since_earn q1 & days_to_earn q2,5.740161100976167e-06,0.7266596615532979,-0.385826779062993,rejected,0.0,0.6996249611938987
days_since_earn q3 & range_compress q4,7.271009925592599e-05,0.991767168870037,0.12066293923885708,rejected,0.01616863045774054,0.9039580146571976
dist_ma50 q4 & vol_ratio q3,4.213846204085543e-05,0.7794926505600613,0.33254121547725946,rejected,0.027283426509515436,0.7394806232242073
vol20 q0 & vol_surge1 q4,5.912282765257253e-05,0.3585118106616202,0.7502187270777215,rejected,0.0497945481564972,0.45312298173829796
days_to_earn q3 & max20 q4,2.1202923135679353e-05,-0.08992664382186542,1.0135977884421026,rejected,0.0,0.3107747133963474
atr_pct q1 & dist_52wh q2,-2.254427084964191e-05,-0.654037566172207,0.44467020138126406,rejected,0.0,0.65655810687827
skew60 q3 & vol_ratio q2,-3.603032956645792e-05,-0.9585906642816148,0.13985065976911143,rejected,0.0,0.8887779858576256
ins_buyers30 q2 & mom_12_1 q0,-3.7381379557483955e-06,0.36237014818201485,-0.736066651037667,rejected,0.0,0.4616901368002628
ins_value30 q2 & mom_12_1 q0,-3.7381379557483955e-06,0.36237014818201485,-0.736066651037667,rejected,0.0,0.4616901368002628
dist_52wh q1 & r20 q3,7.2094118042702425e-06,-0.3452899557089469,0.7506363504386355,rejected,0.0,0.45287153834833144
ind_mom60 q0 & r20 q4,-2.7551074671092315e-05,-0.40012150712130906,-0.6917382860786022,rejected,0.04002841882396,0.48910169886062144
atr_pct q4 & vol20 q3,-3.779267405075702e-05,-0.869972999360564,-0.2192748512643567,rejected,0.023085757783775786,0.8264359509913668
ev_agreement q2 & vol_ratio q4,-7.662969040009186e-05,-0.1516050629727028,-0.9371214857063589,rejected,0.07442614274528836,0.34869607058720953
r5 q1 & range_compress q1,-7.018826510215304e-05,-1.061783613413953,0.026776043691303632,rejected,0.0,0.9786383607308983
mom_12_1 q0 & r1 q2,-4.435082534469827e-05,-0.7889684372323146,-0.2987303957545754,rejected,0.020531886966686314,0.7651457629917223
r20 q3 & r5 q1,4.4898388809102294e-06,-0.41180207011032066,0.675291941588332,rejected,0.0,0.4994903026955038
dist_ma200 q3 & ins_buyers30 q2,4.702108575903802e-05,-0.21155306558182269,0.873955895818838,rejected,0.0,0.38214227271240725
dist_ma200 q3 & ins_value30 q2,4.702108575903802e-05,-0.21155306558182269,0.873955895818838,rejected,0.0,0.38214227271240725
r120 q2 & range_compress q4,1.7602259386866293e-05,-0.3395305529859311,0.744855521397923,rejected,0.0,0.4563590662450659
dist_ma200 q2 & rel_ind20 q1,-6.059647701948548e-05,-0.8915568643680266,0.188949856624868,rejected,0.0,0.8501321173705162
r5_news q4 & rel_ind20 q3,3.182703020652436e-05,-0.14049155185038592,0.9400064002514912,rejected,0.0,0.3472142777255555
mom_12_1 q0 & r120 q2,-2.878493923627179e-05,-0.8330942269905546,0.2467298659835269,rejected,0.0,0.8051172912651744
frog q2 & log_dv q2,1.403358919308428e-05,0.5151114887618192,0.5563236092100063,rejected,0.02445742831735642,0.5779896503386228
close_loc q1 & r5 q1,3.9540418821063724e-05,0.10451517388145999,0.9580719063250601,rejected,0.07332974341508804,0.33802650069001966
news5 q1 & r120 q1,-7.99961815925069e-06,0.509270350487043,-0.5509757509105468,rejected,0.0,0.5816502976754725
ear q2 & ind_mom60 q4,2.9684473092353255e-05,0.7648945129718023,-0.29061495106855784,rejected,0.0,0.7713458240909934
days_since_earn q0 & ind_mom60 q4,-1.208024618320245e-05,-0.7897013983729931,0.2654702673324943,rejected,0.0,0.7906472116174417
r120 q2 & r5_nonews q4,5.268383847573015e-05,0.8818097333769588,0.17164883243550097,rejected,0.015183325817628001,0.8637136144233324
days_since_earn q1 & rel_ind20 q3,7.495849330799521e-06,-0.5556690590974886,0.490755035285592,rejected,0.0,0.6235997160583008
range_compress q3 & vol_ratio q4,-5.494445871630029e-05,-1.0067153010993404,-0.03965012171114318,rejected,0.004834203277502057,0.9683720674847115
days_to_earn q3 & r20 q2,9.395019696650898e-06,0.44412714443586176,0.6017116899612255,rejected,0.026721900738410808,0.5473660672264369
max20 q3 & r5_nonews q0,-3.6217810090849174e-05,-0.5176152911006493,-0.5275303859393934,rejected,0.02668777273002612,0.5978253210863694
ear q2 & min20 q0,2.8349679701466815e-05,0.8650682925303175,-0.1740809967377646,rejected,0.0,0.8618018075741666
intraday20 q1 & r60 q4,-2.3732671420328433e-05,-0.8361152865804001,0.20057248458498197,rejected,0.0,0.8410328749484857
days_to_earn q1 & rel_ind60 q3,5.496153158643452e-05,0.7813981928967998,0.25454371421056166,rejected,0.019607426932126335,0.7990755368484256
intraday20 q0 & mom_12_1 q3,3.9558231173163555e-05,0.46058286557044714,0.572643429857683,rejected,0.02928571095964744,0.5668861475627542
r20 q3 & rel_ind60 q1,-2.702646732803292e-05,-0.774520898703801,0.25746608143764493,rejected,0.0,0.7968189959992102
ind_mom60 q0 & range_compress q4,5.67271447644399e-05,0.7104627800473681,0.3161425621422347,rejected,0.025688089798677156,0.7518943022100233
days_since_earn q3 & overnight20 q3,-5.504286729661434e-05,-0.3732257712017876,-0.6533067970193563,rejected,0.03609664803782462,0.5135585113690502
days_since_earn q2 & intraday20 q3,5.695804774583929e-05,0.5630896305924994,0.46107125492798307,rejected,0.02988181181748896,0.6447474840854664
dist_52wh q3 & ear_volsurge q3,-4.745035743182908e-05,-0.2151692753587032,-0.8081279680920788,rejected,0.06697662039788875,0.4190169187546499
dist_52wh q3 & r60 q2,6.72609076850669e-05,0.20385279033105966,0.8174230567391902,rejected,0.06631163282400578,0.4136867037979201
ind_mom60 q1 & r5_nonews q0,-1.980595409801929e-05,-0.6269727751824539,0.3937570777245832,rejected,0.0,0.6937603965575183
r5_nonews q0 & vol20 q3,-3.1211766282068435e-06,-0.4836519725978452,0.5357715313739805,rejected,0.0,0.5921164597404303
close_loc q1 & r20 q3,5.281654124824815e-05,0.5874266527223971,0.4285819007386908,rejected,0.031205749933593353,0.6682275193999092
days_since_earn q1 & r20 q3,5.145475368522012e-05,0.47532933759189333,0.538631472586726,rejected,0.024660204274551692,0.5901411667287865
close_loc q1 & range_compress q4,6.519892613787259e-05,0.6669804135761317,0.346186807428464,rejected,0.025352954903994602,0.7292023286189442
days_to_earn q2 & r5 q1,-4.461692462290956e-06,-0.3870060959510168,0.6218150132972232,rejected,0.0,0.5340635131508951
min20 q4 & range_compress q1,5.143838059426316e-05,0.3921553893894172,0.6114022528621411,rejected,0.0300434903962764,0.540933311566195
days_to_earn q3 & dist_52wh q1,-1.939411311928686e-05,-0.5118035304524388,0.4908092294567969,rejected,0.0,0.6235613816279606
days_to_earn q1 & vol_ratio q1,-4.6967335623680716e-05,-0.745116546959547,-0.25582893573939497,rejected,0.018194491898611418,0.7980829297333619
overnight20 q4 & r120 q1,2.537494115168566e-05,0.706812601495949,-0.29222096256343505,rejected,0.0,0.770117684975929
ind_mom60 q3 & news5 q1,-3.082996325162531e-05,0.24860249616608146,-0.7468880451988549,rejected,0.0,0.45513114280203676
r5 q2 & rel_ind20 q4,-3.6303795396002745e-05,0.03351341095796732,-0.9585765617947137,rejected,0.0,0.33777210473383695
atr_pct q0 & r120 q1,6.212661222103507e-05,0.6605144389537114,0.3310616561691366,rejected,0.027145536904378098,0.7405979139370915
close_loc q1 & r1 q1,3.3180642187154525e-05,-0.2907322307499962,0.6893642898045602,rejected,0.0,0.4905940498334081
earn_in_week q1 & r20 q0,-2.2309659672848044e-05,-0.9204290121474875,-0.05928414317680562,rejected,0.009334678833811009,0.9527257908112293
r5_nonews q4 & vol_surge1 q2,4.372522654677905e-05,0.9623112402124534,0.015760414051220688,rejected,0.005066744835640462,0.9874255295223102
mom_12_1 q0 & r20 q2,3.622210742339377e-05,0.8106429698269882,0.16673558086665502,rejected,0.015831838828477766,0.8675781079230953
ear_volsurge q0 & skew60 q0,1.0528338646637598e-05,0.39840660882421436,0.5750036093636586,rejected,0.02774926936240922,0.5652888559485023
dist_ma50 q3 & vol_ratio q4,4.5415039008880413e-05,0.6991799265942065,0.2715104650680522,rejected,0.017551854105051393,0.7859984519423047
close_loc q3 & r5 q2,5.025316495687661e-05,0.18158370959843942,0.7855948953047961,rejected,0.05516001925749404,0.4321048560141371
r5_nonews q0 & vol_surge5 q3,-3.6791914607663836e-05,-0.6551583868157144,-0.30074015346293786,rejected,0.019479266548329936,0.763612647324704
days_since_earn q2 & vol_ratio q1,-2.278250588806865e-05,-0.5566928420320667,0.3975379232385542,rejected,0.0,0.6909708269030674
r5_nonews q4 & r60 q3,4.896230658963628e-05,0.7227194683292433,0.23094999870117808,rejected,0.02210213413373548,0.8173536471668936
days_to_earn q1 & min20 q4,-5.966782170799048e-05,-0.4540571894729743,-0.49764577680565236,rejected,0.026876226565040594,0.618733732656287
dist_52wh q2 & r20 q0,4.368675358316579e-05,0.43049595155002673,0.5203366784112591,rejected,0.02415154146695959,0.6028289358273757
days_to_earn q2 & max20 q2,4.897307666341956e-05,0.8039501929615446,-0.14673481283773565,rejected,0.0,0.8833413393355605
ear_volsurge q1 & r60 q3,5.676973727927261e-05,0.35637516121386176,0.5928731571093753,rejected,0.023333283285033087,0.5532660435024992
rel_ind60 q2 & vol_surge1 q3,-3.492209261267952e-05,-0.8840280906141371,0.0637464944450738,rejected,0.0,0.9491720827917577
r120 q4 & r5 q2,1.1380244841538084e-05,-0.3097021892600641,0.6375250396842352,rejected,0.0,0.5237829051549621
dist_52wh q1 & r120 q2,3.967064684063103e-05,0.18425206756353618,0.7570611569338771,rejected,0.044925154174424865,0.44901322378698666
days_to_earn q2 & r1 q2,6.494540284953736e-06,0.3918177897821177,-0.54550149407095,rejected,0.0,0.585408653232361
intraday20 q3 & r5_nonews q4,3.5882450726715153e-05,0.7767970172038403,-0.1552367111967594,rejected,0.0,0.8766347077282896
news5 q4 & r120 q1,3.4408111883539685e-05,0.8220819530190093,0.1092061360580234,rejected,0.014023568971150584,0.91303899354985
gap_today q3 & overnight20 q4,4.804257398795279e-05,0.9138234644134464,0.01732678673363,rejected,0.005022508288372234,0.9861759160857809
rel_ind20 q3 & vol_ratio q1,4.295017608581169e-05,0.14800514546771162,0.7755743632527268,rejected,0.05231968313877227,0.43800034231468504
close_loc q4 & r5_nonews q0,1.912821819478772e-05,0.2500971737396807,0.664996771987193,rejected,0.03552950329877729,0.5060525577317199
days_to_earn q2 & ind_mom60 q0,-4.9101001046015e-06,0.24663828421797077,-0.6673551271371339,rejected,0.0,0.5045453214056421
dist_ma50 q3 & log_dv q3,-4.047114386715842e-05,-0.24013188533008506,-0.6713324778160825,rejected,0.03560843515717497,0.502008749160946
frog q3 & max20 q1,-3.318590807626955e-05,-0.7663784304450769,0.14433534669559472,rejected,0.0,0.8852356678970941
atr_pct q2 & r1 q1,2.5048565757335696e-05,-0.1639054087303106,0.7451520429242303,rejected,0.0,0.45617981056889845
frog q3 & rel_ind60 q3,-5.299725625861078e-05,-0.6186903367337478,-0.2899290828738997,rejected,0.020138747059784228,0.771870491828179
r120 q1 & vol_ratio q4,-3.665997414410779e-06,-0.4058980746604161,0.4997754272034881,rejected,0.0,0.6172332149187945
days_since_earn q3 & vol_surge5 q1,5.905653721550172e-06,0.35329968079667223,-0.5479703268660783,rejected,0.0,0.5837122777974766
r20 q1 & range_compress q4,6.0407221824769564e-05,0.7959471131710543,0.10246405725834377,rejected,0.01485831546872077,0.9183883408065295
days_since_earn q3 & skew60 q3,2.9308857899084646e-06,0.41483530475040703,-0.4832856450440618,rejected,0.0,0.6288929311887785
ind_mom60 q0 & rel_ind20 q3,-3.399643640033791e-05,-0.2785453067839871,-0.6191149906369329,rejected,0.02774869247797136,0.5358406085209722
r20 q0 & vol_ratio q1,3.1462755287846403e-05,0.8346733265889171,0.06293159917524747,rejected,0.009110249209773918,0.9498209722033845
overnight20 q4 & r60 q3,-5.017439792617164e-05,-0.8568761532115029,0.03427916173720322,rejected,0.0,0.9726545416274266
ind_mom20 q1 & max20 q3,-1.5807678997079034e-05,-0.5459366869227315,0.3416059002166864,rejected,0.0,0.7326474963274582
frog q1 & gap_today q0,-3.6884582971860904e-05,-0.32972168055665363,-0.55696400986758,rejected,0.021516182119702257,0.5775520191685581
days_since_earn q3 & vol_ratio q2,-3.666052215176323e-05,-0.05863859532838338,-0.8271488114976533,rejected,0.06734312666248747,0.4081527209116857
mom_12_1 q4 & vol_surge1 q2,-3.572668308488533e-05,-0.3117794914748808,-0.5712448968909629,rejected,0.028030346782960656,0.5678336482049995
close_loc q1 & days_since_earn q2,5.066073533232896e-05,0.8089129856111451,0.07090020221872792,rejected,0.009638606479479065,0.9434771824349901
days_since_earn q0 & ind_mom60 q1,-1.859078053072227e-05,-0.5163103118843818,0.36295876743210836,rejected,0.0,0.7166356857259519
days_since_earn q3 & r20 q3,-1.1679526343356311e-05,-0.4816890288803455,0.3941985072565534,rejected,0.0,0.6934344876925973
days_to_earn q2 & r60 q3,6.195271980495368e-05,0.6526771700697608,0.22082718581171856,rejected,0.01963048230008993,0.8252269948625239
mom_12_1 q3 & overnight20 q3,3.748281670567939e-05,0.003537732141435287,0.8672664980435439,rejected,0.06982104992770127,0.3857960083969354
atr_pct q0 & gap_today q3,5.594539542493756e-05,0.5152115224422945,0.3517066671367374,rejected,0.0237360659623912,0.7250582599957472
r5 q2 & vol_surge1 q3,-4.2010020301775546e-05,-0.7961814563850589,0.07067613504186787,rejected,0.0,0.9436555148067934
ear q2 & r1 q0,-2.205603662047839e-06,-0.3118888959719655,0.5526675447332398,rejected,0.0,0.5804910811145073
r120 q1 & r5_nonews q4,-2.592891121332369e-06,0.36850312335393054,-0.496021045405477,rejected,0.0,0.619879562759424
dist_ma50 q1 & vol_surge1 q0,-3.5848565255692845e-05,-0.7440743759082409,0.11774169329151889,rejected,0.0,0.9062723300572925
days_to_earn q1 & r60 q3,5.0585712032657124e-05,0.044322490660031126,0.8129584883876744,rejected,0.05888831567962733,0.41624185884799036
dist_ma50 q1 & ev_offering q2,-8.131010382203161e-05,-0.4861181253496456,-0.3654939367663336,rejected,0.021414213058144154,0.7147427319933348
dist_ma50 q2 & gap_today q3,-1.2005492045581073e-05,0.2486991682570621,-0.6007734094418838,rejected,0.0,0.5479909170181394
days_to_earn q1 & ind_mom20 q1,-3.391208364502651e-05,-0.2647009443443655,-0.5845603034013996,rejected,0.02352868372293615,0.5588434061907256
ear q2 & r1 q1,5.348281586082066e-05,0.693942579969511,0.15436968428960055,rejected,0.01394791606832566,0.8773182555453585
days_since_earn q3 & intraday20 q3,3.565895877513475e-05,0.7655110449818929,-0.08270750164918025,rejected,0.0,0.9340841198589896
dist_52wh q2 & r120 q1,4.4371520543048586e-05,-0.08466176217960535,0.7623348805463876,rejected,0.0,0.44586016098548104
days_to_earn q1 & mom_12_1 q3,4.872046134493557e-05,0.5017519375901784,0.3432820813464319,rejected,0.02282880166840894,0.7313862597259213
overnight20 q3 & r20 q3,4.025599692011333e-06,-0.36859301755894885,0.4753988179921799,rejected,0.0,0.6345027368058718
earn_in_week q1 & overnight20 q4,7.937970999023854e-06,0.40233166372960366,-0.4410433386116096,rejected,0.0,0.6591816222705502
mom_12_1 q3 & r5_nonews q1,4.871849067595367e-06,-0.3090924014140419,0.531754611612618,rejected,0.0,0.594895962473617
dist_ma50 q0 & max20 q0,3.0256460582567443e-05,0.6406770444661364,-0.19505630030925297,rejected,0.0,0.8453488727113396
close_loc q3 & r5_nonews q4,1.730074330353678e-05,0.6913043320972211,-0.14244163990583986,rejected,0.0,0.8867311737963092
ear_volsurge q1 & max20 q1,-1.478663720139282e-05,-0.4771990166670364,0.3549390727984411,rejected,0.0,0.7226352358959374
gap_today q3 & rel_ind20 q3,-4.207568188378363e-05,-0.4036162970861762,-0.42786930207864204,rejected,0.027809741685788213,0.6687462778807534
days_since_earn q1 & range_compress q1,-3.316279063952844e-05,-0.09452188095253013,-0.7333833658868254,rejected,0.043818789203690894,0.46332464168657855
log_dv q0 & r20 q1,-3.583792633290235e-05,-0.27426888890111234,-0.552630837419659,rejected,0.022356073744301288,0.5805162214638373
days_since_earn q2 & rel_ind20 q3,-4.072185837743871e-05,-0.6544174641514895,-0.17153825606929468,rejected,0.014444227142462825,0.8638005522175393
close_loc q1 & r120 q2,4.080497741702507e-05,0.4662650425735196,0.35938291396950384,rejected,0.02269354978733431,0.719308654818988
ind_mom60 q1 & min20 q0,2.1395970624132464e-05,0.7363303229871841,-0.08723171019098001,rejected,0.0,0.9304873343311089
atr_pct q2 & ev_red_flag q2,-7.331364197702584e-05,-0.3898295843064883,-0.43308784942257517,rejected,0.028869624884044043,0.6649509496501438
r1 q2 & r5_nonews q4,-3.937996567108247e-05,-0.33260417142058807,-0.4891800496808714,rejected,0.02704758242028635,0.6247142324761202
ev_shelf q2 & max20 q3,-6.160311110436862e-05,-0.14344375474195692,-0.6773030881703997,rejected,0.032932486459529814,0.49821367193414906
close_loc q3 & ind_mom20 q3,-4.114752418247555e-05,-0.7919458661898434,-0.02607650880067527,rejected,0.005458864395805169,0.9791963139517045
dist_ma50 q2 & ind_mom60 q0,-3.509109423141303e-05,-0.4754528702016363,-0.3342975243742556,rejected,0.02494089692670358,0.7381550583560388
intraday20 q2 & vol20 q2,4.1601404764556315e-05,0.4478301292054071,0.3581359017072769,rejected,0.02244686826896223,0.7202416128467917
news5 q1 & r120 q2,-8.003664201212725e-06,0.40825972871321586,-0.3964693918771035,rejected,0.0,0.6917587835568577
days_to_earn q1 & r5_nonews q1,-1.5348245334870027e-05,-0.515230166462513,0.2884333249367996,rejected,0.0,0.7730150615038922
gap_today q3 & ind_mom60 q0,-2.2728274230585814e-06,0.2926835299401719,-0.5039743780927367,rejected,0.0,0.614279382079417
dist_52wh q2 & r60 q4,3.2194249100604866e-06,-0.252239277927962,0.5434333808970684,rejected,0.0,0.5868314476080978
ins_value30 q2 & vol20 q3,4.624784702780445e-05,0.5733586649275453,-0.21694845129806625,rejected,0.0,0.8282485180052357
ear q4 & intraday20 q3,1.45689074063055e-05,-0.15446800265337868,0.6354022260440154,rejected,0.0,0.525166116635315
close_loc q1 & dist_ma50 q3,3.4467918828447884e-05,0.5366595149383064,0.25028126672281437,rejected,0.018595845042987197,0.8023698425362036
close_loc q1 & ear q3,-3.025785756661453e-05,-0.6375087100679142,0.1460087810058216,rejected,0.0,0.8839144564785634
r5_nonews q3 & vol_surge5 q4,-2.7032330742732845e-05,-0.24058461736848424,-0.5382584279306717,rejected,0.02091200358233659,0.5903986475649868
ind_mom20 q0 & ind_mom60 q2,-6.51034178618677e-06,0.251409097998023,-0.5247904467318746,rejected,0.0,0.5997288733677952
atr_pct q1 & overnight20 q3,3.319313141647867e-05,-0.08200087001343122,0.6878179393638351,rejected,0.0,0.49156743768082123
ind_mom20 q1 & news5 q1,1.3906595259537764e-06,-0.5205580380158419,0.24810274959527504,rejected,0.0,0.8040549082495219
gap_today q2 & vol_surge1 q3,-4.053164875673937e-05,-0.6147767230084179,-0.15363244092530248,rejected,0.013461147977103032,0.8778995564370372
ind_mom60 q0 & news5 q1,-1.022685494629704e-05,-0.6062765492609486,0.16111245106252117,rejected,0.0,0.8720048338275106
dist_ma50 q2 & mom_12_1 q2,-2.5152181621420884e-05,-0.5004434260766238,0.2614089200870667,rejected,0.0,0.7937771788962138
vol20 q3 & vol_surge1 q2,1.0725575140799054e-05,0.397091404170658,-0.3600406219833916,rejected,0.0,0.7188167558053444
dist_52wh q2 & intraday20 q3,4.013905782207484e-05,0.2611481147471796,0.49593143317317384,rejected,0.025004279930128496,0.6199427880421339
ear q3 & news5 q1,-1.5148990207988713e-05,0.23565901547834975,-0.5167688515750811,rejected,0.0,0.6053175262519157
dist_52wh q2 & overnight20 q4,-3.282236472633972e-05,-0.5320762070816534,-0.21771336972122207,rejected,0.02005831735096415,0.8276524460121496
r120 q1 & r20 q3,-2.5323209822563656e-05,0.07185727604319478,-0.6722799325769131,rejected,0.0,0.5014055025851949
mom_12_1 q0 & r60 q3,-2.850059823327237e-05,-0.6024643830718859,-0.13987262385033017,rejected,0.015700538381812377,0.8887606316245986
close_loc q1 & dist_ma200 q3,-4.105011669862997e-05,-0.20209110371536212,-0.5347698067978941,rejected,0.020308025514317547,0.5928090438181954
gap_today q3 & range_compress q4,3.906800875815426e-05,0.24573820961338197,0.48986977529479503,rejected,0.02511783572373976,0.6242260519979328
ear q0 & ind_mom60 q0,-1.0663977195435189e-05,0.1352803959028016,-0.5888692706284584,rejected,0.0,0.5559489730883466
dist_52wh q2 & ind_mom60 q0,4.489567577592258e-06,0.31908692313509013,-0.4021029738251826,rejected,0.0,0.687608244276095
news5 q1 & r1 q2,5.014460029994266e-05,0.12501538766538176,0.5958330636109312,rejected,0.020658346786621387,0.5512867533296035
overnight20 q3 & r60 q3,-4.3734705882816776e-05,-0.6319264571306904,-0.08885556412118939,rejected,0.011764293913695125,0.9291966984983459
atr_pct q0 & ind_mom60 q4,-3.8026149030839005e-05,-0.7030559702364477,0.014719281847079196,rejected,0.0,0.988256136335191
ins_officer30 q2 & r5_news q2,-1.30290822405609e-05,0.2606293671818072,-0.4567699130724621,rejected,0.0,0.6478364334482495
atr_pct q0 & close_loc q1,4.0873917575338146e-05,0.19524702501395227,0.5128029034839805,rejected,0.02284654682517355,0.6080891985544172
r20 q1 & skew60 q1,1.2392068634280436e-05,0.38957969833144296,-0.31707594594937516,rejected,0.0,0.751185976245272
gap_today q3 & r60 q3,-5.255997553935865e-06,0.22995280728684694,-0.46978626686773867,rejected,0.0,0.6385077270093686
dist_ma200 q4 & vol_surge1 q2,2.98239543108918e-05,0.4506554437315185,0.2473425372435834,rejected,0.018761172949227495,0.8046431412772761
days_since_earn q2 & dist_52wh q2,3.2982066033687704e-05,0.22981167753284135,0.46301060810886546,rejected,0.024781188719276717,0.6433567633625448
atr_pct q0 & r120 q2,-6.685949362488423e-06,-0.3000195511237001,0.39263941923339546,rejected,0.0,0.6945858206576762
intraday20 q1 & rel_ind60 q1,-3.474134548466685e-05,-0.14193704276321575,-0.5404979778129856,rejected,0.020643657948981625,0.5888536551876358
overnight20 q4 & r5 q2,-1.7450142562937252e-05,-0.4877398975886567,0.19421447932524152,rejected,0.0,0.846007945864752
days_since_earn q1 & dist_52wh q1,3.928489440234036e-05,0.5483250869139883,0.12925752427885723,rejected,0.014698042546083824,0.8971538801287132
days_to_earn q1 & r20 q2,4.260189864603961e-06,0.3696212396569294,-0.3046563725445763,rejected,0.0,0.7606278805360867
atr_pct q0 & days_since_earn q3,2.413660883405637e-05,0.4416109968149838,-0.23227208337635177,rejected,0.0,0.8163266937911103
days_to_earn q3 & r20 q3,2.5022448670747523e-05,0.04276729861087628,0.6300832718578068,rejected,0.026273902179294366,0.528640103718997
dist_52wh q2 & dist_ma50 q2,7.365204283423604e-06,-0.2178830137733173,0.4548686447827078,rejected,0.0,0.6492037418060064
days_to_earn q1 & r1 q2,-4.223913581357494e-05,-0.5608680502241832,-0.10986953909999286,rejected,0.013094914191144029,0.9125128405355042
ind_mom60 q0 & r20 q2,-2.4051872859019405e-05,-0.5168871023475089,0.15202953237504957,rejected,0.0,0.8791636429161904
ev_agreement q4 & ev_shelf q2,-2.2749530961460192e-05,0.046841098612540495,-0.6190658865518589,rejected,0.0,0.53587295529814
frog q1 & ind_mom20 q4,3.2504966657323413e-05,0.4726313105616267,0.19136569883669932,rejected,0.017423352122724722,0.8482390917792659
ind_mom20 q1 & vol20 q1,8.6661531275956e-06,-0.22161494766279116,0.4393151549954139,rejected,0.0,0.6604331945525017
dist_ma50 q3 & news5 q1,2.2227086906830103e-05,0.3977505164055365,0.2584967806167998,rejected,0.013988561710902172,0.7960235332161822
days_to_earn q2 & gap_today q0,3.4270993441709615e-05,0.6041430246892798,0.048906392614893136,rejected,0.007694555848953238,0.96099389439047
close_loc q1 & overnight20 q4,-2.3787759792527936e-05,-0.25084961665601385,-0.39469982855319746,rejected,0.021182109121044547,0.6930644293145563
days_since_earn q3 & overnight20 q4,4.039662443049175e-06,0.2659528939638316,-0.3765343584111983,rejected,0.0,0.706519677347844
dist_ma50 q2 & r5_nonews q4,-3.352233115461638e-05,-0.613338965542641,-0.029133777918962062,rejected,0.0031409532498732767,0.9767578963409994
r20 q3 & vol_ratio q4,2.3056015951712696e-05,0.18656889245745167,0.4523300432504526,rejected,0.025327039901495308,0.6510312357579964
ins_buyers30 q2 & r5 q3,4.7016928421377414e-05,0.49547490609722994,-0.14051533311573902,rejected,0.0,0.8882528386047361
intraday20 q3 & r5_news q4,6.606792068903744e-06,0.387154916979745,-0.24574950202430468,rejected,0.0,0.8058761499001935
close_loc q1 & gap_today q3,-2.1541563030638363e-05,0.05179682470308971,-0.5652715825414646,rejected,0.0,0.5718890544570809
ind_mom60 q0 & r5_nonews q4,-1.3306484830955559e-05,-0.10038422153029851,-0.5148374353490127,rejected,0.021391654067135564,0.6066666234432567
r1 q3 & r120 q2,2.1145289452484705e-07,0.24886146698549316,-0.3660969025196913,rejected,0.0,0.7142927687530984
range_compress q1 & vol_ratio q1,2.6472118266753026e-05,0.03946078410359174,0.574675529212942,rejected,0.02232262052531461,0.5655107602733039
ind_mom60 q3 & r60 q1,-2.5365829902670564e-05,-0.5784513215406732,-0.033223749557731046,rejected,0.004074662858770559,0.9734961591662893
dist_ma50 q0 & mom_12_1 q3,-6.815400280269964e-06,0.17986108900707237,-0.4300830453009278,rejected,0.0,0.6671352328587772
days_since_earn q2 & gap_today q0,1.22081187641181e-05,0.3967880488731209,-0.20923074732629565,rejected,0.0,0.8342681106882865
mom_12_1 q3 & r1 q3,-3.150388751738956e-05,-0.3151490802609804,-0.28921418947064426,rejected,0.01809882619361299,0.772417473998682
r120 q2 & r20 q0,-2.3505097051319268e-05,-0.4519242540134928,-0.13469890720469774,rejected,0.012617975490778095,0.8928499372404943
ear q1 & r5_nonews q1,-3.2373581311120405e-05,-0.3944945556276172,-0.19154488729295366,rejected,0.016236949695378432,0.848098716533802
r20 q2 & rel_ind60 q1,7.07238046855552e-06,0.2961534913828243,-0.28988203456606976,rejected,0.0,0.7719064861403532
r20 q3 & range_compress q1,3.0448442223296926e-05,0.3018695418107394,0.28245688082606657,rejected,0.016884578394992904,0.777593205100833
ind_mom60 q0 & r120 q2,-1.1914927093171338e-05,-0.3394397727562168,0.24270930345593136,rejected,0.0,0.8082305998105183
gap_today q0 & r120 q3,-6.999259479285678e-07,-0.2423869905868143,0.33836303033107207,rejected,0.0,0.7350896303254697
ins_officer30 q2 & vol_ratio q4,-3.975193842320551e-05,-0.06114367894054716,-0.5193213598213047,rejected,0.01945654474163763,0.603536660569229
dist_ma50 q1 & r120 q3,-1.2195730801311435e-05,-0.3706327570801938,0.1984684830399545,rejected,0.0,0.8426785411496127
mom_12_1 q0 & rel_ind60 q1,1.4496128654626787e-05,0.4342985161528627,-0.13274859881001147,rejected,0.0,0.8943922066617501
overnight20 q2 & r5 q3,1.892740497358719e-05,0.3964606373188223,-0.16756634006564952,rejected,0.0,0.8669244534534898
days_to_earn q1 & dist_ma200 q3,-3.045464634201238e-05,0.042937416728252506,-0.5175029281715288,rejected,0.0,0.604805125393855
days_since_earn q0 & ear_volsurge q3,-5.816419038063741e-06,-0.31149169560008916,0.24839905327589615,rejected,0.0,0.8038256660085407
r60 q4 & vol_ratio q3,2.1811465700677828e-05,0.4451088507778284,0.11303766056650282,rejected,0.012851176177102085,0.9100006977287745
r60 q3 & rel_ind60 q1,-1.362594318354927e-05,-0.09984927508784965,-0.4552590765025205,rejected,0.0229544751870921,0.6489228638697404
dist_52wh q2 & r20 q2,3.4105572927039076e-05,0.19347890357833358,0.3606393498728969,rejected,0.019304608298187007,0.7183690692197273
dist_52wh q1 & news5 q4,1.8240720336939716e-05,0.5242519830020264,-0.02621409510501393,rejected,0.0,0.9790865734782135
ind_mom60 q0 & mom_12_1 q3,-2.1206538203562443e-05,-0.04122428256845712,-0.5090096949172813,rejected,0.01852749190923961,0.6107454285683771
ind_mom20 q4 & vol_surge1 q1,3.25951685368962e-05,0.5161922613461578,0.022640091028064045,rejected,0.005255956435905426,0.98193736399881
earn_in_week q1 & vol_ratio q4,1.7175952729220444e-05,0.5213175604164351,-0.01644727992023797,rejected,0.0,0.9868775609188702
gap_today q3 & vol20 q3,-1.8960665845171647e-05,-0.05266887783807431,-0.4804379712124301,rejected,0.023973384804028993,0.630915999749922
mom_12_1 q0 & vol20 q3,2.6370100602888138e-05,0.5111733238276646,0.020085483634717557,rejected,0.004755874562215578,0.9839751801920804
r120 q1 & r20 q4,-1.5398739610962692e-05,-0.15451064582931273,-0.37604824512707663,rejected,0.017632958808656053,0.7068810294223312
days_since_earn q2 & r60 q3,-1.9050872561142117e-05,-0.3752565060103571,0.15074720900617322,rejected,0.0,0.8801751313324575
ind_mom60 q2 & log_dv q4,-4.419102181974439e-06,0.19580300406989018,-0.32753592410420573,rejected,0.0,0.7432625765003189
days_since_earn q3 & log_dv q2,-5.8540565208655485e-06,-0.3314279789398294,0.18693749912548796,rejected,0.0,0.8517096373672933
dist_52wh q2 & rel_ind60 q1,9.675600254133121e-06,0.2880733031177095,-0.2284892285087034,rejected,0.0,0.8192659290750006
frog q4 & r5_nonews q0,-1.8927615040353552e-06,-0.25786265751296017,0.25060062192818106,rejected,0.0,0.8021229008328821
overnight20 q3 & vol_ratio q1,2.1733000203604135e-05,0.32354425364175676,0.1756049824504474,rejected,0.011306618947931352,0.8606042877552892
log_dv q2 & rel_ind20 q1,-2.3236758220264734e-05,-0.4072467321858177,-0.09125551687824549,rejected,0.010528176306523567,0.9272895628388744
days_to_earn q3 & range_compress q1,-2.729281677345334e-05,-0.4198956174918405,-0.07544098987034584,rejected,0.008582929180764386,0.9398638469120285
dist_ma50 q2 & r120 q1,2.788947174019867e-05,0.27541427572943533,0.2076731051352073,rejected,0.01761653488763721,0.8354842188274595
dist_ma50 q0 & frog q4,1.2441058275537861e-05,0.15085101915923893,0.33175347685967016,rejected,0.019960725888803,0.7400754165691747
days_to_earn q2 & mom_12_1 q3,-7.3079337940454996e-06,-0.25138522406536107,0.22921644004610964,rejected,0.0,0.8187006954027484
ins_buyers30 q2 & r5_news q2,4.9190867917386474e-05,0.4726660815258748,0.007931071708092704,rejected,0.0033720044073214796,0.9936719866742372
ins_value30 q2 & r5_news q2,4.9190867917386474e-05,0.4726660815258748,0.007931071708092704,rejected,0.0033720044073214796,0.9936719866742372
days_since_earn q2 & days_to_earn q1,-1.3357962322132468e-05,0.05466895086032787,-0.41562360702642986,rejected,0.0,0.6776854495055907
intraday20 q0 & r120 q2,-1.927361226233563e-05,-0.3505433356279432,-0.11881874030834813,rejected,0.012256941717410102,0.9054189612436544
intraday20 q3 & news5 q4,1.4949892300224782e-05,0.026007813049785677,0.4399209266010852,rejected,0.02146100576800842,0.6599943787894609
days_since_earn q3 & r1 q3,-2.3630718860210452e-05,-0.19083537205649467,-0.27470806379678214,rejected,0.01336609244946596,0.7835405354203506
dist_52wh q1 & range_compress q4,2.4073254890972805e-05,0.41433199901577206,-0.0499371583370503,rejected,0.0,0.9601724661582043
close_loc q1 & r5_nonews q1,-5.2586558918657595e-06,-0.24136614489076558,0.22072735551415656,rejected,0.0,0.8253047301314074
log_dv q4 & r5_nonews q4,-1.770235885482968e-05,-0.3049937963560237,-0.15325159391607274,rejected,0.011852207271747872,0.8781998721083059
mom_12_1 q3 & vol_ratio q4,-1.8028445883879295e-05,-0.35221636767918585,0.1049567348348638,rejected,0.0,0.9164101396345328
dist_52wh q3 & r5_nonews q4,-1.4467605276501341e-05,0.014633545220823649,-0.4385100913516434,rejected,0.0,0.6610165564913306
dist_52wh q3 & gap_today q3,-4.279061894692809e-06,0.15644701269202052,-0.2841107981187296,rejected,0.0,0.7763254721001127
dist_52wh q1 & r5 q1,-3.3822257524294104e-06,-0.18653954310291626,0.2518698019286694,rejected,0.0,0.8011417018059912
r120 q1 & r60 q3,1.5289148022381023e-05,0.3560268125199308,-0.061149950468214295,rejected,0.0,0.9512397888294488
news5 q1 & r1 q1,-8.150800322040292e-06,0.1996637301202776,-0.2171129203430914,rejected,0.0,0.8281203451398857
gap_today q3 & vol_surge1 q0,2.1318370334676738e-05,0.3616332288941856,0.05407005508854444,rejected,0.006387302801338261,0.9568793499120848
atr_pct q0 & days_to_earn q1,-1.9686582612558052e-05,-0.027942689361732775,-0.38509202818401256,rejected,0.01993190357161786,0.7001692340277141
vol20 q3 & vol_ratio q4,-2.1389167665832262e-05,-0.049022992476831784,-0.362659619326821,rejected,0.017003438629861575,0.716859168016698
r120 q1 & vol_ratio q1,-2.426987321950395e-05,-0.2908205982855987,-0.1144261921487727,rejected,0.011765762778620978,0.908899952021714
dist_ma200 q0 & gap_today q1,1.1661028056029672e-05,0.0933031547048632,0.3113138329120838,rejected,0.016764383837199356,0.7555620522802717
ind_mom60 q3 & rel_ind60 q1,-2.2301292870393892e-06,-0.19811168717502398,0.1990166799812606,rejected,0.0,0.8422496968424
dist_52wh q3 & vol_surge1 q3,8.099285326497787e-06,-0.09904152932626503,0.2958785602781214,rejected,0.0,0.7673228248056158
close_loc q1 & range_compress q2,-1.5363009559436686e-05,-0.04642080189812082,-0.3428568347192386,rejected,0.017505338954605702,0.7317061664973574
days_since_earn q3 & r5 q1,2.508152366339722e-05,0.3294908091000282,0.04623516948616536,rejected,0.0053491800289362885,0.9631228112405187
gap_today q4 & vol20 q0,-5.622543157232695e-06,0.12243835618419847,-0.2527324968716195,rejected,0.0,0.8004749340272381
close_loc q1 & intraday20 q1,-1.400440299474256e-05,0.016525907141932222,-0.34076389469008556,rejected,0.0,0.7332813332060264
frog q0 & skew60 q3,-1.3369591733294986e-05,-0.0753517675600687,-0.28041633629512785,rejected,0.014416886258118777,0.7791581050699521
dist_52wh q1 & log_dv q4,-1.4032890383737813e-05,-0.20773708494155357,-0.14792876516247264,rejected,0.01190444978985144,0.8823989866311208
mom_12_1 q3 & vol_ratio q0,1.527531648429419e-05,0.079456450008738,0.2738590100619103,rejected,0.012742569162274632,0.7841929729316769
gap_today q3 & r20 q2,-1.713187287382322e-05,-0.09658371519120748,-0.25670570112369867,rejected,0.01230792012090774,0.7974059701415397
days_to_earn q3 & mom_12_1 q0,3.844732518604649e-06,-0.09943744994432216,0.25313183300852055,rejected,0.0,0.8001663405473383
log_dv q0 & vol_surge5 q4,1.0905467041908474e-05,-0.011291007810494172,0.3401575314858052,rejected,0.0,0.7337378981882803
mom_12_1 q1 & range_compress q1,-1.583472952999245e-05,-0.15392460824939808,-0.19629978363060463,rejected,0.013578817319304824,0.8443755307335656
dist_ma50 q1 & rel_ind20 q1,1.1832176153889206e-05,0.23348044970047743,-0.10687193349564351,rejected,0.0,0.9148905794667119
dist_52wh q1 & range_compress q2,1.0003782026422037e-05,0.24782682757020102,-0.08874619307146853,rejected,0.0,0.9292836205775528
days_to_earn q1 & range_compress q1,-1.5878954769236196e-05,0.021160171159708856,-0.31303092177653824,rejected,0.0,0.7542571696788689
gap_today q3 & log_dv q2,-1.4600737557869531e-05,-0.16529023503998777,-0.1675535469167788,rejected,0.010921443348355358,0.8669345186165852
close_loc q1 & intraday20 q3,-1.3824029308703539e-05,-0.05996795036976861,-0.2713248981130351,rejected,0.012526757130150501,0.7861411585213566
dist_ma50 q2 & r1 q3,9.491350651253242e-06,-0.09056895339977947,0.2384712162219812,rejected,0.0,0.811515637578943
close_loc q2 & dist_ma200 q2,-1.5119819205271304e-05,-0.15418851855045876,-0.16998844606247138,rejected,0.00966474032280407,0.8650192231147069
days_to_earn q3 & overnight20 q3,-1.4850722420724138e-05,-0.111331406278349,-0.20458152063899782,rejected,0.016128095531929388,0.8378990944238557
days_to_earn q3 & ind_mom20 q3,-1.6533084610221125e-05,-0.27539945490126,-0.021935152261286506,rejected,0.004169768717011016,0.9824996840652528
max20 q2 & vol_surge1 q4,-1.5522669513642248e-05,-0.2800538197999457,-0.01063309533755288,rejected,0.002884236537281324,0.9915161772642636
dist_ma50 q4 & vol_surge5 q1,9.92891083682848e-06,0.15499971453570113,0.13451515393257668,rejected,0.010895251705261294,0.8929952288851788
r120 q1 & r20 q2,-1.8210066520654125e-05,-0.16288107874258628,-0.125303961394514,rejected,0.01170514102318995,0.9002829161643275
days_to_earn q1 & range_compress q2,-9.947799855565461e-06,0.025630932340864138,-0.25512052804057145,rejected,0.0,0.7986300095628007
days_since_earn q3 & r120 q2,4.478969403701257e-06,-0.062018147153630555,0.2173031307264702,rejected,0.0,0.8279721174223533
mom_12_1 q3 & rel_ind60 q1,1.3812853074269108e-05,0.17681762405536136,0.09334033999351382,rejected,0.009133272800433509,0.9256331852727415
ev_red_flag q2 & ind_mom60 q2,1.4225668048454737e-05,0.19139760544917864,-0.0786509319905515,rejected,0.0,0.9373102751083374
ear q3 & r120 q1,1.4127127524729489e-05,0.23147189312135288,0.037099583263574036,rejected,0.0033846881052763374,0.9704056043086292
ind_mom20 q0 & max20 q1,-1.1810380991387941e-05,-0.06086651865188535,-0.1893719438978167,rejected,0.01338360949995749,0.8498013121257916
intraday20 q3 & r20 q4,9.743115861933039e-06,0.16681678625354357,0.07812410653797439,rejected,0.009303298564321804,0.9377293315508102
gap_today q3 & r1 q2,-9.543101988332369e-06,-0.17119071675114383,0.054693442127822414,rejected,0.0,0.9563826939681433
days_since_earn q1 & mom_12_1 q0,7.158730684089688e-06,0.20644564973226573,-0.017322226976088692,rejected,0.0,0.9861795536999891
rel_ind20 q3 & rel_ind60 q1,9.29197201545262e-06,0.11070493456970308,0.1063831615536813,rejected,0.009568472801593793,0.9152783523922725
ind_mom60 q0 & r20 q3,-4.4102688287920156e-06,-0.14633507734346188,0.06808620241218234,rejected,0.0,0.945717013748065
days_since_earn q1 & intraday20 q1,-1.1821869644699442e-05,-0.16435225327552605,-0.04447033586576273,rejected,0.004412629661730041,0.9645294971255615
r20 q3 & r5_nonews q4,4.739525090033299e-06,-0.019399732647038162,0.17580977955508573,rejected,0.0,0.8604433863385019
max20 q2 & vol_ratio q0,7.092419471191774e-06,0.17521848706279236,-0.019129200487706544,rejected,0.0,0.9847380370683323
log_dv q0 & news5 q2,4.153785024848639e-06,-0.05888176877272723,0.1339313648020622,rejected,0.0,0.8934568481879759
dist_ma200 q1 & ind_mom60 q1,3.188481232317567e-06,0.09822566230000107,-0.08051835328290569,rejected,0.0,0.9358249998170043
intraday20 q0 & r1 q2,8.480301586571171e-07,-0.06564953130385956,0.1107041077244314,rejected,0.0,0.9118509885123993
dist_ma50 q3 & r120 q1,2.048078879772057e-06,0.09694360229037027,-0.06885773272464568,rejected,0.0,0.9451028630228517
ind_mom60 q0 & range_compress q3,-1.1029642208001593e-08,-0.05431402530308666,0.08061120865448428,rejected,0.0,0.9357511520003916
ins_buyers30 q2 & vol_ratio q4,7.22768346519776e-06,0.08624528644370329,-0.023746828880358416,rejected,0.0,0.9810545524788944
ins_value30 q2 & vol_ratio q4,7.22768346519776e-06,0.08624528644370329,-0.023746828880358416,rejected,0.0,0.9810545524788944
earn_in_week q1 & news5 q1 unless ins_officer30 q4,2.851284053518532e-05,0.0,7.024777231148452,rejected,0.0,2.1440805625765992e-12
earn_in_week q1 & news5 q1 unless ins_opportunistic30 q4,1.9486578590083172e-05,0.0,6.8917093083101495,rejected,0.0,5.512593445377014e-12
earn_in_week q1 & news5 q1 unless r60 q4,6.03925052377418e-05,0.0,6.714881075660411,rejected,0.0,1.882196638368654e-11
earn_in_week q1 & news5 q1 unless ev_offering q4,2.0815212373445052e-05,0.0,6.392778349509412,rejected,0.0,1.628983156362118e-10
earn_in_week q1 & news5 q1 unless days_to_earn q4,1.9004771340638103e-05,0.0,6.217528803059359,rejected,0.0,5.050454751315994e-10
ind_mom20 q2 & news5 q1 unless dist_52wh q4,-0.00010450469963983953,1.04041381009947,-3.872979164625422,rejected,0.0,0.00010751302206603917
ind_mom20 q2 & news5 q1 unless ins_value30 q4,-8.235178553857093e-05,1.0275744496321964,-3.351612912073331,rejected,0.0,0.0008034226866448062
ind_mom20 q2 & news5 q1 unless vol_surge5 q4,-6.83907876234697e-05,0.741137422544431,-3.6094738535306212,rejected,0.0,0.00030681869625506905
earn_in_week q1 & news5 q1 unless r60 q0,1.9796180916187167e-05,0.0,4.275957827434687,rejected,0.0,1.903172512848874e-05
earn_in_week q1 & news5 q1 unless ear_volsurge q0,5.2255009857805104e-05,0.0,4.185398946782379,rejected,0.0,2.8466569020208337e-05
ind_mom20 q2 & news5 q1 unless frog q4,-7.75534748859802e-05,1.1568214331907023,-2.9835255399825864,rejected,0.0,0.0028494825326611213
ind_mom20 q2 & news5 q1 unless ev_offering q4,-9.295394451986483e-05,0.6904677282460769,-3.383623712341133,rejected,0.0,0.000715359712209721
ind_mom20 q2 & news5 q1 unless r5_news q0,-9.358695337365801e-05,0.6661753572610558,-3.3938150559649336,rejected,0.0,0.0006892622400487672
ind_mom20 q2 & news5 q1 unless r5_news q4,-9.358695337365801e-05,0.6661753572610558,-3.3938150559649336,rejected,0.0,0.0006892622400487672
mom_12_1 q3 & r60 q3 unless rel_ind60 q4,0.00022535987297293654,0.9793946009264691,3.0488810596231284,rejected,0.7698401648184446,0.0022969540183796684
ind_mom20 q2 & news5 q1 unless vol_ratio q4,-8.74647996388207e-05,0.5257162231560962,-3.4709835088362166,rejected,0.0,0.0005185558450778954
days_to_earn q1 & vol_ratio q4 unless earn_in_week q4,-0.0001052679248239486,0.4222532172075146,-3.4346013889472706,rejected,0.0,0.0005934260317321555
ind_mom20 q2 & news5 q1 unless ear_volsurge q0,-5.877787413821286e-05,1.255852900728713,-2.5894363139971244,rejected,0.0,0.009613320304971296
mom_12_1 q3 & r60 q3 unless intraday20 q4,0.00020825575417834832,0.6115239445961864,3.2176873050352652,rejected,0.65564348805616,0.001292286189464841
mom_12_1 q3 & r60 q3 unless rel_ind60 q0,0.00021918421788950088,0.44071247030022376,3.3166600857663737,rejected,0.6112262328857119,0.0009110037936078208
ind_mom20 q2 & news5 q1 unless vol_surge1 q4,-6.528062767060841e-05,0.6386367075554702,-3.111466512043169,rejected,0.0,0.0018616058725397333
mom_12_1 q3 & r60 q3 unless r5_nonews q4,0.0002053488737320343,0.7810562993490805,2.963286052691992,rejected,0.6636577816388032,0.003043735691686579
mom_12_1 q3 & r60 q3 unless r120 q0,0.00021275846055977333,0.4519458087314287,3.2885396036668544,rejected,0.6196790072546272,0.001007086145956077
days_to_earn q1 & vol_ratio q4 unless r60 q0,-6.300410309845154e-05,0.6794979959273719,-3.055253964726126,rejected,0.0,0.0022487001801315782
ind_mom20 q2 & news5 q1 unless ear_volsurge q4,-0.00012177692674062049,0.30900816954169663,-3.4182563961360604,rejected,0.0,0.0006302370644560604
ind_mom20 q2 & news5 q1 unless r120 q0,-8.817988949220684e-05,0.4540814712404587,-3.262312830484457,rejected,0.0,0.0011050712074244368
mom_12_1 q3 & r60 q3 unless ev_offering q4,0.0002112292928666686,0.4596678810915812,3.223693923894023,rejected,0.6061415496140564,0.0012654858111439688
mom_12_1 q3 & r60 q3 unless r5_news q4,0.00020250288360663113,0.5511455381392062,3.1318773776888684,rejected,0.6407864270155836,0.00173692402930985
mom_12_1 q3 & r60 q3 unless intraday20 q0,0.00021081141468366041,0.4591949695641418,3.211079713265592,rejected,0.6126423913979155,0.00132237247649184
mom_12_1 q3 & r60 q3 unless r5_news q0,0.00020923599374487453,0.4680361092862812,3.173370967771957,rejected,0.6056137091397208,0.0015067986174867654
days_to_earn q1 & vol_ratio q4 unless r20 q4,-8.507056327512382e-05,0.3514634543316818,-3.2647928372573762,rejected,0.0,0.0010954416319520228
days_to_earn q1 & vol_ratio q4 unless r5 q0,-7.287170467408738e-05,0.6210342634552923,-2.986143296991403,rejected,0.0,0.002825202221555707
earn_in_week q1 & news5 q1 unless r120 q4,6.596515650706479e-05,0.0,3.606384072941381,rejected,0.0,0.0003104934755913641
days_to_earn q1 & vol_ratio q4 unless frog q0,-8.174886106664164e-05,0.31116664225846663,-3.291003406354641,rejected,0.0,0.0009983070441920588
ind_mom20 q2 & news5 q1 unless gap_today q4,-9.483913301076702e-05,0.5921477270064578,-2.9990586684431992,rejected,0.0,0.0027081515319039152
mom_12_1 q3 & r60 q3 unless ev_red_flag q4,0.00021105381881301755,0.370424015982445,3.214168639661124,rejected,0.5812673928824177,0.0013082281418095414
mom_12_1 q3 & r60 q3 unless frog q4,0.00018368996778682841,0.20916914138433765,3.374179656433109,rejected,0.5206720968022944,0.0007403603136154923
mom_12_1 q3 & r60 q3 unless ev_agreement q4,0.0002038943690337812,0.5129901941864352,3.0616967322790125,rejected,0.6384453027648277,0.002200863111241103
days_to_earn q1 & vol_ratio q4 unless r5_news q0,-8.29227590605014e-05,0.4178329978719617,-3.1292348587766727,rejected,0.0,0.0017526216362699397
ind_mom20 q2 & news5 q1 unless vol_surge5 q0,-2.772600545313546e-05,2.0197539699704015,-1.5231088032714122,rejected,0.0,0.127731486768419
ind_mom20 q2 & news5 q1 unless close_loc q4,-4.2923431342444044e-05,1.2552820386946832,-2.272761096518592,rejected,0.0,0.023040580617653635
mom_12_1 q3 & r60 q3 unless close_loc q4,0.00018507154306063076,0.5106425505883139,2.945346704270461,rejected,0.5815753388141399,0.0032259295821715985
ind_mom20 q2 & news5 q1 unless r120 q4,-7.222094566668698e-05,0.5192043907191636,-2.935655369983649,rejected,0.0,0.0033284388066218604
mom_12_1 q3 & r60 q3 unless days_since_earn q4,0.0001684878885707965,-0.10024285641540093,3.342409047449353,rejected,0.0,0.0008305456886746413
ind_mom20 q2 & news5 q1 unless close_loc q0,-6.0860707452273334e-05,0.7025121539286198,-2.7331260322668802,rejected,0.0,0.006273632124466732
days_to_earn q1 & vol_ratio q4 unless dist_ma200 q4,-0.00010223006807035646,-0.06185823072782671,-3.366636772234996,rejected,0.47149637162135444,0.0007609083903691507
days_to_earn q1 & vol_ratio q4 unless ev_red_flag q4,-9.258865896115297e-05,0.2319648202962044,-3.183243773311491,rejected,0.0,0.001456349458209028
ind_mom20 q2 & news5 q1 unless dist_ma50 q0,-8.028279352170344e-05,0.21344009783299595,-3.1911650134938006,rejected,0.0,0.0014170032452904798
mom_12_1 q3 & r60 q3 unless range_compress q0,0.00019287861997894894,0.20811239520075372,3.169482810799496,rejected,0.5218965625663727,0.0015271049063503516
days_to_earn q1 & vol_ratio q4 unless gap_today q4,-9.868145528741179e-05,-0.3990475933570612,-2.969136244350473,rejected,0.5763143814581719,0.0029863815429795513
mom_12_1 q3 & r60 q3 unless ear_volsurge q4,0.00019728540874464212,0.32377617442068646,3.0157620824443234,rejected,0.5789986646891006,0.002563343059598009
days_to_earn q1 & vol_ratio q4 unless r60 q4,-8.600288643390553e-05,0.1480324733227334,-3.147692884043072,rejected,0.0,0.001645644934898373
mom_12_1 q3 & r60 q3 unless vol20 q0,0.0001634545125009736,0.5019033173488261,2.7867507123408117,rejected,0.5080250598776527,0.005323941721708128
ind_mom20 q2 & news5 q1 unless dist_ma50 q4,-5.5731029074013846e-05,0.7968699584724246,-2.4895993401622443,rejected,0.0,0.012788717337657544
mom_12_1 q3 & r60 q3 unless vol20 q4,0.0001850493000674629,0.3341208419010588,2.936066358497512,rejected,0.5293848253482856,0.00332403206982062
mom_12_1 q3 & r60 q3 unless frog q0,0.0001789277602983318,0.4748596914829337,2.772230460456152,rejected,0.48855508116092267,0.005567360518907927
ind_mom20 q2 & news5 q1 unless vol_surge1 q0,-3.419572969983812e-05,1.3014979273458702,-1.9372692767623299,rejected,0.0,0.052712435785390865
days_to_earn q1 & vol_ratio q4 unless overnight20 q4,-8.399281121983587e-05,0.15575917288805316,-3.0726602058923107,rejected,0.0,0.0021215991694352983
days_to_earn q1 & vol_ratio q4 unless ev_offering q4,-8.673788121423447e-05,0.18574404237207018,-2.997789267839816,rejected,0.0,0.0027194564305432316
earn_in_week q1 & news5 q1 unless ev_agreement q4,9.389828648492085e-06,0.0,3.169848751883179,rejected,0.0,0.001525183052125675
days_to_earn q1 & vol_ratio q4 unless close_loc q4,-7.602180136004261e-05,0.4583800654337529,-2.7014402877549513,rejected,0.0,0.006903987618443529
mom_12_1 q3 & r60 q3 unless r120 q4,0.0001743999305339357,0.24386550064544413,2.901275360436748,rejected,0.4985807457275227,0.003716471399561828
days_to_earn q1 & vol_ratio q4 unless news5 q4,-8.836207006851003e-05,0.19138626952471,-2.9263254644624803,rejected,0.0,0.003429919029682583
days_to_earn q1 & vol_ratio q4 unless dist_ma200 q0,-3.408306438243759e-05,0.6980777591174919,-2.3715294941868126,rejected,0.0,0.017714632776923173
days_to_earn q1 & vol_ratio q4 unless gap_today q0,-7.625034489710623e-05,0.21283916185006302,-2.8441370326926987,rejected,0.0,0.004453189125366148
days_to_earn q1 & vol_ratio q4 unless r5_news q4,-0.00010001153329879945,-0.006250855851885522,-3.012705989100752,rejected,0.46477566773427986,0.0025892964194910843
days_to_earn q1 & vol_ratio q4 unless mom_12_1 q4,-6.634138047856843e-05,0.2078141010843627,-2.800871782009044,rejected,0.0,0.0050964763965034654
days_to_earn q1 & vol_ratio q4 unless r5 q4,-8.530924508067761e-05,0.17205434666847796,-2.8297267923737635,rejected,0.0,0.0046587768150657795
mom_12_1 q3 & r60 q3 unless close_loc q0,0.00017493896233176866,0.33165516860398053,2.6511891601668576,rejected,0.39442693276938334,0.008020890553717115
days_to_earn q1 & vol_ratio q4 unless overnight20 q0,-9.870410466718117e-05,-0.256350637819716,-2.7060303874440343,rejected,0.3845642465810202,0.006809281479753706
days_to_earn q1 & vol_ratio q4 unless frog q4,-6.72142982864638e-05,0.26136140979036915,-2.6617477627524475,rejected,0.0,0.007773610712368301
days_to_earn q1 & vol_ratio q4 unless close_loc q0,-7.282085993622785e-05,0.19336152127408696,-2.7035639954777877,rejected,0.0,0.006860023681402521
mom_12_1 q3 & r60 q3 unless ear_volsurge q0,0.000153679122622798,0.4109168309827499,2.452275456612521,rejected,0.3253203982900777,0.014195594646911973
mom_12_1 q3 & r60 q3 unless range_compress q4,0.0001461967309108604,0.30848778421406886,2.5063143240103427,rejected,0.308948944102826,0.012199711374049267
days_to_earn q1 & vol_ratio q4 unless r1 q0,-4.1777965387625536e-05,0.5264206158489294,-2.2010084635952647,rejected,0.0,0.027735424680317068
mom_12_1 q3 & r60 q3 unless r5_nonews q0,0.00014964754753130945,0.12679781848348562,2.57177467058019,rejected,0.3148319711572788,0.010117872038314529
mom_12_1 q3 & r60 q3 unless days_since_earn q0,0.0001428581653521594,0.3280695520062806,2.3464664438528975,rejected,0.256267882449253,0.01895237269756761
ind_mom20 q2 & news5 q1 unless gap_today q0,-6.110798493017358e-05,0.47130066958103234,-2.1303658984223905,rejected,0.0,0.03314141690630422
ind_mom20 q2 & news5 q1 unless frog q0,-6.90343590978508e-05,0.3918658156016242,-2.134463877145058,rejected,0.0,0.032804827557002016
earn_in_week q1 & news5 q1 unless vol_surge5 q4,-6.321971629638394e-06,0.0,2.4986842889729193,rejected,0.0,0.012465530935849112
days_to_earn q1 & vol_ratio q4 unless mom_12_1 q0,-5.073377242925781e-05,0.38024171771352694,-2.0659340637464294,rejected,0.0,0.03883470591747826
earn_in_week q1 & news5 q1 unless frog q4,2.0676039259697723e-05,0.0,2.2138065986349114,rejected,0.0,0.02684208596306083
earn_in_week q1 & news5 q1 unless r20 q4,3.550513642407775e-05,0.0,2.0971489391956055,rejected,0.0,0.03598039289584061
earn_in_week q1 & news5 q1 unless dist_52wh q0,5.408455848569143e-05,0.0,2.027176091298819,rejected,0.0,0.042644407337073906
days_to_earn q1 & vol_ratio q4 unless r20 q0,-5.667436239488605e-05,0.08166361533841102,-1.8189377070466277,rejected,0.0,0.06892093427204773
ind_mom20 q2 & news5 q1 unless dist_52wh q0,-5.235152095898696e-05,0.0970847885956462,-1.552014744462115,rejected,0.0,0.12065869567296188
earn_in_week q1 & news5 q1 unless ear_volsurge q4,-2.3343978725503142e-05,0.0,1.5946695055901114,rejected,0.0,0.11078616066598221
earn_in_week q1 & news5 q1 unless rel_ind20 q0,2.5274924316255848e-06,0.0,1.5834701206323691,rejected,0.0,0.11331435171002663
ind_mom20 q2 & news5 q1 unless vol_ratio q0,-3.860118971646058e-05,0.2713227797668313,-1.221459342314882,rejected,0.0,0.22191215057028593
earn_in_week q1 & news5 q1 unless dist_52wh q4,9.170014564686744e-06,0.0,1.4356054856298024,rejected,0.0,0.1511146329091656
earn_in_week q1 & news5 q1 unless overnight20 q0,2.5904236147248438e-05,0.0,1.2118671535536738,rejected,0.0,0.22556323729358527
earn_in_week q1 & news5 q1 unless overnight20 q4,2.9833834707116418e-05,0.0,1.2084233583279076,rejected,0.0,0.22688445951455322
earn_in_week q1 & news5 q1 unless rel_ind20 q4,4.53047474674775e-05,0.0,1.1761772335085088,rejected,0.0,0.23952406008710514
earn_in_week q1 & news5 q1 unless days_to_earn q0,2.950173264163468e-06,0.0,1.0504801327758204,rejected,0.0,0.29349742049414274
earn_in_week q1 & news5 q1 unless atr_pct q0,8.40159335267044e-07,0.0,0.9449848616721427,rejected,0.0,0.34466660466719307
earn_in_week q1 & news5 q1 unless frog q0,-2.984188688921588e-06,0.0,0.60746383061976,rejected,0.0,0.5435431390524464
