key_named,effect,t_conf,t_disc,status,p_real,p_coincidence
frog q2,-0.0005761544973865997,-3.175864918790123,0.8663820814903322,rejected,0.0,0.3862806669507638
r5 q1,0.0002511221232787311,0.10708512764814672,3.561071594316606,rejected,0.16127239316360764,0.00036934434864110537
ear_volsurge q3,0.00022314167256172175,1.607117171487743,-1.92748613375632,rejected,0.0,0.05391907448024246
rel_ind60 q2,3.7979674555883167e-05,-0.5757291037944322,2.9067897104862745,rejected,0.0,0.0036515858685987426
mom_12_1 q2,-0.0004031008583942497,-2.2405927876054097,1.1366810728246495,rejected,0.0,0.2556716344601646
atr_pct q2,0.00028499022528324464,1.7490034137952926,-1.6106848535545277,rejected,0.0,0.10724842864475345
r20 q1,0.0006004396048618819,2.8988900282028234,-0.44437281123841965,rejected,0.0,0.6567730672833292
r20 q4,-0.0003337944149743242,-1.261726031286749,-2.081143328407726,rejected,0.0,0.037420788946426156
ear q2,-0.0007007509422438943,-3.0521567954045783,-0.21377436165480826,rejected,0.003477088649382133,0.8307230192143467
vol_surge5 q3,0.0005412217329317934,2.117421867807542,1.135955855050797,rejected,0.0,0.25597504014853034
news5 q2,0.00020570644127840355,1.4341012787267158,1.6229646478686108,rejected,0.0,0.10459696230025506
vol_surge5 q0,-0.0005076097046173478,-2.3493251749609994,-0.6158915713635219,rejected,0.0,0.5379660848047114
ear q0,0.00034744895729938254,1.4185530333863605,1.5400779120416264,rejected,0.0,0.12354136310746083
intraday20 q4,-0.0003585316470458913,-1.6086493007904725,-1.344896593237078,rejected,0.0,0.17865863056601808
max20 q4,-0.00026270248569795616,-1.6995714054941804,-1.130372411266148,rejected,0.0,0.2583193341514809
earn_in_week q1,-0.00038776160303451705,-1.5431419925486232,-1.2806108585119722,rejected,0.0,0.2003303840910765
days_to_earn q2,-0.0003889566703141824,-1.3685362182357739,-1.4416354994756067,rejected,0.0,0.14940522832415637
ind_mom60 q0,0.0004128113198882788,2.4412413715823673,-0.3547107523984496,rejected,0.0,0.7228062948387248
range_compress q0,-0.0001961344832097181,-1.103298634196773,-1.6659826261980313,rejected,0.0,0.09571687491924592
dist_ma50 q4,-0.00031644256255819654,-1.422657292249148,-1.3278209242127346,rejected,0.0,0.1842372727731715
dist_ma50 q1,0.0005111699467152865,2.2679492353053834,0.37168403234614994,rejected,0.01848777104552525,0.710128114987527
intraday20 q2,0.0003147131628137524,1.6590665256493013,-0.9338378715775089,rejected,0.0,0.3503875307558557
ins_officer30 q2,-7.451099316160343e-05,-1.995287477015364,0.5653182922293212,rejected,0.0,0.5718572889487935
overnight20 q2,0.000274077384814085,0.7862801374303214,1.7498852608550175,rejected,0.0,0.08013811448704324
frog q1,0.00027184922954530454,0.7357639928272994,1.77424771084996,rejected,0.0,0.07602218551474363
ins_officer30 q4,0.0001599157216440313,1.9492044930783665,-0.5141510024895634,rejected,0.0,0.6071464213086547
gap_today q0,-8.03378771878459e-05,-0.8149617276733082,1.6283930626749072,rejected,0.0,0.10344156767443313
rel_ind20 q4,-0.0002252987573373437,-0.8118602897337858,-1.5919791391858993,rejected,0.0,0.11138939189422216
days_since_earn q2,0.00016262508804156133,1.0714934205972744,-1.309900706727158,rejected,0.0,0.1902294280460924
log_dv q3,-0.0003202656602576126,-1.0803355187925237,-1.2793541672558904,rejected,0.0,0.20077236585868538
overnight20 q1,0.00045527827645215103,1.9327796372672374,0.4262019959414872,rejected,0.011816110649986722,0.6699606632287389
log_dv q1,-6.322397176810765e-05,-0.6953103955367576,1.6345803005732775,rejected,0.0,0.10213706005175524
range_compress q2,0.00011748871604584902,-0.1337536633284527,2.1677872158989957,rejected,0.0,0.030174879963889015
gap_today q1,1.5345897975539267e-05,0.48483373288892867,-1.7891873707573673,rejected,0.0,0.07358464489719693
ear q4,0.0002770158658902799,1.6390819460617827,-0.6018710993206332,rejected,0.0,0.5472599432832419
frog q3,0.00010466740677665371,0.8122423453873511,-1.42248872856422,rejected,0.0,0.1548844213343657
days_since_earn q4,-0.00034699362531545044,-1.7179126618962786,-0.4539356761589537,rejected,0.009855642361173374,0.6498751246473731
ear_volsurge q2,-0.00039751484619919233,-1.7858260735072988,0.35946749432996833,rejected,0.0,0.7192453907522272
vol20 q2,0.0004097153014201954,1.9199824792832225,-0.20438190334278886,rejected,0.0,0.8380550707554161
overnight20 q4,-0.00028699579301701383,-1.4985141548021275,-0.6243773009324246,rejected,0.0,0.5323798286681681
range_compress q4,0.000264122041325219,1.0466518719262412,1.0425640105821976,rejected,0.0,0.29715026483867163
atr_pct q3,0.00020435326646084905,0.5559890229900244,1.5301515071475318,rejected,0.0,0.1259792313799234
atr_pct q4,-0.00015991672889868516,-1.2146367972292371,-0.8647985232707321,rejected,0.0,0.3871493818280807
ev_red_flag q2,0.00011721026348819217,1.7449146694671576,-0.3179323918435455,rejected,0.0,0.7505362212794466
close_loc q1,0.00039003270280149014,1.6567555423506917,0.39416228337474246,rejected,0.019789196050422484,0.6934612297677943
skew60 q4,-0.00038995367158540096,-1.8682314991293207,-0.1803407643731373,rejected,0.0029625190379904704,0.856885054918205
ind_mom60 q1,-5.77905389509132e-05,-0.6390451236342513,1.4028105021940895,rejected,0.0,0.16067335442130382
rel_ind20 q2,0.0002933444418147594,1.0823929393708338,0.9519603808524031,rejected,0.0,0.34111707521315754
close_loc q4,-0.0002808257456583053,-1.4786108702796035,0.5323466112175994,rejected,0.0,0.5944859548810613
r5_news q0,-0.00021059290495117309,-1.7933863194847328,0.20536705073220385,rejected,0.0,0.8372853613124435
gap_today q3,0.00027773807071153247,1.4011567701446397,-0.5466409108926917,rejected,0.0,0.5846254567648148
r1 q4,-0.00023840276552955755,-1.0060628332658188,-0.9313895358884257,rejected,0.0,0.35165210176034256
rel_ind20 q1,0.0002837137668386429,1.012121486499034,0.9207091127822077,rejected,0.0,0.3572023171960519
r5_news q2,0.000219806575130303,1.5408370448809399,0.37394749286122214,rejected,0.01619217210900878,0.7084433812859897
ind_mom20 q2,0.000228224171491372,0.8866748998065764,1.0233322379045457,rejected,0.0,0.3061507861940215
ear q3,0.0003127724406999214,1.2721687578356629,0.6295523105229488,rejected,0.0,0.5289875335147898
vol_surge5 q2,0.0003522245494901083,1.5834006069504878,0.3142951792184179,rejected,0.012801610902910885,0.7532968592851175
frog q0,-7.114967807334131e-05,0.10498501736042412,-1.7810441895295026,rejected,0.0,0.07490523202644656
max20 q1,0.0003047806521444659,1.4741023215307694,-0.4075623855232863,rejected,0.0,0.6835949842059839
r20 q3,-0.00017885410306285373,-1.0629769613326283,0.8060022490171689,rejected,0.0,0.42024155232171045
ev_agreement q2,-3.8571717561436445e-05,-0.5991383205837687,1.2575152602537472,rejected,0.0,0.20856711671526454
dist_ma200 q2,-0.00032393031341570056,-1.295409925170838,-0.5516074859879457,rejected,0.0,0.5812173064183355
min20 q4,0.00013486067436499217,0.41287789897946314,1.4176238266239212,rejected,0.0,0.15630062001035455
vol20 q4,-0.00016823333011958144,-1.2508434050469397,-0.5734393874625638,rejected,0.0,0.5663472279998479
r5_nonews q4,-0.00011310520756248675,-0.21935599043229062,-1.5974154378641883,rejected,0.0,0.11017313348844346
ev_red_flag q4,-7.749187484842406e-05,-1.5343640072345606,0.27886210820155594,rejected,0.0,0.780350648696001
close_loc q0,6.573309084319846e-05,0.6191609999578619,-1.1866896325556442,rejected,0.0,0.23535006591027274
dist_ma200 q1,0.00032891890126464563,1.4191035019504261,0.37158411820027093,rejected,0.01791493465776482,0.7102025155855736
dist_52wh q0,-0.0001455116965001396,-1.0215426095075144,-0.7614203059935133,rejected,0.0,0.44640606266575816
ind_mom60 q3,-0.00020138424465117612,-0.6580173550481236,-1.1177032523588213,rejected,0.0,0.26369375324831623
r20 q2,0.0002393100439948728,0.8724188029548003,0.9018941962532584,rejected,0.0,0.3671130746782445
r5_nonews q2,0.00012525329539085555,0.1954850207344184,1.5725705641269585,rejected,0.0,0.11581828803574518
ear q1,-0.00012206374004806855,-0.07332250684263987,-1.6903216878374898,rejected,0.0,0.09096642811440213
intraday20 q1,0.0003152193340557434,1.3301850412253493,0.4269281866578113,rejected,0.011154554022204107,0.6694316346704575
skew60 q1,0.00032736025367554683,1.4491060311744177,0.2824037963300055,rejected,0.008566127436930948,0.7776339043688942
log_dv q2,0.0002543926920507229,1.348569712690506,-0.3762505923679447,rejected,0.0,0.7067306066684669
mom_12_1 q1,0.00020176107756548074,0.7286508015872551,0.9957327281799171,rejected,0.0,0.3193800237498127
ev_offering q2,4.589710521471533e-05,0.8621408201551131,0.8576547107672272,rejected,0.0,0.391083154973217
days_since_earn q3,0.0002626781066695691,1.0669142728492504,0.6382464478644885,rejected,0.0,0.5233132660061857
news5 q4,-0.00023834139770044957,-1.3691211148938898,-0.33423598098532403,rejected,0.016335734863386152,0.738201494770849
days_to_earn q1,0.00029288708091919943,1.241618773121603,0.457806284289002,rejected,0.005104958591071121,0.6470916205190326
ins_buyers30 q2,-6.205143338193783e-05,-0.9774284068682095,0.6977768172568216,rejected,0.0,0.4853167793036624
ins_value30 q2,-6.205143338193783e-05,-0.9774284068682095,0.6977768172568216,rejected,0.0,0.4853167793036624
r60 q1,0.0003261164334105807,1.5400268739018004,-0.13171419955570632,rejected,0.0,0.895210353753047
r5_nonews q1,-0.00018407532756021668,-1.0328453150712416,0.6300451622520682,rejected,0.0,0.5286650365277803
ev_agreement q4,4.289626670806621e-05,0.551193433330637,-1.1037094245444448,rejected,0.0,0.26971920605247707
vol_surge1 q3,0.00020658748539280393,1.1215162749796692,-0.531385302591513,rejected,0.0,0.595151804221953
r5 q3,-9.776531798427793e-05,-0.046370692449545496,-1.5986674413479833,rejected,0.0,0.1098945157130906
range_compress q1,0.00013622499065108824,0.8233201417732368,-0.8157037776445268,rejected,0.0,0.41466957791312903
dist_52wh q1,0.0003112546165036904,1.5120793052251933,-0.12429903670749619,rejected,0.0,0.9010785099835456
max20 q3,0.0002278670985948671,0.8457047413222648,0.7862688478495242,rejected,0.0,0.43170999893014306
ear_volsurge q4,0.00021612516697611187,0.8242880466601878,0.8018276917907036,rejected,0.0,0.4226526377946931
r60 q4,-0.00021382577030214806,-1.175523028423683,-0.4495919311551191,rejected,0.013730687667644693,0.6530047072273238
max20 q0,0.00016995398109707397,0.7021939764538068,0.9202427926312966,rejected,0.0,0.35744589662191395
rel_ind60 q4,-0.0001759074071002057,-0.8417225995763258,-0.7706197830251171,rejected,0.0,0.440932331632961
atr_pct q0,0.00014965869709080952,0.6756644377551622,0.9306555556057416,rejected,0.0,0.35203176677343806
r5 q4,-8.14919903494264e-05,-0.11190416081449643,-1.4923583521814987,rejected,0.0,0.13560522700951275
news5 q1,0.0001316810956947023,0.8227916556849633,-0.7431039754973703,rejected,0.0,0.45741873294744956
ear_volsurge q0,-0.00018512762003043768,-1.096199732348428,0.4659999566642485,rejected,0.0,0.6412155315733193
ind_mom20 q1,-0.0002716396808315746,-1.3241674926850588,-0.23390370149960127,rejected,0.004068116314818161,0.8150597395361145
ear_volsurge q1,0.00032327799631550727,1.4734759152565426,0.08047280883303283,rejected,0.0,0.9358612214902219
ind_mom20 q0,0.0002549546201379454,1.319248406364617,0.2323693297497492,rejected,0.004559460391440286,0.8162511683262811
rel_ind60 q1,0.00018645401138404306,1.0349084002046296,-0.5128912674432767,rejected,0.0,0.6080273822740071
ins_buyers30 q4,9.057303804118462e-05,0.9512272276257713,-0.5810008103864567,rejected,0.0,0.5612399073735475
ins_value30 q4,9.057301544659172e-05,0.9512270457432771,-0.5810008103864567,rejected,0.0,0.5612399073735475
r60 q2,-0.00013156518876562218,-0.8039475293728645,0.7200034191749125,rejected,0.0,0.47152289036648054
min20 q0,-0.00016060078458582795,-1.1411830782143024,-0.3477400404486284,rejected,0.019008774529427508,0.7280354231713528
vol_surge1 q4,-2.035392272411138e-05,0.24675223229252982,-1.2362898931521609,rejected,0.0,0.21635082657728436
skew60 q3,8.220790740978984e-05,0.5959253641271673,-0.8809456676992191,rejected,0.0,0.37834722811519916
r120 q1,0.0002290219626040083,0.883041458512811,0.5930348820380317,rejected,0.0003977132370943631,0.5531578081189548
max20 q2,0.00026511287166671154,1.0970165370328668,0.37637939230091544,rejected,0.013258077001488388,0.7066348641534086
vol_surge1 q1,0.00014341656875278174,0.3186249075911767,1.1311113787721823,rejected,0.0,0.2580082156146535
skew60 q0,0.0002180316187738041,0.868263769375567,0.5793651106525566,rejected,0.0,0.5623428405160054
ev_offering q4,-8.760274146215644e-05,-0.7567323840531573,-0.6865920720125754,rejected,0.0,0.4923398257999444
gap_today q2,0.00021177813129637558,0.8031208737489114,0.6367318237362537,rejected,0.0,0.5242995407675936
r60 q3,0.0002225345289492012,0.8965890740399395,0.5384083437499483,rejected,0.0,0.5902951672748331
vol_surge1 q2,0.00015725262913038478,0.43678302807783803,0.9686617722871458,rejected,0.0,0.3327139717581704
vol20 q1,0.00021522272520490805,0.8768504949660522,0.5170381491848415,rejected,0.0,0.6051295282838114
frog q4,0.00023561555953750783,0.9946716408930981,0.39459900308845586,rejected,0.016857127894041285,0.6931388493736095
days_since_earn q1,0.00013804780856449073,0.3623955074307641,1.0114509223155566,rejected,0.0,0.3118006593106996
r1 q2,0.00020170475999595273,0.7186315554939758,0.6490543340786639,rejected,0.0,0.5163032572061239
r5_nonews q3,2.63615878084277e-06,0.2856094683320658,-1.0806996297622802,rejected,0.0,0.2798307478481182
gap_today q4,-0.0001789673961757733,-0.8559668373421162,-0.506807778907101,rejected,0.0,0.6122896977085474
min20 q3,0.00021616869834619295,1.0339146900385,-0.3090827220099859,rejected,0.0,0.7572586019762286
overnight20 q3,3.654841730658223e-05,0.3767981489925735,-0.9247262891692224,rejected,0.0,0.35510830102676105
log_dv q4,0.0002127111642343321,0.8840421279984344,0.40303345259578777,rejected,0.013743508219339892,0.686923615132964
ev_shelf q2,0.000108722748922584,1.1889293997471013,-0.0930447702094988,rejected,0.0,0.9258679939826481
min20 q2,0.00020140344891364696,1.034584488008242,-0.23926618712132028,rejected,0.0,0.8108991827784611
vol_surge1 q0,-0.00024097495815812625,-1.2526024061109229,0.010575154580856973,rejected,0.0,0.991562404700314
ind_mom20 q3,-0.000175088689388095,-0.9527742376692778,0.3097963866812997,rejected,0.0,0.7567157995415975
rel_ind60 q3,0.0002199701534271303,0.912436861681924,0.34285365545264557,rejected,0.01599596482527976,0.7317085583885019
ind_mom20 q4,-6.83030456587734e-05,0.011394029311631994,-1.2429727779034074,rejected,0.0,0.21387786496580546
vol_ratio q3,-0.00014537825659623196,-0.4369131349847383,-0.8089856453092382,rejected,0.0,0.4185234031854825
r20 q0,-8.011744622031606e-06,-0.2674337281093346,0.9637410341814431,rejected,0.0,0.335175776079974
r120 q2,-0.00022838315970153067,-1.0636181767531638,0.1638682646943173,rejected,0.0,0.869834850446028
r1 q1,0.00024716045861796236,1.1330370051037504,-0.09150212123737607,rejected,0.0,0.9270936208053706
r120 q3,-0.00010896266853482554,-0.636883289910322,0.5855413837045169,rejected,0.0,0.5581837487369554
r5_nonews q0,9.5290497097081e-05,0.38568246643617965,0.8350397884746538,rejected,0.0,0.4036953062348001
intraday20 q3,-5.927626666495457e-05,-0.49387477595311513,0.7262272800178275,rejected,0.0,0.4676994509001515
mom_12_1 q0,-7.083871612911189e-05,-0.26122054521746474,-0.9012457164075782,rejected,0.0,0.367457688824989
vol_ratio q2,0.00019837100158460699,0.9481276137760546,-0.20770954940854772,rejected,0.0,0.8354557609463119
vol20 q0,9.978192890743217e-05,0.39784219500612084,0.7567765788773809,rejected,0.0,0.44918372682917934
rel_ind60 q0,-1.4815560393565131e-05,0.18171631028227606,-0.9699281351001415,rejected,0.0,0.33208231481617034
mom_12_1 q3,6.166115740654509e-05,0.4472325028484879,-0.6766799760839808,rejected,0.0,0.4986090238474062
ind_mom60 q4,-0.00014080501732376073,-0.8171871630011934,0.2315929124421812,rejected,0.0,0.8168542129196065
earn_in_week q2,2.9963899999073776e-05,0.014581302209059824,1.0290682092335026,rejected,0.0,0.30344762371652284
vol_ratio q1,5.972886643237318e-05,0.02051810190199272,1.0054005701651678,rejected,0.0,0.3147040054336901
close_loc q2,-0.00021917028610750667,-0.9893588549401573,-0.026700108531029543,rejected,0.0,0.9786989265690113
dist_ma200 q3,-9.053639231762999e-05,-0.5303846584418407,0.4773261093089131,rejected,0.0,0.6331299216584839
range_compress q3,0.00012335972041516494,0.44750000141410523,0.555479355646821,rejected,0.0,0.5785668269340077
vol_surge5 q4,-0.00010305834005833672,-0.3242160886699763,-0.6605030043957312,rejected,0.0,0.5089310911235765
r5_news q4,-4.683437241583792e-05,-0.2706585506487572,-0.6876363936072968,rejected,0.0,0.49168178403568424
intraday20 q0,4.11859993934162e-05,0.07251823077906419,0.8629144405138612,rejected,0.0,0.3881845104594503
dist_52wh q3,8.026321425775562e-05,0.23148715160606423,0.6887378937802008,rejected,0.0,0.4909882251329589
close_loc q3,0.0001061822705456313,0.3317185015744358,0.5196532294100872,rejected,0.0,0.6033052907900651
r5 q2,0.00018398870910527716,0.8050081963224922,-0.04047730572238936,rejected,0.0,0.9677125996207313
mom_12_1 q4,0.00010657430515357354,0.7360163018227274,-0.08710427343401622,rejected,0.0,0.9305886285899679
min20 q1,1.8574583676676167e-05,0.24590144820127002,-0.5751735093822946,rejected,0.0,0.5651739567327495
dist_52wh q2,0.00014398335639280072,0.5833649875469477,0.2294956739428753,rejected,0.004321057132763353,0.8184836826079276
log_dv q0,-0.00011858832047374818,-0.5330786141430753,-0.25573602753762065,rejected,0.005892942279869966,0.7981546740209546
dist_ma50 q0,4.5108110734612996e-05,0.10627186022938831,0.6652977605009208,rejected,0.0,0.5058600627073427
r120 q4,1.9124855560863395e-05,0.23523131633109093,-0.5260306826687302,rejected,0.0,0.5988668887873707
days_to_earn q3,7.706708494665979e-05,0.22533089186181476,0.5180829029882319,rejected,0.0,0.6044004284223661
days_to_earn q4,-4.875408471735271e-05,-0.3373603483420757,0.4020115297902091,rejected,0.0,0.6876755409474566
ind_mom60 q2,-0.00014330497900561355,-0.6972692745782175,-0.024675904310139336,rejected,0.0,0.9803134748023933
days_to_earn q0,0.00010884425753964531,0.5553013119603449,0.16073395703573107,rejected,0.00247416784057283,0.872302943305316
atr_pct q1,6.673953220184709e-05,0.21091436299563865,0.4562705747066488,rejected,0.0042581571619069005,0.6481954208252627
earn_in_week q4,3.070144129731832e-05,0.5075202826906088,-0.15126845819569465,rejected,0.0,0.8797639496479321
r1 q0,-3.73098636391527e-05,-0.2975961829673374,0.3541109740105481,rejected,0.0,0.7232557181982495
r60 q0,4.485776697389639e-05,0.34882733917198416,-0.29926926233236406,rejected,0.0,0.7647346055581727
dist_52wh q4,4.773186490144299e-05,0.12846642079677625,0.5165315681794069,rejected,0.0,0.6054831966258534
ins_opportunistic30 q2,-8.208706319520628e-06,-0.23390737087790778,0.38284742460635035,rejected,0.0,0.7018328957311072
rel_ind20 q0,-5.914962033676413e-05,-0.38015688213528226,0.20506209048621374,rejected,0.0,0.8375236144140522
r1 q3,8.419624673538675e-05,0.305390727881365,0.2749722534359819,rejected,0.007308365274741328,0.7833375554585464
overnight20 q0,-7.748206331008146e-05,-0.34379389041867425,-0.20768765659587116,rejected,0.0027463115387682587,0.8354728561457104
r120 q0,3.1719192537141496e-05,0.26739241649682477,-0.26594607412897076,rejected,0.0,0.7902807403560186
r5 q0,-4.026979159120618e-05,-0.29491831577611893,0.23015539357268058,rejected,0.0,0.8179710221843555
skew60 q2,-7.44918742542076e-05,-0.3762741546460078,0.13378738781351593,rejected,0.0,0.8935707005985165
ins_opportunistic30 q4,6.258004945015594e-06,0.19919134385779966,-0.2804323518070204,rejected,0.0,0.7791458192286358
vol20 q3,3.7966066560016276e-05,0.2346949097833362,-0.18022947861316277,rejected,0.0,0.8569724167597481
vol_ratio q4,-6.851681592631511e-05,-0.3419270140926473,0.0555203624258561,rejected,0.0,0.9557239080986729
dist_ma50 q3,8.577453399947093e-06,-0.04491481991771379,0.3268733858821814,rejected,0.0,0.7437636513235584
dist_ma200 q4,1.3222099834642906e-05,0.13315729809833715,-0.22496915136057957,rejected,0.0,0.8220032727849935
days_since_earn q0,-1.869577334934596e-05,-0.13196507809683924,0.17326757156893852,rejected,0.0,0.8624411122730983
dist_ma50 q2,2.4716930017668e-06,-0.040456990607159175,0.2268541824334621,rejected,0.0,0.8205371303300443
vol_surge5 q1,4.6509030194487106e-05,0.2139490024210585,0.010203665919895412,rejected,0.0,0.9918587937691775
rel_ind20 q3,-2.1056378299896494e-05,-0.06898632606160181,-0.10184980161653544,rejected,0.0007963959611638731,0.9188758951748183
vol_ratio q0,-2.984724318459537e-05,-0.14832770400912837,0.015187540004441363,rejected,0.0,0.987882562153143
dist_ma200 q0,1.0127201957639692e-05,0.06220344897436469,0.02010514532760475,rejected,0.0,0.9839594955980959
earn_in_week q1 & mom_12_1 q2,-0.0003342527688935864,-5.5944692067357344,0.8264754481500357,rejected,0.0,0.40853443984791765
rel_ind60 q2 & vol_ratio q2,-0.00025231508610895344,-2.3676747578568595,2.468805217016178,rejected,0.0,0.013556498755060103
atr_pct q3 & overnight20 q2,0.0003178242139443367,1.6462329510194236,3.042859537745155,rejected,0.16073605399041505,0.0023434168895560027
ind_mom60 q1 & r20 q1,0.00048312043062624345,2.968567256982758,1.5520200479422661,rejected,0.0,0.1206574267190296
r5 q1 & rel_ind20 q1,0.0004317518885924504,1.548220176671609,2.9636971363039284,rejected,0.12607264628828121,0.0030396729253064675
log_dv q3 & r5 q4,-0.0003258145716656151,-2.5518710692541053,-1.9147054959894334,rejected,0.0,0.05553007229175828
range_compress q2 & rel_ind60 q2,-0.0003132051846102933,-2.73442129082515,1.691116276613242,rejected,0.0,0.09081459711208581
atr_pct q2 & range_compress q0,0.00014195286534705192,2.110220415699589,-2.2874870743234452,rejected,0.0,0.022167409039526385
close_loc q0 & ear_volsurge q3,0.00013576969114691755,2.157424192081426,-2.2208559073826417,rejected,0.0,0.02636072248569858
r5 q2 & r60 q1,0.0003749190718141784,2.8337741752227026,-1.490517708784121,rejected,0.0,0.13608816370643037
log_dv q3 & r5_nonews q4,-0.00034048365685064894,-2.414159478079563,-1.8860801902305544,rejected,0.0,0.059284149358918806
r20 q2 & r5 q1,0.0003952658239184317,1.5175998732325597,2.776314981054422,rejected,0.0257923224209045,0.005497891673702746
r20 q0 & rel_ind60 q2,-0.00019379875127696614,-2.587717203737461,1.6766059256556223,rejected,0.0,0.09361956726643389
mom_12_1 q2 & rel_ind60 q2,-0.00024257399405202518,-2.051248849015944,2.139120308066366,rejected,0.0,0.03242592609281704
log_dv q3 & range_compress q0,-0.00024186323816455919,-2.2490620711610205,-1.928022446155134,rejected,0.0,0.05385233429802454
ind_mom60 q3 & r5 q3,-0.00036284142996509134,-1.7363537630764683,-2.4297217268905893,rejected,0.0,0.015110419291639665
ear q1 & range_compress q0,-0.00019647570894275952,-2.270806846904677,-1.8775330350772466,rejected,0.0,0.060445074027589044
frog q1 & r5 q1,0.0004070808397446575,1.9490408248088567,2.1968259342440426,rejected,0.0,0.0280328801313833
intraday20 q4 & max20 q4,-0.00023471192151353694,-1.8514558800408862,-2.270114720115444,rejected,0.0,0.02320062343112397
overnight20 q2 & range_compress q2,0.0002900106448622992,1.0694071930972928,3.03913582081097,rejected,0.1532628295626277,0.0023725786300782935
dist_ma50 q4 & log_dv q3,-0.0003969270972066331,-3.215111821344214,-0.8875006745035652,rejected,0.0,0.3748094032130198
overnight20 q2 & vol_surge1 q2,0.00031642049195272154,1.1324338435960424,2.950576381871852,rejected,0.13003075982044607,0.00317181608217961
ear_volsurge q3 & earn_in_week q2,0.0003259636463841544,2.0514517923339137,-1.9996519533590404,rejected,0.0,0.0455378597282586
ear q1 & max20 q4,-0.00018270726505468802,-1.8130289630137513,-2.2273515337932874,rejected,0.0,0.025923788869626953
log_dv q1 & r5 q1,0.00017840748074150406,0.12215513969323423,3.9119467175119134,rejected,0.47721109732342215,9.15551143263864e-05
atr_pct q2 & frog q0,0.00010753497537736189,1.5969159648953126,-2.4131510437698838,rejected,0.0,0.015815264023507792
atr_pct q2 & rel_ind20 q0,3.3907179323853095e-05,1.2867208019134668,-2.698466008189275,rejected,0.0,0.006965985151260049
days_since_earn q2 & r5 q1,0.0004883104173046613,2.621624400223291,1.3611973568485456,rejected,0.0,0.17345132924837703
ev_agreement q2 & vol_surge5 q3,0.000618476817474601,2.3555685736050425,1.6207613518239703,rejected,0.0,0.10506883011944737
overnight20 q2 & vol_surge5 q3,0.00040787257236731634,2.2998128682514594,1.6750175397823726,rejected,0.0,0.09393079034865498
overnight20 q2 & rel_ind60 q2,0.0002880053594575746,0.8362491103741422,3.1247489577444267,rejected,0.15097652621666566,0.001779568622521613
range_compress q2 & vol_surge5 q3,0.00038292938789170135,2.2031808722270516,1.7302436204540355,rejected,0.0,0.0835867578901582
ind_mom60 q1 & range_compress q4,0.0003744904699839119,1.8673251172417473,2.0633878360270397,rejected,0.0,0.039075794716647745
ear q1 & earn_in_week q1,-0.0002482163614705331,-2.6030429710772824,-1.2396653261778328,rejected,0.0,0.2150992071693738
frog q0 & r5_nonews q4,-0.00020939347862616937,-1.6687079450934708,-2.1193188300216597,rejected,0.0,0.03406353136041208
ev_agreement q2 & r5 q1,0.00021391312380497746,-0.04682863301140858,3.704900880304624,rejected,0.0,0.0002114734114937992
frog q1 & rel_ind60 q2,0.0002892464147419218,1.0596542496452133,2.6821814311686887,rejected,0.0,0.007314377908381011
atr_pct q3 & r5 q1,0.00012649035246882565,-0.16836808355368194,3.5726438594863286,rejected,0.0,0.00035339522928751996
rel_ind20 q2 & rel_ind60 q2,0.00035904365985161554,1.4483033885169836,2.2898303919432097,rejected,0.0,0.022031150622349397
days_to_earn q2 & range_compress q0,-0.00012296240714964585,-1.1977644506834146,-2.538114055189108,rejected,0.0,0.011145165569193186
earn_in_week q2 & r5 q1,0.00032537163582487455,0.6070483800862834,3.1165436038128678,rejected,0.1524257665170669,0.0018298461745179372
rel_ind60 q2 & vol_surge5 q3,0.00037663095538608885,1.8533799893412863,1.8596441000741841,rejected,0.0,0.06293589563187259
ev_agreement q2 & rel_ind60 q2,4.298375230295671e-05,-0.6194049840488624,3.093449262112863,rejected,0.0,0.001978443800528112
days_to_earn q2 & earn_in_week q1,0.00010066803062914662,1.581172217708528,-2.1101189920492027,rejected,0.0,0.034848107801283654
max20 q3 & r5_nonews q0,0.00023847599992652535,1.7345354443581975,1.949743894446715,rejected,0.0,0.051206651736752734
frog q1 & vol_surge5 q3,0.0003846444840729802,2.383595549836138,1.2879847114266547,rejected,0.0,0.1977512851983139
days_since_earn q2 & ind_mom60 q1,0.0003156331418965619,1.418137219017951,2.237126260743109,rejected,0.0,0.025278089058564764
atr_pct q2 & earn_in_week q2,0.00021351942276337112,1.526579812497189,-2.1230606205863065,rejected,0.0,0.033748772349938144
atr_pct q2 & gap_today q1,0.00012160899739102798,1.4439938092591391,-2.162710495060031,rejected,0.0,0.03056345338305042
frog q0 & rel_ind60 q0,0.00010653518583262679,1.4744334017998681,-2.131831922076175,rejected,0.0,0.033020666374209376
ear_volsurge q3 & r20 q0,9.907351730208813e-05,1.7521244543471624,-1.8348865590292514,rejected,0.0,0.06652249960649058
mom_12_1 q0 & r20 q4,-0.0001920224560077243,-1.2556493337969623,-2.313890548981998,rejected,0.0,0.020673726671325398
atr_pct q2 & close_loc q0,0.00022193340491764193,2.0787672511581543,-1.480362527139294,rejected,0.0,0.13877652478064678
intraday20 q2 & range_compress q2,0.00041108654062754914,2.0050722292122978,1.5503828812363636,rejected,0.0,0.12104964488112632
intraday20 q4 & r20 q4,-0.00034031136628228883,-1.6433590668649267,-1.9083859153099654,rejected,0.0,0.05634135591071346
earn_in_week q1 & frog q3,-0.00017452770288687712,-1.423499392255205,-2.12286948386465,rejected,0.0,0.0337647902578104
ear q4 & vol20 q2,0.00042246694179758526,3.212129696213353,-0.3262359564747573,rejected,0.0,0.7442458388961217
ind_mom60 q1 & rel_ind20 q4,-0.0002590301854951098,-2.113456047273707,-1.4147173080177968,rejected,0.0,0.157151397608045
intraday20 q4 & rel_ind20 q4,-0.0002947572497311543,-1.5679274199813218,-1.9486098415913373,rejected,0.0,0.05134203593627172
ev_agreement q4 & r5 q3,-0.00016930841874447975,-1.6638468111454148,-1.834530399412463,rejected,0.0,0.06657529954626797
ind_mom60 q1 & intraday20 q4,-0.0001903208123338635,-1.8068937431679797,-1.6729809431539855,rejected,0.0,0.0943310476536677
ear_volsurge q3 & r5_news q2,0.00036243305171403237,2.194725572520663,-1.2721675633961087,rejected,0.0,0.2033135897782606
ind_mom20 q0 & vol_surge5 q3,0.00036581253702513446,2.4053462246342576,1.0604643979228612,rejected,0.0,0.2889333784780009
ind_mom60 q1 & mom_12_1 q2,-0.00023987012967991835,-2.1848797871658583,1.2783680152532888,rejected,0.0,0.20111969620415643
earn_in_week q2 & r20 q4,-0.00035530888837262376,-1.4645653142444102,-1.9897648896071116,rejected,0.0,0.04661684080461883
frog q1 & range_compress q4,0.0003541649040287414,1.5237957793993169,1.929716401327383,rejected,0.0,0.05364198662282765
ear q1 & intraday20 q4,-0.00023967000100557544,-1.558700671965034,-1.8824139943038483,rejected,0.0,0.05977982729557265
intraday20 q4 & range_compress q0,-0.0001451203953811096,-1.152994559911067,-2.287159277946939,rejected,0.0,0.022186527944266777
r5 q1 & range_compress q2,0.00022508244241194623,0.2089250320270712,3.2235268402846615,rejected,0.09800840958010568,0.0012662243150059825
atr_pct q3 & range_compress q2,0.0002216228636257864,0.979409656568384,2.449172215428119,rejected,0.0,0.014318496904223477
ear_volsurge q3 & news5 q2,0.00036404737674755323,2.1417516655751774,-1.2792203280578927,rejected,0.0,0.2008194793679704
mom_12_1 q2 & r5 q1,-2.759825405755009e-06,-0.9286951814372264,2.475734527813052,rejected,0.0,0.01329624025999153
ind_mom60 q1 & r20 q4,-0.00019087813042617353,-1.7062816370331506,-1.6942534487107683,rejected,0.0,0.09021713225988295
overnight20 q2 & r5_nonews q4,0.00015653119020194348,1.7336376649977894,-1.6538479454491521,rejected,0.0,0.09815841145618291
atr_pct q2 & days_since_earn q2,5.677096747231743e-05,1.017338043846971,-2.3658617152235335,rejected,0.0,0.017988161869499933
r1 q4 & r5 q1,-8.888929801095543e-05,-1.4853546783065767,1.8943969780463505,rejected,0.0,0.05817233725441853
ear q0 & log_dv q1,0.00019723442514057242,1.6573666033984176,1.7037358456645162,rejected,0.0,0.08843044817151431
earn_in_week q1 & range_compress q0,3.319994468639304e-05,1.2016814404604876,-2.151391873994093,rejected,0.0,0.03144528203950067
r20 q2 & rel_ind60 q2,0.00031920282043170904,1.2181312117829308,2.1292823232478306,rejected,0.0,0.033230909390707004
earn_in_week q1 & range_compress q2,-0.00016738002362665617,-2.2343451943925827,1.1107649529997758,rejected,0.0,0.2666695356880469
dist_ma200 q1 & ind_mom60 q1,0.000330958768351078,1.7930534404493268,1.5499275447003067,rejected,0.0,0.12115890755689272
gap_today q1 & r20 q2,0.00034573281667611824,1.7921991293588766,1.5385347035638581,rejected,0.0,0.12391793003123434
ear q1 & ear_volsurge q3,5.544064689142677e-05,0.9980441795071254,-2.3263098261699593,rejected,0.0,0.02000202820428955
atr_pct q2 & r20 q0,0.00020365747324103104,2.0552205360653204,-1.2615936493442903,rejected,0.0,0.20709504252326105
r20 q1 & range_compress q4,0.0003639072497719445,1.6225564941830721,1.6838131475673837,rejected,0.0,0.09221778550203169
ear q1 & rel_ind20 q4,-0.0001980888483744336,-1.5836135692357736,-1.7205942010990807,rejected,0.0,0.08532448647921734
earn_in_week q1 & ind_mom60 q1,-0.0001265307552936416,-2.2958116675950815,0.9922336193739203,rejected,0.0,0.32108357607779964
log_dv q1 & rel_ind20 q1,0.000332360792268338,1.806153782470412,1.4797064576718755,rejected,0.0,0.13895160150419894
frog q1 & rel_ind20 q1,0.0003362596910862678,1.5875270564314825,1.6926573034496195,rejected,0.0,0.0905207167871041
gap_today q1 & mom_12_1 q0,-0.00017452478428495416,-1.0349682319303268,-2.2405406628002726,rejected,0.0,0.025055844003389238
max20 q4 & r20 q4,-0.00016335892086981967,-0.8782776953570308,-2.3933200385342257,rejected,0.0,0.016696669950730457
atr_pct q3 & vol_surge1 q4,-0.00016757386641905674,-1.8190585443402196,1.4440341470360099,rejected,0.0,0.14872937026381264
log_dv q1 & range_compress q0,-0.00019555152967943643,-2.5667663393700257,0.6870484904972367,rejected,0.0,0.49205217198905504
ear q0 & ind_mom60 q0,0.0002521125618719433,1.9150530954649403,1.3386909121470472,rejected,0.0,0.1806713160090154
atr_pct q2 & ev_red_flag q2,0.00031343881275024176,1.837055745369454,-1.415625005361633,rejected,0.0,0.156885326131451
atr_pct q2 & r5_nonews q2,0.00019152587923840182,1.6712715823122184,-1.5786871314705657,rejected,0.0,0.11440783793603998
r20 q4 & range_compress q0,-0.00012104641596294259,-0.8542455287031941,-2.3941812864905767,rejected,0.0,0.01665751330627839
intraday20 q4 & log_dv q3,-0.00031394118933053967,-2.5199047217765123,-0.7132057742480928,rejected,0.0,0.475718433715805
log_dv q3 & max20 q4,-0.00024114946432048938,-2.758907113260751,-0.46664351773441776,rejected,0.005102681830621615,0.6407549465007352
ind_mom20 q4 & r5 q1,-6.23977435750508e-06,-0.8348735022227306,2.382964161506674,rejected,0.0,0.017173866178312264
atr_pct q2 & vol_surge5 q3,0.00039590099530330047,2.864581124416911,-0.3481595944522554,rejected,0.0,0.7277203306374473
ev_agreement q2 & mom_12_1 q2,-0.0003728396754545088,-2.0815582358585485,1.1300042295357733,rejected,0.0,0.2584744422801386
dist_ma50 q4 & log_dv q1,-0.00028612838499737553,-2.3101198127853277,-0.8968202818307468,rejected,0.0,0.3698148236098247
gap_today q0 & vol_surge1 q1,7.228128739282653e-05,-0.03122420723136803,3.171932980992019,rejected,0.0,0.0015142794830181304
ear q0 & r5 q1,0.0001676606718605916,0.5575420934066877,2.6319635810850754,rejected,0.0,0.008489296236443736
ear q1 & r20 q4,-0.00022014072822209337,-2.1053273734952214,-1.0787740490627147,rejected,0.0,0.28068846614059234
days_to_earn q2 & mom_12_1 q2,-0.00045665638387966254,-2.9036106696406043,-0.28030590665171773,rejected,0.010224704986117819,0.7792428195102429
log_dv q1 & vol_surge1 q1,0.00020564100165627533,0.7811228140808957,2.4023804852952115,rejected,0.0,0.016288756238104593
ear_volsurge q3 & ev_agreement q2,0.0002959279716941989,1.8139503515611375,-1.3661888195745466,rejected,0.0,0.17187970581575993
rel_ind60 q2 & vol_ratio q1,4.7666861475268834e-05,-0.5244529672738492,2.64590166399886,rejected,0.0,0.008147349706442195
ev_agreement q2 & r20 q4,-0.00032443682791974843,-1.2956889314163484,-1.867912021814688,rejected,0.0,0.06177433492336491
log_dv q1 & r20 q4,-0.0002843225164170395,-2.0901403639229814,-1.0695219034352363,rejected,0.0,0.28483456452132516
close_loc q0 & intraday20 q4,-0.00017112588884756423,-1.9834140149966841,-1.1717893017845464,rejected,0.0,0.2412816589181677
atr_pct q2 & rel_ind60 q0,0.00015120939433523961,1.6432513210371502,-1.5026151777273682,rejected,0.0,0.13293830719524544
atr_pct q3 & vol_surge1 q1,0.0003064130499296378,2.03784499843875,1.104101477935516,rejected,0.0,0.2695491202452087
r5 q4 & r5_nonews q3,3.9975640059542506e-05,1.5408967307348564,-1.5993033868584534,rejected,0.0,0.10975320736329287
log_dv q1 & rel_ind20 q4,-0.00030003497177329337,-2.177192650708884,-0.9468757056545626,rejected,0.0,0.34370211883705626
days_to_earn q2 & max20 q4,-0.00017356246810177424,-2.0771628885531164,-1.0381577577669168,rejected,0.0,0.299196615324531
atr_pct q2 & ev_agreement q2,0.00029422217189276794,1.7472071373111517,-1.3605189747295696,rejected,0.0,0.1736657525093129
ind_mom20 q2 & log_dv q1,0.0002855834355367158,1.8320736670637676,1.2716561197135994,rejected,0.0,0.20349532781006088
days_since_earn q2 & ind_mom60 q3,-8.557238402859785e-05,0.3155116639264324,-2.7875204548187886,rejected,0.0,0.00531131011112666
days_to_earn q2 & ev_agreement q2,-0.0004208591661755882,-1.4757403193577303,-1.6243135978019028,rejected,0.0,0.1043088966194782
r20 q4 & vol_surge1 q4,8.571544873043734e-06,0.5584164466814496,-2.5391502400709114,rejected,0.0,0.011112209245358563
ind_mom60 q1 & log_dv q1,-2.7159093298788893e-05,-0.7951783819118279,2.301975584337111,rejected,0.0,0.021336549111696284
days_since_earn q1 & r20 q4,-0.00022014729328676314,-1.20769826759166,-1.8885788436259152,rejected,0.0,0.05894828405950761
earn_in_week q1 & min20 q4,-0.00016364407613399804,-2.6989661552761373,0.3840589506708531,rejected,0.0,0.7009347552660994
intraday20 q2 & r5 q1,0.000356827526141204,1.664056891624121,1.418732923501755,rejected,0.0,0.15597689478470395
ear_volsurge q3 & r5 q3,8.846797801351485e-05,1.1265673826888611,-1.946363703320676,rejected,0.0,0.051611066385257406
days_to_earn q2 & ear_volsurge q3,8.59013193168127e-05,1.2281156525145553,-1.8422339214539698,rejected,0.0,0.0654409406073971
dist_ma50 q4 & intraday20 q4,-0.0002891566760234101,-1.6336149651155745,-1.4349455293305957,rejected,0.0,0.15130262020682592
min20 q4 & r5 q1,0.00021630996580065856,0.7422642627317074,2.323315711380461,rejected,0.0,0.020162198403003404
close_loc q2 & log_dv q2,0.0001450206541363376,1.639063980505745,-1.422136537644124,rejected,0.0,0.15498661763243443
frog q0 & r5 q3,7.684569100684582e-05,1.1814723977173494,-1.8776504462482255,rejected,0.0,0.06042899983031605
atr_pct q2 & news5 q2,0.00022844571952925654,1.4515669046293433,-1.6035772947968556,rejected,0.0,0.10880725884109622
close_loc q0 & gap_today q1,4.807666247819611e-05,0.9803866578205693,-2.0727509249386937,rejected,0.0,0.03819546575038849
r5_nonews q4 & vol_surge5 q0,-0.00022507373295879092,-2.072702032246362,-0.9803543188296104,rejected,0.0,0.3269112505210776
overnight20 q2 & r5 q4,0.00011257401025780739,1.4113106387529555,-1.633166923594097,rejected,0.0,0.1024338944604294
dist_ma50 q4 & ear q1,-0.00016952691197961666,-1.4732467603085682,-1.5707624442637431,rejected,0.0,0.11623783852824598
dist_ma50 q4 & ind_mom20 q4,-0.0002165098162022829,-1.1946909610444503,-1.8469923941326107,rejected,0.0,0.06474824262451381
log_dv q1 & max20 q4,-0.0002437815107402221,-2.843154418424862,0.18662740690374233,rejected,0.0,0.851952776670631
r1 q2 & r5 q1,0.0002972633922122929,1.2049405541207792,1.8234934525442703,rejected,0.0,0.06822868783235242
max20 q4 & range_compress q2,-0.00011365244946384632,-1.7572240071076781,1.269712359373278,rejected,0.0,0.20418710866475567
days_since_earn q1 & rel_ind60 q2,0.00024934293097540153,1.0045363514109742,2.0188747141376444,rejected,0.0,0.04350024297028242
earn_in_week q2 & gap_today q0,-0.00016111488723370332,-1.2846002758841368,1.7381623020991404,rejected,0.0,0.08218221954357324
frog q0 & max20 q4,-0.00011933447589957552,-1.2223761239297295,-1.7980368245832201,rejected,0.0,0.07217117239301121
frog q3 & ind_mom20 q2,0.0003230978359390055,2.7180065713050383,-0.3005701758137367,rejected,0.0,0.7637422766242833
r5 q3 & range_compress q2,-0.0002755699120092087,-1.155598018386032,-1.8627886694507938,rejected,0.0,0.062492004788593465
days_to_earn q2 & r5_nonews q4,-0.0001159789344963966,-0.5459412159358488,-2.467571664146797,rejected,0.0,0.013603298870866245
r5_nonews q0 & vol20 q3,0.0002056654797601181,1.133168111700214,1.8635078058792227,rejected,0.0,0.06239085534022102
atr_pct q3 & earn_in_week q2,0.00035143705951420516,1.192191968059395,1.8041644670294044,rejected,0.0,0.07120552789497114
dist_ma50 q4 & ind_mom60 q1,-0.0001359197889821656,-1.0304715630916355,-1.9647696137960229,rejected,0.0,0.04944090861747694
r5 q1 & range_compress q0,-0.00010756124852038723,-1.5875366212371327,1.3989496513104196,rejected,0.0,0.16182808187555112
dist_52wh q3 & r20 q3,-0.00012671241176262857,-1.251477766615647,1.7194647490051733,rejected,0.0,0.08552978106991585
frog q1 & vol_surge1 q1,0.00022907406072836435,1.1676903537073104,1.7996681125610794,rejected,0.0,0.07191305901303285
dist_52wh q2 & r1 q1,0.00032749067783426983,1.6979153337684691,1.261730742834526,rejected,0.0,0.20704569063622957
ind_mom60 q1 & range_compress q0,-0.00015116861417907451,-2.065303533044197,-0.8608869192152366,rejected,0.0,0.38930032673655934
ev_agreement q2 & gap_today q0,-0.0001499851769289599,-1.2283082101712794,1.696092467967425,rejected,0.0,0.08986836984600528
ind_mom60 q1 & rel_ind60 q2,-6.772323319556198e-05,-0.9659075469410736,1.957328463182857,rejected,0.0,0.05030886313594174
gap_today q1 & ind_mom20 q4,-0.00013818677031313413,-0.3844431512123279,-2.531052358195656,rejected,0.0,0.011372087166322535
close_loc q0 & log_dv q3,-0.00016894856406561028,-0.5644539928403666,-2.346944143141781,rejected,0.0,0.018928092107835137
frog q3 & r5 q3,-0.000253063887346028,-1.1176354179457546,-1.793065971132819,rejected,0.0,0.07296237600908798
rel_ind20 q0 & vol_surge5 q2,0.00015015587344070048,1.8707301881495468,-1.0390148742822705,rejected,0.0,0.2987978186304282
days_to_earn q2 & earn_in_week q2,-0.0005428268488521489,-2.250849128259628,-0.6565479496030436,rejected,0.0,0.5114716264860651
log_dv q1 & r20 q2,0.00021285467663526917,0.8345935765789366,2.0694247318695878,rejected,0.0,0.03850624767952253
gap_today q1 & max20 q4,-7.96331282569238e-05,-0.5284908663200024,-2.3663737560069316,rejected,0.0,0.01796329947489294
rel_ind60 q2 & vol_surge1 q3,0.000321722787703305,1.531883361776817,1.3567924161665157,rejected,0.0,0.17484717788851897
rel_ind20 q4 & vol_surge5 q3,-3.4599227562919035e-05,0.5167305585243289,-2.370437511990701,rejected,0.0,0.01776704696624528
ev_agreement q2 & log_dv q1,-0.00012519820817018858,-1.0173183505610444,1.8661785479760744,rejected,0.0,0.06201638934508812
dist_ma50 q2 & rel_ind20 q4,-0.0001377030176750629,-1.3634363878701807,-1.519347131451071,rejected,0.0,0.12867514204698918
atr_pct q3 & ind_mom20 q2,0.00019303639704704628,1.1608624976753625,1.720345339148422,rejected,0.0,0.08536968655959719
r20 q4 & rel_ind20 q4,-0.00019504891731571134,-0.7163043820734071,-2.164520669149828,rejected,0.0,0.030424412048716373
range_compress q4 & skew60 q0,9.554552812792558e-05,-0.08052114914626432,2.797007954311242,rejected,0.0,0.005157826343570393
range_compress q2 & rel_ind20 q2,0.00022382160138337582,0.9545982911497802,1.9219260256669015,rejected,0.0,0.05461506651225353
ev_agreement q2 & range_compress q0,-0.0002347193022153063,-1.4155696936754472,-1.460755717639759,rejected,0.0,0.14408249228452202
ear_volsurge q1 & max20 q2,0.00030122433002929773,1.2019415456630795,1.6733671753706407,rejected,0.0,0.09425503561521952
ev_offering q2 & ind_mom60 q0,0.00039509316012733425,2.381744211745641,-0.48179080241353994,rejected,0.0,0.6299545638235536
days_to_earn q2 & dist_ma50 q4,-0.00016855721510957865,-1.3861510693802168,-1.4686941213333957,rejected,0.0,0.14191577268397074
dist_ma50 q4 & r20 q4,-0.00023318740423471343,-1.0626035545001586,-1.7890802690072916,rejected,0.0,0.07360188930755208
earn_in_week q2 & news5 q2,0.00021443404165317955,1.2259567253231756,1.6230438947544894,rejected,0.0,0.10458002183197126
ind_mom20 q4 & r5_nonews q4,-1.0516395441012015e-05,0.4438213836499231,-2.403158556293387,rejected,0.0,0.01625413816602857
atr_pct q3 & log_dv q1,0.00016285366299516286,0.5265426490606293,2.320361601162005,rejected,0.0,0.02032132429222843
max20 q4 & range_compress q0,-0.00014468287120066525,-1.5187427083147242,-1.3237792242295916,rejected,0.0,0.18557637798168808
close_loc q3 & frog q3,2.088817414914747e-05,0.7742593827644164,-2.060740313116048,rejected,0.0,0.03932782145957221
mom_12_1 q1 & rel_ind60 q2,0.00017751799327074376,0.6440423882810037,2.182666475957117,rejected,0.0,0.02906038043081382
dist_52wh q2 & overnight20 q4,-0.0002427859862623414,-2.3114420599346306,-0.5121208507416108,rejected,0.0,0.6085664326013691
frog q3 & vol_surge1 q4,5.754758915618625e-05,0.891653573751191,-1.9283078920595058,rejected,0.0,0.05381684075720295
log_dv q1 & max20 q0,0.0002589163284570351,1.0406579369576867,1.7782414101382347,rejected,0.0,0.07536421446667693
ind_mom20 q4 & rel_ind20 q4,-1.1605429415991685e-05,0.38435662502784196,-2.434448999554101,rejected,0.0,0.014914481478661968
frog q1 & max20 q0,0.0003830912306728891,2.420799618832075,0.39701119711761346,rejected,0.019321320083731757,0.6913592036315995
r5 q1 & vol_surge1 q2,0.00021502902498167546,0.553488472289452,2.262501757355372,rejected,0.0,0.02366642038544052
days_to_earn q2 & r5 q4,-0.00010610433202879558,-0.6537944744576318,-2.161762267595535,rejected,0.0,0.030636505280724483
ind_mom60 q1 & vol_surge1 q1,0.00013732844191283755,0.3655546135728201,2.4478372430441464,rejected,0.0,0.014371655892297677
earn_in_week q1 & ev_agreement q2,-0.00039740863534514284,-1.7917018148209702,-0.9970212068321666,rejected,0.0,0.3187542163985106
r1 q4 & r5 q3,-2.477484671112536e-05,0.5737933841234525,-2.211401571060882,rejected,0.0,0.02700804115367335
frog q0 & rel_ind20 q1,-0.00015240530862100908,-0.14307976185907448,-2.6399967897367183,rejected,0.0,0.008290681255244728
atr_pct q3 & vol_surge5 q3,-9.890764888891286e-06,-0.7172604973640602,2.058815467641163,rejected,0.0,0.03951191935192945
ear_volsurge q3 & frog q0,-0.0001982961277923899,-1.0397366111955157,-1.7322100174763528,rejected,0.0,0.08323617609570826
days_to_earn q2 & r20 q4,-0.00016303857849106284,-1.2281868553822004,-1.5401728458817034,rejected,0.0,0.12351822697005159
ind_mom60 q3 & rel_ind60 q2,-5.983139587352811e-05,-0.9643576456059502,1.803730241932574,rejected,0.0,0.07127360620714361
frog q1 & r20 q0,5.12163414644424e-05,-0.1299620471628269,2.6257439498456336,rejected,0.0,0.00864598289602201
earn_in_week q2 & frog q0,2.134749943267815e-05,0.6385566076122902,-2.1128707639309483,rejected,0.0,0.034611830828010934
atr_pct q2 & intraday20 q2,0.0001856454512609996,1.6086714433376452,-1.1416336891513108,rejected,0.0,0.2536063144767743
ear_volsurge q3 & ev_agreement q4,-0.00011444234977234661,-0.8434142695830591,-1.8941876164223346,rejected,0.0,0.058200111245596584
dist_ma50 q4 & ins_officer30 q2,-0.00033416188885820967,-1.5775233777198896,-1.1543433261096745,rejected,0.0,0.2483594403160522
atr_pct q3 & news5 q2,0.00026957447562133015,0.9315015803528752,1.7874249164599048,rejected,0.0,0.07386883747637028
ear_volsurge q3 & gap_today q1,-4.867328351132396e-05,0.37891801576158474,-2.339095673244172,rejected,0.0,0.019330482563451875
mom_12_1 q0 & range_compress q0,-0.00017341415896922785,-1.2899689721273109,-1.4214488042828715,rejected,0.0,0.15518632690551085
atr_pct q3 & range_compress q4,0.0002628926180151574,1.5886468039898811,1.119689063302605,rejected,0.0,0.2628462871914917
dist_ma50 q1 & vol_surge1 q0,-0.00027089624004821434,-1.5899809393804458,-1.1180630055561178,rejected,0.0,0.2635400850783753
range_compress q0 & rel_ind20 q4,-0.00010008155923348292,-0.7168551430392461,-1.9909046677405193,rejected,0.0,0.046491368952854474
days_to_earn q2 & log_dv q3,-0.0002517749526198323,-1.6023564610712175,-1.1002900977998145,rejected,0.0,0.27120574518500934
log_dv q3 & vol_surge1 q4,-0.00013245871692485402,-0.6598719216206568,-2.0425372057385,rejected,0.0,0.04109827272939783
ev_agreement q2 & overnight20 q2,0.00025697352876140605,0.6330922453683218,2.068890161946723,rejected,0.0,0.038556394993715166
max20 q4 & r5 q1,-8.835270424555102e-05,-1.412902579024653,1.2847862862037636,rejected,0.0,0.1988669758944049
mom_12_1 q4 & vol_ratio q4,0.00016390934046246877,1.4689366717465884,1.2267453263294472,rejected,0.0,0.21991832586365007
frog q3 & max20 q1,6.268655244656621e-05,0.9252107037251271,-1.7654636977783287,rejected,0.0,0.07748586618257858
ear_volsurge q3 & min20 q4,0.0002022026172661635,1.0436196763664753,1.6322311461695689,rejected,0.0,0.10263080180633971
days_to_earn q2 & r5 q1,0.0002340104399823178,1.0257421804391798,1.649537636337408,rejected,0.0,0.09903753931590122
days_since_earn q2 & r5 q3,-0.000167518863482523,-0.5423912851056143,-2.1311819753527743,rejected,0.0,0.033074153349355255
dist_ma50 q4 & ev_agreement q2,-0.00031175170797039176,-1.4257194020630275,-1.24559811896006,rejected,0.0,0.21291197322425587
days_since_earn q2 & ind_mom20 q4,9.217016276632709e-05,1.1182890869368742,-1.5510012040519388,rejected,0.0,0.12090139541442946
ear_volsurge q3 & ind_mom60 q1,0.00029263887907557455,2.339374746861176,-0.3249292130647132,rejected,0.0,0.74523464666996
days_since_earn q2 & days_to_earn q2,0.00015784336732532889,1.1823909043892584,-1.4771315385211474,rejected,0.0,0.1396403808884967
intraday20 q2 & r5_nonews q4,7.083726359506842e-05,1.124908674553423,-1.5291167586373606,rejected,0.0,0.12623550151613502
ev_agreement q2 & frog q1,0.00023228861181188236,0.4663119073189496,2.187322487240578,rejected,0.0,0.028718990257315568
ear q1 & rel_ind60 q2,-8.496976404152846e-05,-0.9552403608171868,1.696010984176861,rejected,0.0,0.08988379989791846
r60 q4 & vol_ratio q3,-0.0001908983888641334,-1.6090517630866508,-1.0417075663669364,rejected,0.0,0.29754727994603486
ear q2 & min20 q0,-0.000149125136413604,-2.2902489499469394,0.3603220302670718,rejected,0.0,0.7186063264627224
ear q0 & ev_agreement q2,0.00027648810133524534,0.985414882037329,1.6643340017146455,rejected,0.0,0.09604570111001491
r5_nonews q4 & range_compress q0,-5.5442120597094555e-05,-0.20016419424511198,-2.4469015754079013,rejected,0.0,0.014409018134986237
intraday20 q4 & log_dv q1,-0.00021368848336899781,-1.6146224335397927,-1.0304129173497738,rejected,0.0,0.3028162120250993
frog q3 & intraday20 q4,-0.0001564471464629905,-0.7711430234062082,-1.8738794484379764,rejected,0.0,0.06094704269404209
ind_mom20 q4 & log_dv q3,-0.0002084262446268313,-1.5388276745777762,-1.1025845546853335,rejected,0.0,0.27020762065749876
mom_12_1 q2 & r5_nonews q2,-7.549903052828432e-05,-0.881794034623699,1.7574651059670474,rejected,0.0,0.07883856447906389
ind_mom20 q2 & range_compress q2,2.2589948790232713e-05,-0.48134815603749,2.1536246610273815,rejected,0.0,0.031269618693574516
overnight20 q2 & r5_nonews q2,9.746529655366359e-05,-0.10187632289481113,2.5322162348783515,rejected,0.0,0.011334406975012102
intraday20 q2 & news5 q2,0.00015763177436229297,1.0858224735554822,-1.5440251165757368,rejected,0.0,0.12258224809242177
close_loc q0 & ear q1,0.00028254360429875384,2.319610864941996,-0.3089526118334777,rejected,0.0,0.7573575746995933
frog q3 & r1 q4,-0.00011747089686017979,-0.3419860790231791,-2.2845132115022744,rejected,0.0,0.022341387043583273
gap_today q1 & r5_nonews q4,-0.00015437762557259189,-0.8175230535121434,-1.808477613559511,rejected,0.0,0.07053219791522047
frog q3 & r5 q4,3.3352048774215144e-05,0.742283726081504,-1.8833955079366682,rejected,0.0,0.05964678867024839
ear q0 & news5 q2,0.0002886752567724253,1.2270227538687262,1.3963297467861848,rejected,0.0,0.16261521997656483
days_to_earn q2 & gap_today q1,-0.00037050480614994786,-2.189904780575737,-0.4331076157886209,rejected,0.011576886197661394,0.6649365902666129
close_loc q0 & earn_in_week q1,-3.171569732001487e-05,-0.06296691636744257,-2.558774186638513,rejected,0.0,0.010504194866186044
ev_agreement q2 & log_dv q3,-0.00036008036025070365,-1.2450899621624643,-1.3735252380603677,rejected,0.0,0.16958912079583005
ev_agreement q4 & gap_today q1,5.9343513693814175e-05,1.3513155153512602,-1.2672976416737642,rejected,0.0,0.20504888347179975
frog q0 & r1 q0,-0.00016998631403536857,-1.276152133442605,-1.3314052674337733,rejected,0.0,0.18305569715026726
atr_pct q2 & r5 q3,-0.00019199139429792257,-0.6748654647627305,-1.9310043651334403,rejected,0.0,0.05348251260096864
news5 q2 & rel_ind60 q2,0.000157814895641415,0.18445484886462965,2.4209805889062466,rejected,0.0,0.015478703791016395
ear q0 & min20 q4,0.00018383794121490838,1.3681898844831095,1.2355167127271969,rejected,0.0,0.2166382603860894
dist_ma50 q4 & earn_in_week q1,-8.661063872657055e-05,-0.5274504168091345,-2.075426697633977,rejected,0.0,0.03794700598823832
log_dv q3 & r20 q4,-0.00018863924431502044,-1.538805239377658,-1.059267441153227,rejected,0.0,0.2894779985088063
rel_ind20 q4 & vol_surge1 q4,2.6816542049839637e-05,0.6261669720288086,-1.9638432815488547,rejected,0.0,0.049548269061377256
atr_pct q4 & max20 q1,-9.886784866560974e-05,-2.2249109130966187,0.36393476944577424,rejected,0.0,0.7159067201676563
r20 q4 & r5 q4,-0.00015190677517192233,-0.709118528874597,-1.874752331467914,rejected,0.0,0.060826803834565485
range_compress q2 & rel_ind60 q0,0.00015384486285373251,1.6528029777771305,-0.9237955103407732,rejected,0.0,0.3555927931735558
ind_mom60 q1 & max20 q4,-0.00014749233633959817,-1.9639752984715626,-0.607958802224589,rejected,0.0,0.5432147981137412
r20 q4 & r5 q1,-0.0001529052458384488,-1.8907139672529887,0.6783862159234573,rejected,0.0,0.49752684651658785
ear q1 & intraday20 q2,0.0001267045929256751,1.2237728438981967,-1.3436043526576782,rejected,0.0,0.17907636124260104
overnight20 q2 & range_compress q0,-0.000203419273715976,-2.2582623754704962,-0.3086685568416361,rejected,0.013579472694030635,0.7575736645960662
gap_today q1 & intraday20 q2,0.0003795416640303744,2.3926472761276107,0.17235555712546638,rejected,0.005911718458145761,0.8631580095213386
log_dv q1 & rel_ind20 q2,0.00021839904415230479,1.0691884836514614,1.4950117336744075,rejected,0.0,0.1349113798913798
ear_volsurge q3 & intraday20 q2,7.684689050016936e-05,1.07717229858533,-1.485092252536636,rejected,0.0,0.13751938810734457
max20 q0 & rel_ind60 q2,0.00026184329127802806,1.4092059756278252,1.1504173744917003,rejected,0.0,0.2499720074372906
intraday20 q2 & vol20 q2,0.00033638151666106784,2.0015785841333873,0.5574872553135185,rejected,0.0,0.5771945643063676
ear q0 & frog q1,0.00025688253558041205,1.9133307886926312,0.6357586242907564,rejected,0.0,0.524933759356496
days_since_earn q2 & log_dv q3,8.573543389701041e-05,1.0360310182350148,-1.504195226681448,rejected,0.0,0.1325311064535951
ear_volsurge q3 & intraday20 q4,-0.00017630450098499384,-1.1426123731497004,-1.3967732970060114,rejected,0.0,0.16248175466453907
r20 q0 & range_compress q2,-0.00012097551755952868,-1.4175351755941572,1.1210666462441377,rejected,0.0,0.2622594947591741
max20 q4 & rel_ind20 q4,-0.00013513450488042002,-0.8489245028383569,-1.6840064694243013,rejected,0.0,0.09218041846395465
dist_52wh q1 & frog q3,0.00015157493473473885,1.7267791575420652,-0.79815521706372,rejected,0.0,0.42478042172286884
log_dv q2 & news5 q1,2.1229397319295428e-05,1.0562381908513023,-1.4683536644952055,rejected,0.0,0.1420081808912783
dist_52wh q2 & r1 q0,-0.00019385089129227837,-1.3760078773861384,-1.1395556265889744,rejected,0.0,0.254471480906669
ev_agreement q2 & ind_mom60 q1,-7.969286221524311e-05,-0.82610530386197,1.6857490010030312,rejected,0.0,0.09184415443433713
news5 q2 & r5 q1,0.00021948510352378593,0.5459245703098459,1.9635134810484907,rejected,0.0,0.049586539593164426
ear q0 & vol_surge5 q3,0.00019477016000893634,1.2185110735098137,1.2807771142149063,rejected,0.0,0.20027196474595582
dist_ma50 q4 & max20 q4,-0.00016274250163509109,-1.3213001144706147,-1.168835062227497,rejected,0.0,0.24247009087720256
dist_ma50 q1 & ev_offering q2,0.0005072568699579592,2.3079264541687436,0.18176747196852086,rejected,0.0012394613568225783,0.8557652128359974
ev_red_flag q2 & ins_officer30 q4,0.00015848364867232365,1.966642607986571,-0.521121472837575,rejected,0.0,0.6022821533548326
ind_mom20 q4 & vol_surge1 q4,-2.2912259882186606e-05,0.18118725228872545,-2.3058772611690417,rejected,0.0,0.021117491536471994
gap_today q0 & mom_12_1 q2,-0.00026674664778397294,-2.4027884421542707,-0.07643587071345692,rejected,0.0029769774579189953,0.9390723323651116
max20 q4 & rel_ind60 q2,-0.00010863321719874211,-1.7327756615370542,0.7457058259162958,rejected,0.0,0.45584513908939134
frog q1 & intraday20 q4,-0.00015960213250080108,-1.606501943507665,-0.8715778321282123,rejected,0.0,0.3834387284337619
mom_12_1 q2 & range_compress q2,-7.130957715319353e-05,-0.9618079187238918,1.5162074141556452,rejected,0.0,0.12946691391069606
ev_agreement q2 & range_compress q2,0.00012005308945538941,-0.15988261101955364,2.3157939159558425,rejected,0.0,0.020569523588659207
dist_ma50 q4 & range_compress q0,-0.000129081250712256,-1.1073885925072622,-1.3680052458174825,rejected,0.0,0.17131043409256003
r20 q4 & r5_nonews q4,-9.825382995874669e-05,-0.289201511150285,-2.1838590268502704,rejected,0.0,0.02897260859704525
min20 q4 & range_compress q2,0.00018637119920916442,0.6997411877062903,1.7702329888826478,rejected,0.0,0.0766883359552968
ev_agreement q2 & intraday20 q4,-0.00033028298989714905,-1.6095880841851031,-0.8579815789179251,rejected,0.0,0.3909026353401918
close_loc q0 & r20 q4,-7.223046267175549e-05,-0.7887170369667439,-1.674322328048639,rejected,0.0,0.09406726862331212
ind_mom20 q2 & news5 q2,0.00038206774298816366,1.9662940947628589,0.49620256584869765,rejected,0.0,0.619751500894527
frog q3 & r5_nonews q4,3.641120279535756e-05,0.7162293111756198,-1.7401815257659083,rejected,0.0,0.08182714849319417
ind_mom20 q2 & overnight20 q2,0.0003195214009517819,2.281383890897494,0.1746495345438647,rejected,0.006339635996589437,0.861355023767404
ins_opportunistic30 q2 & overnight20 q2,0.0002680367234622297,0.7838089077777792,1.669814061337507,rejected,0.0,0.09495615745738602
gap_today q0 & log_dv q3,-0.00011274730482994369,-1.3689012670163743,1.0837857529960775,rejected,0.0,0.27845980353764244
frog q0 & overnight20 q3,0.0001345189654574436,1.3564119597391417,-1.0958238165351613,rejected,0.0,0.2731558837095689
intraday20 q2 & r5 q3,-0.00014240542657588208,-0.2652594613045726,-2.1754050737317137,rejected,0.0,0.029599774632582062
mom_12_1 q1 & range_compress q0,-0.00012035961610900048,-0.7288196811669642,-1.7089720228015568,rejected,0.0,0.08745613194986684
intraday20 q4 & range_compress q2,-0.0001613634688100196,-1.6448703471572657,0.7864066029461384,rejected,0.0,0.43162931635873864
ev_red_flag q2 & frog q0,6.885076325612014e-05,0.7531652682574448,-1.6756365747012678,rejected,0.0,0.09380940016877803
days_to_earn q2 & intraday20 q4,-0.00019869150596198726,-1.4092499075445937,-1.0185107613189914,rejected,0.0,0.3084352893438949
earn_in_week q2 & range_compress q0,-0.0002211252647456002,-1.5460525244381103,-0.8787330857802778,rejected,0.0,0.37954601493220375
frog q1 & log_dv q1,-3.0823354266571834e-05,-0.6814002395936611,1.7387423559955753,rejected,0.0,0.08208009210311902
r5_nonews q2 & range_compress q4,0.00018263541029650153,0.7838074751371638,1.6336811598031584,rejected,0.0,0.10232581633747302
intraday20 q0 & news5 q1,-0.00011742288618652138,-0.8888198805506586,-1.527745666710461,rejected,0.0,0.12657569703042684
atr_pct q4 & min20 q2,-0.00014689615287099964,-2.086088516230683,-0.32960199995879225,rejected,0.01660395695976983,0.7417007112301723
r5 q4 & vol20 q3,-0.00013882111038619028,-0.6610933892005026,-1.7540734268939464,rejected,0.0,0.07941792628707206
days_since_earn q1 & log_dv q1,0.0003229811866688462,2.051613152253577,0.35890891568102423,rejected,0.018804099241302333,0.7196632296654
r5_nonews q0 & vol_surge5 q3,0.00022321967673311261,1.517862840382842,0.8924464388391655,rejected,0.0,0.37215368935900955
news5 q2 & range_compress q2,0.00024139021220497328,0.6268808032276274,1.7828318817499782,rejected,0.0,0.07461367425868198
gap_today q1 & max20 q0,0.00022921335278470106,1.2677786517881298,1.139152598733985,rejected,0.0,0.25463951223345627
overnight20 q2 & range_compress q4,0.00025579662415621806,1.2608378261141184,1.1432865920428363,rejected,0.0,0.25291962001887847
frog q3 & log_dv q1,0.00020747611108682721,1.6841363636671822,-0.717735208449599,rejected,0.0,0.4729205697701725
earn_in_week q1 & rel_ind60 q2,-0.00011760554252277227,-1.56819289962105,0.832158505759148,rejected,0.0,0.405319481820386
ins_opportunistic30 q2 & range_compress q2,0.00014144453402100307,-0.0776963849601739,2.3204744110249473,rejected,0.0,0.020315227623201655
log_dv q0 & r20 q1,-0.0001244972539898294,-0.23427742353307712,-2.161498034314821,rejected,0.0,0.030656888634071202
days_since_earn q2 & frog q0,0.0001526051602098278,1.409494396054137,-0.9801893954768035,rejected,0.0,0.3269926381292674
days_since_earn q1 & ear_volsurge q3,0.00010286696011579426,1.1333931245420874,-1.2559007080782512,rejected,0.0,0.2091519718233305
ear_volsurge q3 & rel_ind60 q0,-5.301241303037742e-05,0.4006096147451038,-1.9739083787993212,rejected,0.0,0.04839216186882925
atr_pct q2 & ind_mom60 q1,0.00018102506687898593,1.4893638269373646,-0.8831604657889823,rejected,0.0,0.377149578431656
gap_today q1 & rel_ind60 q2,7.415868916655642e-06,-0.5121380155515979,1.8590838826661407,rejected,0.0,0.06301524943626861
max20 q2 & r5_nonews q3,-0.00023447419922316737,-1.1356842330013222,-1.2325905988321133,rejected,0.0,0.21772854616923668
intraday20 q2 & log_dv q1,0.00023246509324801627,1.1682956737901788,1.1945950075093281,rejected,0.0,0.23224530078118938
ins_buyers30 q4 & vol_surge1 q3,0.0001163242697939225,1.4701728336295623,0.8914062802451165,rejected,0.0,0.3727112497362773
ind_mom20 q2 & r5_nonews q2,4.186600763330359e-05,-0.29878258309712796,2.061714457894119,rejected,0.0,0.03923492927232053
days_since_earn q2 & earn_in_week q1,5.6331744271797594e-05,1.1931901670873888,-1.1668508341689694,rejected,0.0,0.24327061395504873
frog q0 & mom_12_1 q0,-6.764611500952019e-05,0.0283041410700128,-2.3308538433031076,rejected,0.0,0.01976106782893133
dist_ma50 q1 & ear_volsurge q3,-8.31237305856988e-05,0.18983258759097169,-2.167832268736181,rejected,0.0,0.030171450701919175
earn_in_week q2 & rel_ind60 q2,0.00011954240621980243,-0.06672047498070592,2.287656118052056,rejected,0.0,0.022157555071896127
ear q1 & ev_agreement q4,-9.152233455037058e-05,-1.3973916974241578,0.9525162466459128,rejected,0.0,0.34083523039490077
days_to_earn q1 & r20 q2,0.00021317420151621008,1.061320519716907,1.2864228310592567,rejected,0.0,0.1982955346419556
range_compress q0 & rel_ind20 q1,-0.0001425142121311369,-1.7245295899752329,-0.6230341413543554,rejected,0.0,0.5332620863765387
r20 q4 & vol_surge5 q3,-0.00012388307581745887,-0.3057373758724239,-2.0417653988803273,rejected,0.0,0.041174808030774036
news5 q2 & rel_ind20 q2,0.00029228670779937505,1.0748094396930488,1.2712667697503413,rejected,0.0,0.20363375993546026
frog q1 & range_compress q2,0.00021197603919481594,1.1699925434249707,1.1748797388963694,rejected,0.0,0.24004283262945988
atr_pct q0 & skew60 q4,-1.920715845049284e-06,-0.5218642965888682,1.8221060550906438,rejected,0.0,0.06843889515574844
frog q1 & r5_nonews q2,1.540653844983538e-05,-0.4875303739800238,1.8545727212651644,rejected,0.0,0.0636572665547602
r5 q1 & rel_ind60 q2,0.00015240874158870473,0.20643658436246054,2.135134509485206,rejected,0.0,0.03275002450013252
dist_ma50 q1 & r120 q3,0.00017716367674978383,0.945815819511892,1.3943647407134236,rejected,0.0,0.16320748988012151
frog q1 & mom_12_1 q2,-0.00023307889738033932,-1.740643314291185,0.5980406753920885,rejected,0.0,0.5498127928337453
close_loc q0 & range_compress q0,-8.697341210045718e-05,-1.018708831567054,-1.31937664158229,rejected,0.0,0.18704322684267977
ear q0 & rel_ind60 q2,0.0001170227303155393,0.7799905585106853,1.5566224065771181,rejected,0.0,0.11956016077867004
days_to_earn q2 & ind_mom60 q1,-0.00010077638960965088,-1.0377390835518923,1.2966934654285958,rejected,0.0,0.1947366786240352
max20 q0 & overnight20 q2,0.00015176710927707843,0.5321803551151059,1.7993628915952349,rejected,0.0,0.07196129554349531
days_since_earn q2 & range_compress q0,-9.775870933919332e-05,-0.23278610439500236,-2.097238051686906,rejected,0.0,0.03597250761459165
ind_mom20 q4 & r5 q4,-6.0574468596518894e-05,-0.041764527056537395,-2.286117408721708,rejected,0.0,0.022247390801611214
ev_agreement q4 & overnight20 q2,5.343338033484302e-05,1.0890257299177308,-1.2383224585421855,rejected,0.0,0.21559651956330866
max20 q2 & vol20 q0,-0.0002271597899847084,-1.3387042804029359,-0.9861735130472175,rejected,0.0,0.32404797448082356
frog q0 & range_compress q0,-5.740856708167309e-05,-0.6203329419338734,-1.699129036130736,rejected,0.0,0.08929487353696129
dist_ma50 q4 & vol_ratio q3,-0.00021450940059153582,-1.6893447931859358,-0.6286098726172334,rejected,0.0,0.529604495339604
frog q0 & r5_nonews q3,0.00016528270722954966,1.6372288003729034,-0.6799243888040082,rejected,0.0,0.49655233807469096
close_loc q0 & frog q0,1.4802332900327006e-05,0.5735170040224004,-1.7404421176115532,rejected,0.0,0.0817814154351004
dist_ma50 q4 & r5 q4,-0.00017946733941448542,-1.0551970160163864,-1.2583012123756705,rejected,0.0,0.2082828428824018
overnight20 q3 & rel_ind60 q2,-4.086838079492105e-05,-0.6717628203282834,1.635996678165845,rejected,0.0,0.10184028262123275
r1 q4 & r20 q4,-0.0001416872088864544,-0.8496619963463077,-1.455224806177866,rejected,0.0,0.14560703560556804
dist_ma50 q4 & vol_surge1 q4,-1.9287398891034783e-05,0.17782474790508726,-2.1268109024775432,rejected,0.0,0.033435798074752866
ear q1 & ev_agreement q2,-6.316064727734563e-05,0.2582814873727811,-2.0423156313341186,rejected,0.0,0.04112023254590396
days_since_earn q4 & news5 q1,-0.00017304374937701677,-1.1959336753868486,-1.1043883607903773,rejected,0.0,0.26942470755475967
earn_in_week q2 & overnight20 q2,0.0002868360947227151,0.9538647853906785,1.341459844935589,rejected,0.0,0.1797711986609687
atr_pct q3 & mom_12_1 q2,0.00015364199741087713,0.844131780822313,1.4511486722560898,rejected,0.0,0.14673846585345018
days_to_earn q2 & frog q3,7.186109593405394e-05,0.831551831939467,-1.4617341405054052,rejected,0.0,0.14381407782523203
rel_ind60 q2 & vol_surge1 q4,-0.00011107744405266274,-1.1079371747031885,1.1843134988301418,rejected,0.0,0.23628898726580577
atr_pct q1 & ear_volsurge q4,-8.16410482477368e-05,-1.0001937049321732,1.2906619544183728,rejected,0.0,0.19682092266931192
ind_mom60 q3 & r20 q4,-0.00010579602038493066,-0.40415374540757165,-1.8834296725923194,rejected,0.0,0.05964216227128365
ind_mom60 q3 & range_compress q2,-1.334482000327555e-07,-0.6259746279132397,1.6594589017658232,rejected,0.0,0.09702335564313026
ind_mom60 q3 & r60 q1,-6.162730547792466e-05,0.1991276285110251,-2.0831370747751445,rejected,0.0,0.037238730815863756
intraday20 q1 & max20 q1,0.00033980806702599146,1.9660967571725365,0.31532017476101243,rejected,0.012684449946750151,0.7525185685000714
earn_in_week q2 & r5_nonews q2,0.00021904529745453124,0.5759453034311359,1.7023505814804318,rejected,0.0,0.08868966810171186
frog q0 & vol_surge1 q4,-3.4635930841281404e-05,0.034060307680422244,-2.2437326311667545,rejected,0.0,0.024849609263636756
r5 q3 & range_compress q0,5.46763313519239e-05,1.0465235579725731,-1.2294655074032415,rejected,0.0,0.21889732253851352
ind_mom60 q1 & intraday20 q2,0.00028021687705356613,1.6694198113854952,0.602310871025173,rejected,0.0,0.5469672258933452
r5 q0 & rel_ind60 q1,0.00023092535089843435,1.7490471706861617,0.521304337846328,rejected,0.0,0.6021547796372374
r5_nonews q2 & rel_ind60 q2,0.00016910383113515732,0.5409334137713017,1.7290121773214808,rejected,0.0,0.08380691567167405
gap_today q1 & rel_ind60 q0,-4.585857058514108e-05,0.2721748080405721,-1.9963680799722858,rejected,0.0,0.04589387260244986
days_since_earn q2 & vol_surge1 q3,0.00015537511968448576,1.4366523304248837,-0.8236059186299095,rejected,0.0,0.410163511899567
days_since_earn q0 & r5_nonews q3,0.00016057201578688286,1.576853346584488,-0.6816804280190294,rejected,0.0,0.4954410459153932
atr_pct q0 & r5 q1,0.00017878719165883216,0.6909028983446088,1.5625705818200728,rejected,0.0,0.11815363224293618
ear q2 & r1 q0,-0.00019112582087581643,-1.8624829907784943,-0.3906939072063571,rejected,0.017316366006586512,0.6960235029845058
ev_agreement q4 & rel_ind60 q4,-3.175137568529338e-05,-0.3481770407625639,-1.8978054113883316,rejected,0.0,0.057721720113500775
atr_pct q3 & days_since_earn q1,0.00021786899439088107,1.3345900571262548,0.9097882661374006,rejected,0.0,0.36293418391633464
frog q3 & ind_mom60 q1,-3.087081124446382e-05,-0.6033363793304526,1.64010183296682,rejected,0.0,0.1009839953826408
close_loc q3 & vol_surge1 q3,0.00010378095850983995,1.1375472313181616,-1.1045917649572263,rejected,0.0,0.26933652100382705
close_loc q0 & r5_nonews q2,0.00016131680241822515,1.0193645033825423,1.2218217085271037,rejected,0.0,0.22177505734104297
ear q0 & rel_ind60 q0,0.0002178770674249326,1.4288650067681705,0.8093374913629007,rejected,0.0,0.41832104665254777
atr_pct q2 & mom_12_1 q1,-3.0571865619741226e-05,-0.7679280130926103,1.4688661314364577,rejected,0.0,0.14186910255456356
days_to_earn q1 & rel_ind60 q3,0.00023002871086541657,1.3715820804252856,0.8601149387289577,rejected,0.0,0.389725687213047
ear q0 & frog q2,6.875161346608408e-05,0.0976464331256933,2.1327175141940766,rejected,0.0,0.03294790629025411
atr_pct q3 & rel_ind60 q2,0.00015633747039819491,0.6844218009430225,1.5458907454129331,rejected,0.0,0.12213095599427647
ev_agreement q2 & rel_ind20 q4,-0.00022035388234182236,-0.8549273860798695,-1.3745632206175604,rejected,0.0,0.16926689769206152
mom_12_1 q3 & vol_ratio q0,0.00020778896999445253,1.3297215128224096,0.8945407361639618,rejected,0.0,0.37103264433622984
ev_agreement q4 & ind_mom60 q1,4.865484574698912e-05,1.0476681464161997,-1.1758129166102433,rejected,0.0,0.23966964369258634
ind_mom60 q1 & min20 q0,-0.00011342114988853387,-1.7816725375714517,0.43974898725123573,rejected,0.0,0.6601189183037215
intraday20 q2 & r1 q1,0.00013123202543797186,1.080324650460393,-1.1410357038523231,rejected,0.0,0.2538550654720554
atr_pct q3 & range_compress q0,-0.0002713437644573254,-2.1631850902754426,-0.05735559196658546,rejected,0.006274643488461354,0.9542619372104542
rel_ind60 q2 & vol_surge1 q1,0.0001517268697071753,0.39865562537225235,1.821803334669815,rejected,0.0,0.06848483160379919
earn_in_week q2 & rel_ind20 q4,-0.00023681657147991072,-0.9786707493859793,-1.2385507178024373,rejected,0.0,0.21551192854060583
r5 q1 & range_compress q4,0.00021724051904932406,1.0285494201914605,1.1886711348463987,rejected,0.0,0.23456910356412958
ind_mom20 q4 & vol_ratio q1,0.0001307774001987639,1.3501874884419127,-0.8638700611131263,rejected,0.0,0.3876592750716238
atr_pct q2 & r5 q4,4.182387399845486e-06,0.5751800953465375,-1.6354972571815596,rejected,0.0,0.10194484920038459
intraday20 q4 & r5 q4,-0.00016125610166970673,-1.0708357876445413,-1.1391877754111106,rejected,0.0,0.2546248432166213
ind_mom60 q1 & log_dv q3,0.00013409307172920377,0.5161591856207687,1.6938211804468826,rejected,0.0,0.09029926804773043
atr_pct q3 & frog q3,0.0001111948269222256,1.2312130080944719,-0.9744699005096271,rejected,0.0,0.32982327711130044
atr_pct q3 & days_since_earn q2,0.00024252002189142214,1.2891561125086652,0.9163735890630026,rejected,0.0,0.3594709828318702
close_loc q1 & dist_ma50 q4,2.5532559888655297e-05,0.6431725387471644,-1.562024080731702,rejected,0.0,0.11828231607590751
ear q0 & ev_agreement q4,9.883160228412027e-05,2.020558990859933,-0.1797603296517361,rejected,0.0,0.8573407285695775
vol20 q1 & vol_surge5 q0,-0.0002849397286165231,-1.347264985320523,-0.8475549912549437,rejected,0.0,0.39668584936372187
ind_mom20 q4 & r20 q4,-0.000105597392751274,-0.3630670419520181,-1.8298924853282243,rejected,0.0,0.0672660173612366
dist_ma50 q4 & r5_nonews q4,-0.00012926183825522598,-0.7375156108966415,-1.4537321105883512,rejected,0.0,0.14602059198121903
days_to_earn q2 & ind_mom20 q4,2.5037608581582225e-05,0.5430725723639152,-1.643309060023137,rejected,0.0,0.10031900472972309
dist_ma50 q4 & news5 q2,-0.00023956210638814625,-1.321736193972118,-0.861528285650532,rejected,0.0,0.38894714938921005
earn_in_week q1 & r5 q4,-0.00011435728208630094,-1.2881674989444656,-0.8949158776403614,rejected,0.0,0.3708320584530999
ear q0 & ind_mom60 q1,0.00014551935670831026,1.2785838530671043,0.8990328996160711,rejected,0.0,0.36863513695145395
r20 q2 & range_compress q2,0.00030301661289068566,1.762542585202217,0.4099561026801284,rejected,0.01610412876856592,0.6818381492983341
r5_nonews q4 & rel_ind60 q0,-5.434208437018843e-05,-0.17461080426777853,-1.9954684487515129,rejected,0.0,0.045991811992025726
atr_pct q3 & gap_today q0,2.276138453127339e-05,-0.34607881653786277,1.8237017085328595,rejected,0.0,0.06819718042661263
range_compress q1 & rel_ind20 q3,-0.00021468518438541847,-1.1361033706813366,-1.0294880335829826,rejected,0.0,0.30325040007313386
overnight20 q2 & r20 q2,0.00020816502895384603,0.9780133500711363,1.18699793177915,rejected,0.0,0.23522843630751997
ev_agreement q4 & intraday20 q4,-2.6422997713542092e-05,-0.13385841474367835,-2.028621271787878,rejected,0.0,0.04249688023739075
ear q0 & earn_in_week q2,0.0002712995814958421,1.2487238187370733,0.9128249093267483,rejected,0.0,0.3613346353792704
ear q1 & vol_surge1 q4,3.5112596478638046e-05,0.6998629133407223,-1.4594809220413945,rejected,0.0,0.14443278779004923
ind_mom60 q3 & intraday20 q4,-6.239643219519919e-05,0.042170552248191544,-2.115424583395186,rejected,0.0,0.03439377639074747
log_dv q1 & r5_nonews q2,0.00011796643377714738,0.2843513046144895,1.8715415033300549,rejected,0.0,0.061270062816084284
range_compress q2 & rel_ind20 q1,0.00021688869369415435,0.9950395642115393,1.159728349438159,rejected,0.0,0.24615942409309371
ear_volsurge q3 & mom_12_1 q0,-9.7618968344394e-05,-0.2302481273615458,-1.9231705992913093,rejected,0.0,0.054458628304348035
gap_today q0 & overnight20 q3,0.00010461249363823026,0.5949946383230474,1.558155120972735,rejected,0.0,0.11919648074110177
r5_nonews q2 & vol_surge1 q4,-5.756993469480563e-05,-0.9500152183378594,1.1950707103725648,rejected,0.0,0.2320594044250402
earn_in_week q2 & frog q1,0.00017580240794272907,0.30963998928572173,1.8344964102381738,rejected,0.0,0.06658034017590307
frog q1 & rel_ind20 q2,0.00019074455931569292,1.5586383722965063,-0.5832098838629739,rejected,0.0,0.5597520183070102
earn_in_week q1 & max20 q4,3.489384237429957e-05,0.9073832464734921,-1.232153824733424,rejected,0.0,0.21789162833236697
gap_today q1 & intraday20 q4,-0.00018788905123350244,-1.2001572788362034,-0.9359252945547498,rejected,0.0,0.3493116527076325
mom_12_1 q1 & overnight20 q2,0.00022343280237018613,1.511998026765753,0.6238320816258172,rejected,0.0,0.5327378682049078
ind_mom60 q1 & r1 q0,-0.00011935188134356293,-1.5535077364050627,0.5810030738667071,rejected,0.0,0.5612383818607997
ear q1 & vol_surge5 q3,0.0001112406720133289,1.0254229005264073,-1.1050345253078904,rejected,0.0,0.2691446292826313
ear_volsurge q3 & ind_mom60 q3,-9.154911105899822e-05,-0.04257058136794002,-2.0872748623977664,rejected,0.0,0.03686329572210363
news5 q1 & rel_ind20 q2,0.00016679642913541035,1.191139396076643,0.9378808356387696,rejected,0.0,0.3483056529048347
ind_mom20 q4 & intraday20 q4,-0.00016719165785868603,-0.894687447777123,-1.2333913018939597,rejected,0.0,0.21742980860139868
news5 q2 & r20 q4,-0.0001912500473802646,-0.8960815123755513,-1.2314418086925645,rejected,0.0,0.21815766819793506
ear_volsurge q3 & log_dv q2,6.532344434723747e-05,1.015038749778233,-1.1089928707631271,rejected,0.0,0.267433257511321
ear_volsurge q3 & range_compress q0,3.015896486800387e-06,0.5552186397817902,-1.5671140549628595,rejected,0.0,0.11708803452231493
atr_pct q0 & rel_ind60 q2,0.00021505904247005997,1.131523334096426,0.981599221704187,rejected,0.0,0.3262973310736122
frog q1 & rel_ind60 q1,0.0001701382238878613,1.26053605717533,0.849869283351647,rejected,0.0,0.39539776478794425
ind_mom20 q4 & mom_12_1 q2,-0.00018986213835985694,-1.1341733247806005,-0.9737272831638326,rejected,0.0,0.33019196686427243
ear q2 & ind_mom60 q4,-0.00015093786957254897,-1.2961807509729921,-0.8107599563270086,rejected,0.0,0.4175035345665454
r5 q3 & vol_surge1 q2,-0.00012096014988783011,-0.21067208265345605,-1.891779648686557,rejected,0.0,0.058520345944971325
earn_in_week q1 & r5_nonews q4,-8.099234872327053e-05,-0.826284357697305,-1.2755985710525213,rejected,0.0,0.20209745950094482
earn_in_week q4 & r5 q1,-2.077273358314442e-05,-0.8542326159212756,1.2462195431946794,rejected,0.0,0.21268380612664292
rel_ind20 q1 & rel_ind60 q2,0.00029314720522345786,1.5451385068107613,0.5504772174450255,rejected,0.0,0.5819920989602534
intraday20 q0 & r1 q2,2.9175347437256436e-05,-0.3210538864944173,1.7706087341476802,rejected,0.0,0.07662578853000632
news5 q2 & vol_surge5 q3,0.00045039828141726576,2.069097517652734,-0.022364484704000254,rejected,0.0,0.9821572103619698
dist_52wh q3 & r60 q2,-0.0001171362094069228,-0.9666937154330578,1.1243809439326238,rejected,0.0,0.2608514526715405
frog q1 & vol_surge1 q4,0.00013612137017411763,1.0598135217945652,1.0247628579034926,rejected,0.0,0.30547509567689596
overnight20 q2 & rel_ind20 q1,0.00019328372645462883,0.7881277700337938,1.2957829088950674,rejected,0.0,0.19505028792283052
max20 q0 & r5 q1,0.00018831695481162525,0.746395193968913,1.333504569604018,rejected,0.0,0.18236627691654514
days_to_earn q2 & r5_nonews q2,5.772755346436692e-05,0.020193990358699072,2.0593497074912004,rejected,0.0,0.039460749883718574
news5 q2 & vol_surge1 q4,0.00018212400638172475,1.2269220543225572,-0.8519468643915908,rejected,0.0,0.3942435842767655
frog q1 & news5 q2,0.00022460477032776194,0.7337476634807691,1.3444340286441547,rejected,0.0,0.17880807616839428
r5_nonews q4 & vol_surge1 q4,6.554575743003842e-05,0.9749759353300108,-1.103098647753263,rejected,0.0,0.2699843280246525
close_loc q0 & gap_today q0,-5.199133964041758e-05,-0.8775079959250768,1.1997200416670744,rejected,0.0,0.23024808671608954
ind_mom60 q1 & overnight20 q2,-2.233884329568418e-05,-0.5661770423992811,1.5055270717615437,rejected,0.0,0.13218862218014826
ind_mom20 q4 & ind_mom60 q1,7.816698523612474e-05,1.0902222578053387,0.9805153094031607,rejected,0.0,0.3268318163812215
ev_agreement q4 & frog q1,3.127595165501142e-05,0.7923955856990246,-1.2774952042700034,rejected,0.0,0.20142747246286924
ev_agreement q2 & vol_surge1 q1,0.00017025624990758462,0.20471738223568922,1.8567577581304748,rejected,0.0,0.06334562602607655
days_since_earn q2 & ear q1,-0.0002365721226050256,-1.4523470203654754,-0.6053191045630113,rejected,0.0,0.544966989880524
overnight20 q2 & r5 q1,5.956493795146244e-05,-0.22097790590524197,1.8365343107700267,rejected,0.0,0.06627867245677813
max20 q0 & range_compress q2,0.0001913786249491618,0.8801517593218473,1.1761010348981942,rejected,0.0,0.23955450443145074
frog q0 & r1 q4,5.252830028312636e-06,0.35288894225005063,-1.703257338504159,rejected,0.0,0.08851992051094155
days_to_earn q2 & range_compress q2,-0.00014816668049944448,-1.1628822811345325,0.8928823922998375,rejected,0.0,0.37192015732404493
atr_pct q2 & r1 q1,0.00028080759068407115,1.62268695383156,0.43190785218351,rejected,0.013309557031824569,0.6658083875722705
gap_today q0 & r1 q4,-5.111221187461393e-05,-0.5259353363464557,-1.5275027041726115,rejected,0.0,0.12663605530759542
r5 q3 & vol_surge1 q4,-9.844105738760773e-05,-0.323346731018018,-1.7264259917545521,rejected,0.0,0.08427080309379399
dist_ma50 q4 & vol_surge5 q3,-3.0228607532693718e-05,0.2516590592806909,-1.7971615600222204,rejected,0.0,0.07230997509110267
gap_today q0 & r5 q1,0.000128568538726216,0.7644378305355906,1.2828127309991293,rejected,0.0,0.19955769278566193
close_loc q0 & vol_surge1 q4,6.643069455232556e-05,0.9786836819427263,-1.067700933628766,rejected,0.0,0.28565543717312886
ear_volsurge q0 & ind_mom20 q4,-0.0002261618504587556,-2.0317867484866006,0.014558506983234186,rejected,0.0,0.9883844023724154
atr_pct q2 & mom_12_1 q2,2.4638055360601823e-06,0.5044542440788888,-1.5408794575789704,rejected,0.0,0.12334612630751524
log_dv q3 & mom_12_1 q2,-0.00013377076251738486,-1.1483342734368795,0.8938534189046483,rejected,0.0,0.37140032339187734
mom_12_1 q1 & range_compress q2,0.00011582747281903974,0.3725610299973293,1.6657347324665053,rejected,0.0,0.09576626088227304
frog q3 & r20 q4,-7.01941112450401e-05,-0.18908606965893385,-1.848025609290859,rejected,0.0,0.06459863818645387
frog q3 & news5 q2,0.00019477998028600763,1.1107586886341139,-0.9243849854142422,rejected,0.0,0.35528590921621267
ind_mom20 q3 & log_dv q3,-0.00015316367098041725,-0.7917683040014581,-1.2422038882025292,rejected,0.0,0.21416134545663024
atr_pct q3 & ev_agreement q2,0.00018401565525157928,0.4512504261111731,1.5825962593816585,rejected,0.0,0.1135135166381371
days_since_earn q1 & overnight20 q2,0.0002646617168941466,1.6653928507997533,0.3670599011776143,rejected,0.01783139700660863,0.7135743369612383
ind_mom60 q3 & r5 q1,2.350888857679847e-05,-0.32698094162575725,1.7010350221695842,rejected,0.0,0.08893641096962587
gap_today q3 & rel_ind60 q0,7.761515939515159e-05,0.9960108052914326,-1.0303749428156486,rejected,0.0,0.3028340310838756
min20 q4 & range_compress q4,0.0001610576294609706,0.8018994603754293,1.2204549551333466,rejected,0.0,0.2222924554908025
gap_today q4 & range_compress q0,-4.6161013077881396e-05,-0.3050366338443003,-1.7164671671828464,rejected,0.0,0.08607657228832583
gap_today q0 & r20 q0,-5.4555668747783655e-06,-0.38324063990277046,1.6379378289135507,rejected,0.0,0.10143466363492341
ins_buyers30 q4 & intraday20 q2,8.717021549042075e-05,1.4567313037701526,-0.562875149096286,rejected,0.0,0.5735199033472149
ear_volsurge q3 & rel_ind20 q2,0.00017039351079417765,1.1755557385444315,0.8404721286189734,rejected,0.0,0.40064372234302664
r5_nonews q3 & vol_surge5 q4,-0.00010222483181892003,-0.3901699615817661,-1.6167857656684734,rejected,0.0,0.10592453305154273
days_to_earn q1 & ind_mom20 q0,0.00018647224243211483,1.7249201383530988,-0.27787445601805094,rejected,0.0,0.781108733118219
close_loc q0 & overnight20 q2,0.0001177840597040633,1.086012728265794,-0.9155729452231975,rejected,0.0,0.35989092681704066
min20 q4 & vol_surge1 q1,0.00014678749480927036,0.4632701391904049,1.5343371846353755,rejected,0.0,0.12494672230086333
frog q4 & vol20 q1,0.00021933495261142882,1.0552439489088934,0.9414313399931932,rejected,0.0,0.34648385937963255
ind_mom60 q1 & vol_surge5 q3,0.00012313384229059807,0.22996364911642744,1.762532856801302,rejected,0.0,0.07797931005845495
close_loc q0 & rel_ind60 q2,-1.257237115513912e-05,-0.48555325295972646,1.5062904795254932,rejected,0.0,0.13199262106115878
dist_52wh q3 & vol_surge5 q1,2.3957031682913747e-05,0.5224343858550652,-1.4675906419357954,rejected,0.0,0.14221545148416806
atr_pct q3 & r5 q3,-4.809512123567343e-05,0.20697728384092826,-1.7820041121776278,rejected,0.0,0.07474856114835257
mom_12_1 q0 & r20 q3,-0.00010017432446425541,-0.4658809549221076,-1.5185170772292431,rejected,0.0,0.12888409776254978
range_compress q2 & vol_surge1 q2,-5.665791036597947e-05,-0.7733756967542987,1.2076843378672466,rejected,0.0,0.22716870470586514
log_dv q3 & overnight20 q2,0.0001600657169470421,1.3153289671833763,-0.6654203162030026,rejected,0.0,0.5057816941369169
earn_in_week q2 & min20 q4,0.00020776827367619387,0.9188452567477953,1.061824399050668,rejected,0.0,0.2883154110516816
log_dv q1 & r20 q0,-2.2572773960315155e-05,-0.5474557139181557,1.4323621515164975,rejected,0.0,0.15204020446173863
ind_mom60 q1 & min20 q4,0.00015449978422361403,0.62072018081456,1.3573849494938313,rejected,0.0,0.1746589278759972
frog q1 & ind_mom20 q2,0.0001172587068252173,0.5443778454857728,1.4329066454906367,rejected,0.0,0.15188451788294202
gap_today q0 & r5_nonews q2,1.5845172257661648e-05,-0.36431456941472795,1.6114439393774065,rejected,0.0,0.10708299680170615
range_compress q4 & rel_ind60 q2,0.00020335498540684566,1.0328157076841018,0.94252190979317,rejected,0.0,0.3459254991919609
ev_agreement q2 & news5 q2,8.382633973598089e-05,0.31116885952491385,1.6635195103754794,rejected,0.0,0.09620848872345837
atr_pct q2 & overnight20 q2,9.197836831081741e-05,0.9617488236765014,-1.0097745546705759,rejected,0.0,0.3126033136918907
r5 q1 & rel_ind20 q2,0.00016607471641102523,0.5762474899206047,1.3947679969552829,rejected,0.0,0.16308581249341095
dist_ma50 q4 & rel_ind20 q4,-9.226564415342962e-05,-0.2551341215245525,-1.7119323555983688,rejected,0.0,0.08690913513631614
earn_in_week q2 & gap_today q1,1.3142253064500876e-05,0.4330197125844708,-1.5330625532808027,rejected,0.0,0.12526044308787693
dist_ma200 q1 & ev_shelf q2,0.0003542481308887666,1.5164554351617439,0.4452174421065515,rejected,0.01692255896491464,0.6561626230395362
r5 q1 & vol_surge1 q1,0.00016413196390226164,0.767310268360652,1.1934333867498341,rejected,0.0,0.23269968595335216
range_compress q2 & rel_ind20 q4,-0.00020017927600657524,-1.5464720666448208,-0.41284468507327404,rejected,0.01586987074119054,0.6797204101569838
atr_pct q2 & gap_today q0,0.00020668135274627903,1.5973016881097966,-0.36115217111484765,rejected,0.0,0.7179856944234417
atr_pct q3 & ear q0,0.00011012873122210834,0.4412428303312534,1.5165093444364308,rejected,0.0,0.12939060929599608
earn_in_week q1 & frog q1,0.00020352492425833177,1.9480849628322605,0.005457231329401612,rejected,0.00038090052631497906,0.9956457809899888
r20 q4 & rel_ind20 q2,-8.800523936686569e-05,-1.40758231523446,-0.5427039308623758,rejected,0.0,0.5873336673326803
days_since_earn q4 & ev_offering q2,-0.00030464457770798894,-1.4974222360418703,-0.4525020668086184,rejected,0.010929731900460071,0.6509073326421411
frog q1 & overnight20 q3,0.00020481225212025503,1.2098938689216219,0.739812732742206,rejected,0.0,0.4594136319609863
min20 q4 & r5_nonews q2,6.95928475365277e-05,-0.03558775206447268,1.912609297654734,rejected,0.0,0.055798088507407854
gap_today q2 & vol_surge1 q3,0.00019282596142391442,1.4954144791477222,-0.44925565451590094,rejected,0.0,0.6532472436566281
atr_pct q2 & r20 q4,-0.00015521309014817903,-0.7213802227762075,-1.2231790909654965,rejected,0.0,0.2212620610997988
days_since_earn q2 & ev_agreement q2,5.585629753630758e-05,0.6016635521719697,-1.3427267427884841,rejected,0.0,0.17936047195182903
ear_volsurge q3 & range_compress q4,0.00019297220356466493,1.4722171088957257,-0.46372633724307194,rejected,0.0,0.6428438252235917
days_since_earn q2 & r5_nonews q4,-0.00011416669323554268,-0.47974832308574195,-1.4539237547930326,rejected,0.0,0.145967446059388
range_compress q2 & vol_surge1 q1,0.00020643373156637752,0.9133718496966269,1.0201762026613963,rejected,0.0,0.30764490169292824
gap_today q1 & range_compress q0,-5.303180139737045e-05,-0.0671216351688708,-1.864441308244581,rejected,0.0,0.06225975648490502
close_loc q0 & days_since_earn q2,8.816141339425021e-05,1.023045951072157,-0.9076346328207459,rejected,0.0,0.36407129020836926
ear q0 & range_compress q2,0.00013552818918694047,0.7132726081934265,1.215728786972524,rejected,0.0,0.2240882543226378
r20 q4 & vol_ratio q1,4.4362847950850696e-05,0.7071367475069849,-1.2175973298140506,rejected,0.0,0.22337702963563524
ear_volsurge q3 & vol_surge1 q2,0.00016013178429687602,1.412110256467976,-0.5122348442179954,rejected,0.0,0.6084866594662375
atr_pct q0 & ear_volsurge q3,0.00022944927373092611,1.5917130306497442,0.3318153763619053,rejected,0.015152210670264094,0.7400286728296638
ear_volsurge q3 & r20 q4,-0.00014126057699964976,-0.8947324011859425,-1.0277956384161602,rejected,0.0,0.3040459683746382
close_loc q0 & dist_ma50 q4,-5.224576642009666e-05,-0.5986275959915504,-1.3215065136984776,rejected,0.0,0.18633253208361875
log_dv q1 & range_compress q4,0.0002447425140017396,1.3987600668996818,0.5166073772814387,rejected,0.0,0.6054302647882905
ear q0 & gap_today q0,8.152584151507295e-05,0.45121039747973596,1.4624170116700401,rejected,0.0,0.14362697049988277
earn_in_week q1 & vol_surge5 q3,-0.00011497042701220888,-0.6805868130067678,-1.2319207138861301,rejected,0.0,0.21797870289661764
ear q0 & vol_surge1 q1,0.0001615611579374119,1.077834869056818,0.8338600472648567,rejected,0.0,0.4043598532821018
ear q0 & vol_ratio q1,0.00012957640528073023,1.098904335594301,0.8108430039282325,rejected,0.0,0.41745583496334104
gap_today q1 & r5 q4,-7.295788909125191e-05,-0.1479176233362684,-1.7609703550158389,rejected,0.0,0.07824342067704781
frog q1 & overnight20 q2,0.000209003206027538,1.453847708261335,0.4545440651302573,rejected,0.00967912399716905,0.6494372835128928
r20 q4 & range_compress q2,-0.00022755485308107717,-1.8471666803830549,-0.05824162823920486,rejected,0.0055977859028819655,0.9535561624399778
ev_agreement q2 & frog q3,2.8572886269721562e-05,0.48841975074897004,-1.4160245859388312,rejected,0.0,0.15676830621246723
ear q0 & vol_surge1 q2,0.00015034096670180587,0.9285970281094017,0.972505879702792,rejected,0.0,0.33079894122933423
ev_agreement q2 & r5_nonews q4,-0.00013198925027284062,-0.34246898582377483,-1.556827312911245,rejected,0.0,0.11951149064971602
ear_volsurge q3 & r5_nonews q3,9.563108192809718e-05,0.942754052995384,-0.9563824102136296,rejected,0.0,0.3388790681395201
atr_pct q2 & dist_ma50 q4,-7.089423046442795e-05,0.13334504701816113,-1.7652793800143016,rejected,0.0,0.07751682325739805
earn_in_week q2 & range_compress q2,0.000226123686946776,0.6500501281513988,1.2475362445666107,rejected,0.0,0.21220093906860443
r5 q3 & rel_ind20 q2,2.140581306290186e-05,0.5426667682015605,-1.351990503076787,rejected,0.0,0.17637835337910115
ind_mom60 q1 & r60 q0,-6.957020466330048e-05,-0.9445751374365675,0.9482941420134977,rejected,0.0,0.3429797322512103
days_to_earn q4 & vol_ratio q1,3.803201604521791e-05,-0.15021962100237893,1.742446415527155,rejected,0.0,0.08143036003978096
ind_mom60 q3 & range_compress q0,-6.240734525403174e-05,-0.48790788046166467,-1.4042088824194356,rejected,0.0,0.1602566576200327
r5 q1 & rel_ind60 q0,-9.91912192417565e-06,-0.5103602937835687,1.3803257029612015,rejected,0.0,0.16748638453974898
mom_12_1 q2 & range_compress q0,-9.192052965510561e-05,-1.5981820342536508,-0.289152168817034,rejected,0.012054977286060834,0.7724649328308466
news5 q2 & r20 q0,0.00014259478118768868,0.76524699962406,1.1220184845694487,rejected,0.0,0.2618545806420664
min20 q4 & vol_surge5 q3,0.00015407164994257666,0.7067265375344223,1.1791177576796277,rejected,0.0,0.23835128849479695
ind_mom60 q3 & log_dv q1,-8.092528412567953e-05,-0.08279983637767979,-1.8015501040151434,rejected,0.0,0.0716162175573308
ev_agreement q2 & r5 q4,-0.00014439253777329803,-0.493886675409403,-1.3899870273901342,rejected,0.0,0.16453281667433367
atr_pct q2 & r5_nonews q4,2.417036491638017e-05,0.6218481460777255,-1.2574320988468866,rejected,0.0,0.20859721210516297
days_since_earn q2 & ear q0,0.0001618411711199499,1.1570981805701732,0.7185684639561204,rejected,0.0,0.47240684999665467
ev_agreement q2 & r5_nonews q2,5.783009207485386e-05,-0.1416923281402356,1.7330447973391487,rejected,0.0,0.08308770684189805
ear q1 & news5 q2,-8.905149637565965e-05,0.056039899704788,-1.8180347087314361,rejected,0.0,0.06905882800938108
atr_pct q3 & mom_12_1 q1,0.0002222484940984172,1.6201121881200244,-0.25127068901393074,rejected,0.0,0.8016048351093642
r5 q4 & vol_surge1 q4,2.6200537448500787e-05,0.5017030643953758,-1.3692061645679228,rejected,0.0,0.17093483960161582
gap_today q0 & ind_mom60 q1,-9.585148951938714e-05,-1.1591613942734493,0.7096977368915203,rejected,0.0,0.4778915958624813
news5 q2 & vol_surge5 q4,0.00015944587690747803,1.0793433707305213,-0.7833830733622258,rejected,0.0,0.43340219297265514
days_since_earn q1 & r5 q1,0.00011973934158399466,0.23072808220617305,1.6272545817423898,rejected,0.0,0.10368303971101676
ev_agreement q2 & frog q0,-0.00013056529617499335,-0.15139938450836374,-1.7048798744197227,rejected,0.0,0.08821683058926151
r1 q4 & range_compress q0,-9.01325234417489e-05,-0.7902720276185534,-1.0631377234416746,rejected,0.0,0.28771949931779894
log_dv q3 & range_compress q2,0.0001450687542922604,0.7089291362835364,1.139801418490145,rejected,0.0,0.2543690426412566
ind_mom20 q4 & vol_surge1 q1,2.551984881587544e-05,0.6629079002210518,-1.185579964341092,rejected,0.0,0.23578821845790437
ear q0 & ind_mom20 q2,0.00012669636356301745,0.9274272533712611,0.9194212362068672,rejected,0.0,0.3578752858483871
overnight20 q3 & r20 q4,-0.00017803509525254584,-1.127459430764752,-0.7188369361055464,rejected,0.0,0.47224139668628873
ind_mom20 q0 & overnight20 q2,1.057809557974916e-05,-0.4175836189985733,1.4254422432927103,rejected,0.0,0.15402940434285353
dist_ma50 q4 & frog q3,-8.7474631110771e-05,-0.5037493582655473,-1.3365208230836898,rejected,0.0,0.18137909901810761
frog q0 & overnight20 q2,-3.763650045967195e-05,-0.683179847547889,1.1568010205490042,rejected,0.0,0.2473536648031552
intraday20 q4 & r5 q1,-0.00012563877968839392,-1.3542549230935925,0.48136596198636894,rejected,0.0,0.6302564238451929
gap_today q0 & max20 q4,-7.988539560295351e-05,-1.157595043046816,0.6765954731699928,rejected,0.0,0.4986626520641224
ind_mom60 q1 & range_compress q2,-4.78082772851803e-05,-0.6435636025084291,1.1898593569555935,rejected,0.0,0.23410167515463753
r5 q3 & rel_ind60 q0,-9.615168139634945e-05,-0.35546802246165454,-1.4777973247500107,rejected,0.0,0.13946203466495427
days_to_earn q2 & ind_mom60 q3,-9.786787654181651e-05,-0.41530420561168757,-1.4173758361221933,rejected,0.0,0.15637307359969982
frog q3 & rel_ind60 q2,0.00019619696996258154,1.347854591231758,-0.4847458506697623,rejected,0.0,0.6278566378777045
atr_pct q0 & frog q1,0.0002221088650448801,1.4774639844758506,0.35469880538283755,rejected,0.016542884281410132,0.7228152459922983
min20 q4 & overnight20 q2,0.00011534576904013733,0.41344467268121304,1.4186255889452515,rejected,0.0,0.15600820153956843
close_loc q4 & ev_shelf q2,-0.0002497389814861973,-1.3199603415324839,0.5120336288069636,rejected,0.0,0.60862747403911
r5 q4 & r5_nonews q2,-4.106848698392607e-05,-0.9726768462498333,0.8583751460597727,rejected,0.0,0.39068534698974866
ind_mom20 q2 & r5 q1,2.7314034234953447e-05,-0.2421962896429137,1.582040478190047,rejected,0.0,0.11364033015461313
earn_in_week q2 & ins_buyers30 q2,-5.539487811952281e-05,-0.867840215708642,0.9551280806920339,rejected,0.0,0.3395129300095867
max20 q4 & overnight20 q2,-0.00011478646146191486,-1.6639342767870888,-0.1580389787055665,rejected,0.0037012467818104957,0.8744260840865467
log_dv q1 & mom_12_1 q1,0.00014316608338097144,0.3591763036399366,1.462563179572586,rejected,0.0,0.14358694463021116
mom_12_1 q1 & r5 q1,0.00015037219137559334,0.5260560313596583,1.2923380839724552,rejected,0.0,0.1962400885812338
news5 q2 & range_compress q0,-0.00012640459584233163,-0.8756496954814781,-0.9425830644376614,rejected,0.0,0.3458942056464197
max20 q2 & overnight20 q4,0.0001613242139236082,1.144380438265721,0.6736747484120676,rejected,0.0,0.5005181192846799
ev_shelf q2 & max20 q3,0.00025922688528103466,0.9667480808379225,0.8511892105352059,rejected,0.0,0.39466425534052924
mom_12_1 q2 & r20 q4,-0.00018703430860198588,-1.666591057501257,-0.1510608027423702,rejected,0.00475010679488682,0.8799277524871443
ear q1 & vol_ratio q1,-9.57431214780879e-05,-0.9529581113348868,0.8639141394730547,rejected,0.0,0.3876350588475621
gap_today q1 & r5 q1,0.00011865433769684911,0.18458252343456605,1.6316012424939774,rejected,0.0,0.10276351632619417
ear q1 & rel_ind20 q2,0.00010234763838509689,0.8993314918400832,-0.9158488723339842,rejected,0.0,0.35974616609998394
gap_today q0 & r5_nonews q3,-0.00019739598317034467,-1.6840484589052314,-0.12924685902034874,rejected,0.001790278238493245,0.8971623189882493
close_loc q0 & min20 q4,0.00013087829091948483,0.7124779534082886,1.0987817906768502,rejected,0.0,0.27186325665654565
frog q3 & vol_surge5 q3,-4.065114289775386e-05,0.1785666462973717,-1.6322526670637492,rejected,0.0,0.10262626997506778
intraday20 q4 & r5_nonews q4,-0.00012347109833589625,-0.7623827492381238,-1.0482967762010864,rejected,0.0,0.29450189448176534
gap_today q0 & vol_ratio q1,9.547821169168662e-06,-0.3049307591651147,1.5049325448391146,rejected,0.0,0.13234142010243483
close_loc q0 & r5_nonews q4,4.920025958715192e-05,1.0277788840936606,-0.7819409598844608,rejected,0.0,0.4342492717578655
earn_in_week q1 & intraday20 q4,-4.779071029273313e-05,-0.21849702692566084,-1.5909532444202172,rejected,0.0,0.11162009851136377
ear q1 & rel_ind20 q1,0.00027535122413106496,1.5751258351171504,0.2339949125898578,rejected,0.00359926979036245,0.8149889282071678
ev_agreement q2 & min20 q4,0.00011867625867398654,0.31055029834094994,1.497063183291631,rejected,0.0,0.1343768183946903
earn_in_week q2 & log_dv q1,-0.0001259306563121633,-0.8240615136456941,0.981095949495088,rejected,0.0,0.32654542770177664
r1 q2 & skew60 q2,-2.8369482617134074e-05,-0.6074116561554792,1.1976987633475977,rejected,0.0,0.23103431094288462
range_compress q4 & rel_ind60 q3,0.00010487986345627112,0.523208860019237,1.2790331006099651,rejected,0.0,0.2008853999193185
max20 q4 & r5_nonews q4,-8.899418124529122e-05,-0.9005630440605784,-0.9003404949823647,rejected,0.0,0.3679390770734132
close_loc q0 & range_compress q2,8.346384606954843e-05,0.08564959998630814,1.7148894463344388,rejected,0.0,0.08636549794347512
atr_pct q3 & min20 q4,-2.454894549499892e-08,-0.5542177032004659,1.2455682370527825,rejected,0.0,0.21292294935639888
close_loc q3 & r5 q2,-0.0002141743840572119,-1.4738812541876027,0.32395122678321214,rejected,0.0,0.7459749600080193
ear q0 & mom_12_1 q1,0.00019655839989305056,1.2865178515224445,0.5079648685150615,rejected,0.00013710492958359723,0.6114779810489207
frog q0 & ind_mom20 q4,-7.563203730935252e-05,-0.4099909389210448,-1.3835748001381534,rejected,0.0,0.16648868891589086
intraday20 q2 & range_compress q0,-7.376367144995527e-05,-0.4879848768247465,-1.305172958385828,rejected,0.0,0.19183395996607566
range_compress q0 & vol_surge5 q3,-7.684695219835103e-05,-0.47143870035956165,-1.317068378545955,rejected,0.0,0.1878157052884445
frog q3 & vol_surge1 q1,-0.00019994806895078348,-1.2310379654226187,-0.5565794149867135,rejected,0.0,0.5778148214048378
frog q0 & skew60 q3,-6.255860763740351e-05,0.023646797823391272,-1.7621270495906687,rejected,0.0,0.078047834015774
earn_in_week q1 & frog q0,4.713946545250518e-06,-0.21427769415753217,1.5707721238321044,rejected,0.0,0.11623558933627762
days_since_earn q1 & rel_ind20 q4,-0.00015674184008202452,-0.942476660659556,-0.8405661178694878,rejected,0.0,0.40059104671572754
frog q3 & ind_mom60 q3,-1.63299691630214e-05,0.32918663339738774,-1.453671578970136,rejected,0.0,0.14603738141865139
r5_nonews q4 & vol_surge5 q3,0.0002007826929536977,1.7045207850913882,-0.0772492983288484,rejected,0.0,0.9384252243863506
ear q0 & frog q3,0.00012698673219700932,1.096198711595333,0.6808085591662575,rejected,0.0,0.4959926334873441
news5 q2 & r1 q4,-0.00024281011307646582,-1.1825167014665177,-0.5939975764408187,rejected,0.0,0.5525137339505225
frog q0 & r5 q1,-7.932785539863029e-05,-0.8374856180270307,0.9388609055902482,rejected,0.0,0.347802163511865
r20 q4 & vol_surge1 q1,-0.0001321260835817035,-0.9461609763342547,-0.8297822467459763,rejected,0.0,0.4066619100681909
log_dv q3 & rel_ind20 q4,-0.00017225764535811568,-1.7143363039389796,-0.05993214745987954,rejected,0.0032821226529642744,0.9522096759342855
atr_pct q2 & frog q1,0.0001745121888623059,0.9853177769518848,0.788753971186683,rejected,0.0,0.43025581665775386
log_dv q1 & overnight20 q2,9.060000348909002e-05,0.05593073977034488,1.717752966980382,rejected,0.0,0.08584168365417526
min20 q4 & mom_12_1 q2,0.00016464294260286013,0.641436388858248,1.1321151492719623,rejected,0.0,0.25758602662451113
range_compress q1 & skew60 q0,0.00020704015963563533,1.5995807307160759,-0.17174800786738967,rejected,0.0,0.8636356417210715
atr_pct q0 & overnight20 q2,0.00014272683301053151,0.695423698776377,1.0750196214184522,rejected,0.0,0.282365943667359
ear_volsurge q3 & range_compress q2,0.00020724257552998232,1.5652304080445807,-0.2050357773118577,rejected,0.0,0.837544172531129
ind_mom20 q1 & news5 q1,-8.803070000417211e-05,-0.5191190927993753,-1.24788457640842,rejected,0.0,0.2120733297229818
log_dv q1 & rel_ind60 q2,6.349275722099873e-05,0.07881358246828389,1.6881592684596018,rejected,0.0,0.09138065972703344
close_loc q0 & ind_mom60 q1,-0.00010398933099542654,-1.1334716380281122,0.6329653319947712,rejected,0.0,0.5267562823986264
dist_ma50 q4 & vol_surge1 q1,-0.0001746682600628219,-1.6282025826851305,0.1368922259761864,rejected,0.0,0.8911159837599606
gap_today q0 & range_compress q4,3.9278708811346456e-05,-0.25039484125739037,1.5142260258101623,rejected,0.0,0.12996852297886266
atr_pct q3 & rel_ind20 q4,-0.00015451394998203675,-1.20378348571587,0.5604655442026774,rejected,0.0,0.5751619353190229
earn_in_week q2 & r5 q3,-0.00011674247119865072,-0.14816058202271826,-1.6126150885847812,rejected,0.0,0.10682815832086869
ev_agreement q4 & range_compress q0,1.7820064529290757e-05,0.6798572181562085,-1.0808137629184937,rejected,0.0,0.2797799650878171
frog q1 & mom_12_1 q1,0.00017225758478899407,0.8308248470141568,0.9294643442915479,rejected,0.0,0.3526484952542885
atr_pct q2 & intraday20 q1,0.00021276314095907916,1.3787397276587188,0.37885629411292693,rejected,0.01431527366947005,0.7047945812341552
ear_volsurge q3 & frog q3,-8.821647838804567e-05,-0.13080256408351632,-1.6267032968617452,rejected,0.0,0.10380012821979032
frog q3 & max20 q4,-5.131896993663876e-05,-0.37469238021397266,-1.3825437216941787,rejected,0.0,0.16680481552486082
frog q0 & log_dv q3,-0.00010614956641537908,-0.570211912829785,-1.1868946550846746,rejected,0.0,0.23526917586857127
dist_ma200 q1 & max20 q2,0.00016071762490277574,0.6611017306683119,1.09371128910518,rejected,0.0,0.27408162149981696
earn_in_week q1 & ind_mom60 q3,-5.979975585754394e-05,-0.4253702818277887,-1.3288463189915558,rejected,0.0,0.18389867715005653
r20 q4 & vol_surge1 q2,-9.927816486214106e-05,-0.6335004338387848,-1.1180958083263175,rejected,0.0,0.26352607648664517
intraday20 q4 & vol_surge5 q3,4.878970940206422e-06,0.4488394490812505,-1.3025386215282855,rejected,0.0,0.19273232425375422
ear_volsurge q3 & log_dv q1,0.00013626954913721295,0.8417983533284831,0.9088466653573983,rejected,0.0,0.36343107005297803
days_to_earn q2 & rel_ind60 q2,-0.00014496905199395816,-1.0736928712393443,0.6757864034801278,rejected,0.0,0.4991762684195679
frog q1 & range_compress q0,-4.820715225558287e-05,-0.8991304840442846,0.8491243128352813,rejected,0.0,0.3958121230132407
r1 q0 & rel_ind20 q1,0.00018058169598338954,1.3133794806709762,0.43444078200670744,rejected,0.010066446526885488,0.663968388437626
max20 q4 & r5 q4,-0.00010567406172175502,-0.9812655142756506,-0.7650507295824385,rejected,0.0,0.4442413372537697
dist_ma200 q0 & gap_today q1,-7.156986497147082e-05,-0.20670214583558352,-1.5395456071209146,rejected,0.0,0.12367115275193422
ind_mom60 q1 & r5_nonews q3,2.915135258568104e-05,-0.21091267698887367,1.535082363628277,rejected,0.0,0.12476359783156153
r20 q0 & vol_surge1 q0,-2.8355274732888056e-05,-0.5882047754501485,1.1567239497990571,rejected,0.0,0.24738516150239662
atr_pct q2 & days_to_earn q2,8.51971564966909e-05,0.785675242629676,-0.9542994656013226,rejected,0.0,0.3399320784760026
mom_12_1 q2 & rel_ind20 q4,-0.00013410152698931153,-1.3071716241167073,0.432730908089143,rejected,0.0,0.6652102727603895
r5 q4 & range_compress q0,-2.9721394118973045e-05,-0.06828672609535555,-1.6699361322070994,rejected,0.0,0.09493200058275425
atr_pct q2 & earn_in_week q1,-1.5076501734808893e-05,-0.5659195442763888,1.165573957721164,rejected,0.0,0.24378674210900445
gap_today q3 & ins_value30 q2,0.00024639632989532093,1.2595647346620635,-0.47016814177514576,rejected,0.0,0.638234893311627
days_to_earn q2 & vol_surge1 q4,-5.618583748380189e-05,-0.3056117024677799,-1.4225780790198033,rejected,0.0,0.15485850238477278
dist_ma200 q1 & vol_surge5 q3,0.00018905765872314896,1.2142408071984028,0.511620586402828,rejected,0.0,0.608916574837082
news5 q2 & vol_surge1 q1,0.00014446210760286449,0.28629722383396755,1.4391623053280047,rejected,0.0,0.1501045425612754
gap_today q1 & r20 q4,-9.026828754218151e-05,-0.4546966152838217,-1.2696852300580477,rejected,0.0,0.20419677603206307
news5 q2 & range_compress q4,0.00025666774818057796,1.2691743164404237,0.4528509727303544,rejected,0.009116266600552671,0.6506560563879558
ear q0 & r5_nonews q3,0.00020067157586093693,1.6467078720565587,0.07250859737327166,rejected,0.002555386234983216,0.9421971637658538
days_since_earn q2 & ear_volsurge q3,1.2124927232517737e-05,0.5224148723859554,-1.1931271848040055,rejected,0.0,0.23281956635187212
log_dv q1 & r1 q4,1.9986512527768125e-05,-0.2810607326241144,1.4295380828391424,rejected,0.0,0.15284963729297366
ev_agreement q4 & log_dv q1,6.706615097947716e-05,1.11451386347451,-0.5919213236041169,rejected,0.0,0.5539032740440285
gap_today q1 & ind_mom60 q1,0.00014344591268480237,1.249673520879326,-0.45624045018558007,rejected,0.0,0.6482170807462685
log_dv q1 & overnight20 q3,0.00010680485949095954,0.4198033633703853,1.282983958811702,rejected,0.0,0.19949769609088866
gap_today q0 & news5 q2,8.078553788430352e-05,0.12583724925526962,1.5748546320481505,rejected,0.0,0.11529000266859597
ind_mom60 q0 & range_compress q3,0.00018561607376787212,1.1917063655337614,0.5089310730840427,rejected,0.0,0.6108005386494335
gap_today q1 & vol_surge1 q4,2.545362532778353e-05,0.6093438811699771,-1.0908128859008517,rejected,0.0,0.27535522520735667
dist_ma50 q4 & r5_nonews q0,-6.58213549511401e-05,-1.1541459017144657,-0.5411193957147281,rejected,0.0,0.588425290278658
mom_12_1 q1 & rel_ind20 q4,1.0073412529940192e-05,-0.293616150686504,1.400868251286541,rejected,0.0,0.1612534743298618
close_loc q0 & ev_agreement q2,9.827622802476168e-05,0.7374408588374091,-0.9554207814434125,rejected,0.0,0.33936494887620733
ear_volsurge q3 & overnight20 q2,0.0002174961224378204,1.6176634261627392,-0.07493175043176677,rejected,0.0,0.9402690143696296
range_compress q0 & vol_surge1 q4,1.0230593461997024e-05,0.46228332973419717,-1.2297189662305767,rejected,0.0,0.21880236199182526
earn_in_week q1 & rel_ind20 q4,1.1603079588199889e-05,0.5035767898427919,-1.1861803507602546,rejected,0.0,0.23555108424991977
mom_12_1 q4 & r20 q0,8.791538128517534e-05,1.0267552164094436,0.6621848739690108,rejected,0.0,0.507852746947853
ind_mom60 q1 & news5 q2,0.00014612950638243189,0.5371733986725495,1.1479608161442925,rejected,0.0,0.2509847400799927
frog q0 & rel_ind20 q2,9.479797271082815e-05,0.16943168019367977,1.5095692474172713,rejected,0.0,0.1311533732989546
earn_in_week q1 & gap_today q0,9.045384580506247e-05,1.4727136247393704,0.20509771090771886,rejected,0.007044302977679102,0.8374957848509768
ind_mom20 q4 & range_compress q0,2.1473886205774336e-06,0.295405057695389,-1.3820896771816755,rejected,0.0,0.16694416767238276
frog q3 & r5_nonews q3,-0.0001538763263066511,-0.8181418661474859,-0.8544526469687638,rejected,0.0,0.3928542360209996
days_to_earn q2 & ear q0,0.00015404643728021038,1.1987757253720874,0.47302862002760176,rejected,0.0027784945453900854,0.6361927606221118
close_loc q0 & days_to_earn q2,-1.4754244573158861e-05,0.1384647035092778,-1.5331987085402623,rejected,0.0,0.12522690238438308
intraday20 q2 & r20 q4,-3.187854072902404e-05,0.022209975495977613,-1.649173613686374,rejected,0.0,0.09911207200148141
log_dv q3 & news5 q2,-0.00015523308714544213,-0.37497499724053546,-1.2958384748772034,rejected,0.0,0.19503113956125098
days_since_earn q2 & max20 q2,-8.044228191068798e-05,-0.00522386710847819,-1.6618081725014051,rejected,0.0,0.09655124309200862
ins_buyers30 q4 & vol_surge5 q4,4.829187892731369e-05,1.1408543177281394,-0.5249091113051496,rejected,0.0,0.5996463752232482
atr_pct q2 & range_compress q4,0.00024094949849693724,1.62095656547545,0.04468908128237039,rejected,0.0032606694383080508,0.9643551368788149
days_since_earn q2 & r5 q4,-8.568573088911733e-05,-0.4568412352699253,-1.2072863988488964,rejected,0.0,0.22732186682556652
dist_ma50 q3 & ev_agreement q4,3.305288188008869e-05,0.774595519121973,-0.8830051832973571,rejected,0.0,0.3772334709968435
ind_mom20 q3 & mom_12_1 q2,2.1747944376365334e-05,-0.25364603851631323,1.401119921105784,rejected,0.0,0.16117821541079466
r5 q1 & vol_ratio q1,1.3277220974793885e-05,-0.28386195955340493,1.3692977635016803,rejected,0.0,0.17090621682435556
dist_ma50 q2 & mom_12_1 q2,-0.00022118161619656562,-1.4543293107233586,0.1952882880739292,rejected,0.0,0.8451672653203177
close_loc q4 & ind_mom20 q0,3.478816801729853e-05,0.644592184661334,-1.0031697418777894,rejected,0.0,0.3157789695250768
frog q0 & intraday20 q2,9.122469605737381e-05,0.8640300501816115,-0.7820829508531777,rejected,0.0,0.43416582567134965
frog q1 & gap_today q1,-9.976793927132942e-05,-0.2598533150917034,-1.3860094893553667,rejected,0.0,0.1657440059134392
r5 q3 & vol_ratio q1,-0.00023831395965340533,-1.5236955533957484,-0.1197618855658479,rejected,0.0,0.9046717754829534
news5 q2 & rel_ind20 q4,-0.000132636720985967,-0.5411435731319698,-1.100512304939009,rejected,0.0,0.27110897129253325
atr_pct q3 & r5_nonews q4,-0.00011823420448225404,-0.7831857282419935,-0.8582886482730843,rejected,0.0,0.39073309611037815
ear q1 & range_compress q4,3.846412797383053e-05,0.5412771545534134,-1.0989840272843359,rejected,0.0,0.2717750329983984
log_dv q0 & news5 q2,-0.00014700104055722661,-0.9384901989988813,0.7015271693113853,rejected,0.0,0.48297408516328544
ev_offering q2 & skew60 q1,0.00033029224219462583,1.5225459940878407,0.11649802750658582,rejected,0.0,0.9072578492766263
ear q1 & r5_nonews q1,-0.00016241580763680084,-0.766984738158068,-0.8718623621095715,rejected,0.0,0.38328346871596913
ear q1 & r20 q2,-2.6909656470519684e-05,0.2776278657083102,-1.35730027005887,rejected,0.0,0.1746858215728405
close_loc q4 & r5_nonews q0,-2.4331143033761777e-05,-0.6285801838111493,1.0020180882481262,rejected,0.0,0.31633485678053336
atr_pct q1 & dist_ma200 q0,9.070372702797911e-05,0.9918832110891467,-0.6374121988927972,rejected,0.0,0.523856384432387
days_since_earn q2 & news5 q2,6.597559886484444e-05,0.5537129324214612,-1.074095312960288,rejected,0.0,0.2827799650505993
gap_today q1 & vol_surge1 q2,0.00020441957261834432,1.4708541484648776,-0.156322500800827,rejected,0.0,0.8757788212884667
min20 q0 & rel_ind60 q3,-8.94611038050384e-05,-1.1503096806332627,-0.4750210240127907,rejected,0.002167721688727602,0.6347719881820584
days_since_earn q0 & ear_volsurge q3,5.8186907310969e-05,0.6860284311216837,-0.9392793443737335,rejected,0.0,0.34758734084126713
r5 q4 & rel_ind20 q4,-6.411081447163206e-05,-0.19963838801861533,-1.4245905263786844,rejected,0.0,0.15427560011497565
dist_52wh q1 & log_dv q4,0.00017859441127500653,1.3566823684229425,0.2633805236299117,rejected,0.01134909567230941,0.7922573007049868
ins_opportunistic30 q2 & r60 q1,0.0002999684104637278,1.440238354142302,-0.1771402483059083,rejected,0.0,0.8593982282184838
frog q3 & rel_ind20 q4,-6.107954665784756e-05,-0.2974929690385116,-1.3197416847071017,rejected,0.0,0.18692127747303014
atr_pct q2 & r5 q1,0.0002476960019573734,1.5111905135835046,0.10381862346666448,rejected,0.00027160189216031134,0.9173132869436965
gap_today q0 & range_compress q0,-6.158163490517178e-05,-0.9469291112984004,0.6667832602128989,rejected,0.0,0.5049105868374008
frog q1 & r5_nonews q3,-0.00011785065964833032,-0.53915907799908,-1.073506905586351,rejected,0.0,0.28304374197411397
ev_agreement q4 & news5 q2,9.675697417066588e-05,1.4200211436409824,-0.18938540260397904,rejected,0.0,0.8497907644798517
rel_ind20 q1 & rel_ind60 q4,-3.1689215130758654e-05,-0.6985130360830538,0.909979155490202,rejected,0.0,0.36283350278380866
max20 q1 & r20 q0,-6.568857987746894e-05,0.09730842823939667,-1.509889055160729,rejected,0.0,0.13107173588908255
frog q0 & ind_mom60 q3,-8.938564291210185e-05,-0.23346643313723553,-1.373615742327757,rejected,0.0,0.1695610070760676
ear q0 & range_compress q4,9.77481380728634e-05,0.2964884554125679,1.3077094959504953,rejected,0.0,0.19097186126772578
atr_pct q2 & ear q0,0.0001545127258011082,1.264539364915502,-0.3392246918949919,rejected,0.0,0.7344404694577592
atr_pct q0 & range_compress q2,0.00021054159143539915,1.2909748771795613,0.3121361407557473,rejected,0.011374681077659824,0.7549370612995232
ear_volsurge q3 & frog q1,0.000152391652684552,1.2531643713109237,-0.34861254224316085,rejected,0.0,0.7273802104388192
max20 q4 & r5 q3,-5.9045698957294056e-05,-0.24389888954703512,-1.3564581624148773,rejected,0.0,0.17495343832232008
frog q0 & r5 q4,-2.951809688810685e-05,-0.18265027117604665,-1.41696093004982,rejected,0.0,0.15649435066265732
days_since_earn q1 & range_compress q2,0.00010019387279979708,0.18430143027446233,1.4150516395636503,rejected,0.0,0.157053355920845
ind_mom20 q0 & max20 q1,4.8069748387159905e-05,0.7285731661910181,-0.8693806024750611,rejected,0.0,0.384638989253575
days_to_earn q2 & news5 q2,-0.00019095073007159173,-0.6476540277527856,-0.9498171422367532,rejected,0.0,0.342205174028725
ins_buyers30 q2 & rel_ind20 q1,0.00025021185488329184,0.9364046239103617,0.6591977398459458,rejected,0.0,0.5097687981005372
ear q1 & mom_12_1 q0,-5.893121732823312e-05,-0.21051285368626202,-1.3810504958665524,rejected,0.0,0.16726343514428926
frog q0 & gap_today q1,-2.1109585784045684e-05,0.2020311560088967,-1.3883443559440443,rejected,0.0,0.16503221160079848
days_since_earn q2 & gap_today q0,-2.4662996018856363e-05,0.11534101072820024,-1.4717956779399088,rejected,0.0,0.1410760611036791
frog q1 & gap_today q0,4.5205242204667026e-05,0.004185942934365696,1.5820553040016747,rejected,0.0,0.11363694587666912
intraday20 q4 & mom_12_1 q2,-0.000137783171152815,-1.3457720149389436,0.23960887760195315,rejected,0.0,0.8106334819083008
ear_volsurge q4 & range_compress q2,0.00010984121664515315,1.0762809611062512,-0.5077686689703792,rejected,0.0,0.6116155845742388
atr_pct q2 & ev_agreement q4,-7.91504351397052e-06,0.3041313540308975,-1.2771850144388326,rejected,0.0,0.2015369363000971
ear_volsurge q3 & max20 q4,-3.796291271708717e-05,0.1592344153814535,-1.4204143713300241,rejected,0.0,0.15548708133656539
mom_12_1 q1 & news5 q2,0.00015519016078508057,0.5932338253185933,0.9856245690186191,rejected,0.0,0.32431737701541363
dist_ma50 q4 & rel_ind60 q2,-6.478503980889775e-05,-0.38308298218210657,-1.1950626287077095,rejected,0.0,0.2320625617160129
frog q1 & intraday20 q2,0.00023044219611521323,1.521851222737205,-0.05446858153369692,rejected,0.0,0.9565618397199377
dist_ma50 q3 & vol_ratio q4,4.7237464531454246e-05,0.6953645647810643,-0.8784756035291612,rejected,0.0,0.379685671544388
atr_pct q1 & dist_52wh q2,0.00020311417802186527,0.9455494335255434,0.627364651419465,rejected,0.0,0.530420233212863
ev_agreement q4 & ev_shelf q2,6.498190739244718e-05,0.6787929292285527,-0.8933604354276593,rejected,0.0,0.37166418312114796
atr_pct q2 & vol_surge1 q2,0.00021433231299418203,1.2913425870437405,0.2801209709681217,rejected,0.009853929896706371,0.7793846960113673
atr_pct q2 & log_dv q1,7.505709149311378e-05,0.7363627669801138,-0.8344744136978173,rejected,0.0,0.40401369964829315
frog q4 & r5_nonews q0,0.00011073038832607416,1.3300745719459908,-0.24056367849533844,rejected,0.0,0.8098933038835532
earn_in_week q2 & frog q3,0.00026189073223025313,1.2481830895206796,-0.3223701508634016,rejected,0.0,0.747172294363992
atr_pct q0 & ear q1,0.00017073688806455148,0.9004804790467266,0.6690670914486179,rejected,0.0,0.5034526812071656
dist_ma200 q4 & mom_12_1 q1,-0.00011205526349192584,-1.4358273440314135,0.13369631567685733,rejected,0.0,0.8936427186720335
min20 q4 & rel_ind60 q2,-1.0699814544680295e-05,-0.3745564456148219,1.1917396935255986,rejected,0.0,0.2333633288066863
frog q0 & r20 q4,-4.451013977666959e-05,-0.45158893015980056,-1.11404853349141,rejected,0.0,0.2652583661599415
r5_nonews q4 & vol_surge1 q2,-0.00015838575475017757,-1.117752626613748,-0.4478772991913044,rejected,0.013960071818162483,0.6542417524255508
ear_volsurge q0 & skew60 q0,4.307301620830417e-05,0.4276867304333543,1.1366443791736343,rejected,0.0,0.25568697979202226
overnight20 q1 & r1 q2,0.00023274008719360124,1.2411465030852173,0.3187418692915696,rejected,0.01281572008877679,0.7499222622049215
ind_mom20 q1 & r5_nonews q0,-0.00012443116809145925,-1.3902445838099877,0.16863534707425654,rejected,0.0,0.8660834757720397
close_loc q1 & ev_agreement q4,3.4226665954914526e-05,0.9425125332550057,-0.6162737695540922,rejected,0.0,0.5377138478322117
r5 q3 & range_compress q4,0.00012300517474218904,0.6046407533435391,0.9525353756115646,rejected,0.0,0.3408255339467398
mom_12_1 q2 & vol_surge1 q3,-0.00014310399435349,-1.0094734584940808,0.5472664052875317,rejected,0.0,0.5841957204270387
atr_pct q2 & vol_surge1 q1,4.078111063143088e-05,0.588517022452703,-0.9667168319174102,rejected,0.0,0.3336856103750377
ins_buyers30 q2 & r5 q3,-8.689286648316009e-05,0.00014212579341559096,-1.553766769231687,rejected,0.0,0.12024005984939942
vol20 q3 & vol_surge1 q2,7.45422081252594e-05,0.11485258960978321,1.4375843262149712,rejected,0.0,0.15055203074194684
ind_mom20 q1 & min20 q2,-7.2319794379726626e-06,0.3249121635858673,-1.2271300056401837,rejected,0.0,0.21977373174141954
ear q1 & range_compress q2,3.100212330193204e-05,0.4862937721594042,-1.0630044404262358,rejected,0.0,0.2877799376406381
frog q3 & ind_mom20 q4,-3.8069113775023147e-06,0.22162586597085512,-1.3275172753120774,rejected,0.0,0.18433762920156962
ev_agreement q2 & r5 q3,-8.37350156437759e-06,0.28968769638287833,-1.258358402270981,rejected,0.0,0.20826216863326497
days_since_earn q2 & r5_nonews q2,0.00015248465583501966,0.9225413647678706,0.6250807360687248,rejected,0.0,0.5319180705813267
ev_agreement q4 & vol_surge1 q4,5.442834283208299e-05,1.1829632975216418,-0.36035300914625323,rejected,0.0,0.7185831626158485
ind_mom20 q3 & range_compress q4,5.132213761067342e-05,-0.07775323785657079,1.4648066967474658,rejected,0.0,0.14297366428248762
r20 q0 & r5_nonews q4,-2.5035755137013355e-05,-0.6714930005169732,0.8704969552665919,rejected,0.0,0.3840288824011949
ev_agreement q2 & gap_today q1,-4.229784194709446e-05,0.14593153667517825,-1.3957249166844898,rejected,0.0,0.16279734804298834
days_since_earn q1 & r5_nonews q4,-8.255811035409327e-05,-0.40245166874982846,-1.139108345677708,rejected,0.0,0.25465796702366134
ins_buyers30 q2 & r60 q3,0.0002408936543517432,0.990355455754241,0.549341211228345,rejected,0.0,0.5827713105370744
r120 q4 & r20 q3,5.066395518525724e-05,-0.041331631888499566,1.4922212178515388,rejected,0.0,0.13564116177422056
overnight20 q2 & rel_ind60 q0,1.1593040468321355e-05,0.4600703731467469,-1.0716878597342405,rejected,0.0,0.2838602555024575
dist_ma50 q0 & frog q0,3.784622302062869e-05,0.5635360875786931,-0.9626581597530356,rejected,0.0,0.3357191002849802
gap_today q0 & r5_nonews q4,-5.086370776114509e-05,-0.7872172341625886,0.7355007158023746,rejected,0.0,0.4620346042061673
frog q3 & log_dv q3,-0.00011240485670528679,-0.4954803333899197,-1.0254419168778677,rejected,0.0,0.30515471843750935
ear_volsurge q3 & mom_12_1 q1,0.00018904350062931555,1.5062043135677352,-0.012607318070033144,rejected,0.0,0.9899410820277246
dist_ma50 q1 & rel_ind20 q1,0.0002407444789422268,1.2951320768732624,0.22104928279616937,rejected,0.00634409927748336,0.8250540598373226
r5 q3 & r5_nonews q3,-0.00012325432081192558,-0.28421608284651667,-1.2299496459887602,rejected,0.0,0.21871596154402073
ear q0 & r5_nonews q4,-0.00011332219188343827,-0.841500195534331,-0.6720068093784891,rejected,0.0,0.5015793613476802
close_loc q0 & ind_mom20 q4,7.343079212062409e-05,1.0330344313956519,-0.4766544679456792,rejected,0.0,0.633608190630651
ear_volsurge q3 & vol_surge5 q3,0.00011013557534487096,1.0205228339533472,-0.4876762872522524,rejected,0.0,0.6257791504656841
dist_ma200 q1 & rel_ind60 q1,0.00017462526365925537,1.140444938008844,-0.3669540809587157,rejected,0.0,0.7136532702608616
r5_nonews q2 & range_compress q0,-0.00010712348391196658,-1.1228305966327774,-0.3823174981348329,rejected,0.014068440296517552,0.7022258771110351
ear_volsurge q3 & vol20 q2,0.00019450302945329622,1.1961689760007592,0.30826661055408877,rejected,0.012764110831900507,0.757879470617113
mom_12_1 q2 & vol_surge1 q4,3.526166223331176e-05,-0.18154635716454035,1.3200176220367346,rejected,0.0,0.18682913451400834
ear q3 & vol_ratio q4,0.00010974654152462239,0.6449708623707324,0.8560181922038916,rejected,0.0,0.3919877168410981
days_to_earn q2 & log_dv q1,-8.906624593601628e-05,-0.32557599403538706,-1.1752922823051148,rejected,0.0,0.23987780110426107
ev_agreement q2 & vol_surge1 q4,-0.0001339073940814098,-0.31313945282676464,-1.186479438188115,rejected,0.0,0.23543301689439675
skew60 q3 & vol_surge5 q4,7.297474064235205e-05,0.8645438937628672,-0.6335452887390843,rejected,0.0,0.5263776158431807
dist_ma50 q4 & frog q1,-0.00011769969456574735,-1.4301761458092048,-0.06632238192183701,rejected,0.004290333394221532,0.9471211642562695
r5_nonews q3 & range_compress q2,-0.00012138994429988583,-0.4260864765542817,-1.068816090730853,rejected,0.0,0.28515254735183654
days_since_earn q2 & log_dv q1,4.22427962045083e-05,0.5478917043795211,-0.9425767806355142,rejected,0.0,0.34589742105818855
days_since_earn q3 & skew60 q3,0.00018046057724521188,1.3160991524838017,0.17375938155653334,rejected,0.004931581349363298,0.8620545675354149
r20 q4 & rel_ind60 q2,-0.00010482383497362526,-0.8031412745646428,-0.6857709129942089,rejected,0.0,0.49285758118002354
r5_nonews q4 & rel_ind20 q4,-1.9652569285633534e-05,0.12631324413154799,-1.3620058197507363,rejected,0.0,0.17319604847251874
news5 q2 & vol_ratio q1,0.0001571435249675456,0.5179787122511701,0.9689720522222276,rejected,0.0,0.33255913359718453
news5 q2 & r5 q3,-0.00014125160032317475,-0.4481395842288533,-1.0381621854742347,rejected,0.0,0.2991945543014545
r5_nonews q2 & vol_surge5 q3,9.160693808778542e-05,0.24830357920256654,1.236826737382359,rejected,0.0,0.21615141350798808
atr_pct q3 & close_loc q0,0.0001388466865213304,0.9546411113910981,0.5281562557897612,rejected,0.0,0.5973908880602907
days_to_earn q4 & rel_ind20 q3,6.182903731085014e-05,-0.09283346710671941,1.388582968531355,rejected,0.0,0.1649595993071122
ear_volsurge q4 & vol_surge5 q3,0.00015508226906972672,1.3966877964174587,0.08452934654958795,rejected,0.0014187065776031032,0.932635571158765
earn_in_week q1 & log_dv q1,-2.7158200519434583e-05,-0.5655120095061819,0.9144812243609535,rejected,0.0,0.36046403921776227
days_since_earn q1 & days_to_earn q2,0.00011851845133485262,0.7995735562926153,0.6768367474293092,rejected,0.0,0.4985095399245989
gap_today q1 & min20 q4,6.81500185092305e-05,0.18961468017409044,1.284242693481005,rejected,0.0,0.1990570511760959
atr_pct q3 & intraday20 q4,-0.00013627494944356,-1.1407221491738104,0.3297905337980841,rejected,0.0,0.7415582405334673
dist_52wh q1 & ins_value30 q2,0.00028125018627834673,1.3746691346476454,-0.09522497852602554,rejected,0.0,0.9241361301403727
close_loc q0 & ins_buyers30 q4,5.984184151132839e-05,1.279457115590942,-0.189441105595847,rejected,0.0,0.8497471100913225
ear q0 & mom_12_1 q2,-8.59578698594649e-05,-1.0635496993715279,0.40314162556060795,rejected,0.0,0.6868440401040097
rel_ind60 q2 & vol_surge1 q2,-5.8156638256669315e-05,-0.6184991641621878,0.8470022257090969,rejected,0.0,0.39699388086895593
ind_mom60 q3 & rel_ind20 q4,-6.257825929992512e-05,-0.3514342114677677,-1.1128021358682432,rejected,0.0,0.2657934178948983
news5 q2 & overnight20 q3,7.322361352393406e-05,0.5242236330721165,-0.9380067332355734,rejected,0.0,0.34824094986210846
gap_today q1 & r5 q3,-0.0001390309998835869,-0.6762558265339447,-0.7857734053841182,rejected,0.0,0.43200024969928824
min20 q2 & skew60 q2,0.0002064207992747828,1.296245237494573,0.16506900415368428,rejected,0.004774902395714656,0.8688896694066719
dist_ma50 q4 & gap_today q0,-7.96867106178696e-05,-1.1196763615588008,0.3415700043358646,rejected,0.0,0.732674513968682
r20 q4 & rel_ind60 q0,-3.759369976133631e-05,-0.8024645991394536,-0.6586905887880269,rejected,0.0,0.5100944776234426
dist_52wh q3 & vol_surge1 q3,0.00012187732596395429,0.5250061893249551,0.9335337550592432,rejected,0.0,0.35054445057355627
earn_in_week q2 & r5_nonews q4,-6.624554839676872e-05,-0.028079156080740915,-1.423587707340978,rejected,0.0,0.15456585635951844
ind_mom20 q4 & log_dv q1,-9.605359238978425e-05,-0.4415765506627782,-1.0094995265292057,rejected,0.0,0.31273512858259406
ear q0 & min20 q2,6.842305374313466e-05,0.24108072345043213,1.2056590467743666,rejected,0.0,0.2279489818406263
days_since_earn q2 & range_compress q2,0.00019993517232307073,1.123137234039131,0.3208529903435791,rejected,0.014151707809551732,0.7483218001157965
dist_52wh q3 & r5_nonews q4,0.00014551256884636385,1.2116481312041394,0.23221666525091397,rejected,0.004358308450008997,0.8163697345107834
days_to_earn q2 & ear q1,-0.00015922693041925902,-0.9552309631374869,-0.4847650104252813,rejected,0.0018832063828406109,0.6278430452611337
earn_in_week q1 & r20 q4,-5.057918303168852e-05,-0.2295899167370369,-1.2098808656148583,rejected,0.0,0.22632461046605132
atr_pct q4 & vol20 q3,-6.596894040266666e-05,-0.3757808815471286,-1.0623008890137087,rejected,0.0,0.28809911095550766
frog q1 & r20 q4,-0.00011468744471925682,-1.1715807622008925,-0.2635947453143485,rejected,0.01034293213662462,0.7920922079997177
rel_ind20 q4 & vol_ratio q1,7.326582654130697e-05,0.9062988957633631,-0.5279673945222417,rejected,0.0,0.5975219666037503
earn_in_week q2 & ind_mom60 q1,-3.2174710897668546e-05,-0.4096202160803397,1.0245650722375221,rejected,0.0,0.305568452081492
frog q1 & r1 q4,-3.4216592641396473e-05,-0.5856203894903486,0.8472172777122194,rejected,0.0,0.3968740248650302
dist_ma50 q4 & r1 q3,-0.00015297764911839602,-1.0393375474373157,-0.3929313234500812,rejected,0.018323861911894033,0.6943702057042722
news5 q2 & vol_surge1 q2,0.00018348723151154618,0.6367972674317639,0.791609940987833,rejected,0.0,0.4285881486826449
gap_today q0 & ind_mom60 q3,-0.0001490369055976106,-1.4254282272714403,-0.0028915611446755254,rejected,0.0006153221822096938,0.9976928712210787
intraday20 q4 & r5 q3,3.1641019263248885e-05,0.49807256708281433,-0.9278137315912202,rejected,0.0,0.35350419986174253
atr_pct q2 & r5_nonews q3,-7.227513960312087e-05,-0.05708544122646067,-1.3685486826132034,rejected,0.0,0.17114039452824062
days_to_earn q2 & max20 q2,9.160386078267934e-05,0.7607165928648008,-0.6643074641175829,rejected,0.0,0.5064935447437915
gap_today q1 & vol_ratio q1,-2.2149616213318833e-05,-0.47963848395041186,0.9435113847623517,rejected,0.0,0.3454193948220778
mom_12_1 q3 & r20 q0,7.503225659446399e-05,0.42600815928795444,0.9959655374829106,rejected,0.0,0.31926689001916625
ind_mom60 q3 & r5_nonews q4,-5.4908583078465376e-05,-0.3587845226778827,-1.0593380484746981,rejected,0.0,0.2894458527238195
days_to_earn q0 & log_dv q3,4.834498036072967e-06,0.41800565359627995,-0.9998101238258225,rejected,0.0,0.3174024055375446
frog q1 & max20 q4,-2.6943619450469886e-06,-0.25849988159648285,1.1581246726818415,rejected,0.0,0.24681316270771117
days_since_earn q1 & r5 q4,9.646726668191846e-07,0.32023381779188625,-1.0960964596147271,rejected,0.0,0.2730365638390143
days_since_earn q2 & frog q3,1.4784700246608787e-05,0.3888241298148112,-1.0261763683589658,rejected,0.0,0.3048084582822381
news5 q2 & r5_nonews q2,0.00021818439852066993,0.8924359837065314,0.5206683175806469,rejected,0.0,0.6025978487131041
gap_today q1 & vol_surge5 q3,0.00016007762607843837,1.012295756628877,0.39994232034571614,rejected,0.017430620698331553,0.6891990006581689
ear q0 & r5 q3,-2.12588206288897e-05,0.21002339453415675,-1.201520001805942,rejected,0.0,0.22954955241294267
rel_ind20 q1 & vol_ratio q4,0.00010990949066896266,0.9891465358563355,-0.42161434808100523,rejected,0.0,0.6733065317345834
frog q0 & ind_mom20 q2,-7.031700352281526e-05,-0.7585705072812291,0.651167077989878,rejected,0.0,0.514938639788205
dist_ma50 q0 & mom_12_1 q3,0.00011115362789820925,0.8784948310608396,0.5306337257295156,rejected,0.0,0.595672620090745
gap_today q1 & r20 q0,-3.5621463544511434e-05,0.16717016462757484,-1.2416481877374717,rejected,0.0,0.21436639424228127
ev_agreement q2 & ind_mom20 q4,-9.245542595463161e-05,-0.091032435611736,-1.317297311722112,rejected,0.0,0.18773898597520636
dist_ma50 q4 & frog q0,-4.27681596346218e-05,-0.845544553417003,-0.560934021390423,rejected,0.0,0.5748425162533172
dist_ma200 q3 & ind_mom20 q3,-0.0001380576780082901,-0.674212231997658,-0.7322534650177837,rejected,0.0,0.4640138767570042
days_since_earn q3 & ind_mom60 q4,-1.4939449403590605e-05,-0.40944185326941507,0.9966868606889606,rejected,0.0,0.3189165293836348
gap_today q1 & range_compress q2,-0.00012027153525617936,-0.9531033567224605,0.4528085102987176,rejected,0.0,0.6506866350052485
frog q0 & news5 q2,-7.356666841141169e-05,-0.003576451473858588,-1.4017095117864387,rejected,0.0,0.16100200908886966
log_dv q1 & vol_ratio q1,-3.351311086634241e-05,-0.49107275350339397,0.9118931268272381,rejected,0.0,0.36182498005819125
range_compress q0 & rel_ind60 q2,-3.50648821481258e-05,-0.9068545001435442,0.49382714824059437,rejected,0.0,0.6214282584005699
dist_ma50 q3 & vol_surge1 q3,-9.290084706908346e-05,-0.33706173181632626,-1.0602574024054194,rejected,0.0,0.28902751284205164
intraday20 q4 & overnight20 q2,7.880861059132582e-06,0.33110275617032203,-1.0652958551632294,rejected,0.0,0.28674206786104095
log_dv q1 & vol_surge1 q2,0.00010022641294558197,0.5495575624310951,0.8465650696100416,rejected,0.0,0.3972375905559525
r5_nonews q1 & r60 q4,-6.802464810166563e-05,-0.793187804867775,0.5998552588092689,rejected,0.0,0.5486027023401743
ear q1 & ind_mom20 q4,-0.00015160535421579946,-1.0338410368372553,-0.35569355854383194,rejected,0.013890151037168215,0.7220700695136155
frog q0 & mom_12_1 q2,3.515349994041033e-06,-0.21687538870594866,1.1701998941999021,rejected,0.0,0.24192053540840316
days_to_earn q4 & ins_buyers30 q2,-8.847402907965177e-05,-0.6254401031287453,0.7609742628270643,rejected,0.0,0.4466724399655566
range_compress q3 & vol_ratio q4,9.545995128065122e-05,0.8410762613628401,-0.5420756717245495,rejected,0.0,0.5877663774412976
ear q0 & gap_today q1,0.00012583118927177717,1.0528399700521414,0.329794050114403,rejected,0.01324254256259054,0.7415555834180341
frog q1 & ind_mom60 q3,-0.00017676413231428216,-1.1406841710762319,-0.2408147831104156,rejected,0.0030900379145705798,0.809698671486252
gap_today q0 & r5 q4,-4.055644440517688e-05,-0.675421994439248,0.7058718545528698,rejected,0.0,0.48026783204960555
rel_ind20 q4 & vol_surge1 q1,-0.00013214318664779283,-0.9556667026919549,-0.4252491141850294,rejected,0.009212924843845376,0.6706550841650774
atr_pct q3 & r20 q4,-0.00018097333896228306,-1.281306703361932,0.09622095036477887,rejected,0.0,0.9233450920302498
atr_pct q3 & dist_ma50 q4,-0.00015161054278983315,-1.0599914359812923,-0.31695958593097956,rejected,0.009931402302715005,0.751274268068982
frog q0 & r5_nonews q2,0.00012001735347247491,1.1020339063888338,-0.2729192265213064,rejected,0.0,0.7849153067476958
ear_volsurge q3 & max20 q0,0.000137542818325062,0.7964717759274899,0.5779550281146139,rejected,0.0,0.5632944820019858
close_loc q0 & ear q0,8.138884417883377e-05,0.5737208698018385,0.7993903145571716,rejected,0.0,0.4240641247506336
r5_nonews q4 & rel_ind60 q2,8.254024611787629e-05,0.4599257129866884,0.9106739621648111,rejected,0.0,0.3624671872548831
atr_pct q3 & days_to_earn q2,0.0001383970956575957,0.7333775085663767,0.6356604048331379,rejected,0.0,0.5249977892264268
log_dv q3 & vol_surge1 q1,8.988000852758941e-05,0.2110537419643241,1.1577899812245296,rejected,0.0,0.24694975290028714
gap_today q1 & mom_12_1 q2,-6.076107264452335e-05,-0.5933275309088317,0.7739142923975776,rejected,0.0,0.43898147703426743
log_dv q1 & range_compress q2,9.322548224888628e-05,0.4217220775450296,0.9447800208794563,rejected,0.0,0.34477119386654465
frog q3 & min20 q4,0.00012672495531610749,0.6570996211945396,0.709402058724974,rejected,0.0,0.47807501056159274
ind_mom20 q4 & r5 q3,6.019264726557217e-06,0.3346040119710538,-1.0302857223084865,rejected,0.0,0.30287589939589243
log_dv q1 & vol_surge1 q4,-5.5846675013801284e-05,-0.07843198441711006,-1.2842046528989164,rejected,0.0,0.1990703576006207
r20 q3 & vol_ratio q4,0.00010736500438381167,0.7515156651732751,0.6101493534613398,rejected,0.0,0.5417628759551939
days_to_earn q2 & overnight20 q2,8.175812208725862e-05,0.6707907245289462,-0.6908187376458953,rejected,0.0,0.4896794587430354
frog q4 & r20 q0,6.374146851873153e-05,0.764970783600672,0.5958509911891049,rejected,0.0,0.5512747757684694
max20 q2 & vol_surge1 q4,7.311755596773894e-05,0.1739219243508842,1.1857311686519783,rejected,0.0,0.23572848148973616
frog q1 & min20 q4,0.00011251419858731552,0.5627298361253317,0.7958574147866894,rejected,0.0,0.4261149156880441
ear q1 & mom_12_1 q1,0.00011266965026302404,0.8491309534955794,-0.5094262013842841,rejected,0.0,0.6104535145879924
days_since_earn q1 & range_compress q0,-8.738897395877626e-05,-0.8527122537109518,-0.5039549262552883,rejected,0.00021636074707929515,0.614293051482697
frog q1 & ind_mom20 q4,0.00010661736995069502,1.1323216019342124,0.22322350805728344,rejected,0.00633051097030891,0.82336155671548
atr_pct q3 & ind_mom60 q1,0.00010236606624232967,0.7119272552599584,0.6414279476393538,rejected,0.0,0.5212446799869379
atr_pct q2 & vol_surge1 q4,-5.7196584333055466e-05,0.06402838566040958,-1.2849135047076117,rejected,0.0,0.19882251121593697
ev_agreement q4 & r20 q4,-6.411525779559167e-06,-0.02050401846856829,-1.3244543178311272,rejected,0.0,0.1853522051330045
gap_today q0 & log_dv q1,-3.911046681427634e-05,-0.5739310391154117,0.7708961408753494,rejected,0.0,0.4407684947506459
overnight20 q2 & r1 q4,0.00012429601243153348,0.968114029948761,0.374043209972588,rejected,0.013778008846522164,0.7083721687072708
intraday20 q4 & news5 q2,-0.0002096200694230875,-1.2012187898306264,-0.13537014818455648,rejected,0.002420734877307506,0.8923192251482714
atr_pct q2 & days_since_earn q1,0.00016562732665931584,0.8550874499959566,0.48143237889656143,rejected,0.002784329539143977,0.6302092288542817
gap_today q3 & vol20 q3,8.086942690004071e-05,0.7950632905031401,-0.538408283959213,rejected,0.0,0.5902952085440806
dist_ma50 q4 & vol20 q2,2.0577313331438394e-05,0.4318773315253029,-0.9006939191891783,rejected,0.0,0.36775108269116813
ear q0 & intraday20 q4,-2.0025123090977764e-05,-0.4495726970589998,0.8822228785898576,rejected,0.0,0.37765629211204477
r5_news q4 & r5_nonews q2,-4.1074052618350087e-05,-0.7034209087285,0.6281276362331917,rejected,0.0,0.5299203301777572
days_since_earn q1 & r5 q3,-0.00015517861694024649,-1.1111765795659831,0.21951063697610135,rejected,0.0,0.8262522948066175
ear_volsurge q1 & max20 q1,0.00017961982162052777,0.9263797580860983,0.40212337541079746,rejected,0.014546197641307233,0.6875932304161805
ear_volsurge q4 & overnight20 q4,5.773702537662353e-05,0.07651741079154752,1.2484440805486472,rejected,0.0,0.2118684747076207
days_to_earn q2 & r5_nonews q3,-0.00019579196599790055,-1.177178240965033,-0.1477603771871953,rejected,0.0030077045430985847,0.8825318804335283
ear_volsurge q3 & r1 q4,0.00012055153094522563,1.1137640625914957,-0.2067208620113318,rejected,0.0,0.8362278637755386
dist_52wh q2 & news5 q1,0.00010233413404828358,0.5879771520585672,0.7317002800725416,rejected,0.0,0.4643515254401426
days_to_earn q2 & vol_surge5 q3,-4.312142120263887e-05,-0.4897892359298221,0.8264751295582953,rejected,0.0,0.4085346205027881
gap_today q1 & mom_12_1 q1,0.00011163218334479093,0.8346929087045881,-0.48007289910809225,rejected,0.0,0.6311755579309406
days_since_earn q3 & vol_ratio q3,-2.169007236511287e-05,0.13501415051270746,-1.1766257205594828,rejected,0.0,0.23934492714164782
intraday20 q2 & overnight20 q2,0.0001153037634130101,0.4847452401169388,0.8257445571921526,rejected,0.0,0.40894901076567214
range_compress q0 & vol_surge1 q1,-9.44087443779769e-05,-0.9101558585822582,-0.39965320797020343,rejected,0.017505704070419445,0.68941196078995
r20 q2 & range_compress q0,-5.7341495993047366e-05,-1.0580429729619747,0.25147187460229564,rejected,0.0,0.8014493044789509
r5_nonews q2 & range_compress q2,6.147665383862229e-05,-0.005708780908764508,1.3022451302830511,rejected,0.0,0.19283260203632024
dist_ma200 q2 & vol_ratio q3,-7.098224335131935e-05,-0.10879008062950142,-1.1988677549908546,rejected,0.0,0.2305793715987853
close_loc q3 & rel_ind20 q0,7.414695511546264e-06,-0.24787545462865362,1.0593396129404542,rejected,0.0,0.28944514048808606
ev_agreement q4 & min20 q4,0.00011262904338741346,1.15143082432684,-0.15425402123301743,rejected,0.0,0.8774094490663278
intraday20 q4 & r5_nonews q2,-0.00012511967141475897,-1.14511180422997,0.16002809995444153,rejected,0.0,0.8728589389008653
days_to_earn q3 & dist_ma200 q0,-1.7657156099897394e-06,-0.35150783329948854,0.9534513252224215,rejected,0.0,0.3403614470396938
frog q1 & log_dv q3,3.5957773543719586e-05,-0.11154187535812018,1.1927846024333588,rejected,0.0,0.23295374188539694
mom_12_1 q3 & r1 q4,5.149247442984421e-05,0.6131488806980034,-0.6904909443719224,rejected,0.0,0.48988550274293285
r20 q4 & r5_nonews q2,4.149166655320919e-06,-0.2150049147343836,1.0886031389472584,rejected,0.0,0.2763289319732909
r5 q4 & vol_surge5 q3,0.00014568728325342622,1.2281244022289495,-0.07466416202009477,rejected,0.0,0.9404819226149835
ind_mom20 q2 & news5 q1,-3.374686197395604e-05,-0.7051428593511451,0.5975307466868743,rejected,0.0,0.5501530853822685
days_to_earn q2 & rel_ind20 q4,-5.470110110201535e-05,-0.3690834443068585,-0.9300916965843676,rejected,0.0,0.3523236095911002
r5 q1 & vol_surge1 q4,-8.583387464701295e-05,-0.8081144498348722,0.4897531165117137,rejected,0.0,0.624308610264923
frog q0 & vol_surge1 q2,-2.304909136644432e-05,0.1541610882980149,-1.1419952438375118,rejected,0.0,0.25345599666212376
ear_volsurge q3 & vol_surge1 q4,7.183525661449695e-06,0.35346909299811685,-0.942466718022267,rejected,0.0,0.34595374301402815
r5_nonews q4 & vol_ratio q1,5.964259774721618e-05,0.33403648540071545,0.9617021862965346,rejected,0.0,0.33619922382669015
intraday20 q2 & rel_ind60 q2,0.00015223278488066017,0.778746907354824,0.516636950384464,rejected,0.0,0.6054096166598291
earn_in_week q1 & overnight20 q2,-7.582183537379614e-05,-0.8811873516090019,0.4138710457050759,rejected,0.0,0.6789685497291198
gap_today q1 & overnight20 q3,-6.556724391209213e-05,-0.19871239643129673,-1.0946090471600765,rejected,0.0,0.27368795030790005
ear_volsurge q3 & r20 q2,0.00011366888329647167,0.5326227659172152,0.7606583402777769,rejected,0.0,0.446861163848417
log_dv q3 & r5_nonews q2,7.665181266062989e-05,0.40540726850025055,0.8876592759774654,rejected,0.0,0.3747240580186001
days_since_earn q0 & ind_mom60 q4,-0.00014449652163430005,-1.0927928422120863,-0.1978457300435294,rejected,0.004226132211846445,0.8431657658813558
news5 q2 & r5_nonews q3,-0.00012658851800158484,-0.398680836775157,-0.8907562336155205,rejected,0.0,0.3730599594599045
overnight20 q4 & r5 q2,0.00011749462102452762,0.9367197454113682,0.35177085999490787,rejected,0.015156841060257189,0.7250101138769083
earn_in_week q4 & ind_mom20 q2,-2.642823833200991e-05,-0.20461861392706815,-1.0824429078551014,rejected,0.0,0.2790557710854342
frog q0 & log_dv q1,-0.00012205639682317299,-1.1119304188251276,0.17454237089624552,rejected,0.0,0.8614392346244635
intraday20 q4 & vol_surge1 q4,-2.859712602447558e-05,-0.020452363110912516,-1.264133472234126,rejected,0.0,0.20618212435249383
frog q0 & intraday20 q4,-0.00010218718644823893,-1.2373399489127113,0.04527382361306195,rejected,0.0,0.9638890517685746
gap_today q1 & r1 q4,-8.378155901343987e-05,-0.7108702087019139,-0.570341213641818,rejected,0.0,0.5684462929171953
atr_pct q2 & rel_ind60 q2,0.00018255034090395753,1.041890811694188,0.2375347963195112,rejected,0.005450169133350826,0.8122419279442086
days_since_earn q1 & gap_today q1,0.00012346793475427302,0.6836806696892701,0.5954068666308834,rejected,0.0,0.5515715366765201
range_compress q2 & vol_surge1 q4,8.243867722128262e-06,-0.22539767011304698,1.0535280736270478,rejected,0.0,0.2920990346486242
earn_in_week q2 & r5 q4,-1.6428328348517117e-05,0.152634235085084,-1.126139536174705,rejected,0.0,0.2601064615631558
gap_today q0 & r5 q3,-8.619356754971754e-05,-0.8539931638574473,0.4231084241085635,rejected,0.0,0.6722161564064435
overnight20 q2 & r20 q4,1.9605676038349503e-06,0.2482092225883758,-1.0240530707072837,rejected,0.0,0.3058102087515611
r20 q0 & r5 q1,3.5964386313089506e-05,-0.08792162189692944,1.1820734608765606,rejected,0.0,0.23717655373539642
r5 q4 & vol_ratio q1,9.275884748474294e-05,0.8254405951987157,0.44433224326227116,rejected,0.011976676082720331,0.6568023929478142
ind_mom60 q3 & r5 q4,-5.8245742139727495e-05,-0.4336747230180547,-0.8357276873200691,rejected,0.0,0.40330811549212453
r5 q0 & vol_surge5 q4,-0.000106203723206338,-0.7512599018772114,-0.5164167063628545,rejected,0.0,0.6055634000084013
atr_pct q2 & ind_mom60 q4,6.978485664513388e-05,0.6699631981775257,-0.5963642955529598,rejected,0.0,0.5509318872243392
days_to_earn q2 & frog q0,-3.637973174199516e-06,0.16662828150592104,-1.096367021341895,rejected,0.0,0.27291819009960006
ear q1 & earn_in_week q2,-5.7234374035913266e-05,0.08057238699199434,-1.1817613385222188,rejected,0.0,0.23730041220646395
ear_volsurge q3 & ind_mom20 q2,0.000125180209811853,1.0660817200973043,-0.19615509495114664,rejected,0.0,0.8444887742416045
close_loc q0 & r5 q4,4.897623351121711e-05,0.8489975979208156,-0.41307155778244126,rejected,0.0,0.6795541871091361
atr_pct q2 & rel_ind20 q4,3.694085008218128e-05,0.5061792489219668,-0.7555283358485048,rejected,0.0,0.4499320370418431
gap_today q1 & rel_ind20 q1,0.00012981072522174456,0.7398813199734476,0.5203957672892633,rejected,0.0,0.6027877596091742
max20 q3 & vol20 q1,-0.00010947298692830218,-0.6313265846260503,-0.6262693939368783,rejected,0.0,0.5311382576371442
mom_12_1 q1 & r5 q4,3.7692362744264406e-05,0.0676539130748635,1.1889796652319566,rejected,0.0,0.234447668937431
frog q0 & rel_ind20 q4,-2.5016628181608902e-05,-0.16539482216480952,-1.0899100521614982,rejected,0.0,0.27575276816720473
dist_ma200 q2 & rel_ind20 q1,0.00019071309384687012,1.1898993137583178,-0.06528625576273109,rejected,0.0,0.9479460853099376
gap_today q4 & r120 q2,-0.0001273784229923699,-1.1947528332424204,-0.05563827627538598,rejected,0.004317852412962704,0.9556299716584712
r5 q4 & r5_nonews q4,-4.9099478942321314e-05,0.006226072395491699,-1.2440377686553459,rejected,0.0,0.21348566281985623
ind_mom60 q1 & r5_nonews q2,0.0001071099668513998,0.4403660380567775,0.8083878805902085,rejected,0.0,0.41886732650770453
intraday20 q4 & vol_surge1 q1,-0.0001019284368110048,-0.6792750248212133,-0.5680631476974787,rejected,0.0,0.5699920900995212
atr_pct q3 & r5 q4,-0.0001378038191029729,-1.049386336971207,-0.1964074643504055,rejected,0.004728445795327113,0.8442912543376696
log_dv q1 & r5 q4,-8.140176938874307e-05,-0.8496715026962517,0.39460503551499737,rejected,0.0,0.6931343967094175
r5 q1 & rel_ind20 q4,-0.00012490828941789106,-1.2404796770221311,0.003764487029647812,rejected,0.0,0.996996381013932
ins_value30 q2 & r1 q2,0.00018020443607415763,0.6418816893863304,0.5989158068702556,rejected,0.0,0.5492290300779858
range_compress q0 & rel_ind60 q0,-6.0569815995957276e-05,-0.6406630138493787,-0.6000649248076497,rejected,0.0,0.548462967256444
rel_ind20 q3 & skew60 q2,-0.00015918629759510862,-1.0582999387977738,0.18036647073034218,rejected,0.0,0.8568648750949388
dist_ma50 q3 & log_dv q3,-7.001299092088473e-05,-0.22686676775926637,-1.0107436678937276,rejected,0.0,0.3121391309278828
intraday20 q0 & r5 q0,-2.3015203386292084e-05,-0.40244019406005066,0.8340245424590762,rejected,0.0,0.40426715405575725
frog q3 & r5 q1,0.00010212330908015199,0.37956832239824,0.8560462125402203,rejected,0.0,0.3919722183352002
ev_agreement q4 & r5 q4,1.3609245920035803e-05,0.5874600614255777,-0.644391476563903,rejected,0.0,0.519321610220055
days_since_earn q1 & frog q1,0.00011583682131208137,0.6191969796419408,0.6077482198132834,rejected,0.0,0.543354476533664
ear q0 & overnight20 q2,2.6114182608543075e-05,-0.10649809115393949,1.1166201949127894,rejected,0.0,0.2641567531261009
ear_volsurge q3 & overnight20 q3,0.00014088206173774472,0.980325067696302,0.2385626268491709,rejected,0.0048990243897656756,0.8114447478731959
ear q1 & log_dv q3,-6.827374382373313e-05,0.00955591094978499,-1.207229235702006,rejected,0.0,0.22734387430421898
atr_pct q3 & ear q1,0.00010988165883131695,0.6654861933183318,0.5511271615775316,rejected,0.0,0.5815465070568651
close_loc q2 & earn_in_week q4,1.9418053958658555e-05,0.12902518334748264,1.0864398697943323,rejected,0.0,0.27728443031195193
frog q1 & rel_ind60 q0,-0.00014379301393383046,-1.1183457473224458,-0.09379582165877527,rejected,0.0,0.925271350886741
atr_pct q2 & ind_mom60 q3,3.38421737022065e-05,0.44879597660878795,-0.7623495221810881,rejected,0.0,0.44585142461354205
atr_pct q3 & vol_ratio q1,1.6895428606386537e-05,-0.14398482755275813,1.063707411743456,rejected,0.0,0.2874612658104678
range_compress q0 & rel_ind20 q2,-7.900426983991629e-05,-0.7157241444385293,-0.49179725445597866,rejected,0.000810536617135081,0.6228626776359933
gap_today q0 & ind_mom20 q4,3.202204278102858e-05,-0.0008005876676946212,1.2066436799832259,rejected,0.0,0.2275693973134404
overnight20 q2 & vol_ratio q1,-6.839829886956593e-05,-0.6192592556940009,0.5879726012881288,rejected,0.0,0.5565506834436892
r1 q3 & range_compress q4,0.00016579221771358452,1.0195733598142636,0.17985658530649634,rejected,0.004199957367340879,0.8572651592157394
days_to_earn q4 & ins_officer30 q2,-7.87671382973359e-05,-0.5499583762312985,0.6491576917571101,rejected,0.0,0.5162364550793463
ev_agreement q4 & rel_ind20 q4,-2.606520448810859e-06,0.035685429083322825,-1.1625851052918723,rejected,0.0,0.24499787683774718
days_since_earn q2 & vol_surge1 q4,-4.130292906533606e-05,-0.1031867132384187,-1.09342291751037,rejected,0.0,0.2742081558800244
log_dv q3 & r5 q3,4.9631359176132905e-06,0.30251389986929045,-0.89157773529629,rejected,0.0,0.3726193083942434
days_since_earn q1 & news5 q2,8.946715213811062e-05,0.1681357460609547,1.0240890266203533,rejected,0.0,0.30579322696413286
mom_12_1 q2 & r120 q4,0.00010712837101600853,1.1456270584566692,0.04614705489943974,rejected,0.0004520584440086963,0.9631930415464955
frog q1 & rel_ind20 q4,-9.787941030789008e-05,-0.9218968250601633,-0.26773772434626775,rejected,0.010736020139762773,0.7889012097126809
ind_mom60 q3 & news5 q2,-0.00014045044819440842,-0.6312491293641339,-0.5538411117947925,rejected,0.0,0.5796875896261313
min20 q4 & news5 q2,7.030155506102255e-05,0.23845812586801463,0.9455588543836981,rejected,0.0,0.34437363886044037
ear_volsurge q3 & vol_surge1 q1,2.4875234746209306e-05,0.46745902862249583,-0.7159041313066876,rejected,0.0,0.47405054730998303
gap_today q1 & news5 q2,-0.00013720355340180625,-0.5061809754830657,-0.6760037178634061,rejected,0.0,0.4990382845686855
days_since_earn q1 & gap_today q0,-6.542454165620283e-06,-0.30146259371900613,0.880266701956948,rejected,0.0,0.37871484660567184
atr_pct q3 & r5_nonews q3,-3.788607354713397e-05,0.0420662348941093,-1.136792564906307,rejected,0.0,0.2556250122555426
gap_today q0 & r120 q3,7.99191524324295e-05,0.4793625717229048,0.6977507169783668,rejected,0.0,0.48533310462719226
ear q0 & frog q0,-7.106059385335911e-05,-0.18848988872792222,-0.9879735322308509,rejected,0.0,0.3231656109163065
ind_mom60 q1 & r5_nonews q0,-3.1103078117937036e-05,-0.5344198911807886,0.6409200768597103,rejected,0.0,0.5215746110155712
dist_52wh q3 & gap_today q3,0.00012271561721422533,0.6652639245072357,0.5089576455263778,rejected,0.0,0.6107819124130844
rel_ind20 q4 & rel_ind60 q2,-8.685863139181473e-05,-0.7234126667866192,-0.4497169056514848,rejected,0.011346636295324624,0.6529145798668607
atr_pct q2 & max20 q4,7.45563718234454e-05,0.3354245964706703,0.8354315628295387,rejected,0.0,0.4034747648469572
ind_mom20 q4 & news5 q2,-0.00011622762379476513,-0.4942307304366851,-0.6756718248547694,rejected,0.0,0.4992490283211403
overnight20 q4 & vol_surge5 q3,-7.553332564453072e-05,-0.45046052832734756,-0.7166735962162885,rejected,0.0,0.4735755215102205
gap_today q0 & ind_mom20 q2,1.7627355266032578e-05,-0.09041828925697655,1.0766926267732355,rejected,0.0,0.2816176074484296
r5 q3 & vol_surge1 q1,9.35796991691988e-05,0.309400621937112,0.8571660764967809,rejected,0.0,0.3913531076438328
log_dv q3 & min20 q4,0.00010787903069887149,0.6468109209995707,0.5195431138584442,rejected,0.0,0.6033820557128251
mom_12_1 q2 & news5 q2,-0.0001232338983718738,-0.7362974973397488,0.4293542325807967,rejected,0.0,0.6676654551703012
max20 q4 & news5 q2,-0.00013487567818489424,-1.1511211497951541,-0.007928027877710317,rejected,1.4002540815071898e-05,0.993674415223153
gap_today q1 & rel_ind20 q2,0.0001482054494128722,1.0049281474115666,-0.15308484211283005,rejected,0.0,0.8783313692208458
frog q1 & r20 q2,0.0001673471093826237,1.1318700973305165,0.022468355781131284,rejected,0.0,0.9820743540533432
dist_ma50 q4 & r5 q3,-5.225136311087054e-06,0.21626609207964548,-0.9379343584235935,rejected,0.0,0.34827814479773495
r5_nonews q4 & rel_ind20 q2,5.9165069251833245e-05,0.6951155842785923,-0.4555898102588099,rejected,0.0,0.6486849719095157
atr_pct q0 & news5 q2,0.00011228084271048346,0.6286324988301486,0.5210534768856457,rejected,0.0,0.6023295186950381
days_since_earn q2 & intraday20 q4,-0.00011831844636892658,-0.8954702185204331,-0.25273630172362044,rejected,0.005336909594383817,0.8004719936190722
close_loc q0 & frog q3,6.99749647310194e-05,0.8474307464349603,-0.29950262524775667,rejected,0.0,0.7645565692528088
frog q3 & range_compress q4,0.00011772013480480682,0.8778684986896133,-0.26755450657910207,rejected,0.0,0.7890422530012485
close_loc q0 & r20 q3,0.00012004857492609265,1.0783671953728176,0.066457635290642,rejected,0.003484226203600147,0.9470134852480536
days_since_earn q2 & overnight20 q2,-0.0001093417419341243,-0.4919299557503651,-0.6513422672598156,rejected,0.0,0.514825569544161
close_loc q0 & rel_ind20 q4,-6.072201252128709e-05,-0.674523681963257,-0.46636589379318344,rejected,0.004435612207727823,0.6409536200045831
overnight20 q2 & r20 q0,-2.3459277733580038e-05,-0.47547578935913737,0.6649895465511148,rejected,0.0,0.5060571791806885
frog q3 & rel_ind60 q3,4.787085240903037e-05,0.48580645660456045,-0.6526102273289626,rejected,0.0,0.5140075904830461
dist_ma50 q4 & r5_nonews q3,-8.964464284660887e-05,-0.5645088906658126,-0.5680651551255556,rejected,0.0,0.5699907270635464
dist_52wh q2 & vol_ratio q2,-1.5253598804912733e-05,-0.29384043677311816,0.8374288149282896,rejected,0.0,0.4023515745087887
ear_volsurge q3 & r5 q4,-9.090619235123759e-05,-0.696387900151518,-0.4344114182124731,rejected,0.008997278281700613,0.6639897076372159
r5 q3 & vol_surge5 q3,-5.5920995621519875e-06,0.22387126993881565,-0.9060471852814574,rejected,0.0,0.3649108780407187
days_since_earn q2 & ev_agreement q4,5.738758063983846e-05,1.110585491011668,-0.01827056111149653,rejected,0.0,0.9854230123754182
atr_pct q2 & log_dv q3,-8.824942019113483e-05,-0.2933539678937313,-0.8344058424928089,rejected,0.0,0.4040523260559272
r20 q4 & r5_nonews q3,-5.4589879620120654e-05,-0.2527689313540266,-0.8728495510330243,rejected,0.0,0.38274508711022004
log_dv q0 & vol_surge5 q4,-3.2910337487789154e-05,-0.2246854467243769,-0.8949056673938312,rejected,0.0,0.3708375169190012
r5 q3 & r5_nonews q4,1.5765531266755125e-05,0.44529014626943486,-0.6730072770790824,rejected,0.0,0.5009426613183092
days_to_earn q2 & r120 q0,6.551285677103374e-06,0.2404544924933927,-0.876938986818814,rejected,0.0,0.38051977873000187
dist_ma200 q0 & r5_news q4,3.1112227939195605e-06,-0.1257645243659802,0.9832420642142263,rejected,0.0,0.3254883166531838
dist_52wh q4 & ear_volsurge q2,-5.145069517187387e-05,-0.4540790962442812,0.6530984253503501,rejected,0.0,0.5136928273614432
ear q1 & log_dv q1,-0.00010399799964281093,-0.6731531352513577,-0.43185713678277987,rejected,0.011100296356638933,0.6658452494181516
days_since_earn q0 & ind_mom60 q1,-8.301006224894763e-05,-0.9164629950871224,0.18127099470162109,rejected,0.0,0.8561548717266758
r120 q4 & r5 q2,9.944901377136296e-05,0.7726636770525439,0.3247145669815228,rejected,0.011920705689747967,0.745397108740522
days_since_earn q1 & ear q0,-1.0321245663842896e-05,-0.3758714623171293,0.721483826548955,rejected,0.0,0.4706118879952525
frog q3 & range_compress q2,6.438552216199503e-05,0.5447462825894356,-0.5509886062214205,rejected,0.0,0.5816414851417895
dist_ma50 q4 & mom_12_1 q2,-0.00011247100723204508,-1.0681475614138458,-0.026781759237579257,rejected,0.0,0.9786338020196093
min20 q4 & range_compress q0,8.421456878373953e-05,0.8476099943343072,0.24656276533187207,rejected,0.005115278938846381,0.8052466239166871
ear_volsurge q3 & ind_mom20 q4,-7.044893082493452e-05,-0.32705689044640357,-0.766348838760322,rejected,0.0,0.4434687657664685
ear_volsurge q3 & rel_ind20 q4,-3.0164877704716393e-05,0.020979762850480328,-1.0714710385577462,rejected,0.0,0.28395768610269106
close_loc q1 & days_since_earn q3,0.00013388673870734188,0.981616533214937,0.10652139908509922,rejected,0.0,0.915168677984165
r20 q4 & r5 q3,-5.609477183779965e-06,0.18496543641427565,-0.9002370475313287,rejected,0.0,0.36799411444708446
dist_ma50 q3 & ins_value30 q4,-3.098333511051379e-05,-0.06417208556336103,-1.0206389369200997,rejected,0.0,0.30742553476944606
r5 q1 & vol_surge5 q3,9.278899550978747e-05,0.39165427082904614,0.6925751976751211,rejected,0.0,0.4885761797270113
atr_pct q3 & log_dv q3,-7.971315120908597e-05,-0.40440132384704375,-0.6776183691486821,rejected,0.0,0.49801369613370283
intraday20 q4 & min20 q4,-1.2350547332279509e-05,-0.27751274746858645,0.8002774360966052,rejected,0.0,0.42355007321852983
overnight20 q4 & rel_ind60 q4,-8.276188901717662e-05,-0.7781865907818415,-0.29824033898593333,rejected,0.009296808839434555,0.7655197358112593
atr_pct q2 & ear_volsurge q3,2.0768506492249554e-05,0.3763543113616309,-0.6970313743439441,rejected,0.0,0.4857831593979779
log_dv q1 & mom_12_1 q2,-8.198692729302329e-05,-0.6815260464224645,0.3888069091103157,rejected,0.0,0.6974189894685989
news5 q2 & overnight20 q2,0.00014779958395909332,0.5696366192351672,0.5005824275885741,rejected,0.0,0.6166650320649169
days_since_earn q0 & rel_ind60 q3,0.00012066004284862204,1.0220942425698283,-0.04704819429574529,rejected,0.0,0.9624748165376076
mom_12_1 q0 & rel_ind60 q2,6.3136047820673e-05,0.44364196995678673,0.6225580678901215,rejected,0.0,0.5335749737593765
intraday20 q1 & r1 q0,0.000100507073138781,0.8811099968394986,-0.18411201554721904,rejected,0.0,0.853925580566589
frog q0 & vol_surge1 q1,0.0001085816531272729,0.736761483835894,0.3272623602032867,rejected,0.012808503738051043,0.7434694585414825
ear_volsurge q3 & rel_ind60 q2,0.00015585181290078042,1.0462069559236657,-0.0132298876203519,rejected,0.0,0.9894443848522196
ear q1 & r1 q4,4.467365094051849e-06,0.2987562694049422,-0.7561151283915882,rejected,0.0,0.44958017233918735
dist_ma50 q4 & gap_today q1,2.2349749451070572e-05,0.37105027659096257,-0.6783773411433772,rejected,0.0,0.49753247208100543
atr_pct q2 & ear_volsurge q0,-4.1534576869269054e-05,0.10458440837204698,-0.9427600662963421,rejected,0.0,0.3458036418947836
days_to_earn q4 & news5 q4,-8.196260536369599e-05,-0.5533661319407339,-0.4921874296303015,rejected,0.00017391551727801317,0.6225868499861859
days_to_earn q2 & vol_surge1 q1,5.214975479893043e-05,0.08081852240622488,0.9635518587522449,rejected,0.0,0.3352706525938121
atr_pct q3 & ind_mom60 q3,1.847100696155862e-05,-0.11916453776489534,0.9237239630761698,rejected,0.0,0.3556300524481584
earn_in_week q1 & vol_surge1 q4,-8.578303423702254e-06,-0.29470797644766167,0.7479389962430689,rejected,0.0,0.45449695449083344
dist_ma200 q1 & vol20 q1,0.00016057440781588005,0.994514923340592,0.04647644066301727,rejected,0.0,0.9629305114178054
atr_pct q3 & gap_today q1,-4.661839377638018e-05,-0.05717967547185349,-0.9832956645591383,rejected,0.0,0.32546194326916483
dist_ma50 q4 & ind_mom60 q3,-2.544609508236827e-05,0.05504044402367105,-0.9804132878940034,rejected,0.0,0.3268821532200851
ev_red_flag q2 & news5 q4,-0.00012007510484406235,-0.6732180541733984,-0.3620748312232661,rejected,0.014264634448236462,0.7172961112114284
days_since_earn q2 & vol_surge5 q3,4.748501067124547e-05,0.10411835543148867,0.9308477814379352,rejected,0.0,0.35193230929473585
ear q0 & earn_in_week q1,2.150787739095468e-05,0.19520576960717637,0.8367849224596304,rejected,0.0,0.4027134739640716
atr_pct q1 & r5_nonews q4,8.859167247268238e-05,0.46974516357535695,0.5616393791032105,rejected,0.0,0.574361744649414
atr_pct q0 & gap_today q1,4.7223865857226316e-05,0.16294464799775643,0.8672407464301138,rejected,0.0,0.3858101149790815
frog q0 & min20 q4,8.234711265279026e-05,0.5165713571380394,0.5119858227946775,rejected,0.0,0.6086609317767451
atr_pct q3 & ear_volsurge q3,9.950185489545241e-05,0.6504264152359174,0.37604739928832415,rejected,0.012476652432070644,0.7068816582337538
ear q1 & vol_surge1 q1,0.00010915745785584441,0.580407883319217,0.44525811798540726,rejected,0.012460167230054189,0.6561332309502407
atr_pct q0 & gap_today q0,-5.099999114809023e-05,-0.5653636098323295,0.4596637868843809,rejected,0.0,0.6457575664045366
r5_nonews q4 & range_compress q2,5.5857867246707056e-05,0.2746846054816675,0.7486756714836597,rejected,0.0,0.4540527105405885
atr_pct q3 & r5_nonews q2,5.6173298558862304e-05,0.0992187800350043,0.9233345453840336,rejected,0.0,0.3558328905293105
log_dv q3 & rel_ind60 q2,-0.00010984029048471558,-0.7669798832333943,0.2529862879483697,rejected,0.0,0.8002788092442114
ev_agreement q4 & frog q0,1.0905911513765266e-05,0.38518534914981445,-0.6326660998451898,rejected,0.0,0.5269517120494043
days_to_earn q2 & gap_today q0,-5.4053924761112846e-05,-0.40987363226740686,-0.6077728658067254,rejected,0.0,0.543338128026993
days_to_earn q3 & frog q4,9.767696900159769e-05,0.7907864986717035,-0.22608902326657795,rejected,0.0,0.8211321817394849
earn_in_week q1 & news5 q2,-9.376986674634964e-05,-0.3047786370622245,-0.7082547055089768,rejected,0.0,0.4787870994876967
atr_pct q0 & ind_mom60 q4,2.922280066616797e-05,-1.4137150163918157e-05,1.0102778039088063,rejected,0.0,0.31236221225209154
close_loc q2 & gap_today q0,-4.544209541895277e-05,-0.5443952030850298,0.46438803257239597,rejected,0.0,0.6423697626522653
r5 q4 & rel_ind60 q2,3.690786776026259e-05,0.11551467627990461,0.8923032893372305,rejected,0.0,0.3722303916632652
frog q1 & vol_ratio q1,3.5011056563966145e-05,-0.03369526515337516,0.972619973735618,rejected,0.0,0.33074221184709124
frog q0 & gap_today q0,-5.8394347488356906e-05,-0.662778332832526,0.34302231832630925,rejected,0.0,0.7315816700713464
close_loc q0 & r5 q3,-6.43465714165864e-05,-0.354826582080827,-0.6469163735194835,rejected,0.0,0.5176860682178726
dist_ma50 q4 & range_compress q2,-7.841302080398397e-05,-0.5024545497463556,-0.4928776023318604,rejected,0.0,0.6220990739535138
ind_mom60 q4 & rel_ind60 q3,-6.120225663625493e-05,-0.6072550895738028,0.38801786979265285,rejected,0.0,0.698002809450456
ind_mom60 q1 & r5 q1,5.734780094539932e-05,0.21241171762890004,0.781078073021224,rejected,0.0,0.4347565773960202
log_dv q2 & rel_ind20 q0,0.00010575323865455565,0.91117635099147,-0.08177329526507256,rejected,0.0,0.9348269922275791
ind_mom20 q2 & r20 q4,-4.863062947766798e-05,-0.38307125138889797,-0.6091097814546746,rejected,0.0,0.5424516745339034
r5 q4 & range_compress q2,6.187617470846212e-05,0.43074759594842377,0.5610680081500228,rejected,0.0,0.5747511762756122
r5_nonews q2 & rel_ind60 q0,-0.0001038513044236144,-0.9467272132054594,0.04501498767929053,rejected,0.0,0.9640953626236335
atr_pct q3 & max20 q4,-6.237908602662382e-05,-0.25079849451727176,-0.7387100518619544,rejected,0.0,0.4600830806884614
atr_pct q3 & earn_in_week q1,-7.870586102413979e-05,-0.7898108173479224,-0.19939712141570945,rejected,0.004623049787113392,0.8419521120517317
gap_today q1 & r5_nonews q2,0.0001268436984487356,0.8027257608323547,0.18581551634759355,rejected,0.0,0.8525894361557984
mom_12_1 q2 & r5 q3,-6.372766296602723e-05,-0.08290261603177133,-0.9009640997586762,rejected,0.0,0.367607407848978
ev_agreement q4 & frog q3,4.1717118152596445e-05,0.8829665809937284,-0.09624857483027588,rejected,0.0,0.9233231527226908
ind_mom20 q4 & r5_nonews q0,-1.0303006157124069e-05,0.10383213178957702,-0.8736896191534428,rejected,0.0,0.38228730572718617
atr_pct q2 & intraday20 q4,-6.314019484292201e-05,-0.20284248313252506,-0.7694534631318344,rejected,0.0,0.441624160832821
atr_pct q2 & rel_ind20 q2,0.00011187497561265705,0.7177746827344589,0.2515367881591334,rejected,0.004303687442308561,0.8013991234059957
mom_12_1 q2 & overnight20 q2,0.00012382633478387117,0.6462759935791015,0.32171124249197175,rejected,0.012160683418432617,0.7476714600161836
range_compress q2 & vol_ratio q1,9.160766776160661e-05,0.37308679226124636,0.5940070765289056,rejected,0.0,0.5525073799136664
ind_mom60 q3 & overnight20 q2,6.053726868133912e-05,0.5428968807009937,-0.42253908186352174,rejected,0.0,0.6726315807081451
gap_today q0 & mom_12_1 q1,1.7672091777337472e-05,-0.15884848541181096,0.8065298668939214,rejected,0.0,0.41993739396724983
overnight20 q3 & range_compress q0,8.519903214589346e-06,0.3328903637917869,-0.6312643117571441,rejected,0.0,0.5278677176638147
atr_pct q3 & frog q1,-2.9133401220808358e-05,-0.37528918189769817,0.5885060738689004,rejected,0.0,0.5561926581792779
days_since_earn q2 & vol_surge1 q1,6.554602392398783e-05,0.07049800124622985,0.8931472156213446,rejected,0.0,0.37177834084522404
min20 q1 & r5_news q2,4.8544267929243314e-05,0.40528210042818164,-0.5556223562523903,rejected,0.0,0.5784690450685583
atr_pct q0 & log_dv q1,0.0001068813024184646,0.49688589672570205,0.4637777693154123,rejected,0.003789656694476126,0.6428069722018219
earn_in_week q4 & vol20 q3,-1.5290471366747888e-05,-0.26017596314709035,-0.7002966396049392,rejected,0.0,0.4837420699144236
days_since_earn q1 & r5_news q4,4.164012001760139e-05,0.8166185306290805,-0.14255061079423623,rejected,0.0,0.8866451058685947
ev_agreement q4 & r5_nonews q2,3.808953674676948e-05,0.702671203256184,-0.25633215586954927,rejected,0.0,0.7976943696846536
min20 q4 & rel_ind20 q4,7.276991632653477e-05,0.30397403123669886,0.6495678826547061,rejected,0.0,0.5159713847236804
range_compress q0 & vol_surge1 q2,-6.495620283246997e-05,-0.6642509286123901,-0.2869112904645522,rejected,0.009430277112521326,0.7741802452411904
dist_52wh q1 & ear_volsurge q0,-8.230911701145463e-05,-0.723782332971137,-0.22602775925695415,rejected,0.006516624667357547,0.8211798301847287
mom_12_1 q3 & r20 q3,-9.46250919308576e-05,-0.4187723226897126,-0.5281285112513497,rejected,0.0,0.5974101432470315
range_compress q1 & vol_surge5 q4,-4.450333776928911e-05,-0.35026477631885455,-0.596038842730406,rejected,0.0,0.5511492783170029
ev_offering q4 & ins_value30 q2,-6.946855975910394e-05,-0.6828909107189604,-0.2611664381830811,rejected,0.008477909506390102,0.7939641586054654
gap_today q0 & range_compress q2,7.225231534957273e-05,0.4906481818872648,0.45133324350996074,rejected,0.009134645689618125,0.6517493887198262
rel_ind20 q4 & rel_ind60 q0,-1.634384351981514e-05,-0.2846290815881056,-0.6567433792246928,rejected,0.0,0.5113459366560902
ear q1 & overnight20 q3,9.731761096934867e-05,0.7373272704929005,-0.20242435775608023,rejected,0.0,0.8395849877994936
max20 q0 & vol_surge5 q2,2.710528592475702e-05,-0.04000768822098743,0.8981954005824951,rejected,0.0,0.36908138504285376
r5 q3 & rel_ind20 q4,5.108207909376724e-05,0.50576601828928,-0.4306422375871213,rejected,0.0,0.6667285246357428
ear_volsurge q3 & r5_nonews q4,-4.984933287489886e-05,-0.24326538041351323,-0.6919505479678469,rejected,0.0,0.48896838514209
ear_volsurge q3 & earn_in_week q1,-3.92115908462367e-05,-0.33943830434121086,-0.5953732892253579,rejected,0.0,0.5515939760545009
dist_ma50 q4 & r5 q1,-5.3149123380059386e-05,-0.6681315364540156,0.2625988421800897,rejected,0.0,0.7928597925568441
intraday20 q4 & r5_nonews q3,1.0029708573984973e-05,0.2530261280075745,-0.674760943323655,rejected,0.0,0.49982765811949037
ear q0 & r5 q4,-7.546049954024669e-05,-0.7406995453896176,-0.1852103860571219,rejected,0.0,0.853064023129197
overnight20 q2 & r5_nonews q3,7.73253793518605e-05,0.35835631092757025,0.5670197889608523,rejected,0.0,0.5707007369450661
atr_pct q2 & ind_mom20 q4,8.155753832410943e-05,0.6957102374462774,-0.22895720485731533,rejected,0.0,0.818902178193712
ear_volsurge q4 & mom_12_1 q1,0.00011161764396454557,0.8516624910080572,0.07240186937785971,rejected,0.0026364241036495577,0.9422820971527224
ind_mom20 q1 & vol20 q1,0.00014236568278701322,0.8898428880928004,0.034141159617821756,rejected,0.0,0.9727645869739419
r20 q0 & range_compress q0,-2.154274818303389e-05,-0.414155348039587,0.5069495873641245,rejected,0.0,0.6121901912153951
mom_12_1 q0 & range_compress q2,6.849437248501347e-05,0.44322970753459173,0.4770239662479094,rejected,0.00058120082235171,0.6333450556936415
frog q4 & skew60 q3,3.6302069748944866e-05,0.4401606758773095,-0.4793238794795874,rejected,0.0,0.6317082366939706
days_since_earn q4 & rel_ind20 q2,2.106773220803536e-05,0.3402361692772445,-0.574496279195794,rejected,0.0,0.5656320176953806
r5 q4 & range_compress q4,-2.983409683925742e-05,-0.005973405275525236,-0.9083457906770382,rejected,0.0,0.3636955567680699
atr_pct q0 & vol_ratio q4,8.57288625221132e-05,0.7797703670182636,0.13307509434930517,rejected,0.0029347173449137164,0.8941339917705322
ear q2 & skew60 q1,-0.00010043436091744057,-0.4116446198607369,-0.5004378510293405,rejected,0.0,0.6167668068757652
ind_mom60 q4 & intraday20 q1,-4.475265038057024e-05,-0.13517628529839587,-0.7745809018945816,rejected,0.0,0.4385873460183237
days_since_earn q3 & vol_surge5 q1,0.00010299565280647713,0.5603914360832719,0.3489975763981884,rejected,0.014599598194467519,0.7270911290698714
min20 q2 & vol_ratio q1,7.438511300509707e-05,0.6260789456006417,-0.27607502358191804,rejected,0.0,0.7824904437523582
r5_nonews q2 & vol_surge1 q2,0.00011943416749404832,0.8508945947800136,0.05093401102187158,rejected,0.001927655165179135,0.9593781037961322
overnight20 q3 & range_compress q2,-6.248508237182023e-05,-0.2743393783910092,-0.623167624641697,rejected,0.0,0.5331743744771323
ear_volsurge q3 & r5 q1,6.31703816973083e-05,0.13547655180266574,0.7606214226311998,rejected,0.0,0.4468832204466442
ear q1 & max20 q0,-2.183692642404412e-05,-0.30795150413355254,0.5862556779532955,rejected,0.0,0.5577037108270466
gap_today q1 & overnight20 q2,7.380555281433764e-05,0.3200455541049052,0.5735507138049538,rejected,0.0,0.5662718717949105
frog q1 & mom_12_1 q0,1.3153727932713987e-05,-0.1227199725080232,0.7704336419916992,rejected,0.0,0.44104270375343335
ear q1 & r5 q1,-3.185116226349256e-05,-0.35583028829991953,0.5366115223894553,rejected,0.0,0.5915359833405047
r60 q3 & range_compress q1,0.000117085136849968,0.6479246668675334,0.2443032887749618,rejected,0.0034719132969577024,0.8069959365617644
days_since_earn q2 & frog q1,0.00012176557586863511,0.8745307133971443,-0.014737582730086412,rejected,0.0,0.9882415359268859
r1 q4 & range_compress q2,-5.4869200686476476e-05,-0.5182167321543687,0.3663166788148861,rejected,0.0,0.714128785365454
days_to_earn q0 & ev_red_flag q2,0.00014998694727645206,0.8216987851454524,0.058987132392324636,rejected,0.0031934848239165863,0.952962357128849
mom_12_1 q3 & range_compress q4,0.00010230627941847919,0.42009629936148,0.4573480838080616,rejected,0.004313595146601864,0.6474208737061167
dist_ma50 q0 & vol_ratio q4,-3.5641379138978825e-06,-0.24538300473676558,0.6293019300392404,rejected,0.0,0.5291514080476726
log_dv q1 & min20 q4,9.761747913248847e-05,0.42794676896156797,0.44653222073512966,rejected,0.011631080834927502,0.655212843404892
dist_52wh q2 & r60 q4,-7.515519127357052e-05,-0.8631032690786563,-0.008281170805027044,rejected,9.18551312125271e-05,0.9933926571888784
frog q3 & r5_nonews q2,4.6002112939714964e-05,0.09616143625706092,0.7727812671654415,rejected,0.0,0.439651841647079
vol20 q0 & vol_surge1 q4,4.3296922556128496e-05,0.44812358848481426,-0.4201842201229407,rejected,0.0,0.674350881434508
ear q1 & r5_nonews q3,-8.300923268646096e-05,-0.4059361567284663,-0.46123444565682725,rejected,0.0033318665731520113,0.6446304111286287
min20 q4 & r20 q4,-7.177663415975059e-05,-0.5709395976412482,0.2928108945768487,rejected,0.0,0.7696667003957536
mom_12_1 q4 & r5_nonews q1,-7.778112508785809e-05,-0.7758628576659287,0.08686050003613531,rejected,0.0,0.9307823972112919
max20 q0 & range_compress q0,-4.6476498690461335e-05,-0.8441180543811506,-0.016181329183755692,rejected,0.0,0.9870897306677572
dist_ma50 q1 & overnight20 q2,8.310639042007744e-05,0.5828024732215794,-0.27516827728818855,rejected,0.0,0.7831869575892465
max20 q4 & range_compress q3,1.6552454530349641e-06,0.23339121798931317,-0.6215017670882301,rejected,0.0,0.5342695321842243
ind_mom20 q4 & vol_surge5 q3,-6.770876853372476e-06,0.1748916164362829,-0.677354468386701,rejected,0.0,0.49818107967822345
ear q1 & r20 q0,6.999215377944909e-07,0.22613498106483626,-0.6249734692636056,rejected,0.0,0.5319884709460692
ear q0 & ear_volsurge q3,8.002311955889095e-05,0.5176918244537347,0.3303586173639599,rejected,0.011007688331464573,0.7411290063923333
skew60 q3 & vol_ratio q2,-8.71183592413388e-05,-0.6610087431112692,0.18414122033656433,rejected,0.0,0.8539026701872046
earn_in_week q1 & ind_mom20 q4,-2.4992003978568564e-05,-0.19903215919281672,-0.6438052143132155,rejected,0.0,0.519701752086544
gap_today q0 & vol_surge5 q3,3.0575362369311e-05,-0.0027333055971180786,0.8353602358646428,rejected,0.0,0.4035149115346298
r5_nonews q2 & rel_ind20 q4,3.3950342762743866e-05,0.21724322969056198,0.6184446105291266,rejected,0.0,0.5362822989684266
frog q0 & r60 q2,-4.919140787705883e-05,-0.31169668949671925,-0.5236517307081945,rejected,0.0,0.6005207941345783
ear q0 & ind_mom60 q3,-2.128491905277696e-05,0.08186512752730382,-0.7532123855209569,rejected,0.0,0.4513222978238122
ind_mom20 q2 & rel_ind60 q2,-0.00010084058015329584,-0.7317827248647386,0.10059023191523114,rejected,0.0,0.9198757511769529
days_to_earn q2 & ind_mom20 q2,-1.573275998529144e-05,-0.2643126553911538,0.5675885080279572,rejected,0.0,0.5703144122398609
earn_in_week q1 & r5 q1,-2.411263851091702e-06,-0.3333721656312277,0.49542045852932487,rejected,0.0,0.6203033563017364
ear_volsurge q1 & r60 q3,9.151871808490827e-05,0.496089406382566,0.3312933990633338,rejected,0.010980668084846358,0.7404228768442709
dist_ma50 q4 & ev_agreement q4,-1.2670110680562941e-05,-0.2121618966227324,-0.6121320022916011,rejected,0.0,0.5404504256863205
ear q1 & gap_today q1,-7.038561164990524e-05,-0.31677036201649156,-0.5065579800377619,rejected,0.0003448268909338215,0.6124649980862731
ind_mom20 q2 & r5 q3,9.13259234216111e-05,0.7254224433310201,0.09522988426996816,rejected,0.0005936876300383841,0.924132233630425
frog q1 & vol_surge1 q2,1.4823528917153155e-05,-0.11778900785105965,0.701995238562338,rejected,0.0,0.4826821328418623
log_dv q1 & rel_ind60 q0,2.574605657742461e-05,0.05392067566310706,0.7569865269234115,rejected,0.0,0.44905793430650937
ind_mom20 q2 & r5 q4,3.6886008418296095e-05,0.46372753580243,-0.3465596050226785,rejected,0.0,0.7289221976968583
ear q1 & frog q0,-5.6054757966744466e-05,-0.1729148113210177,-0.63715672198801,rejected,0.0,0.5240227645302952
ear q0 & ind_mom20 q4,6.971621572684013e-05,0.7481549645500221,-0.06164314401835679,rejected,0.0,0.9508470182936833
earn_in_week q1 & gap_today q1,-4.251886659679685e-05,-0.5398959467546031,0.2694046992158361,rejected,0.0,0.7876182703524968
overnight20 q2 & rel_ind20 q4,7.596012848627362e-05,0.6214374292398178,0.18350330002778636,rejected,0.0006105466035637556,0.8544031296924967
ear q1 & frog q3,1.4279181946658743e-05,0.27082468572399343,-0.5320792109569858,rejected,0.0,0.5946711351899648
frog q1 & ind_mom60 q1,8.531262109170655e-05,0.6017101450280247,0.19411004409955956,rejected,0.00377690819143863,0.8460897171531379
r120 q1 & r5_nonews q0,0.00010209094813911383,0.7856405074553556,-0.009879232386608247,rejected,0.0,0.9921176412250448
r5_nonews q3 & rel_ind20 q4,-2.614033778269449e-05,-0.012904688004401234,-0.7796532325635241,rejected,0.0,0.43559501357510905
ear_volsurge q3 & rel_ind20 q1,8.949595448440983e-05,0.5210895658601666,0.27037756346334363,rejected,0.009395940108058953,0.7868697992826026
ins_officer30 q2 & r5 q0,-5.55194068360853e-05,-0.41979784815138893,0.36922581728287385,rejected,0.0,0.7119594139067809
gap_today q0 & rel_ind60 q0,1.4852120409593631e-05,-0.0023325896768442277,0.7860201103253396,rejected,0.0,0.43185570557172576
max20 q0 & r20 q4,4.314144151564763e-06,0.18567253616657994,-0.6020979457043815,rejected,0.0,0.5471089418953452
mom_12_1 q2 & r5_nonews q4,-7.77777327174949e-05,-0.669907432625939,-0.11072718689227946,rejected,0.0,0.9118326865176624
mom_12_1 q1 & r5_nonews q2,2.7292507259787336e-06,-0.1520158783872423,0.6283184070629755,rejected,0.0,0.5297953757081799
frog q0 & range_compress q4,-2.551531435195041e-05,-0.3059725181279323,0.47315746977379686,rejected,0.0,0.6361008380054765
days_since_earn q1 & frog q3,-3.972764222785227e-05,-0.08605261617666685,-0.6903236708464761,rejected,0.0,0.48999066535841723
overnight20 q2 & rel_ind20 q2,0.0001119476124325957,0.7373738007740414,-0.03858257683651248,rejected,0.0,0.9692231936193411
log_dv q1 & r5_nonews q3,-3.303611537411045e-05,-0.01345880225330028,-0.7568131384752008,rejected,0.0,0.4491618203342658
news5 q1 & vol_surge1 q2,4.2572611491230716e-05,0.05063276484090481,0.7191884735622623,rejected,0.0,0.47202480038069283
gap_today q1 & rel_ind20 q4,-5.462363480814522e-05,-0.36346829024488725,-0.40436122244781225,rejected,0.010001374303113628,0.685947111152536
rel_ind20 q4 & vol_surge1 q2,-5.75478178617805e-05,-0.4155291478344803,-0.3516777622327241,rejected,0.01260898859914872,0.7250799396929575
r1 q1 & r5_news q4,-4.523451180712177e-05,-0.4948285556203579,-0.27064696697099627,rejected,0.008337563844529787,0.786662569034275
days_since_earn q2 & max20 q4,-6.070726581426854e-06,0.09504592429633452,-0.6676718704472236,rejected,0.0,0.5043430696557538
news5 q2 & rel_ind60 q0,9.946899981664826e-06,0.212371263715237,-0.5501701247419573,rejected,0.0,0.5822026925664987
frog q0 & ind_mom60 q1,-4.021748105030092e-05,-0.41903454677741603,0.3430229585459133,rejected,0.0,0.7315811884358333
intraday20 q2 & r20 q3,8.032468908738195e-05,0.6262130863086433,-0.13555546084470052,rejected,0.0,0.8921727174443422
earn_in_week q1 & r5 q3,-4.72268557041333e-05,-0.328288780508428,-0.4320312569805229,rejected,0.008347878548453348,0.6657186957333314
earn_in_week q1 & r5_nonews q2,-2.3209003003178836e-05,-0.3817385052469666,0.3773345417066703,rejected,0.0,0.7059250055486237
days_since_earn q4 & vol20 q3,-5.390128940091117e-05,-0.462311255691928,-0.2963882813959916,rejected,0.007976915442995188,0.7669335736091589
ind_mom20 q4 & min20 q4,-5.0945001000734103e-05,-0.45281767045338783,0.3041605495209563,rejected,0.0,0.761005578726381
dist_ma200 q2 & vol_surge1 q3,7.722464709071493e-05,0.33104414581664676,0.424849732515932,rejected,0.007466099596547958,0.6709462207903347
atr_pct q2 & r1 q4,-9.190286009538615e-06,0.13681870231991533,-0.6189822381190321,rejected,0.0,0.535928060049536
ear_volsurge q3 & gap_today q0,3.934870923087419e-05,0.10443669273033594,0.65107989847038,rejected,0.0,0.5149949117942917
log_dv q1 & r5_nonews q4,-6.543831469498548e-05,-0.49450170576247066,-0.26011739583349036,rejected,0.007131648735446748,0.7947732197374987
ind_mom20 q1 & max20 q3,-1.554150059505541e-05,-0.27077893762835215,0.48373911439075507,rejected,0.0,0.6285710301373393
dist_ma50 q0 & max20 q0,9.78240005982404e-05,0.6151049995512211,0.1373397154820198,rejected,0.0013301901173989757,0.8907622794324037
r5 q1 & r5_nonews q2,-2.580251905726012e-07,-0.20454379381221266,0.54768942464059,rejected,0.0,0.5839051748259798
gap_today q0 & rel_ind20 q1,-6.485857013421772e-05,-0.39409048693115145,-0.35789130598483804,rejected,0.012444943493489277,0.7204246572035315
days_to_earn q2 & ev_agreement q4,1.0872832131815633e-05,0.1537571040972767,0.5981242448543812,rejected,0.0,0.5497570340194167
days_to_earn q2 & r5 q3,-5.13721262627775e-05,-0.13204682772465529,-0.618440833847433,rejected,0.0,0.5362847878133392
frog q2 & log_dv q2,4.766535905817784e-06,-0.24378355674701854,0.5063643620531686,rejected,0.0,0.612600887884956
gap_today q0 & min20 q4,1.7428505316745204e-05,-0.03479524360096526,0.7150040487852494,rejected,0.0,0.4746065414768807
atr_pct q2 & min20 q4,7.347755375602026e-05,0.6052483965533756,-0.14139285210227492,rejected,0.0,0.8875596007396356
ear_volsurge q3 & r5_nonews q2,-4.202254607106256e-05,-0.07822575806238967,-0.6649419148380094,rejected,0.0,0.5060876453759515
r5_nonews q4 & range_compress q4,4.9332446447934924e-05,0.4851893978761103,-0.2570942259014592,rejected,0.0,0.7971060348394648
ear q1 & r5 q3,-6.765525839085419e-05,-0.3229272899443953,-0.41723432402328486,rejected,0.008412574500614368,0.676507021400776
atr_pct q3 & ind_mom20 q4,-4.849336088927544e-05,-0.22928818098364334,-0.510045880913773,rejected,0.0,0.6100193187481595
log_dv q1 & news5 q2,1.2029977531732292e-05,-0.10854749396561415,0.6305934963602882,rejected,0.0,0.5283063523767636
max20 q4 & min20 q4,-1.4129875072710304e-05,-0.28676270445164226,0.44929226356743224,rejected,0.0,0.6532208379374663
close_loc q0 & r5 q1,9.104889908363072e-05,0.49994687742693467,0.23237058034628616,rejected,0.003019304411721937,0.8162501970735677
days_since_earn q1 & r5_nonews q2,7.286686374405042e-05,0.5507394682245493,-0.179125838087416,rejected,0.0,0.857838894249852
days_since_earn q3 & vol_ratio q2,2.8058472624379626e-05,0.3297734056065339,-0.39994852559295946,rejected,0.0,0.6891944301438528
gap_today q0 & overnight20 q2,-2.2075421346760916e-05,-0.3066294152871213,0.4213307605037001,rejected,0.0,0.6735135713342506
atr_pct q3 & frog q0,6.653459419966371e-05,0.44554070617126784,0.2812474503024662,rejected,0.0065920372992270965,0.778520612690546
ins_buyers30 q4 & r5 q4,1.2670510764397063e-06,0.18583640794082204,-0.5403028979075215,rejected,0.0,0.5889881602149108
days_to_earn q0 & vol_surge5 q1,2.2737232118328772e-05,0.33464837708174294,-0.38550891400455434,rejected,0.0,0.6998604034645188
ear q1 & r5_nonews q4,-3.121708356973267e-05,-0.047948334575283386,-0.6706590146443907,rejected,0.0,0.5024377780699527
days_since_earn q2 & gap_today q1,2.017602613296551e-05,0.283943617676159,-0.4314143847828227,rejected,0.0,0.6661670923764709
atr_pct q0 & frog q0,5.779332563015556e-05,0.33314071582202215,0.3820406430777874,rejected,0.010116234905875179,0.7024312181770047
mom_12_1 q1 & r5 q3,-6.553132226022143e-05,-0.37482193322430496,-0.33920883063027063,rejected,0.0128050198781736,0.7344524173466109
days_to_earn q2 & vol_ratio q1,2.9029016918328083e-05,0.1199990570981638,0.593343727817657,rejected,0.0,0.552951140059988
rel_ind20 q4 & vol20 q0,6.1400547476967e-05,0.5039615996057452,0.2066524789170188,rejected,0.004351557200780452,0.8362812725256448
frog q0 & vol_ratio q1,-5.754093475024777e-05,-0.5014253878892663,0.2087192392043141,rejected,0.0,0.8346674201969199
mom_12_1 q1 & r20 q4,-2.204493896935602e-06,-0.1664382157650376,0.5409626460438745,rejected,0.0,0.5885333296849002
min20 q4 & vol_surge1 q4,6.22680212872901e-05,0.36458302324498776,0.3372574322107451,rejected,0.012641212783169124,0.7359228459644032
mom_12_1 q0 & vol20 q3,3.244515216873224e-05,0.37825851794700216,-0.32276899508455903,rejected,0.0,0.7468701956008441
frog q0 & rel_ind60 q2,1.3062116463631397e-05,-0.05348550848299373,0.6472264576537335,rejected,0.0,0.5174853902249756
news5 q2 & r5_nonews q4,2.297327454686687e-06,0.13789851190975014,-0.5612311373498248,rejected,0.0,0.5746399789035774
days_since_earn q2 & dist_ma50 q4,1.764099242149814e-05,0.28440955983219357,-0.41392874788172074,rejected,0.0,0.678926289476867
ear q0 & r5_nonews q2,3.71308894148415e-05,0.1145169468455324,0.5819573292691448,rejected,0.0,0.5605954232438126
gap_today q0 & max20 q0,-4.343041409616947e-05,-0.43414014350319813,0.2621963016860754,rejected,0.0,0.793170104511314
dist_ma50 q4 & ear_volsurge q3,-5.022064302231627e-05,-0.32274980623526556,-0.3684129539852332,rejected,0.012361431243943616,0.7125653398082475
ind_mom60 q4 & rel_ind20 q1,-6.0001851048176854e-05,-0.30377806804392715,-0.3848916229381555,rejected,0.010825401644760488,0.7003177126275273
atr_pct q3 & rel_ind60 q0,6.768265959905991e-05,0.6040080994656546,-0.0842995194479568,rejected,0.0,0.9328182944687031
ind_mom20 q2 & r5_nonews q4,6.252151233888382e-05,0.6692186557524583,0.018873673559462012,rejected,0.0,0.9849418812559299
days_since_earn q1 & ear q1,-6.703406341804303e-05,-0.5192573508178586,0.16868946019159678,rejected,0.0,0.8660409095186581
r60 q4 & range_compress q1,-8.712532620997284e-05,-0.6008018866721673,0.08453023902625265,rejected,0.0,0.9326348616049296
overnight20 q2 & vol_surge1 q1,7.857478434698779e-05,0.4433520618865816,0.23717711867324173,rejected,0.004743102050351939,0.8125193865818137
gap_today q0 & vol_surge1 q4,-5.437743652457172e-05,-0.5183618729296009,0.1612124340056759,rejected,0.0,0.8719260882920532
gap_today q0 & intraday20 q4,-6.098000565086963e-05,-0.6002831298109369,-0.07668723291393305,rejected,0.00174572338092802,0.9388723612887535
r1 q4 & rel_ind60 q2,6.536410846244033e-05,0.5590610767614036,0.11445406547597518,rejected,0.0,0.908877857480081
gap_today q0 & rel_ind60 q2,7.172456886689074e-06,-0.07305712806263004,0.600016322601428,rejected,0.0,0.5484953573686575
ind_mom20 q2 & min20 q4,6.527770838395762e-05,0.48884331761987915,-0.18331159163281308,rejected,0.0,0.8545535396989572
ind_mom20 q4 & range_compress q2,-5.352654096588493e-05,-0.2515753463235754,-0.4158394959696533,rejected,0.007961218793017278,0.6775274556082251
min20 q4 & r5_nonews q3,8.101883366701012e-05,0.455724995830968,0.21029374229752204,rejected,0.0021970431666676433,0.8334384190179397
ear q4 & intraday20 q3,7.465436308127546e-05,0.5417327990056516,0.12041690598403172,rejected,0.0,0.9041528998085072
ev_agreement q4 & gap_today q0,1.8930097047436954e-05,0.5991736006053395,-0.06243482423735785,rejected,0.0,0.9502165633132107
ear q1 & ind_mom60 q3,7.819182725199213e-06,0.21155302184398678,-0.44735599551386995,rejected,0.0,0.6546180427755779
days_to_earn q2 & frog q1,3.9063310667477477e-05,0.22895699419610435,0.4285221101292548,rejected,0.008405508758252496,0.6682710397589414
r5 q2 & vol_surge1 q3,6.846354783609073e-05,0.5079975993530368,-0.14628189991072474,rejected,0.0,0.8836988539291933
mom_12_1 q0 & overnight20 q2,-2.8423158763799683e-05,-0.3827768732325012,0.2711391905659303,rejected,0.0,0.7862839804134315
ear q1 & r5 q4,-3.5368035471442573e-05,-0.18108900074625744,-0.47107288973688566,rejected,0.0027124621913188493,0.6375886841729472
r20 q0 & r5 q3,-4.114402381790636e-05,-0.47167601430340766,-0.17871386097045533,rejected,0.004600314003607764,0.858162384925662
days_to_earn q2 & range_compress q4,-7.352837751187198e-07,-0.120248125947402,0.5275848313941093,rejected,0.0,0.5977875233392196
intraday20 q1 & r60 q4,2.605458103453437e-05,0.4062881626653222,-0.23997901329603447,rejected,0.0,0.8103465262356881
frog q3 & gap_today q1,6.029321407436768e-05,0.5069242560950314,-0.13789551058879881,rejected,0.0,0.8903229985444447
ear q1 & rel_ind60 q0,-2.7334139985748643e-05,-0.05546757811761109,-0.5884497690475186,rejected,0.0,0.5562304402882914
atr_pct q2 & ind_mom20 q2,7.721705813553689e-05,0.549948155050676,-0.08584173311828783,rejected,0.0,0.9315922306681093
ear_volsurge q3 & log_dv q3,-3.229448671919587e-05,-0.03448802126790408,-0.5986425229247803,rejected,0.0,0.5494112932694069
intraday20 q4 & rel_ind60 q2,-6.474564274675724e-05,-0.552842381581398,0.07751545640179901,rejected,0.0,0.9382134958384571
close_loc q3 & ear q3,1.1600723094633306e-05,-0.08351373697662566,0.5441603174199456,rejected,0.0,0.586331156429954
frog q1 & r5_nonews q4,4.084351416962422e-05,0.4583175495737826,0.16900888320428376,rejected,0.003380763980746807,0.8657896541304471
atr_pct q0 & r20 q4,-2.8465410427444515e-05,-0.23447156232834152,-0.3899265621432431,rejected,0.010426255197393963,0.6965908517230578
ind_mom20 q4 & rel_ind60 q2,-6.25881233472461e-05,-0.538281772225101,0.08397089987243693,rejected,0.0,0.9330795685699115
ear q0 & range_compress q0,1.9873967390496042e-05,0.12993034073868348,0.49157257227939893,rejected,0.00103637045503715,0.623021536867529
log_dv q1 & r5 q3,-2.5333363832257748e-05,0.0008834114304357437,-0.6167498236724973,rejected,0.0,0.5373997524245802
r5_nonews q2 & vol_ratio q1,6.931588399462565e-05,0.42980985734057947,0.18624321519596948,rejected,0.0,0.8522540359375285
ind_mom20 q4 & overnight20 q2,-7.482215074032202e-05,-0.5966161015870464,-0.018561718235980827,rejected,0.0,0.9851907419929224
overnight20 q0 & skew60 q1,3.685141163807167e-05,0.1010789842764128,0.5129597645122288,rejected,0.0,0.607979466090383
atr_pct q1 & overnight20 q3,-9.433799489847699e-05,-0.5772057185818738,0.032071344440210196,rejected,0.0,0.9744151554742253
days_since_earn q2 & min20 q4,5.468981042641441e-05,0.29358899407880173,0.31496281278457117,rejected,0.008432464541738611,0.7527898889975744
ear q0 & log_dv q3,5.087178138709524e-05,0.3633619242642811,0.2424738238544037,rejected,0.002347339798845348,0.8084130373023407
ear q4 & r5 q0,2.7930631786904848e-05,0.3948899186165185,-0.21038322423584987,rejected,0.0,0.8333685847868167
ear q0 & r20 q4,2.0399811308037976e-05,0.21027674612584205,0.38964016915172384,rejected,0.01017800289072262,0.6968026444455351
ev_agreement q4 & r5 q1,3.2940907793365164e-05,0.49534121198068326,0.1010761389299763,rejected,0.0014611916899901652,0.9194900193998758
ear q1 & vol_surge1 q2,-6.365064718823977e-05,-0.32593509473004817,-0.27044410102873934,rejected,0.008015148135705672,0.7868186159307815
ind_mom60 q3 & r60 q0,8.276498339432489e-07,0.1434720986281144,-0.4510014948905983,rejected,0.0,0.6519884715729654
max20 q4 & r5_nonews q2,1.2066010486203839e-05,0.01730773487444364,0.5759362088114118,rejected,0.0,0.5646583001771788
dist_ma50 q4 & ear q0,2.2015696744902392e-05,0.30242063785406054,0.2907736349323191,rejected,0.007548111999577277,0.7712244507806999
atr_pct q2 & frog q3,-4.283763020667222e-05,-0.09982315157622434,-0.49131904219407313,rejected,0.0014537472335641492,0.6232008137876832
days_since_earn q2 & r20 q4,-2.2464908047248397e-05,-0.11707597425822046,-0.4701564137112826,rejected,0.003901447533282941,0.6382432717953164
frog q0 & max20 q0,2.686231815813864e-05,0.2690174106641202,-0.307645024374791,rejected,0.0,0.7583524561512278
overnight20 q3 & r5 q1,-2.155631188076912e-05,-0.24441626104723468,0.32995826601248396,rejected,0.0,0.7414314965932689
days_since_earn q2 & mom_12_1 q2,-4.519182971919023e-05,-0.18478976613304451,-0.38757365985851394,rejected,0.010684231850211294,0.6983315645640683
atr_pct q3 & ev_agreement q4,4.4410641566147976e-05,0.5625165102929129,0.00893096788949875,rejected,0.00015121798783057216,0.992874213336124
mom_12_1 q0 & r5 q1,-1.3946744336152897e-06,-0.15546139982560933,0.41439540218136023,rejected,0.0,0.6785845556146564
dist_ma200 q4 & vol_surge1 q2,5.609103191304086e-05,0.5314688290518931,-0.031529223421910356,rejected,0.0,0.9748474868049767
news5 q2 & r5 q4,2.6920086258502846e-05,0.23855397447416637,-0.3200969474467285,rejected,0.0,0.7488948396099572
dist_ma50 q4 & r5_nonews q2,2.9391860027693962e-05,0.18719511267402758,0.36963679663954685,rejected,0.010500944097079285,0.7116531301805822
ear q1 & mom_12_1 q2,3.403677668973039e-05,0.1000632061555034,0.4550139277546957,rejected,0.0052134449864013836,0.6490992189012884
range_compress q0 & vol_ratio q1,3.3255720261823826e-06,0.13668398456402875,-0.41378461469569494,rejected,0.0,0.679031852457264
ins_officer30 q4 & log_dv q0,2.42395677766627e-05,0.4817356073725972,0.058472926924594076,rejected,0.003560234845687426,0.9533719267715299
close_loc q0 & frog q1,2.811945615426968e-05,0.29858622513645205,-0.23758380110052926,rejected,0.0,0.81220391566281
r5_nonews q2 & vol_surge1 q1,3.100637898403368e-05,0.07263248228529558,0.46206988526544457,rejected,0.002754424356714496,0.644031205199499
ear q1 & gap_today q0,-4.815532736988675e-05,-0.326793738613667,-0.20683002461777966,rejected,0.003127834654558287,0.8361426068647563
r5 q3 & rel_ind60 q2,3.8941250738191676e-05,0.13176280123679054,0.4006226316039335,rejected,0.010586125123025694,0.6886979806548912
gap_today q1 & log_dv q1,2.3663470453465786e-05,0.0037055672716291197,0.5274445165636793,rejected,0.0,0.5978849365141556
ear q1 & r5_nonews q2,-5.685717447306676e-05,-0.26087916882480455,-0.2679511910102697,rejected,0.007469716822865853,0.7887368891782078
earn_in_week q1 & vol_surge1 q1,1.5821998782741466e-05,0.15624261756472252,0.37138852465078254,rejected,0.011326570053754448,0.7103481713968409
days_since_earn q2 & r1 q3,5.561964481672544e-05,0.2604391351329559,0.266905507369811,rejected,0.0086882635720804,0.789541916161099
ind_mom20 q0 & ind_mom60 q2,2.2591213201842392e-05,0.32248766755069214,-0.19912730346250487,rejected,0.0,0.8421631638122679
gap_today q1 & ind_mom20 q2,1.9632632770441247e-05,0.04966080369990192,0.47124963163425493,rejected,0.0020493841032479245,0.6374624797948858
ear q2 & r1 q1,-3.536166845390649e-05,-0.13929328578356462,-0.3757728750276404,rejected,0.009739057057526666,0.7070857549676982
vol20 q3 & vol_ratio q4,7.11153365034869e-05,0.4238372032304409,0.08758613137359325,rejected,0.0,0.9302056253743541
frog q0 & vol_surge5 q3,3.732563650075669e-05,0.32643408742812385,-0.18183336867676284,rejected,0.0,0.8557134966172988
days_since_earn q2 & rel_ind20 q4,-2.0525083655316663e-05,-0.25618942212966406,0.24998784534037477,rejected,0.0,0.8025967482871288
mom_12_1 q2 & r5 q4,-2.6728884899651925e-05,-0.2060275430404631,-0.29829813863479876,rejected,0.006514958450660282,0.7654756248159338
mom_12_1 q1 & r5_nonews q4,3.625215228801746e-05,0.2224292630731334,0.28081282111928274,rejected,0.005694013578627866,0.7788539693234587
gap_today q0 & intraday20 q2,4.2407123190934025e-05,0.2543980477721244,0.2488114275010177,rejected,0.003975138876424161,0.8035066511728988
dist_ma50 q4 & vol_surge5 q1,1.2612500441915296e-05,0.2180638991607584,-0.2817367288420921,rejected,0.0,0.7781453892545263
days_since_earn q1 & frog q0,1.9696326105276045e-05,0.017584786338234334,0.48197916437040245,rejected,0.0009354995643899076,0.6298207475867162
ev_agreement q4 & skew60 q0,2.891288021410559e-05,0.4170644900898508,-0.08045155282885208,rejected,0.0,0.935878126516172
ind_mom20 q2 & range_compress q0,2.9373476850151323e-05,0.35342610090896465,0.14397818168260468,rejected,0.0015057670178961907,0.8855176986032446
dist_ma50 q3 & gap_today q3,-3.6486831994131375e-05,-0.09100869316743625,-0.4040000194986437,rejected,0.008279615075993568,0.6862127048378244
gap_today q1 & range_compress q4,5.87262981203336e-05,0.4072343380951667,-0.0860552244279944,rejected,0.0,0.9314225172560834
ear q1 & overnight20 q2,5.024278652554466e-05,0.23933385319865344,0.24773522996436076,rejected,0.003865149368607843,0.8043392717821324
overnight20 q0 & r5_news q2,1.7266179320475207e-05,-0.016293441520508826,0.47031906610541463,rejected,0.0,0.6381270776739109
dist_ma50 q3 & r5_nonews q3,-7.488051096840667e-05,-0.44538116784428256,0.04084433389985181,rejected,0.0,0.967419995487737
dist_ma50 q0 & frog q4,1.291790673007386e-05,0.10212461181759949,0.37967826276142214,rejected,0.008054098325320507,0.7041842577961904
r120 q3 & skew60 q0,-4.4355999381393536e-05,-0.3488111994700622,-0.1314064093410244,rejected,0.0008704975347196618,0.8954538187095497
ind_mom20 q3 & log_dv q2,-2.0438839278366033e-05,-0.2479104821247186,0.22962009731435967,rejected,0.0,0.8183869887124846
r5 q3 & r5_nonews q2,1.7336054139473383e-05,0.056872763223312695,0.41953815450855664,rejected,0.00802932913546917,0.6748228762463198
ind_mom20 q4 & r5_nonews q2,-5.8777840238924726e-05,-0.4453988757158588,-0.03036237029454066,rejected,0.0,0.9757780551647377
days_to_earn q4 & intraday20 q3,2.1924107972819655e-06,-0.09902901277043527,0.37301184902595613,rejected,0.0,0.7091396251441209
overnight20 q2 & vol_surge1 q4,5.287461500136653e-05,0.42618494533625256,-0.04583882718156387,rejected,0.0,0.9634387117061046
min20 q4 & r5_nonews q4,2.4624860747593745e-05,0.24910757268481254,-0.21386879279743656,rejected,0.0,0.830649376903733
frog q0 & r20 q0,-1.1832390199162607e-06,0.07091268149110565,-0.39051521007176093,rejected,0.0,0.6961556103640035
min20 q3 & r5 q2,4.592946258067298e-05,0.30132400817886157,-0.1593525503067607,rejected,0.0,0.8733911204991378
ear q1 & ind_mom60 q1,-4.734672555449931e-05,-0.27540453285687466,-0.18387373621194295,rejected,0.00018353987891352603,0.8541125089596968
close_loc q0 & log_dv q1,-3.870317859221365e-05,-0.2999138346507459,-0.1569636885243735,rejected,0.0027889920398797277,0.875273465670427
ear q0 & max20 q4,1.8796715543064332e-05,0.31381990876134175,-0.13932074726886468,rejected,0.0,0.8891966958134196
gap_today q1 & r5_nonews q3,-2.097432474641833e-05,0.0006579300330888808,-0.45223468177199005,rejected,0.0,0.6510999257620022
ear q1 & frog q1,-1.9805441741797053e-05,0.005101307695064547,-0.4468653686772996,rejected,0.0,0.65497226996672
close_loc q0 & news5 q2,7.362825343193549e-05,0.4311265111901225,-0.019978905107649853,rejected,0.0,0.9840602004927415
log_dv q3 & vol_surge5 q3,2.056512365754642e-05,0.2248405971937318,-0.22426783399303488,rejected,0.0,0.8225489035073739
days_to_earn q2 & min20 q4,4.029739897616734e-05,0.1719716948112135,0.27116207475850396,rejected,0.006555820365016348,0.7862663805048795
overnight20 q1 & skew60 q0,-2.8120292014780742e-05,-0.25765360838613194,0.18352629968990047,rejected,0.0,0.8543850850408793
days_to_earn q3 & ind_mom20 q3,-5.087941619272705e-05,-0.3552418203851337,-0.08436810750130581,rejected,0.0013704047569572829,0.932763763382874
ear q1 & min20 q4,2.859435681925658e-05,0.09698598219851322,0.3406044651379607,rejected,0.01036907140570254,0.7334013675541735
dist_ma50 q4 & min20 q4,-4.138976071807113e-05,-0.32270971357955075,0.1117683570802194,rejected,0.0,0.9110070776713618
earn_in_week q1 & log_dv q3,-2.9492838168906824e-05,-0.26321341908787227,-0.1685218589507461,rejected,0.0037082285768990724,0.8661727486270933
log_dv q3 & r5 q1,2.622620705271457e-05,0.006798548231154651,0.424066431740953,rejected,0.006342919999975066,0.6715173657506572
gap_today q1 & ind_mom60 q3,2.4149641735971894e-05,0.24479016565170283,-0.18007315787137762,rejected,0.0,0.8570951350408949
close_loc q2 & dist_ma200 q2,5.072704220661268e-05,0.34904399915434015,-0.07132844552308523,rejected,0.0,0.9431363566274589
log_dv q1 & vol_surge5 q3,3.4555275123677154e-05,0.19468743443604553,0.22434566102352388,rejected,0.003436383361811216,0.8224883491945428
ev_agreement q4 & r5_nonews q4,2.5348917227423794e-06,0.17468828744383696,-0.24394820092520578,rejected,0.0,0.8072709376832335
days_to_earn q1 & ind_mom20 q1,5.5515140063433345e-05,0.40338062654552836,0.005223237137337766,rejected,0.0006309583233964688,0.9958324786805773
gap_today q0 & rel_ind20 q4,-1.483369681075031e-05,-0.2059757562496309,0.20060405455357558,rejected,0.0,0.8410081874463757
ind_mom60 q3 & r5_nonews q2,4.2891841477720437e-05,0.24947251064418757,0.152794933232281,rejected,0.003556079622499205,0.8785599935123856
mom_12_1 q1 & range_compress q1,5.068746613327298e-05,0.31899042569920305,0.08267783319046071,rejected,0.0010805604207980324,0.9341077110668473
dist_ma50 q2 & r120 q3,-6.416987114731106e-05,-0.3783332348768758,-0.022544169870686522,rejected,0.0,0.9820138784801524
frog q3 & gap_today q0,-1.3835032481267957e-05,0.010938578101917756,-0.38854703645971683,rejected,0.0,0.6976112527050109
ind_mom20 q2 & rel_ind20 q4,-3.522536383923215e-05,-0.3720778918956246,0.023667401419870532,rejected,0.0,0.9811179086168631
min20 q4 & r5 q3,2.116203762188662e-05,0.19069741112654867,-0.2034094931864671,rejected,0.0,0.838814980423695
dist_ma50 q4 & overnight20 q2,3.0404558056813182e-05,0.3041073353364312,-0.08971366457439015,rejected,0.0,0.928514756971301
ind_mom20 q4 & log_dv q0,-9.8009208696972e-06,-0.010393666598662801,-0.38080033453908424,rejected,0.007140762072203624,0.7033514110081244
ear q0 & vol_surge1 q4,-3.1005814873336124e-05,-0.3818473961079446,-0.007778620118394585,rejected,0.0003808547548828793,0.9937936216913962
max20 q2 & vol_ratio q0,2.424329320568283e-05,0.2524004775241912,-0.13700032463667441,rejected,0.0,0.8910305385083442
log_dv q2 & rel_ind20 q1,-2.9995115079866375e-05,-0.2744198316386185,0.10608766957622498,rejected,0.0,0.9155127941875787
mom_12_1 q0 & r120 q1,4.365849710755772e-05,0.3664736329387849,0.01030937873752549,rejected,0.0,0.9917744515805085
intraday20 q4 & range_compress q4,2.924954432413701e-05,0.29314689292679236,0.08363186951742213,rejected,0.0019937926544954126,0.9333491274789157
r5_nonews q3 & range_compress q0,2.3399352673180845e-05,0.3119689558014963,-0.06133097830089153,rejected,0.0,0.9510956201152847
ind_mom60 q2 & r60 q3,-1.9615190442817882e-05,-0.013031673561018328,-0.35117139572311606,rejected,0.009994557782790393,0.7254597681625545
close_loc q4 & skew60 q0,2.3924549714076047e-05,0.1873829775387899,0.17482315435428825,rejected,0.0033199139549264863,0.8612185939721053
r5 q2 & rel_ind20 q4,-2.239764409604637e-05,-0.111685290717044,-0.2503948486593497,rejected,0.003735778153436934,0.8022820129374426
r5_nonews q4 & vol_surge1 q1,-2.5131290767083476e-05,-0.1747064770893665,-0.18623627116839728,rejected,5.6775417039930155e-05,0.8522594812109723
r20 q0 & r5_nonews q2,-2.919158623901381e-05,-0.3163038540288837,0.039969938437829186,rejected,0.0,0.9681170927842223
gap_today q4 & vol20 q0,-6.221479308313135e-06,-0.12257239001218295,0.22826501282149086,rejected,0.0,0.8194402222976753
days_since_earn q2 & rel_ind60 q2,-1.1915177126839239e-06,0.06128206277960468,-0.28937473826437127,rejected,0.0,0.7722946243904352
ind_mom60 q1 & vol_surge1 q4,2.367758090004996e-05,0.24030405347235992,-0.10642807135836152,rejected,0.0,0.9152427218318795
ind_mom60 q1 & r5_nonews q4,-2.728285962001162e-06,0.05133384967904006,-0.2920075957040944,rejected,0.0,0.770280816422757
ear q1 & max20 q3,1.2005028947051146e-05,0.0132220942678141,0.3291903546744744,rejected,0.008479670747296518,0.7420118128897268
ev_agreement q4 & range_compress q2,1.1998713526442465e-06,0.10095462466457189,-0.23935604207669553,rejected,0.0,0.8108295127299314
ins_value30 q2 & vol20 q3,5.017090926063362e-06,0.0953645657064408,-0.2401049244113419,rejected,0.0,0.8102489167383697
ear q0 & rel_ind20 q4,1.2361225046866023e-05,0.11851464170804808,0.20964587344698835,rejected,0.0021369791037508428,0.8339440733285722
atr_pct q2 & vol_ratio q1,3.686967886413702e-05,0.20746084944826582,0.11840104922499778,rejected,0.0,0.9057498944663416
gap_today q0 & vol_surge1 q2,-1.3451047227876177e-05,-0.009389240269659345,-0.31645099953089856,rejected,0.0062000566609750445,0.7516602122032658
ear_volsurge q3 & mom_12_1 q2,3.3690764609589406e-05,0.25269857607735136,-0.07079603208278583,rejected,0.0,0.9435600898417653
frog q3 & overnight20 q2,-2.718665767709036e-05,-0.10711404302630424,-0.21633563037747852,rejected,0.0024323423639903085,0.8287261375588753
log_dv q4 & r5_nonews q4,1.8116015378067584e-05,0.19322671220808385,-0.12782864559835158,rejected,0.0,0.8982845801157731
r5_nonews q3 & rel_ind60 q2,-3.475477409362958e-06,-0.0845597722363742,0.2218605424970503,rejected,0.0,0.8244224475679831
frog q3 & range_compress q0,2.190547991812018e-05,0.2670325935550908,0.03142213022797292,rejected,0.0,0.9749328924939789
range_compress q4 & rel_ind20 q4,2.1903419036419225e-05,0.2228096189375994,-0.07106063031990702,rejected,0.0,0.9433495013781387
frog q3 & mom_12_1 q2,1.1913886623841705e-05,0.005066524834603342,0.2777236742414882,rejected,0.006514150033244804,0.7812244858263862
ear_volsurge q3 & vol_ratio q1,2.1096863488837523e-05,0.10194433676060446,0.17984699090758297,rejected,0.0030265306777310028,0.8572726916238749
frog q0 & r20 q2,2.6822499534490905e-05,0.1659143101571207,0.1142934879907415,rejected,0.0,0.9090051445038368
gap_today q0 & rel_ind20 q2,2.6507809954356127e-05,0.17319281423277663,0.10649008261907582,rejected,0.0,0.9151935235907904
close_loc q3 & r5_nonews q4,1.544283396892729e-05,0.06261769217580995,0.20298059377797162,rejected,0.004472729670557943,0.8391502003924732
frog q1 & r5 q4,1.71955341895446e-05,0.2126836210517631,-0.04525701254145877,rejected,0.0,0.9639024513284548
ind_mom60 q1 & r5 q3,-1.984104840570195e-05,-0.09877305318872114,-0.1536841083440532,rejected,0.0033243024159506232,0.8778588156145544
ev_offering q2 & rel_ind20 q3,-4.6754196899390706e-05,-0.2005368026759225,-0.04389715280017089,rejected,0.0023318851165597503,0.9649863848512816
r20 q4 & range_compress q4,5.631883053603547e-06,0.09658280918114764,-0.1348475020827238,rejected,0.0,0.8927324475720482
gap_today q0 & r20 q4,-1.3424601577553968e-05,-0.14965563327691228,-0.07165892122313339,rejected,0.0021696870371660506,0.9428733481931657
earn_in_week q4 & overnight20 q3,6.897398129680425e-06,0.1769447337695366,-0.040635202539516226,rejected,0.0,0.9675867197550727
dist_ma200 q4 & r5_nonews q1,-1.704081974818753e-05,-0.14869087585793553,-0.06856186899783345,rejected,0.0027139566523667444,0.9453383715428839
ev_agreement q2 & vol_ratio q4,-2.9726674727257332e-05,-0.15813311993104096,0.05897134277770917,rejected,0.0,0.9529749335257226
overnight20 q2 & r5 q3,2.9233135487730284e-05,0.17733449790208705,0.038852773168539516,rejected,0.0019455755926553737,0.9690077696653523
days_to_earn q3 & max20 q4,4.055370891228847e-06,0.08499828357734528,-0.12955707878946232,rejected,0.0,0.8969168631152821
dist_52wh q3 & ear_volsurge q3,3.0318543026379115e-05,0.2084297707633349,-0.0030450694210777487,rejected,0.0,0.9975703898770886
gap_today q1 & vol_surge1 q1,-2.4908531262143567e-05,-0.17656231412846451,0.011220286286184563,rejected,0.0,0.9910476946463443
ind_mom60 q1 & r5 q4,-1.6461622119363346e-06,-0.05053144995283502,0.1354042006343582,rejected,0.0,0.8922923030948371
ind_mom60 q3 & min20 q4,-7.194221552680314e-06,0.0008573395583070858,-0.18035152618672393,rejected,0.0,0.8568766067438044
atr_pct q2 & range_compress q2,1.723427378789976e-05,0.12832779541869277,-0.05013588557106644,rejected,0.0,0.9600141031338392
ind_mom60 q2 & log_dv q4,8.500136986829098e-06,0.025845474709573664,0.1468503752896695,rejected,0.0013147717285543275,0.8832501219320181
frog q0 & range_compress q2,-1.3143581980047075e-05,-0.11461425397112704,0.055547474891839185,rejected,0.0,0.9557023088126261
frog q0 & mom_12_1 q1,5.8766125380917304e-06,0.06638606068273165,-0.10333438134773529,rejected,0.0,0.9176975892962156
ear_volsurge q4 & earn_in_week q1,-8.252789669735816e-06,-0.11690437450683848,-0.04864521079089895,rejected,7.197130327109111e-05,0.9612020395905652
r1 q1 & vol_surge5 q1,-6.085511517227788e-06,0.010477970128056725,-0.15385634525410619,rejected,0.0,0.8777230056053429
ev_agreement q4 & rel_ind60 q2,-3.3345922537870134e-06,0.009083591567619642,-0.15523557742351277,rejected,0.0,0.8766356015139763
gap_today q1 & log_dv q3,1.4037360686989803e-05,0.06616592950708387,0.09755992009551975,rejected,0.001323413731938706,0.9222817517558889
ear q4 & news5 q1,-9.595668534570566e-06,-0.06843493691399398,-0.08502896195239901,rejected,0.00017915233160217502,0.9322383657725285
atr_pct q2 & ear q1,-1.780193022673719e-05,-0.10495876413448278,-0.04115167972751489,rejected,0.0010120275687015689,0.9671749750042283
ear q1 & ind_mom20 q2,-1.4393714341020305e-05,-0.10437626616627978,-0.02617753530760526,rejected,0.0,0.979115733969127
frog q1 & r5 q3,8.325221625889503e-06,0.03143597404328,0.09868652137638562,rejected,0.0017082556109111124,0.9213871710037632
ins_officer30 q2 & vol_surge5 q1,2.2896558603099404e-05,0.11132201767280822,-0.012160526266671377,rejected,0.0,0.9902975429718099
r5 q4 & vol_surge1 q1,-6.953370600042782e-06,-0.044552000716957314,-0.0786626291800572,rejected,0.0003168445247338776,0.937300970927956
min20 q4 & r5 q4,-1.87969064045741e-06,-0.013884079145538223,-0.007291434964214219,rejected,0.0005851784372160475,0.9941823281654446
log_dv q1 & r5 q1 unless rel_ind20 q0,0.00031644997477231214,0.9004866910991629,4.088882927978742,rejected,0.33812473302753654,4.334555348508013e-05
log_dv q1 & r5 q1 unless dist_52wh q0,0.00040762659404866596,1.7491095482850028,3.1247774934887724,rejected,0.17137934658832893,0.0017793960100889754
ev_agreement q2 & r5 q1 unless dist_52wh q0,0.0004701622041253226,1.3231090450515408,3.519760445096472,rejected,0.26959025118683705,0.0004319367289637924
log_dv q1 & r5 q1 unless days_to_earn q4,0.00022859488986821792,0.5340170794693354,4.1416117800403205,rejected,0.0,3.4487372594879216e-05
log_dv q1 & r5 q1 unless frog q0,0.00024676401983302797,0.7164120385375593,3.956942285326944,rejected,0.6141512873582406,7.59152631143366e-05
r5 q1 & range_compress q2 unless frog q0,0.0003370891590579562,0.8072037564894164,3.8473043390528052,rejected,0.543394139911243,0.00011942458350475653
log_dv q1 & r5 q1 unless r20 q4,0.0002666103330070196,0.7895338688750294,3.8449744452193375,rejected,0.5687202669427806,0.00012056500238721541
atr_pct q3 & r5 q1 unless ear_volsurge q4,7.220752358654327e-05,-0.7434224543634469,3.8469192335294218,rejected,0.0,0.00011961237773566179
ev_agreement q2 & r5 q1 unless gap_today q4,0.00041065382879625046,1.0127554310582705,3.4191121310986623,rejected,0.18501994266909064,0.0006282583079278536
log_dv q1 & r5 q1 unless vol_surge5 q4,8.596730065809857e-05,-0.506588605411476,3.91582505987383,rejected,0.0,9.009556258614703e-05
ev_agreement q2 & r5 q1 unless close_loc q0,0.0001700848654956445,-0.3827960334810787,4.02646835802522,rejected,0.0,5.662085476729336e-05
log_dv q1 & r5 q1 unless r20 q0,0.00022988545238843076,0.40217817353964874,3.9958417071046077,rejected,0.46405941896073577,6.446479895559584e-05
log_dv q1 & r5 q1 unless rel_ind20 q4,0.00025676053620951475,0.7972846451285865,3.5998216703789794,rejected,0.17251869603835387,0.0003184354908612379
ev_agreement q2 & r5 q1 unless vol_surge5 q0,0.00040265453992285963,0.961549227428179,3.432992258304291,rejected,0.18918074830423845,0.0005969591429140678
ev_agreement q2 & r5 q1 unless ins_value30 q4,0.00012164616857090735,-0.5070355381236498,3.835533995332404,rejected,0.0,0.00012529177371266545
atr_pct q3 & r5 q1 unless intraday20 q4,0.00021827892398112062,0.6646712201775529,3.628835778945963,rejected,0.15323274571147802,0.00028470226935664936
r5 q1 & range_compress q2 unless gap_today q4,0.00039079754166931684,1.5183919166680782,2.7682041021193173,rejected,0.024055966362402217,0.005636614378016929
log_dv q1 & r5 q1 unless ear_volsurge q0,0.0002073093279234262,0.5074580314092304,3.7693042660870546,rejected,0.3069390423877088,0.00016370322834414499
log_dv q1 & r5 q1 unless overnight20 q4,8.5671103587177e-05,-0.4497188685145042,3.7710573000947987,rejected,0.0,0.00016255733785412458
log_dv q1 & r5 q1 unless ev_offering q4,0.00019180366004907526,0.23970821746805845,3.958678714942291,rejected,0.4553982818026361,7.536553702760708e-05
ev_agreement q2 & r5 q1 unless ev_shelf q4,0.0003402259310138981,0.501420678703181,3.6964834928745454,rejected,0.2380719892578749,0.00021860646620168708
atr_pct q3 & r5 q1 unless close_loc q0,4.223359097788171e-05,-0.770527084385606,3.4156254159984494,rejected,0.0,0.0006363571794134217
log_dv q1 & r5 q1 unless r120 q0,0.00031198568364297706,1.1537868397931048,2.9635982146743673,rejected,0.12569993720661202,0.0030406501221148913
ev_agreement q2 & r5 q1 unless vol_surge1 q4,0.000286497518844386,0.23281050823703717,3.882126205253331,rejected,0.46595792528334856,0.00010354711006410146
r5 q1 & range_compress q2 unless r20 q4,0.00029049420734063324,0.5685391737753016,3.537170055754479,rejected,0.23018293077630614,0.0004044391654638284
log_dv q1 & r5 q1 unless atr_pct q4,0.00025499153220535047,0.5941758122469368,3.4764615289390197,rejected,0.18931113000043368,0.0005080771156349713
log_dv q1 & r5 q1 unless atr_pct q0,0.00015109355507029483,0.12659807470928067,3.9274827480824457,rejected,0.4582753691568538,8.58395761213864e-05
log_dv q1 & r5 q1 unless ev_agreement q4,0.0001720627325271251,0.166862553948016,3.877451150078638,rejected,0.4642177828924434,0.00010555651293107247
log_dv q1 & r5 q1 unless ins_officer30 q4,0.00016433902463457707,0.06092587956670776,3.9021548800842627,rejected,0.46287894211328545,9.534011878622174e-05
ev_agreement q2 & r5 q1 unless frog q0,0.0003036539572256745,0.4123084754704794,3.538517660806065,rejected,0.20031361009782087,0.00040238036359587854
ev_agreement q2 & r5 q1 unless ind_mom20 q0,4.378993316791396e-05,-0.7143031771767272,3.2314007404664737,rejected,0.0,0.0012318510009924778
ev_agreement q2 & r5 q1 unless dist_ma50 q4,0.00029278131138266454,0.23032835343774552,3.711290521259048,rejected,0.16964901000173804,0.00020620527427666146
ev_agreement q2 & r5 q1 unless close_loc q4,0.00028888961752457425,0.297885343108301,3.6428748093824925,rejected,0.13521448828139057,0.0002696099833689174
log_dv q1 & r5 q1 unless r60 q4,0.00021526206645875834,0.6090083605400609,3.3295179267118495,rejected,0.12533499850675062,0.0008699646370338183
atr_pct q3 & r5 q1 unless ev_agreement q4,0.00014970417474140552,-0.047068831867350475,3.8820532661744673,rejected,0.0,0.00010357818116414176
log_dv q1 & r5 q1 unless ins_opportunistic30 q4,0.00016703591415453462,0.06953169734158399,3.857194998147678,rejected,0.3952598821251313,0.00011469566103654734
atr_pct q3 & r5 q1 unless ev_red_flag q4,0.00010187915068555823,-0.34766340013131025,3.563356198694317,rejected,0.0,0.0003661433097302431
atr_pct q3 & r5 q1 unless close_loc q4,0.00017965347645776736,0.31286473978552326,3.598055002854023,rejected,0.15215273404839946,0.0003206058267066067
ev_agreement q2 & r5 q1 unless ev_offering q4,0.00025050461454384666,0.10480271025311795,3.7742912556069648,rejected,0.2077596721314359,0.00016046320387186084
log_dv q1 & r5 q1 unless vol_surge5 q0,0.000204552520442543,0.8881079785961472,2.984068289160134,rejected,0.10403912947193816,0.0028444328064607532
ev_agreement q2 & r5 q1 unless r5_news q4,0.00025244910228005424,0.12330699837298512,3.739383651857444,rejected,0.1982634634123063,0.00018447200481102303
atr_pct q3 & r5 q1 unless range_compress q0,0.00019280738816874004,0.5661166196415524,3.2916221996044737,rejected,0.14752329890147797,0.0009961132994074104
r5 q1 & range_compress q2 unless news5 q4,0.0002673507813334576,0.5392841812459831,3.2477746735509347,rejected,0.15039790091368962,0.0011631134007855054
atr_pct q3 & r5 q1 unless frog q0,0.00019415419897074373,0.44422512723500385,3.3262862810937848,rejected,0.12492535256759466,0.0008801148388697224
r5 q1 & range_compress q2 unless r5_news q0,0.0002698019045507563,0.5511033761970232,3.215076411700842,rejected,0.1277066282367653,0.0013040980350102573
atr_pct q3 & r5 q1 unless intraday20 q0,-2.0747090750181654e-05,-0.9720433257256197,2.788974088986622,rejected,0.0,0.005287529517799613
ev_agreement q2 & r5 q1 unless vol_surge5 q4,0.00020959096701956493,-0.09286780589774796,3.6602924429069628,rejected,0.0,0.0002519275540376787
ev_agreement q2 & r5 q1 unless vol_surge1 q0,0.0003036434822556486,0.5282014320611876,3.2129462927509174,rejected,0.13438349276024597,0.0013138085471777548
atr_pct q3 & r5 q1 unless ev_offering q4,0.0001150489341531229,-0.2386342042242461,3.4776082497396703,rejected,0.0,0.00050590872529262
ev_agreement q2 & r5 q1 unless dist_ma50 q0,0.00020274090589345904,0.07844459729249671,3.616975238060541,rejected,0.10210016117133566,0.0002980658057463092
atr_pct q3 & r5 q1 unless vol20 q0,0.00012571314989486175,-0.15913469559658233,3.53360218717178,rejected,0.0,0.0004099375860966511
ev_agreement q2 & r5 q1 unless ear_volsurge q4,0.00017056678456724101,-0.17461802202207083,3.502542818672844,rejected,0.0,0.00046083970611661716
r5 q1 & range_compress q2 unless mom_12_1 q0,0.00015076164955385034,-0.27306642057732405,3.4018879771255643,rejected,0.0,0.0006692206324513181
ev_agreement q2 & r5 q1 unless gap_today q0,0.00015665790169820242,-0.2980566046882922,3.3762331206697236,rejected,0.0,0.0007348562596356805
r5 q1 & range_compress q2 unless gap_today q0,2.6083151617832805e-05,-0.8168128079523391,2.856082747903158,rejected,0.0,0.004289033364328631
ev_agreement q2 & r5 q1 unless vol_ratio q0,0.0002656430164970606,0.319197261899086,3.3374152815955282,rejected,0.11129496536596628,0.000845614967401589
ev_agreement q2 & r5 q1 unless r5_news q0,0.00024951658238480615,0.15594758516250637,3.493135425483368,rejected,0.13333766165035604,0.0004773843427971282
ev_agreement q2 & r5 q1 unless ear_volsurge q0,0.0002664448367567395,0.26231913156234793,3.3778773562565187,rejected,0.07332066863155348,0.0007304765184006303
atr_pct q3 & r5 q1 unless r5_news q4,0.000144241111743242,-0.03834538363745823,3.5914533462381284,rejected,0.0,0.0003288390485055976
atr_pct q3 & r5 q1 unless days_since_earn q0,0.00014265890863360777,0.2637940167042248,3.3635012829782456,rejected,0.09304309581841518,0.0007696047856101931
atr_pct q3 & r5 q1 unless r5_nonews q4,0.0001407567218651462,-0.053199739100669795,3.5441396021286566,rejected,0.0,0.00039389661908330694
log_dv q1 & r5 q1 unless dist_52wh q4,0.00012254677594185796,-0.07938232605040443,3.507113609961089,rejected,0.0,0.00045299570005323504
atr_pct q3 & r5 q1 unless r5_news q0,0.00010528847320471224,-0.22389332623525332,3.356854409538098,rejected,0.0,0.0007883461274223139
atr_pct q3 & r5 q1 unless rel_ind60 q4,0.0001269498114260436,-0.09158339689223677,3.478014906128198,rejected,0.0,0.0005051418333627898
log_dv q1 & r5 q1 unless r120 q4,0.00019904835588440526,0.5856876129966515,2.9688026143032586,rejected,0.08991631184557643,0.0029896256874939564
r5 q1 & range_compress q2 unless ev_red_flag q4,0.00022675560710621532,0.20739622559964574,3.3408152110398204,rejected,0.09508446487862264,0.0008353279960160944
r5 q1 & range_compress q2 unless r5_news q4,0.00023226252250731067,0.2398097030643628,3.2897825497145825,rejected,0.13031876716691268,0.001002648346343425
log_dv q1 & r5 q1 unless frog q4,8.995862048646308e-05,-0.237774732986764,3.270586585093774,rejected,0.0,0.001073246814473208
r5 q1 & range_compress q2 unless dist_ma200 q0,0.00021184042512843894,0.21010868238171826,3.294045559257093,rejected,0.11285563974097403,0.0009875649029233292
ev_agreement q2 & r5 q1 unless r120 q0,0.00022241950719128567,0.18722175767439317,3.3109521302264584,rejected,0.10340447480800329,0.000929791127732717
r5 q1 & range_compress q2 unless close_loc q4,0.00022005789960171786,0.32946246155670966,3.148925875127167,rejected,0.10552273049567439,0.0016387175560496118
atr_pct q3 & r5 q1 unless vol20 q4,0.0001477020470231512,0.1795130114510509,3.255593445828954,rejected,0.11502546331468277,0.0011315565330128647
r5 q1 & range_compress q2 unless dist_ma200 q4,0.0002448687984336426,0.3807630067170948,3.0203109451437222,rejected,0.10465793376135384,0.0025251529732008247
atr_pct q3 & r5 q1 unless r120 q4,0.00014059003221454625,0.011654273637249623,3.3792934527344114,rejected,0.052622056008695156,0.0007267239171892813
atr_pct q3 & r5 q1 unless days_since_earn q4,0.0001730411996043186,0.44186611413725063,2.9250215633123893,rejected,0.06512378212034572,0.0034443235542371974
atr_pct q3 & r5 q1 unless mom_12_1 q0,0.00011780259458904068,0.10848028984968826,3.2563381241270277,rejected,0.10270519351397688,0.0011285926371193103
r5 q1 & range_compress q2 unless r60 q0,0.00011697091611723998,-0.3692530035234506,2.9908383767929334,rejected,0.0,0.0027821270149211196
atr_pct q3 & r5 q1 unless range_compress q4,0.00010009477987084235,-0.2011765770152606,3.154454274940431,rejected,0.0,0.0016079857376814798
ev_agreement q2 & r5 q1 unless frog q4,0.00014744963756822542,-0.2158654458010573,3.1239720384348697,rejected,0.0,0.0017842741181250522
atr_pct q3 & r5 q1 unless frog q4,7.23751937151382e-05,-0.36958885546471276,2.95899653380811,rejected,0.0,0.003086425729269287
log_dv q1 & r5 q1 unless ear_volsurge q4,0.00013630542548929278,0.11458701993935987,3.2051853973664257,rejected,0.11067371079659645,0.001349755099382566
ev_agreement q2 & r5 q1 unless vol_ratio q4,0.00017185426892963197,-0.12778295774004586,3.1683269494667448,rejected,0.0,0.001533189933381572
r5 q1 & range_compress q2 unless ev_offering q4,0.00021275055401084742,0.20346444811326164,3.0854409475639115,rejected,0.10786674928849788,0.0020325058013885055
ev_agreement q2 & r5 q1 unless dist_52wh q4,0.00015956976847850674,-0.15734429593782664,3.0837690879300794,rejected,0.0,0.002043961730477269
ev_agreement q2 & r5 q1 unless r120 q4,0.0002704066472666901,0.40102622199460436,2.8208549024854963,rejected,0.023197303176331778,0.004789586107258327
log_dv q1 & r5 q1 unless days_to_earn q0,0.00014013972839511628,0.11613810185831666,3.083311602665332,rejected,0.11206787112533798,0.0020471068216107967
log_dv q1 & r5 q1 unless overnight20 q0,0.00018654262643962312,0.5280783608601575,2.6647603873972914,rejected,0.0,0.007704319591631341
atr_pct q3 & r5 q1 unless ear_volsurge q0,0.00010931049600444296,-0.08215825732492095,3.0800393736623572,rejected,0.0,0.002069732313151475
r5 q1 & range_compress q2 unless r60 q4,0.00020027297777001785,0.15321551432484914,2.895935013773759,rejected,0.055007943778487126,0.003780306760002766
atr_pct q3 & r5 q1 unless rel_ind60 q0,0.00013573692988200255,0.31120160541964936,2.699945782782885,rejected,0.0,0.006935077676963067
r5 q1 & range_compress q2 unless mom_12_1 q4,0.00020778174103848801,0.38032834205085214,2.6286029032633556,rejected,0.0,0.008573641143690358
r5 q1 & range_compress q2 unless earn_in_week q4,0.00018076465017054143,0.03467754103150428,2.899897579976032,rejected,0.0470767586303961,0.003732846098889681
ev_agreement q2 & r5 q1 unless ind_mom20 q4,0.0002433352494511676,0.3436653901926796,2.5907671322253996,rejected,0.0,0.009576226690360918
atr_pct q3 & r5 q1 unless r120 q0,0.00010350950369495558,0.0316286971278504,2.8968852057476937,rejected,0.045603831201472385,0.0037688763516293554
atr_pct q3 & r5 q1 unless mom_12_1 q4,6.778871294324164e-05,-0.37773402774770876,2.5282269914916258,rejected,0.0,0.01146402066201799
r5 q1 & range_compress q2 unless frog q4,8.871797391122827e-05,-0.3018564623620037,2.5065249462497787,rejected,0.0,0.012192445379686797
atr_pct q3 & r5 q1 unless r5_nonews q0,0.00011615300377149292,0.18411052324272056,2.6076417682927895,rejected,0.0,0.009116830958697352
r5 q1 & range_compress q2 unless close_loc q0,0.00017456354726881493,0.37670297194525193,2.3077533926103078,rejected,0.0,0.02101285654766692
log_dv q1 & r5 q1 unless r60 q0,0.00010400458530304913,-0.015356819870509556,2.3993999469061236,rejected,0.0,0.01642196702354829
r5 q1 & range_compress q2 unless r20 q0,0.0001544100939562305,0.35015391353022757,1.978533687292978,rejected,0.0,0.04786853214502301
