key_named,effect,t_conf,t_disc,status,p_real,p_coincidence
r5 q1,0.0007482215755956868,1.1011813504604846,3.3843739723461583,rejected,0.0,0.0007134076143304354
days_since_earn q2,0.0011577575473164408,2.9009253726409736,-1.3610678116329766,rejected,0.0,0.17349226065543868
min20 q3,0.0005727590151707962,1.7646305262833974,-2.460355151112259,rejected,0.0,0.013879958775339625
atr_pct q3,0.0012067471964853427,2.4518614845253515,1.7631748344510458,rejected,0.24182277605569694,0.0778710067900608
vol20 q3,0.001052976242738463,2.0771794165853517,1.9380602770459117,rejected,0.2526069881330005,0.05261586901872843
earn_in_week q1,-0.0006784728841303853,-0.7358946295972244,-3.220822878001209,rejected,0.0,0.0012782311921722834
vol_surge1 q0,-0.001120504506160333,-2.706412458257303,1.1337719982708647,rejected,0.0,0.25689019967533333
max20 q1,0.0007911836286681276,2.1266600782294716,-1.708005839075875,rejected,0.0,0.08763525903321412
vol20 q2,0.0013701711999274183,3.4919921039803676,0.3248261141436886,rejected,0.024355837318849227,0.7453126791245348
days_since_earn q4,-0.0010218167867431138,-2.606597845841994,1.1099922142076646,rejected,0.0,0.267002381525001
vol_surge5 q2,0.001020406965837746,2.7862351132019842,0.9050161002910682,rejected,0.1593838251228212,0.36545685773050757
ev_shelf q2,0.0001841001894833531,2.126896512398116,1.553285312397837,rejected,0.24926835700703326,0.12035498759814688
rel_ind20 q0,-0.0008026353924164094,-2.146611372207423,1.5315119233542545,rejected,0.0,0.12564292188662413
atr_pct q1,0.00031657210674955125,1.1771859142685157,-2.496703750945502,rejected,0.0,0.012535363163167813
ear q3,0.000995671582617684,2.5176766027561257,-1.1305682802674877,rejected,0.0,0.25823684447749196
vol_surge1 q3,0.0003469641311891574,1.4718542330802966,-2.1468151775642115,rejected,0.0,0.031807998539215995
atr_pct q4,-0.001084527353726988,-2.8649583486168226,0.7279843266322686,rejected,0.0,0.4666231807472813
dist_ma200 q1,0.0010732100168409683,2.7858569782930664,-0.7882974922453941,rejected,0.0,0.43052271418654914
min20 q1,0.0009997982650556698,2.01563275389825,1.5147333125025322,rejected,0.2578524758060538,0.12983995463278347
range_compress q3,0.0005937312757755028,1.750698472737454,-1.7731821947730242,rejected,0.0,0.07619852145409599
frog q3,0.00021705559395937194,1.1247218043027707,-2.3830959911618406,rejected,0.0,0.01716771709462725
min20 q0,-0.0012176370083033011,-2.978959653519045,0.5123575752082472,rejected,0.0,0.6084007769877259
vol20 q4,-0.0011840779691594536,-2.983241360501199,0.4315295933363845,rejected,0.0,0.6660833396601882
r60 q3,0.0007427782394240581,1.2964630098833472,2.0037512538225,rejected,0.23010524240770897,0.04509671292061002
r20 q1,0.0009140314448728507,2.025529571416561,1.2500343542867685,rejected,0.2494000737935663,0.21128699804505122
vol_surge5 q0,-0.0013177251362073898,-2.950806325505046,0.29770694067001974,rejected,0.0,0.7659268456186215
r5 q3,0.0003289999483148803,1.2038823613334053,-2.036540438711859,rejected,0.0,0.04169611673051837
r20 q2,0.0008780091667851774,2.36097273406691,-0.8676269286419112,rejected,0.0,0.38559859970284693
range_compress q0,-0.0010753798879724595,-2.6233111398844295,0.5950713282691927,rejected,0.0,0.5517957930999273
log_dv q2,0.0009776659808737465,2.406464974946054,0.7725290314826639,rejected,0.11987930935763867,0.4398011590940137
r120 q1,0.000941769093719938,2.675989598280369,-0.48907694872228824,rejected,0.0,0.6247872203992759
vol_ratio q3,-6.906923862373668e-05,0.4725700814530319,-2.6853080875663324,rejected,0.0,0.007246297623000185
rel_ind20 q1,0.0006664291960424037,2.1263363293262136,-0.9831617025442051,rejected,0.0,0.32552786021903574
rel_ind60 q1,0.0008048809420087426,2.5646126709165022,-0.5117656318869408,rejected,0.0,0.6088150461789756
ev_shelf q4,-0.00016894057113125684,-1.6855496106477872,-1.3891066697969,rejected,0.25825879257219503,0.1648003158904905
vol_surge1 q2,0.00059641637248902,1.045893186280896,2.0183159863974582,rejected,0.22139311383670904,0.043558362828535334
ins_opportunistic30 q2,3.886478753102783e-05,1.4703568635090503,-1.577019754352768,rejected,0.0,0.11479097973726973
max20 q4,-0.0010623520965177065,-2.505229157810664,0.5005972282204101,rejected,0.0,0.6166546135611777
r5_nonews q4,-0.0009222566365304584,-1.757653699231983,-1.2455914519805924,rejected,0.24380204975060868,0.2129144220836592
r1 q4,-0.0009318180340969857,-1.8006759458141033,-1.1460408201502634,rejected,0.20918547828887826,0.2517782623745038
dist_ma50 q1,0.0008848585392179304,2.0065802820046885,0.9392383957461847,rejected,0.16085234428649958,0.3476083597685147
log_dv q0,-0.0005516195487648638,-1.7207832430102863,1.204760188089893,rejected,0.0,0.22829589322879254
r20 q0,-0.0008143694157228948,-2.0734658886395896,0.8368057225026296,rejected,0.0,0.4027017802610287
log_dv q3,-0.000532568062069887,-0.9077025169611398,-1.9612230229411076,rejected,0.20178514727920177,0.04985301229753892
gap_today q0,-0.0006281349695708852,-1.721216427946799,1.140905708700969,rejected,0.0,0.25390916355359033
mom_12_1 q1,0.0006134467821928944,1.706856017047591,-1.137288867114973,rejected,0.0,0.2554175472062634
range_compress q4,0.000929465752513515,2.1418824697729852,-0.6869092615749973,rejected,0.0,0.4921399102574493
dist_52wh q0,-0.0008808575875559058,-2.30719807701486,0.5172785867410982,rejected,0.0,0.6049616997759842
frog q1,0.00037916022020882076,0.18087703576758388,2.6158965241379843,rejected,0.030222020364132213,0.008899352257981885
ev_offering q2,6.26271181781535e-05,1.2971442176656538,1.4792157373822672,rejected,0.2362420055365716,0.13908266479996162
ins_opportunistic30 q4,-0.0002163089900872671,-1.3923739942719995,1.3720914965719904,rejected,0.0,0.17003495629509105
atr_pct q2,0.0009622916770284575,2.454290237108456,-0.2734123649331387,rejected,0.0,0.784536248928435
ear q2,-0.0009627813136555809,-2.429218080758057,-0.29765137058461216,rejected,0.026583468359231657,0.7659692625340565
ear_volsurge q1,0.0010017703594057458,2.620150363186286,0.09439005793940689,rejected,0.005247580711168151,0.9247993131603324
rel_ind20 q3,0.00037805437508035735,1.2816306288693873,-1.432213715131413,rejected,0.0,0.15208266778705004
gap_today q1,0.0006017658769576557,1.700269014159929,-0.9842657057167676,rejected,0.0,0.32498488677083437
log_dv q4,0.0004682346943900519,1.428424810186355,-1.2496171179673348,rejected,0.0,0.21143944691192548
intraday20 q4,-0.0008027064892447157,-1.540828602200555,-1.1165766884104673,rejected,0.19240763498151073,0.26417536357167337
vol20 q0,0.00043403206715919443,1.2056283201411127,-1.4307046992983212,rejected,0.0,0.15251486585210006
max20 q2,0.0008164973024228094,1.971095102463506,0.6337861945468729,rejected,0.08862988576748358,0.5262203640139903
overnight20 q1,0.0005500809724326227,1.525531592227621,-1.0473109449437803,rejected,0.0,0.2949561897637756
vol_surge5 q3,0.0009780244609407774,2.5501687843814045,-0.018864636087325398,rejected,0.0,0.9849490908318353
dist_ma50 q2,0.0005659218115062834,1.552042944503532,-0.985981516396336,rejected,0.0,0.32414218314401977
dist_52wh q3,0.0007907004993961825,1.966470397762118,-0.5586688697505682,rejected,0.0,0.5763877286541834
r5_nonews q3,0.00022638637771204127,0.9795317733044845,-1.5264105946010236,rejected,0.0,0.1269076407787
news5 q2,0.00015036775501985305,0.9981554068724292,1.5061601718318216,rejected,0.22209829037903556,0.13202606096158784
r1 q1,0.0009198209999543928,2.187286434610759,0.31526869855676387,rejected,0.025265745223532338,0.7525576489759378
vol20 q1,0.00037771532779735527,1.1209549672415993,-1.3531798340604797,rejected,0.0,0.1759981860077925
vol_surge1 q4,-5.325004434238133e-06,0.4128328136149404,-2.051372618753713,rejected,0.0,0.040230673450038584
r60 q2,0.00029815715942698904,1.035219844903795,-1.4169519104322534,rejected,0.0,0.15649698788925484
frog q2,-0.0004928116480182882,-0.8037234777424449,-1.6350971543953772,rejected,0.19532044958789885,0.10202868261432994
r5_nonews q1,0.0004896539017376729,0.8311724035471751,1.5945115518329314,rejected,0.19483734817664913,0.11082150547322248
max20 q0,0.0005926721903427849,1.4621942212104098,-0.9201721688999147,rejected,0.0,0.35748279560418983
dist_52wh q1,0.0007299831703332343,1.8610417441295717,-0.5196515188944354,rejected,0.0,0.603306483209317
skew60 q0,-0.00047525184311351997,-1.4464393534521964,0.9192267959085277,rejected,0.0,0.3579769582087957
ear_volsurge q0,-0.0008605326546658503,-1.9250663464618842,-0.4286598423514405,rejected,0.045025093065601846,0.6681707889720534
ind_mom20 q2,0.00027185080250800446,0.07786953989616006,2.26444212932226,rejected,0.09887683114891138,0.023546935289401764
r5_news q2,0.00011536011073297713,0.4879941352803444,1.8129844654651186,rejected,0.1833725904401316,0.06983421732785582
intraday20 q0,-0.00044724639379341806,-1.2477615232432444,0.9977859559324628,rejected,0.0,0.31838316169456926
min20 q2,0.0007418442747120455,1.8098534731790696,0.432433022638368,rejected,0.04172544738555028,0.6654267215723675
intraday20 q1,0.0008747809110744139,2.1952421042934938,0.039773795304433306,rejected,0.0001580011029263761,0.9682734680124084
range_compress q2,0.00040702493193367836,0.6933071770416703,1.5400298568386976,rejected,0.19303346272295605,0.12355307583500817
overnight20 q2,0.0006980151323622368,1.615260786161876,0.5809336694403613,rejected,0.07665528917619593,0.5612851591199142
vol_surge1 q1,0.0005271477550747368,1.1211032296942385,1.0489377776719944,rejected,0.15004880838510387,0.2942067569951945
ind_mom60 q0,0.0005698223438385207,1.4867235406030812,-0.6656726672373828,rejected,0.0,0.5056203477232313
r5 q4,-0.0005462319649398862,-0.9455828989241919,-1.1874562222136393,rejected,0.18867381887720855,0.23504771471136182
ev_offering q4,-0.0003574610944991557,-0.9534786527486845,-1.1736041067711007,rejected,0.18456597536760927,0.2405536355009145
ind_mom60 q1,-0.0001712013419514524,-0.6695136616200662,1.426216311916146,rejected,0.0,0.1538059125618963
r1 q0,-0.00021359858834905568,-0.7925685880967083,1.267493376467735,rejected,0.0,0.20497893047018123
r5_news q0,-0.0004585088726309476,-1.133502986514934,-0.9075293019967957,rejected,0.14207472277668057,0.36412696136813627
vol_surge5 q4,-0.00048602791386689225,-0.8633848366400454,-1.1564106765832571,rejected,0.17137718817930572,0.24751321656877448
r60 q1,0.00047071126287772004,1.3282175096061433,-0.6877144512252248,rejected,0.0,0.49163261779862477
ear q1,0.00016092091377793412,0.6794703907193426,-1.3239342283894993,rejected,0.0,0.1855248892857678
mom_12_1 q3,0.00039766078491064016,1.1735305281301303,-0.8218314321256159,rejected,0.0,0.4111728418378756
rel_ind60 q3,0.00047941792225113255,1.4089500843200988,-0.5722398077934049,rejected,0.0,0.5671595221297218
rel_ind60 q2,0.0003026861659392422,0.4025923078026186,1.562485841838449,rejected,0.1664280304748183,0.1181735786487969
ev_red_flag q2,0.00012427658424240447,1.5646805312467993,0.3800621371475862,rejected,0.029435803393010967,0.7038992908094951
close_loc q2,-0.0006101346819112527,-1.4282262825043814,-0.503579983728108,rejected,0.05184431188560304,0.6145565612861388
skew60 q1,0.0005730380137773016,1.5837945051926567,0.28004085144563706,rejected,0.03027183734994452,0.7794461633244836
dist_52wh q2,0.0006099276812328621,1.4890792067522345,0.3657515132959063,rejected,0.023681003161872438,0.7145505033460836
overnight20 q0,-0.0008125699053088844,-1.7953666948712164,-0.03536628662804125,rejected,0.0002691369027259202,0.9717876672589107
atr_pct q0,0.0005322619012620911,1.2521014683827847,-0.5764415746581439,rejected,0.0,0.5643167500557396
dist_ma50 q0,-0.0007658945228206485,-1.7188526297744537,0.10561629883043172,rejected,0.0,0.9158867924858616
ev_agreement q2,-3.7732247582603925e-05,-0.7166457571638342,1.1074188438507948,rejected,0.0,0.2681128824509947
intraday20 q2,0.0005947257383121752,1.4122161966436932,0.40923316711951485,rejected,0.038733709559330094,0.6823685564048377
min20 q4,0.00044305206056186877,1.0974931465289706,-0.6984514444655603,rejected,0.0,0.48489491351684316
dist_ma200 q4,-0.0003065716568260653,-0.9339074547204989,0.8522276225382746,rejected,0.0,0.394087768261486
skew60 q2,0.0006100379925835841,1.7532812059691876,-0.027653032349461898,rejected,0.0,0.9779388841179881
ev_red_flag q4,-0.0002973392327400483,-1.4030956209365617,-0.3672479713150546,rejected,0.02283193568762365,0.7134340594611311
ev_agreement q4,0.00017658297450290765,0.6822923767052569,-1.072646993256684,rejected,0.0,0.2834295315282053
r20 q4,-0.0005126208129748374,-0.959760827361813,-0.7937735770550117,rejected,0.11012701925384166,0.4273272576581802
dist_ma50 q3,0.00046702552539719085,0.9824428856810588,0.7220557696463592,rejected,0.10549578911310793,0.47026019018036075
dist_ma50 q4,-0.000513239219274318,-0.9776588940384745,-0.7177495333566377,rejected,0.1015932884977841,0.47291173556299665
intraday20 q3,0.0004228871177506837,1.2730674708771925,-0.42206668572959277,rejected,0.0,0.6729763435195024
ins_officer30 q2,5.0847631521884154e-05,1.3141004839513117,-0.3322386194929697,rejected,0.0,0.7397090842535614
overnight20 q3,0.0006326932416977779,1.4859252514466406,0.15694684167985115,rejected,0.00860379182830638,0.8752867429535669
r1 q2,0.0004412430369396781,1.2580820828303456,-0.3645356714848117,rejected,0.0,0.7154580415261428
ind_mom60 q4,-0.00012152735574673839,-0.5675005304963165,1.0447231597615936,rejected,0.0,0.296150937668305
r5_nonews q2,0.0006158407142418392,1.4266593219565824,-0.17178960099340174,rejected,0.0,0.863602941190614
news5 q4,-0.0002703128565579738,-0.36330349827238034,-1.200747007509656,rejected,0.1507332559754333,0.2298493535805433
r20 q3,0.00029948141362589416,0.912009329089813,-0.6477161756699221,rejected,0.0,0.5171685401105546
r60 q4,-0.0005923663667818021,-1.2432709494524168,-0.29223629611256086,rejected,0.025418355080249973,0.7701059619721953
ear q0,4.97729656496129e-05,-0.22123473271444183,1.30014757934451,rejected,0.0,0.19355039309418115
r5_news q4,0.0002027016289377747,0.7071954221053272,-0.8030987594448682,rejected,0.0,0.42191765469303416
ins_officer30 q4,-0.0003837434226686264,-1.1786409960536282,0.31365770233000695,rejected,0.0,0.7537810292694294
ind_mom20 q3,-0.00011085365152982047,0.10054927856815381,-1.3889695265905952,rejected,0.0,0.16484201671538873
vol_ratio q2,0.00031326436449084875,0.5676474439702722,0.9134797324694822,rejected,0.11719062419501218,0.3609902882477292
r120 q4,-0.00031801561609955223,-0.8819076827786213,0.5874087056228328,rejected,0.0,0.5569292484216299
overnight20 q4,-0.000540729739347153,-1.2286600422128273,0.23877945164916858,rejected,0.0,0.8112766046110012
log_dv q1,-0.00028937166886479186,-0.8500333864674944,0.6125617577828815,rejected,0.0,0.5401661510745495
days_to_earn q0,0.0004134583500236189,0.7796915733813654,0.6390175208874163,rejected,0.06818617997203379,0.5228115339081445
r5 q0,-0.0004379532782577951,-1.078560623442469,0.3400903185892729,rejected,0.0,0.7337885123618324
ins_buyers30 q2,4.27184911497979e-05,0.788030129246072,-0.6239863272483668,rejected,0.0,0.5326365644393898
ins_value30 q2,4.27184911497979e-05,0.788030129246072,-0.6239863272483668,rejected,0.0,0.5326365644393898
rel_ind20 q2,0.0005000659094235134,1.2261910170606989,0.17830997996089748,rejected,0.010264816383830543,0.8584795415362793
skew60 q4,-0.0004443175733544098,-0.8701068647227996,-0.5323299211904847,rejected,0.05756857458878249,0.594497512304989
ind_mom20 q1,-0.0003255096905134344,-0.5267832249978487,-0.8725857024146548,rejected,0.10333886409453694,0.38288893639846394
days_to_earn q1,0.00048788024003134994,1.025968175499263,0.36132281022408747,rejected,0.02382073719649506,0.7178581438120402
ear q4,0.00034374804445451174,0.6056024975697989,0.7795304561834134,rejected,0.09127343016385489,0.43566730399229775
vol_ratio q4,-0.00024638447949394145,-0.7239404630221746,0.6576010542598251,rejected,0.0,0.5107945169426715
ins_buyers30 q4,-0.00023543398665821662,-0.7585197759890336,0.6161332756664155,rejected,0.0,0.5378065618094015
ins_value30 q4,-0.0002354340002633466,-0.7585197759890336,0.6161329691531301,rejected,0.0,0.5378067640907891
r5 q2,0.0005422718106940746,1.3010413731287427,0.07017097344814492,rejected,0.0027592481774166592,0.9440575771921125
vol_ratio q1,6.899896575192452e-05,-0.13339151153133383,1.2311655236724217,rejected,0.0,0.21826096302565162
close_loc q0,0.00038186262540124854,0.759536983470648,0.5855045284527542,rejected,0.06540492715933087,0.5582085225757001
r5_nonews q0,2.1215557481419646e-05,-0.22193882718257685,1.1212183637689164,rejected,0.0,0.2621949248311708
days_since_earn q1,2.436857627110203e-05,0.29787718583308526,-1.0382177952079847,rejected,0.0,0.29916866971503214
dist_ma200 q0,-0.0005331877619082515,-1.2272241742733836,-0.10726600799092285,rejected,0.006790384418921543,0.9145779506103802
days_to_earn q3,-0.0002542365729163217,-0.3556337234996229,-0.9704280804235607,rejected,0.10361107138408823,0.3318331574708941
ind_mom60 q3,-2.659205469819929e-05,0.23244877083802348,-1.0907095603988843,rejected,0.0,0.27540070248655707
earn_in_week q2,-1.3495117876112736e-05,-0.41241263025958474,0.9023569198631626,rejected,0.0,0.366867298001518
ear_volsurge q3,0.0004503096995036538,1.0378211651870541,0.26475741588385315,rejected,0.02243829176082343,0.7911963437026541
mom_12_1 q0,-0.00041804283046907614,-1.0753253367307856,0.19681234716753654,rejected,0.0,0.8439743884560144
gap_today q3,0.00045006322478477755,1.1093264851896991,0.15836917276389173,rejected,0.008240445125582918,0.8741659037701369
rel_ind60 q0,-0.000564696536089535,-1.2452820711076134,0.012589721983004282,rejected,0.0,0.9899551205597342
mom_12_1 q2,-0.00043086565166531714,-1.1037993375767836,-0.1394099556872471,rejected,0.004961490488080639,0.8891262056828533
ind_mom60 q2,-0.00029585684049047485,-0.49516134150945595,-0.7449726780739765,rejected,0.08576143837021945,0.4562882369781597
r1 q3,0.00032490347455715787,0.9180682005730115,-0.3170106722790193,rejected,0.0,0.7512355042945794
gap_today q4,-0.000374680451141343,-0.7145634236464286,-0.4966867051326692,rejected,0.04448763005612588,0.6194099991989586
max20 q3,0.00010865042137457319,-0.030540892186560333,1.1608331901741262,rejected,0.0,0.24570974265991677
rel_ind60 q4,-0.000480479039254084,-1.0047865936993041,-0.1799026206726112,rejected,0.010413331371040049,0.8572290177717008
days_since_earn q3,0.0003615524763606585,0.7633531955524536,0.36328624317515557,rejected,0.021394576226844923,0.7163910687431281
vol_surge5 q1,0.0002997042325310436,0.8267338311270598,0.2992650945935343,rejected,0.019262248287111837,0.7647377853059139
range_compress q1,0.00042503313841017195,0.9504196529667392,0.12071651978373672,rejected,0.008306078588108256,0.903915573793042
frog q4,3.4767316303601307e-05,-0.16374784231664183,0.8938633455856212,rejected,0.0,0.3713950115246161
news5 q1,-6.098083468267963e-05,-0.27899773579176373,0.7774817609781767,rejected,0.0,0.43687459112474175
dist_ma200 q3,0.00039976100785139146,1.0117820727553537,-0.03977167605270718,rejected,0.0,0.9682751575937631
days_to_earn q2,-0.0003354983990816122,-0.7904986884209574,-0.25922184891127814,rejected,0.020387178112754804,0.7954640741273158
gap_today q2,0.00035298278887683354,0.9122337890389726,-0.1317981814007443,rejected,0.0,0.8951439250362291
earn_in_week q4,0.00016015894391552518,0.401745530973648,0.5641564537136513,rejected,0.05190104087908422,0.5726476607076183
close_loc q1,0.000205045196771118,0.3566315054437429,0.5988062310309996,rejected,0.05453249100085356,0.5493021066843012
close_loc q4,-0.00013295384551226548,-0.12143743731293148,-0.8129584835011019,rejected,0.07422868523461974,0.41624186164975385
mom_12_1 q4,0.00012098503909084283,0.06119080981878737,0.8723781565196146,rejected,0.07821505263775676,0.3830021129253308
r120 q0,-0.00032714682062545187,-0.7864953846029633,0.03666708875548973,rejected,0.0,0.9707504503558699
days_since_earn q0,-0.00022350605347759868,-0.5384071399122883,0.28253451171876487,rejected,0.0,0.7775336874936589
r60 q0,-0.0003390262836502683,-0.7476725142691752,-0.047739830068208325,rejected,0.0004346954391446596,0.9619235904717056
days_to_earn q4,-0.00022842827521602787,-0.5328222544659749,0.21792394367210344,rejected,0.0,0.8274883711067125
r120 q3,0.0001211446858613876,0.3916515704376865,-0.34980356361953446,rejected,0.0,0.7264861244268587
skew60 q3,-0.00011360118020062548,-0.136521203640538,-0.5832079933749572,rejected,0.04558042457165896,0.5597532907991849
ear_volsurge q2,-0.000234420960963541,-0.6289422588628802,0.07822664865773303,rejected,0.0,0.9376477644021683
dist_ma200 q2,-1.1119328342755735e-05,0.10077143379356326,-0.5675779017803905,rejected,0.0,0.5703216158083064
ind_mom20 q4,0.0002476165719787086,0.5975125059516,-0.059776002879090774,rejected,0.0,0.9523340383200255
r120 q2,9.9736994970683e-05,0.3110973112416708,-0.3265923439445709,rejected,0.0,0.7439762349323824
frog q0,-0.00014596271719579453,-0.26908416998955687,-0.3506531913992966,rejected,0.015767610902869298,0.7258485461796795
rel_ind20 q4,-0.00022202959789264625,-0.4631611582258227,-0.14580132029334816,rejected,0.0037017956361610647,0.8840782336000115
dist_52wh q4,8.168551789390181e-05,0.24827755117123665,-0.24170880711475717,rejected,0.0,0.8090058047960828
close_loc q3,0.00011881876632940758,0.3037175098846924,0.029686154658289436,rejected,0.0008134463113338151,0.9763173540384228
ind_mom20 q0,-5.531179189717192e-05,-0.1515356668662174,0.12059503952138641,rejected,0.0,0.904011798055845
vol_ratio q0,-1.974407694624633e-05,0.008301291383019483,-0.2265195195924355,rejected,0.0,0.8207973793024609
ear_volsurge q4,-5.887000743041584e-05,-0.14090196793357496,0.014662502368249347,rejected,0.0,0.9883014349162277
earn_in_week q1 & ev_shelf q2,-0.0015754827576024116,-3.386730993171322,-2.9830413406751024,rejected,0.0,0.0028539944188786543
r20 q1 & rel_ind60 q2,0.0013786982769887898,2.3339489382459835,3.3388039563368412,rejected,0.0,0.0008413992208396289
max20 q1 & vol_ratio q3,0.0009110955808594931,2.6859813600575424,-2.4706476774445387,rejected,0.0,0.013486862025391217
days_since_earn q2 & vol_surge1 q2,0.0014023456402007322,2.6173553874130966,2.509960503465061,rejected,0.1690152530216225,0.01207446658826005
ev_shelf q2 & r5 q1,0.0009406437010753699,1.574593050945288,3.470542231714877,rejected,0.0,0.0005194086575142485
max20 q1 & r5 q3,0.0007615683529622753,2.3620991788524566,-2.653705082792165,rejected,0.0,0.007961337520070923
min20 q3 & range_compress q3,0.0008289477332718082,2.51094828452932,-2.4795178788828274,rejected,0.0,0.013156013429035645
ear q1 & min20 q1,0.0014860458912054455,3.3425440893267035,1.541762561223635,rejected,0.25390300732443294,0.12313130296307086
r5 q1 & r5_news q2,0.0008284382112882618,1.1850234725452637,3.6359478491953294,rejected,0.0,0.0002769603637738476
atr_pct q3 & r5_news q2,0.0013351580696723058,2.5497097393285024,2.223565479671455,rejected,0.20555260272994907,0.026177693278316948
ev_offering q2 & r5 q1,0.0007966663654152475,1.1896040349909773,3.552216317594249,rejected,0.0,0.0003820006775086721
ind_mom20 q2 & rel_ind20 q0,-0.0005571488803937986,-2.1666959757040716,2.564317718230485,rejected,0.0,0.010337886451647621
ear q3 & vol_surge1 q3,0.0008127983037368906,2.44840847830849,-2.2738337165623874,rejected,0.0,0.02297598620785954
range_compress q3 & vol_ratio q3,0.000433946456818034,1.7660997475418823,-2.9338448776661696,rejected,0.0,0.0033479148395365254
ind_mom20 q2 & max20 q3,-0.00024977186022713175,-1.5054179466303645,3.187463531294351,rejected,0.0,0.0014352655618442263
ev_offering q2 & ev_shelf q2,0.00023459686195126495,2.463944530132693,2.129025242145912,rejected,0.22323869194221668,0.03325217204785784
min20 q1 & r5 q1,0.001091201969738776,1.9810926851275348,2.562149536061911,rejected,0.13784159829437392,0.010402651806294617
atr_pct q3 & r5 q1,0.0007210724026334586,0.9391432670716189,3.5663370818204436,rejected,0.0,0.000362005684180923
max20 q1 & vol_surge1 q3,0.0009062709352565152,2.6487256251175513,-1.8303316006603179,rejected,0.0,0.06720036879799925
atr_pct q3 & news5 q2,0.0012317273799538585,2.3202491480588385,2.1256325465646757,rejected,0.22534051039331682,0.03353386742577468
ear_volsurge q3 & vol20 q2,0.0015199427967745695,3.0817407120467504,1.3607021294857458,rejected,0.27536853608030515,0.17360784138076982
frog q3 & intraday20 q4,-0.0007434628886067982,-1.0041903939134014,-3.435476341431256,rejected,0.0,0.0005915131084810145
news5 q2 & vol20 q3,0.001053880745411564,1.8312362370130528,2.579383645624649,rejected,0.10173340577948156,0.009897679575664474
dist_ma200 q1 & rel_ind60 q1,0.0009909250276445433,2.756786349196194,-1.649573092592545,rejected,0.0,0.09903028213183299
frog q3 & vol_surge5 q4,-7.352887672904764e-05,0.5723513706069456,-3.824062563116114,rejected,0.0,0.0001312705817525883
max20 q1 & r20 q0,0.00027744819234007964,1.5152002177889046,-2.876922665020033,rejected,0.0,0.004015739983852392
ev_offering q2 & min20 q3,0.0005663740750817573,1.7661367847216334,-2.6150845123196866,rejected,0.0,0.008920537999319031
days_since_earn q2 & news5 q2,0.0010250452595927462,2.79740223868702,-1.5826468836238332,rejected,0.0,0.11350197116199594
log_dv q0 & r5 q1,-0.0008229624275188066,-2.6961910118246535,1.66471399319722,rejected,0.0,0.09596982989018271
r5_nonews q4 & vol_surge5 q0,-0.001055498497464948,-2.925977649420577,-1.428065228185125,rejected,0.25839158903086196,0.15327308473148044
atr_pct q3 & ev_shelf q2,0.001246851920400096,2.5436592133737377,1.7882687464889373,rejected,0.2512712057795385,0.07373265963984872
days_since_earn q2 & ins_opportunistic30 q2,0.001169544014289406,2.9124784987417547,-1.3885137259111744,rejected,0.0,0.1649806680795053
ev_shelf q2 & min20 q3,0.0005528722430724564,1.73780956550051,-2.561573270893145,rejected,0.0,0.010419925931278702
days_since_earn q2 & vol_surge1 q3,0.0006144493088526038,2.029649544081731,-2.264492314747554,rejected,0.0,0.02354385190631272
min20 q3 & vol_surge1 q4,0.0006716785406279151,2.215953516647671,-2.0751529723424578,rejected,0.0,0.037972359562734
max20 q1 & vol_surge1 q4,0.00024169505417650724,1.3216867247367032,-2.964390807677604,rejected,0.0,0.003032828539041649
atr_pct q3 & ev_offering q2,0.001219448245836251,2.45881817876173,1.8271773888068403,rejected,0.25695075409072626,0.06767310241545772
ins_opportunistic30 q2 & min20 q3,0.0005902219125392062,1.8038689653402373,-2.481119616794179,rejected,0.0,0.01309704140479772
ind_mom20 q2 & vol_surge1 q0,-0.0005844016326446319,-2.1626678749328243,2.1167949824410393,rejected,0.0,0.034277251388263465
atr_pct q1 & min20 q3,0.00019357504993360383,1.078054786445553,-3.194051226513793,rejected,0.0,0.0014029122060254533
r5_news q2 & vol20 q3,0.0011408870149678583,2.214104108304454,2.057998206788047,rejected,0.2424003906247292,0.03959030553764755
atr_pct q1 & ind_mom20 q2,0.0005010021920476136,1.8155591359520402,-2.4483897904403347,rejected,0.0,0.014349632216878922
min20 q3 & mom_12_1 q1,0.0004783941755146608,1.6507075637219828,-2.607957534486428,rejected,0.0,0.009108425333006865
ind_mom20 q3 & min20 q3,0.00011575520584746465,1.0142934029891222,-3.2428246116666894,rejected,0.0,0.001183510421592373
frog q1 & r60 q3,0.0007983386986787488,1.9550176620236044,2.3009680964598807,rejected,0.17268825972031054,0.02139343445802663
r5 q3 & vol_ratio q3,0.0002524242938769279,1.3777349109774122,-2.848888596771305,rejected,0.0,0.004387223957093479
mom_12_1 q1 & vol_surge1 q4,0.00040420044698004137,1.5174996631863857,-2.7039420478759735,rejected,0.0,0.006852223856466277
ind_mom60 q1 & min20 q0,-0.0006254743701620728,-2.771543270868468,1.4387952399691089,rejected,0.0,0.15020854544440243
days_since_earn q2 & ev_offering q2,0.0011904652503651335,2.940372329906316,-1.2689971133978657,rejected,0.0,0.20444209359391619
dist_ma50 q1 & overnight20 q2,0.001082056357569034,2.8589351838815125,-1.3447408304796276,rejected,0.0,0.17870894409608745
ear q4 & vol20 q2,0.0013374816847325933,2.7947107990417037,1.4074027035919778,rejected,0.273328172404187,0.15930800997665445
max20 q2 & vol20 q0,0.00023771310007553737,1.3619765024683501,-2.8395693721865642,rejected,0.0,0.004517447137286994
ins_opportunistic30 q2 & r5 q1,0.0006939053016568644,1.002915039499133,3.192269480290322,rejected,0.0,0.0014115956874092923
ev_shelf q2 & vol20 q3,0.0011241331472845327,2.260476715223724,1.9282862690014113,rejected,0.2574888713262434,0.05381952877510252
ev_offering q2 & vol20 q3,0.0010767750156906856,2.0975191147942964,2.0718432583591113,rejected,0.22612297853835264,0.038280061011556295
r20 q1 & r5 q1,0.0010020778550456748,1.655716826078526,2.4938727018866573,rejected,0.16386171873175295,0.012635785166547413
ind_mom60 q1 & intraday20 q2,0.001396279851696559,2.9688468655025706,1.1712354174677657,rejected,0.22164262835442136,0.2415041626554423
atr_pct q1 & news5 q2,0.00021693559263480144,1.0959147228228443,-3.038188601544518,rejected,0.0,0.002380049455884201
atr_pct q1 & rel_ind20 q3,0.000404325831530957,1.487610234815215,-2.6366297141139965,rejected,0.0,0.008373417926953624
news5 q2 & vol_surge1 q3,0.0006877152462899104,2.281688533724567,-1.8423076613994547,rejected,0.0,0.06543015974602494
max20 q1 & r20 q1,0.001208774009644377,2.252670385444204,1.8428728660606677,rejected,0.24628606595652425,0.06534757482274156
ind_mom60 q1 & rel_ind20 q0,-0.0003504484531146962,-1.695268223016643,2.3829870363751,rejected,0.0,0.01717279906074178
atr_pct q3 & ins_opportunistic30 q2,0.0012139877118240254,2.5044807157560594,1.5704648044730025,rejected,0.2513829525979104,0.11630701626403563
r5_news q2 & rel_ind20 q0,-0.0006870645775986447,-2.0335111480901635,2.0344560259758877,rejected,0.0,0.04190563797138386
vol20 q1 & vol_ratio q3,0.0005800277822391249,1.837426597354298,-2.2293639856008647,rejected,0.0,0.025789696454629835
frog q3 & min20 q3,0.0004491797388599306,1.6928796753849953,-2.3418201637006106,rejected,0.0,0.019189959012194415
frog q1 & r5 q1,0.0008062312907961973,1.0617295477983726,2.909309672614944,rejected,0.0,0.0036222786671758623
earn_in_week q1 & vol20 q0,-0.0008870214530465677,-3.0549949134770764,-0.9139571279808447,rejected,0.162035112086321,0.36073937348957
ear q2 & min20 q0,-0.0008447446763904258,-3.3959888649162715,0.5696173457128502,rejected,0.0,0.5689372611369636
log_dv q3 & range_compress q3,0.0005410960173700939,1.787935227694765,-2.1643600825162763,rejected,0.0,0.030436724870623523
atr_pct q3 & r60 q3,0.0009606879554307131,1.8878520634045561,2.061811920579889,rejected,0.23845390340589015,0.039225645717656986
days_since_earn q4 & r5 q1,0.0002889317492798164,-0.38009748603444826,3.569480542481762,rejected,0.0,0.0003576897818207414
days_since_earn q2 & r5_news q2,0.0011476464267100562,2.8468614432081862,-1.096125540867546,rejected,0.0,0.2730238387861285
frog q2 & log_dv q3,-0.0009747302577276814,-1.8249191259507105,-2.11413331975152,rejected,0.21881747915254365,0.03450388205272767
atr_pct q1 & log_dv q4,0.00032804592977573677,1.342194330607856,-2.590328661216793,rejected,0.0,0.009588433978785444
min20 q3 & rel_ind20 q3,0.0003978574558564595,1.4940012254815827,-2.438208474380775,rejected,0.0,0.014760258842221635
atr_pct q3 & rel_ind60 q2,0.0011936192150238307,2.5548380139327818,1.3687226766963794,rejected,0.27386596053676004,0.1710859790777153
ev_offering q2 & max20 q1,0.0007842047413691465,2.133472267665795,-1.7821716010318747,rejected,0.0,0.07472125240574909
range_compress q3 & vol20 q1,0.000709548514019868,2.136085100256671,-1.7570382950649497,rejected,0.0,0.07891128204347635
ev_offering q4 & frog q1,-0.0003113967381854993,-1.6677108511009993,-2.2176375570853386,rejected,0.21222985008211015,0.026579554962123487
news5 q2 & rel_ind20 q0,-0.0003028986758893343,-1.3114445427094186,2.571077574854247,rejected,0.0,0.010138261442229426
log_dv q3 & r5_nonews q4,-0.0008645620055933621,-1.6326945421667627,-2.2413522034999604,rejected,0.18136754776288147,0.02500326994356082
log_dv q4 & r5 q3,0.000545479255989522,1.64463016625611,-2.220788712016783,rejected,0.0,0.026365275488934973
ins_opportunistic30 q2 & vol20 q3,0.0010477901687765496,2.1047479689651643,1.7603034575311647,rejected,0.24447390128940422,0.07835636826259237
range_compress q3 & vol_surge1 q3,0.0009666010348639879,2.6276539036104416,-1.235404015143697,rejected,0.0,0.2166801792304182
r5 q1 & vol_ratio q3,0.0011932130624081189,3.0891471355567584,-0.7657744614637777,rejected,0.0,0.44381051249649156
ev_shelf q2 & news5 q2,0.00027690907800040907,1.695183279022161,2.1524589697121637,rejected,0.2155386687598281,0.03136122351605456
gap_today q0 & range_compress q3,-7.575138884422715e-05,0.7604147996313696,-3.0809197017052865,rejected,0.0,0.0020636229261289667
atr_pct q1 & r5_news q2,0.000215301464424958,1.0113327722567789,-2.822142984681874,rejected,0.0,0.004770390322598935
r5_nonews q3 & r60 q2,0.00018932616622685904,1.0087786976922086,-2.8242830553007825,rejected,0.0,0.004738651576581105
r5 q1 & vol_surge1 q0,-0.0002604345966541388,-1.2450114481444798,2.585645083230668,rejected,0.0,0.009719695732996395
min20 q1 & rel_ind60 q2,0.0009535725852084425,1.675169365072776,2.1526210115978666,rejected,0.21227564782004965,0.03134847583596637
r5 q3 & vol_surge1 q4,-4.3000084489101426e-05,0.5816513947140353,-3.244369724235552,rejected,0.0,0.0011771084862157364
ins_value30 q2 & vol20 q3,0.0010689498111814163,2.1560799852837325,1.6678672421757395,rejected,0.26389031800635243,0.09534208378470546
r5 q1 & range_compress q2,0.0006007358660450914,0.46987785163106116,3.351958635364014,rejected,0.0,0.000802420069747631
log_dv q0 & news5 q2,-0.0008488516634959792,-2.450728052379304,1.3647082936893313,rejected,0.0,0.17234475188643264
atr_pct q1 & r60 q2,-3.463642569068962e-05,0.6098471897946663,-3.205556622910514,rejected,0.0,0.0013480152181430795
ind_mom20 q3 & r5_nonews q3,9.507519765004598e-05,1.0408967727384761,-2.7720734438426717,rejected,0.0,0.005570046771273008
frog q3 & ins_opportunistic30 q2,0.0002732627560907126,1.316319859219107,-2.490623214292892,rejected,0.0,0.012751927168508875
days_since_earn q4 & ev_offering q2,-0.000992733216811087,-2.55871337308113,1.2479157242167331,rejected,0.0,0.2120619216057668
ev_offering q2 & rel_ind20 q0,-0.0006909792257798205,-1.992081973708636,1.8030398352055381,rejected,0.0,0.0713819588128664
ins_opportunistic30 q2 & max20 q1,0.0007857481191326547,2.1105652256798626,-1.673806733331076,rejected,0.0,0.0941685886072549
r20 q1 & r5_nonews q1,0.0008849125584852227,1.418656974096276,2.3623617005599713,rejected,0.16985000728369465,0.01815891542875218
days_since_earn q2 & ev_shelf q2,0.0010482431079698801,2.6451296582998616,-1.131967067290637,rejected,0.0,0.2576482802117785
days_since_earn q2 & min20 q3,0.0006539092422484229,1.9130862965993145,-1.8635165485246212,rejected,0.0,0.06238962648545499
r60 q4 & vol_ratio q3,-0.0006415598176883442,-1.2591627729742267,-2.513502221481046,rejected,0.14336227641668553,0.011953902506903808
ev_shelf q2 & max20 q1,0.0007897875430152313,2.1109477771867944,-1.6501988655900548,rejected,0.0,0.0989022687908391
earn_in_week q1 & r5 q4,0.00013514559647111803,1.2349226347997488,-2.5173312081815875,rejected,0.0,0.011824761258371603
max20 q1 & rel_ind20 q0,0.0004299616268054386,1.690367700153006,-2.0609727219446956,rejected,0.0,0.03930564254873674
atr_pct q1 & r5 q3,0.0004197404610855379,1.48203170530205,-2.252651335821489,rejected,0.0,0.024281141569948653
r5 q3 & r60 q3,0.0007174764326817849,2.062228997475771,-1.6618988797619973,rejected,0.0,0.09653305135498412
atr_pct q1 & ev_shelf q2,0.0003157968885921236,1.1823260379988307,-2.5345436185202117,rejected,0.0,0.011259390859884378
atr_pct q1 & ev_offering q2,0.0002914458408953157,1.1315050262282744,-2.5834264920153798,rejected,0.0,0.009782431070109196
atr_pct q1 & ins_opportunistic30 q2,0.0003255249909623235,1.2010913537825954,-2.510119737596647,rejected,0.0,0.012069023026431916
atr_pct q3 & ind_mom20 q2,0.00048448303969074257,0.48879081079596726,3.213033071027241,rejected,0.0,0.0013134116533141463
max20 q1 & r5_nonews q3,0.0009242087031822184,2.465731756537746,-1.235683809110006,rejected,0.0,0.2165761181782088
atr_pct q1 & r5_nonews q3,8.111550092706182e-05,0.9239832329214815,-2.7771451342588214,rejected,0.0,0.0054838685985095685
r20 q1 & range_compress q4,0.0010452263747331323,1.9475109299817406,1.7520662036574162,rejected,0.2500533993623333,0.07976242476710815
log_dv q3 & r5 q4,-0.0007176963915443131,-1.3249391603534233,-2.3731447404611994,rejected,0.16495577982968135,0.017637350846649462
frog q1 & r1 q0,-2.4071863385006562e-05,-1.1993678318893892,2.4856565896838165,rejected,0.0,0.012931268277967574
ind_mom60 q1 & min20 q3,0.00043276897354656545,1.55213554147399,-2.129251018868317,rejected,0.0,0.033233497890241645
min20 q3 & news5 q2,0.0005828832165057445,1.6541857136787328,-2.0234439694160926,rejected,0.0,0.04302739482049967
min20 q3 & r60 q2,0.000814823234994091,2.24187398795407,-1.4351040550830043,rejected,0.0,0.15125744819772996
ind_mom60 q1 & r20 q1,0.0009506070919417161,1.8062488790318199,1.8670967574480872,rejected,0.24734931624075204,0.06188807716276387
ind_mom20 q2 & min20 q3,0.0009378550521559161,2.4790310777776736,-1.1863765540380695,rejected,0.0,0.23547362657801488
earn_in_week q1 & range_compress q3,-0.0009187224209493029,-2.062677714855464,-1.5961330512796394,rejected,0.23677790223791637,0.11045909090298021
r5_nonews q3 & vol_surge1 q4,0.00026514511890115335,1.2509149180402739,-2.404802105626894,rejected,0.0,0.016181225535708017
ear q3 & vol_ratio q3,0.0007214470819940698,2.0760941339773535,-1.5790248542306995,rejected,0.0,0.1143303563077462
r5_nonews q0 & vol20 q3,0.0007771945416480862,1.3951207633446956,2.255717619131196,rejected,0.16719549573185652,0.024088321422517565
min20 q1 & rel_ind20 q0,0.0009210040002691063,1.7267500991182154,1.9181988380425614,rejected,0.25255201737737765,0.055085803521591384
dist_ma200 q1 & ev_shelf q2,0.00112337918507024,2.8972374925266178,-0.7435285834967585,rejected,0.0,0.45716172282085155
days_since_earn q2 & range_compress q2,0.0013753722265391782,3.0112320883173753,0.6173464537254042,rejected,0.08545167461251307,0.537006232508247
ins_opportunistic30 q2 & vol_surge1 q3,0.00030574976130588033,1.374511439297426,-2.252574570390286,rejected,0.0,0.024285986004420165
atr_pct q1 & r5_nonews q1,0.0006703799188234184,1.9920261806954986,-1.6341192878113782,rejected,0.0,0.10223380564305956
ind_mom20 q2 & vol_surge1 q2,0.0006796672137192138,0.9205816351430125,2.701753848687419,rejected,0.0,0.006897480550144002
ev_shelf q2 & rel_ind20 q0,-0.0005820078069465202,-1.7968602618082095,1.8238270419418072,rejected,0.0,0.06817822428719823
log_dv q3 & vol_ratio q3,3.082793627267886e-05,0.684407728077292,-2.9290954400735894,rejected,0.0,0.0033995002364369297
range_compress q3 & rel_ind20 q3,0.0007923583915919397,2.1300550542835537,-1.4822612489813372,rejected,0.0,0.138270794949596
ev_shelf q2 & range_compress q3,0.0005997072953501642,1.7800274778529461,-1.8247351851105942,rejected,0.0,0.068041000925191
ev_shelf q2 & vol_surge1 q2,0.0007526063108035323,1.3962607598205723,2.208082880783418,rejected,0.2133713048809117,0.027238496142260153
log_dv q0 & r5_news q2,-0.0006460993495621163,-2.000072942111103,1.5996009407423641,rejected,0.0,0.10968713963699378
r5 q3 & range_compress q3,0.00018501033814815376,1.0934251425393602,-2.50181985311141,rejected,0.0,0.012355677730849321
earn_in_week q1 & min20 q4,-0.0008926155383913507,-3.38169805032943,-0.21318502613863216,rejected,0.022083031531603556,0.8311826472306502
earn_in_week q1 & ins_opportunistic30 q2,-0.0006020128033475133,-0.5449663647368088,-3.0420942369519977,rejected,0.0,0.0023493832970951246
log_dv q4 & rel_ind60 q2,0.001425739460745817,3.040069146450986,0.5464796069209903,rejected,0.07428123947551919,0.5847363020272011
ev_offering q2 & min20 q1,0.0010161998847873976,2.0608850704780206,1.517781973836322,rejected,0.25786409236571645,0.12906937084272513
atr_pct q1 & vol_surge1 q4,0.0006024322955948838,1.8121791100692484,-1.7645580948538733,rejected,0.0,0.0776380635158901
min20 q3 & r5_nonews q1,0.0008139570438978909,2.183964184988119,-1.3862789711208559,rejected,0.0,0.16566173550677854
frog q2 & r5_nonews q3,-0.0005869767074155581,-0.6548531220762849,-2.9087115962184584,rejected,0.0,0.0036292148793002446
earn_in_week q1 & ev_offering q2,-0.0005653721240799417,-0.38485623450588774,-3.175638082954479,rejected,0.0,0.0014950734856521027
min20 q3 & r5_news q2,0.0006761690645898531,1.8338638207770892,-1.7257347509861227,rejected,0.0,0.08439514314496728
atr_pct q1 & range_compress q3,0.0002140171137668621,1.0610765910597462,-2.49107304300392,rejected,0.0,0.012735793418376386
rel_ind20 q3 & skew60 q2,0.0006070320635927736,1.8381869542664517,-1.7119559815967138,rejected,0.0,0.08690478076622407
atr_pct q3 & frog q3,0.001053435197165153,2.809262529622279,-0.7359871146845611,rejected,0.0,0.4617385394737726
frog q1 & ind_mom20 q4,0.0005637959613208523,1.8005919587849286,1.7417660000939814,rejected,0.24486197642812613,0.08154939833021746
r20 q0 & vol_surge1 q0,-0.0005981222771089142,-2.436578876063797,1.1029554591445465,rejected,0.0,0.27004650824886667
ind_mom20 q3 & vol_surge1 q2,0.0005797160095163005,1.866437824353753,-1.670802632894628,rejected,0.0,0.0947606683301711
ear q3 & log_dv q3,0.001078432681878202,2.6946400881613966,-0.835497073742736,rejected,0.0,0.40343789385647
ins_buyers30 q2 & rel_ind20 q1,0.0006433831013059441,2.178240517109733,-1.3497142144688914,rejected,0.0,0.17710767102831426
rel_ind60 q2 & vol20 q3,0.0007401633634900339,1.1273752410744993,2.4005514745440752,rejected,0.14562665639663183,0.01637038816218894
frog q3 & r5 q3,-2.5049842735509808e-05,0.6408548582448697,-2.885065804970193,rejected,0.0,0.003913318545058778
ins_opportunistic30 q2 & range_compress q3,0.0005823663929449244,1.7263867674087114,-1.7992833167690148,rejected,0.0,0.07197387574942363
news5 q2 & vol_surge1 q2,0.0006722108774725023,1.103853403375275,2.4165367833522917,rejected,0.1361928119815038,0.015668942993827765
rel_ind20 q0 & vol20 q1,0.00018171967793987289,1.3195630423712132,-2.179090996670559,rejected,0.0,0.029324908966068524
vol_ratio q3 & vol_surge1 q3,0.0005835284516421894,1.900567816725,-1.58481981408092,rejected,0.0,0.11300727920463063
dist_ma50 q3 & vol_surge1 q3,0.0003105804717057987,1.2215057404311065,-2.2618814641612133,rejected,0.0,0.023704727879007483
ev_offering q2 & frog q1,0.0005564943296302692,0.566163172878714,2.9159132691507903,rejected,0.0,0.0035464907282130986
ind_mom20 q2 & r5_nonews q0,-0.0001896500178537903,-1.134524977927794,2.3449242541619566,rejected,0.0,0.019030945398370473
earn_in_week q1 & r60 q3,-0.0009063182116858397,-2.281185645604664,-1.188217874580299,rejected,0.22343509442046539,0.23474758328386627
min20 q1 & vol_surge1 q2,0.00022500644391350205,-0.34707406605469443,3.1217000579646297,rejected,0.0,0.0017981003164496026
news5 q2 & rel_ind20 q3,9.795224883152762e-05,0.8545823289281385,-2.6125118508336853,rejected,0.0,0.008987957616275794
frog q3 & range_compress q3,0.0005241445985514282,1.7635346848927718,-1.6955667409002964,rejected,0.0,0.08996796085004304
r5_news q2 & r60 q3,0.0007710295932044907,1.315537322096547,2.1415281067869096,rejected,0.20604643350762833,0.03223147437961602
ins_opportunistic30 q2 & vol_ratio q3,-6.000515721508418e-05,0.5442295591093729,-2.911718412743253,rejected,0.0,0.0035944651097602775
rel_ind20 q0 & rel_ind60 q2,-0.0007927653426643732,-2.618458884420215,0.8352202079708746,rejected,0.0,0.40359373379221597
ev_offering q2 & range_compress q3,0.0005782564493735145,1.7130481754714821,-1.7389039722913744,rejected,0.0,0.08205165540117473
ins_opportunistic30 q2 & rel_ind20 q0,-0.0007227951095960976,-1.9631390244450202,1.4877687494701395,rejected,0.0,0.13681188975878025
max20 q1 & r5_news q2,0.0007691303524301167,2.0102850892623625,-1.4400205271078623,rejected,0.0,0.14986159162655743
frog q1 & rel_ind20 q0,1.8054649661927424e-05,-1.0913727934204644,2.353814485335046,rejected,0.0,0.018581882193910163
log_dv q3 & r1 q4,-0.000893642222385435,-1.9332555546958672,-1.5084650767448982,rejected,0.254598313671245,0.13143553833217164
atr_pct q3 & min20 q1,0.0008606527006016941,1.5316594016952596,1.9050322827397494,rejected,0.24590506828977748,0.056775874825003673
log_dv q0 & r5_nonews q1,-0.0003208772085818579,-1.5924308173820907,1.8391082238621175,rejected,0.0,0.06589926966260069
ind_mom20 q3 & range_compress q3,0.0006650757859691036,2.0250000727691417,-1.3886489168116247,rejected,0.0,0.16493953480214515
r5_nonews q1 & vol_ratio q3,0.0008835832068690974,2.4036058086239716,-1.0020185770170242,rejected,0.0,0.31633462072241136
ev_shelf q2 & min20 q1,0.0009928743682494708,2.0497127918605744,1.3544799335852584,rejected,0.2687998823625643,0.1755833110671833
ins_buyers30 q2 & r60 q3,0.0007574527164978585,1.286904039164197,2.1088498189023372,rejected,0.20794169674490928,0.034957546827109276
atr_pct q3 & vol20 q3,0.0008365912404985511,1.4358531864249209,1.9540190871766274,rejected,0.22803789164952953,0.05069895993526451
atr_pct q3 & rel_ind20 q0,0.0007318807324579388,1.204416041208182,2.182550188522107,rejected,0.2020335117776707,0.02906895142812083
r5_news q2 & vol_surge1 q2,0.0007490567552140084,1.4340194904475752,1.9511170357212395,rejected,0.23204503793235526,0.05104312513755248
frog q1 & news5 q2,0.0005744125089169459,0.5176072146096332,2.866737186019293,rejected,0.0,0.004147272589440539
min20 q1 & vol20 q3,0.0008030215624777621,1.3732347564219292,2.0057029552207943,rejected,0.23119839436597794,0.044887949734697036
ev_offering q2 & vol_surge1 q3,0.00038778309661401746,1.4928982193384837,-1.8802722305905268,rejected,0.0,0.06007098588891783
ear q3 & min20 q3,0.0009438885625481663,2.323746631531118,-1.0481171004291905,rejected,0.0,0.2945846585256217
max20 q1 & r60 q2,0.0010340324787888665,2.5000004922263357,-0.8535777107538345,rejected,0.0,0.3933390128614842
min20 q3 & rel_ind60 q2,0.0010503845313350872,2.617890073832381,-0.7258736388276836,rejected,0.0,0.46791623822909395
min20 q1 & r5_news q2,0.0008102185523600178,1.4656199377702477,1.8769093420395715,rejected,0.23831356106590074,0.0605305202596558
r5 q1 & r5_nonews q0,0.00046174845234648394,0.7946831784607722,2.5442079649667684,rejected,0.12342602470532671,0.010952585385321886
frog q2 & rel_ind20 q0,-0.0010113618858668817,-2.6009657149904073,-0.736059866873633,rejected,0.12292715469797644,0.46169426526318746
r60 q2 & vol20 q3,0.0007509395066533987,1.290640195692288,2.0455068223225186,rejected,0.224810995816801,0.0408049172994458
ind_mom20 q2 & vol20 q0,0.0007294856103649013,2.0153071501406483,-1.319909951537933,rejected,0.0,0.18686508462152918
earn_in_week q1 & frog q3,-0.0006314970823444869,-1.3313034732021622,-2.003669294190088,rejected,0.23368268445797494,0.045105497589719344
ev_shelf q2 & r5_news q2,0.00021537226068771287,1.057442400575448,2.273232408296313,rejected,0.15298561831347496,0.023012178281771135
r5 q1 & rel_ind60 q2,0.0009284446474935291,1.7816886544441888,1.5484877964461994,rejected,0.24660392212095508,0.12150489764195069
days_since_earn q2 & r5 q1,0.001024481751697921,1.964764067906782,1.3588684162305322,rejected,0.2682605952088881,0.1741882887098822
intraday20 q1 & max20 q1,0.0011603542595450087,2.4149527455855204,0.9067541958684046,rejected,0.16114128337026734,0.3645367967315607
frog q3 & r5 q4,3.309305011002735e-06,0.5813433133447304,-2.7393789390192724,rejected,0.0,0.006155537985065916
ev_offering q2 & vol_ratio q3,-8.929140699208866e-06,0.6262280535055237,-2.692965012348885,rejected,0.0,0.007081970039594401
r1 q0 & range_compress q3,0.0004158316321831153,1.5163180262257863,-1.801860115874741,rejected,0.0,0.07156741666694699
news5 q2 & vol_ratio q3,0.0001523922593896295,1.0371698978238144,-2.2742742200426123,rejected,0.0,0.022949504180192284
ev_shelf q2 & r20 q1,0.0009282226929363279,2.0479189735758268,1.2592104621710236,rejected,0.2570409997795876,0.2079543236450678
ins_opportunistic30 q2 & r5 q3,0.00031597456847294386,1.190029145803703,-2.1165450207647334,rejected,0.0,0.03429848043387314
r5 q1 & vol20 q3,0.00044106936581573126,0.36907205662538234,2.9319668041524682,rejected,0.0,0.003368227477100181
dist_52wh q1 & ins_value30 q2,0.0008977757084141688,2.3621924892625983,-0.9361060112977264,rejected,0.0,0.34921860830327256
r1 q3 & range_compress q4,0.0006157705436373748,1.7773824626895247,-1.5198317939024002,rejected,0.0,0.1285532561587627
ev_shelf q2 & vol_surge1 q3,0.0003800558731916363,1.4744926728679852,-1.819849429831203,rejected,0.0,0.06878193784494319
r5 q3 & r5_nonews q3,0.0003601547652942292,1.3462666151409666,-1.9477684509378068,rejected,0.0,0.05144267538526006
atr_pct q3 & frog q2,0.0010174968419192478,2.1525475897734845,1.1395989637523338,rejected,0.21055881349079777,0.25445341726835646
ins_opportunistic30 q2 & min20 q1,0.000976678015245029,2.0014587430685156,1.2840568012760771,rejected,0.2552789079791687,0.19912208160671793
ins_opportunistic30 q2 & r60 q3,0.0007541161247635762,1.337240589974558,1.9427110828444714,rejected,0.23322708872026437,0.05205107639873679
ind_mom60 q1 & r60 q0,-0.00031083279361190924,-1.321501979276752,1.9584018192194386,rejected,0.0,0.05018288147736081
r60 q2 & range_compress q3,0.0006445071019605894,1.9233048113376123,-1.3564613360361042,rejected,0.0,0.17495242919047643
earn_in_week q1 & vol_ratio q1,-0.0007572506860349904,-1.9530550965084892,-1.325874313046606,rejected,0.27268653323078923,0.18488133267825754
ev_offering q2 & vol_surge1 q2,0.0006588707438609758,1.1938377470203714,2.0841745678901207,rejected,0.19973718653036174,0.03714429120211905
r5_nonews q0 & vol_surge1 q2,0.00047764168593379376,0.5348814227811536,2.7422488180674893,rejected,0.0,0.0061020099418886125
mom_12_1 q1 & r5 q3,0.0003464760275281216,1.2278311515247822,-2.048999285680167,rejected,0.0,0.04046218477357439
ins_buyers30 q2 & r5 q3,0.0003398111714825365,1.214052363465047,-2.0559902405734873,rejected,0.0,0.039783456916396315
ins_opportunistic30 q2 & vol_surge1 q2,0.0006944411363922197,1.299634210935165,1.9644752926292923,rejected,0.2278960163928164,0.049474998803426075
ev_offering q2 & r5 q3,0.00039040668927148504,1.329062010178401,-1.9329694883249753,rejected,0.0,0.053239956613535235
ev_offering q2 & frog q3,0.00019131201551735554,1.0136979839889366,-2.243894257243778,rejected,0.0,0.024839205737853264
ind_mom20 q2 & news5 q1,-0.00030157543474244934,-1.4992186347663756,1.7567360410041453,rejected,0.0,0.07896281133015207
days_since_earn q2 & log_dv q3,0.0003620734711612564,1.2860564768518645,-1.9690589458617385,rejected,0.0,0.04894632251380487
r5_news q2 & vol_surge1 q3,0.00037371547006844223,1.410065849616354,-1.840866332453754,rejected,0.0,0.06564114924549028
ev_shelf q2 & r5 q3,0.0003343064416395652,1.2148589129131613,-2.029527852299691,rejected,0.0,0.042404555066906116
frog q3 & log_dv q3,-0.0001355515057599358,0.544839130233363,-2.6911782547997256,rejected,0.0,0.007120014004775491
earn_in_week q1 & mom_12_1 q1,-0.0008761972560623981,-1.9026803885700643,-1.3331945455277978,rejected,0.26800755251215996,0.18246796886077757
earn_in_week q1 & log_dv q4,-0.0007451163440631388,-1.818580676941706,-1.415367015198217,rejected,0.2586693370726549,0.15696091549885424
ear q0 & r60 q3,0.0005399120094930208,1.1188130190681636,2.1010798615215434,rejected,0.20293337869266354,0.03563395638448978
max20 q1 & range_compress q3,0.00020825544573415043,1.1115012057594098,-2.1074964438804678,rejected,0.0,0.03507456961709748
atr_pct q1 & max20 q1,0.00022789302026246213,0.9938643017487029,-2.2199608117567005,rejected,0.0,0.026421427888000042
news5 q2 & r5 q1,0.0005132915660807725,0.6117829628766487,2.600006052648897,rejected,0.07033652888695707,0.009322211622843777
atr_pct q1 & frog q1,0.0002636679553943561,1.0463926241320995,-2.161572492096605,rejected,0.0,0.030651143670453306
ind_mom20 q2 & vol20 q3,0.0002895171706151913,-0.09779993301680145,3.1025614279717963,rejected,0.0,0.0019185372689762008
r5_nonews q3 & vol20 q1,7.119951251474132e-05,0.8095964751048763,-2.38865146612276,rejected,0.0,0.01691033617707229
mom_12_1 q1 & vol20 q3,0.0009341014194827452,1.9514329592187079,1.2422525996399203,rejected,0.24827685199013785,0.21414337809266898
ear q1 & max20 q1,0.0005096959453307933,1.5514416537923128,-1.64183642954199,rejected,0.0,0.10062390712607257
atr_pct q1 & ear q3,0.001018585699140959,2.425923244091826,-0.7665770506035537,rejected,0.0,0.44333302454928863
atr_pct q3 & range_compress q2,0.0010400472106444323,2.2404278024834636,0.9512516526643039,rejected,0.16141511212559134,0.34147664335998323
r5_nonews q1 & range_compress q3,0.00032986710955594414,1.281207731539813,-1.909089837968605,rejected,0.0,0.05625050343442999
r1 q4 & r60 q3,0.0005729615113976494,0.8140399624060489,2.3738485524779747,rejected,0.14523464469150923,0.01760376929438435
ev_shelf q2 & vol_ratio q3,-3.525167928448025e-05,0.5721355425127748,-2.615093557556914,rejected,0.0,0.008920301757262664
r1 q2 & r5 q1,0.0008216351634259264,1.4044561485844735,1.7802296923950696,rejected,0.2331605715056276,0.0750383779450863
ev_shelf q2 & r60 q3,0.0007294160079168773,1.2938512422259985,1.8896618110424945,rejected,0.23082267563980413,0.05880320466692963
r20 q1 & range_compress q2,0.0006474109779205335,0.9128835949396582,2.259354258155332,rejected,0.15432845169430479,0.02386135732672959
vol20 q3 & vol_surge1 q2,0.0005115053637242383,0.6365281744168916,2.5314910618677424,rejected,0.11692622901237801,0.011357871215461756
atr_pct q1 & vol_ratio q3,0.0004295796845625496,1.362151436599399,-1.801731408900646,rejected,0.0,0.0715876739212408
gap_today q0 & r5_news q2,-0.00047051668322653625,-1.4881877648546016,1.6648685624006927,rejected,0.0,0.09593898146921744
max20 q1 & vol20 q3,0.00030002496436981336,1.430929593368423,-1.715915680739682,rejected,0.0,0.08617747627389895
log_dv q0 & vol_ratio q3,-0.0007025500568449543,-1.250981157805334,-1.8919364354236734,rejected,0.2307984499018634,0.05849945048845083
ear q0 & rel_ind20 q0,-0.0006974020675665158,-2.0421066167688213,1.1007716272072428,rejected,0.0,0.2709960632339888
min20 q1 & vol_surge1 q4,0.00039767949587204016,1.327982190562407,-1.8147657951902498,rejected,0.0,0.06955990897283207
days_since_earn q4 & frog q1,-0.00011698936431948006,-1.4279709794434188,1.713345753299821,rejected,0.0,0.08664894976466782
vol20 q1 & vol_surge1 q3,0.0006290289947164832,1.774324128115119,-1.363603699432914,rejected,0.0,0.17269232716044347
frog q2 & r5 q3,-9.970000151823245e-05,0.47277707148573456,-2.6608508894318383,rejected,0.0,0.007794346610885983
ev_shelf q2 & frog q3,0.00022021011224739807,1.0721668146141683,-2.060353149293827,rejected,0.0,0.03936479232451876
frog q2 & max20 q1,0.0002984511759269067,1.275410732877671,-1.8475795527211012,rejected,0.0,0.06466318993855125
gap_today q0 & ind_mom20 q2,-0.00010770830379005592,-0.8931573640467394,2.22791894113,rejected,0.0,0.025885920856397796
dist_ma50 q3 & ins_value30 q4,-0.0007655788551211403,-2.497582357117,-0.6159365786335843,rejected,0.08448376040465888,0.5379363785503832
ev_shelf q2 & frog q1,0.0004921978453042623,0.4835146881188102,2.627476895980106,rejected,0.04372164155036544,0.008602068313728709
ev_shelf q2 & log_dv q4,0.0006368370932304605,1.8447812019518017,-1.2656844296717964,rejected,0.0,0.20562608498236495
atr_pct q3 & r20 q1,0.0006203869389822402,1.0845239797228312,2.0205705424475635,rejected,0.22579205363062058,0.04332424088422195
gap_today q3 & vol20 q3,0.0007144411881543502,1.3632609626638204,1.7409496759110494,rejected,0.23278023825948707,0.08169240005661134
r60 q3 & vol_surge1 q2,0.0008326662734013163,1.5315513071101137,1.5685067209068273,rejected,0.23965784505932358,0.11676292269947057
ear q1 & earn_in_week q1,-0.0004829056305221206,-0.9850833918560723,-2.1138535099037044,rejected,0.19211446998861498,0.03452778101019152
atr_pct q1 & gap_today q0,0.00020247079009936986,1.019447972683068,-2.078375931519669,rejected,0.0,0.03767474774792064
atr_pct q3 & vol_surge5 q4,0.00043512229822923766,1.4836172168182136,-1.610376641688032,rejected,0.0,0.10731565675275263
ear q2 & r1 q0,-0.0007151122114765004,-2.418497725539767,0.6654804243134701,rejected,0.0,0.5057432601812273
dist_ma50 q1 & vol_surge1 q0,-0.0010456065934586914,-2.3325732864754882,-0.7464856392782835,rejected,0.12255759376578068,0.4553741034180075
ev_offering q2 & r60 q3,0.0006612413491279335,1.0955917426149768,1.9798404909929501,rejected,0.2140114217984714,0.04772145494795482
days_since_earn q4 & min20 q3,0.0008469433711800115,1.6717334147865224,1.4008745516101144,rejected,0.2597688095564917,0.16125158996786831
r60 q2 & vol_surge1 q4,1.0180217690375626e-05,0.4332591760772908,-2.632471840861518,rejected,0.0,0.008476604941004185
ev_shelf q2 & ins_opportunistic30 q2,0.00022287717434352528,2.5612955175491336,-0.5027798469109206,rejected,0.0,0.6151190642191868
ind_mom20 q2 & min20 q1,0.0005825576140767679,1.0410770960403748,2.021891796354602,rejected,0.21923392854281232,0.04318753146496295
ins_opportunistic30 q2 & r20 q1,0.0009031231976411909,2.0342298305507662,1.0216792409311877,rejected,0.1636859830797743,0.30693273942027877
r1 q4 & vol_surge1 q4,-0.00041710361796679096,-0.6544370372201809,-2.3984987475313666,rejected,0.1306906724288339,0.01646243278975318
ear q0 & min20 q3,0.001008467061526181,2.7765489980384124,-0.2716197964606853,rejected,0.0,0.7859143761731499
r1 q0 & vol20 q3,0.0007908825828204275,1.522665860364647,1.5249772459637,rejected,0.2401053285100838,0.127264773143204
ear q3 & vol_surge1 q2,0.0010379752106643007,2.195586811713381,0.8486303071200995,rejected,0.14515752460566447,0.3960870373062022
dist_ma50 q1 & ev_offering q2,0.0009019126207115474,2.043349523035399,0.9930559761928901,rejected,0.15702095068427616,0.3206826764116624
ins_opportunistic30 q2 & log_dv q3,-0.0005781680330320803,-0.9946920721472188,-2.0403270379956013,rejected,0.21353706314029067,0.041317763554231925
r5_nonews q1 & range_compress q2,-3.219076984128274e-06,-0.6275746354102066,2.403775795196022,rejected,0.0,0.01622672186841224
r60 q2 & vol20 q0,0.00045369370449497816,1.372280367775082,-1.6571032789082034,rejected,0.0,0.0974985963463029
rel_ind20 q3 & vol20 q1,0.00033567254799638446,1.24652770853186,-1.7824673605889352,rejected,0.0,0.07467304926853119
r5_news q2 & range_compress q3,0.0006960287330119966,1.8197116650302254,-1.20916070546652,rejected,0.0,0.2266011107941446
atr_pct q1 & dist_ma200 q0,0.0005842258123024999,2.030601159735802,-0.9928944026024232,rejected,0.0,0.3207614178452039
ev_shelf q4 & ins_opportunistic30 q2,-0.00015914195010528615,-1.6357393899389694,-1.3869054211194887,rejected,0.2631206623742814,0.1654706045819013
days_since_earn q1 & frog q3,-0.0007679242475211971,-1.3724328692076369,-1.6485837739177263,rejected,0.23705200239623062,0.09923293517643714
dist_ma200 q1 & vol20 q1,0.0005487510231814383,1.648741531260773,-1.3718664105983838,rejected,0.0,0.17010502862260524
ear q1 & vol_surge1 q4,0.00020710091773594273,0.9732313738652152,-2.045244169231751,rejected,0.0,0.04083079191288955
min20 q1 & range_compress q3,0.000834537898434072,1.571738686040716,1.4415601442548973,rejected,0.23949355621679289,0.14942649879395606
frog q3 & vol20 q0,0.00017972650148493047,0.89835538815498,-2.110580007047477,rejected,0.0,0.03480842762402936
frog q2 & min20 q1,0.000944846489203153,2.1733366738777047,0.8275199397041472,rejected,0.14319267032970703,0.40794242510685824
log_dv q4 & vol_surge1 q2,0.0006741041518428701,1.7515643619705261,-1.2486266025075274,rejected,0.0,0.21180167765968252
r5 q3 & vol_surge1 q2,0.0005079957490938534,1.4987999476728415,-1.500108630460905,rejected,0.0,0.13358626571799556
dist_52wh q1 & frog q3,0.0005398902838794857,1.7246849315980899,-1.2729644671095226,rejected,0.0,0.20303065104261941
max20 q1 & vol20 q0,0.0004166555165257122,1.2661842921236115,-1.7313700150555726,rejected,0.0,0.08338579106903649
max20 q1 & news5 q2,0.0005878331120618277,1.5928354514706866,-1.4046564941894364,rejected,0.0,0.1601234486179032
ev_offering q2 & news5 q2,0.00017709499564279283,1.149389948029925,1.8468490444538275,rejected,0.21726525640973277,0.06476902151371973
vol20 q1 & vol_surge5 q0,-0.0009388777684406579,-1.83715116584228,-1.1546004562614185,rejected,0.20650915531219485,0.24825407975755925
max20 q1 & news5 q4,0.0002620076072547895,1.0866644287213856,-1.9040550796936175,rejected,0.0,0.05690301114437104
r60 q3 & rel_ind60 q2,0.0005574070172296263,0.6105491012955492,2.3779424309904895,rejected,0.1307622368291103,0.017409543710233056
atr_pct q1 & earn_in_week q1,-0.0008989709868769977,-2.155565143904419,-0.8327095656948864,rejected,0.14470175693867754,0.4050085483365125
vol20 q1 & vol_surge1 q4,0.0006799457752154066,1.913039488345622,-1.074380973705608,rejected,0.0,0.28265196639571727
rel_ind60 q2 & vol_ratio q2,-0.0003917439270745113,-1.2655409772742128,1.703924544551342,rejected,0.0,0.08839518487950429
ev_offering q2 & ev_shelf q4,-0.00013270428353279477,-1.5406723853891393,-1.4248599541132974,rejected,0.24506699180916675,0.154197687501887
frog q3 & vol_surge1 q4,0.0002367705333396524,0.9365365357086441,-2.026142722178836,rejected,0.0,0.042750161199734286
r120 q1 & r5_nonews q0,0.0009582532637584772,2.5866498520444345,-0.3746533068823163,rejected,0.0,0.7079183226145807
news5 q2 & vol20 q0,0.00041452073218603916,1.2190826482921435,-1.740867328318315,rejected,0.0,0.08170683680122286
earn_in_week q1 & range_compress q2,-0.0008918572160497741,-2.325272722967816,-0.6336165878844309,rejected,0.0906916283694645,0.526331072658466
r5_news q2 & vol_ratio q3,3.381843449682918e-05,0.649543633119264,-2.308350828831061,rejected,0.0,0.020979631502188286
r1 q0 & r60 q3,0.0005609086577852488,1.4345514367598737,1.5225430596377332,rejected,0.2395104289963467,0.12787306469561907
ins_opportunistic30 q2 & r5_nonews q4,-0.0009113397161826822,-1.73685411552384,-1.220061671057874,rejected,0.23530288710141767,0.22244149712100705
frog q1 & r5_news q2,0.0003690400026271724,0.04819447203091959,2.90456388488856,rejected,0.0,0.003677651419102493
frog q3 & r60 q2,0.0002060523403386429,1.0453378011305723,-1.9073690421000622,rejected,0.0,0.0564728153347845
r1 q0 & rel_ind20 q0,-0.00024626102314415495,-1.2697462119484098,1.682958037041596,rejected,0.0,0.09238321513195308
days_since_earn q2 & vol_surge1 q4,0.00017349910879962838,0.8540000991070945,-2.098514091015681,rejected,0.0,0.03585975646682485
days_since_earn q2 & max20 q1,0.0005873162312425457,1.5731463632105684,-1.379264781151157,rejected,0.0,0.16781313105123805
days_since_earn q2 & frog q3,0.000689045389122792,2.0559320669190626,-0.8946044793667957,rejected,0.0,0.37099855648239943
frog q3 & rel_ind60 q3,0.0006474524718281402,1.821778185046025,-1.1267394238579589,rejected,0.0,0.2598526687739803
log_dv q3 & vol20 q0,0.0003310962436578036,1.1368017907784016,-1.8095275822108128,rejected,0.0,0.07036907905498481
ind_mom20 q2 & news5 q2,0.0008475175389977321,1.6172584251438906,1.3267704098121544,rejected,0.26308020701323515,0.18458464156528304
max20 q1 & vol_surge1 q2,0.0007593536484527101,1.294944788161807,1.6474266654999186,rejected,0.23304087662845155,0.09947037817052297
vol20 q3 & vol_ratio q3,0.0009722058646524991,2.030598653125912,0.9092977797376982,rejected,0.159872510025869,0.3631929622761026
news5 q2 & r60 q3,0.0007013981663513973,1.2204294608932604,1.7192054185277015,rejected,0.236761846318242,0.08557697452931
atr_pct q3 & r1 q0,0.0008147581586737963,1.5853163432049588,1.350527601752431,rejected,0.2631897525983645,0.1768468060898024
earn_in_week q1 & log_dv q0,0.0006603420766292658,2.3216475653845166,-0.6131286033943808,rejected,0.0,0.5397913085482767
frog q1 & range_compress q2,0.0007394492896814405,1.3156445775712562,1.6175959675191829,rejected,0.2139470659411267,0.10574969870104382
min20 q3 & vol20 q1,0.00011849590117513054,0.7318192879098427,-2.192710708906432,rejected,0.0,0.028328228691837577
min20 q3 & vol_surge5 q4,0.0002814032201410952,1.2058140283046082,-1.717718426826633,rejected,0.0,0.08584798663840984
frog q2 & log_dv q0,-0.0009399522435160023,-2.1859735133626077,-0.7359102884396862,rejected,0.12327263120150588,0.4617852955730707
atr_pct q3 & mom_12_1 q2,0.0006628111417329639,1.266801347242813,1.6546022023978468,rejected,0.23537209796121242,0.09800521647733337
frog q1 & gap_today q0,5.886599888859081e-05,-0.43257647319426207,2.488579493926946,rejected,0.0,0.01282545612066201
days_since_earn q2 & max20 q2,0.00038388184385531986,1.345330868244109,-1.5749421573004456,rejected,0.0,0.11526979658917748
ind_mom60 q1 & vol20 q3,0.0008629656311136459,2.020054941312535,0.898329390398564,rejected,0.1560143625937018,0.36900996812548553
earn_in_week q1 & rel_ind20 q3,-0.0007702246392916462,-1.6246952389308162,-1.2913511881401054,rejected,0.24765287018221807,0.19658192827204218
atr_pct q1 & vol20 q1,0.00010451301564842655,0.6946443471924609,-2.219542612501446,rejected,0.0,0.02644983154346334
r5 q3 & r5_news q2,0.0005053772468777124,1.4667387234133995,-1.4437029541700435,rejected,0.0,0.14882255009912054
r5_nonews q3 & range_compress q3,0.00023634378125299377,1.0920766442982777,-1.8165029602419516,rejected,0.0,0.06929325425704343
gap_today q0 & r5 q1,0.0004662245391535941,0.5973438155891726,2.3072771096288904,rejected,0.12568691975799715,0.021039376769963845
earn_in_week q1 & frog q2,-0.0003544693433508667,-0.26619622195519865,-2.6368247925983015,rejected,0.031069342809000738,0.008368604326622557
frog q1 & min20 q1,0.0007659702066976135,1.588727827431439,1.3138748794034374,rejected,0.25726457018276494,0.18888831362513245
min20 q3 & vol_ratio q3,0.0003575759639854777,1.2787716772068476,-1.6229998622335402,rejected,0.0,0.10458943431802874
frog q1 & ins_opportunistic30 q2,0.0004564302777214716,0.44744193665295534,2.4431169394689367,rejected,0.12929621397146757,0.014561018277718048
atr_pct q3 & max20 q1,0.0008472189043526839,2.561968757863056,-0.32576329181335556,rejected,0.0,0.7446034538778121
atr_pct q1 & vol20 q0,0.00017046589777294687,0.9221063017032295,-1.9639638327990834,rejected,0.0,0.049534286302893776
atr_pct q1 & vol_surge1 q3,0.00034373346410361376,1.119619600238341,-1.7624379698478383,rejected,0.0,0.07799532812831995
range_compress q2 & rel_ind20 q3,0.0010307471985120898,2.2143669830036323,0.6671914358103846,rejected,0.09111441065574526,0.5046498608367104
ev_shelf q2 & r5_nonews q3,0.0003525799496318776,1.29475501117408,-1.5863602640839873,rejected,0.0,0.11265760888259228
ear q1 & r5 q3,0.00038841734674614135,1.310011611870402,-1.5685117311454544,rejected,0.0,0.11676175436220741
days_since_earn q2 & rel_ind20 q3,0.0009640423926613367,2.3524492001668444,-0.5193914711464853,rejected,0.0,0.6034877776789825
log_dv q4 & r5 q1,0.001005962720196483,2.1445018812191905,0.7241236087112921,rejected,0.12447075640897867,0.4689898517506403
min20 q3 & r20 q1,0.0004019587984764802,1.3034529312096892,-1.5638827535242361,rejected,0.0,0.11784510542283587
frog q1 & r5_nonews q4,-0.0002140532451090581,-1.5555562923606367,1.306166265285114,rejected,0.0,0.1914960221887736
range_compress q1 & skew60 q0,-0.0003164887797585541,-1.2789858849465883,1.5782058465722564,rejected,0.0,0.11451832753631147
close_loc q2 & log_dv q2,0.0008610651863672758,1.832006691197915,1.0211554294811092,rejected,0.16217101265858533,0.3071808051506813
frog q2 & vol20 q3,0.0010105656745646669,2.350269988808589,0.5017814158487522,rejected,0.05853196650430066,0.6158212870728774
r5_nonews q1 & vol20 q3,0.0005928606369923063,1.0485310059336823,1.800292708359959,rejected,0.21941047741100547,0.07181443165741491
min20 q3 & vol20 q3,0.0003314845786339186,1.4383224081374648,-1.409833907217869,rejected,0.0,0.15858873202954113
intraday20 q2 & r1 q1,0.0007700528368274843,1.4209238222486202,1.420756547061203,rejected,0.24730409433194248,0.15538754711027497
ev_offering q2 & log_dv q3,-0.0005495484396857563,-0.9705294934617975,-1.8696114899925589,rejected,0.2181401258116768,0.06153778853318703
max20 q1 & min20 q1,0.001078744813968596,2.652324712945502,-0.18590091616495968,rejected,0.0,0.8525224637305641
frog q1 & vol_surge5 q4,-0.00012286790826919055,-1.3104092878606783,1.525826121109812,rejected,0.0,0.12705317357598925
atr_pct q1 & days_since_earn q2,0.000451403113190054,1.3584433137473069,-1.476214335940572,rejected,0.0,0.13988636220195072
r5 q3 & vol_surge1 q3,0.0004187637324164175,1.2825225191290825,-1.5521344972846296,rejected,0.0,0.12063004518027137
r5 q3 & range_compress q2,0.00012334082171068294,0.768461291633008,-2.0655636186422326,rejected,0.0,0.03886970265332218
ind_mom20 q3 & vol_ratio q3,-0.0001499896515548612,0.29122089855655064,-2.53974220283539,rejected,0.0,0.011093420483715432
log_dv q0 & rel_ind60 q2,-0.0009170759750787783,-2.046929130146826,-0.7829239256688565,rejected,0.1262357596387049,0.4336717866353417
atr_pct q1 & dist_52wh q2,0.00011736093786972593,0.741384299320948,-2.085544433834735,rejected,0.0,0.03701990919864347
r20 q1 & rel_ind20 q0,0.0010106831007171315,2.203206414026611,0.6236143909067504,rejected,0.0869828305135927,0.5328808573392847
earn_in_week q1 & r5_nonews q3,-0.0008291454346225191,-2.0509141981825754,-0.7694906415232532,rejected,0.11898544335381359,0.4416020980369686
rel_ind20 q4 & vol20 q0,0.0004942725104067988,1.5474197369102753,-1.2681350892021985,rejected,0.0,0.20474971260153588
min20 q1 & news5 q2,0.0007293649807715798,1.37022613593118,1.4431200563435602,rejected,0.23090754891763643,0.148986654397627
earn_in_week q1 & r1 q4,0.00012144414147087586,0.922264326820914,-1.8896629998927728,rejected,0.0,0.05880304556602675
atr_pct q1 & r1 q4,0.0001258407582944673,0.7528274558310337,-2.0554880933354,rejected,0.0,0.039831884535791444
min20 q1 & r5_nonews q1,0.0008533503274271056,1.8233415974487615,0.982345339396703,rejected,0.16178130652748812,0.325929745105119
atr_pct q2 & ev_red_flag q2,0.0009835354691843231,2.512089785665354,-0.28929499448093654,rejected,0.0,0.7723556424636577
max20 q2 & vol_surge1 q4,0.0006986385495458482,1.8962543999979333,-0.8998117891949066,rejected,0.0,0.3682204194146781
ins_opportunistic30 q2 & log_dv q4,0.0004597779746106448,1.4311347064524333,-1.3578028172492873,rejected,0.0,0.174526260762409
ev_shelf q2 & r5_nonews q1,0.0006371034806891189,1.2104288306584041,1.5766763057216147,rejected,0.21997522944026335,0.11487002505694979
ear q1 & vol_ratio q3,-0.0004162144997564664,-0.22396966563917622,-2.5627001152079516,rejected,0.07995279673474943,0.010386171453343926
days_to_earn q1 & r20 q2,0.000897890911400011,1.9915965361446968,0.7948840193405522,rejected,0.1288313189668373,0.42668097098042607
frog q3 & r1 q4,-0.0005364966005176451,-0.9088368239032313,-1.8757957998291317,rejected,0.209140852555076,0.060683324967420425
r5 q1 & r5_nonews q1,0.000516697640996189,0.759342035518364,2.0215387336251163,rejected,0.20175679275785538,0.043224026933460016
r5 q1 & vol_ratio q1,0.0004335384013092875,0.27872447273531664,2.4979157309611972,rejected,0.10035102610571145,0.012492588682678243
gap_today q0 & r60 q3,0.0005262091180620264,0.8594198795531621,1.9170228982816897,rejected,0.2138963284741087,0.05523502266464132
ins_opportunistic30 q2 & r5_nonews q3,0.0002701039427324796,1.1212664450913985,-1.653744915756679,rejected,0.0,0.09817935236392787
atr_pct q1 & mom_12_1 q1,0.0004705967047645887,1.4019513893157516,-1.369496480170044,rejected,0.0,0.17084413430588036
range_compress q3 & vol_surge5 q4,-3.559300590325169e-05,0.5836901514059842,-2.1874950289271804,rejected,0.0,0.02870640571848784
r5 q3 & vol20 q3,0.0008933830177001458,2.022778563568036,0.7426691529779887,rejected,0.12274804079452498,0.45768200985707114
frog q1 & vol_surge1 q3,0.0007908133995013336,1.5436076838060082,1.2208384321539858,rejected,0.22944980636751466,0.22214719927713902
mom_12_1 q3 & range_compress q4,0.0007543070787306462,1.9584184409232446,-0.8048544701409603,rejected,0.0,0.42090366460160644
ind_mom20 q3 & range_compress q4,0.0006747486251181407,1.8082828519741676,-0.9523997678875937,rejected,0.0,0.340894277141407
earn_in_week q1 & vol20 q3,-0.00037227217594929614,-0.09860784964092018,-2.658181070066465,rejected,0.020699451405580632,0.007856367045633486
atr_pct q3 & r5_nonews q1,0.0005317352896392333,0.8125555039530784,1.9438006607681564,rejected,0.20134508169605117,0.051919494065062334
log_dv q3 & min20 q3,0.0002780902799442246,1.0864672286490689,-1.66971404444939,rejected,0.0,0.09497595369113346
r1 q4 & r5 q1,-0.00033040201539047046,-1.2866819336641435,1.4679465673863212,rejected,0.0,0.14211873753777865
min20 q3 & r5 q4,-2.5061648321500092e-05,0.5686484418572162,-2.1851956110787216,rejected,0.0,0.028874507192913103
vol20 q0 & vol_surge1 q4,0.00032869277085402216,1.122650976721012,-1.6282214314185661,rejected,0.0,0.10347794205589876
range_compress q3 & vol20 q0,0.00022773928569488143,0.8814249291567249,-1.867771689245052,rejected,0.0,0.06179390119313697
r5 q3 & vol20 q0,0.00035278784047891956,1.110275162121994,-1.6378341391316038,rejected,0.0,0.10145629786909556
ev_offering q2 & r5_nonews q1,0.000563572977134236,0.9795310431576831,1.7668367759657495,rejected,0.20143704215480995,0.07725556778823235
ear q0 & r5 q1,0.0004017353571281639,0.3847170767541905,2.361034158255894,rejected,0.12224961321595973,0.018224051927496543
frog q2 & r5 q1,0.00020140179259235018,-0.24329491212183416,2.496518718933223,rejected,0.0,0.012541904906372818
r60 q2 & vol_ratio q3,0.00034417594747929484,1.1499289367102827,-1.5890569839276547,rejected,0.0,0.11204752820209528
news5 q2 & range_compress q3,0.0006667307151564761,1.7235138813383941,-1.0148821871853135,rejected,0.0,0.31016199021326035
log_dv q3 & r5_news q2,-0.0005073832606634971,-0.7966474755930303,-1.9391860025909369,rejected,0.20098976429249144,0.05247869340053338
r20 q1 & r5_news q2,0.0007707660112460311,1.6075222995387486,1.1225562153077795,rejected,0.1955128830276949,0.26162601986652756
r60 q2 & rel_ind20 q3,0.0009183420794950447,2.2181874567916613,-0.5087851518892352,rejected,0.0,0.6109028281538703
r20 q1 & vol_surge1 q4,0.0005968162395437821,1.6805899461800953,-1.0396775110857714,rejected,0.0,0.2984897522048774
ins_opportunistic30 q2 & rel_ind20 q3,0.00041012215502310467,1.3284265904928267,-1.391622909651046,rejected,0.0,0.1640366176682387
frog q1 & rel_ind60 q1,0.0004912103546031123,0.911837367354613,1.8065418999949134,rejected,0.2146628224277247,0.07083373546318264
ind_mom20 q3 & r5 q3,-0.00014162761905612653,0.31830026988955834,-2.398457703356941,rejected,0.0,0.016464277843965505
days_to_earn q1 & rel_ind60 q3,0.0009754887369458236,2.1326630026240703,0.580877668904712,rejected,0.08035848715038456,0.5613229037873178
news5 q2 & r60 q2,0.00038556276473892604,1.2173289338963946,-1.494301747691662,rejected,0.0,0.13509676855658084
ev_shelf q2 & rel_ind20 q3,0.0003205744372599244,1.1570717359184353,-1.5497283374415882,rejected,0.0,0.12120673363749745
ear q0 & range_compress q2,0.0006405918496946637,1.1692365143724603,1.5368306280544655,rejected,0.220183953582271,0.12433479103482663
min20 q1 & r60 q2,0.0010283884415032392,2.47873054043505,0.2254324587651426,rejected,0.020936894362626374,0.8216428629869011
ev_offering q2 & rel_ind20 q3,0.0003481911299768109,1.2156116277139104,-1.484778024024685,rejected,0.0,0.13760263517760377
ev_shelf q2 & r60 q2,0.000368434551267929,1.230072287835507,-1.469084073478975,rejected,0.0,0.14180998701117947
r1 q0 & r5 q1,0.0003431039660112074,-0.08144688918933424,2.6136205941703134,rejected,0.0,0.008958846097557835
r5 q1 & vol_surge1 q2,0.00046982651487010885,0.5474095009636292,2.143018504993194,rejected,0.15897853424234218,0.0321116124927962
days_since_earn q2 & r60 q3,0.001025118577129586,2.2586145983286894,0.4307804920443397,rejected,0.04555294439538298,0.6666279853667954
ind_mom20 q2 & max20 q1,0.0007279125431251232,1.8820525125269567,-0.8070444817990401,rejected,0.0,0.4196408561561602
ind_mom20 q2 & r1 q0,-3.6563796632554664e-05,-0.5878687778624544,2.098658210354221,rejected,0.0,0.03584704100867319
ev_shelf q2 & ins_opportunistic30 q4,-0.0001953627427285171,-1.3138299485495681,1.370588347253156,rejected,0.0,0.17050331753183162
frog q1 & vol20 q0,0.0005345903190860684,1.4918970143401031,-1.1883294107738929,rejected,0.0,0.23470365490006112
frog q1 & rel_ind60 q2,0.0006837020900725446,1.2275560303538509,1.452240876702884,rejected,0.22592691137996748,0.1464346404503845
ev_shelf q2 & r5_nonews q4,-0.0008235181796449336,-1.5743666806140448,-1.1003649209102353,rejected,0.19286814451261838,0.2711731561744026
vol20 q0 & vol_surge1 q3,0.0001703205481197796,0.794883137916437,-1.8778101128012084,rejected,0.0,0.06040714633788458
r1 q4 & r5_news q2,-0.0009046424692580272,-1.7947702073262968,-0.8772927308146607,rejected,0.14263506411653792,0.3803276595310629
ev_offering q2 & r5_news q2,0.00014002982071870617,0.6000211406579274,2.071637745222371,rejected,0.1709006986933061,0.03829923710283954
r5 q1 & r60 q3,0.0006446115339366783,1.1324685766861837,1.5374121890224004,rejected,0.21888921080056878,0.12419240337072802
r5 q3 & vol_surge5 q4,-9.89957920344129e-05,0.3074885425570965,-2.3577374863013563,rejected,0.0,0.018386690229017583
min20 q3 & r5 q3,0.0001918875130318278,0.8440600320364272,-1.8204435223111501,rejected,0.0,0.06869148966570672
range_compress q3 & vol_surge1 q4,-0.00024696670251364545,0.07970753186871374,-2.572788482584066,rejected,0.0,0.010088284141103089
ins_opportunistic30 q2 & vol20 q0,0.0004130648231049144,1.1695648145186897,-1.478663793970714,rejected,0.0,0.13923019350582916
r5_nonews q4 & r60 q3,0.0004636568313884939,0.6255716564851542,2.020321736032268,rejected,0.19425282622726098,0.04335002561535029
ev_offering q2 & vol20 q0,0.00042894400238816297,1.199289732078854,-1.446037813601714,rejected,0.0,0.1481665961092973
days_since_earn q2 & r5 q3,0.00039339864794656927,1.2046757310369127,-1.438316826226498,rejected,0.0,0.15034417982068557
r1 q4 & r5 q3,0.0006016911051506923,1.721096766412003,-0.9206309454246274,rejected,0.0,0.3572431401342527
min20 q3 & news5 q4,-0.00010068705844226053,0.35115933393231974,-2.287372565321359,rejected,0.0,0.02217408621122918
ev_offering q2 & r5_nonews q3,0.00025505462506843625,1.0644045067639543,-1.5739715821002136,rejected,0.0,0.11549401942806346
ind_mom20 q2 & rel_ind20 q3,0.000944523515028884,2.0759530330056744,0.5623969251656583,rejected,0.07727581279633707,0.5738456135646914
ev_shelf q2 & vol20 q0,0.0004250276191030299,1.189229667810221,-1.4474587686464742,rejected,0.0,0.14776847632656778
dist_ma200 q1 & vol_surge5 q3,0.0010062751363893415,2.3190542193701766,0.3170358384595172,rejected,0.024808503424364258,0.7512164086968227
r5_nonews q3 & r60 q3,0.0004941900108520074,1.4626239164812274,-1.1683419327144668,rejected,0.0,0.24266886735301677
ear q1 & min20 q3,-0.0006011607783282968,-0.931716325172345,-1.6975460326105292,rejected,0.2270419538572627,0.08959347594139049
earn_in_week q1 & r20 q1,-0.0006967203476900767,-1.4811505101654185,-1.1480986841853211,rejected,0.20056078213707734,0.2509278273240812
ear q3 & ind_mom20 q2,0.0007383448973254674,1.5241049686191548,1.1046865520326126,rejected,0.19025539784771023,0.26929543252027976
r5_news q2 & rel_ind20 q3,0.0003914108627947589,1.2730518899671148,-1.3523128993060372,rejected,0.0,0.17627523961813804
ev_offering q2 & vol_surge1 q4,5.4286984750976714e-05,0.5522563497409191,-2.0716817883523384,rejected,0.0,0.038295126823741345
r5 q3 & r60 q2,0.00017004603561568909,0.7679044986361492,-1.8538650249661537,rejected,0.0,0.06375847274556991
min20 q3 & vol_surge1 q3,0.0008739406404929743,2.123947587236477,-0.4972681721198631,rejected,0.0,0.6189999531171511
atr_pct q3 & max20 q3,0.00033761069759620765,0.2212128202874662,2.399848688776724,rejected,0.10080577820957327,0.016401850167401855
frog q1 & min20 q3,0.0010130694972178783,2.3285540479870472,-0.291932529932561,rejected,0.0,0.7703382110140973
r5 q1 & vol_surge1 q3,0.000802510679167558,1.6252515408952042,0.9921728578110632,rejected,0.15458803764152493,0.3211132103759914
ev_shelf q2 & vol_surge1 q4,9.583378971263024e-05,0.6507987007700828,-1.966256581426677,rejected,0.0,0.04926897951091421
log_dv q4 & max20 q1,0.0009451182512334131,2.177212280601139,-0.43082253913381013,rejected,0.0,0.666597409719794
news5 q4 & r5 q3,-0.00031249276771845374,-0.5360624823834909,-2.0715700893907716,rejected,0.16760647024430972,0.038305551743213574
frog q2 & vol20 q1,-0.00030615803917137356,-0.05871318159799225,-2.5445710217315973,rejected,0.0794212703925951,0.010941205937229793
frog q1 & r20 q1,0.0006381089017644506,1.0780565695219169,1.5151746290672663,rejected,0.2254794098423118,0.12972818629205718
max20 q3 & vol20 q3,0.00039707088883085545,0.3769335965608906,2.2158310949061377,rejected,0.1462073247872248,0.02670307201888063
news5 q2 & vol20 q1,0.0004236872291084255,1.2430204371234603,-1.3484617900372886,rejected,0.0,0.17750990179851092
log_dv q0 & vol_surge1 q3,-0.0004963751883764679,-0.7987689853290489,-1.7845782971280284,rejected,0.19615600120685103,0.07432974429178428
log_dv q4 & r60 q3,0.0009259955684765928,1.9268116842347143,0.6538525073238396,rejected,0.09024671683572173,0.5132068341665708
earn_in_week q1 & vol_ratio q3,-1.4825285007322314e-05,0.3543901496388534,-2.225632288321791,rejected,0.0,0.02603882161312669
frog q3 & r5_nonews q4,-0.00018871369471261756,-0.00042570141250918643,-2.5789815201333313,rejected,0.05557442558746086,0.009909208758915185
r5_nonews q1 & vol20 q1,0.0009717456600981862,2.081081064461657,0.49406777754578873,rejected,0.05681133854203434,0.6212583135129394
r5_news q2 & r5_nonews q3,0.0003857747803103392,1.2608471266499501,-1.313588981636253,rejected,0.0,0.1889845586369655
log_dv q3 & vol20 q3,0.0002548431085080038,1.0107767621596682,-1.563649434662702,rejected,0.0,0.11789991870142218
ind_mom20 q3 & log_dv q3,-0.00045568138173858865,-0.5910138858528141,-1.9813867206625424,rejected,0.17750076252662567,0.047547921808587974
r5 q1 & rel_ind20 q3,0.000689401717742059,1.23993100405064,1.3324229793317521,rejected,0.2471343803477578,0.18272123516927213
frog q1 & vol20 q3,0.00015482583698456503,-0.20112576403854024,2.3691208890175846,rejected,0.0,0.017830424385503602
dist_52wh q2 & overnight20 q4,-0.000628666273006749,-1.898731548496305,0.6708883300323392,rejected,0.0,0.5022916712084065
intraday20 q2 & vol20 q2,0.000862483282984514,1.8041346826636164,0.765389394997136,rejected,0.11519408231422511,0.4440397060275403
frog q1 & max20 q1,0.0005706753895171243,1.5444844275964762,-1.021553999500052,rejected,0.0,0.3069920389699306
min20 q3 & r5_nonews q4,9.932337352323896e-05,0.7372382851716511,-1.827486341598435,rejected,0.0,0.06762667796494808
ev_shelf q2 & ind_mom20 q2,0.0003827691992557099,0.3429208814849362,2.2215969912656406,rejected,0.13314959773243631,0.026310553396245325
atr_pct q1 & frog q2,-0.00010332067056379849,0.31971739474526495,-2.239700673869572,rejected,0.0,0.02511036179909857
r5 q3 & rel_ind20 q3,0.00013764271790595064,0.7328363137729347,-1.826290923082602,rejected,0.0,0.06780645176146058
range_compress q3 & vol20 q3,0.0007107476400487748,1.3731610635331282,1.1850339491954522,rejected,0.208634185797869,0.23600402428961278
news5 q2 & r5 q3,0.000355687592117698,1.1584020837419804,-1.3987003702666125,rejected,0.0,0.16190285315856887
ev_offering q2 & r60 q2,0.0002945333136078839,1.0438315187107288,-1.5112338429457284,rejected,0.0,0.13072888271309535
ins_buyers30 q4 & vol_surge1 q3,0.0004786993381562326,1.1985532901898683,1.3539660174236843,rejected,0.2436174636639421,0.17574721965240228
days_since_earn q2 & frog q2,0.000610211126813091,1.6209582151737103,-0.9305463879280855,rejected,0.0,0.3520882579574222
r5_news q2 & vol20 q0,0.00044719906055641043,1.2079870362234486,-1.3431833538119444,rejected,0.0,0.17921261039638947
log_dv q3 & news5 q2,-0.00038229893244934483,-0.4016511236412574,-2.14841783091416,rejected,0.14151614441055943,0.031680577536286045
dist_ma50 q0 & vol_ratio q4,-0.0006396862510647321,-1.78792388261997,0.7592020481039432,rejected,0.0,0.4477317010876867
ind_mom60 q3 & r60 q1,9.49286846044202e-05,0.7858254981185078,-1.7560318005529136,rejected,0.0,0.07908297879372887
max20 q1 & rel_ind20 q3,0.00042034893308864923,1.2059292792582226,-1.329236223002243,rejected,0.0,0.1837700479451805
r20 q1 & vol_ratio q3,0.0004751235913408585,1.410798112053415,-1.1223219447061046,rejected,0.0,0.26172557889989656
min20 q1 & range_compress q2,0.0005559928351236108,0.9690359569914996,1.5616876845140901,rejected,0.2125513105246908,0.11836158145401184
log_dv q3 & vol_surge1 q3,-0.0003717772679938903,-0.3412301357037158,-2.185188276621525,rejected,0.1454041733049541,0.028875044739493604
atr_pct q1 & rel_ind20 q0,0.0007339996654411894,1.9381701907959992,-0.5878084928100586,rejected,0.0,0.5566608428714483
r1 q0 & vol_surge1 q2,0.0003089512494073704,0.20398186323795475,2.317186298025913,rejected,0.09173638478315926,0.020493585599811334
frog q2 & r5_nonews q1,-6.014159160585524e-05,-0.6394030160058106,1.8811953298260493,rejected,0.0,0.059945352795210356
ind_mom20 q3 & max20 q1,0.0005164773748329391,1.441189551966502,-1.0791827965576162,rejected,0.0,0.280506247183748
ear q3 & frog q3,0.00034051485857982257,1.1144271858882207,-1.4024427469002856,rejected,0.0,0.16078307595929128
days_since_earn q2 & rel_ind60 q2,0.0007804713895577167,1.91189193902807,-0.6008257656070459,rejected,0.0,0.5479560410404581
frog q3 & r5_news q2,0.0001979981549646731,0.8915553263031603,-1.6205054665443919,rejected,0.0,0.10512374100155145
news5 q2 & r5_news q2,0.00015036775501985305,0.9981554068724292,1.5061601718318216,rejected,0.22209829037903556,0.13202606096158784
min20 q1 & r60 q3,0.0005127175749907992,0.8182453215709844,1.6852023542335814,rejected,0.21875817752468096,0.09194953701720232
r5_news q2 & range_compress q2,0.0005571210626723953,1.0599560049083059,1.4420933680328767,rejected,0.2164465979647759,0.14927603572803022
frog q3 & rel_ind20 q3,0.0004400111453840236,1.315441916000454,-1.1846863578897786,rejected,0.0,0.23614147827897589
frog q2 & min20 q3,9.934467606272894e-05,0.6814505007936219,-1.81485377550238,rejected,0.0,0.06954638377525041
ev_shelf q2 & vol20 q1,0.0003762026750578059,1.1214472743605897,-1.3735873329997754,rejected,0.0,0.16956983160829966
frog q2 & vol_surge1 q4,0.00011831925022002436,0.8071082138453032,-1.687662074535012,rejected,0.0,0.09147611593521414
log_dv q0 & r60 q3,0.0004419400480835504,0.5092911472984044,1.9834870817543568,rejected,0.16902173270563964,0.047313048628396845
ind_mom60 q1 & min20 q1,0.000506049936733211,0.8749772948429173,1.6175273042143996,rejected,0.1923471885518887,0.10576450674796958
ins_opportunistic30 q2 & r60 q2,0.00031496942112745855,1.0750669546503655,-1.4168764925461046,rejected,0.0,0.15651904048209522
atr_pct q3 & ind_mom60 q1,0.0008036160019758378,1.9506543584677303,0.5393352561015868,rejected,0.06991298606063562,0.5896555460121553
min20 q3 & vol_surge1 q2,0.00021906209924125964,0.8268585375242687,-1.6587753839579586,rejected,0.0,0.09716106240968585
gap_today q0 & vol_surge1 q4,-0.0002041064683166124,-0.08004736467586458,-2.4045856983383573,rejected,0.08755333310486192,0.01619080953054662
dist_52wh q1 & log_dv q4,0.0005547375252621981,1.6190391774208799,-0.8634966763247499,rejected,0.0,0.38786444604690834
r5 q2 & vol_surge1 q3,4.459663663230613e-05,0.5868506519398305,-1.8881908296708962,rejected,0.0,0.05900033648136037
atr_pct q2 & intraday20 q1,0.0010038417672640285,2.271233428760569,0.20290209038950408,rejected,0.017912942225690075,0.8392115603731408
min20 q3 & r5 q1,0.000926210437973981,2.139227429675869,-0.331829250530385,rejected,0.0,0.7400181958089866
ear q0 & frog q1,0.0005110135393479517,0.9211833473114336,1.5485123239435747,rejected,0.20934282772824675,0.12149899690494566
ear_volsurge q1 & r60 q3,0.0007336450276510412,1.8071342531995738,-0.6616645922419,rejected,0.0,0.5081862016107039
atr_pct q3 & vol_surge1 q4,0.0004012628846711826,1.3044094285508683,-1.1603083244240475,rejected,0.0,0.24592329648857297
r5_nonews q3 & rel_ind20 q3,-1.0507201176400789e-05,0.4494459516618707,-2.0146382115300305,rejected,0.0,0.043942570655707426
ins_opportunistic30 q2 & vol20 q1,0.00039074457110815523,1.1389452797985016,-1.324197742552864,rejected,0.0,0.1854373803947319
r5 q4 & r5_news q2,-0.000717965918063256,-1.3830665854227706,-1.0789816172840787,rejected,0.17477706649507738,0.2805959225279446
range_compress q2 & vol_ratio q3,0.0006163847311728674,1.177241437677966,1.284791438389151,rejected,0.22909880906874128,0.1988651749910394
r5 q0 & rel_ind60 q1,0.000571201692537408,1.0175779707979347,1.4440327825954147,rejected,0.212956033096353,0.14872975405250738
ins_opportunistic30 q2 & log_dv q0,-0.0004791724378321268,-1.4487926357830103,1.012280391339087,rejected,0.0,0.3114040076923851
ev_shelf q2 & range_compress q2,0.0005583926046251125,1.1084560051238288,1.3507746647782253,rejected,0.24071208268424837,0.17676762615828387
atr_pct q1 & frog q3,0.00035016832293289054,1.2369525821899432,-1.2190718241980285,rejected,0.0,0.22281693288379395
frog q1 & vol20 q1,0.0006265498048819323,1.5969756198840372,-0.85904767099318,rejected,0.0,0.3903142159573438
ev_offering q2 & ins_opportunistic30 q4,-0.0001610731134615683,-1.1585923933349829,1.2933991395789906,rejected,0.0,0.19587304756524715
rel_ind20 q0 & vol_ratio q3,-0.00044952010903765235,-0.8382957902874242,-1.6106416758371138,rejected,0.19055501150867785,0.1072578446896018
log_dv q3 & vol_surge1 q4,-0.0002559036321150114,-0.27761586207643885,-2.166887834461735,rejected,0.13641139292093343,0.030243407800255844
atr_pct q3 & ear q0,0.00042001131386388825,0.4661710919421597,1.975085015680732,rejected,0.16763957970131463,0.048258501000508394
r5_nonews q3 & vol20 q0,0.0003525635782277389,1.0523175157040647,-1.387812876479578,rejected,0.0,0.16519403281276782
earn_in_week q1 & vol20 q1,-0.0007382662171429778,-1.9469321798382275,-0.4885353912086798,rejected,0.05341330367218734,0.6251706638578269
max20 q3 & r5 q1,0.0002227867024748812,0.0008028679691391853,2.4332756241392524,rejected,0.09444642817329975,0.014962905979316328
earn_in_week q1 & rel_ind60 q2,-0.0007246574423356322,-2.2885162221034974,0.14510784154585568,rejected,0.0,0.8846257271628137
overnight20 q0 & r5_news q2,-0.0006147032250407391,-1.5754756933638343,0.8578800050019877,rejected,0.0,0.39095872619563304
ev_shelf q2 & log_dv q3,-0.00047396520252618736,-0.8582684815695536,-1.5741065080375347,rejected,0.20183885939017357,0.1154628282529389
r5_news q2 & r5_nonews q1,0.000392944698547643,0.48081078307450575,1.9513568835748623,rejected,0.17039895358143756,0.051014606706073266
r20 q1 & range_compress q3,0.0004811016527625485,1.4800296128505919,-0.9519232743757295,rejected,0.0,0.3411358949011132
days_since_earn q2 & r1 q3,0.00037414057039528793,1.1282018021103535,-1.3007899033938413,rejected,0.0,0.19333037888935
r60 q3 & vol_surge1 q4,0.0004621548717328865,0.947978076622171,1.4794275822987755,rejected,0.21576615153054718,0.13902607284458154
ear q1 & range_compress q3,0.0008065205723220316,1.959603100001415,-0.46747059213442094,rejected,0.0,0.6401632273389237
r60 q2 & vol_surge1 q3,0.00045281634060893535,1.396428402982982,-1.0274834699163011,rejected,0.0,0.3041928651639443
log_dv q3 & rel_ind20 q3,0.0005612197148231781,1.4974073141635162,-0.9258735830840042,rejected,0.0,0.3545116812716161
ev_offering q2 & vol20 q1,0.00033012921373344075,1.0191768978811362,-1.4029627740789137,rejected,0.0,0.1606279399489979
ev_offering q4 & r60 q3,0.0004461287063850994,1.664848811373186,0.7565547778364031,rejected,0.11491701603032678,0.44931664290767376
frog q3 & log_dv q4,3.787180701667159e-05,0.5348369472032427,-1.8857191934794564,rejected,0.0,0.059332805050683855
days_since_earn q4 & earn_in_week q1,-0.00022608338062985725,-0.5358046156869458,-1.8845528373063247,rejected,0.17787446082897476,0.059490234856240456
r60 q3 & vol_ratio q3,0.0007595428037384445,1.6258270540217759,0.7941967345768163,rejected,0.12479863826858338,0.42708090922410424
frog q3 & r5_nonews q1,0.0005412101099237458,1.5763029074452748,-0.841835162878115,rejected,0.0,0.3998802266654477
vol_surge1 q0 & vol_surge5 q4,-0.0001872281529737734,-1.3933774643299321,1.0246421813069773,rejected,0.0,0.3055320537382825
min20 q2 & skew60 q2,0.000617442598414849,1.7011420564250512,-0.715957475546808,rejected,0.0,0.47401760703088736
r5 q0 & vol_surge5 q4,-0.0007161043217313745,-1.9977594437858917,0.41697908665906136,rejected,0.0,0.6766937047002807
ev_offering q2 & frog q2,-0.0004496867210363483,-0.6510453527599128,-1.7554540119910969,rejected,0.18800594165535753,0.07918168028856798
frog q3 & max20 q1,0.00039080852361789696,1.247224895851556,-1.1584249028857898,rejected,0.0,0.24669068146059234
frog q1 & ind_mom60 q1,3.2258263264941837e-06,-0.479093184391722,1.924096374438702,rejected,0.0,0.054342504461582494
ind_mom60 q1 & r1 q0,-0.00017609033124617435,-0.8646104064520607,1.5339409272580273,rejected,0.0,0.12504418612529183
log_dv q4 & r5_news q2,0.0007841185467755086,1.951737348765679,-0.44226660469082324,rejected,0.0,0.6582962938127366
r1 q0 & rel_ind60 q2,-0.0005516503480252394,-1.709388779191052,0.6819839483326533,rejected,0.0,0.49524910077225914
dist_ma50 q4 & vol_ratio q3,-0.00048751703613980987,-0.9039053117671297,-1.483209146018912,rejected,0.2128501627080009,0.13801885198133454
max20 q2 & r5_nonews q3,-0.00030439574404403483,-0.07274880780532815,-2.314095199670944,rejected,0.08562369978513186,0.02066250068034424
r5 q1 & vol20 q1,0.0010019357463062093,2.257830867667137,0.12562608957772484,rejected,0.010165344486137658,0.9000279100665757
frog q1 & r5_nonews q0,0.00017172486509893584,-0.07283049610004523,2.31029733206775,rejected,0.0,0.020871698540746355
r5_nonews q1 & r60 q3,0.00018549367249324426,-0.14097587696822647,2.241236449921929,rejected,0.0,0.025010762965087915
ev_offering q2 & ins_opportunistic30 q2,9.284773174280804e-05,1.7935535465864032,-0.5866964604697247,rejected,0.0,0.5574075853877551
r5_nonews q3 & vol_surge5 q4,-0.00043023945725286183,-0.6137455115325171,-1.764156534863865,rejected,0.17851979336953577,0.07770562832223252
frog q3 & news5 q2,-0.0003055962591858922,-0.2031650097138518,-2.172407654490024,rejected,0.12819308080051278,0.029824928167485977
frog q1 & log_dv q0,-5.8018537288355746e-05,-0.9309393823086449,1.442743819721052,rejected,0.0,0.14909265032002997
frog q3 & vol_surge1 q3,4.7865966696090435e-05,0.6248179762370751,-1.744398186294033,rejected,0.0,0.08108968105629165
ins_opportunistic30 q4 & r5_news q2,-0.0001406639743330603,-0.9864828601070277,1.3759511755058906,rejected,0.0,0.1688367497598916
r20 q1 & vol_surge1 q3,0.0006758039986950584,1.3873774590488164,0.9713102964457394,rejected,0.14822056022059743,0.33139378297989847
ear q1 & ins_opportunistic30 q2,0.0001967390587051786,0.8030270498870935,-1.5540846171176164,rejected,0.0,0.12016423401592771
ear q1 & r5_nonews q1,0.00036191726800312724,1.185493587750734,-1.1693687596336417,rejected,0.0,0.24225509087554695
ind_mom60 q0 & range_compress q3,0.00035038670119706173,1.1858731571728747,-1.1661948971962048,rejected,0.0,0.2435356552282978
ins_opportunistic30 q2 & vol_surge1 q4,-8.187874555187277e-05,0.2580204097610447,-2.0872665025959036,rejected,0.0,0.03686405097239158
dist_ma50 q3 & vol_ratio q4,0.00033325923585723416,1.3106410180839685,1.0282686694535392,rejected,0.1479620280480425,0.3038234644817456
intraday20 q4 & vol_surge1 q4,-0.00032154025480874175,-0.5954270470939472,-1.7413988603278168,rejected,0.18329253960105132,0.08161368784738868
r5_news q2 & r5_nonews q4,-0.0007260391011870173,-1.3884484475084469,-0.9483316167839962,rejected,0.1504996050797806,0.34296066012499715
atr_pct q1 & ind_mom20 q3,0.0002784544059006079,0.9942357315885203,-1.342058459013556,rejected,0.0,0.17957704168979668
frog q2 & range_compress q2,-0.00046512896186377405,-1.3702865609161847,0.9655653738458377,rejected,0.0,0.334261708864615
news5 q2 & range_compress q2,0.000554533968127185,1.0763588407061908,1.2491216596289738,rejected,0.22062654013928618,0.21162057962581515
days_to_earn q3 & dist_ma200 q0,-0.0006335129275872169,-1.6865848931089213,-0.6376196956826683,rejected,0.0853890907655252,0.5237212714650218
ins_opportunistic30 q2 & r60 q1,0.00047826514744794135,1.3818849420282993,-0.9409417438257243,rejected,0.0,0.34673471398157685
frog q3 & vol20 q3,0.0005534294860825936,1.5614534591828462,-0.7585029619499526,rejected,0.0,0.4481499405163435
frog q1 & range_compress q3,0.0008960669324587784,1.9777357709523262,0.34061943148717677,rejected,0.021133212575481796,0.7333900991277504
atr_pct q1 & ear q1,-0.00026232791673707755,-0.02493317225869881,-2.2874352951446313,rejected,0.08368342417912811,0.02217042813546064
ind_mom20 q2 & intraday20 q4,0.0004415429653156376,0.9948184005631435,1.3143078980834408,rejected,0.22858739968088138,0.18874261046066812
earn_in_week q1 & min20 q1,-0.00010957923085561157,0.30120406179819614,-2.0071494995713257,rejected,0.0,0.04473374693878384
ins_opportunistic30 q4 & rel_ind20 q0,-0.00026760435881074225,-1.802724182682498,0.503512752359875,rejected,0.0,0.6146038167886596
vol20 q1 & vol_surge1 q2,0.0007099668206141547,1.373484461729417,0.9327144127195949,rejected,0.1524060733080535,0.3509674413439538
ev_offering q2 & ind_mom20 q2,0.00023376647258004324,-0.0179664218942409,2.28775215628333,rejected,0.0,0.02215195846840662
r20 q1 & vol20 q3,0.00044951864432803216,0.7782292496752442,1.5271347496622256,rejected,0.19899932484679503,0.1267275075344928
ind_mom60 q1 & r5_news q2,-2.5742954884532917e-05,-0.42215531069256257,1.8823020067108616,rejected,0.0,0.05979502221184133
atr_pct q1 & overnight20 q3,7.072185575414497e-05,0.5454441496714149,-1.7549731811476363,rejected,0.0,0.07926389521020877
ind_mom60 q2 & log_dv q4,-9.972218361228664e-06,0.3669333281330035,-1.9312420552690126,rejected,0.0,0.053453125433414475
news5 q2 & r5_nonews q3,0.00024488495024986307,0.9231163493075846,-1.3710824799501522,rejected,0.0,0.1703492458609902
ind_mom20 q2 & overnight20 q2,0.0008353425701664754,1.9275448127869168,0.3639613925293227,rejected,0.02609750619879888,0.7158868392932092
ins_opportunistic30 q4 & news5 q2,-0.00010301996730052467,-0.8987710841055068,1.3868816439199105,rejected,0.0,0.1654778560136554
ind_mom60 q1 & r5 q1,0.0005631562669157197,1.0062869254868423,1.2790507229382664,rejected,0.21965474114365097,0.20087919463466297
dist_ma50 q1 & rel_ind20 q1,0.0009080162055090222,2.274958948538772,-0.008850282435524423,rejected,0.0,0.9929385884698549
overnight20 q1 & skew60 q0,-0.00029642798242398183,-0.18117738474642828,-2.1021682733268525,rejected,0.13207839347225594,0.035538537948519175
earn_in_week q1 & min20 q3,-0.00037154609305253974,-0.2951067837043277,-1.987644643317895,rejected,0.14916071857282812,0.04685100519971797
atr_pct q2 & rel_ind20 q0,0.00029942584132981243,1.0789453872666328,-1.203036460676808,rejected,0.0,0.2289622114998925
r5_news q2 & vol20 q1,0.0003462627121233604,1.0223614273697321,-1.2525089256792987,rejected,0.0,0.21038447798384388
atr_pct q3 & vol_ratio q1,0.0008078090152845833,2.0253853061028027,0.2465789186629339,rejected,0.020318934270752514,0.805234121320179
r5 q1 & rel_ind20 q0,-0.00014200451312414522,-0.7851347490623823,1.480527586339839,rejected,0.0,0.1387325043408702
ind_mom20 q3 & min20 q1,-0.00033796827964043517,-1.144881587573047,1.1163887783039472,rejected,0.0,0.2642557548339754
days_since_earn q3 & vol_ratio q3,-0.0003102510874840563,-0.17456930769225074,-2.084145298897947,rejected,0.13019895250943506,0.03714695266519873
days_since_earn q3 & ind_mom60 q4,-0.00011317953630820287,-0.6847707632940329,1.5737161141124738,rejected,0.0,0.1155530947652869
vol20 q3 & vol_ratio q4,0.0008739844535132755,1.9576822214586795,0.2988128715216517,rejected,0.0242537583773879,0.7650828293465344
r5_nonews q3 & vol_ratio q3,-0.0004156115327794476,-0.5256073713547844,-1.7245465855120126,rejected,0.1831059172737843,0.0846092166375107
earn_in_week q1 & news5 q4,-0.00022048600350821544,-0.41506059532631184,-1.8343113188289963,rejected,0.16602465360491347,0.06660779493945077
ev_red_flag q4 & vol20 q3,-6.955403371607967e-05,-0.7388172663049293,1.5097687982120986,rejected,0.0,0.13110242928903995
atr_pct q1 & ear q0,0.0004748848541411275,1.3870495706216022,-0.8615283661985552,rejected,0.0,0.3889471050465725
ind_mom20 q2 & log_dv q3,5.074148560204395e-05,-0.41425447531751114,1.8337875787694173,rejected,0.0,0.06668553226138178
vol20 q0 & vol_ratio q3,0.0001386076653018526,0.7082151094545749,-1.5381311167556992,rejected,0.0,0.1240165591152553
days_since_earn q2 & ind_mom20 q2,0.000471546729642907,0.8624508315396113,1.3819805737606954,rejected,0.22537972325879882,0.16697766596103464
days_since_earn q2 & vol20 q0,0.00029546833959819864,0.9264845427131958,-1.3149038407507074,rejected,0.0,0.1885422217910552
mom_12_1 q1 & r5_news q2,0.0005702285490020435,1.490234560396677,-0.7488069667363,rejected,0.0,0.4539735600891701
frog q3 & range_compress q2,0.0005410429821167887,1.5790034790284462,-0.6542494007897648,rejected,0.0,0.5129511391953909
ev_shelf q2 & rel_ind60 q2,0.0004543720715566622,0.8153434275018746,1.4169504859815563,rejected,0.21151501616692836,0.15649740438441495
dist_52wh q3 & vol_surge5 q1,0.0008249563880332394,1.9196780736780057,0.3099401194508595,rejected,0.02592566803639309,0.7566064931044221
atr_pct q3 & r60 q2,0.0007933535595523391,1.9138849703801797,0.31412421107952526,rejected,0.024813027998420455,0.7534267017616658
ear q1 & r5_nonews q3,0.0004072940107454188,1.2391880985977521,-0.9868808732188742,rejected,0.0,0.32370104183107945
ind_mom60 q1 & news5 q2,7.63355711798532e-05,-0.23992608252606637,1.985261813864515,rejected,0.0,0.04711535019124423
dist_52wh q3 & ear_volsurge q3,0.000621591672885532,1.633128683891755,-0.5918415164862466,rejected,0.0,0.5539567193886754
ind_mom20 q2 & r5_news q2,0.0003918443776273194,0.47681912690545947,1.7450007010262858,rejected,0.1729652040280718,0.08098474693669189
mom_12_1 q0 & r20 q3,-0.00043656209137569703,-0.9069615641746521,-1.3139986277501488,rejected,0.2220619175016289,0.1888466660230848
ind_mom20 q2 & r5_nonews q1,5.950908027967711e-06,-0.4576613485408251,1.7617976055171123,rejected,0.0,0.07810349946444287
ear_volsurge q3 & r5_news q2,0.000630666981668294,1.2790187974419713,0.9385221080534824,rejected,0.14879664869314285,0.347976160931006
atr_pct q3 & earn_in_week q1,-0.00012303681526185773,0.2369449959258212,-1.9747447842426034,rejected,0.0,0.04829711791256568
frog q2 & log_dv q4,0.00025980058194539365,0.9388351134887062,-1.2725252643924159,rejected,0.0,0.2031865534132985
range_compress q2 & rel_ind20 q0,-0.0004186507821410528,-1.4011461343589755,0.8081080420653859,rejected,0.0,0.4190283884462529
log_dv q3 & r1 q0,-0.0003336352343924178,-0.42514914157674144,-1.7827907721102971,rejected,0.16669156636464827,0.07462036846999566
atr_pct q1 & log_dv q3,0.0007269701699588951,1.7699702078941022,-0.42969976256949216,rejected,0.0,0.6674140561598797
atr_pct q3 & vol_surge1 q2,0.00032136566596290364,0.320896827073506,1.8746901959817202,rejected,0.1612052588278351,0.06083535644030569
earn_in_week q1 & vol_surge1 q2,-0.00045082907506620523,-1.0005432373448124,-1.1852411462721713,rejected,0.19102837799017117,0.2359221157260711
dist_ma50 q1 & r120 q3,0.00048379512365953305,0.7503869006714353,1.4325715967756747,rejected,0.19934437925468243,0.15198030363008716
ind_mom20 q0 & max20 q1,-0.0002842876780529934,-0.07515622593567409,-2.1067431517983692,rejected,0.12308627468355388,0.03513984956099794
earn_in_week q1 & vol_surge1 q3,-0.0003750567238827145,-0.3148965581960189,-1.8630568727849177,rejected,0.16048977491554525,0.06245426505686738
r1 q0 & range_compress q2,0.0001884724253649872,-0.013063979947436818,2.1647284771675945,rejected,0.0,0.030408484925085244
r5_nonews q1 & vol_surge1 q2,0.00039627545473067485,0.47635770383511283,1.7008824730343517,rejected,0.19043727315891723,0.08896505843759077
rel_ind20 q3 & vol_ratio q3,0.00032264554692827116,1.0283567425772226,-1.1475722222892952,rejected,0.0,0.2511452024373832
ev_offering q2 & ind_mom60 q0,0.0005407270475428486,1.426536213156309,-0.7477180504253125,rejected,0.0,0.4546302411844324
log_dv q3 & vol_surge5 q4,-0.00022155731230910752,-0.21353471161408835,-1.9552345257265165,rejected,0.1428887878686909,0.05055539519548072
earn_in_week q1 & max20 q1,-0.00027897240675250814,-0.3609024647693037,-1.8058524874248967,rejected,0.16913003570433852,0.07094138430102669
rel_ind20 q3 & vol20 q3,0.0006822755257518431,1.468024888862432,0.6975324292789368,rejected,0.10267068696942198,0.48546965187314517
days_to_earn q4 & vol_ratio q1,-5.702473098569238e-05,-0.5681623980800368,1.5963504303466627,rejected,0.0,0.11041057665706348
atr_pct q1 & vol_surge5 q4,0.0004633376309821048,1.2480743095507885,-0.9138471912642163,rejected,0.0,0.3607971455321027
ind_mom20 q2 & ins_opportunistic30 q2,0.00023539995747283367,0.026547747415853647,2.124425745121584,rejected,0.11769314124007686,0.033634559101120565
ind_mom20 q1 & max20 q3,-0.0001511282022439074,0.05380535375315869,-2.096941735280613,rejected,0.0,0.03599873340970428
ind_mom60 q1 & rel_ind20 q3,0.00049793591732946,1.3439773274390616,-0.805566038264229,rejected,0.0,0.42049311447927185
min20 q3 & r1 q4,0.00022257763189821714,0.9065820442456098,-1.2408694784611785,rejected,0.0,0.2146539695283931
min20 q3 & range_compress q2,0.0005476124439006948,1.4015661247743636,-0.7438610202045101,rejected,0.0,0.4569605594927941
intraday20 q0 & news5 q1,-0.00038332216739687887,-1.2917154917933547,-0.8513155504527369,rejected,0.12974416660016105,0.39459408895398246
ind_mom20 q4 & log_dv q0,0.0003188729590501625,0.19393291682026084,1.9480948825276905,rejected,0.14609955131023444,0.05140361103973701
vol20 q3 & vol_surge5 q4,0.00041886710572052355,1.183370872888195,-0.9562577170245611,rejected,0.0,0.3389420464789008
days_since_earn q4 & vol_ratio q3,-0.0002264913933884156,-0.21947337089341845,-1.9184704246537851,rejected,0.15350333996265203,0.05505138875012826
dist_52wh q2 & r1 q1,0.0007589110930991587,1.6130081611838778,0.5240401313820099,rejected,0.056972326665072646,0.6002506275268578
gap_today q4 & vol20 q0,0.00020000900364006407,0.8323250926345103,-1.3031702085579016,rejected,0.0,0.19251665853901015
close_loc q3 & frog q3,8.5485356152028e-06,0.4549323102126328,-1.6788396859906902,rejected,0.0,0.09318329181583293
ind_mom60 q1 & range_compress q2,0.00016618528659383952,0.7115396982771965,-1.4219578298902134,rejected,0.0,0.15503849337869371
ins_opportunistic30 q2 & range_compress q2,0.00041891274005021183,0.7484238106227075,1.3822205806084946,rejected,0.21535636699295604,0.16690398274038956
min20 q3 & vol20 q0,0.0005859463431359542,1.45624590842104,-0.6708482129207443,rejected,0.0,0.5023172299525551
frog q1 & ind_mom20 q2,0.00042220473693358574,0.7128629564366423,1.4129173211824375,rejected,0.2058830642143612,0.15768003551566354
ev_offering q2 & range_compress q2,0.0003780966318113876,0.6305442751537543,1.492029050372125,rejected,0.1946255474989426,0.13569152983309787
r5_nonews q1 & vol_surge1 q3,0.0006492235324309308,1.7356544138220744,-0.38687033513783664,rejected,0.0,0.6988522035542231
frog q3 & r20 q1,0.0006513164055282762,1.3186021774676053,0.8031897332581874,rejected,0.11821693987282714,0.42186507867912604
rel_ind20 q3 & rel_ind60 q2,0.0007377042925076949,1.539262682054732,0.5815779367339653,rejected,0.07524424235462586,0.5608510077839196
ins_opportunistic30 q2 & overnight20 q2,0.0006939579895227724,1.612283711840458,0.507737794895344,rejected,0.055246294920888006,0.6116372391939049
close_loc q1 & days_since_earn q3,0.0004260203108782749,0.647932406633934,1.471165749896425,rejected,0.19066774248960985,0.14124629724113422
days_since_earn q2 & range_compress q3,0.0005277856156027194,1.3654186609692989,-0.7501651500936046,rejected,0.0,0.45315524516375955
atr_pct q1 & vol_ratio q1,-1.7449664811488604e-05,0.4111902876609019,-1.701116033738622,rejected,0.0,0.08892120068766331
max20 q3 & r5_nonews q0,0.0001600895743171391,-0.06149607944743704,2.05019765762832,rejected,0.0,0.04034514648943731
log_dv q3 & range_compress q2,-0.00010843599310837882,-0.608048940647688,1.5006087971305218,rejected,0.0,0.13345677464977707
r5_nonews q1 & rel_ind60 q2,0.0005433498080290706,0.969849231393058,1.1295332039479986,rejected,0.17900964380137896,0.2586729707256673
r5_nonews q3 & vol_surge1 q2,0.00037146402436258775,1.1032628938506366,-0.9956604671134938,rejected,0.0,0.3194151443645956
ear_volsurge q4 & range_compress q2,0.000581686730420524,1.2223074893740251,0.8754100274685495,rejected,0.13136511760802078,0.3813508456831541
ind_mom20 q3 & rel_ind60 q2,0.0007850722829689197,1.8196591056974003,0.27361681034886753,rejected,0.029918602051812345,0.7843791140468299
r5_nonews q3 & range_compress q2,0.00013267562881777675,0.669769512186979,-1.4167371787265566,rejected,0.0,0.15655978278460495
ev_offering q2 & ind_mom60 q1,-0.00010165133658633033,-0.5400687599865026,1.5459122963421925,rejected,0.0,0.12212575046268404
r1 q0 & r5_nonews q1,0.0003214257993184496,0.23705018256533172,1.8480264103603492,rejected,0.14687669707303175,0.06459852230632576
log_dv q4 & vol_ratio q3,5.698410406844162e-05,0.5808277332202338,-1.5036242217072466,rejected,0.0,0.13267815082039944
max20 q1 & rel_ind60 q2,0.0007925320313219442,1.650575013172146,0.4307293852474704,rejected,0.044502619731215394,0.6666651497639844
earn_in_week q1 & r5_nonews q1,-0.00044184412365411656,-0.8877811092638486,-1.1925509304557351,rejected,0.18785353946721375,0.2330452931216526
intraday20 q4 & vol_ratio q3,-0.00020263810796059228,0.0021939020572690655,-2.0747586728019303,rejected,0.0,0.03800890654841003
earn_in_week q1 & r5_nonews q4,-4.859096822075447e-05,0.36795894491686876,-1.707753934190113,rejected,0.0,0.08768200992717232
ins_opportunistic30 q2 & r5_nonews q1,0.00041403618137309905,0.7056179636589061,1.3658285844834903,rejected,0.2087384064562031,0.17199277225615883
max20 q1 & range_compress q2,0.0006840722522139769,1.6384584256216896,-0.4320131124680829,rejected,0.0,0.6657318830463623
ear q0 & r5_nonews q1,0.00030793511237783144,0.3917881509418601,1.6781233881558442,rejected,0.17507245116259573,0.09332301379736221
gap_today q0 & vol_ratio q3,-0.0004508580626821301,-0.9978917780969571,-1.0708346684264047,rejected,0.15576741949454428,0.28424377562979003
r5 q1 & range_compress q3,0.0006651235233487827,1.6183083687573225,-0.4504082193751469,rejected,0.0,0.6524161194353714
mom_12_1 q1 & vol_ratio q3,0.00017915138265275216,0.7460628788590399,-1.3219207953472198,rejected,0.0,0.18619452690455357
ev_agreement q2 & vol_ratio q4,-0.0003946250451215677,-1.15671857518697,0.9070730124620717,rejected,0.0,0.36436818839336194
frog q2 & ins_opportunistic30 q2,-0.00036379286667907496,-0.4790885808459406,-1.5794865978403014,rejected,0.16918790128853614,0.11422448819331336
max20 q1 & vol_ratio q1,0.0009360261910513271,2.022378775720736,-0.036171020847737254,rejected,0.0,0.9711459928760967
r1 q0 & r5_news q2,1.210971298324663e-05,-0.3835423374985506,1.6721319290370238,rejected,0.0,0.09449830974632921
ind_mom60 q1 & ins_opportunistic30 q2,-0.00014549282090522826,-0.6141347547292366,1.4393819632131224,rejected,0.0,0.15004233181344004
vol20 q3 & vol_surge1 q4,0.00018572591299248478,0.7613999067259892,-1.289538134708724,rejected,0.0,0.19721106758029944
rel_ind20 q0 & vol_surge1 q2,-5.763168717883731e-05,-0.57378770025255,1.475120939981974,rejected,0.0,0.14018003167906753
vol20 q3 & vol_surge1 q3,0.0005839154946791878,1.2073871247304748,0.8404522794497871,rejected,0.1288047951228854,0.4006548472052194
ear q1 & news5 q2,0.00022288917628090734,0.7838709095999693,-1.2628904387209188,rejected,0.0,0.2066285565375625
frog q2 & vol_surge1 q3,1.4638176473663127e-05,0.459525257407693,-1.5823565435329152,rejected,0.0,0.11356819932391238
dist_ma50 q2 & rel_ind20 q4,-0.0003267785695488337,-0.9301026728048305,-1.11123274410463,rejected,0.16982006270787842,0.2664681803359774
range_compress q2 & vol20 q0,0.0007499681977761687,1.777638097701678,-0.2588649080899596,rejected,0.0,0.7957394747666741
range_compress q2 & vol20 q3,0.00035224526859224816,0.4378160220388327,1.5963937151386163,rejected,0.15964166608629116,0.11040091844930863
ind_mom60 q1 & r5_nonews q0,-8.347409145408849e-05,-0.5965488844629621,1.4370587924459004,rejected,0.0,0.15070128876046654
frog q3 & max20 q3,0.0005173138309283822,1.0057413716493577,1.0264966687049484,rejected,0.14016932912384458,0.30465753306565124
dist_52wh q3 & vol_surge1 q3,0.0007805099275618697,1.860555703492264,-0.17123020978889886,rejected,0.0,0.8640427542925873
r120 q4 & r5 q2,0.0003174871924311254,0.39835880975778515,1.6329461330474315,rejected,0.161057896938922,0.10248032634254638
frog q2 & r5_nonews q4,-0.00029691679973413405,-0.310369430766495,-1.7195364903603523,rejected,0.16462363406915553,0.08551672915552927
ev_offering q2 & skew60 q1,0.0006488888893676926,1.816932554254612,0.21219941360548822,rejected,0.0197930563946662,0.8319514641981098
r5_nonews q1 & rel_ind20 q3,0.0006762431576150468,1.4691891485433024,0.5561223510664562,rejected,0.07255334070179141,0.5781272165068323
close_loc q3 & rel_ind20 q0,-7.35618014571297e-05,-0.635866798128994,1.3848483065959563,rejected,0.0,0.16609885637587551
min20 q3 & vol_surge1 q0,-0.00042444527559490494,-0.6139866527601722,-1.4043122108689037,rejected,0.19924415919394556,0.1602258996991477
log_dv q4 & vol_surge1 q3,0.0008050839562624029,1.772426556603487,0.24507930522628935,rejected,0.019772903878227548,0.8063950264081902
r60 q3 & rel_ind20 q0,0.00010987851373455187,-0.3560284734608039,1.660411639790353,rejected,0.0,0.09683167011930571
log_dv q4 & range_compress q2,0.0008411546495862848,1.8117498962031104,0.2023812597156838,rejected,0.01800975074796494,0.8396186778557899
earn_in_week q1 & news5 q2,-0.00018144059059647206,0.10796019637381868,-1.9035025332673787,rejected,0.0,0.056975003451508306
earn_in_week q1 & r5 q3,-0.000532476251099759,-1.6897496048527492,0.3203868533623087,rejected,0.0,0.7486750902446891
days_since_earn q1 & r5 q4,-0.0005186308451998624,-1.1591541304059945,-0.8490703294866996,rejected,0.127623594008327,0.3958421591482257
atr_pct q4 & max20 q1,-0.0002495525522002178,-1.1615720960317535,-0.8452424685361879,rejected,0.12723347605885596,0.3979754752863466
frog q3 & r60 q3,0.0006458475597589416,1.6069011494575351,-0.3966682860701771,rejected,0.0,0.691612089640524
r60 q3 & range_compress q1,0.0005776887773112051,1.0862628316266743,0.9155440028782614,rejected,0.13897947173456754,0.3599061130718986
r1 q4 & vol_surge1 q2,-0.0005900050780332932,-1.4192091029897531,-0.5737876410696764,rejected,0.07437422399176274,0.5661115130153147
atr_pct q1 & vol_surge1 q2,0.0005818517566736947,1.4314768673964964,-0.5581388625002404,rejected,0.0,0.576749564949538
atr_pct q3 & days_since_earn q2,0.0007355964478957768,1.6522592015453816,0.3329923705768376,rejected,0.018885095419659884,0.7391400422345382
frog q1 & mom_12_1 q1,0.0006697729156005787,1.6485999203949435,-0.3361510012236627,rejected,0.0,0.7367570003705065
ear q0 & frog q2,-0.0005018086388281874,-1.5938595307467494,0.38742200216116085,rejected,0.0,0.6984438177997888
atr_pct q1 & r20 q1,0.0005442334618172482,1.3414042444979668,-0.6389452550195978,rejected,0.0,0.5228585463349471
ind_mom20 q2 & mom_12_1 q1,0.0008000797083745312,1.9288434784376856,-0.051494410643211544,rejected,0.0,0.958931555604993
frog q1 & r1 q4,-0.0004969335880986472,-1.518328801149253,0.46198467659014675,rejected,0.0,0.6440923091972912
ear q1 & frog q3,-0.00015887379942291558,0.25474002381420374,-1.7202528285813785,rejected,0.0,0.08538649392244889
ear q1 & ev_offering q2,0.00020295841289948163,0.745823799533302,-1.229162801809513,rejected,0.0,0.21901077259388013
frog q2 & vol20 q0,0.0003114666960791927,0.9707546155669989,-1.0025842297540488,rejected,0.0,0.3160615079086934
earn_in_week q1 & vol_surge1 q0,0.0002333480273470819,1.1004490868034538,-0.8717456070427619,rejected,0.0,0.3833471738940523
r60 q2 & rel_ind20 q0,-0.0005221862160819155,-1.2079490610648804,-0.7632065520300071,rejected,0.10803811342752993,0.44534022189799755
ev_offering q4 & vol_surge1 q3,-0.00010941758327781723,-0.11313844294851981,-1.856584824467176,rejected,0.1348531926706987,0.06337024463408893
dist_ma50 q0 & ins_opportunistic30 q4,-0.00026019946653342514,-1.5142202438503625,0.4546564865377735,rejected,0.0,0.6493563901063678
ind_mom20 q3 & news5 q2,6.685283503997882e-05,0.5239018876861389,-1.4349151468147687,rejected,0.0,0.151311278896606
atr_pct q1 & vol_surge1 q0,-0.0005428747567644912,-0.9557156087676483,-0.9984668541850016,rejected,0.13524140452676295,0.31805302943090924
mom_12_1 q2 & r120 q4,-9.232318031118381e-05,-0.6118056112881288,1.3336093798988493,rejected,0.0,0.1823319072789893
log_dv q3 & rel_ind20 q0,-0.0005029250245557497,-1.1224318807156868,-0.8216275184921237,rejected,0.12399913052780838,0.41128892252412946
ind_mom20 q3 & r60 q2,0.00031874328426944324,0.9961402235466422,-0.9446744880359027,rejected,0.0,0.34482508554473096
atr_pct q1 & range_compress q2,0.0006300836352248493,1.5218496036758093,-0.415612221543982,rejected,0.0,0.6776937821311223
ear q3 & r60 q3,0.00020251935219481928,0.7084326307845911,-1.2285727218346674,rejected,0.0,0.2192320481411333
r1 q0 & vol_surge1 q3,-0.00011175423122064487,0.2197188688994344,-1.711597383600298,rejected,0.0,0.08697089082603533
news5 q4 & range_compress q3,-9.016111735104393e-05,0.2202493852406636,-1.7104533353605482,rejected,0.0,0.08718207554603945
ev_agreement q4 & vol_surge1 q4,0.00026627209892225723,1.5008928671849275,-0.4284998056689067,rejected,0.0,0.6682872750040161
r5 q4 & r60 q3,0.00031588185261433564,0.23245295532126797,1.6928406260309776,rejected,0.1629225827998097,0.09048580737565598
frog q2 & r5 q4,-0.00040676879913547975,-0.8426241787883632,-1.080058910563609,rejected,0.15213378823035653,0.2801159477258592
ev_shelf q2 & frog q2,-0.00022307547228960907,-0.04859965249369914,-1.8715802351188888,rejected,0.134808178978878,0.06126469994606221
r5_nonews q1 & vol_ratio q1,0.00023217651941420916,-0.020740175859732878,1.8980727337522125,rejected,0.0,0.05768650139985492
ins_opportunistic30 q2 & rel_ind60 q2,0.00029181200182584483,0.37594725804460977,1.5424424374816081,rejected,0.16467569876684018,0.12296611575539967
atr_pct q1 & min20 q1,0.00011177308113417211,0.6435368042748738,-1.2737771343331994,rejected,0.0,0.20274241095420598
ear q0 & ind_mom20 q2,-5.902554574812174e-06,-0.36478090755733883,1.5481762095770186,rejected,0.0,0.12157987759839103
overnight20 q4 & rel_ind60 q4,-0.0003974542902476836,-0.9815699915219723,-0.9311776455894172,rejected,0.13956092159883812,0.35176167933767005
r5_news q2 & vol_surge1 q4,8.209488596108502e-05,0.4871732115552958,-1.4239547483444546,rejected,0.0,0.15445957180579895
min20 q1 & r1 q0,0.0007134242458957777,1.81134115913575,0.0807175870438196,rejected,0.0016596294340157742,0.9356665500159685
ear_volsurge q1 & max20 q2,0.0006604619928118492,1.3922791540064134,0.4975009864882659,rejected,0.05221719777485679,0.6188358074300144
ind_mom20 q3 & rel_ind20 q3,-3.893315178756077e-05,0.29512344116624084,-1.592212860930642,rejected,0.0,0.11133688444250975
days_since_earn q2 & frog q1,0.0006981651412916623,1.503647685223484,0.38262108754909113,rejected,0.030850717627891138,0.7020007323806402
vol_surge1 q4 & vol_surge5 q4,-0.0003264000442025429,-0.34658079552570353,-1.5395268508488025,rejected,0.16184496670719192,0.1236757279544172
atr_pct q1 & ind_mom60 q1,0.0007930493886272543,1.8225402837269973,-0.06321315569402962,rejected,0.0,0.9495967690027591
frog q4 & skew60 q3,-0.00041753879556644656,-0.929834458023628,-0.9547633607706499,rejected,0.13099892304565475,0.3396973798764888
r60 q3 & vol_surge1 q3,0.00044663341776520713,0.766758623625887,1.1157450789265249,rejected,0.16107529715243935,0.2645312686479745
log_dv q3 & r20 q1,0.0003863629326049846,1.1292278861624871,-0.7526278097316539,rejected,0.0,0.4516736014010857
earn_in_week q4 & r5 q1,-5.892633729049401e-05,-0.6846272758958964,1.19625319411727,rejected,0.0,0.2315977681515995
frog q3 & r5_nonews q3,-0.0002708741729918872,-0.14031257611958584,-1.735056755984408,rejected,0.14300234511013152,0.08273075284444655
range_compress q2 & rel_ind60 q2,-0.0003720743848521892,-1.0393869282303752,0.8339204031392219,rejected,0.0,0.40432583900080554
days_since_earn q4 & ind_mom20 q2,-0.000170184177813388,-0.8033688703729568,1.0694661368365166,rejected,0.0,0.28485967976598486
days_since_earn q2 & gap_today q0,0.0002603797621815178,0.9132789729952864,-0.9568577810523942,rejected,0.0,0.33863904319450666
gap_today q0 & vol_surge1 q2,-0.00036871578500239223,-1.279824774944441,0.5878362383035003,rejected,0.0,0.5566422176899497
vol_ratio q3 & vol_surge1 q4,-0.00019671508461910158,-0.14001890379236331,-1.7273799152156288,rejected,0.14483572352765794,0.08409945532003363
earn_in_week q1 & r5 q1,-0.0005500159136522508,-1.252209649201952,-0.6137396369773961,rejected,0.07674994626389797,0.5393873913713132
ear_volsurge q4 & overnight20 q4,-0.00022376959198145888,-0.8034407083348047,1.0597009838437865,rejected,0.0,0.28928065507687784
ear q1 & r5_news q2,0.0002938561959463855,0.8938387420702872,-0.9666821861621262,rejected,0.0,0.3337029350172349
dist_ma200 q4 & r5_nonews q1,-1.1175394730475774e-05,-0.4764470314121854,1.3796833743287509,rejected,0.0,0.16768415408913073
atr_pct q1 & log_dv q0,-0.00043386828671860357,-0.7419066069417445,-1.1057887138507407,rejected,0.1569637268047245,0.26881798112474997
frog q1 & r5 q4,-8.414089994289404e-05,-0.8177897126533831,1.0280848453070948,rejected,0.0,0.3039099186563322
mom_12_1 q4 & vol_ratio q4,0.00027415888783350825,0.48963408798762914,1.3510744870081188,rejected,0.19043335980851628,0.17667157319141183
dist_52wh q2 & news5 q1,0.0005544377956213748,1.2898681526867775,0.5503922038536538,rejected,0.06718954787769411,0.5820503947925728
mom_12_1 q4 & r20 q0,4.3155262220222745e-05,-0.37509077106946126,1.464335955887449,rejected,0.0,0.1431021775084158
r60 q3 & vol20 q3,0.0005856085120298238,1.3250792999307741,0.5142042573700552,rejected,0.05607217559410673,0.6071091915359565
ev_offering q4 & r5 q3,-0.00014634594760228856,-0.6018107900840829,-1.2339450280224418,rejected,0.18252835633030892,0.21722338914492992
frog q1 & r60 q2,0.0006076601873055984,1.49590253295593,-0.33856116170786427,rejected,0.0,0.7349403448104567
frog q2 & ind_mom20 q2,-0.0004788906549468393,-1.0201122752284477,-0.8094819577910941,rejected,0.11255328489260655,0.41823797664259577
mom_12_1 q3 & r20 q3,0.0003895590144268178,1.1561101913547625,-0.6683617533348375,rejected,0.0,0.503902703188237
ear q0 & range_compress q3,0.0003102643761556195,1.0446302118888928,-0.7792956225838437,rejected,0.0,0.43580559268551755
rel_ind20 q3 & vol20 q0,0.00034461304064801486,0.9461288077233916,-0.8777442891173947,rejected,0.0,0.3800825037686582
ear q3 & earn_in_week q1,0.0001949277238535832,0.869352988120164,-0.9542304802225423,rejected,0.0,0.3399669891423489
rel_ind20 q0 & vol20 q3,0.0002823788209196022,0.3245789368419292,1.4971640778984194,rejected,0.16640152465628857,0.13435056985094052
ev_agreement q4 & ev_shelf q2,0.00024845689343967785,0.8487342852867219,-0.9720468805619656,rejected,0.0,0.3310272265619593
earn_in_week q1 & gap_today q0,0.00034067028199243326,1.4263539584775375,-0.39284311042410036,rejected,0.0,0.6944353616201517
frog q2 & rel_ind60 q2,-0.00043701967767245084,-1.2070723392414615,0.6117534430237249,rejected,0.0,0.5407008969861774
ev_offering q4 & r5_news q2,-0.0002026431372441215,-0.6208116817008423,-1.1948808606232275,rejected,0.16931672967084993,0.23213358171591222
log_dv q4 & min20 q3,0.00037131577525592927,1.005335002931939,-0.80810877773942,rejected,0.0,0.4190279649790032
log_dv q0 & vol20 q3,-2.0615926310794947e-05,-0.41799240918065567,1.3954204290558694,rejected,0.0,0.16288909438033453
r5 q3 & vol20 q1,-8.160552085572253e-05,0.20352881463661782,-1.6097926777105083,rejected,0.0,0.10744312428241948
ear q2 & ind_mom60 q4,-0.00022812006985067237,-1.0061491374851201,0.8030949350536343,rejected,0.0,0.42191986498733486
frog q1 & r5 q3,5.605153445748417e-05,0.42196969570847687,-1.3867655457572399,rejected,0.0,0.16551326638912106
days_since_earn q2 & min20 q1,0.0005662238389849938,1.4128836174733295,-0.39433256529473837,rejected,0.0,0.6933355234284126
log_dv q3 & max20 q1,0.00018636332592814685,0.6888076862288304,-1.1183781690903047,rejected,0.0,0.2634055141151277
atr_pct q3 & ind_mom20 q3,0.00047796155310829647,1.3485660599243645,-0.45700871642444346,rejected,0.0,0.6476647804236126
ind_mom20 q2 & vol_ratio q1,-8.031238206817803e-06,-0.33711936849867175,1.465279513211814,rejected,0.0,0.1428446735840192
intraday20 q2 & r20 q3,0.0002426922909758838,0.10062630865456507,1.7015489116033515,rejected,0.14887324594814977,0.08883996146311429
atr_pct q1 & rel_ind60 q2,9.269277251921228e-05,0.5120419598183303,-1.2839510802398044,rejected,0.0,0.19915907278574158
atr_pct q1 & r5_nonews q4,0.0002584064788549454,0.828919360663527,-0.9637147124564895,rejected,0.0,0.3351889760899125
min20 q1 & vol_surge1 q3,0.0006147267753805565,1.6371456177156651,-0.15467734396671903,rejected,0.0,0.8770756919043856
frog q2 & news5 q4,-0.0005303257633583832,-1.6617304498698118,0.12804304173390116,rejected,0.0,0.8981149109834776
ear q0 & r5 q3,-9.353952379945189e-05,0.239314406505703,-1.5489883410980825,rejected,0.0,0.12138452278660126
r20 q1 & r60 q3,0.0001485481090969502,-0.09200661813178505,1.6945926883812767,rejected,0.0,0.09015271505596957
atr_pct q2 & r1 q1,0.0007035758769290157,1.6992148477851479,-0.08564918457436277,rejected,0.0,0.9317452984438702
frog q2 & r5_news q2,-0.00014739282095686205,0.10642882385418592,-1.676068379846155,rejected,0.0,0.09372479948647727
intraday20 q4 & vol_surge1 q3,-0.0002237000060138614,-0.06608321286308437,-1.7149292177201862,rejected,0.14012504448872004,0.08635820505755433
atr_pct q3 & r5 q3,0.00041320734137675257,1.1700874913084929,-0.6102062233194896,rejected,0.0,0.5417252077774033
dist_ma50 q4 & ins_officer30 q2,-0.0005600843457679627,-1.0881284182794133,-0.691270620380872,rejected,0.09346134937917437,0.48939549119078507
r60 q3 & range_compress q2,0.0005784325258657428,1.1716066531444638,0.6061872226112183,rejected,0.07712845220426338,0.5443904365253895
rel_ind60 q2 & vol20 q1,0.00038369694277932324,1.0479040773977701,-0.7295977278540483,rejected,0.0,0.46563611149086553
atr_pct q3 & frog q1,1.5243368795927814e-05,-0.31075602485798964,1.4656395629443228,rejected,0.0,0.14274650708639283
ind_mom20 q3 & vol_surge1 q3,0.0005906737960872499,1.5113267914358894,-0.26451449702435187,rejected,0.0,0.7913834954978161
ind_mom20 q2 & ind_mom60 q1,0.0001660865490639878,0.16638751118557465,1.6088155342226456,rejected,0.1350125412639966,0.10765668311665585
frog q3 & news5 q4,6.083647337689819e-05,0.5120710702584056,-1.2611095877253184,rejected,0.0,0.207269366745384
skew60 q3 & vol_ratio q2,3.453377244928223e-05,-0.3127488655959571,1.4593769113314856,rejected,0.0,0.14446139721308018
ind_mom20 q4 & vol_ratio q1,0.0007004411628071715,1.7263086346381085,0.04096994495736909,rejected,0.0,0.9673198561856617
ind_mom60 q1 & r60 q3,0.0006736195813071669,1.5263163729359843,0.2407512582310307,rejected,0.02099236666929344,0.8097479088148014
atr_pct q3 & vol_ratio q3,0.0005371218010932422,1.1007727791525883,0.6650748499898336,rejected,0.080855945257122,0.5060026198087684
ear q1 & ev_shelf q2,0.0001419128248234602,0.5997231806474246,-1.1653659381114057,rejected,0.0,0.2438708988396375
frog q1 & vol_ratio q1,0.00031477517007306077,0.4162435798998677,1.3471495385212502,rejected,0.18332114582725587,0.1779320761175533
ear q0 & vol_surge1 q2,0.0003699264700075913,0.6795415881838806,1.0837380196774122,rejected,0.14316240323798388,0.27848097318426834
r5_news q2 & r60 q2,0.00022850404404985505,0.7631542356649564,-0.9981917285880172,rejected,0.0,0.31818639655673686
min20 q3 & vol_ratio q1,0.00010781345220275943,0.5971478567217406,-1.1635700439437564,rejected,0.0,0.24459829711715986
dist_ma200 q1 & max20 q2,0.0006798425846173093,1.616942573007552,-0.14330833277378063,rejected,0.0,0.8860466751596741
min20 q0 & rel_ind60 q3,-0.0004514504284991511,-1.558654017112054,-0.19979077900400002,rejected,0.01667310314522507,0.8416442132279277
ins_opportunistic30 q2 & news5 q4,-0.00022349684513410541,-0.21315962178498127,-1.5451163598490665,rejected,0.14806182972686457,0.12231812050386541
ear q1 & frog q1,0.00022757526197277148,0.7707467586326384,-0.9872313176314979,rejected,0.0,0.3235292521612229
frog q3 & mom_12_1 q1,4.4938232793781596e-05,0.44568258855586834,-1.3111018184507786,rejected,0.0,0.18982336649405848
ind_mom20 q3 & ind_mom60 q1,-0.0001827493411545189,-0.31981350588299984,-1.4349291406435911,rejected,0.1597023395412696,0.15130729075921698
ev_shelf q2 & ind_mom20 q3,3.570041934564611e-05,0.4251990849188063,-1.3259110450065927,rejected,0.0,0.18486916406236212
ind_mom20 q2 & vol_surge1 q4,0.00024024986871623092,0.8252471844098107,-0.925825877930799,rejected,0.0,0.35453647644992686
earn_in_week q1 & r5_news q2,-0.0002612696903432311,-0.06225121631435109,-1.6886444639361946,rejected,0.14354013308400448,0.09128758431106941
ear q0 & rel_ind60 q2,0.00020664983660667155,0.04126984997989096,1.7089938504014215,rejected,0.14036526686939152,0.08745208860403084
ev_offering q4 & range_compress q3,0.00022903018007438034,0.9992910099414641,-0.7473780365015772,rejected,0.0,0.45483539934066786
min20 q3 & rel_ind20 q0,0.00041346904213314487,1.2428928263076142,-0.5003051878063403,rejected,0.0,0.6168602017605593
log_dv q0 & vol_surge1 q2,-0.00019150717565477411,-0.751462039838634,0.9900318088456825,rejected,0.0,0.3221585717165473
min20 q3 & r5 q2,0.00025007272191023987,0.7661421281792332,-0.9733622627078548,rejected,0.0,0.3303732875722059
log_dv q0 & min20 q3,-1.001582373099779e-05,0.32761414415441886,-1.4111810801330489,rejected,0.0,0.15819122740579827
min20 q1 & rel_ind20 q3,-0.0004901301354464945,-1.3242037443404786,0.41340020984165965,rejected,0.0,0.6793134209144251
ear q1 & vol20 q3,0.00040478863079811573,0.7748411511002309,0.9625036660702523,rejected,0.12607956718969185,0.3357966625355965
dist_ma200 q3 & ind_mom20 q3,0.00015209609581460547,0.6901384298694268,-1.0452836429955967,rejected,0.0,0.2958918952245939
atr_pct q3 & min20 q3,0.00019741489629696788,0.7626400688063677,-0.9681298902461174,rejected,0.0,0.332979503699821
r5_nonews q1 & vol20 q0,0.00020987792946709256,0.7446476776128053,-0.9846054889103246,rejected,0.0,0.3248178924720558
ins_opportunistic30 q2 & news5 q2,0.0001733788476233605,1.326181227541785,0.3979041742002579,rejected,0.03358068879289101,0.6907008230005958
ear_volsurge q1 & max20 q1,0.0005489941658614577,1.3213026378776878,-0.4022661768048268,rejected,0.0,0.6874881439877327
ind_mom60 q1 & vol_surge1 q3,0.00017718455519594525,-0.0348067262995192,1.687531365545104,rejected,0.0,0.09150122404027888
frog q2 & ind_mom60 q1,-0.0005001784628909349,-1.3380183239825714,0.38382231287061114,rejected,0.0,0.7011101491384645
ind_mom20 q1 & r5_nonews q0,-0.0003623397929323253,-0.9235319957937566,-0.7948878466262426,rejected,0.1077618133643658,0.42667874445407916
vol_ratio q3 & vol_surge1 q0,-0.0001871218754924181,-0.11164383699535303,-1.6066585826620932,rejected,0.12945742008364983,0.10812928385133883
ind_mom60 q1 & vol_surge1 q4,0.00016701416551374255,0.6634555084124091,-1.0520462506617279,rejected,0.0,0.292778330395408
dist_ma200 q0 & gap_today q1,-0.00012229244576967435,0.10238975310912976,-1.612468235962239,rejected,0.0,0.10686008662389535
ins_opportunistic30 q2 & r5_news q2,0.00013921810512813873,0.7606497768895604,0.9541126097513661,rejected,0.12487589973108952,0.3400266438638201
frog q2 & rel_ind20 q3,0.00015352900241436237,0.7258999032385325,-0.9873042595506246,rejected,0.0,0.3234935031253487
vol_ratio q1 & vol_surge1 q4,0.0005286907980575216,1.440581456534523,-0.27214525312053955,rejected,0.0,0.7855103351982402
r20 q1 & vol_surge1 q2,0.00023645067023285557,0.07061154619093399,1.6420504770077047,rejected,0.13598255731954723,0.10057954361576826
mom_12_1 q3 & vol_ratio q0,0.0003343795571828635,0.5469252556835216,1.1656707146378213,rejected,0.15426752100193916,0.24374760493521822
r5_nonews q4 & vol_ratio q3,-0.0004189270563164936,-0.9011786830899738,-0.8107473112089212,rejected,0.10940549363158977,0.41751079775663613
frog q2 & range_compress q3,-7.247662847731593e-05,0.26364502839369497,-1.4466642907664669,rejected,0.0,0.14799097035993888
r5 q3 & vol_ratio q1,-0.00011527158912173149,0.12958502195018745,-1.5772356267565824,rejected,0.0,0.11474131822241487
ind_mom20 q2 & r5 q1,4.1913509484222704e-05,-0.2466235524841483,1.4598866415063112,rejected,0.0,0.1443212311737664
dist_ma200 q1 & ind_mom60 q1,0.0007205532818844432,1.649136217225642,0.05634176341241149,rejected,0.0,0.9550695492625869
r1 q1 & vol_surge5 q1,0.0005254218143173686,1.3858516427406768,-0.3195170138744078,rejected,0.0,0.7493344918051397
ear q0 & vol20 q3,0.00019914017247093399,-0.009885563263534956,1.6925921723357926,rejected,0.0,0.09053312206191366
intraday20 q0 & r5 q0,-0.0004284225638788535,-1.216501120896691,0.4858991949124004,rejected,0.0,0.6270386392428703
log_dv q3 & r60 q2,8.732075279096012e-06,0.31012456080807554,-1.3911630278432243,rejected,0.0,0.16417599585070802
news5 q2 & vol_surge1 q4,-0.0002655789096662042,-0.2408024028043475,-1.4569336303700067,rejected,0.15254096806540732,0.1451347016611625
news5 q2 & r5_nonews q1,0.00021437356989453457,0.14763748732510518,1.5454584670508307,rejected,0.14078876254775277,0.12223540755199762
r5_nonews q0 & vol_surge1 q3,-0.00026542018217847466,-0.28112653478510136,-1.4110798555369468,rejected,0.16598813953165717,0.15822106907824665
atr_pct q0 & vol_ratio q4,0.0005000298992261549,1.3815442305738692,-0.3094322866698504,rejected,0.0,0.7569927134644999
overnight20 q1 & r1 q2,0.0004747376088265118,0.8877173829665843,0.8018792360428331,rejected,0.10799604177217494,0.42262281822551306
ev_offering q2 & rel_ind60 q2,0.00026722634489514865,0.36705767548442103,1.313531858922181,rejected,0.176588789406843,0.18900379283785546
r5 q1 & vol20 q0,0.000556471673848318,1.3535667537080651,-0.3269249168081091,rejected,0.0,0.7437246748099103
range_compress q1 & rel_ind20 q3,-0.00022068146779697433,-0.14733348290510204,-1.5228500922689423,rejected,0.1440077675748968,0.12779621432797833
atr_pct q3 & r5_nonews q3,0.0005049114465281731,1.36603035668397,-0.3014182489026234,rejected,0.0,0.7630955803909661
gap_today q0 & min20 q3,-0.00011617051565744084,0.07113465866981428,-1.595763238184371,rejected,0.0,0.11054166377047886
vol20 q3 & vol_ratio q1,0.00040216521618687446,0.9716833637610279,0.6919231207842617,rejected,0.09001985060349517,0.488985610024311
days_since_earn q2 & r5_nonews q1,0.0006155879708268122,1.323124844770691,0.33943787574210116,rejected,0.02070187873278394,0.7342798897066214
ev_offering q4 & ins_value30 q2,-0.0002788307063569523,-0.7693840178317823,-0.8930229945826408,rejected,0.12178096525683142,0.371844858719234
ind_mom60 q1 & rel_ind60 q2,-0.0001325698153827016,-0.5700859613950235,1.0906039372377911,rejected,0.0,0.2754471963461137
frog q1 & max20 q3,-0.0005446178012456031,-1.3697927448687202,0.29025789419540204,rejected,0.0,0.7716189484072249
ind_mom20 q2 & r60 q2,-0.0001863093675384732,-0.011838095665948335,-1.641083954630153,rejected,0.12915460639644408,0.10077998897816466
log_dv q3 & vol_surge1 q2,-0.00023851585696517568,-0.7617404333711928,0.8870066829311071,rejected,0.0,0.3750753024841849
atr_pct q3 & ear q1,0.00047807702405156926,0.975122537658658,0.6720129938416279,rejected,0.07746194337754224,0.5015754242249107
vol_ratio q3 & vol_surge5 q4,-6.51651040218283e-05,0.1266491215118273,-1.5192573482732399,rejected,0.0,0.12869773112754462
log_dv q4 & vol_surge1 q4,-0.00022299474178340525,-0.2604990639709643,-1.3851167624860599,rejected,0.16868924603905697,0.16601676713511868
dist_52wh q2 & vol_ratio q2,0.000257273637429332,0.22101555284547755,1.4238349460600896,rejected,0.15480277132336973,0.15449425700755678
ear q3 & vol_surge1 q4,0.0003024093556316615,0.9162716027901969,-0.728242811990339,rejected,0.0,0.4664649628765924
close_loc q0 & r20 q3,0.0006005683473508172,1.6311000582297528,0.010401608221889616,rejected,0.0015660277760747338,0.99170086704448
ind_mom60 q1 & range_compress q3,0.0006613404055962869,1.4577183982936477,0.17807910203560393,rejected,0.011880816307401124,0.8586608538631271
ind_mom20 q3 & ins_opportunistic30 q2,-5.0656616493693725e-05,0.2465237762005504,-1.3877358701388771,rejected,0.0,0.16521748907621542
days_since_earn q4 & vol_surge1 q3,-0.0002670472616463938,-0.32174463709620205,-1.3120003639611026,rejected,0.17253507650833078,0.18952001174927574
dist_52wh q3 & r5_nonews q4,0.00048322267526138457,1.2087383488072587,0.41962451117007077,rejected,0.03820761871623611,0.6747597794279159
days_to_earn q0 & ev_red_flag q2,0.0005231130043696336,1.0482306023038312,0.5746011314168656,rejected,0.0681449351368829,0.5655610867020062
rel_ind60 q2 & vol_surge1 q3,0.00042182585571671767,0.7398931591771342,0.8819810866218095,rejected,0.11401216416144973,0.37778703522304846
vol20 q3 & vol_surge1 q0,0.00024421804582160165,0.3090757671004555,1.311449010224907,rejected,0.17244167695109391,0.18970610993631734
r60 q2 & range_compress q2,-0.0003088791065172631,-0.9252747441403786,0.6915677075570629,rejected,0.0,0.4892088470089136
ind_mom60 q1 & max20 q1,0.0006238628147690215,1.316658075023994,0.2999761054911784,rejected,0.021416618870992204,0.7641953818364609
dist_ma50 q3 & ev_agreement q4,6.443772938308001e-05,0.46218609830067914,-1.154274009636453,rejected,0.0,0.24838784849184684
r5_nonews q1 & r60 q4,1.588974190970212e-06,-0.3573006946519628,1.256673800423753,rejected,0.0,0.2088717789121641
gap_today q0 & vol20 q3,3.0921392752660554e-06,-0.2849352805113154,1.3287332174413515,rejected,0.0,0.18393600178687858
r1 q0 & rel_ind20 q1,0.0004829724690934693,1.3936177408711083,-0.21914031448579852,rejected,0.0,0.8265407474807038
ins_buyers30 q4 & r5 q4,-0.00010409457048178591,-0.7618535492290992,0.8464972188429655,rejected,0.0,0.3972754246952072
ev_red_flag q2 & ins_officer30 q4,-0.0003983092744113115,-1.2395274941929937,0.3667314857946046,rejected,0.0,0.7138193182015098
ear q1 & log_dv q3,-0.00010573912785846208,0.1751808921716243,-1.430160050388427,rejected,0.0,0.1526710884118873
frog q2 & log_dv q2,0.00046589391504771267,1.3658658455924744,0.23839262353131557,rejected,0.022272134710405265,0.811576588103238
log_dv q2 & rel_ind20 q0,0.0005129118518347712,1.2254441714352662,0.3756389930337079,rejected,0.02406366658794502,0.7071852979906259
ins_value30 q2 & r1 q2,0.00037977959610741415,1.1056329645717649,-0.494778781440251,rejected,0.0,0.620756283778936
ear q4 & intraday20 q3,0.0003369810503868789,0.5012524697788454,1.097800722558997,rejected,0.14015683596089554,0.2722915158942353
ear_volsurge q0 & ind_mom20 q4,-0.0003339131213960487,-0.5883061376233537,-1.0105719873524708,rejected,0.11942287169911409,0.3122213288034214
log_dv q4 & rel_ind20 q0,0.00014737519201037677,-0.0191196040999158,1.5796413332856671,rejected,0.0,0.11418902787267819
rel_ind20 q0 & vol_surge5 q2,0.00047611800039451427,1.1539279144066321,0.4357889265860308,rejected,0.03884856551755715,0.6629898787784869
max20 q3 & r5 q3,0.00032131356757167785,0.9796452503200882,-0.6061964857757828,rejected,0.0,0.544384286107056
ind_mom20 q2 & range_compress q3,0.0002010140762226561,0.7086180691279581,-0.8724380310752016,rejected,0.0,0.3829694607219074
days_since_earn q3 & vol_ratio q2,0.0005750598478164231,1.3732120619766786,-0.20782067434944113,rejected,0.0,0.8353689892370874
r5 q4 & vol_surge1 q2,-0.0004210018181265473,-0.9395175133439807,-0.6358379229477815,rejected,0.07458095674569065,0.5248820669901383
range_compress q4 & rel_ind60 q3,0.0003621506753764689,0.98648826268679,-0.5879248615182737,rejected,0.0,0.5565827281369258
log_dv q0 & r5 q3,-0.00021793845540776495,-0.15061204073873213,-1.4210879088470492,rejected,0.1494715449281144,0.1552912046199555
r60 q2 & rel_ind60 q2,-0.0003143720307445339,-0.4339792913670613,-1.1370704439616977,rejected,0.14321367028769694,0.25550883838046967
atr_pct q3 & log_dv q0,0.0005440159397020629,1.2428699751409347,0.3215769208733611,rejected,0.022169488919746055,0.747773230309988
ev_shelf q2 & r1 q0,0.00013765642839637604,-0.06954752788253943,1.493654371407095,rejected,0.0,0.13526598035183962
atr_pct q0 & skew60 q4,0.00034394877124560325,0.5853089658451848,0.9747454053060969,rejected,0.11827009247317354,0.32968656413738884
r60 q3 & rel_ind20 q3,0.0006134886196137864,1.3542991816022873,0.20443791807013262,rejected,0.016126491954146855,0.8380113015023591
mom_12_1 q2 & vol_surge1 q3,2.0574831025995756e-05,0.35616167354698614,-1.2025133337603566,rejected,0.0,0.2291647032267046
close_loc q3 & r5 q2,-0.00036938878343087644,-0.6336336588904715,-0.9235762324876701,rejected,0.12151397074749164,0.35570699308409126
log_dv q3 & max20 q3,0.00010991954614972714,0.5447589893649187,-1.009734229855615,rejected,0.0,0.31262263819180175
ind_mom20 q2 & r60 q3,0.0005447275214801431,1.1959867239670192,0.35631088514361337,rejected,0.022484827013952796,0.7216077584041759
ev_shelf q2 & ind_mom60 q1,6.608152995430927e-05,-0.15951425903405717,1.3927000357495922,rejected,0.0,0.16371051780509593
log_dv q3 & vol_surge1 q0,-0.0005029765631471397,-1.1029750930829516,-0.44858817765081704,rejected,0.041015224473663625,0.6537287637300824
close_loc q2 & dist_ma200 q2,0.00041777345618187935,1.1086608436399283,-0.43856379018478975,rejected,0.0,0.6609776390468161
days_to_earn q2 & max20 q2,0.0005737119785893871,1.4246702039018457,-0.11783361858646496,rejected,0.0,0.9061994913201861
r5_news q4 & r5_nonews q2,-2.6013368382636305e-05,0.12937067644737554,-1.412592188404574,rejected,0.0,0.15777566721033334
days_to_earn q4 & news5 q4,-7.625086408142292e-05,0.04547858010210544,-1.4957002959463934,rejected,0.0,0.1347317731615795
r5_nonews q0 & r60 q3,0.00032038321779725027,0.6925004042912735,0.8483083689500991,rejected,0.11021379701392549,0.3962662580131138
ear q1 & vol_surge1 q2,4.4966311837250184e-05,-0.21202492257549505,1.3269466394915042,rejected,0.0,0.18452633468994709
ins_officer30 q4 & log_dv q0,-0.00012698113809611088,-0.7829163427764886,0.7535458492202224,rejected,0.0,0.4511219705076223
rel_ind20 q0 & vol20 q0,0.00016339572911984587,0.7086304568935248,-0.8249565506495528,rejected,0.0,0.409396258771346
vol_surge1 q2 & vol_surge5 q4,9.654249057539923e-05,-0.08318148018293625,1.450198212084242,rejected,0.0,0.14700325351556418
ev_shelf q2 & max20 q3,0.00023224300554943654,0.23705110786079403,1.296196568007677,rejected,0.15665741365542316,0.19490777165031695
ind_mom60 q1 & log_dv q3,0.00040978382879937623,0.7885978240974177,0.7398760485128212,rejected,0.09790904208400762,0.459375208884661
news5 q1 & rel_ind20 q2,0.000546802254611552,1.4192728010242146,0.10868080644237596,rejected,0.005894640872208492,0.9134556659079356
log_dv q3 & mom_12_1 q1,0.0003311526482596978,0.9296914874173793,-0.596510612642558,rejected,0.0,0.550834166276911
ind_mom20 q2 & news5 q4,-0.00017672907038115333,-0.7966572506439564,0.7286460154969842,rejected,0.0,0.466218223055397
ind_mom20 q2 & r5 q3,0.0005665665037695312,1.3717551189237223,0.15141323055529274,rejected,0.006716864731615432,0.8796497533138453
vol_surge1 q3 & vol_surge5 q4,-0.0002000939791441861,-0.0731477472014906,-1.4494006435453017,rejected,0.1346097901225486,0.14722572907699913
mom_12_1 q1 & vol_surge1 q3,0.0006001919838929467,1.4327884327546125,-0.08768697668346762,rejected,0.0,0.9301254708503648
vol20 q0 & vol_surge1 q2,0.0002031812062427029,0.6459578870149808,-0.8694548773826104,rejected,0.0,0.38459837828383764
r1 q0 & r5 q3,-0.0001034625516740701,0.08797243024785507,-1.4231793908489854,rejected,0.0,0.1546841583835236
ind_mom20 q3 & r60 q3,0.0006076387290322086,1.4744906024230617,-0.032468006596294334,rejected,0.0,0.9740988296091043
r5 q4 & r5_nonews q1,0.0001388965741352372,0.8108618355458681,0.6953659613550178,rejected,0.0879042423316679,0.4868259865384946
ev_agreement q4 & ind_mom60 q1,-0.0002368655102743141,-0.7242245004380667,-0.7789229397893946,rejected,0.0956623330974719,0.4360251098988025
intraday20 q4 & r5 q3,0.000528612290893034,1.3456087627940476,-0.15665692825522903,rejected,0.0,0.8755152341246493
gap_today q4 & range_compress q0,-0.00038547392641499685,-1.4904967731581555,-0.008969882010199404,rejected,0.0014644716839169994,0.9928431656036651
ind_mom20 q2 & vol20 q1,0.0006013694844584934,1.389362105312953,0.10974823109078004,rejected,0.005946069862740778,0.9126090485334584
ev_offering q4 & frog q3,9.119388356931273e-05,0.7579232649688272,-0.7400022377778908,rejected,0.0,0.45929863649504254
r5 q4 & vol_surge1 q4,0.0001794630387576136,0.6874171174380778,-0.8097928207094314,rejected,0.0,0.41805925950252726
dist_52wh q1 & ear_volsurge q0,-0.0004096291434136372,-0.9696602806193344,-0.5267907619677525,rejected,0.053305759066323254,0.5983388988242289
news5 q2 & rel_ind60 q2,0.0003631212808493422,0.6654234200873607,0.826792065604946,rejected,0.10921147660022577,0.40835492799470996
log_dv q4 & range_compress q3,0.0003315525178861492,0.8643497914937976,-0.6265600644507946,rejected,0.0,0.5309476530019581
ear q3 & r5 q3,0.0002641977506045173,0.7460677974182325,-0.7436776895273681,rejected,0.0,0.45707148997528485
r60 q3 & vol_surge5 q4,0.00021318334659486146,-0.01985469028411554,1.4681699075123695,rejected,0.0,0.14205807617342162
close_loc q1 & ev_agreement q4,0.0001392262838990112,0.8445285250428423,-0.6338250749250036,rejected,0.0,0.5261949870061451
rel_ind20 q3 & vol_surge1 q2,0.0005594987921592176,1.2867591195264607,0.18787379748990762,rejected,0.014120494207112257,0.8509755835366398
ind_mom20 q2 & r5_nonews q3,0.0004405346730249142,0.9187217462671378,0.5536801970431873,rejected,0.060985869403609255,0.5797977302498779
ins_opportunistic30 q2 & r1 q0,-0.00017665483591870437,-0.6148589096293583,0.8575032943271658,rejected,0.0,0.3911667949583104
r60 q2 & vol_surge1 q2,0.0005267667002588749,1.124603455803608,0.34283212121063167,rejected,0.019724651906011276,0.7317247595403964
days_since_earn q0 & ind_mom60 q4,-0.00041104541097356157,-0.9236987687549545,-0.5435790568574508,rejected,0.06147820568135043,0.5867311748707034
gap_today q0 & vol_surge1 q3,-0.00028761147221321884,-0.44073875526097617,-1.0254704498003842,rejected,0.11040514386040415,0.30514126160390126
ev_offering q4 & vol_surge1 q2,-0.0002148134915237022,-0.8087095904889975,-0.6522629924958079,rejected,0.07379483018205543,0.5142315293687953
r5_news q2 & rel_ind60 q2,0.00019197577288753809,0.17718543604467699,1.2833091421740932,rejected,0.14979453238898033,0.19938379102678938
ev_offering q2 & ind_mom20 q3,-5.739014080575477e-05,0.18835149644725976,-1.2674050950191302,rejected,0.0,0.2050104789326746
frog q1 & vol_surge1 q4,8.97951932399888e-05,-0.2410627382629759,1.2145286365840195,rejected,0.0,0.22454592136341892
frog q3 & vol20 q1,0.0005390987383745247,1.3058178403844753,-0.14813574442797936,rejected,0.0,0.8822356406568407
atr_pct q3 & vol_surge1 q3,0.00015442223583088006,0.03691116242782454,1.415546733647689,rejected,0.13821982248515974,0.1569082562956118
atr_pct q1 & r5 q1,0.00026782035662627435,0.7954981275491129,-0.6568128049361454,rejected,0.0,0.5113012896524634
r60 q4 & range_compress q1,-0.0002223987830201683,-0.26571008122071565,-1.1839974260223116,rejected,0.13903420718684606,0.2364140817294443
days_since_earn q2 & vol20 q3,0.00020707770404083833,0.6847559648352357,-0.763706698258047,rejected,0.0,0.4450420482150187
range_compress q3 & rel_ind60 q2,0.0005766419760727227,1.3113928720140642,0.13430744322366525,rejected,0.006167498198562491,0.8931594677294843
earn_in_week q1 & r1 q0,-9.211168195777322e-05,-0.031403436942876395,-1.4142903768767388,rejected,0.1378920349367412,0.15727666127267698
gap_today q0 & r120 q3,0.00027927617462511354,0.5078628253153852,0.9369043282883017,rejected,0.11379393648113856,0.3488077725829131
min20 q1 & r5 q3,0.00040036562286543763,1.117800595326283,-0.3256470254217305,rejected,0.0,0.744691428708568
ear q0 & frog q3,0.0003162876957412073,1.0340017558782055,-0.40576638023544637,rejected,0.0,0.6849142633562333
ins_officer30 q4 & r120 q2,-0.0002588209909011184,-1.0964034212807547,0.34130709613286003,rejected,0.0,0.7328724063662332
log_dv q0 & vol_surge5 q4,-0.00021662531338762926,-0.8556723946296022,0.5794988887137283,rejected,0.0,0.5622525962471097
atr_pct q1 & r60 q3,-3.367555542671514e-05,0.22586150308287217,-1.2075706298034876,rejected,0.0,0.22721246211269097
frog q0 & r1 q0,-0.00026801276939861804,-0.5436261338128757,-0.8881472584268123,rejected,0.10902202824601105,0.374461544657529
ear_volsurge q3 & log_dv q2,0.0004378046338089542,0.9429753254641945,0.4865440814989684,rejected,0.04450629048107921,0.626581459163541
log_dv q0 & r20 q1,0.0003545747486078738,0.6623173304416587,0.7650666739584017,rejected,0.08972629643963644,0.4442318432786296
ear q3 & frog q1,0.00023268408726795912,0.7392471484176443,-0.6876318084881505,rejected,0.0,0.4916846721517533
frog q3 & ind_mom60 q1,-0.00014193003241030186,-0.5284076377226303,0.8983974931191575,rejected,0.0,0.3689736724945941
frog q4 & vol20 q1,0.0005374501268255864,1.2297753694569216,0.19439070853938792,rejected,0.016661648858330765,0.8458699646711089
ind_mom20 q1 & min20 q2,0.0003560047878757869,0.9661073471689242,-0.45708552932468144,rejected,0.0,0.6476095709142897
earn_in_week q1 & vol_surge1 q4,-0.0001285271979751052,-0.10488563272009842,-1.3174906692540729,rejected,0.14972371132900952,0.18767420667197462
min20 q1 & vol_ratio q3,0.0005825917024507135,1.3942457414129805,-0.027947583489233582,rejected,0.0,0.9777039571120938
max20 q1 & r5_nonews q1,0.0003980837654409415,1.072992355115775,-0.3459141053257991,rejected,0.0,0.7294072677853405
frog q3 & vol_surge1 q2,-5.6158140325387745e-06,-0.3869887210633218,1.0317875666722405,rejected,0.0,0.30217164504854443
overnight20 q2 & r5 q3,6.660597147281441e-05,0.4370529143796065,-0.9747951714739488,rejected,0.0,0.32966187272559444
frog q2 & r60 q2,-0.0004013837743362585,-0.7767352133757259,-0.6302297623329227,rejected,0.07188087668354132,0.5285442694400428
dist_ma200 q2 & vol_ratio q3,0.00034725160059616826,0.9770076504341355,-0.4288595543673129,rejected,0.0,0.6680254356307449
ear q0 & earn_in_week q1,0.00025522566900646425,0.9218885828507288,0.48260148113968293,rejected,0.04385809179237194,0.6293787272482124
min20 q1 & vol20 q1,0.0005230941970552006,1.3090721229833187,0.09458484319171498,rejected,0.004212451151766989,0.9246445892371356
frog q1 & r5_nonews q3,0.0003148113006201243,0.8991885477185589,-0.5039998844203072,rejected,0.0,0.6142614582031356
days_since_earn q2 & vol_ratio q3,0.0005851470052346814,1.3771721950726759,-0.01894485100554266,rejected,0.0,0.9848851000228988
frog q1 & vol_ratio q3,3.1636993379075226e-05,-0.2245640679728644,1.1712117233096624,rejected,0.0,0.24151368417873437
earn_in_week q1 & intraday20 q4,-0.0001442785171818421,-0.20143875856242785,-1.1934169450587808,rejected,0.13373398028337424,0.23270612188803608
r5 q4 & vol20 q3,8.215390171864476e-05,0.4625962460857654,-0.9316304020266196,rejected,0.0,0.35152756579257693
ind_mom20 q3 & vol20 q0,0.00023786818987977262,0.7174415996860197,-0.6760162097526795,rejected,0.0,0.4990303534548252
ind_mom20 q2 & range_compress q2,0.0001581082148074352,0.03691638201410173,1.3548672064731972,rejected,0.14067149264964063,0.17545986948897038
overnight20 q4 & r5 q2,3.851848787261232e-05,-0.2207214199361461,1.1671610763207576,rejected,0.0,0.24314532655151752
earn_in_week q1 & ind_mom60 q1,-0.00031458295778046604,-0.8148838649692904,-0.5714786691162308,rejected,0.06554514859591677,0.5676752156872249
min20 q3 & r5_nonews q3,-0.00011497568059758998,0.06405315221415385,-1.318846999418954,rejected,0.0,0.1872202680072127
atr_pct q0 & ind_mom60 q4,0.00040660352416135956,0.9255982031445088,0.45709013616987815,rejected,0.038383052275626384,0.6476062597916843
ear q0 & r5_news q4,6.566142040625197e-05,0.24894976312018502,1.1325519097370322,rejected,0.1267382474188937,0.25740247353376033
log_dv q2 & news5 q1,0.0004705850560993283,1.332285330702248,-0.04904302821462757,rejected,0.0,0.9608850056194758
min20 q3 & r5_nonews q0,0.0005163577494853027,1.3036524200000905,-0.07471109851748134,rejected,0.0,0.9404445770151774
ind_mom20 q3 & r5_news q2,-1.8713742805872084e-05,0.24091260071240828,-1.1351187933498486,rejected,0.0,0.25632554828953485
intraday20 q4 & min20 q3,-0.00011491128678642035,0.06398663983527729,-1.3093202552886007,rejected,0.0,0.1904258912182188
ind_mom60 q1 & vol20 q0,6.139353018055889e-05,0.38723878447530563,-0.9856680660351661,rejected,0.0,0.3242960248818727
frog q1 & vol_surge1 q0,-0.000515280322847482,-1.2971469116094174,0.07467340629834253,rejected,0.0,0.9404745672812652
ear q3 & r5 q1,0.0005267944073798781,1.1427421643586406,0.22861070434878006,rejected,0.018109520035801477,0.8191715040154658
ear q0 & log_dv q3,-0.0004271288774371142,-1.048911256739911,-0.3215220816769008,rejected,0.021078209950211087,0.7478147811113791
earn_in_week q1 & r60 q2,-0.00013496731164024892,-0.18146431847880634,-1.1875863504674005,rejected,0.12981524676436382,0.23499641804451088
r20 q3 & vol_ratio q4,0.0001589919307414041,0.07168851736901852,1.296325879292293,rejected,0.13894792674411968,0.19486323623936283
close_loc q2 & gap_today q0,-5.185036871873409e-05,-0.34079514047947046,1.0254160497345235,rejected,0.0,0.30516691836384996
dist_ma50 q4 & r1 q3,-5.037308680418513e-05,-0.3496806708221316,1.0165156052515918,rejected,0.0,0.30938392013237404
news5 q1 & vol_surge1 q2,0.0003433348016886339,0.8947445225769186,0.4703944713235243,rejected,0.0394662389877323,0.6380732134030115
max20 q3 & vol_ratio q3,-0.0003308556462411306,-0.567408625295331,-0.796500762358198,rejected,0.09386838202459917,0.42574103258293833
r5_nonews q4 & vol20 q3,0.00020312729721780302,0.6968565085326148,-0.6574141292729796,rejected,0.0,0.5109146689809425
ins_officer30 q2 & vol_surge5 q1,0.00039147079845885767,1.1148319056805556,0.23837459315597673,rejected,0.02170289935345243,0.811590571254582
dist_ma50 q0 & max20 q0,0.0005280452776397845,1.2729725330631763,0.08010009344095965,rejected,0.0020959160229878666,0.93615764843288
news5 q2 & vol_surge5 q4,-0.0003999499374812473,-0.7769177334842088,-0.5733295773232993,rejected,0.06360840430578676,0.5664215626079898
range_compress q2 & vol_surge1 q3,0.00037976687520856114,0.7364697912231916,0.6110627305544765,rejected,0.06862100455512175,0.5411580519119923
ear q3 & vol_ratio q4,0.0002535329966404428,0.8102153966713256,-0.5356255349972798,rejected,0.0,0.5922173773050585
days_to_earn q3 & frog q4,0.000319663612511374,0.574205854983871,0.7715087271065505,rejected,0.087245432446316,0.44040545157728683
ind_mom20 q1 & vol20 q1,0.00048741532749357533,1.1493163578864425,-0.1962185145235603,rejected,0.0,0.8444391372406321
max20 q3 & min20 q3,0.0004892394459650068,1.2199540689665758,-0.12141499004235932,rejected,0.0,0.9033623443797797
atr_pct q1 & vol20 q3,0.000423824861994562,1.276555877563134,-0.06476864285193981,rejected,0.0,0.9483582083880837
close_loc q0 & ins_buyers30 q4,0.000247551210570367,0.837702533312442,0.5019608460669394,rejected,0.04661813150115877,0.6156950631234074
earn_in_week q1 & max20 q3,-3.6142146217778933e-05,0.21628603288400383,-1.1227655882823873,rejected,0.0,0.26153706384329445
days_since_earn q0 & rel_ind60 q3,-0.0002855196660993252,-0.8760421580736104,0.4606357810998172,rejected,0.0,0.6450599359291301
r20 q1 & r5 q3,0.0001642533262085307,0.6051512161433715,-0.7290637948545776,rejected,0.0,0.4659626400201415
atr_pct q3 & rel_ind20 q3,0.00042411152897949445,0.8902120057476985,0.4425735868862457,rejected,0.036842880707944475,0.6580741931701433
r1 q0 & vol_ratio q3,-0.00013733006486156852,-0.049100290700227284,-1.283475471684952,rejected,0.1367438807067122,0.19932554758100643
ear q0 & min20 q1,0.00018117981113349507,0.13160605846055015,1.1976581506020256,rejected,0.12683121833152522,0.23105012776005604
days_to_earn q0 & vol_surge5 q1,0.00037776494769439594,1.058058830543593,-0.27056690070985223,rejected,0.0,0.7867241559318948
dist_ma200 q4 & vol_surge1 q2,0.00012372059775030676,-0.012634461163921107,1.3116681529329368,rejected,0.0,0.18963212667680737
log_dv q1 & mom_12_1 q2,-9.46876321701907e-05,-0.429257965035765,0.8905283076613502,rejected,0.0,0.37318227543221294
ind_mom60 q4 & rel_ind20 q1,0.00036903378474428843,0.7443193367596967,0.5752625977469964,rejected,0.061799478022439916,0.5651137129436512
ind_mom60 q3 & news5 q2,-9.746210191153173e-05,0.10517242607729725,-1.213701638385012,rejected,0.0,0.22486167850998925
skew60 q3 & vol_surge5 q4,0.0001237632631504782,0.5052897836387831,-0.8131174818019055,rejected,0.0,0.41615070433187884
log_dv q4 & r5_nonews q1,0.0005422047273019871,1.233296316446412,-0.079028166683861,rejected,0.0,0.937010219347566
dist_ma50 q1 & ear_volsurge q3,-0.0002937348642538795,-0.5358349716331394,-0.7762541367975707,rejected,0.08746215603441737,0.4375989469459905
gap_today q3 & ins_value30 q2,0.0004705501014421515,1.1513083077935846,0.16058286954661175,rejected,0.006657483656909309,0.87242194790566
ev_offering q4 & log_dv q3,2.663048922673807e-05,0.3704519633062452,-0.9396376077306664,rejected,0.0,0.34740347876657474
ins_buyers30 q4 & intraday20 q2,0.000138853469072517,0.1637059601240894,1.1436998865867043,rejected,0.12366188924501148,0.2527481204461178
ind_mom20 q3 & r5_nonews q1,-0.00022813712727175902,-0.28678970002561593,-1.0195511696662003,rejected,0.10262429548086233,0.30794137349743006
range_compress q3 & vol_ratio q1,0.0003646050036968359,0.6922099246517501,0.6119369089206073,rejected,0.06710841547114828,0.5405795007118447
days_to_earn q3 & max20 q4,-0.00020927174677127483,-0.49200093029287795,-0.8098763801421698,rejected,0.09046204246160258,0.41801122830466597
r1 q4 & vol_surge1 q3,5.586216520957578e-06,0.28884256080249,-1.0121046012889627,rejected,0.0,0.3114880425940481
frog q3 & log_dv q0,-0.0003645208583613811,-0.8845610736515587,-0.41623069825248526,rejected,0.03534626774524183,0.6772411983775151
ev_shelf q2 & vol_ratio q1,7.598439827592004e-05,-0.10427070319123313,1.1933860410216435,rejected,0.0,0.23271821930447834
days_to_earn q2 & gap_today q0,-0.00048705443330610584,-1.2678608259608217,-0.026139266919057717,rejected,0.0025629777668647975,0.979146257280757
ind_mom20 q2 & vol_ratio q3,0.00018682470103609786,0.19031711237652144,1.0995936195295037,rejected,0.11755895359152004,0.27150922320912846
rel_ind20 q0 & vol_surge1 q4,-0.00032155742093664354,-1.0693430237248267,-0.21768651169733452,rejected,0.018742862955808046,0.8276733737747755
atr_pct q1 & days_since_earn q4,-0.0003429104333029041,-0.6352257609859041,-0.6470896299893124,rejected,0.06625548302806333,0.5175739363931349
ev_offering q4 & vol_ratio q3,-0.00022004938989560166,-1.0259881172332683,-0.2533097349841684,rejected,0.021729170310755063,0.8000288739494162
atr_pct q3 & vol20 q1,-1.430883792775254e-05,0.2872232511165453,-0.9914625147600367,rejected,0.0,0.3214597875469369
max20 q1 & r5 q1,0.00042066376118059506,0.8703755802823223,0.406338628108614,rejected,0.03185006295035351,0.6844938066315776
dist_ma50 q0 & frog q0,-0.00042193280268527705,-1.0282953160792465,-0.24323394205025958,rejected,0.017902329490818863,0.8078241743002524
max20 q3 & vol_surge1 q2,0.0003497312000749347,0.7576928408737723,0.5128484795404253,rejected,0.04712185211924575,0.6080573148178913
frog q2 & news5 q2,-0.00031905019582341394,-0.5940380258892546,-0.6730452808318393,rejected,0.06726456840109796,0.5009184840860917
intraday20 q4 & vol_surge1 q2,-3.249092534853705e-05,-0.3390344349560133,0.9269126280203371,rejected,0.0,0.35397190011724466
ind_mom60 q2 & r60 q3,-0.0003823692363306294,-0.8088525680549215,-0.45697063977483876,rejected,0.03860582369969286,0.6476921488516425
ind_mom20 q2 & r5 q4,0.00011801127226392816,0.1495250543419077,1.113543865892501,rejected,0.11479219747318029,0.26547491966539355
atr_pct q1 & max20 q3,-0.0002661652782510985,-0.3926144648379274,-0.8700371007345821,rejected,0.09698462587835346,0.38428012939639866
frog q3 & ind_mom20 q3,1.3910186969871743e-05,0.28753321475548405,-0.9748481249966152,rejected,0.0,0.32963560122766994
days_since_earn q0 & ind_mom60 q1,-0.00015279523834283674,-0.5641927994831553,0.6976342579139067,rejected,0.0,0.48540595160719535
days_to_earn q1 & ind_mom20 q0,0.0004527101522515119,1.1899929480106377,-0.0709747480166193,rejected,0.0,0.9434178529584282
gap_today q4 & r120 q2,-7.970418893621926e-05,0.05643036313546628,-1.1998317875500741,rejected,0.0,0.23020467606114553
r5_nonews q3 & vol_surge1 q3,-0.0001091324837568447,0.05865610870113682,-1.1953591610664422,rejected,0.0,0.2319467343966902
ins_officer30 q2 & r5 q0,-0.00037564912340353076,-0.9293083396070256,0.32224233905411376,rejected,0.0,0.7472691117834425
ear q0 & ev_shelf q2,0.000120910655243781,-0.04487456202560657,1.20577868382008,rejected,0.0,0.22790283667523484
days_to_earn q2 & r5_nonews q2,0.0002196425428287508,0.6170495540295099,-0.6334518657042851,rejected,0.0,0.526438604406715
atr_pct q4 & min20 q2,-0.00027402824300176194,-1.2337436195030096,-0.016385883433154058,rejected,0.0019702247198082213,0.9869265416272974
ear q4 & news5 q1,-5.581767175949911e-05,-0.35865272883849963,0.8911836954892152,rejected,0.0,0.37283062992023763
log_dv q3 & min20 q1,0.00026057025392390296,0.4379624038351959,0.8106416288181976,rejected,0.0902609192380927,0.41757150324838466
range_compress q3 & vol_surge1 q2,0.0003162445796990641,0.5456877761987189,0.7017973008154708,rejected,0.07721958070827034,0.48280558232529064
log_dv q3 & r5 q1,0.00017829532643777614,0.6075040546452377,-0.6394031238264097,rejected,0.0,0.5225607173293636
r5_nonews q4 & vol_surge1 q2,-0.00023739234242798447,-0.36339404761735955,-0.8778042021035191,rejected,0.09390546712790288,0.3800499836766957
rel_ind60 q2 & vol_ratio q3,0.0004951601664344393,1.2085501118631814,0.028932940486824064,rejected,0.0010932397034951725,0.9769180739031235
vol_ratio q3 & vol_surge1 q2,0.0002753712326816782,0.43602117242458044,0.8005984071735777,rejected,0.08939730218221628,0.42336417315642605
earn_in_week q1 & vol_surge5 q4,-0.00010893945322188116,0.00286643385745189,-1.227946911719341,rejected,0.0,0.2194668975656022
max20 q1 & r5_nonews q4,0.0004953498477925947,1.1789211892307065,0.04889163401191614,rejected,3.5436943081991546e-05,0.9610056559818652
log_dv q3 & vol_ratio q1,-0.00048763649575489406,-1.203548111594342,-0.017495074007244475,rejected,0.002099864510809226,0.9860416626189162
log_dv q0 & max20 q1,1.0029737116643612e-05,0.30807441798065577,-0.9100086374708002,rejected,0.0,0.36281795460596844
atr_pct q1 & news5 q4,0.00042259594421581627,1.1011849855401392,-0.11566776913320971,rejected,0.0,0.9079158512595958
ind_mom20 q0 & overnight20 q2,-5.1797176296952106e-05,-0.34768356684593865,0.8671829261885072,rejected,0.0,0.3858417897146526
max20 q3 & r5_news q2,4.916565676486593e-06,-0.2485920944884116,0.9616530939948384,rejected,0.0,0.3362238916313865
ear q0 & ins_opportunistic30 q2,0.0001761062521818805,0.13390582610238547,1.0713352222015886,rejected,0.10197368425254699,0.2840187279691675
atr_pct q1 & ear_volsurge q4,-0.00030696243865821964,-0.5273776963908915,-0.6704656182274064,rejected,0.0657055020547073,0.5025610168522308
ind_mom20 q3 & rel_ind20 q0,-0.0003635448666787116,-0.9943925302379313,0.2025020566788841,rejected,0.0,0.8395242507206464
days_since_earn q2 & earn_in_week q1,0.00019431110668468107,0.3660861275848315,0.829183579078234,rejected,0.09361445527547457,0.4070005354146901
ear q0 & r5_news q2,4.116795684909829e-05,-0.1705491818692684,1.0240546800128063,rejected,0.0,0.3058094486717138
r5_nonews q3 & vol20 q3,0.00020227539472450032,0.24684039440793054,0.9470700492886392,rejected,0.09781968187515246,0.34360308538093376
max20 q3 & vol_surge1 q3,-0.00018957939877465793,-0.6315826103831648,0.5605755563930274,rejected,0.0,0.5750869188118939
max20 q2 & vol_ratio q0,0.0003726551300889484,0.8886801780719837,0.29809666428564796,rejected,0.020135678107834187,0.7656293874189984
r5 q2 & rel_ind20 q4,0.00032993569736633043,0.8895117268290598,-0.2952690687512739,rejected,0.0,0.7677883432600842
atr_pct q1 & ev_offering q4,0.00030432845507616076,1.0354889105834457,0.14878764937115507,rejected,0.00547431706538351,0.8817211965307378
dist_52wh q3 & r20 q3,0.0004668381516827521,1.1185822250985906,-0.06484385443853227,rejected,0.0,0.9482983241089807
ear q1 & vol_surge1 q3,-0.00022248932723803046,-0.25440234596717926,-0.9282509510263748,rejected,0.09834656250124266,0.3532774104598257
earn_in_week q4 & ind_mom20 q2,0.00017632855317943104,0.8861248469827226,0.2925530581334751,rejected,0.023206424925725555,0.7698637987212991
r20 q4 & rel_ind60 q2,-0.0003613535162190124,-1.0585431792806326,0.12000833348603239,rejected,0.0,0.9044765465043078
close_loc q4 & r5_nonews q0,-9.597692595528007e-05,-0.5124713108727852,0.6653542899511808,rejected,0.0,0.5058239140056594
log_dv q3 & r5 q3,0.0004391799146673506,1.0697633792623393,-0.10756514261483534,rejected,0.0,0.9143406486771892
gap_today q2 & vol_surge1 q3,-2.0644818566435033e-05,0.20506259404421573,-0.9712441488705137,rejected,0.0,0.331426713739389
range_compress q3 & vol_ratio q4,0.0004534306366184261,1.0571361647884587,0.11758492651169201,rejected,0.008862754266193122,0.9063965489833018
frog q3 & r5 q1,0.00023065851532820409,0.3192840343272717,0.8489020774603107,rejected,0.09153104889842681,0.3959357827841861
days_to_earn q1 & ind_mom20 q1,0.0003350306947236312,0.7089020116240304,0.4589431257254726,rejected,0.03691217441416821,0.6462750086234893
days_to_earn q3 & ind_mom20 q3,-0.00018676142760389185,-0.20116022534526032,-0.9641420507147905,rejected,0.09257246014570575,0.3349747128058814
dist_ma50 q2 & mom_12_1 q2,-0.0003435799035234509,-0.6494023847524176,-0.5150221206448222,rejected,0.04529989069085274,0.6065375623890263
frog q2 & vol_ratio q3,-0.0001226563007577141,0.012757064234802442,-1.1473195611718234,rejected,0.0,0.25124957238179174
frog q0 & r60 q2,8.08967484805659e-05,0.31562655590070915,-0.8433223977419865,rejected,0.0,0.3990481596384549
ind_mom60 q1 & r5_nonews q1,0.000164577620617881,0.14086359371673557,1.0109853883642912,rejected,0.09147147028396285,0.31202342324002014
close_loc q3 & vol_surge1 q3,-0.00012385392045123123,0.005138887924287881,-1.1455727069033534,rejected,0.0,0.2519719956467596
atr_pct q3 & range_compress q3,0.00027447804444545967,0.4518131575385936,0.6961151981634021,rejected,0.07438073590901145,0.4863566893378891
frog q3 & r1 q0,-8.88905804297424e-05,0.07928093702226077,-1.066966379147528,rejected,0.0,0.28598701821531936
ear q0 & r5_nonews q3,0.00021685514399956803,0.6999463850292922,-0.4461904855203854,rejected,0.0,0.6554596550871863
ind_mom60 q1 & r5 q3,8.543618456887195e-05,0.3942156045365619,-0.7464131811148019,rejected,0.0,0.4554178592377281
max20 q4 & range_compress q3,7.740854503868285e-05,0.42965306200801595,-0.7094522660920788,rejected,0.0,0.47804386328013093
r5_nonews q1 & r60 q2,-4.139444448655579e-05,0.1458900995725391,-0.9921950798767283,rejected,0.0,0.3211023721440523
ind_mom20 q4 & r5 q4,-0.00022672251771360718,-0.5061446790387848,-0.6225030407215975,rejected,0.061707010360899595,0.5336111449708105
r120 q4 & r20 q3,0.0003631394320951685,0.8472135731062955,0.28011035671469847,rejected,0.025194021602483012,0.7793928391363856
days_since_earn q0 & r5_nonews q3,0.00035274029694394815,0.9819745111274845,-0.14262273477130114,rejected,0.0,0.8865881412864153
range_compress q1 & vol_surge5 q4,-0.000253463926514366,-0.6805444063333819,-0.44134509543753375,rejected,0.03450075124701242,0.6589631838915233
days_since_earn q4 & vol20 q3,0.0003815378976806377,1.0954611507207044,0.02258897808361958,rejected,0.0023953225137683613,0.981978135801002
frog q3 & vol_ratio q3,-0.00015167907733054772,-0.06383557307260063,-1.0498268596983886,rejected,0.09024328015902175,0.29379772371405083
ind_mom20 q3 & mom_12_1 q2,-0.0003048828851165444,-0.8339370655202065,0.2754785463344606,rejected,0.0,0.7829486059723388
r5_news q2 & vol_surge5 q4,-0.00022866986124773147,-0.3179468122788009,-0.7852842587739983,rejected,0.0799928258279258,0.43228692296815907
ear_volsurge q4 & vol_surge5 q3,0.00026373347164094005,0.7803171882441952,-0.31820779755731154,rejected,0.0,0.7503273183513556
max20 q1 & r1 q0,-6.0933629507781075e-05,0.12137400903723869,-0.9727809585039315,rejected,0.0,0.33066217834663986
rel_ind20 q0 & vol_surge1 q3,5.857199203345518e-05,0.3688869711963477,-0.7218755184859921,rejected,0.0,0.4703710141036077
days_since_earn q2 & r5_nonews q3,9.195409398647058e-05,0.3883821522764593,-0.7022824273082724,rejected,0.0,0.48250304994202803
frog q3 & gap_today q0,-0.00040593696107424446,-1.0828210794639246,0.002450601926478288,rejected,0.0,0.9980447045152608
max20 q1 & vol20 q1,0.0001323065110920666,0.44250542737448934,-0.6383587651440998,rejected,0.0,0.5232401665258115
r5_nonews q4 & rel_ind60 q2,0.0002057627271384255,0.3142295933642399,0.7561661055892287,rejected,0.07574121706817818,0.4495496117037059
mom_12_1 q0 & r120 q1,0.0002804539671380461,0.6209942286043141,0.447793160346917,rejected,0.03464268348748028,0.6543024800561775
ind_mom20 q0 & vol_surge5 q3,0.00036440087264939233,0.85793792539392,0.20956417271425642,rejected,0.015735970749789434,0.834007844707569
rel_ind20 q3 & vol_surge1 q4,0.00010058431137111872,0.4967861758406561,-0.568778604834228,rejected,0.0,0.5695063959143978
rel_ind20 q1 & vol_ratio q4,0.0003144183341692516,0.7070491822372363,0.3584152461611485,rejected,0.020659073483697825,0.7200325837266459
days_since_earn q4 & news5 q1,-0.0002991331121172398,-0.9090635969439699,0.1528280037874932,rejected,0.0,0.8785339133153856
frog q1 & rel_ind20 q1,0.0004294705608668089,1.0413191154980426,0.019994553309698727,rejected,0.00279668685999247,0.9840477175274525
frog q1 & r5_nonews q1,0.0004170281050187883,0.9260430379889638,0.1346072366075174,rejected,0.005090482505868092,0.8929224197010002
mom_12_1 q0 & vol20 q3,0.00014400234317577643,0.07221710772935,0.9849042821075629,rejected,0.08861039927574482,0.324671089811303
days_since_earn q4 & r5 q3,0.0003247791226518912,0.7031508713765735,0.3449755369678997,rejected,0.016855035330114856,0.7301127617690615
ev_red_flag q2 & frog q0,0.00027573204618267557,0.7358667434482971,-0.3116382908010959,rejected,0.0,0.7553154305440113
ind_mom20 q2 & r1 q4,1.961649312534584e-06,-0.20034587059222084,0.8468433611895672,rejected,0.0,0.39708243564497253
frog q2 & r1 q0,-0.00030285663155198194,-0.8419689701974236,-0.20437035263383488,rejected,0.014658006075754371,0.8380640964066715
r5_news q2 & vol_ratio q1,7.419518092309366e-05,-0.051905871495311874,0.9888021250414645,rejected,0.0,0.3227599643517359
r1 q4 & range_compress q3,6.10866830476109e-05,0.3623021594801952,-0.6767629395918416,rejected,0.0,0.49855637556957744
log_dv q3 & r5_nonews q3,0.0002969405036197214,0.5658832002084153,0.4716582962587018,rejected,0.03356287705682774,0.6371707088519524
log_dv q3 & r60 q3,-0.0003434362287210012,-0.8362051951998555,0.20074659609358098,rejected,0.0,0.8408967228722597
gap_today q0 & log_dv q3,-0.00032229510044462967,-0.8601826406070112,-0.17545291943063768,rejected,0.008986499747089823,0.8607237617199928
ev_offering q4 & max20 q1,0.0001549347549927207,0.4635301601256262,0.5706163306959972,rejected,0.05538317629177187,0.5682597460904812
mom_12_1 q1 & vol_surge1 q2,0.0004103335811581101,0.9809690387219464,-0.04317321910522333,rejected,0.0,0.9655634532352988
log_dv q3 & news5 q4,-7.794934305146502e-05,-0.15777152481771614,-0.8607060860491635,rejected,0.08203685962063509,0.3893999402875376
atr_pct q3 & r1 q4,5.037080478225428e-05,0.32716847786961295,-0.6910262330849235,rejected,0.0,0.4895490555592315
ev_agreement q4 & skew60 q0,0.00017940092585502705,0.608043477218374,0.4096125346166225,rejected,0.03011808222580683,0.6820902005101672
ev_offering q4 & r5 q1,-0.00011386109044915667,-0.38735691314642223,-0.6279144071659436,rejected,0.05850212740379722,0.530060012464785
ind_mom20 q3 & vol20 q3,-5.72826828161573e-05,0.0813292933023215,-0.9329687056931443,rejected,0.0,0.35083612634602507
ind_mom20 q4 & r5_nonews q0,0.00020620013898138594,0.8146253085770973,-0.19938247535305628,rejected,0.0,0.8419635679191836
r5 q4 & vol_ratio q3,-0.00029161326508850825,-0.7491615114862474,-0.26148488574456985,rejected,0.01905467642253962,0.7937186036159659
r60 q3 & vol_ratio q1,3.1069820376093654e-05,0.28558936209061075,-0.7232219740441718,rejected,0.0,0.4695435206698704
dist_ma200 q2 & rel_ind20 q1,0.00041203998718228964,0.9802869264684699,-0.02733922029177939,rejected,0.0,0.9781891752802099
earn_in_week q4 & overnight20 q3,2.2854795207137035e-05,-0.18497881018773685,0.8211515943285264,rejected,0.0,0.41155992467671276
rel_ind20 q1 & rel_ind60 q4,-0.00017345333563240398,-0.41265430168080014,-0.5903962304718269,rejected,0.05632453200442748,0.5549250371935885
max20 q1 & r5 q4,0.0003714893762157615,0.9022112838425633,0.09988875676925542,rejected,0.00357726530203622,0.9204326425046601
ear_volsurge q0 & skew60 q0,-0.0001209023236097271,-0.5640871024740243,0.4370805791484928,rejected,0.0,0.6620529112020963
r60 q3 & vol20 q0,-0.00011514489944372684,-0.05022529188241939,-0.9501015034584662,rejected,0.08546461122519733,0.3420606793578801
ind_mom20 q3 & vol_surge1 q4,-0.0002215945622264677,-0.5044862330416272,-0.49500492861232853,rejected,0.03971997454583966,0.6205966414828661
overnight20 q0 & skew60 q1,-6.973997799237132e-05,-0.40069806783165907,0.5931943502803385,rejected,0.0,0.5530510932002897
close_loc q2 & earn_in_week q4,0.00011618373004559988,0.6529544738566782,0.3399171988843634,rejected,0.017041643108509485,0.7339188841997641
dist_ma50 q4 & vol20 q2,8.604271156861841e-05,-0.05115237963707198,0.9404465003643062,rejected,0.0,0.3469885796882741
ind_mom20 q2 & r20 q1,0.0001994532038577501,0.32064039798389743,0.6709379567363424,rejected,0.05778744084486444,0.5022600548233602
r5 q3 & vol_surge1 q0,-0.00023156901113089868,-0.6585263458560774,0.33124608751223555,rejected,0.0,0.7404586105113853
frog q2 & vol_surge1 q2,-3.6088467950746794e-05,0.13043232699564508,-0.8582548111845857,rejected,0.0,0.39075177606418776
close_loc q4 & ev_shelf q2,-0.0001246683321598563,-0.08250315116115486,-0.9006415969971896,rejected,0.0848414790092883,0.3677789102831046
ind_mom20 q2 & r5_nonews q4,4.236805175953092e-05,-0.04888577058367356,0.9322697476883568,rejected,0.0,0.3511971379115009
ear_volsurge q4 & mom_12_1 q1,0.0001497282492086443,0.516831087913636,-0.46354737198686174,rejected,0.0,0.6429720674369236
days_since_earn q4 & rel_ind20 q2,0.0002797565205602825,0.5483683022932524,0.4297142422030808,rejected,0.031866459648962335,0.6674035219538923
days_to_earn q4 & ins_buyers30 q2,-0.0002471879508463362,-0.6064283914188802,0.370826270712943,rejected,0.0,0.710766933037031
frog q4 & r20 q0,-0.00021548341472138265,-0.7384302463712824,-0.23458103697587657,rejected,0.020175524572504152,0.814533929200343
ear q1 & ind_mom20 q2,0.0003608542613779499,0.9101969038138139,-0.05653652137591224,rejected,0.0,0.9549144021884877
atr_pct q1 & r5 q4,-1.909910896626434e-05,0.1386722211521276,-0.8231427712527997,rejected,0.0,0.41042680853844543
ear q1 & r5 q1,0.00029364678829515214,0.7304817766322952,-0.22669812259160546,rejected,0.0,0.8206584870697536
rel_ind60 q2 & vol_ratio q1,0.00016278061724398372,0.17908958455440516,0.7768842173875454,rejected,0.07048630405224851,0.43722708356583034
ind_mom20 q3 & r5 q1,0.00022839137653046877,0.415969235149946,0.5398001633675601,rejected,0.04755220132353812,0.589334854403077
r5 q1 & r60 q2,0.0003129771892447976,0.6279129564533183,0.32580604756507203,rejected,0.016390165320189994,0.7445711028901436
frog q1 & intraday20 q4,-0.00029498918079818627,-0.8807082293238382,-0.06683716306007924,rejected,0.0023414321930688244,0.9467113376989121
min20 q3 & r60 q3,0.0002894759343012157,0.7076781637277977,-0.2383378652873465,rejected,0.0,0.8116190551151615
dist_ma50 q3 & log_dv q3,-1.8622012963388706e-05,0.15443862913775297,-0.7910763305772182,rejected,0.0,0.42889945042305244
ear q1 & rel_ind20 q0,-0.00016038689084115976,-0.5266640179967259,0.41778558548934563,rejected,0.0,0.6761038907993777
ev_offering q4 & min20 q3,0.00010325637217903424,0.14417291839832913,0.789625435095935,rejected,0.07222369076503254,0.42974654942524415
earn_in_week q1 & r5_nonews q0,0.00016395711672059624,0.6367723745861427,0.29591765853300733,rejected,0.020177408091833406,0.7672929651387461
ind_mom20 q3 & log_dv q2,0.0002803318901563933,0.6267429002510965,0.30533619756403296,rejected,0.017026492790065482,0.7601101097203611
frog q1 & ind_mom20 q3,-0.0001911975543036541,-0.313805704283382,-0.6121345599916199,rejected,0.054874496426293974,0.5404487335979389
max20 q3 & r60 q3,0.0002458254773313344,0.4705761049518749,0.4515373371338147,rejected,0.033063294910196654,0.6516023213817087
r5_nonews q0 & vol_ratio q3,-0.00018897143165529077,-0.3929374518076876,-0.5235324073235803,rejected,0.03977406290406155,0.6006038050113505
range_compress q2 & vol20 q1,0.000150851538493015,0.45177753962306105,-0.46349054056754596,rejected,0.0,0.6430127936957979
dist_52wh q2 & r1 q0,-3.907306186198014e-05,-0.2577926070506383,0.656428889147186,rejected,0.0,0.5115482076788163
log_dv q4 & r5_nonews q4,-0.00029761189793676296,-0.7834805835903199,-0.12967480073852744,rejected,0.00624820443459753,0.8968237202983759
intraday20 q1 & r60 q4,0.00022212443586345845,0.8058399828583239,-0.10700074497018128,rejected,0.0,0.914788388748472
ins_opportunistic30 q2 & vol_ratio q1,9.27072752056029e-06,-0.16446184208539422,0.7473176108857624,rejected,0.0,0.454871864504177
news5 q4 & vol_surge1 q4,-6.32522663489414e-05,-0.03075638870200834,-0.8792954611694241,rejected,0.07567440922556722,0.37924109623424485
frog q1 & log_dv q4,0.00021544145443039183,0.3672070608196097,0.5366155132087745,rejected,0.046625431418228336,0.5915332261060544
news5 q4 & vol_surge1 q3,1.7417172013939957e-05,0.23141685458723937,-0.6717949030738873,rejected,0.0,0.5017142739911505
atr_pct q2 & ind_mom60 q4,0.00014041251260431487,0.14005652834229318,0.7613503738317963,rejected,0.06759477638829071,0.44644782022452323
ev_red_flag q2 & news5 q4,-4.749339114163239e-05,0.06327405797819334,-0.8373246964861216,rejected,0.0,0.4024100810082428
intraday20 q1 & r1 q0,0.0003235214866046722,0.768390694298167,0.12612173406606955,rejected,0.007045077404415149,0.8996355635466139
days_since_earn q2 & rel_ind20 q0,0.00013664783126193764,0.4971621920605388,-0.3967254809390957,rejected,0.0,0.6915699078497914
intraday20 q4 & r5 q1,-0.00018122929629996412,-0.41972194476204544,-0.47118492359383396,rejected,0.031622893812056865,0.6375086840202493
rel_ind60 q2 & vol_surge1 q4,-5.5601569296972884e-05,0.09892415413844567,-0.7902643518805773,rejected,0.0,0.42937340095201076
ear q0 & ind_mom60 q0,0.0002897614740304936,0.8285917021224777,-0.05804018095742153,rejected,0.0,0.9537166226792623
atr_pct q4 & vol20 q3,2.179650046319299e-05,-0.12723776487653476,0.7583182513617706,rejected,0.0,0.4482604836212503
dist_ma200 q0 & r5_news q4,4.0128336067083314e-05,0.41535684801751305,-0.4657389837057925,rejected,0.0,0.6414023445997523
frog q3 & vol_surge1 q0,0.0002625281955631831,0.7257103489292512,-0.1542426506088478,rejected,0.0,0.8774184142229313
atr_pct q3 & news5 q4,-0.00011006378342653422,-0.057740501362602344,-0.8216759658984905,rejected,0.07418685312844304,0.4112613413992018
ind_mom60 q1 & vol_ratio q3,0.0003298979042444315,0.7874326690561861,0.08727172064100885,rejected,0.0033190398691216477,0.9304555318952215
log_dv q2 & rel_ind20 q1,0.00033276560244285716,0.8288751954332368,-0.042852199913623344,rejected,0.0,0.9658193526624859
days_to_earn q2 & ind_mom20 q4,0.00012884047791002668,0.15510571212836943,0.7145310082869273,rejected,0.06687744596727925,0.47489888902793537
r1 q0 & r5_nonews q3,-0.00025973467201501635,-0.728062112293593,-0.14101257122027855,rejected,0.003914437902880532,0.8878600111821692
frog q3 & rel_ind60 q2,0.00036751615535439376,0.8460103733972386,0.021041099463097734,rejected,0.002158185915951639,0.9832128702935694
range_compress q2 & vol_surge1 q2,3.605833167126301e-05,-0.09951419296960506,0.7664504170662427,rejected,0.0,0.44340834369618226
r5 q4 & vol_surge1 q3,5.158485136220576e-05,0.29952950657045513,-0.563656570934519,rejected,0.0,0.572987878844903
gap_today q3 & rel_ind60 q0,0.0002672874037695353,0.6043423860498027,0.2564433709582742,rejected,0.018721083094414594,0.7976085020166657
ind_mom20 q2 & rel_ind60 q2,0.00023920834654758298,0.45615470216334225,0.4015101967354923,rejected,0.02525993936300822,0.6880445323716267
ind_mom20 q0 & ind_mom60 q2,-0.00013563691138549275,-0.5597263001324603,0.2882818304202752,rejected,0.0,0.7731310142828076
frog q1 & rel_ind20 q3,0.0002315110363373466,0.4472798776676091,0.3948773214305203,rejected,0.025194126814439527,0.6929334276385413
ind_mom60 q4 & rel_ind60 q3,-0.0001895721683974706,-0.5575033620249789,0.28135265237892193,rejected,0.0,0.778439929776922
min20 q3 & r1 q0,0.0002566454662073462,0.7098395184662922,-0.12649261682736826,rejected,0.0,0.8993419930228456
mom_12_1 q3 & r1 q4,0.0002645403707177613,0.7128676571137517,-0.12286122283309737,rejected,0.0,0.9022169926204568
intraday20 q0 & r1 q2,-0.00022688260966079795,-0.6554597411679712,0.17828057401356523,rejected,0.0,0.8585026341078439
ear q2 & r1 q1,0.00033863865577202847,0.7692312848665727,-0.061635629930609025,rejected,0.0,0.9508530022896421
ear q0 & news5 q2,-8.10886263509038e-06,-0.1791078163897695,0.6503128202223687,rejected,0.0,0.515490177586104
frog q1 & log_dv q3,-0.00016643774332321826,-0.49395513746688696,0.33478220528742236,rejected,0.0,0.7377893848257817
close_loc q1 & dist_ma50 q4,-0.00017233534360821094,-0.48486949476190955,-0.34316179959628196,rejected,0.015083767732105312,0.7314767411802587
frog q3 & ind_mom20 q2,0.0002946048467904663,0.7277375022130704,0.09734862999980115,rejected,0.004237876346980615,0.9224495382039118
atr_pct q2 & ear_volsurge q0,0.0003296466883674932,0.7888575365507677,-0.036134101472415844,rejected,0.0,0.9711754310314236
ear q2 & skew60 q1,0.00019667132316442552,0.550455765395182,-0.27428792050720957,rejected,0.0,0.7838633667170223
earn_in_week q1 & log_dv q3,-0.00019948081389830553,-0.47347985401671433,-0.3486913819683767,rejected,0.017035327952872516,0.7273210148782481
r5_nonews q4 & range_compress q3,0.00021407985088110407,0.5995090087238696,-0.22028672594553783,rejected,0.0,0.8256478574275727
frog q3 & rel_ind20 q0,-6.569895816279561e-05,-0.3344463901546669,0.48286696888078534,rejected,0.0,0.6291901964940099
range_compress q4 & skew60 q0,0.0002576136206325579,0.6389606522018728,-0.17796834456579716,rejected,0.0,0.8587478362177752
dist_ma50 q3 & r5_nonews q3,-4.820005640549248e-05,0.0707631473788629,-0.7409541327904973,rejected,0.0,0.4587212514267213
dist_52wh q3 & r60 q2,0.00014181340837787044,0.3955210153730945,-0.41513232008527784,rejected,0.0,0.6780450406123476
earn_in_week q1 & frog q1,0.00016529281378807478,0.5093895993052528,-0.2997173723781201,rejected,0.0,0.7643927462214695
max20 q1 & min20 q3,0.0003062576392424922,0.6968299673652989,-0.11221591354033858,rejected,0.0,0.9106522116840944
r60 q3 & vol_surge1 q0,0.00026293236058473553,0.5625500780690108,0.24058521465662286,rejected,0.016449517073811693,0.8098766106400375
r1 q1 & r5_news q4,-9.245303424363957e-05,-0.4267570380399923,0.3738235644730345,rejected,0.0,0.7085355865605459
frog q3 & r5_nonews q0,-7.145092835474008e-05,-0.3374336633832939,0.46009640106220817,rejected,0.0,0.6454470272244406
log_dv q3 & rel_ind60 q2,-0.00019620489710710524,-0.5071821641344304,0.2872100918662062,rejected,0.0,0.7739514595159382
earn_in_week q1 & ind_mom20 q2,-0.00017068489165970058,-0.6032704062629867,-0.18586518513006017,rejected,0.012247046598903898,0.8525504846689189
close_loc q4 & ind_mom20 q0,-0.00022838762248144603,-0.5833198629380102,-0.20308910830458185,rejected,0.012589898817122138,0.8390653846539522
r5 q3 & rel_ind20 q0,6.528519456860539e-05,0.3154490321088947,-0.46255839201079,rejected,0.0,0.643680938543806
r1 q4 & vol20 q3,-0.00021180716845265628,-0.4411155380674013,-0.3321678254687788,rejected,0.014245763504898985,0.7397625373062977
range_compress q2 & vol_surge1 q4,-0.00014957699355436251,-0.46091059697277703,0.312214482401082,rejected,0.0,0.7548775264846681
vol_ratio q1 & vol_surge1 q3,0.000187071573198507,0.5252677308207829,-0.2474393224054107,rejected,0.0,0.8045682452232028
frog q1 & news5 q4,2.0359309598192277e-05,0.16938925978714148,-0.6014487416854107,rejected,0.0,0.5475411426040512
days_to_earn q4 & intraday20 q3,0.0001437142623291824,0.46495915071108135,-0.3047665300663988,rejected,0.0,0.7605439746748672
frog q2 & r20 q1,0.000265521163144529,0.5460129907038659,0.21590174700173384,rejected,0.015318471143615226,0.8290643353058347
max20 q1 & r60 q3,0.0002543899437084305,0.6280070491961389,-0.1328088263457779,rejected,0.0,0.8943445737852098
days_to_earn q4 & ins_officer30 q2,-0.00022115839956872357,-0.5248210361883539,0.23167223439991386,rejected,0.0,0.8167925984457975
max20 q3 & vol20 q1,-0.00012267661598137005,-0.20309566679818877,-0.5516546492561402,rejected,0.04336151628089541,0.5811849867619063
dist_ma50 q2 & r120 q3,-5.419779883625456e-05,0.04582761708183453,-0.706986203486983,rejected,0.0,0.4795750515340394
ins_buyers30 q4 & vol_surge5 q4,6.641933439744619e-05,0.12788326599416436,0.6207868696713733,rejected,0.04785975580720534,0.5347398635884599
rel_ind60 q2 & vol20 q0,0.00023636524644351568,0.5614607022642096,-0.1867997336988107,rejected,0.0,0.851817655719319
log_dv q3 & vol20 q1,0.00025102686181216553,0.5214431081691983,0.22382455425648762,rejected,0.01466006457572174,0.822893823098705
ear q0 & vol_surge1 q4,1.8101498505324583e-05,0.19723359748102884,-0.5457443473269208,rejected,0.0,0.5852416832857402
close_loc q3 & r5_nonews q4,-0.00021034505218352298,-0.44185877450863004,-0.29783252919923897,rejected,0.017064618206244987,0.7658309858709731
atr_pct q1 & r5_nonews q0,8.999326637766656e-05,0.33965345992916396,-0.39959488334269744,rejected,0.0,0.6894549256850683
atr_pct q3 & log_dv q3,0.00014509012969410865,0.42836898052959094,-0.3065666185002254,rejected,0.0,0.759173265445936
log_dv q0 & range_compress q3,-0.00011393545671428453,-0.09320374378861886,-0.6408781148168954,rejected,0.047023561888016215,0.5216018758645391
days_to_earn q2 & r120 q0,-2.8589536414721585e-05,0.07219183778359164,-0.6593240132860219,rejected,0.0,0.5096877254307619
dist_52wh q2 & r60 q4,-0.00021490135017389596,-0.6976888740477113,0.03208589199184374,rejected,0.0,0.9744035541780013
log_dv q3 & r5_nonews q1,-0.00013496632851640053,-0.15714499406356425,-0.5725547607427747,rejected,0.04568644416493779,0.5669461980352366
ear q0 & max20 q1,0.00027290875989083107,0.6599411377449845,-0.06506079211710737,rejected,0.0,0.9481255976191065
ind_mom60 q3 & r60 q0,0.00014167319205329204,0.5564589720810176,-0.16686605966900764,rejected,0.0,0.8674754391337705
atr_pct q1 & r1 q0,0.0002308555123986752,0.5049894370683453,0.2178832415731374,rejected,0.014704600325569365,0.8275200847609825
ear q0 & vol_ratio q3,3.292474938942229e-05,-0.05474208989621017,0.6590416787446114,rejected,0.0,0.5098690049813396
ev_offering q4 & vol_surge1 q4,-9.612031874582301e-05,-0.6103785073243694,-0.09976933446786419,rejected,0.003644466266826429,0.9205274540975763
r5_nonews q0 & vol_surge5 q3,0.0002091745815988502,0.48198325965371924,0.22768944186212067,rejected,0.014134638159746294,0.8198876810442856
ear q0 & min20 q2,0.00022758791856545145,0.5414788974289014,0.16557031446128773,rejected,0.0074862512362649115,0.868495110429322
max20 q2 & overnight20 q4,0.00020982399970558975,0.44123853241256217,0.25927514383869665,rejected,0.016965034978107623,0.7954229561713023
ear q1 & r60 q3,0.0002816591288777396,0.691063454842786,0.008747380746531988,rejected,0.002074420314831637,0.9930206889605979
r5 q1 & vol_surge1 q4,0.0001172620116530619,0.35376776590197984,-0.34569438659470647,rejected,0.0,0.7295724033252466
news5 q4 & r5 q1,-7.936599627945661e-05,-0.04318419934718541,-0.6535773427408047,rejected,0.048374402374964036,0.5133841453781847
r5 q3 & r5_nonews q1,-1.8258786484944977e-05,0.11017748496866954,-0.5781545853793348,rejected,0.0,0.5631597569293719
frog q4 & r5_nonews q0,0.0001313618529937629,0.34399343425573214,0.3432287674267033,rejected,0.013507369117795296,0.7314263644429597
r5 q4 & range_compress q3,8.523104573868185e-06,0.16288688453741096,-0.5230472154648286,rejected,0.0,0.6009413966261207
atr_pct q1 & intraday20 q4,-0.00010365258420974237,-0.12519338356869072,-0.5523879465739727,rejected,0.041162916400799,0.5806825870144259
days_since_earn q4 & vol_surge1 q4,-7.802299794198723e-05,-0.1706908910524804,-0.5040557817374939,rejected,0.031039091465016093,0.6142221786932904
ind_mom20 q4 & vol_surge1 q1,0.0002542785808273663,0.6456550066872511,-0.028848355923221606,rejected,0.0,0.9769855344609716
r1 q4 & vol_ratio q3,-0.00015617788402790957,-0.33073865334900066,-0.34054699082273765,rejected,0.014070307563941713,0.7334446415064622
ear q1 & max20 q3,8.787665893436687e-05,0.03339110586813201,0.630356334876913,rejected,0.04683058837358421,0.5284614726247945
r5 q3 & r5_nonews q4,0.00013849196634960372,0.45519605755825077,-0.2046283547212102,rejected,0.0,0.8378625002791356
r20 q1 & r5_nonews q3,-7.59894189064417e-05,0.01542123023479289,-0.6411185201436513,rejected,0.0,0.5214456823705511
ev_agreement q4 & rel_ind60 q4,-6.250172473178917e-05,-0.26486443071612537,-0.38830245829028,rejected,0.02083880974431543,0.6977922182623598
earn_in_week q4 & vol20 q3,8.086785267227545e-05,0.6375671450716621,0.014491212924997252,rejected,0.0013951513399002103,0.9884380895989687
earn_in_week q1 & rel_ind20 q0,7.92531321296211e-06,0.21288415292828392,-0.434535495197979,rejected,0.0,0.6638996250145918
mom_12_1 q1 & r60 q3,5.6790420389798225e-05,-0.032667390785931415,0.6118781729784258,rejected,0.0,0.5406183638062481
r5_nonews q4 & vol_surge1 q4,-4.1604353631220075e-05,-0.024413857148095776,-0.6193779751834811,rejected,0.04419157719487255,0.5356673870743267
atr_pct q3 & r5 q4,3.170885179227472e-05,0.20306494194059035,-0.43817664433514764,rejected,0.0,0.6612582378529899
mom_12_1 q3 & r20 q0,-4.3668588729593263e-05,-0.20666133815524312,0.42495287224589423,rejected,0.0,0.6708710304508005
ind_mom60 q1 & ins_opportunistic30 q4,-0.00010923616471150433,-0.5820615712861614,0.04842556150940794,rejected,0.0,0.961377088059822
mom_12_1 q4 & r5_nonews q1,0.0001219818680036667,0.22956625504120784,0.39810485112280625,rejected,0.021441081127118008,0.6905528986328687
r5 q3 & rel_ind60 q2,0.00020503058722871678,0.41177413250785677,0.2152469489972799,rejected,0.014709219529207871,0.8295747886691366
atr_pct q3 & log_dv q4,1.2009835371523664e-05,-0.08146930119124234,0.5452658152326826,rejected,0.0,0.5855707116712022
rel_ind20 q3 & vol_surge1 q3,0.0002575106140735074,0.591089176155604,0.03422107436220433,rejected,0.0006340084772914569,0.9727008614709172
ind_mom60 q1 & vol_surge1 q2,7.43642971785783e-05,0.26015644465207793,-0.36160090792029864,rejected,0.0,0.717650286096869
ind_mom60 q1 & r5_nonews q3,-3.433981348789752e-05,-0.19427324473901986,0.4223402350869965,rejected,0.0,0.672776694118112
days_since_earn q4 & frog q3,-8.989616625123765e-05,-0.14874818270229026,-0.4662995912569742,rejected,0.025401746236576758,0.6410010712932843
dist_ma200 q4 & mom_12_1 q1,-6.732799730232647e-05,-0.05280666394737625,-0.5525879271940328,rejected,0.03862458409214475,0.5805456107514111
gap_today q0 & r5 q3,-4.551252764745135e-05,-0.24073544642369282,0.35488538199651903,rejected,0.0,0.7226754601039258
mom_12_1 q1 & range_compress q1,6.53732073237351e-05,0.2725867608476047,-0.3216247840096463,rejected,0.0,0.7477369657591255
news5 q4 & r5_nonews q1,0.0001456839788046536,0.5080520498892377,-0.08206905629312207,rejected,0.0,0.9345917995942168
r5_nonews q4 & vol_surge1 q3,-2.248978547845009e-06,0.12130926861959804,-0.46727529923306227,rejected,0.0,0.6403029263798201
r60 q3 & range_compress q3,0.00022204787229767407,0.49714055642662575,0.09124837360700865,rejected,0.0026140684328113586,0.9272952386643807
frog q0 & skew60 q3,-0.00020241323637621176,-0.5370434681476126,0.04921073563218711,rejected,0.0,0.9607513558363477
r5 q2 & r60 q1,0.000158591748191785,0.28939637424050585,0.2886604800276747,rejected,0.018558587324661188,0.7728412081775238
dist_52wh q4 & ear_volsurge q2,-7.304626818294995e-06,0.09817053415884733,-0.46075654476595695,rejected,0.0,0.6449732818896978
range_compress q3 & rel_ind20 q0,7.870518067970052e-05,0.2741258777163416,-0.2831629198805995,rejected,0.0,0.7770519512129883
rel_ind60 q2 & vol_surge1 q2,-2.8784243375143366e-05,-0.16855104041241362,0.3882724656387876,rejected,0.0,0.6978144112745288
r5_nonews q0 & vol_surge1 q4,-0.00011661197020400519,-0.2525541884988723,-0.29725417663738635,rejected,0.016465417461050673,0.7662724630206261
ind_mom60 q4 & intraday20 q1,-7.354344864696714e-05,-0.06787608299438663,-0.47594219746592425,rejected,0.024839290991408334,0.6341155584927232
dist_ma50 q0 & frog q4,-4.7033436497293946e-05,-0.09188901012824495,-0.44011729616802564,rejected,0.025006661617219594,0.6598521554455666
news5 q4 & r60 q3,5.7382225285583104e-05,0.23739413743174634,-0.2844098235093603,rejected,0.0,0.7760963316419248
log_dv q0 & vol_surge1 q4,-0.00010905131689009356,-0.3941052894115483,0.1257141276895775,rejected,0.0,0.8999582183150041
r5 q1 & vol_surge5 q4,6.247863891397359e-05,0.02918154885448267,0.4885484916514767,rejected,0.027677594366552035,0.6251613870447998
days_since_earn q3 & skew60 q3,-6.42383288697308e-05,-0.23207573068814202,0.28152218992024197,rejected,0.0,0.7783099109164805
ear q1 & range_compress q2,-0.00011528260430593382,-0.31205251171045073,0.15803507846626427,rejected,0.0,0.8744291574074577
max20 q0 & vol_surge5 q2,0.00016643378637433003,0.39000201690844755,-0.07352146999059028,rejected,0.0,0.9413911597252511
ind_mom20 q3 & range_compress q2,0.00010889540574785294,0.18844554042444864,0.272649048018008,rejected,0.018120914417805452,0.7851230049167797
ind_mom20 q2 & vol_surge1 q3,0.00013689224720689957,0.2874498672176876,0.17054401556308219,rejected,0.0061692260224119125,0.8645823219267319
days_to_earn q0 & log_dv q3,-0.00010878386226343527,-0.30701148507819576,0.1495115381987846,rejected,0.0,0.8811500055316845
dist_ma50 q3 & gap_today q3,-0.00016609327008937748,-0.3683233694041507,-0.0874038950571434,rejected,0.0023281621995497087,0.9303504734217835
r60 q3 & vol20 q1,9.64016837508339e-05,0.15173528786319807,0.2952422246357902,rejected,0.016070979998877463,0.7678088482308512
ind_mom20 q1 & news5 q1,-0.00011721077888325428,-0.38211135044431366,0.06392789447641761,rejected,0.0,0.9490276411211042
r5_nonews q4 & range_compress q2,-5.25917586461971e-05,-0.05219769871057632,-0.3900474257153323,rejected,0.01888110659085065,0.6965014780525727
frog q3 & min20 q1,0.00014911402695512164,0.3828556896737089,-0.055393875515664125,rejected,0.0,0.9558246749783224
overnight20 q4 & vol_surge5 q3,-7.157729655822532e-05,-0.09722834930978468,-0.33707978363770486,rejected,0.01260851531147214,0.7360567568573998
ear_volsurge q4 & earn_in_week q1,4.5772703490512976e-05,0.048377407135024864,0.3739011306804949,rejected,0.014775997374013965,0.7084778752036281
frog q2 & ind_mom20 q3,-8.441096173457806e-05,-0.14345123355825065,-0.2681500965069545,rejected,0.015610958803204667,0.7885837858727052
news5 q4 & vol_surge1 q2,-7.285966234898444e-05,-0.3010861821285871,-0.10482168414246179,rejected,0.004119611976466159,0.9165173033783425
mom_12_1 q1 & r5 q1,0.00016983445856690095,0.38479577018070293,-0.016977449797727986,rejected,0.0,0.9864546056344649
log_dv q4 & vol20 q3,6.41772901289685e-05,0.20545864975927003,-0.19539432129762993,rejected,0.0,0.8450842618838315
r5_nonews q1 & vol_surge1 q4,5.3332221597889713e-05,0.1832330506042285,-0.21598616920166325,rejected,0.0,0.8289985285075818
r5_nonews q3 & rel_ind60 q2,5.738701158019333e-05,0.18487355209071005,-0.21396654657001218,rejected,0.0,0.8305731450003591
earn_in_week q2 & ins_buyers30 q2,3.0603788367846284e-05,0.24878952662166473,0.14734040240786223,rejected,0.003317215012044338,0.8828633439480085
ear q0 & vol_surge1 q3,-7.866115022592668e-05,-0.14182434844448893,-0.25110970057641857,rejected,0.01335934564298646,0.8017292961742402
news5 q4 & vol_ratio q3,-5.495554027463988e-05,-0.14884513085479759,-0.23744868485322143,rejected,0.014712836151284603,0.8123087244025505
r5_nonews q3 & rel_ind20 q0,1.341212905195899e-05,0.10054781372322438,-0.28391776205408176,rejected,0.0,0.7764734042356878
min20 q1 & r5_nonews q3,0.00011231260512271946,0.24638406943098645,0.13710977423172244,rejected,0.003372912314520839,0.8909440267164036
ind_mom20 q2 & vol_surge5 q4,-4.869677161578297e-05,-0.1730002190058056,0.20837068884792695,rejected,0.0,0.8349395409344866
frog q2 & vol_ratio q1,0.00010068178988393148,0.26779152154381697,-0.11058803142679428,rejected,0.0,0.9119430388047421
atr_pct q3 & r5_nonews q4,6.327927465658165e-05,0.20340288149607744,-0.16043753683557455,rejected,0.0,0.8725364224589918
r1 q0 & vol_surge1 q4,9.608141904864256e-06,-0.06282342560509914,0.29020449375948243,rejected,0.0,0.7716597985568254
ear q1 & frog q2,-9.441312240612832e-05,-0.18078544155342374,-0.17125067517113546,rejected,0.0054415650599889615,0.8640266629437203
days_since_earn q3 & vol_surge5 q1,0.00014606677228845544,0.33518413237443423,-0.015780487341360866,rejected,0.0,0.9874095153455668
ind_mom20 q2 & log_dv q4,3.774816270768484e-06,0.06294067673617655,-0.281407921450021,rejected,0.0,0.7783975430752424
frog q3 & vol_ratio q1,0.0001089401488077636,0.24357971225571215,0.09543717506668875,rejected,0.002826860866335841,0.9239675893900562
frog q2 & r60 q3,-0.00011156225007425903,-0.2851309399631293,0.04986803761061665,rejected,0.0,0.9602275478917556
min20 q2 & vol_ratio q1,-7.740322201907999e-06,-0.07732261284155072,0.2452609005179499,rejected,0.0,0.8062544241563412
ear q1 & rel_ind60 q2,-4.215938096118502e-05,-0.13149437928316104,0.158142170443969,rejected,0.0,0.8743447714750372
frog q1 & vol_surge1 q2,1.0676249207707117e-05,-0.037594842132606325,0.24392569393705216,rejected,0.0,0.8072883692348556
close_loc q3 & ear q3,-8.774089774735554e-05,-0.18881548326303682,-0.07880338295615465,rejected,0.0020443356437325247,0.9371890132081295
days_since_earn q1 & r5_news q4,4.801364534912499e-05,0.24372864471596867,-0.013474548182695984,rejected,0.0,0.9892491913678656
dist_ma50 q4 & r5_nonews q0,4.194149243414156e-05,0.23427062586607894,-0.015164253527121852,rejected,0.0,0.9879011399344437
max20 q3 & vol_surge1 q4,-3.510226043046947e-05,-0.12028047157228465,0.12841221244295795,rejected,0.0,0.8978227670385662
dist_ma200 q2 & vol_surge1 q3,-5.4101344283023324e-05,-0.1460061679400226,0.10202063603507366,rejected,0.0,0.9187402953577466
vol_ratio q1 & vol_surge1 q2,3.7704631914424355e-05,0.017873520419088545,0.22154489049508122,rejected,0.010584750262954131,0.8246681872919881
ear q4 & r5 q0,2.1850551369361097e-05,0.025168207758852233,0.21217615645823493,rejected,0.010784585736149361,0.8319696076426446
days_to_earn q4 & rel_ind20 q3,5.1876499757577684e-05,0.07476799537364837,0.1597878469184278,rejected,0.004703306535340512,0.8730481978256088
dist_ma50 q0 & mom_12_1 q3,-1.8844417516047066e-05,-0.08364561277108166,0.13575476352767413,rejected,0.0,0.8920151533726225
earn_in_week q1 & ind_mom20 q3,-4.61136792243366e-05,-0.13810158984434362,0.050366553015345636,rejected,0.0,0.9598302893702331
r5_nonews q1 & rel_ind20 q0,-5.3776582840030675e-05,-0.11636867194897547,-0.06999496665105373,rejected,0.0020011714966221123,0.9441976658438432
ind_mom60 q1 & r60 q2,3.455612540278208e-05,0.09811689785930765,-0.08642455352233079,rejected,0.0,0.9311289290624142
dist_ma50 q4 & vol_surge5 q1,1.8151468203574787e-05,0.08030244169697222,-0.09817221368258208,rejected,0.0,0.9217955461298492
news5 q4 & vol20 q3,2.833208944830108e-05,0.09580085991543448,-0.05140775872256859,rejected,0.0,0.9590006023833038
close_loc q4 & skew60 q0,-3.7796516613262005e-05,-0.08497512296848898,-0.036068923670586436,rejected,0.0,0.9712274015150989
days_since_earn q0 & ear_volsurge q3,-1.1628840545702266e-05,-0.00916761082270823,-0.08717379205811389,rejected,0.002439719251553936,0.9305333709433613
ind_mom20 q2 & log_dv q0,1.7102742349669576e-05,0.035943997605489615,0.04022739659154868,rejected,0.00012371292681889797,0.9679118359817618
max20 q3 & range_compress q3,4.899659616036026e-06,0.02146923184212592,-0.03586679557306019,rejected,0.0,0.9713885721172703
r5 q1 & r5_news q2 unless vol_ratio q0,0.0011258288767867762,1.807447214312878,3.771468379327284,rejected,0.0,0.00016228972582154743
r5 q1 & r5_news q2 unless gap_today q4,0.0012413528957438082,2.1252809714626753,3.4388953767564945,rejected,0.0,0.0005840929210185492
ev_offering q2 & r5 q1 unless days_to_earn q4,0.0011145867369644603,1.8712285757322675,3.5887092076534577,rejected,0.0,0.00033231926005578385
r5 q1 & r5_news q2 unless frog q0,0.0009331520519946659,1.2152945519736875,4.082357578301568,rejected,0.0,4.458113272795877e-05
r5 q1 & r5_news q2 unless dist_52wh q0,0.0011451796568409125,1.9698547989150081,3.2249476588323374,rejected,0.0,0.0012599570193705797
r5 q1 & r5_news q2 unless ev_shelf q4,0.0009523019181454346,1.4951812562448485,3.64849913375726,rejected,0.0,0.0002637767922709873
r5 q1 & r5_news q2 unless ear_volsurge q4,0.001000915392160448,1.5812809789757387,3.5498965986999735,rejected,0.0,0.000385382489158726
r5 q1 & r5_news q2 unless ear_volsurge q0,0.0009639110456347181,1.420132112538534,3.6733683339863346,rejected,0.0,0.00023937404540954794
r5 q1 & r5_news q2 unless vol_surge5 q4,0.0008926812292861217,1.263929701952925,3.801351615848405,rejected,0.0,0.00014390891116203706
r5 q1 & r5_news q2 unless ev_offering q4,0.0008733093432723492,1.259687115197859,3.7754076606391527,rejected,0.0,0.00015974619414409446
frog q3 & vol_surge5 q4 unless rel_ind20 q0,0.00016055110221683503,1.2398844602529928,-3.788724129618671,rejected,0.0,0.00015142294630885944
r5 q1 & r5_news q2 unless vol_surge1 q4,0.0008383137519905284,1.0862404450717373,3.9276088676767342,rejected,0.0,8.579458853843827e-05
r5 q1 & r5_news q2 unless dist_ma50 q4,0.0009932252539222156,1.6097628053802977,3.375300981767014,rejected,0.0,0.0007373500138023425
atr_pct q3 & r5 q1 unless earn_in_week q4,0.000836359780219676,1.198877992916659,3.747326624415722,rejected,0.0,0.00017872929109581052
r5 q1 & r5_news q2 unless close_loc q4,0.0009646949717901916,1.4980327837695528,3.4217416073343263,rejected,0.0,0.0006222141528557149
r5 q1 & r5_news q2 unless vol_surge1 q0,0.0012039785395854504,2.1745183067558376,2.7336025489315845,rejected,0.004805692116883107,0.00626456122678689
r5 q1 & r5_news q2 unless r120 q4,0.001043323579192157,1.7908741352495734,3.0768401176969835,rejected,0.0,0.002092074801649603
atr_pct q3 & r5 q1 unless gap_today q4,0.0009046470168616938,1.6237385556218982,3.158306503799756,rejected,0.0,0.0015868861649148652
r5 q1 & r5_news q2 unless ins_value30 q4,0.0008240978773279198,1.1491737968559406,3.623274049547206,rejected,0.0,0.0002908973254277217
r5 q1 & r5_news q2 unless dist_52wh q4,0.0008124146909159572,1.077984775082327,3.6797011223171507,rejected,0.0,0.00023350746639723687
atr_pct q3 & r5 q1 unless close_loc q4,0.0007270685027032252,0.9911115381339526,3.720395375969126,rejected,0.0,0.00019891113263881133
days_since_earn q4 & r5 q1 unless vol20 q0,0.00013179577873253422,-0.7689902120281066,3.9272698449958257,rejected,0.0,8.591557045167568e-05
atr_pct q3 & r5 q1 unless gap_today q0,0.0007562012382428466,1.1241100274171512,3.5679448658063904,rejected,0.0,0.00035979218489574276
frog q3 & vol_surge5 q4 unless ins_officer30 q4,-5.022814985001528e-05,0.658159682009726,-4.006569428419131,rejected,0.0,6.16070219005457e-05
atr_pct q3 & r5 q1 unless overnight20 q0,0.0007117068196071297,0.9667698446501272,3.6849817623748806,rejected,0.0,0.00022871901728184564
atr_pct q3 & r5 q1 unless mom_12_1 q0,0.0007048560786454472,1.1056685868068015,3.5103500784058523,rejected,0.0,0.00044751708667907915
atr_pct q3 & r5 q1 unless r20 q4,0.0007750803455052805,1.125388437501353,3.4776445018097544,rejected,0.0,0.0005058403153750633
atr_pct q3 & r5 q1 unless r1 q4,0.0007967613954500853,1.1411648005814061,3.4581155445476868,rejected,0.0,0.0005439680346048605
r5 q1 & r5_news q2 unless vol_ratio q4,0.0008552935264215997,1.261741079361224,3.300559619357809,rejected,0.0,0.000964922098155332
atr_pct q3 & r5 q1 unless r5_news q4,0.0006929064216720951,0.8882899492466442,3.615573281730277,rejected,0.0,0.0002996836811252227
r5 q1 & r5_news q2 unless vol_surge5 q0,0.0010811330924017264,1.9312987229784873,2.5712781892470917,rejected,0.1247790947929871,0.010132389911167352
frog q3 & vol_surge5 q4 unless r20 q0,0.0001486104010095251,1.0889637912386865,-3.3672561097775087,rejected,0.0,0.0007592014626975946
frog q3 & vol_surge5 q4 unless ins_opportunistic30 q4,-3.773246084523096e-05,0.6409534451516744,-3.813571734345963,rejected,0.0,0.00013697274392912408
frog q3 & vol_surge5 q4 unless ev_offering q4,-6.346160785943261e-05,0.5918281403183467,-3.8497258793180515,rejected,0.0,0.00011825009018321113
days_since_earn q4 & r5 q1 unless frog q0,0.00018991288445999071,-0.7402621813836178,3.6766355165168902,rejected,0.0,0.00023633033312938262
atr_pct q3 & r5 q1 unless r60 q0,0.0006544846925730503,0.8732342526942558,3.5398294113962367,rejected,0.0,0.00040038574536939675
frog q3 & vol_surge5 q4 unless r120 q0,0.0001442610274239753,1.0225620738549956,-3.387309133615424,rejected,0.0,0.0007058180926456926
atr_pct q3 & r5 q1 unless ev_offering q4,0.0007206657765020267,0.9720895819543778,3.4266424456202182,rejected,0.0,0.0006110931506444385
days_since_earn q4 & r5 q1 unless range_compress q4,5.1932746361924396e-05,-0.9061333770324007,3.476217747518783,rejected,0.0,0.0005085392091660125
r5 q1 & r5_news q2 unless dist_ma50 q0,0.0009501772508138313,1.5782294131330485,2.8010527969833316,rejected,0.0,0.005093618478062999
frog q3 & vol_surge5 q4 unless atr_pct q4,0.0008476077321962667,2.528309714212102,-1.8491315973043485,rejected,0.0,0.06443881283133379
frog q3 & vol_surge5 q4 unless ear_volsurge q0,4.190869177122638e-06,0.685494557876852,-3.6899409489999453,rejected,0.0,0.00022430611339384693
ev_offering q2 & r5 q1 unless overnight20 q4,0.0008163448852465901,1.3069332474258273,3.0535594550245695,rejected,0.0,0.0022614390531427724
atr_pct q3 & r5 q1 unless frog q0,0.0005261874490605191,0.4200414057886526,3.9362099750979747,rejected,0.0,8.277855185276066e-05
r5 q1 & r5_news q2 unless ind_mom20 q4,0.0007274724171330621,0.9430522712214683,3.38203399854882,rejected,0.0,0.000719512390464218
atr_pct q3 & r5 q1 unless ev_red_flag q4,0.0006822710633645951,0.8890387439827943,3.3930474371399244,rejected,0.0,0.0006911966732829034
atr_pct q3 & r5 q1 unless news5 q4,0.000613373735204677,0.7931025257806388,3.4254514359112322,rejected,0.0,0.000613778651323227
frog q3 & vol_surge5 q4 unless days_to_earn q4,-2.1449481919543186e-05,0.625229200834594,-3.5429710948500728,rejected,0.0,0.00039564606555130114
frog q3 & vol_surge5 q4 unless r60 q0,0.00014368747501937007,1.009132325725678,-3.138247498591577,rejected,0.0,0.0016996129969250595
days_since_earn q4 & r5 q1 unless ev_agreement q4,0.0002789659107863157,-0.4091233513582975,3.713754637858054,rejected,0.0,0.00020420679091438142
days_since_earn q4 & r5 q1 unless ear_volsurge q0,0.00029335379648985193,-0.3959197465151543,3.7076666275130985,rejected,0.0,0.00020917777719066817
days_since_earn q4 & r5 q1 unless range_compress q0,0.0007331115650785301,0.9528019173310633,3.1445847328692813,rejected,0.0,0.0016632273784477234
days_since_earn q4 & r5 q1 unless ev_offering q4,0.0003273504561330374,-0.3460261372165823,3.7504352758727277,rejected,0.0,0.00017652786800545584
r5 q1 & r5_news q2 unless frog q4,0.0006649295998077213,0.8377169538575145,3.2459958025340794,rejected,0.0,0.001170405651314007
ev_offering q2 & r5 q1 unless overnight20 q0,0.0008338392542224684,1.4254522627702109,2.6428587495703004,rejected,0.04086856731794335,0.008220932311179487
frog q3 & vol_surge5 q4 unless atr_pct q0,-0.0001615908831561635,0.26022071323442664,-3.791923023851593,rejected,0.0,0.00014948525267918298
frog q3 & vol_surge5 q4 unless days_to_earn q0,-0.000138001442837624,0.3513712465536171,-3.6838255856436053,rejected,0.0,0.00022975948261674988
r5 q1 & r5_news q2 unless close_loc q0,0.0005904980841800636,0.5708441862483481,3.4626776451294767,rejected,0.0,0.0005348287298367301
atr_pct q3 & r5 q1 unless r5_news q0,0.0006263784746142251,0.8356006661929595,3.185170210298776,rejected,0.0,0.0014466889096586047
atr_pct q3 & r5 q1 unless dist_ma200 q0,0.0005093026191692187,0.5834004867949449,3.3755513662954515,rejected,0.0,0.0007366793882914189
days_since_earn q4 & r5 q1 unless ev_red_flag q4,0.0003027188207470489,-0.35509491228622353,3.5976436409717505,rejected,0.0,0.00032111316471171257
days_since_earn q4 & r5 q1 unless r5_news q0,0.0003494056968637771,-0.27233789686150506,3.6792711194510175,rejected,0.0,0.00023390150419580176
frog q3 & vol_surge5 q4 unless dist_52wh q4,-4.4377495710203665e-05,0.48524320854961267,-3.449459318748735,rejected,0.0,0.0005617103598581228
frog q3 & vol_surge5 q4 unless ev_agreement q4,-2.6543442582612148e-06,0.6337845930788316,-3.300108874594637,rejected,0.0,0.0009664732641522419
ev_offering q2 & r5 q1 unless days_to_earn q0,0.000822686770659798,1.393550289193241,2.5061471103063395,rejected,0.15428406479653048,0.012205482603352963
days_since_earn q4 & r5 q1 unless r5_nonews q4,0.00030962091102283034,-0.3165585111796295,3.5748257359861606,rejected,0.0,0.0003504612449385923
days_since_earn q4 & r5 q1 unless frog q4,0.0004918931939911446,0.19022478766562684,3.6937180676605696,rejected,0.0,0.00022099881938689408
days_since_earn q4 & r5 q1 unless r5_news q4,0.0003097444343608033,-0.3161320760352601,3.5496840293182768,rejected,0.0,0.00038569377971751125
atr_pct q3 & r5 q1 unless dist_ma200 q4,0.0007142184654182451,1.2440509023009654,2.6145495306279685,rejected,0.0707163838378838,0.008934520508639496
atr_pct q3 & r5 q1 unless close_loc q0,0.00047970070470313515,0.47058352698545775,3.376622478746465,rejected,0.0,0.000733816930133597
days_since_earn q4 & r5 q1 unless close_loc q4,0.00019999545680680632,-0.5072954335251829,3.3103321466214894,rejected,0.0,0.0009318532303631142
days_since_earn q4 & r5 q1 unless r120 q0,-8.215759387966525e-05,-1.086335714014412,2.7246832408303456,rejected,0.0,0.006436320377085005
atr_pct q3 & r5 q1 unless r60 q4,0.0006581743079437185,1.024547969302864,2.7636926362998078,rejected,0.015061541993855376,0.005715134623191038
days_since_earn q4 & r5 q1 unless intraday20 q4,0.0005400536314318775,0.36901974292501555,3.4062393248096496,rejected,0.0,0.0006586441466240757
atr_pct q3 & r5 q1 unless frog q4,0.0007072988183231313,1.1544266093616782,2.6165200817933316,rejected,0.040326323773238054,0.008883113886830893
frog q3 & vol_surge5 q4 unless dist_52wh q0,0.00022316362896586948,1.1191776130871294,-2.614612510546217,rejected,0.0,0.008932873422732813
r5 q1 & r5_news q2 unless r120 q0,0.0005484709160488763,0.6505886358849989,2.9481886473886676,rejected,0.0,0.0031964194207462974
r5 q1 & r5_news q2 unless ind_mom20 q0,0.0006833094946282822,1.0227786922207052,2.572697488203594,rejected,0.1038005245123099,0.01009093664262801
days_since_earn q4 & r5 q1 unless intraday20 q0,0.00010972684390333964,-0.7250254064982464,2.829791009276671,rejected,0.0,0.004657841893470601
atr_pct q3 & r5 q1 unless r20 q0,0.0006272146154099129,1.1976417041053975,2.3227763314010996,rejected,0.1362003420492142,0.020191171206671386
frog q3 & vol_surge5 q4 unless overnight20 q0,-7.662276962165303e-05,0.42667082550475244,-3.0670206074716573,rejected,0.0,0.0021620395129878915
days_since_earn q4 & r5 q1 unless close_loc q0,0.00027291704733486494,-0.2015243510458916,3.2745302137533705,rejected,0.0,0.001058378204782588
days_since_earn q4 & r5 q1 unless rel_ind60 q4,0.0005436419892841664,0.502280194537041,2.944080632598074,rejected,0.0,0.003239155972215974
days_since_earn q4 & r5 q1 unless ear_volsurge q4,0.0004498035698586889,0.13634519363486072,3.2960338640443028,rejected,0.0,0.000980601943354632
days_since_earn q4 & r5 q1 unless mom_12_1 q0,0.0002071955274395045,-0.36160824898879174,3.0115174141610526,rejected,0.0,0.0025994549216890608
days_since_earn q4 & r5 q1 unless mom_12_1 q4,8.288603385749781e-05,-0.645586189188629,2.6852883950214097,rejected,0.0,0.007246724625871623
frog q3 & vol_surge5 q4 unless ear_volsurge q4,-3.571463944725841e-05,0.4851368569165207,-2.793325320989208,rejected,0.0,0.005216919645470224
days_since_earn q4 & r5 q1 unless r120 q4,0.00035848213372262117,-0.1106327669526484,3.0480787554616873,rejected,0.0,0.0023030955968321673
atr_pct q3 & r5 q1 unless r1 q0,0.0005776354551931083,1.0448959898700323,2.078490167643589,rejected,0.1937801558494379,0.037664235571471354
atr_pct q3 & r5 q1 unless overnight20 q4,0.00034679866544970353,0.20071276355030068,2.9035345185809796,rejected,0.0,0.003689762935265977
r5 q1 & r5_news q2 unless gap_today q0,0.000563905345155202,0.8239356694540184,2.1895626771730057,rejected,0.1823227391990699,0.028555968299149262
days_since_earn q4 & r5 q1 unless rel_ind60 q0,0.00012508221980405922,-0.37288559242271024,2.5656220960087226,rejected,0.0,0.010299096736482875
days_since_earn q4 & r5 q1 unless r5_nonews q0,9.845527463836236e-05,-0.4035643352970183,2.5151196562996425,rejected,0.0,0.01189919908819742
days_since_earn q4 & r5 q1 unless vol20 q4,0.0004964379073195547,0.5813112475878404,2.210521236850521,rejected,0.1648697617382249,0.02706900830570789
atr_pct q3 & r5 q1 unless mom_12_1 q4,0.0003768634175949189,0.42932815520595885,2.148001043825939,rejected,0.14567996006041106,0.03171367253887234
frog q3 & vol_surge5 q4 unless overnight20 q4,-0.00018046067523477512,0.11827529425216485,-2.414382904403329,rejected,0.0,0.015761888383331712
frog q3 & vol_surge5 q4 unless r60 q4,8.558764183734425e-05,0.6063061655509394,-1.8451187457519267,rejected,0.0,0.06502026687832231
frog q3 & vol_surge5 q4 unless r120 q4,-0.0002615498762865573,-0.1457195564241891,-2.064743952147144,rejected,0.1356752567746231,0.038947233525235464
frog q3 & vol_surge5 q4 unless rel_ind20 q4,-0.00021233488121997143,-0.18339384036074147,-1.4694202466360806,rejected,0.14581560494718676,0.14171883905542176
frog q3 & vol_surge5 q4 unless r20 q4,2.1136206150195343e-05,0.2588664797933093,-0.8495298897845066,rejected,0.0,0.39558650553247193
