date,regime,mode,need,p_target,n,cost,week_ret
2017-01-03,calm,catchup,0.07000000000000006,0.0,5,2.125,0.0
2017-01-04,calm,catchup,0.06260960807205396,,5,0.0,0.006954945515084132
2017-01-05,calm,catchup,0.06982592997536274,,5,0.0,0.00016270873584200984
2017-01-06,calm,catchup,0.07,0.001,5,4.751407429961077,-0.007121768941868667
2017-01-09,calm,normal,0.08960192463493333,,5,0.0,-0.017989987161137533
2017-01-10,calm,catchup,0.07923991503084005,,5,0.0,-0.00856150231487307
2017-01-11,calm,catchup,0.05574525150912124,,5,0.0,0.013502072086521322
2017-01-12,calm,catchup,0.06128857920570363,,5,0.0,0.00820834310759877
2017-01-13,calm,catchup,0.07,0.013666666666666667,7,3.0746807368924567,0.012734617343639343
2017-01-17,calm,catchup,0.09409619448395912,,7,0.0,-0.02202383538617858
2017-01-18,calm,catchup,0.08104547031957043,,7,0.0,-0.010217396606180928
2017-01-19,calm,catchup,0.07587328905254442,,7,0.0,-0.005459089943311568
2017-01-20,calm,catchup,0.07,0.011,7,3.338813091485787,-0.001602358290968997
2017-01-23,calm,normal,0.07212074355788811,,7,0.0,-0.00197808275852418
2017-01-24,calm,catchup,0.06840595325679022,,7,0.0,0.0014919860174409383
2017-01-25,calm,catchup,0.08618624594832713,,6,0.0,-0.014901906564094958
2017-01-26,calm,catchup,0.08628191087135373,,6,0.0,-0.014988660593909131
2017-01-27,calm,catchup,0.07,0.0006666666666666666,6,1.25442906492579,-0.014000196761892125
2017-01-30,calm,normal,0.08155074627342418,,6,0.0,-0.01067980056712381
2017-01-31,calm,catchup,0.07792548205013561,,5,0.0,-0.007352532417233326
2017-02-01,calm,catchup,0.08201379836079936,,5,0.0,-0.011103184061977522
2017-02-02,calm,catchup,0.07825909482350157,,5,0.0,-0.007659657000021247
2017-02-03,calm,catchup,0.07,0.0006666666666666666,6,1.9730119129161192,-0.008033826071160655
2017-02-06,calm,normal,0.0723790846436545,,6,0.0,-0.0022185108584480417
2017-02-07,calm,catchup,0.07334439864896258,,6,0.0,-0.0031158672399764775
2017-02-08,calm,catchup,0.0631178977068132,,6,0.0,0.006473508072841083
2017-02-09,calm,catchup,0.05598371653743861,,6,0.0,0.013273200375210958
2017-02-10,calm,catchup,0.07,0.0003333333333333333,5,2.721995164608886,0.016252884448699323
2017-02-13,calm,normal,0.06511845922894133,,5,0.0,0.004583096583071766
2017-02-14,calm,catchup,0.06559410620259865,,5,0.0,0.0041346829639499205
2017-02-15,calm,catchup,0.05935536911270156,,5,0.0,0.010048215355923817
2017-02-16,calm,catchup,0.06072003686329874,,5,0.0,0.008748739360240121
2017-02-17,calm,catchup,0.07,0.0003333333333333333,5,2.8348704552927755,-0.0009025227952745851
2017-02-21,calm,catchup,0.07161774156405509,,5,0.0,-0.0015096255887793175
2017-02-22,calm,catchup,0.07236525617403133,,5,0.0,-0.002205644168732257
2017-02-23,calm,catchup,0.08185793540723796,,5,0.0,-0.010960713989470516
2017-02-24,calm,catchup,0.07,0.0006666666666666666,6,3.35454230810038,-0.0057612253222756316
2017-02-27,calm,normal,0.0704272350505537,,6,0.0,-0.0003991257290211214
2017-02-28,calm,catchup,0.0765943193666121,,6,0.0,-0.006125166414115646
2017-03-01,calm,catchup,0.05295434246951425,,6,0.0,0.016188410876874615
2017-03-02,calm,catchup,0.06337687638962564,,6,0.0,0.0062283878438857965
2017-03-03,calm,catchup,0.07,0.0,4,1.7576671197758311,0.013656337734060608
2017-03-06,calm,normal,0.07344283961046738,,4,0.0,-0.0032072873220865272
2017-03-07,calm,catchup,0.07734917316328005,,4,0.0,-0.006821533209796393
2017-03-08,calm,catchup,0.08209682089397274,,4,0.0,-0.011179055940649496
2017-03-09,calm,catchup,0.0830379088926183,,4,0.0,-0.012038275655511743
2017-03-10,calm,catchup,0.07,0.0,5,1.3714134093391988,-0.008328056623528535
2017-03-13,calm,normal,0.07180659813989476,,5,0.0,-0.0016855635550573345
2017-03-14,calm,catchup,0.0750064760195186,,5,0.0,-0.004657158939224582
2017-03-15,calm,catchup,0.07194076008502881,,4,0.0,-0.0018105105779117059
2017-03-16,calm,catchup,0.07529618649606862,,4,0.0,-0.0049253280747945105
2017-03-17,calm,catchup,0.07,0.0006666666666666666,6,1.2377800237672738,-0.009420082309750333
2017-03-20,calm,normal,0.0697961151640798,,6,0.0,0.0001905828905435225
2017-03-21,calm,catchup,0.0816141532639365,,6,0.0,-0.01073779704979727
2017-03-22,calm,catchup,0.07138385950223469,,6,0.0,-0.0012916561043559982
2017-03-23,calm,catchup,0.07047188050761855,,6,0.0,-0.0004408154162767186
2017-03-24,calm,catchup,0.07,0.0006666666666666666,5,1.515807187511363,-0.006223976518879848
2017-03-27,calm,normal,0.07124704446936803,,5,0.0,-0.0011641054001561013
2017-03-28,calm,catchup,0.06421608228053288,,5,0.0,0.0054349091465266675
2017-03-29,calm,catchup,0.060054311143019845,,5,0.0,0.009382244619387636
2017-03-30,calm,catchup,0.05517628049209011,,5,0.0,0.014048571581799285
2017-03-31,calm,catchup,0.07,0.0003333333333333333,5,0.8442775482909101,0.011471054307936157
2017-04-03,calm,normal,0.07140855928035306,,5,0.0,-0.0013146798839269724
2017-04-04,calm,catchup,0.06911929877722978,,5,0.0,0.0008237632823366869
2017-04-05,calm,catchup,0.06953642188967257,,5,0.0,0.0004334383578152856
2017-04-06,calm,catchup,0.06644547323761318,,5,0.0,0.003333060012525202
2017-04-07,calm,catchup,0.07,0.0003333333333333333,5,0.7465151307734614,0.0029202772866578908
2017-04-10,calm,normal,0.0720153957113967,,5,0.0,-0.0018800063128376898
2017-04-11,calm,catchup,0.06595329958846219,,5,0.0,0.0037963205452811177
2017-04-12,calm,catchup,0.07183599937691532,,5,0.0,-0.001712948042408069
2017-04-13,calm,catchup,0.07,0.0003333333333333333,6,0.9899149323220285,-0.005654885659771014
2017-04-17,calm,normal,0.06322733642332246,,6,0.0,0.006369911066678169
2017-04-18,calm,catchup,0.056125955740367495,,6,0.0,0.013136732587834654
2017-04-19,calm,catchup,0.056626504706364766,,6,0.0,0.0126567857554849
2017-04-20,calm,catchup,0.05250633157148088,,6,0.0,0.016620962652452276
2017-04-21,calm,catchup,0.07,0.0,5,1.3960638629011226,0.023071667623563163
2017-04-24,calm,normal,0.060102013044897484,,5,0.0,0.009336824978449787
2017-04-25,calm,catchup,0.05817706709163484,,5,0.0,0.011172924906471593
2017-04-26,calm,catchup,0.0640788260308256,,5,0.0,0.005564600877607351
2017-04-27,calm,catchup,0.061414322141698285,,5,0.0,0.008088903342643672
2017-04-28,calm,catchup,0.07,0.0006666666666666666,6,1.947650286246032,0.004927482053376009
2017-05-01,calm,normal,0.07309505135341432,,6,0.0,-0.002884228521518928
2017-05-02,calm,catchup,0.07371202054755943,,6,0.0,-0.0034571844931626794
2017-05-03,calm,catchup,0.07322953248275699,,6,0.0,-0.003009172208749966
2017-05-04,calm,catchup,0.06677879811388521,,5,0.0,0.003019559342396061
2017-05-05,calm,catchup,0.07,0.005,7,0.8470480635901767,0.009240625099208755
2017-05-08,calm,normal,0.06912971762953468,,7,0.0,0.0008140100832618735
2017-05-09,calm,catchup,0.06954128346390998,,7,0.0,0.0004288909116294537
2017-05-10,calm,catchup,0.06698843756197692,,7,0.0,0.002822488353205088
2017-05-11,calm,catchup,0.06554686802597987,,7,0.0,0.004179198595243516
2017-05-12,calm,catchup,0.07,0.002,7,2.181711852478897,-0.005159308206266755
2017-05-15,calm,normal,0.0584432003363744,,7,0.0,0.010918677223258566
2017-05-16,calm,catchup,0.05752542667211302,,7,0.0,0.011796003210194916
2017-05-17,calm,catchup,0.07835306547365395,,7,0.0,-0.007746132265117556
2017-05-18,calm,catchup,0.07461862526344798,,6,0.0,-0.00429792035506138
2017-05-19,calm,catchup,0.07,0.022333333333333334,7,3.488344216081875,0.011434069422077364
2017-05-22,calm,normal,0.07409675146038253,,7,0.0,-0.0038141363474123446
2017-05-23,calm,catchup,0.07371617143220077,,7,0.0,-0.0034610370329467566
2017-05-24,calm,catchup,0.06606063644893223,,7,0.0,0.003695252799305937
2017-05-25,calm,catchup,0.061791872734168196,,7,0.0,0.007730448383161503
2017-05-26,calm,catchup,0.07,0.001,6,3.204085009329555,0.009602506829265334
2017-05-30,calm,catchup,0.07215293445683746,,6,0.0,-0.0020080479077624336
2017-05-31,calm,catchup,0.07671614237273983,,6,0.0,-0.006237616497454579
2017-06-01,calm,catchup,0.06965406410035313,,6,0.0,0.00032340913876471866
2017-06-02,calm,catchup,0.07,0.002,4,3.2096308684529573,0.011413747559392728
2017-06-05,calm,normal,0.0810768864545961,,4,0.0,-0.01024615972590337
2017-06-06,calm,catchup,0.08246599633096818,,4,0.0,-0.011516293697189428
2017-06-07,calm,catchup,0.0837078095406647,,4,0.0,-0.012648990272087102
2017-06-08,calm,catchup,0.09850136892156836,,3,0.0,-0.02594568357210958
2017-06-09,calm,catchup,0.07,0.0,4,3.486551496950622,-0.024402549008859853
2017-06-12,calm,normal,0.07656514936860348,,4,0.0,-0.006098236945951574
2017-06-13,calm,catchup,0.07432092901632914,,4,0.0,-0.00402200953143983
2017-06-14,calm,catchup,0.0670107244428062,,4,0.0,0.0028015421857683354
2017-06-15,calm,catchup,0.06454880020138742,,4,0.0,0.005120666894351311
2017-06-16,calm,catchup,0.07,0.0003333333333333333,5,2.0837708148044567,0.006401914064273484
2017-06-19,calm,normal,0.06725216356657104,,5,0.0,0.0025746834040103472
2017-06-20,calm,catchup,0.07804016135815073,,5,0.0,-0.0074581278567779075
2017-06-21,calm,catchup,0.08144543622899114,,5,0.0,-0.010583461583509424
2017-06-22,calm,catchup,0.0861030511662142,,5,0.0,-0.014826448695566485
2017-06-23,calm,catchup,0.07,0.0003333333333333333,5,0.9778478504282917,-0.009197733189921897
2017-06-26,calm,normal,0.07017445723853233,,5,0.0,-0.00016301756910030996
2017-06-27,calm,catchup,0.0759392738132676,,5,0.0,-0.005520082738701415
2017-06-28,calm,catchup,0.07460033553520984,,5,0.0,-0.004280973477379879
2017-06-29,calm,catchup,0.0878333122434023,,4,0.0,-0.016393423553674014
2017-06-30,calm,catchup,0.07,0.001,6,0.7879766115196069,-0.01207535342633237
2017-07-03,calm,normal,0.07013632122380775,,6,0.0,-0.00012738678344437204
2017-07-05,calm,catchup,0.06482779314422604,,6,0.0,0.0048573176705892784
2017-07-06,calm,catchup,0.07099822870210803,,6,0.0,-0.0009320544846442846
2017-07-07,calm,catchup,0.07,0.0,5,0.9697559938486238,0.0059365296624924735
2017-07-10,calm,normal,0.07583038814895149,,5,0.0,-0.0054194306213855015
2017-07-11,calm,catchup,0.07882249065410218,,5,0.0,-0.008177889069362121
2017-07-12,calm,catchup,0.07449757962167758,,5,0.0,-0.004185751282251515
2017-07-13,calm,catchup,0.07360783323019593,,5,0.0,-0.003360475881906466
2017-07-14,calm,catchup,0.07,0.0013333333333333333,5,1.6682182502434026,0.006423590442803828
2017-07-17,calm,normal,0.0655516607170259,,5,0.0,0.004174681948297954
2017-07-18,calm,catchup,0.06468041531158475,,5,0.0,0.004996414522059567
2017-07-19,calm,catchup,0.06001660938606945,,5,0.0,0.00941814545690245
2017-07-20,calm,catchup,0.0590442368927806,,5,0.0,0.010344953237613197
2017-07-21,calm,catchup,0.07,0.002,5,1.4301901063928402,0.014239158198402047
2017-07-24,calm,normal,0.08008194414416558,,5,0.0,-0.009334425224703069
2017-07-25,calm,catchup,0.07644227812344706,,5,0.0,-0.0059847873447314015
2017-07-26,calm,catchup,0.09353818689853477,,4,0.0,-0.0215247964639379
2017-07-27,calm,catchup,0.09461104269225262,,3,0.0,-0.022483824602865687
2017-07-28,calm,catchup,0.07,0.0003333333333333333,6,1.332231371398857,-0.020303533484951397
2017-07-31,calm,normal,0.07245676134710677,,6,0.0,-0.0022907789252228916
2017-08-01,calm,catchup,0.057786141094417376,,6,0.0,0.011546624058569988
2017-08-02,calm,catchup,0.059587174837035795,,6,0.0,0.009827247262185645
2017-08-03,calm,catchup,0.05672433706987512,,6,0.0,0.01256303320025376
2017-08-04,calm,catchup,0.07,0.0003333333333333333,5,3.4854242312996333,0.010408057910984647
2017-08-07,calm,normal,0.07449813898729207,,5,0.0,-0.0041862696863593785
2017-08-08,calm,catchup,0.07919588169206593,,5,0.0,-0.008521049651938672
2017-08-09,calm,catchup,0.07700601981135868,,5,0.0,-0.006505088813325011
2017-08-10,calm,catchup,0.09959726011516867,,5,0.0,-0.02691645495012307
2017-08-11,calm,catchup,0.07,0.0,5,3.272828694181941,-0.02237837212439897
2017-08-14,calm,normal,0.057569531260244666,,5,0.0,0.01175380754865607
2017-08-15,calm,catchup,0.053713557202381024,,5,0.0,0.015456233514599349
2017-08-16,calm,catchup,0.057100089902234474,,4,0.0,0.012203111342993678
2017-08-17,calm,catchup,0.06665902695458459,,4,0.0,0.0031321846635041783
2017-08-18,calm,catchup,0.07,0.0,5,0.9361770017403088,0.002455697096252596
2017-08-21,calm,normal,0.0674752308097859,,5,0.0,0.0023651782424018997
2017-08-22,calm,catchup,0.05820361179187672,,5,0.0,0.011147559956016684
2017-08-23,calm,catchup,0.06330284122513552,,5,0.0,0.0062984490544086835
2017-08-24,calm,catchup,0.06326449783612653,,5,0.0,0.006334738136730023
2017-08-25,calm,catchup,0.07,0.0,5,0.9955417929668602,0.005587183568556586
2017-08-28,calm,normal,0.07090634493310444,,5,0.0,-0.0008463344506198789
2017-08-29,calm,catchup,0.06906861939673736,,5,0.0,0.0008712075037693445
2017-08-30,calm,catchup,0.06500811424134234,,5,0.0,0.0046871809631363615
2017-08-31,calm,catchup,0.06177305601625327,,5,0.0,0.007748307359214834
2017-09-01,calm,catchup,0.07,0.0,4,1.5695249422963538,0.007851739065124486
2017-09-05,calm,catchup,0.07890320203496382,,4,0.0,-0.008252086024187477
2017-09-06,calm,catchup,0.07601455747744645,,4,0.0,-0.0055896618086159755
2017-09-07,calm,catchup,0.07811570305391435,,3,0.0,-0.007527673542761182
2017-09-08,calm,catchup,0.07,0.0003333333333333333,5,1.6558278194511031,-0.0065832401427166065
2017-09-11,calm,normal,0.0633708500525827,,5,0.0,0.006234090343072207
2017-09-12,calm,catchup,0.07120831646395187,,5,0.0,-0.0011279939161977781
2017-09-13,calm,catchup,0.06779377978782142,,5,0.0,0.0020661482150767796
2017-09-14,calm,catchup,0.0713012705212861,,4,0.0,-0.0012146634724449212
2017-09-15,calm,catchup,0.07,0.0,4,2.307186887026579,0.0031313300058228855
2017-09-18,calm,normal,0.07334127838055271,,4,0.0,-0.0031129692371413276
2017-09-19,calm,catchup,0.07135748892989358,,4,0.0,-0.0012670737302162838
2017-09-20,calm,catchup,0.0706593239680362,,4,0.0,-0.0006158111672651678
2017-09-21,calm,catchup,0.07632343291379073,,4,0.0,-0.005875030423403538
2017-09-22,calm,catchup,0.07,0.0006666666666666666,6,2.0106531999678445,-0.006142724232488517
2017-09-25,calm,normal,0.07867716966202942,,6,0.0,-0.008044269319937625
2017-09-26,calm,catchup,0.08067552026983993,,6,0.0,-0.009878562130448132
2017-09-27,calm,catchup,0.07455882063337116,,6,0.0,-0.004242504501227762
2017-09-28,calm,catchup,0.07251694243591289,,6,0.0,-0.002346762401903346
2017-09-29,calm,catchup,0.07,0.0003333333333333333,5,2.9355243765787424,0.0018751794363376373
2017-10-02,calm,normal,0.06719947450270602,,5,0.0,0.0026241818555983176
2017-10-03,calm,catchup,0.059552252238706194,,5,0.0,0.009860530935797751
2017-10-04,calm,catchup,0.05725426252523924,,5,0.0,0.012055508241052504
2017-10-05,calm,catchup,0.05482028694457686,,5,0.0,0.014390804996169626
2017-10-06,calm,catchup,0.07,0.0003333333333333333,6,2.225414683265128,0.007773401627118259
2017-10-09,calm,normal,0.07248111769308929,,6,0.0,-0.0023134371805315634
2017-10-10,calm,catchup,0.07335854815654619,,6,0.0,-0.003129008626534313
2017-10-11,calm,catchup,0.07050216858283487,,6,0.0,-0.0004690962779642094
2017-10-12,calm,catchup,0.07279110165809066,,6,0.0,-0.0026017196206946647
2017-10-13,calm,catchup,0.07,0.0,5,1.1504752373305238,-0.007111647484168149
2017-10-16,calm,normal,0.079870863827328,,4,0.0,-0.009140781697121736
2017-10-17,calm,catchup,0.08138253549855512,,4,0.0,-0.010525910235185454
2017-10-18,calm,catchup,0.08017059699344631,,4,0.0,-0.009415732127642795
2017-10-19,calm,catchup,0.08022114265018243,,4,0.0,-0.009462083499963803
2017-10-20,calm,catchup,0.07,0.001,5,1.4033853886171388,-0.0050504723099765725
2017-10-23,calm,normal,0.06682834600283694,,5,0.0,0.0029729749955056395
2017-10-24,calm,catchup,0.0661275358704616,,5,0.0,0.003632270998775722
2017-10-25,calm,catchup,0.0681114514932819,,5,0.0,0.0017681193325638223
2017-10-26,calm,catchup,0.06396094572720745,,5,0.0,0.0056760112267701945
2017-10-27,calm,catchup,0.07,0.001,6,3.3115052578893702,0.004467463358882595
2017-10-30,calm,normal,0.05928647662863096,,6,0.0,0.010113905546558888
2017-10-31,calm,catchup,0.05962932938224874,,6,0.0,0.009787073960851211
2017-11-01,calm,catchup,0.08198934402556368,,5,0.0,-0.011080833736270557
2017-11-02,calm,catchup,0.07387513547567193,,5,0.0,-0.0036085531247126434
2017-11-03,calm,catchup,0.07,0.0,5,2.4419554647273842,-0.00398543267657403
2017-11-06,calm,normal,0.069549079358735,,5,0.0,0.00042159883072923066
2017-11-07,calm,catchup,0.0711646602000291,,5,0.0,-0.001087284003386979
2017-11-08,calm,catchup,0.0760252144786624,,5,0.0,-0.0055995104924949635
2017-11-09,calm,catchup,0.09040177126188542,,4,0.0,-0.018710324762472808
2017-11-10,calm,catchup,0.07,0.0006666666666666666,6,2.7352533042246567,-0.02225642464337374
2017-11-13,calm,normal,0.07037253778797026,,6,0.0,-0.00034804497949847413
2017-11-14,calm,catchup,0.06814534487986457,,6,0.0,0.0017363321658665498
2017-11-15,calm,catchup,0.07457294977919604,,6,0.0,-0.004255597333001626
2017-11-16,calm,catchup,0.06735735371014506,,6,0.0,0.002475877718618902
2017-11-17,calm,catchup,0.07,0.0,5,1.6606462673157272,-0.002692283842190668
2017-11-20,calm,normal,0.0650916670237518,,5,0.0,0.0046083667051530774
2017-11-21,calm,catchup,0.058494104419151816,,5,0.0,0.010870061092274286
2017-11-22,calm,catchup,0.06146268922073417,,5,0.0,0.008042968317175214
2017-11-24,calm,catchup,0.07,0.0,5,1.898843381776444,0.007226557167589798
2017-11-27,calm,normal,0.07287923981734967,,5,0.0,-0.0026836569396568866
2017-11-28,calm,catchup,0.0553522736513099,,5,0.0,0.013879466330244394
2017-11-29,calm,catchup,0.04051849259895457,,5,0.0,0.02833347759866145
2017-11-30,calm,catchup,0.030844826309220696,,5,0.0,0.03798357685993192
2017-12-01,calm,catchup,0.07,0.0,4,1.8073315456968475,0.03447773615966665
2017-12-04,calm,normal,0.07198322207028385,,4,0.0,-0.0018500495431763575
2017-12-05,calm,catchup,0.07726370283174666,,4,0.0,-0.006742734218792457
2017-12-06,calm,catchup,0.07937283714011567,,4,0.0,-0.008683595526592702
2017-12-07,calm,catchup,0.07977682020188981,,4,0.0,-0.009054482388371476
2017-12-08,calm,catchup,0.07,0.0016666666666666668,4,2.0339181969248203,-0.005452313118161856
2017-12-11,calm,normal,0.07301050232934791,,4,0.0,-0.002805659704925967
2017-12-12,calm,catchup,0.10972243664712433,,3,0.0,-0.03579492973679099
2017-12-13,calm,catchup,0.11129651647575045,,3,0.0,-0.03716066402035867
2017-12-14,calm,catchup,0.11119514947275455,,3,0.0,-0.03707283053953303
2017-12-15,calm,catchup,0.07,0.0,5,1.1170407879016875,-0.0407715544262236
2017-12-18,calm,normal,0.06601936828866029,,5,0.0,0.003734108243952594
2017-12-19,calm,catchup,0.0718912599268009,,5,0.0,-0.0017644139825619964
2017-12-20,calm,catchup,0.06532873344000656,,5,0.0,0.004384812324464082
2017-12-21,calm,catchup,0.057067383159572715,,5,0.0,0.012234429939339986
2017-12-22,calm,catchup,0.07,0.0,4,0.9935700763953037,0.009766079780000991
2017-12-26,calm,catchup,0.06760991942248484,,4,0.0,0.002238720841792219
2017-12-27,calm,catchup,0.06904414876476084,,4,0.0,0.0008941176436385589
2017-12-28,calm,catchup,0.06575072404477367,,4,0.0,0.003987119932791883
2017-12-29,calm,catchup,0.07,0.0,5,1.3603650543682644,-0.0012028547666383949
2018-01-02,calm,catchup,0.06320867349581616,,5,0.0,0.0063875762806318015
2018-01-03,calm,catchup,0.051161547715681266,,5,0.0,0.017921557657105458
2018-01-04,calm,catchup,0.051923789195005066,,5,0.0,0.017183954760475517
2018-01-05,calm,catchup,0.07,0.0,5,0.7200843652998589,0.028438136121260893
2018-01-08,calm,normal,0.07001089864991528,,5,0.0,-1.0185550379904207e-05
2018-01-09,calm,catchup,0.06103034026957399,,5,0.0,0.00845372595862548
2018-01-10,calm,catchup,0.06156481376880518,,5,0.0,0.007945992672127034
2018-01-11,calm,catchup,0.052687917821944374,,5,0.0,0.016445597869001016
2018-01-12,calm,catchup,0.07,0.0,5,1.919998863459225,0.02621153587206937
2018-01-16,calm,catchup,0.08829637555283609,,5,0.0,-0.01681194200756364
2018-01-17,calm,catchup,0.08491748406495758,,4,0.0,-0.013749878939239513
2018-01-18,calm,catchup,0.07686688193838953,,4,0.0,-0.006376723115515293
2018-01-19,calm,catchup,0.07,0.007666666666666666,6,2.9542883181170514,0.005124406937222048
2018-01-22,calm,normal,0.06820022739084908,,6,0.0,0.0016848644692268877
2018-01-23,calm,catchup,0.06325722040511805,,6,0.0,0.006341625963577124
2018-01-24,calm,catchup,0.060115250971941814,,6,0.0,0.009324221134443311
2018-01-25,calm,catchup,0.058098622936988864,,6,0.0,0.011247890135209104
2018-01-26,calm,catchup,0.07,0.001,6,2.0765951704686207,0.014580768643570163
2018-01-29,calm,normal,0.08418848821859681,,6,0.0,-0.013086735722410703
2018-01-30,calm,catchup,0.08915913497941741,,6,0.0,-0.017590758195109246
2018-01-31,calm,catchup,0.08636681144522651,,6,0.0,-0.015065640143639203
2018-02-01,calm,catchup,0.08670535977558425,,6,0.0,-0.01537248309793382
2018-02-02,calm,catchup,0.07,0.004333333333333333,6,2.822355613279415,-0.03640303422918301
2018-02-05,stress,normal,0.10830157458321277,,5,0.0,-0.034558801919609694
2018-02-06,choppy,catchup,0.10759189648836043,,4,0.0,-0.03394020542001619
2018-02-07,choppy,catchup,0.09712256376493023,,4,0.0,-0.024721544028640907
2018-02-08,stress,catchup,0.12748013093102628,,3,0.0,-0.05098105887113202
2018-02-09,choppy,catchup,0.07,0.058666666666666666,5,1.9520309250809458,-0.04629607335619268
2018-02-12,choppy,normal,0.04903001761633741,,5,0.0,0.019989878298537045
2018-02-13,choppy,catchup,0.060513792825995116,,5,0.0,0.008944916358632815
2018-02-14,calm,catchup,0.05682660619346791,,5,0.0,0.01246504746316024
2018-02-15,calm,catchup,0.0479872694377077,,5,0.0,0.02100476905039428
2018-02-16,calm,catchup,0.07,0.021333333333333333,6,2.6269536596301295,0.007393723874269842
2018-02-20,choppy,catchup,0.08674782726403674,,6,0.0,-0.015410959970539317
2018-02-21,choppy,catchup,0.07188508861412446,,6,0.0,-0.0017586667023811176
2018-02-22,calm,catchup,0.08470042443324322,,6,0.0,-0.013552520218588548
2018-02-23,calm,catchup,0.07,0.042,5,1.3423388055486067,-0.011207476833221208
2018-02-26,calm,normal,0.05430133625324518,,5,0.0,0.014890110831637937
2018-02-27,calm,catchup,0.07298047588599132,,5,0.0,-0.002777754071927818
2018-02-28,calm,catchup,0.0706120447308296,,5,0.0,-0.0005716774193246232
2018-03-01,choppy,catchup,0.07955986495215894,,5,0.0,-0.008855335644200268
2018-03-02,calm,catchup,0.07,0.015666666666666666,7,0.7780444343872942,0.007980915941486533
2018-03-05,calm,normal,0.06220240119701437,,7,0.0,0.007340972675450974
2018-03-06,calm,catchup,0.05013597132894976,,7,0.0,0.0189156730303337
2018-03-07,calm,catchup,0.05285119402999361,,7,0.0,0.016287967442356166
2018-03-08,calm,catchup,0.05112953540400467,,7,0.0,0.01795255861471201
2018-03-09,calm,catchup,0.07,0.0016666666666666668,6,2.3191110479681543,0.032050323838500594
2018-03-12,calm,normal,0.06845732585091668,,6,0.0,0.0014438331899262469
2018-03-13,calm,catchup,0.06712481923378055,,6,0.0,0.002694324707285922
2018-03-14,calm,catchup,0.07488964460453995,,6,0.0,-0.004548973589134198
2018-03-15,calm,catchup,0.0776869716467179,,6,0.0,-0.0071328426982577575
2018-03-16,calm,catchup,0.07,0.009,7,1.7621883882224516,-0.007181462693079399
2018-03-19,calm,normal,0.088908545391984,,7,0.0,-0.01736467720085466
2018-03-20,calm,catchup,0.08309249968492471,,7,0.0,-0.012088071599363315
2018-03-21,calm,catchup,0.086200081560458,,7,0.0,-0.014914454376752095
2018-03-22,choppy,catchup,0.10750048978402327,,7,0.0,-0.03386047241508339
2018-03-23,choppy,catchup,0.07,0.014666666666666666,6,1.6750769836280015,-0.052678113324878595
2018-03-26,choppy,normal,0.05002955982792279,,6,0.0,0.019018931405464512
2018-03-27,choppy,catchup,0.057014171214479825,,6,0.0,0.012285387593810482
2018-03-28,choppy,catchup,0.0640714804983975,,6,0.0,0.005571542523464368
2018-03-29,calm,catchup,0.07,0.0006666666666666666,6,2.0751357846201577,0.022480201311321002
2018-04-02,choppy,normal,0.09048317153931995,,6,0.0,-0.018783574175111672
2018-04-03,choppy,catchup,0.07970788614127367,,6,0.0,-0.00899121537026859
2018-04-04,choppy,catchup,0.07288995064502624,,6,0.0,-0.0026936133042244625
2018-04-05,calm,catchup,0.06261317742230732,,6,0.0,0.006951563122538751
2018-04-06,choppy,catchup,0.07,0.004333333333333333,6,1.8045046315357225,-0.010441754318995966
2018-04-09,choppy,normal,0.0764890361633479,,6,0.0,-0.006027963077520071
2018-04-10,choppy,catchup,0.06804771362923812,,6,0.0,0.0018279018304603323
2018-04-11,choppy,catchup,0.07267413184703475,,6,0.0,-0.002492958269097123
2018-04-12,calm,catchup,0.0464739418992004,,6,0.0,0.022481265093045044
2018-04-13,calm,catchup,0.07,0.001,6,2.66977436189085,0.017293176201724103
2018-04-16,calm,normal,0.05887514180203102,,6,0.0,0.010506298390418722
2018-04-17,calm,catchup,0.050843076577032686,,6,0.0,0.018230051517652113
2018-04-18,calm,catchup,0.05302038701612366,,6,0.0,0.01612467640060644
2018-04-19,calm,catchup,0.05457626833653273,,6,0.0,0.014625525082027968
2018-04-20,calm,catchup,0.07,0.01,7,3.2177683615284502,0.008745406094756936
2018-04-23,calm,normal,0.0728062010866164,,7,0.0,-0.0026157577051418857
2018-04-24,calm,catchup,0.0891696658693113,,7,0.0,-0.017600256847046136
2018-04-25,calm,catchup,0.0873429040346787,,7,0.0,-0.01594980200847984
2018-04-26,calm,catchup,0.0947061485763887,,6,0.0,-0.022568749256152154
2018-04-27,calm,catchup,0.07,0.012666666666666666,5,2.1762635844674865,-0.027920744363328365
2018-04-30,calm,normal,0.0798011958981022,,5,0.0,-0.0090768522347765
2018-05-01,calm,catchup,0.0724488012541964,,5,0.0,-0.002283373575813097
2018-05-02,calm,catchup,0.07192857955010834,,5,0.0,-0.001799167954750991
2018-05-03,calm,catchup,0.06691457510477838,,5,0.0,0.0028919137175706933
2018-05-04,calm,catchup,0.07,0.007,5,2.668593001072626,0.014965013591117904
2018-05-07,calm,normal,0.06941434213888642,,5,0.0,0.0005476435447295813
2018-05-08,calm,catchup,0.07602660800481598,,5,0.0,-0.0056007983073862455
2018-05-09,calm,catchup,0.10245132944497604,,3,0.0,-0.029435611875322842
2018-05-10,calm,catchup,0.09987243644727362,,3,0.0,-0.0271599100562655
2018-05-11,calm,catchup,0.07,0.0023333333333333335,5,2.3716619491376907,-0.021924093786601317
2018-05-14,calm,normal,0.06446138724900008,,5,0.0,0.0052032068211642635
2018-05-15,calm,catchup,0.06785804629969427,,5,0.0,0.0020058412330441477
2018-05-16,calm,catchup,0.06375506152819321,,5,0.0,0.005870654530973907
2018-05-17,calm,catchup,0.05028790606922873,,5,0.0,0.01876827660002789
2018-05-18,calm,catchup,0.07,0.006333333333333333,6,1.4842387676318802,0.02712942143387953
2018-05-21,calm,normal,0.07422026605546406,,6,0.0,-0.003928678492504001
2018-05-22,calm,catchup,0.07543353313080825,,6,0.0,-0.005052411853841088
2018-05-23,calm,catchup,0.0684542151937455,,6,0.0,0.001446748755606908
2018-05-24,calm,catchup,0.0629594980245527,,6,0.0,0.006623490347968719
2018-05-25,calm,catchup,0.07,0.0003333333333333333,5,1.2947550539711958,-0.005342921758227925
2018-05-29,calm,catchup,0.07153970339528626,,5,0.0,-0.0014369074616717992
2018-05-30,calm,catchup,0.05823314309832894,,5,0.0,0.011119342631076279
2018-05-31,calm,catchup,0.06149257672815844,,5,0.0,0.008014585743090219
2018-06-01,calm,catchup,0.07,0.0006666666666666666,5,0.24799525094630326,0.00933157720064326
2018-06-04,calm,normal,0.06435679607392508,,5,0.0,0.005301985149050559
2018-06-05,calm,catchup,0.06321588322038352,,5,0.0,0.00638075191189591
2018-06-06,calm,catchup,0.0618433267305083,,5,0.0,0.007681616547524639
2018-06-07,calm,catchup,0.0576227817180468,,5,0.0,0.01170286655687125
2018-06-08,calm,catchup,0.07,0.0003333333333333333,6,2.260157986231067,0.013917456267859452
2018-06-11,calm,normal,0.06873595309593417,,6,0.0,0.0011827494905585212
2018-06-12,calm,catchup,0.06783727498961412,,6,0.0,0.0020253320061400792
2018-06-13,calm,catchup,0.07691945200400663,,6,0.0,-0.006425227059582261
2018-06-14,calm,catchup,0.06840353802344823,,6,0.0,0.0014942499905095108
2018-06-15,calm,catchup,0.07,0.0,5,2.1944885399872756,0.003577683973405632
2018-06-18,calm,normal,0.07682245842155022,,5,0.0,-0.006335731919587473
2018-06-19,calm,catchup,0.0729459314377876,,5,0.0,-0.0027456476151038745
2018-06-20,calm,catchup,0.07363612503259276,,5,0.0,-0.0033867387169767005
2018-06-21,calm,catchup,0.07513405711178156,,5,0.0,-0.004775271583874474
2018-06-22,calm,catchup,0.07,0.0033333333333333335,10,2.2597732515364872,-0.00020616695772768256
2018-06-25,calm,normal,0.11281930927107964,,10,0.0,-0.0384782227575895
2018-06-26,calm,catchup,0.0985293951244064,,10,0.0,-0.025970534107715326
2018-06-27,calm,catchup,0.1278764801644361,,10,0.0,-0.05131455543429542
2018-06-28,calm,catchup,0.11931866093181642,,9,0.0,-0.04406132288615583
2018-06-29,calm,catchup,0.07,0.023,6,2.1903846154680107,-0.043916571631755774
2018-07-02,calm,normal,0.06369274316457418,,6,0.0,0.005929585282927974
2018-07-03,calm,catchup,0.0552771594976913,,6,0.0,0.01395163381468123
2018-07-05,calm,catchup,0.049305842689737034,,6,0.0,0.01972175934636633
2018-07-06,calm,catchup,0.07,0.015333333333333332,6,1.319104030781559,0.03967069845422588
2018-07-09,calm,normal,0.07191480614430001,,6,0.0,-0.0017863417254097014
2018-07-10,calm,catchup,0.07595804029871767,,6,0.0,-0.005537428111103249
2018-07-11,calm,catchup,0.07621975049348384,,6,0.0,-0.0057792569692498574
2018-07-12,calm,catchup,0.0643107250317827,,6,0.0,0.005345501867462188
2018-07-13,calm,catchup,0.07,0.013666666666666667,7,1.1395554227441997,-0.005164708144111185
2018-07-16,calm,normal,0.07201627632547414,,7,0.0,-0.0018808262243789065
2018-07-17,calm,catchup,0.05386199018012694,,7,0.0,0.01531320986072826
2018-07-18,calm,catchup,0.054714153207633176,,7,0.0,0.014492881076715536
2018-07-19,calm,catchup,0.03466321473581524,,7,0.0,0.034152934752983866
2018-07-20,calm,catchup,0.07,0.0016666666666666668,7,2.395294429760715,0.021965997028638773
2018-07-23,calm,normal,0.07671528110094594,,7,0.0,-0.006236821580241192
2018-07-24,calm,catchup,0.07574901341776052,,7,0.0,-0.005344195854287026
2018-07-25,calm,catchup,0.05385175847908363,,7,0.0,0.015323067396330492
2018-07-26,calm,catchup,0.04016610485045202,,7,0.0,0.02868185668656964
2018-07-27,calm,catchup,0.07,0.0016666666666666668,5,1.73514856088736,0.024998267191863377
2018-07-30,calm,normal,0.08220807546384257,,5,0.0,-0.011280710004506367
2018-07-31,calm,catchup,0.07049635158270795,,5,0.0,-0.000463664898973315
2018-08-01,calm,catchup,0.07354592734857746,,5,0.0,-0.0033030047976940757
2018-08-02,calm,catchup,0.09023675517875196,,4,0.0,-0.018561798694297305
2018-08-03,calm,catchup,0.07,0.031,9,1.7236270806686913,-0.01555832252735656
2018-08-06,calm,normal,0.05764526603492315,,9,0.0,0.011681358922348783
2018-08-07,calm,catchup,0.050622457901924545,,9,0.0,0.018443868158664944
2018-08-08,calm,catchup,0.06821855459528092,,8,0.0,0.0016676787695324435
2018-08-09,calm,catchup,0.059055464306085215,,8,0.0,0.010334242221285317
2018-08-10,calm,catchup,0.07,0.0003333333333333333,5,1.1158202238826558,0.06374473767633781
2018-08-13,calm,normal,0.07765303437039028,,5,0.0,-0.007101575485157441
2018-08-14,calm,catchup,0.06718851920155422,,5,0.0,0.0026344743668620385
2018-08-15,calm,catchup,0.07009884481008744,,5,0.0,-9.23697942173396e-05
2018-08-16,calm,catchup,0.06253187158514928,,5,0.0,0.007028615907501479
2018-08-17,calm,catchup,0.07,0.0013333333333333333,6,2.476468797220429,0.011381646322755845
2018-08-20,calm,normal,0.07525946905551373,,6,0.0,-0.004891348745929558
2018-08-21,calm,catchup,0.06313602233041138,,6,0.0,0.006456349446746001
2018-08-22,calm,catchup,0.06063244515955013,,6,0.0,0.008832046278803851
2018-08-23,calm,catchup,0.0596786020999831,,6,0.0,0.009740121089133025
2018-08-24,calm,catchup,0.07,0.0013333333333333333,6,3.8820964573935677,0.016085933985915846
2018-08-27,calm,normal,0.07934025988027371,,6,0.0,-0.008653675052675003
2018-08-28,calm,catchup,0.09547861413680181,,5,0.0,-0.023257974923479363
2018-08-29,calm,catchup,0.09535648556727594,,5,0.0,-0.02314907146794687
2018-08-30,calm,catchup,0.09671799809549353,,5,0.0,-0.024361775900359595
2018-08-31,calm,catchup,0.07,0.0,5,1.3827013731556304,-0.024290540951501516
2018-09-04,calm,catchup,0.07319930697715948,,5,0.0,-0.0029810930331020113
2018-09-05,calm,catchup,0.08749813108854965,,5,0.0,-0.016090263135472682
2018-09-06,calm,catchup,0.08139709982192955,,5,0.0,-0.010539236533745222
2018-09-07,calm,catchup,0.07,0.0,5,2.279101885897551,-0.013727276985721404
2018-09-10,calm,normal,0.06792830566642793,,5,0.0,0.0019399189276843032
2018-09-11,calm,catchup,0.06192265948249731,,5,0.0,0.00760633596559579
2018-09-12,calm,catchup,0.06291321228589197,,5,0.0,0.006667324888047332
2018-09-13,calm,catchup,0.058353047525009805,,5,0.0,0.011004789471931842
2018-09-14,calm,catchup,0.07,0.0,4,2.9230502260054516,0.011011851152394225
2018-09-17,calm,normal,0.07280745947173561,,4,0.0,-0.002616927620095022
2018-09-18,calm,catchup,0.07160096647041403,,4,0.0,-0.0014939949855469203
2018-09-19,calm,catchup,0.07290612185318524,,4,0.0,-0.002708645047309055
2018-09-20,calm,catchup,0.05988233829059353,,4,0.0,0.009546023500801581
2018-09-21,calm,catchup,0.07,0.0003333333333333333,5,3.1667251367956646,0.007237177129906458
2018-09-24,calm,normal,0.07202874858104269,,5,0.0,-0.001892438597125179
2018-09-25,calm,catchup,0.06611945166571198,,5,0.0,0.003639881373728837
2018-09-26,calm,catchup,0.07275986459570172,,5,0.0,-0.0025726769678708905
2018-09-27,calm,catchup,0.07517361186862659,,5,0.0,-0.0048118850867581164
2018-09-28,calm,catchup,0.07,0.0,5,1.8772018353198505,-0.008950189392973429
2018-10-01,calm,normal,0.06970092140470019,,5,0.0,0.00027959085508411086
2018-10-02,calm,catchup,0.060539233495463085,,5,0.0,0.0089207133557474
2018-10-03,calm,catchup,0.06157006486226946,,5,0.0,0.007941006832011821
2018-10-04,calm,catchup,0.07045848091754725,,4,0.0,-0.00042830331649501563
2018-10-05,calm,catchup,0.07,0.0023333333333333335,6,3.560611566391563,-0.00603633393318348
2018-10-08,calm,normal,0.08289717153704013,,6,0.0,-0.011909876464756164
2018-10-09,calm,catchup,0.08883288223958696,,6,0.0,-0.017296393732020743
2018-10-10,choppy,catchup,0.13182035932796765,,5,0.0,-0.05462029271559854
2018-10-11,stress,catchup,0.141173474840397,,3,0.0,-0.06236867260724854
2018-10-12,choppy,catchup,0.07,0.023,7,1.1233976372077967,-0.041145352959325976
2018-10-15,choppy,normal,0.06946645751473146,,7,0.0,0.0004988866004347337
2018-10-16,calm,catchup,0.07837357305276949,,6,0.0,-0.007765002093907736
2018-10-17,calm,catchup,0.08084884881764998,,6,0.0,-0.010037341326234128
2018-10-18,choppy,catchup,0.0937408550840706,,6,0.0,-0.021706106134478986
2018-10-19,calm,catchup,0.07,0.008666666666666666,6,3.227573177614457,-0.048640133560987175
2018-10-22,calm,normal,0.07845874180528933,,6,0.0,-0.007843361528258153
2018-10-23,choppy,catchup,0.08915286788270671,,6,0.0,-0.017585105312112437
2018-10-24,stress,catchup,0.09941824921486098,,6,0.0,-0.02675801428243496
2018-10-25,choppy,catchup,0.09480841987834854,,6,0.0,-0.02266005579414987
2018-10-26,choppy,catchup,0.07,0.06133333333333333,5,1.7856300050462077,-0.03754319072651002
2018-10-29,stress,normal,0.083336580278351,,5,0.0,-0.012310652590466709
2018-10-30,choppy,catchup,0.07905834614452467,,4,0.0,-0.00839467687441553
2018-10-31,choppy,catchup,0.03697366824495485,,4,0.0,0.03184876604527598
2018-11-01,choppy,normal,0.022055239639544366,,4,0.0,0.046910145852160356
2018-11-02,choppy,catchup,0.07,0.0016666666666666668,8,1.8051326847936833,0.03376307499025577
2018-11-05,choppy,normal,0.06235576857500358,,8,0.0,0.007195547528536572
2018-11-06,calm,catchup,0.0507229783892047,,8,0.0,0.01834643574688699
2018-11-07,calm,catchup,0.040502166841523524,,8,0.0,0.02834961242610201
2018-11-08,calm,catchup,0.04115978955937227,,8,0.0,0.027700080938424687
2018-11-09,calm,catchup,0.07,0.07033333333333333,7,2.532021280976452,0.035448496614495006
2018-11-12,choppy,normal,0.15519856059299775,,6,0.0,-0.07375230847696246
2018-11-13,choppy,brake,0.16744055489709853,0.0,1,0.5906407448883745,-0.08346511048323746
2018-11-14,stress,brake,0.16517237305464838,0.0,1,0.1675052672135753,-0.08168093859378223
2018-11-15,choppy,brake,0.16829717744541717,0.0003333333333333333,2,0.1613468500681,-0.0841371350912209
2018-11-16,choppy,catchup,0.07,0.09833333333333333,7,1.6826431294379647,-0.08906273375698748
2018-11-19,choppy,normal,0.1058783511908663,,7,0.0,-0.032443307306116
2018-11-20,choppy,catchup,0.11207193939757332,,7,0.0,-0.03783203038138372
2018-11-21,choppy,catchup,0.09431095157967628,,7,0.0,-0.022215761931818845
2018-11-23,choppy,catchup,0.07,0.012666666666666666,6,2.622879064018787,-0.01797018381390969
2018-11-26,choppy,normal,0.05320525370369644,,6,0.0,0.015946318381192315
2018-11-27,choppy,catchup,0.060776233619598496,,6,0.0,0.008695298865179169
2018-11-28,calm,catchup,0.035528041965066315,,6,0.0,0.03328925595246868
2018-11-29,choppy,catchup,0.04433725350581108,,6,0.0,0.024573236670472065
2018-11-30,calm,catchup,0.07,0.13633333333333333,5,3.150927369357651,0.035041962036975516
2018-12-03,calm,normal,0.024202495065403173,,5,0.0,0.04471528350619014
2018-12-04,choppy,catchup,0.07187039744965196,,5,0.0,-0.0017449847053359058
2018-12-06,choppy,catchup,0.13433211576889148,,4,0.0,-0.05671365103269144
2018-12-07,stress,catchup,0.07,0.011333333333333334,4,1.7083114104250887,-0.07409666104715318
2018-12-10,stress,normal,0.07302790412819604,,4,0.0,-0.002821831675156705
2018-12-11,stress,catchup,0.07176167895054952,,4,0.0,-0.0016437226532249882
2018-12-12,choppy,catchup,0.0684967509689951,,4,0.0,0.0014068821731481052
2018-12-13,choppy,catchup,0.08519383818731985,,4,0.0,-0.01400103617681725
2018-12-14,choppy,catchup,0.07,0.0016666666666666668,7,1.051689679173828,-0.02108081640645698
2018-12-17,choppy,normal,0.09338164161741291,,7,0.0,-0.02138470295040351
2018-12-18,choppy,catchup,0.09196611911804942,,6,0.0,-0.0201161178295447
2018-12-19,choppy,catchup,0.097211750477741,,6,0.0,-0.024800819409646735
2018-12-20,stress,catchup,0.11856956674828978,,5,0.0,-0.04342114088574989
2018-12-21,stress,catchup,0.07,0.0016666666666666668,4,1.485105898711568,-0.056516983095726614
2018-12-24,stress,normal,0.08317148079604286,,4,0.0,-0.012160106714001362
2018-12-26,stress,catchup,0.05466612997749065,,4,0.0,0.014539075055758799
2018-12-27,choppy,catchup,0.054942886445497274,,4,0.0,0.014272918229000897
2018-12-28,choppy,catchup,0.07,0.069,7,1.8170443663130282,0.016916687585910806
2018-12-31,choppy,normal,0.060527601699656985,,7,0.0,0.008931779130653572
2019-01-02,choppy,catchup,0.053719953107008056,,7,0.0,0.01545006986437758
2019-01-03,choppy,catchup,0.07828476994733347,,7,0.0,-0.007683285694314423
2019-01-04,choppy,catchup,0.07,0.009,7,2.8466623386820173,0.03122741995442091
2019-01-07,choppy,normal,0.07292693166686903,,7,0.0,-0.0027279878810775315
2019-01-08,choppy,catchup,0.06383800698135955,,7,0.0,0.005792228683505263
2019-01-09,choppy,catchup,0.0659972297777891,,7,0.0,0.0037549536813010764
2019-01-10,choppy,catchup,0.05368310367683837,,7,0.0,0.015485582207993787
2019-01-11,choppy,catchup,0.07,0.029666666666666668,9,1.7793980746572076,0.01305586507722456
2019-01-14,choppy,normal,0.0732035191856184,,9,0.0,-0.002985006225146636
2019-01-15,choppy,catchup,0.06032391802342518,,9,0.0,0.009125590597458544
2019-01-16,choppy,catchup,0.06813001536053243,,9,0.0,0.0017507088206265564
2019-01-17,choppy,catchup,0.058619847691021576,,9,0.0,0.010749989558385797
2019-01-18,choppy,catchup,0.07,0.016666666666666666,7,1.781513874683628,0.022329638191723067
2019-01-22,choppy,catchup,0.07675986983393224,,7,0.0,-0.006277973412005755
2019-01-23,choppy,catchup,0.06668865179288908,,7,0.0,0.0031043249607514145
2019-01-24,choppy,catchup,0.0671997272645184,,6,0.0,0.002623944388234989
2019-01-25,choppy,catchup,0.07,0.006,6,1.9430701562155503,-0.0016680485371478593
2019-01-28,choppy,normal,0.06877835313016423,,6,0.0,0.0011430310749258599
2019-01-29,choppy,catchup,0.06224648669082389,,6,0.0,0.007299165877526548
2019-01-30,choppy,catchup,0.05725770620519599,,5,0.0,0.012052211792846546
2019-01-31,choppy,catchup,0.04072047879960605,,5,0.0,0.028133895504935058
2019-02-01,choppy,catchup,0.07,0.007333333333333333,5,0.680207797022394,0.017585157909937088
2019-02-04,calm,normal,0.06710158627009055,,5,0.0,0.002716155394389963
2019-02-05,calm,catchup,0.0622162628131524,,5,0.0,0.007327827166036194
2019-02-06,calm,catchup,0.07002481500067592,,5,0.0,-2.3191051579440902e-05
2019-02-07,choppy,catchup,0.0661038292971623,,5,0.0,0.0036545884141570006
2019-02-08,choppy,catchup,0.07,0.003,8,2.2185396034431517,0.011793346405331917
2019-02-11,choppy,normal,0.07059977673656204,,8,0.0,-0.0005602249781802016
2019-02-12,calm,catchup,0.0603052768866037,,8,0.0,0.009143331948571642
2019-02-13,calm,catchup,0.05484000372191877,,8,0.0,0.014371844284053026
2019-02-14,calm,catchup,0.05873860573294576,,8,0.0,0.010636614369283537
2019-02-15,calm,catchup,0.07,0.007333333333333333,6,2.788598060736515,0.008807985711659194
2019-02-19,calm,catchup,0.07399164485973442,,6,0.0,-0.0037166442391231014
2019-02-20,calm,catchup,0.06546663083211235,,6,0.0,0.0042548204107970555
2019-02-21,calm,catchup,0.06865081252466787,,6,0.0,0.001262514807942594
2019-02-22,calm,catchup,0.07,0.004,10,1.3472801270059604,0.009998836246410958
2019-02-25,calm,normal,0.06596297779129867,,10,0.0,0.0037872067724773473
2019-02-26,calm,catchup,0.0707849777597318,,10,0.0,-0.0007330862647831893
2019-02-27,calm,catchup,0.06693705434409702,,10,0.0,0.002870783841869562
2019-02-28,calm,catchup,0.06315664155260281,,10,0.0,0.0064368298893411335
2019-03-01,calm,catchup,0.07,0.004666666666666667,6,2.696864268100013,0.0095306133899411
2019-03-04,calm,normal,0.08601038562926977,,6,0.0,-0.014742387219430442
2019-03-05,calm,catchup,0.08798936111812905,,6,0.0,-0.016534500943686914
2019-03-06,calm,catchup,0.09825876108120268,,6,0.0,-0.02573051277404126
2019-03-07,calm,catchup,0.11331921988089655,,5,0.0,-0.038909972187070374
2019-03-08,calm,catchup,0.07,0.004333333333333333,6,2.9249690979957106,-0.03861732032959331
2019-03-11,calm,normal,0.06430972893042086,,6,0.0,0.005346442783434435
2019-03-12,calm,catchup,0.05851867200514005,,6,0.0,0.01084659940207855
2019-03-13,calm,catchup,0.050377550584906006,,6,0.0,0.01868132977915149
2019-03-14,calm,catchup,0.049911303625518766,,6,0.0,0.019133708061920718
2019-03-15,calm,catchup,0.07,0.012666666666666666,6,2.482589857584448,0.02556422324201235
2019-03-18,calm,normal,0.08553118685930183,,6,0.0,-0.014307453389927116
2019-03-19,calm,catchup,0.07764461392054911,,6,0.0,-0.007093817221187071
2019-03-20,calm,catchup,0.08296130527344348,,6,0.0,-0.011968391862505867
2019-03-21,calm,catchup,0.06597315117834657,,6,0.0,0.0037776268728739737
2019-03-22,calm,catchup,0.07,0.004666666666666667,7,2.0186950907037833,-0.02068055398608759
2019-03-25,calm,normal,0.07093279207644643,,7,0.0,-0.0008710089777320684
2019-03-26,calm,catchup,0.05989069714724282,,7,0.0,0.009538061688782573
2019-03-27,calm,catchup,0.07240353182437809,,7,0.0,-0.0022412569084784284
2019-03-28,calm,catchup,0.08116969783932904,,7,0.0,-0.010331123653993579
2019-03-29,calm,catchup,0.07,0.008,8,3.222041346246413,-0.00619200718362245
2019-04-01,calm,normal,0.07738053268446521,,8,0.0,-0.006850441845348221
2019-04-02,calm,catchup,0.07769203363042543,,8,0.0,-0.007137506254466075
2019-04-03,calm,catchup,0.0713195430894158,,8,0.0,-0.0012316988875331614
2019-04-04,calm,catchup,0.07547275595451253,,8,0.0,-0.005088697899794936
2019-04-05,calm,catchup,0.07,0.0003333333333333333,5,3.4138117250225353,0.0008138763502918422
2019-04-08,calm,normal,0.07293598013986213,,5,0.0,-0.002736398251346972
2019-04-09,calm,catchup,0.07834451895575634,,5,0.0,-0.007738268066532994
2019-04-10,calm,catchup,0.06951067464165805,,5,0.0,0.00045752265025877925
2019-04-11,calm,catchup,0.0687054066129007,,5,0.0,0.0012113659939294585
2019-04-12,calm,catchup,0.07,0.0023333333333333335,7,1.8743798690482674,0.007186501384904842
2019-04-15,calm,normal,0.07326917898507368,,7,0.0,-0.003046000993120024
2019-04-16,calm,catchup,0.09179942729364199,,6,0.0,-0.019966512849048157
2019-04-17,calm,catchup,0.10017749638456785,,4,0.0,-0.027429661562555108
2019-04-18,calm,catchup,0.07,0.0013333333333333333,7,2.190356784300936,-0.0072144276271310925
2019-04-22,calm,normal,0.0729596334317888,,7,0.0,-0.0027583828315353998
2019-04-23,calm,catchup,0.07729344761233081,,6,0.0,-0.006770158705128759
2019-04-24,calm,catchup,0.07566691441224083,,6,0.0,-0.005268279925981778
2019-04-25,calm,catchup,0.07901784166076764,,6,0.0,-0.008357453707056206
2019-04-26,calm,catchup,0.07,0.006,9,2.0822185323747733,-0.0015076779338524249
2019-04-29,calm,normal,0.07925882933468453,,9,0.0,-0.008578877543575003
2019-04-30,calm,catchup,0.08687404410208477,,8,0.0,-0.015525298624667339
2019-05-01,calm,catchup,0.09201408505936048,,8,0.0,-0.020159158531516286
2019-05-02,calm,catchup,0.09375489225372724,,8,0.0,-0.021718661486193835
2019-05-03,calm,catchup,0.07,0.004,6,0.7359093674554714,-0.01779640785246528
2019-05-06,calm,normal,0.07329595844518311,,5,0.0,-0.003070875669705986
2019-05-07,calm,catchup,0.08598984482042238,,5,0.0,-0.014723751696836818
2019-05-08,calm,catchup,0.09524202258739356,,5,0.0,-0.023046981458729965
2019-05-09,calm,catchup,0.09920363369829688,,4,0.0,-0.026567992320076783
2019-05-10,calm,catchup,0.07,0.012666666666666666,6,0.6426716781288198,-0.02085355695439428
2019-05-13,choppy,normal,0.10250567823527978,,6,0.0,-0.029483456527235052
2019-05-14,calm,catchup,0.08510504781743489,,6,0.0,-0.01392035531289526
2019-05-15,calm,catchup,0.07717653158826288,,6,0.0,-0.006662354198973541
2019-05-16,calm,catchup,0.06616977422324122,,6,0.0,0.003592510188679343
2019-05-17,calm,catchup,0.07,0.023666666666666666,7,0.8218970781975787,-0.01311518872772166
2019-05-20,calm,normal,0.10494320466636387,,6,0.0,-0.0316244351010917
2019-05-21,calm,catchup,0.0995456928133629,,6,0.0,-0.02687081856304252
2019-05-22,calm,catchup,0.09463884057764549,,6,0.0,-0.02250864820824683
2019-05-23,calm,catchup,0.10448319330032518,,5,0.0,-0.03122111183718901
2019-05-24,calm,catchup,0.07,0.006666666666666667,10,0.9427869241594947,-0.03558548099236958
2019-05-28,calm,catchup,0.07074680008296941,,10,0.0,-0.0006974572166935644
2019-05-29,calm,catchup,0.08614834332134258,,10,0.0,-0.014867530223323211
2019-05-30,calm,catchup,0.0736579216475135,,10,0.0,-0.0034069712277634556
2019-05-31,choppy,catchup,0.07,0.006333333333333333,5,1.0220124395419283,-0.007355688319667042
2019-06-03,choppy,normal,0.07269605240555777,,5,0.0,-0.002513342339157232
2019-06-04,calm,catchup,0.0675886009251685,,5,0.0,0.002258734378338012
2019-06-05,calm,catchup,0.058507715651533454,,5,0.0,0.010857062427166886
2019-06-06,calm,catchup,0.05266273986353931,,5,0.0,0.016469909573039843
2019-06-07,calm,catchup,0.07,0.004666666666666667,8,1.5424553314788498,0.025297993964585874
2019-06-10,calm,normal,0.0715509127348597,,8,0.0,-0.001447353286183506
2019-06-11,calm,catchup,0.07884514027762357,,8,0.0,-0.008198711703282457
2019-06-12,calm,catchup,0.07723416409543393,,8,0.0,-0.006715498205080106
2019-06-13,calm,catchup,0.07594184440632268,,8,0.0,-0.005522458706493816
2019-06-14,calm,catchup,0.07,0.012333333333333333,6,2.1039791156016516,-0.010686684877088348
2019-06-17,calm,normal,0.07607797198622412,,6,0.0,-0.005648263550089627
2019-06-18,calm,catchup,0.06662857473938888,,6,0.0,0.003160824058585643
2019-06-19,calm,catchup,0.056484813822545554,,6,0.0,0.012792598625771312
2019-06-20,calm,catchup,0.04661988138776163,,6,0.0,0.022338691465747518
2019-06-21,calm,catchup,0.07,0.004,9,1.4583661681212454,0.022983453518109043
2019-06-24,calm,normal,0.07450206181488062,,9,0.0,-0.004189905235990277
2019-06-25,calm,catchup,0.08907626139135294,,9,0.0,-0.0175160014662169
2019-06-26,calm,catchup,0.09199757345232995,,9,0.0,-0.02014434279628019
2019-06-27,calm,catchup,0.08096509523977802,,9,0.0,-0.010143801393832863
2019-06-28,calm,catchup,0.07,0.004,8,0.6533021338506172,0.005137859776949361
2019-07-01,calm,normal,0.061111397616809615,,8,0.0,0.008376691083663568
2019-07-02,calm,catchup,0.04898822950813875,,8,0.0,0.020030511211468482
2019-07-03,calm,catchup,0.03894385460614469,,8,0.0,0.029892034354087826
2019-07-05,calm,catchup,0.07,0.001,5,1.5872886464192582,0.02114984009213705
2019-07-08,calm,normal,0.07102154034215791,,5,0.0,-0.0009537999971797051
2019-07-09,calm,catchup,0.07164101773657405,,5,0.0,-0.001531312920477812
2019-07-10,calm,catchup,0.06705558896729746,,5,0.0,0.0027593792330464773
2019-07-11,calm,catchup,0.06686937464964826,,5,0.0,0.0029344036156064845
2019-07-12,calm,catchup,0.07,0.0006666666666666666,6,1.506766451094011,0.006671602340292182
2019-07-15,calm,normal,0.07103034913123318,,6,0.0,-0.0009620167459015727
2019-07-16,calm,catchup,0.07433901930405118,,6,0.0,-0.004038780334779113
2019-07-17,calm,catchup,0.07387458177788164,,6,0.0,-0.003608039377807848
2019-07-18,calm,catchup,0.07005946348294123,,6,0.0,-5.5570260317772124e-05
2019-07-19,calm,catchup,0.07,0.0026666666666666666,7,1.3949080278819768,-0.004953310951346324
2019-07-22,calm,normal,0.07094529106880199,,7,0.0,-0.0008826698027296631
2019-07-23,calm,catchup,0.06705801675848622,,7,0.0,0.002757097735370584
2019-07-24,calm,catchup,0.06965149046920671,,7,0.0,0.0003258159633288127
2019-07-25,calm,catchup,0.06672857717442016,,7,0.0,0.003066780899641186
2019-07-26,calm,catchup,0.07,0.021,5,1.9390571892865924,0.01855791851309463
2019-07-29,calm,normal,0.06203849790652671,,5,0.0,0.007496434554083331
2019-07-30,calm,catchup,0.04542467049999788,,5,0.0,0.023507508664635246
2019-07-31,calm,catchup,0.047784953464846014,,5,0.0,0.021201914058502913
2019-08-01,calm,catchup,0.06601510841068747,,5,0.0,0.0037381192422814014
2019-08-02,calm,catchup,0.07,0.08433333333333333,7,2.799173842336538,-0.007925067348779735
2019-08-05,choppy,normal,0.09978005803682444,,7,0.0,-0.027078194243659648
2019-08-06,choppy,catchup,0.09438009661370628,,7,0.0,-0.02227754021582118
2019-08-07,calm,catchup,0.050148613051170354,,7,0.0,0.018903407291233076
2019-08-08,calm,bank,-0.0004907765957672394,,7,0.0,0.07052538880600068
2019-08-09,calm,catchup,0.07,0.024333333333333332,6,2.0707274955177484,0.05298807928875582
2019-08-12,choppy,normal,0.09320485014262103,,6,0.0,-0.021226442729003203
2019-08-13,calm,catchup,0.059754048321234654,,6,0.0,0.009668235469348918
2019-08-14,choppy,catchup,0.10692604030164676,,6,0.0,-0.03335908539253818
2019-08-15,choppy,catchup,0.12182578357641494,,6,0.0,-0.04619771120894778
2019-08-16,calm,catchup,0.07,0.049,4,2.770679552766973,-0.026823292314951175
2019-08-19,calm,normal,0.0621786155004147,,4,0.0,0.007363530375633198
2019-08-20,calm,catchup,0.07428170216996244,,4,0.0,-0.003985641905017823
2019-08-21,calm,catchup,0.07468101053998599,,4,0.0,-0.004355720901436433
2019-08-22,calm,catchup,0.08384947009022259,,4,0.0,-0.012778038346108689
2019-08-23,calm,catchup,0.07,0.006666666666666667,8,2.149540893272123,-0.04141832967273862
2019-08-26,calm,normal,0.06366408354642217,,8,0.0,0.005956689289021488
2019-08-27,choppy,catchup,0.0632278444320522,,8,0.0,0.006369430224586914
2019-08-28,calm,catchup,0.05786272218804345,,8,0.0,0.01147339589285501
2019-08-29,calm,catchup,0.048710583326237566,,8,0.0,0.020300564342774052
2019-08-30,calm,catchup,0.07,0.058666666666666666,6,3.1418713210687454,0.022279039614653495
2019-09-03,calm,catchup,0.09542290977986245,,5,0.0,-0.023208305717260846
2019-09-04,calm,catchup,0.06256378300468057,,5,0.0,0.006998372346450177
2019-09-05,calm,catchup,0.06726558466324861,,5,0.0,0.002562075809475539
2019-09-06,calm,catchup,0.07,0.06666666666666667,6,2.3544760499319675,-0.00017943183387258976
2019-09-09,calm,normal,0.09640485823620293,,6,0.0,-0.024083127722254516
2019-09-10,calm,catchup,0.09429921895869908,,6,0.0,-0.02220527853599441
2019-09-11,calm,catchup,0.14640321696613867,,5,0.0,-0.06664602457094748
2019-09-12,calm,brake,0.1805750093170475,0.0,2,0.6437511679854849,-0.09366199389652852
2019-09-13,calm,catchup,0.07,0.019666666666666666,8,1.45634577768192,-0.09371406550780315
2019-09-16,calm,normal,0.07379823827900323,,7,0.0,-0.003537199208941466
2019-09-17,calm,catchup,0.0633266084253421,,7,0.0,0.006275956532810323
2019-09-18,calm,catchup,0.061997987601590365,,7,0.0,0.007534865877176777
2019-09-19,calm,catchup,0.054237158044199596,,7,0.0,0.014951893732377375
2019-09-20,calm,catchup,0.07,0.022,6,2.272920301377416,0.02066874089646853
2019-09-23,calm,normal,0.07161240880578279,,6,0.0,-0.0015046567140629685
2019-09-24,calm,catchup,0.09226495982993499,,6,0.0,-0.020384211385304885
2019-09-25,calm,catchup,0.08191150391425261,,6,0.0,-0.011009684129577924
2019-09-26,calm,catchup,0.09274149197250381,,6,0.0,-0.020811410694631216
2019-09-27,calm,catchup,0.07,0.03666666666666667,6,1.8137557332824388,-0.038113823684614245
2019-09-30,calm,normal,0.08389256661187372,,5,0.0,-0.012817291159492261
2019-10-01,calm,catchup,0.09673624210203835,,5,0.0,-0.02437800546355129
2019-10-02,choppy,catchup,0.09881123394516123,,5,0.0,-0.026220367115940002
2019-10-03,calm,catchup,0.09790994018494525,,5,0.0,-0.02542097412857347
2019-10-04,calm,catchup,0.07,0.021333333333333333,6,0.8789806324945171,-0.013369981059682567
2019-10-07,calm,normal,0.07973276301878673,,6,0.0,-0.009014048060906443
2019-10-08,choppy,catchup,0.10267881485469665,,5,0.0,-0.029635841746903258
2019-10-09,calm,catchup,0.10538111635997094,,5,0.0,-0.032008070190742144
2019-10-10,calm,catchup,0.09747653081674446,,5,0.0,-0.025036098764040338
2019-10-11,calm,catchup,0.07,0.01633333333333333,8,1.9106134096512468,-0.041196307019113365
2019-10-14,calm,normal,0.07576565218124975,,8,0.0,-0.005359580099586925
2019-10-15,calm,catchup,0.07126999130104705,,8,0.0,-0.0011855006780359112
2019-10-16,calm,catchup,0.0855624500152461,,8,0.0,-0.014335840388572274
2019-10-17,calm,catchup,0.08580844742772142,,8,0.0,-0.014559149420113271
2019-10-18,calm,catchup,0.07,0.035666666666666666,6,1.184392478051726,-0.01882129014824141
2019-10-21,calm,normal,0.061996277215176976,,6,0.0,0.007536488551363796
2019-10-22,calm,catchup,0.06707127307040217,,6,0.0,0.0027446404036075567
2019-10-23,calm,catchup,0.056308841169683044,,6,0.0,0.012961321818679927
2019-10-24,calm,catchup,0.04887673525621383,,6,0.0,0.020138939146768564
2019-10-25,calm,catchup,0.07,0.02666666666666667,6,2.4447219970623104,0.01981057247701523
2019-10-28,calm,normal,0.07344240174719174,,6,0.0,-0.003206880724656247
2019-10-29,calm,catchup,0.07479701387455084,,6,0.0,-0.004463181245040859
2019-10-30,calm,catchup,0.08559997500620198,,6,0.0,-0.014369910985041146
2019-10-31,calm,catchup,0.07395102125580055,,6,0.0,-0.003678958516358022
2019-11-01,calm,catchup,0.07,0.02266666666666667,6,2.482335305526638,0.0032078497511065507
2019-11-04,calm,normal,0.06536200181721852,,6,0.0,0.004353448100148372
2019-11-05,calm,catchup,0.060556032469872845,,6,0.0,0.00890473227344124
2019-11-06,calm,catchup,0.06589777430783639,,6,0.0,0.0038486108058790602
2019-11-07,calm,catchup,0.0661313867150366,,6,0.0,0.003628645899717231
2019-11-08,calm,catchup,0.07,0.012,6,1.770593414286947,-0.0019155063569915587
2019-11-11,calm,normal,0.07059270457544109,,6,0.0,-0.0005536228417286626
2019-11-12,calm,catchup,0.05763456310750481,,6,0.0,0.011691596817868355
2019-11-13,calm,catchup,0.05504719215691578,,6,0.0,0.014172643607074153
2019-11-14,calm,catchup,0.037621728490123685,,6,0.0,0.0312043113794378
2019-11-15,calm,catchup,0.07,0.0036666666666666666,9,1.4096503876917366,0.03418696384671094
2019-11-18,calm,normal,0.08115249861888829,,9,0.0,-0.010315379775873379
2019-11-19,calm,catchup,0.08514391665735754,,9,0.0,-0.01395567576327239
2019-11-20,calm,catchup,0.08200758801826091,,9,0.0,-0.011097508142482782
2019-11-21,calm,catchup,0.0810720292203655,,7,0.0,-0.010241712782403822
2019-11-22,calm,catchup,0.07,0.014,7,1.4765794291282277,-0.0017224596940315084
2019-11-25,calm,normal,0.06279590541235947,,7,0.0,0.006778436528550147
2019-11-26,calm,catchup,0.05884521377366103,,7,0.0,0.010534860129918444
2019-11-27,calm,catchup,0.059453915392069456,,7,0.0,0.00995426460246529
2019-11-29,calm,catchup,0.07,0.012666666666666666,9,0.7252807712101358,0.000483839945674136
2019-12-02,calm,normal,0.0751212753542081,,9,0.0,-0.004763439689648763
2019-12-03,calm,catchup,0.07316735449531553,,9,0.0,-0.002951407794924088
2019-12-04,calm,catchup,0.07361540490741758,,9,0.0,-0.0033675046864005687
2019-12-05,calm,catchup,0.06907515759141236,,9,0.0,0.0008650864272923275
2019-12-06,calm,catchup,0.07,0.002,7,2.0782936444914326,-0.00046385829273687396
2019-12-09,calm,normal,0.08065817127370578,,7,0.0,-0.009862666620235383
2019-12-10,calm,catchup,0.09245324784293607,,7,0.0,-0.020553051480482365
2019-12-11,calm,catchup,0.08866081290415284,,7,0.0,-0.01714107156513922
2019-12-12,calm,catchup,0.0844318677688154,,6,0.0,-0.013308229126932969
2019-12-13,calm,catchup,0.07,0.005666666666666667,7,0.971140866979949,-0.012989925238352185
2019-12-16,calm,normal,0.06362052099378168,,7,0.0,0.005997890112403814
2019-12-17,calm,catchup,0.06516908952531142,,7,0.0,0.0045353460987509475
2019-12-18,calm,catchup,0.0726273714224781,,7,0.0,-0.00244947266168849
2019-12-19,calm,catchup,0.07059464276257388,,7,0.0,-0.0005554322231983155
2019-12-20,calm,catchup,0.07,0.0003333333333333333,5,1.9968371029679806,0.01425897507978413
2019-12-23,calm,normal,0.07027137293058483,,5,0.0,-0.0002535552547217046
2019-12-24,calm,catchup,0.068977695397751,,5,0.0,0.0009563385715627426
2019-12-26,calm,catchup,0.06964977651913706,,5,0.0,0.0003274188323609817
2019-12-27,calm,catchup,0.07,0.0006666666666666666,5,2.1811432699218556,-0.0002969488544423138
2019-12-30,calm,normal,0.07216260316656542,,5,0.0,-0.0020170477501996187
2019-12-31,calm,catchup,0.07550864873417296,,5,0.0,-0.005121900916981281
2020-01-02,calm,catchup,0.069234345766082,,5,0.0,0.0007160771040977121
2020-01-03,calm,catchup,0.07,0.001,5,1.9993594288570697,0.0009794762872283869
2020-01-06,calm,normal,0.07537678869836983,,5,0.0,-0.004999911430929926
2020-01-07,calm,catchup,0.07916800513353817,,5,0.0,-0.008495438235683883
2020-01-08,calm,catchup,0.0750535387784328,,5,0.0,-0.004700732192533308
2020-01-09,calm,catchup,0.07229973323085748,,5,0.0,-0.0021446738813672983
2020-01-10,calm,catchup,0.07,0.0003333333333333333,6,1.0261424957422456,-0.0063854272386488775
2020-01-13,calm,normal,0.061832664932168546,,6,0.0,0.007691734618423318
2020-01-14,calm,catchup,0.06488893437244947,,6,0.0,0.004799623193157299
2020-01-15,calm,catchup,0.05548663582677671,,6,0.0,0.013750400697262188
2020-01-16,calm,catchup,0.055822301549734554,,6,0.0,0.01342811042109604
2020-01-17,calm,catchup,0.07,0.0013333333333333333,6,0.901944513278957,0.019518111066237687
2020-01-21,calm,catchup,0.07598131314335865,,6,0.0,-0.005558937753189164
2020-01-22,calm,catchup,0.06442249437780223,,6,0.0,0.0052399358822814435
2020-01-23,calm,catchup,0.05954052059831816,,6,0.0,0.009871712500221674
2020-01-24,calm,catchup,0.07,0.0016666666666666668,7,2.008811875073921,0.003206995302333482
2020-01-27,calm,normal,0.07784334655689418,,7,0.0,-0.007276889152722621
2020-01-28,calm,catchup,0.07148885125103854,,7,0.0,-0.0013895163251583798
2020-01-29,calm,catchup,0.07349410011004331,,7,0.0,-0.0032548852477950474
2020-01-30,calm,catchup,0.08073347157639588,,6,0.0,-0.009931654620393693
2020-01-31,calm,catchup,0.07,0.0013333333333333333,5,1.2600117385587235,-0.018338730891477528
2020-02-03,calm,normal,0.0607956548682822,,5,0.0,0.008676831479726088
2020-02-04,calm,catchup,0.04993415532321377,,5,0.0,0.019111526732463746
2020-02-05,calm,catchup,0.05213298258968457,,5,0.0,0.016981710207713663
2020-02-06,calm,catchup,0.052971093703476635,,5,0.0,0.01617224480173518
2020-02-07,calm,catchup,0.07,0.04533333333333334,6,1.8148016939359428,0.010496474604724249
2020-02-10,calm,normal,0.0365675090814046,,6,0.0,0.0322530762595703
2020-02-11,calm,catchup,0.03620551875946898,,6,0.0,0.03261368582652335
2020-02-12,calm,normal,0.021638358266543145,,6,0.0,0.047337339423623614
2020-02-13,calm,catchup,0.030803814698421306,,6,0.0,0.03802487412509836
2020-02-14,calm,catchup,0.07,0.019666666666666666,7,1.4240417036188489,0.04608587753920901
2020-02-18,calm,catchup,0.07173079766025259,,7,0.0,-0.0016149556064182224
2020-02-19,calm,catchup,0.04496887123904214,,7,0.0,0.023953946811140936
2020-02-20,calm,catchup,0.05447228934908832,,7,0.0,0.014725574875463776
2020-02-21,calm,catchup,0.07,0.017666666666666667,6,0.9059747566812344,-0.014431899532436065
2020-02-24,choppy,normal,0.1121482322249141,,5,0.0,-0.0378980346357195
2020-02-25,choppy,catchup,0.13325748486917144,,3,0.0,-0.05581916352970229
2020-02-26,choppy,catchup,0.1336139805894141,,3,0.0,-0.05611608685025071
2020-02-27,stress,catchup,0.14018205087452107,,1,0.0,-0.06155337283260276
2020-02-28,stress,catchup,0.07,0.0013333333333333333,3,0.7449308825215764,-0.061532173853456995
2020-03-02,stress,normal,0.04958224878451345,,3,0.0,0.01945321697192548
2020-03-03,stress,catchup,0.05107526534425033,,3,0.0,0.018005118453197966
2020-03-04,stress,catchup,0.028846274459089383,,3,0.0,0.03999987807949923
2020-03-05,stress,catchup,0.04947942347188361,,3,0.0,0.0195531003935554
2020-03-06,stress,catchup,0.07,0.050666666666666665,2,0.8482904649173147,0.008891331684738324
2020-03-09,stress,brake,0.3658403406320656,0.0003333333333333333,2,0.02920170679817884,-0.21659950422547958
2020-03-10,stress,brake,0.35448386722386793,0.0,1,0.20017155833770012,-0.2100311964637439
2020-03-11,stress,brake,0.36343013506840705,0.0,1,0.0,-0.21521464688301373
2020-03-12,stress,brake,0.38149894188202293,0.0,1,0.052659107572200145,-0.2254789579915757
2020-03-13,stress,catchup,0.07,0.12133333333333333,2,0.5305640547442172,-0.21319802020765521
2020-03-16,stress,normal,0.1535707536256643,,2,0.0,-0.07244527772830756
2020-03-17,stress,catchup,0.04293774990923471,,2,0.0,0.025948097183288832
2020-03-18,stress,catchup,0.09259330741984195,,2,0.0,-0.02067860682141276
2020-03-19,stress,catchup,0.04433448271766771,,2,0.0,0.02457595502883625
2020-03-20,stress,catchup,0.07,0.251,7,1.4128292503158482,-0.011267412705761148
2020-03-23,stress,normal,0.08716574207611893,,7,0.0,-0.01578944351515177
2020-03-24,stress,normal,0.01153450651622867,,7,0.0,0.05779881270202947
2020-03-25,stress,bank,-0.03534403094173855,,7,0.0,0.10920373098875857
2020-03-26,stress,bank,-0.0465417721567678,,7,0.0,0.12223060093612159
2020-03-27,stress,catchup,0.07,0.239,5,0.7742952888792513,0.1121199554830612
2020-03-30,stress,normal,0.07594090933042219,,5,0.0,-0.005521594428563259
2020-03-31,stress,catchup,0.09499697961084297,,5,0.0,-0.022828354850555566
2020-04-01,stress,catchup,0.1364924846539921,,5,0.0,-0.058506752619869595
2020-04-02,stress,catchup,0.1286261597425924,,5,0.0,-0.0519447110422846
2020-04-03,stress,catchup,0.07,0.21533333333333332,6,0.43860390054504533,-0.06606700585982961
2020-04-06,stress,normal,0.009488445799680445,,6,0.0,0.05994279028363181
2020-04-07,stress,bank,-0.011599529977709855,,6,0.0,0.08255715416228981
2020-04-08,stress,bank,-0.05843016321429195,,6,0.0,0.13640003980238102
2020-04-09,stress,catchup,0.07,0.181,3,1.3269113920527222,0.1432461637229927
2020-04-13,stress,normal,0.08251496422321902,,3,0.0,-0.011561008057010436
2020-04-14,stress,catchup,0.0728266844590284,,3,0.0,-0.0026348006625634968
2020-04-15,stress,catchup,0.09389311506078313,,3,0.0,-0.021842275750547535
2020-04-16,stress,catchup,0.09944301631301267,,3,0.0,-0.0267799384562466
2020-04-17,stress,catchup,0.07,0.13566666666666666,2,1.229224730180426,0.006995156490807064
2020-04-20,stress,normal,0.09078211960623706,,2,0.0,-0.019052493832351414
2020-04-21,stress,catchup,0.09081634199454158,,2,0.0,-0.019083269284799198
2020-04-22,stress,catchup,0.07788923411743687,,2,0.0,-0.007319151047924133
2020-04-23,stress,catchup,0.0735639073552794,,2,0.0,-0.0033196974403312263
2020-04-24,stress,catchup,0.07,0.075,2,1.2532288324351806,0.0046961749390157514
2020-04-27,stress,normal,0.06313890160942548,,2,0.0,0.006453623680017673
2020-04-28,stress,catchup,0.054981332854961096,,2,0.0,0.014235955345670348
2020-04-29,stress,catchup,0.04442104491129961,,2,0.0,0.024491037607225596
2020-04-30,stress,catchup,0.05813563311351255,,2,0.0,0.011212519940924093
2020-05-01,stress,catchup,0.07,0.026,2,0.791090945139219,-0.007582560423395446
2020-05-04,stress,normal,0.06459354195779321,,2,0.0,0.0050784246091371
2020-05-05,stress,catchup,0.05798096398125718,,2,0.0,0.011360351866364748
2020-05-06,stress,catchup,0.062113109762558016,,2,0.0,0.007425659437727106
2020-05-07,stress,catchup,0.05315819405891853,,2,0.0,0.015991715239068283
2020-05-08,choppy,catchup,0.07,0.14166666666666666,7,0.39550809905695294,0.026780076858297086
2020-05-11,choppy,normal,0.08242371088808964,,7,0.0,-0.011477678069243602
2020-05-12,stress,catchup,0.08552249793089528,,7,0.0,-0.01429956353781936
2020-05-13,stress,catchup,0.0789209173694625,,7,0.0,-0.008268370022163074
2020-05-14,stress,catchup,0.05497747956795718,,7,0.0,0.014239659824961448
2020-05-15,stress,catchup,0.07,0.021333333333333333,2,0.3587381733989611,0.018392554244103243
2020-05-18,choppy,normal,0.05530171354570679,,2,0.0,0.013928041872412589
2020-05-19,stress,catchup,0.04528962129460434,,2,0.0,0.023639743667206448
2020-05-20,choppy,catchup,0.05066193225312299,,2,0.0,0.01840560427025939
2020-05-21,choppy,catchup,0.05653202579768868,,2,0.0,0.012747341181771565
2020-05-22,choppy,catchup,0.07,0.13266666666666665,7,0.8680225716081618,0.010761902733015472
2020-05-26,choppy,catchup,0.056992364553039465,,7,0.0,0.012306271911870503
2020-05-27,choppy,catchup,0.03147904239233834,,7,0.0,0.037345361393207765
2020-05-28,choppy,normal,0.018603761277191655,,7,0.0,0.05045753871786651
2020-05-29,choppy,catchup,0.07,0.11866666666666667,9,0.7895327944746395,0.060721304281913024
2020-06-01,choppy,normal,0.07315224790618835,,9,0.0,-0.0029373725045431787
2020-06-02,choppy,catchup,0.06618320759189777,,9,0.0,0.003579865431123208
2020-06-03,choppy,catchup,0.059838494362143946,,9,0.0,0.009587786905184803
2020-06-04,choppy,catchup,0.06694850616376069,,9,0.0,0.0028600197840953356
2020-06-05,choppy,catchup,0.07,0.137,6,0.8424889624232906,0.005320855344807418
2020-06-08,choppy,normal,0.0560187014929161,,6,0.0,0.013239631539970098
2020-06-09,choppy,catchup,0.06736957372458052,,6,0.0,0.0024644006538809826
2020-06-10,choppy,catchup,0.05356105035109615,,6,0.0,0.015603224552982242
2020-06-11,stress,catchup,0.11071976762599078,,5,0.0,-0.03666070309797731
2020-06-12,stress,catchup,0.07,0.043333333333333335,2,1.2138350968369158,-0.03513162028364536
2020-06-15,stress,normal,0.03370322423883709,,2,0.0,0.03511334289190193
2020-06-16,stress,normal,0.022795373868117697,,2,0.0,0.04615256124336864
2020-06-17,stress,normal,0.014993233083893998,,2,0.0,0.054194220338767085
2020-06-18,stress,bank,-0.0046977980001081665,,2,0.0,0.07505036947573873
2020-06-19,stress,catchup,0.07,0.095,2,1.332964104914964,0.0809223143108655
2020-06-22,stress,normal,0.05461795921266677,,2,0.0,0.014585415176142869
2020-06-23,stress,catchup,0.050154030173436226,,2,0.0,0.0188981513724098
2020-06-24,stress,catchup,0.05633898911911239,,2,0.0,0.012932411869299276
2020-06-25,stress,catchup,0.04942257434063757,,2,0.0,0.019608331441022697
2020-06-26,stress,catchup,0.07,0.079,3,1.3329567428296638,0.017353713639842283
2020-06-29,stress,normal,0.07454381830912582,,3,0.0,-0.004228602158147243
2020-06-30,stress,catchup,0.0700234995399045,,3,0.0,-2.1961704499418033e-05
2020-07-01,choppy,catchup,0.06382782890323302,,3,0.0,0.005801851511188838
2020-07-02,choppy,catchup,0.07,0.18333333333333332,6,2.1039043912606967,0.005318829153176052
2020-07-06,choppy,normal,0.04429642404189771,,6,0.0,0.024613295005471603
2020-07-07,choppy,catchup,0.07056269895738887,,6,0.0,-0.000525610464419124
2020-07-08,choppy,catchup,0.05619208298369127,,6,0.0,0.013073301001558457
2020-07-09,choppy,catchup,0.08162865477343595,,6,0.0,-0.010751060192531248
2020-07-10,choppy,catchup,0.07,0.15933333333333333,5,2.537421689798246,0.008138508462683935
2020-07-13,stress,normal,0.1029905961988673,,5,0.0,-0.029910133697023
2020-07-14,choppy,catchup,0.05445775765731198,,5,0.0,0.014739559010138237
2020-07-15,choppy,catchup,0.030134124131405482,,5,0.0,0.038699694471541646
2020-07-16,choppy,catchup,0.03490242148802247,,5,0.0,0.033913901236710675
2020-07-17,choppy,catchup,0.07,0.125,8,2.417186701979363,0.03768827846429956
2020-07-20,choppy,normal,0.04385252884414159,,8,0.0,0.025049008775992032
2020-07-21,choppy,catchup,0.04889307620084926,,8,0.0,0.020123046169397307
2020-07-22,choppy,catchup,0.03748104390348361,,8,0.0,0.03134414482809733
2020-07-23,choppy,catchup,0.051804013817975614,,8,0.0,0.017299787738948025
2020-07-24,choppy,catchup,0.07,0.12933333333333333,8,1.1662758492037575,0.009464649771289357
2020-07-27,choppy,normal,0.06580954019715346,,8,0.0,0.003931715418939996
2020-07-28,choppy,catchup,0.07889128157747827,,8,0.0,-0.008241128396623942
2020-07-29,choppy,catchup,0.058813415823290915,,8,0.0,0.010565208193939357
2020-07-30,choppy,catchup,0.05824409955391374,,8,0.0,0.011108874078335829
2020-07-31,choppy,catchup,0.07,0.15333333333333332,7,0.6338983065385585,-0.000581878524459567
2020-08-03,choppy,normal,0.05956159950836715,,7,0.0,0.009851622120390369
2020-08-04,choppy,catchup,0.053560267349494595,,7,0.0,0.015603979345067742
2020-08-05,choppy,catchup,0.04896152284560862,,7,0.0,0.02005648128762494
2020-08-06,choppy,catchup,0.0481872625905051,,7,0.0,0.02080996229203036
2020-08-07,choppy,catchup,0.07,0.136,7,1.0992537237560245,0.02459865737166189
2020-08-10,choppy,normal,0.08097563056055157,,7,0.0,-0.010153448653472452
2020-08-11,choppy,catchup,0.09202685660622767,,7,0.0,-0.02017061803285869
2020-08-12,choppy,catchup,0.07698868580804641,,7,0.0,-0.006489098632269208
2020-08-13,choppy,catchup,0.07897546824848156,,7,0.0,-0.008318510024191261
2020-08-14,choppy,catchup,0.07,0.138,7,0.9771993216771161,-0.012553352104416882
2020-08-17,choppy,normal,0.059632284998272445,,7,0.0,0.009784257377307481
2020-08-18,choppy,catchup,0.06410281118482875,,7,0.0,0.005541935190082947
2020-08-19,choppy,catchup,0.06792509974882432,,7,0.0,0.0019429267573762843
2020-08-20,choppy,catchup,0.07008104951212735,,7,0.0,-7.574147039079993e-05
2020-08-21,choppy,catchup,0.07,0.129,7,1.6653774410141455,0.002294531153415047
2020-08-24,choppy,normal,0.06310855094160228,,6,0.0,0.006482356907292264
2020-08-25,choppy,catchup,0.06650951732131927,,6,0.0,0.0032728096861691647
2020-08-26,choppy,catchup,0.06114174863382016,,6,0.0,0.00834784926479859
2020-08-27,choppy,catchup,0.06418345971002659,,6,0.0,0.005465730778749789
2020-08-28,choppy,catchup,0.07,0.11766666666666667,9,2.5477877368346795,0.004970884549311494
2020-08-31,choppy,normal,0.07650351775108488,,9,0.0,-0.00604133441632515
2020-09-01,choppy,catchup,0.0629294586983844,,9,0.0,0.006651938417695069
2020-09-02,choppy,catchup,0.042004956286812334,,9,0.0,0.026866516847432464
2020-09-03,stress,catchup,0.08073975879453887,,9,0.0,-0.009937414356364638
2020-09-04,stress,catchup,0.07,0.030333333333333334,2,0.8874541064101995,-0.020601529607880087
2020-09-08,stress,catchup,0.08485031950479804,,2,0.0,-0.013688818851596785
2020-09-09,choppy,catchup,0.06672362660737896,,2,0.0,0.0030714360410684094
2020-09-10,choppy,catchup,0.07665030908414106,,2,0.0,-0.006176851506965342
2020-09-11,choppy,catchup,0.07,0.121,9,1.4113715845458585,-0.007347986626057512
2020-09-14,choppy,normal,0.03412422916964064,,9,0.0,0.03469193528050907
2020-09-15,choppy,normal,0.022408346455236927,,9,0.0,0.046548576906445316
2020-09-16,choppy,catchup,0.03293569100193672,,9,0.0,0.03588249425490497
2020-09-17,choppy,catchup,0.03742377426159238,,9,0.0,0.03140107885188437
2020-09-18,choppy,catchup,0.07,0.169,10,2.444896948069408,0.04515664174573408
2020-09-21,choppy,normal,0.0971830885131939,,10,0.0,-0.024775344058601823
2020-09-22,choppy,catchup,0.0763808650379858,,10,0.0,-0.005928073644973719
2020-09-23,choppy,catchup,0.11103116285218695,,10,0.0,-0.036930703857894986
2020-09-24,choppy,catchup,0.11855372190908442,,9,0.0,-0.04340759049660636
2020-09-25,choppy,catchup,0.07,0.168,6,2.4891603246454634,-0.03229225293471183
2020-09-28,choppy,normal,0.034266513442098745,,6,0.0,0.03454959248267464
2020-09-29,choppy,catchup,0.05438048125704387,,6,0.0,0.014813930095077588
2020-09-30,choppy,catchup,0.05832434497435379,,6,0.0,0.011032208680722633
2020-10-01,choppy,catchup,0.04682305498854378,,6,0.0,0.02214026993483631
2020-10-02,choppy,catchup,0.07,0.149,8,3.1039349129618694,0.03083682744829752
2020-10-05,choppy,normal,0.048151306857674436,,8,0.0,0.020844980108670974
2020-10-06,choppy,catchup,0.07139033007210838,,8,0.0,-0.0012976877176171797
2020-10-07,choppy,catchup,0.044967359971954,,8,0.0,0.02395542768792125
2020-10-08,choppy,catchup,0.03330810950832319,,8,0.0,0.03550914790471915
2020-10-09,choppy,catchup,0.07,0.156,8,2.2931097493785315,0.04046590457112442
2020-10-12,choppy,normal,0.06901603563274783,,8,0.0,0.0009204392960016072
2020-10-13,choppy,catchup,0.06555198451485045,,8,0.0,0.004174376801686419
2020-10-14,choppy,catchup,0.08060716876221874,,8,0.0,-0.009815934105238844
2020-10-15,choppy,catchup,0.06682435547524279,,8,0.0,0.002976726682756059
2020-10-16,choppy,catchup,0.07,0.11633333333333333,9,2.9266141098466525,-0.005013774538416671
2020-10-19,choppy,normal,0.08428668524480165,,9,0.0,-0.0131761142502419
2020-10-20,choppy,catchup,0.07789172923652243,,9,0.0,-0.007321448919653695
2020-10-21,choppy,catchup,0.07234987104909929,,9,0.0,-0.002191328700212658
2020-10-22,choppy,catchup,0.06504775959661746,,9,0.0,0.004649782471030539
2020-10-23,choppy,catchup,0.07,0.13366666666666666,5,1.3319294448834171,0.005717393946519822
2020-10-26,stress,normal,0.08467835339251217,,5,0.0,-0.013532447980180606
2020-10-27,stress,catchup,0.08619614085749117,,5,0.0,-0.014910880501476598
2020-10-28,stress,catchup,0.11644860194715556,,4,0.0,-0.04160388742137011
2020-10-29,stress,catchup,0.12903759151724126,,1,0.0,-0.052290191186552426
2020-10-30,stress,catchup,0.07,0.024333333333333332,4,0.4025824410404522,-0.054643165162785445
2020-11-02,stress,normal,0.06508786796049648,,4,0.0,0.004611950043999391
2020-11-03,stress,catchup,0.06506852063648183,,4,0.0,0.004630199154295855
2020-11-04,choppy,catchup,0.0655561292096023,,4,0.0,0.004170470863598785
2020-11-05,choppy,catchup,0.055546172982406494,,4,0.0,0.01369322099549164
2020-11-06,choppy,catchup,0.07,0.14033333333333334,9,1.0988304379616027,0.013092656777039524
2020-11-09,choppy,normal,0.0682577043464565,,9,0.0,0.0016309694247507167
2020-11-10,choppy,catchup,0.06528322989524549,,8,0.0,0.004427714594942511
2020-11-11,choppy,catchup,0.056155797536086016,,8,0.0,0.013108106300425915
2020-11-12,choppy,catchup,0.06480060874059035,,8,0.0,0.004882971719521567
2020-11-13,choppy,catchup,0.07,0.14,8,0.9006617194539377,0.018858953955586122
2020-11-16,choppy,normal,0.05195919856691078,,8,0.0,0.017149715937335275
2020-11-17,choppy,catchup,0.055746235682061274,,8,0.0,0.013501127293842785
2020-11-18,choppy,catchup,0.05583971295258405,,8,0.0,0.013411398409913788
2020-11-19,choppy,catchup,0.04131329180642207,,8,0.0,0.027548585444264972
2020-11-20,choppy,catchup,0.07,0.18866666666666668,8,1.3651821262881794,0.025883675773352266
2020-11-23,choppy,normal,0.10086689755729017,,8,0.0,-0.02803871896391885
2020-11-24,choppy,catchup,0.0979842288224213,,8,0.0,-0.025486913279650802
2020-11-25,choppy,catchup,0.08403774147928855,,8,0.0,-0.012949495153307455
2020-11-27,choppy,catchup,0.07,0.13966666666666666,7,2.129730392506425,-0.004875103252664936
2020-11-30,choppy,normal,0.07537935068376056,,7,0.0,-0.005002281920645113
2020-12-01,choppy,catchup,0.07476494910204279,,7,0.0,-0.004433480181898153
2020-12-02,choppy,catchup,0.08757329180903506,,7,0.0,-0.01615825980776342
2020-12-03,choppy,catchup,0.09416358236191802,,7,0.0,-0.022084067457040724
2020-12-04,choppy,catchup,0.07,0.14533333333333334,6,0.6000288434422685,-0.016241641217856984
2020-12-07,choppy,normal,0.07100860142555998,,6,0.0,-0.0009417304624980138
2020-12-08,choppy,catchup,0.06481445207391845,,6,0.0,0.004869907537394802
2020-12-09,choppy,catchup,0.06751713534520509,,6,0.0,0.00232583119519858
2020-12-10,choppy,catchup,0.07896518592543655,,6,0.0,-0.008309059497361826
2020-12-11,choppy,catchup,0.07,0.145,6,0.8209967638745803,-0.010748961510626986
2020-12-14,choppy,normal,0.07974198505888141,,6,0.0,-0.00902251203869786
2020-12-15,choppy,catchup,0.0680285746508058,,6,0.0,0.0018458544986390546
2020-12-16,choppy,catchup,0.0638231975686736,,6,0.0,0.005806230250894329
2020-12-17,choppy,catchup,0.05744317592680792,,6,0.0,0.011874703396886233
2020-12-18,choppy,catchup,0.07,0.15866666666666668,6,1.235964071039395,0.015105372518995797
2020-12-21,choppy,normal,0.07190632874379,,6,0.0,-0.0017784471391488754
2020-12-22,choppy,catchup,0.07715637546856136,,6,0.0,-0.006643766524102257
2020-12-23,choppy,catchup,0.07300433748607382,,6,0.0,-0.002799930420703145
2020-12-24,choppy,catchup,0.07,0.15733333333333333,5,0.3286960436230023,0.0018392830181217512
2020-12-28,choppy,normal,0.07191684317370473,,5,0.0,-0.0017882386921258542
2020-12-29,choppy,catchup,0.07788685156726616,,5,0.0,-0.007316956836237898
2020-12-30,choppy,catchup,0.06901676370402865,,5,0.0,0.0009197576028316945
2020-12-31,choppy,catchup,0.07,0.15933333333333333,6,0.23314890287970116,0.00945370857327732
2021-01-04,choppy,normal,0.08355384575702396,,6,0.0,-0.01250869609304417
2021-01-05,choppy,catchup,0.06586512390699384,,6,0.0,0.003879361469159903
2021-01-06,choppy,catchup,0.04971365883042056,,6,0.0,0.019325595126753248
2021-01-07,choppy,normal,0.02755539670950191,,6,0.0,0.04130638934544728
2021-01-08,choppy,catchup,0.07,0.165,5,2.552465979945524,0.03515170464057005
2021-01-11,choppy,normal,0.06695705568909016,,5,0.0,0.002851983868221053
2021-01-12,choppy,normal,0.02459004912849516,,5,0.0,0.044320117016684035
2021-01-13,choppy,catchup,0.032855600803813,,5,0.0,0.03596281916589272
2021-01-14,choppy,normal,0.004290486565021068,,5,0.0,0.06542879208158747
2021-01-15,choppy,catchup,0.07,0.17266666666666666,8,1.7813653862012961,0.02904370541998791
2021-01-19,choppy,catchup,0.0370307815005102,,8,0.0,0.031791938183151736
2021-01-20,choppy,normal,0.0201606162675676,,8,0.0,0.04885444795426275
2021-01-21,choppy,normal,0.01569013716292833,,8,0.0,0.05347089712692554
2021-01-22,choppy,catchup,0.07,0.17633333333333334,5,1.880309869122524,0.04887612313510625
2021-01-25,choppy,normal,0.08891221717927467,,5,0.0,-0.0173679906248686
2021-01-26,choppy,catchup,0.10907701797029179,,5,0.0,-0.03523381815431181
2021-01-27,stress,catchup,0.13265258088291532,,4,0.0,-0.055314914688206374
2021-01-28,stress,catchup,0.10637081717569474,,4,0.0,-0.03287398457285862
2021-01-29,stress,catchup,0.07,0.17233333333333334,2,1.1233347777575844,-0.06581252973359697
2021-02-01,stress,normal,0.048196843705637704,,2,0.0,0.02080063150856537
2021-02-02,choppy,catchup,0.03754697757913683,,2,0.0,0.03127860532790949
2021-02-03,choppy,catchup,0.03800867219202497,,2,0.0,0.030819904173263968
2021-02-04,choppy,catchup,0.03576401119257078,,2,0.0,0.03305385052721643
2021-02-05,choppy,catchup,0.07,0.16866666666666666,6,0.8441931239792888,0.03320363392319137
2021-02-08,choppy,normal,0.06719219475432459,,6,0.0,0.0026310211595221844
2021-02-09,choppy,catchup,0.061738559322082276,,6,0.0,0.007781049868992973
2021-02-10,choppy,catchup,0.05962773533546306,,6,0.0,0.00978859303003543
2021-02-11,choppy,catchup,0.05986320421486635,,6,0.0,0.009564249183122486
2021-02-12,calm,catchup,0.07,0.20166666666666666,5,1.614686198503839,0.00961535096328725
2021-02-16,choppy,catchup,0.10631541353357421,,5,0.0,-0.032825551456055924
2021-02-17,choppy,catchup,0.12548652425486506,,5,0.0,-0.04930003430436469
2021-02-18,choppy,brake,0.1648540816791848,0.006333333333333333,1,0.9657515277827196,-0.08143001185388699
2021-02-19,choppy,catchup,0.07,0.193,6,0.7325851750297844,-0.07549233472430372
2021-02-22,choppy,normal,0.10128417554646685,,6,0.0,-0.02840699634219601
2021-02-23,choppy,catchup,0.10558079514140872,,6,0.0,-0.03218289906786742
2021-02-24,choppy,catchup,0.08703814407680688,,6,0.0,-0.015673915556364326
2021-02-25,choppy,catchup,0.12108747158615918,,6,0.0,-0.04556956783566457
2021-02-26,choppy,catchup,0.07,0.197,7,1.7347963445625507,-0.041321481195171206
2021-03-01,choppy,normal,0.019411816360392686,,7,0.0,0.04962487468530874
2021-03-02,choppy,catchup,0.04784575968336657,,7,0.0,0.02114265397545534
2021-03-03,choppy,catchup,0.07475949350562505,,7,0.0,-0.004428426577652855
2021-03-04,choppy,catchup,0.09508034978729385,,6,0.0,-0.022902748453266786
2021-03-05,choppy,catchup,0.07,0.19233333333333333,5,1.962968844061582,-0.010253307972339476
2021-03-08,choppy,normal,0.11030749795905259,,5,0.0,-0.036303004377746806
2021-03-09,choppy,catchup,0.08238973987462161,,5,0.0,-0.011446653103027948
2021-03-10,choppy,catchup,0.12111534387568224,,5,0.0,-0.04559329613577234
2021-03-11,choppy,catchup,0.06866623047181308,,5,0.0,0.001248069313089628
2021-03-12,choppy,catchup,0.07,0.17566666666666667,4,1.687673170173274,-0.019572154792243168
2021-03-15,choppy,normal,0.04073143811839319,,4,0.0,0.028123068843316057
2021-03-16,calm,catchup,0.0661337129413504,,4,0.0,0.0036264560549192915
2021-03-17,calm,catchup,0.05603404422458902,,4,0.0,0.013224910552638303
2021-03-18,choppy,catchup,0.13754180793783966,,4,0.0,-0.059375231280756835
2021-03-19,choppy,catchup,0.07,0.18166666666666667,6,1.8597756417317428,-0.03225129373802871
2021-03-22,calm,normal,0.09081533615852244,,6,0.0,-0.019082364785800388
2021-03-23,choppy,catchup,0.14752342052251888,,6,0.0,-0.06755715755868319
2021-03-24,choppy,brake,0.17628388127135808,0.0,1,1.2148463687668245,-0.09035563860356877
2021-03-25,calm,catchup,0.1437632755373961,,1,0.0,-0.06449173278687281
2021-03-26,calm,catchup,0.07,0.15766666666666668,7,1.7562833150769326,-0.059481487303139624
2021-03-29,choppy,normal,0.1317472290331203,,7,0.0,-0.05455920496122835
2021-03-30,calm,catchup,0.10529110178193068,,7,0.0,-0.03192923721636309
2021-03-31,calm,catchup,0.09868549891133105,,7,0.0,-0.026108926476006933
2021-04-01,calm,catchup,0.07,0.18933333333333333,4,1.1342430913391097,0.006047209200776393
2021-04-05,calm,normal,0.08459129633417262,,4,0.0,-0.013453267035693384
2021-04-06,calm,catchup,0.06539452067195439,,4,0.0,0.004322792391630692
2021-04-07,calm,catchup,0.07091384696614145,,4,0.0,-0.0008533337847206335
2021-04-08,calm,catchup,0.05655988633552256,,4,0.0,0.012720635941510183
2021-04-09,calm,catchup,0.07,0.16233333333333333,4,0.40528589639134327,-0.0013435004199048306
2021-04-12,calm,normal,0.08098286443051594,,4,0.0,-0.010160072644909035
2021-04-13,calm,catchup,0.031421837595314805,,4,0.0,0.037402894721162205
2021-04-14,calm,catchup,0.033465255973949004,,4,0.0,0.0353516906493585
2021-04-15,calm,catchup,0.03138616595609567,,4,0.0,0.037438774455646584
2021-04-16,calm,catchup,0.07,0.09933333333333333,4,1.4029548711658337,0.01766151931964899
2021-04-19,calm,normal,0.09269288146232357,,4,0.0,-0.020767849637634894
2021-04-20,calm,catchup,0.15856434002600306,,4,0.0,-0.07644317796283562
2021-04-21,calm,catchup,0.11827854793331216,,4,0.0,-0.04317220250941545
2021-04-22,calm,catchup,0.1320343009301912,,4,0.0,-0.05479895872343943
2021-04-23,calm,catchup,0.07,0.09733333333333333,7,0.5717390535656166,-0.03369041614332857
2021-04-26,calm,normal,0.057989558485624704,,7,0.0,0.011352136151104197
2021-04-27,calm,catchup,0.04945207624437886,,7,0.0,0.019579668496302327
2021-04-28,calm,catchup,0.03609508890611757,,7,0.0,0.03272374462239602
2021-04-29,calm,normal,0.019601749616807496,,7,0.0,0.04942934866690196
2021-04-30,calm,catchup,0.07,0.06833333333333333,6,1.9651772684129953,0.0291586448062211
2021-05-03,calm,normal,0.05099529438345218,,6,0.0,0.01808257916863143
2021-05-04,calm,catchup,0.05257232976104187,,6,0.0,0.016557218678658003
2021-05-05,calm,catchup,0.047142727320687694,,5,0.0,0.021828230367217483
2021-05-06,calm,catchup,0.02922292020167161,,5,0.0,0.0396192884922717
2021-05-07,calm,catchup,0.07,0.112,6,2.6732225532080873,0.042185388206002816
2021-05-10,calm,normal,0.10778698915430085,,6,0.0,-0.03411033847143108
2021-05-11,choppy,catchup,0.13428279103075091,,6,0.0,-0.056672631850771094
2021-05-12,choppy,brake,0.27139802499263666,0.0,1,0.9254761284938287,-0.1584067467729494
2021-05-13,choppy,brake,0.2582433609859789,0.0,1,0.0,-0.14960807012601152
2021-05-14,calm,catchup,0.07,0.111,6,1.363729370724038,-0.1424757331547296
2021-05-17,calm,normal,0.07666462584689526,,6,0.0,-0.006190066699417018
2021-05-18,choppy,catchup,0.1033099323767328,,6,0.0,-0.0301909113652018
2021-05-19,choppy,catchup,0.1222943902367366,,6,0.0,-0.046595965097629755
2021-05-20,choppy,catchup,0.11687593599308732,,6,0.0,-0.04197058463024972
2021-05-21,choppy,catchup,0.07,0.11866666666666667,5,0.4134659250121302,-0.04567809572354353
2021-05-24,calm,normal,0.07462116865319834,,5,0.0,-0.004300276960847449
2021-05-25,calm,catchup,0.07937126147742513,,5,0.0,-0.00868214840609871
2021-05-26,calm,catchup,0.0529792442771595,,5,0.0,0.016164379132206808
2021-05-27,calm,catchup,0.04822385658256967,,5,0.0,0.020774325332019394
2021-05-28,calm,catchup,0.07,0.09166666666666666,6,1.203698556083246,-0.004580603825586782
2021-06-01,calm,catchup,0.0507485687160274,,6,0.0,0.018321634553827737
2021-06-02,calm,catchup,0.07203949792718589,,6,0.0,-0.00190244662732042
2021-06-03,calm,catchup,0.07406710387292015,,5,0.0,-0.0037866385240313827
2021-06-04,calm,catchup,0.07,0.085,5,1.0706924469217958,-0.002368159070394227
2021-06-07,calm,normal,0.06708368618881266,,5,0.0,0.002732975725271647
2021-06-08,calm,catchup,0.04644986202582935,,5,0.0,0.022504793424674707
2021-06-09,calm,catchup,0.052152642296867224,,5,0.0,0.016962707677254718
2021-06-10,calm,catchup,0.06443415322727786,,5,0.0,0.005228925392751549
2021-06-11,calm,catchup,0.07,0.07166666666666667,6,1.6136140275492237,0.024889199341006973
2021-06-14,calm,normal,0.0787001390629638,,5,0.0,-0.00806539162080877
2021-06-15,calm,catchup,0.08499512897323958,,5,0.0,-0.013820457412956233
2021-06-16,calm,catchup,0.08895322955674478,,5,0.0,-0.017404998710972674
2021-06-17,calm,catchup,0.12092808186323278,,4,0.0,-0.04543385315013149
2021-06-18,choppy,catchup,0.07,0.08466666666666667,6,2.183376707629914,-0.06370257184941686
2021-06-21,calm,normal,0.016954825893347625,,6,0.0,0.05216079687714226
2021-06-22,calm,normal,0.015112268413604468,,6,0.0,0.05407060213366632
2021-06-23,calm,bank,-0.006898731437443684,,6,0.0,0.0774329203594204
2021-06-24,calm,bank,-0.022985126756468133,,6,0.0,0.09517268293754078
2021-06-25,calm,catchup,0.07,0.06766666666666667,5,2.1013148900802485,0.1067502852936919
2021-06-28,calm,normal,0.11313570596054223,,5,0.0,-0.03875152484064792
2021-06-29,calm,catchup,0.10598442329265789,,5,0.0,-0.03253610316276212
2021-06-30,calm,catchup,0.09847583320628361,,5,0.0,-0.025923040221255467
2021-07-01,calm,catchup,0.08723160032181188,,5,0.0,-0.01584906133772368
2021-07-02,calm,catchup,0.07,0.06866666666666667,6,1.6518050425470854,-0.030008147074748526
2021-07-06,calm,catchup,0.09495870426815367,,6,0.0,-0.022794196868671457
2021-07-07,calm,catchup,0.1171190318729658,,6,0.0,-0.04217906107459801
2021-07-08,calm,catchup,0.12327754847399341,,6,0.0,-0.04743044009592512
2021-07-09,calm,catchup,0.07,0.027333333333333334,7,3.1068532001793407,-0.011267397601352203
2021-07-12,calm,normal,0.06474297497801995,,7,0.0,0.004937365303667507
2021-07-13,calm,catchup,0.08111115161671156,,7,0.0,-0.01027752937345594
2021-07-14,calm,catchup,0.0878601557228329,,7,0.0,-0.016417694525235782
2021-07-15,calm,catchup,0.10057081733716178,,7,0.0,-0.02777723782566588
2021-07-16,calm,catchup,0.07,0.06133333333333333,7,1.2790279871893213,-0.047954044316775524
2021-07-19,choppy,normal,0.07714532181038147,,7,0.0,-0.0066335727089934515
2021-07-20,calm,normal,0.02565891679768728,,7,0.0,0.043231801991986396
2021-07-21,calm,normal,0.005319303174533996,,7,0.0,0.06433846104538277
2021-07-22,calm,normal,0.015470967337205765,,7,0.0,0.053698268504693614
2021-07-23,calm,catchup,0.07,0.046,7,1.085837498270942,0.07074408304825108
2021-07-26,calm,normal,0.059596091262537954,,7,0.0,0.009818749637954483
2021-07-27,calm,catchup,0.07123033294215175,,7,0.0,-0.0011485232487512542
2021-07-28,calm,catchup,0.05715688969754118,,7,0.0,0.012148726861282988
2021-07-29,calm,catchup,0.05159852316292479,,7,0.0,0.01749857615026751
2021-07-30,calm,catchup,0.07,0.047,5,2.1556945540199797,0.010201830765486974
2021-08-02,calm,normal,0.0704840289732851,,5,0.0,-0.00045215898620110107
2021-08-03,calm,catchup,0.07390190934796625,,5,0.0,-0.0036333945530790945
2021-08-04,calm,catchup,0.06746253180697925,,5,0.0,0.0023771028185179954
2021-08-05,calm,normal,0.02354338709705761,,5,0.0,0.045388025059398096
2021-08-06,calm,catchup,0.07,0.089,9,2.0725649040575345,0.036759420394041564
2021-08-09,calm,normal,0.06530553461758681,,9,0.0,0.004406684495540825
2021-08-10,calm,catchup,0.05358601785676709,,9,0.0,0.01557915714999969
2021-08-11,calm,catchup,0.05331227693819374,,9,0.0,0.015843091766019057
2021-08-12,calm,catchup,0.035801098339368176,,9,0.0,0.03301686174639196
2021-08-13,calm,catchup,0.07,0.08533333333333333,6,1.1829296141588628,0.02633159307856814
2021-08-16,calm,normal,0.10297259831872196,,6,0.0,-0.02989430414588945
2021-08-17,calm,catchup,0.11801604825435708,,6,0.0,-0.04294754831947911
2021-08-18,choppy,catchup,0.1149501262769137,,6,0.0,-0.04031581791645955
2021-08-19,choppy,catchup,0.13979044012140207,,5,0.0,-0.06123094006119978
2021-08-20,calm,catchup,0.07,0.08833333333333333,5,0.8931892192783939,-0.05560098797247137
2021-08-23,calm,normal,0.029865063070774633,,5,0.0,0.038971063655226956
2021-08-24,calm,normal,0.013017179836586346,,5,0.0,0.05625059603886062
2021-08-25,calm,normal,0.015601583411918307,,5,0.0,0.05356275283200129
2021-08-26,calm,catchup,0.02963361510936746,,5,0.0,0.03920461055105018
2021-08-27,calm,catchup,0.07,0.08433333333333333,6,0.7941146532301143,0.07757208780391389
2021-08-30,calm,normal,0.06862933870846333,,6,0.0,0.001282634906125013
2021-08-31,calm,catchup,0.07703633860073822,,6,0.0,-0.006533055894733852
2021-09-01,calm,catchup,0.06671480518415018,,6,0.0,0.003079731152023202
2021-09-02,calm,catchup,0.06679098843823783,,5,0.0,0.0030080977403643683
2021-09-03,calm,catchup,0.07,0.044,5,1.0687871468991001,0.009824231248019899
2021-09-07,calm,catchup,0.07013768805971687,,5,0.0,-0.00012866387311938343
2021-09-08,calm,catchup,0.09672015509922671,,5,0.0,-0.02436369476296263
2021-09-09,calm,catchup,0.09214819537259333,,5,0.0,-0.020279478065737377
2021-09-10,choppy,catchup,0.07,0.06533333333333333,6,1.6304417996329132,-0.030760093581118197
2021-09-13,calm,normal,0.09612390536724313,,6,0.0,-0.023832985704741683
2021-09-14,calm,catchup,0.10404001065919277,,6,0.0,-0.030832225581089445
2021-09-15,calm,catchup,0.09514798982441253,,6,0.0,-0.02296309727824497
2021-09-16,calm,catchup,0.08693975022349121,,6,0.0,-0.015584810676036231
2021-09-17,choppy,catchup,0.07,0.04933333333333333,7,0.8516677494468532,-0.016149138202208868
2021-09-20,choppy,normal,0.08667679299704667,,6,0.0,-0.015346599011332618
2021-09-21,choppy,catchup,0.08039716540248576,,6,0.0,-0.009623466013641724
2021-09-22,choppy,catchup,0.06930934778505837,,6,0.0,0.0006458862595490888
2021-09-23,calm,catchup,0.051339997244749025,,6,0.0,0.01774878041751804
2021-09-24,calm,catchup,0.07,0.06066666666666667,8,1.5706296767440777,0.009044418356095374
2021-09-27,calm,normal,0.062339713732763924,,8,0.0,0.007210768992453431
2021-09-28,choppy,catchup,0.10783890589307177,,7,0.0,-0.034155603031984505
2021-09-29,choppy,catchup,0.13148836667498065,,6,0.0,-0.054342906640456046
2021-09-30,choppy,catchup,0.12884698306867493,,6,0.0,-0.052130168172753066
2021-10-01,choppy,catchup,0.07,0.04133333333333333,6,1.5229294512202323,-0.04641483878494901
2021-10-04,choppy,normal,0.09019690035386474,,5,0.0,-0.018525919810732372
2021-10-05,choppy,catchup,0.07068422041864642,,5,0.0,-0.0006390496895328779
2021-10-06,choppy,catchup,0.08222172489975987,,5,0.0,-0.011293180148358006
2021-10-07,calm,catchup,0.0660520288266695,,5,0.0,0.003703356934347646
2021-10-08,calm,catchup,0.07,0.059333333333333335,5,1.5703261282132424,-0.004475513341664961
2021-10-11,choppy,normal,0.07264057726038264,,5,0.0,-0.0024617540268025984
2021-10-12,calm,catchup,0.052987379187554584,,5,0.0,0.01615652869987083
2021-10-13,calm,normal,0.023660703626806168,,5,0.0,0.04526821847220952
2021-10-14,calm,normal,0.0005124356500647576,,5,0.0,0.0694519746821407
2021-10-15,calm,catchup,0.07,0.06633333333333333,8,2.646715983877698,0.06850472902787486
2021-10-18,calm,normal,0.0679568587307755,,8,0.0,0.0019131309027340393
2021-10-19,calm,catchup,0.09391784907052081,,7,0.0,-0.021864392368077024
2021-10-20,calm,catchup,0.07553778721573479,,7,0.0,-0.0051488541653850195
2021-10-21,calm,catchup,0.07676159758576273,,7,0.0,-0.006279567920069784
2021-10-22,calm,catchup,0.07,0.06333333333333334,5,1.2039130413404207,-0.015024072483736606
2021-10-25,calm,normal,0.03491719904382329,,5,0.0,0.033899138006973306
2021-10-26,calm,catchup,0.03707268107862527,,5,0.0,0.03175025195642811
2021-10-27,calm,catchup,0.05303017557633116,,5,0.0,0.016115230899609534
2021-10-28,calm,catchup,0.04958934345859234,,5,0.0,0.01944632600227325
2021-10-29,calm,catchup,0.07,0.045,5,2.1082775216763836,-0.003399526205723924
2021-11-01,calm,normal,0.063754593386947,,5,0.0,0.005871097198431707
2021-11-02,calm,catchup,0.0631868054406699,,5,0.0,0.006408276066317553
2021-11-03,calm,catchup,0.060587448602071214,,5,0.0,0.008874847057953827
2021-11-04,calm,catchup,0.05230397044691437,,5,0.0,0.016816461830482465
2021-11-05,calm,catchup,0.07,0.06633333333333333,6,1.629326796890181,0.022090290497204457
2021-11-08,calm,normal,0.049599324817229506,,6,0.0,0.01943663138914742
2021-11-09,calm,catchup,0.05099641769708452,,6,0.0,0.01808149103358092
2021-11-10,calm,catchup,0.0905142098448215,,5,0.0,-0.018811501638058115
2021-11-11,calm,catchup,0.0824157502991576,,5,0.0,-0.011470408016260092
2021-11-12,calm,catchup,0.07,0.044,6,0.5369598992508289,0.001738439027991312
2021-11-15,calm,normal,0.06870242853182607,,6,0.0,0.0012141560022058684
2021-11-16,calm,catchup,0.06476944057107459,,6,0.0,0.004912386878909825
2021-11-17,calm,catchup,0.06052896225266968,,6,0.0,0.008930484771686897
2021-11-18,calm,catchup,0.05247073901258159,,6,0.0,0.01665534284009107
2021-11-19,calm,catchup,0.07,0.099,4,0.7727243605335442,-0.00475475688833249
2021-11-22,calm,normal,0.12631080811360418,,3,0.0,-0.04999579841368651
2021-11-23,calm,catchup,0.08486491752298253,,3,0.0,-0.013702090723813676
2021-11-24,calm,catchup,0.09152445475039217,,3,0.0,-0.019719626671409918
2021-11-26,choppy,catchup,0.07,0.17233333333333334,6,0.7336873753826714,-0.05095087093886386
2021-11-29,choppy,normal,0.05497948226921179,,6,0.0,0.014237734461413298
2021-11-30,choppy,catchup,0.13840100306082626,,6,0.0,-0.060085157055304705
2021-12-01,stress,catchup,0.1325369557533984,,6,0.0,-0.05521846809122166
2021-12-02,choppy,catchup,0.10635524338174007,,6,0.0,-0.03286037066233338
2021-12-03,stress,catchup,0.07,0.036333333333333336,2,0.7353108689660475,-0.0795150602895518
2021-12-06,choppy,normal,0.06846084293191623,,2,0.0,0.0014405367106016254
2021-12-07,choppy,catchup,0.047312592795721864,,2,0.0,0.021662498245834882
2021-12-08,calm,catchup,0.04397156454285578,,2,0.0,0.024932130664441887
2021-12-09,choppy,catchup,0.061408293391577384,,2,0.0,0.008094629241089724
2021-12-10,calm,catchup,0.07,0.057666666666666665,6,0.4800910939125414,0.03143368636310062
2021-12-13,choppy,normal,0.09556438854007876,,6,0.0,-0.023334446434631895
2021-12-14,choppy,catchup,0.13018069768224683,,6,0.0,-0.0532487396092185
2021-12-15,calm,catchup,0.1268588570532876,,6,0.0,-0.05045783391362102
2021-12-16,choppy,catchup,0.13741725152368445,,6,0.0,-0.05927222523956999
2021-12-17,choppy,catchup,0.07,0.092,5,0.6606764696636414,-0.0581620128957121
2021-12-20,choppy,normal,0.11678489400687364,,5,0.0,-0.041892484629708515
2021-12-21,choppy,catchup,0.055813908583528526,,5,0.0,0.013436166450490727
2021-12-22,calm,catchup,0.033693319922166065,,5,0.0,0.035123260814501345
2021-12-23,calm,catchup,0.07,0.097,6,0.7639634246641076,0.04573867156273481
2021-12-27,calm,normal,0.056723686726875444,,6,0.0,0.012563656365314424
2021-12-28,calm,catchup,0.06543699030378636,,6,0.0,0.00428275884706486
2021-12-29,calm,catchup,0.05882295094991474,,6,0.0,0.01055610764770254
2021-12-30,calm,catchup,0.052990458487687686,,6,0.0,0.016153557114602535
2021-12-31,calm,catchup,0.07,0.07566666666666666,6,1.1430292319791657,0.012772843991201377
2022-01-03,calm,normal,0.04509201179616973,,6,0.0,0.02383329689892255
2022-01-04,calm,catchup,0.05600005348678572,,6,0.0,0.013257524435712043
2022-01-05,calm,catchup,0.10561804139717323,,6,0.0,-0.03221550306122223
2022-01-06,calm,catchup,0.10603962309852832,,6,0.0,-0.0325843869838629
2022-01-07,calm,catchup,0.07,0.07933333333333334,5,1.5375900181095965,-0.04672043442803098
2022-01-10,calm,normal,0.08114324938601358,,5,0.0,-0.010306912976001947
2022-01-11,calm,catchup,0.05654703153555296,,5,0.0,0.012732957514342669
2022-01-12,calm,catchup,0.07680107723503338,,5,0.0,-0.006316001514872882
2022-01-13,choppy,catchup,0.11222231440716368,,5,0.0,-0.03796211769916602
2022-01-14,calm,catchup,0.07,0.08133333333333333,6,1.934578135766338,-0.055348611215266796
2022-01-18,choppy,catchup,0.1347532353340788,,6,0.0,-0.05706371510367614
2022-01-19,choppy,catchup,0.16075372458852533,,6,0.0,-0.07818516767688732
2022-01-20,choppy,brake,0.21099779084786596,0.0,1,0.6382137883098205,-0.11643108840780614
2022-01-21,stress,catchup,0.07,0.001,3,0.341589758259473,-0.12237673790730241
2022-01-24,choppy,normal,0.07105277430431345,,3,0.0,-0.0009829341089165888
2022-01-25,stress,catchup,0.07699137623661456,,3,0.0,-0.006491580518541262
2022-01-26,stress,catchup,0.07856897961190978,,3,0.0,-0.007944767348114334
2022-01-27,stress,catchup,0.08615846432792029,,3,0.0,-0.0148767098527548
2022-01-28,choppy,catchup,0.07,0.049,9,0.6145230566006858,-0.0007823799734759662
2022-01-31,choppy,normal,0.06297258209868795,,9,0.0,0.006611099871868253
2022-02-01,choppy,catchup,0.05228318418569078,,9,0.0,0.01683654750030006
2022-02-02,choppy,catchup,0.03434324413645795,,9,0.0,0.0344728464807742
2022-02-03,choppy,catchup,0.03557269667138563,,9,0.0,0.033244699709902736
2022-02-04,choppy,catchup,0.07,0.029666666666666668,8,0.5962652193641178,0.0364696287231725
2022-02-07,choppy,normal,0.050907704793536235,,8,0.0,0.018167432895750624
2022-02-08,choppy,catchup,0.057572962144289086,,8,0.0,0.011750525307033577
2022-02-09,calm,catchup,0.042930261791347624,,8,0.0,0.025955463371210685
2022-02-10,choppy,catchup,0.05044599535141181,,8,0.0,0.018614954728868982
2022-02-11,choppy,catchup,0.07,0.044333333333333336,6,0.922967876404054,0.03744898108008843
2022-02-14,stress,normal,0.07563071722682424,,6,0.0,-0.005234805158169209
2022-02-15,choppy,catchup,0.06277237137385328,,6,0.0,0.0068007306369881615
2022-02-16,choppy,catchup,0.06055745894293607,,6,0.0,0.008903375274429193
2022-02-17,choppy,catchup,0.09398959737160073,,5,0.0,-0.02192854249184606
2022-02-18,choppy,catchup,0.07,0.034333333333333334,6,1.235161073995799,-0.02561189007533926
2022-02-22,choppy,catchup,0.08361088548167306,,6,0.0,-0.012560676220618405
2022-02-23,stress,catchup,0.08465155294158877,,6,0.0,-0.01350807353924266
2022-02-24,stress,catchup,0.08133543285773381,,6,0.0,-0.010482809046381325
2022-02-25,choppy,catchup,0.07,0.07366666666666667,6,1.3279788818581761,0.015935716235118358
2022-02-28,stress,normal,0.08165213394844173,,6,0.0,-0.010772533592576572
2022-03-01,stress,catchup,0.09515432917725275,,6,0.0,-0.02296875290275313
2022-03-02,stress,catchup,0.048452841894313314,,6,0.0,0.020551385093063423
2022-03-03,stress,catchup,0.04881637267016248,,6,0.0,0.020197651258920146
2022-03-04,stress,catchup,0.07,0.133,2,1.0346135503241438,0.0053825455852227755
2022-03-07,stress,normal,0.10662479178101125,,2,0.0,-0.033095943677591944
2022-03-08,stress,catchup,0.09177974180416126,,2,0.0,-0.01994884221626081
2022-03-09,stress,catchup,0.033049400705585485,,2,0.0,0.03576847270728467
2022-03-10,stress,catchup,0.03252086255164133,,2,0.0,0.03629867328369274
2022-03-11,stress,catchup,0.07,0.059333333333333335,2,0.9622015198719207,0.023670620663053032
2022-03-14,stress,normal,0.08079129951487607,,2,0.0,-0.009984628410424579
2022-03-15,choppy,catchup,0.03834242750638306,,2,0.0,0.030488566830158215
2022-03-16,choppy,normal,0.005573190973561015,,2,0.0,0.06406973615124256
2022-03-17,choppy,normal,0.00921413268761695,,2,0.0,0.0602308918826826
2022-03-18,choppy,catchup,0.07,0.091,6,1.1539512007157022,0.0638451867062726
2022-03-21,choppy,normal,0.07078497782013571,,6,0.0,-0.0007330863211526539
2022-03-22,choppy,catchup,0.045090484596372216,,6,0.0,0.02383479303540703
2022-03-23,choppy,catchup,0.07166737594061057,,6,0.0,-0.0015558707655415338
2022-03-24,choppy,catchup,0.06911413691606105,,6,0.0,0.0008285954262043926
2022-03-25,choppy,catchup,0.07,0.12233333333333334,7,1.76387948960339,0.0031156088796855386
2022-03-28,calm,normal,0.06808581566394944,,7,0.0,0.001792163427299709
2022-03-29,calm,normal,0.02453354524370366,,7,0.0,0.04437771214751329
2022-03-30,calm,catchup,0.05995945327378771,,7,0.0,0.009472576234120123
2022-03-31,choppy,catchup,0.07967830014645028,,7,0.0,-0.008964059150894599
2022-04-01,calm,catchup,0.07,0.04833333333333333,6,1.9264635319264736,0.009101630566274777
2022-04-04,calm,normal,0.0779442774675807,,6,0.0,-0.007369840569351194
2022-04-05,choppy,catchup,0.11037378180613855,,6,0.0,-0.03636053234296144
2022-04-06,choppy,catchup,0.1216528115003579,,5,0.0,-0.046050623660690015
2022-04-07,choppy,catchup,0.10549208560797885,,5,0.0,-0.03210523717902458
2022-04-08,choppy,catchup,0.07,0.05333333333333334,6,1.5392027070075955,-0.004717181320142538
2022-04-11,stress,normal,0.08457182049564627,,6,0.0,-0.013435551450144634
2022-04-12,choppy,catchup,0.07935611545460386,,6,0.0,-0.008668237776800036
2022-04-13,choppy,catchup,0.05041915254420637,,6,0.0,0.018640984799608074
2022-04-14,choppy,catchup,0.07,0.07733333333333334,4,2.0468629220464716,0.009430216155333015
2022-04-18,choppy,normal,0.04063479366811884,,4,0.0,0.028218551321326002
2022-04-19,choppy,normal,0.02210750787639948,,4,0.0,0.046856609265208515
2022-04-20,choppy,normal,0.01932526379177535,,4,0.0,0.04971400004324478
2022-04-21,choppy,catchup,0.057654783742898896,,4,0.0,0.011672254923684067
2022-04-22,stress,catchup,0.07,0.0013333333333333333,3,0.8847430733907011,-0.012227388910175718
2022-04-25,choppy,normal,0.07713384935503731,,3,0.0,-0.006622992452895993
2022-04-26,stress,catchup,0.08468477618392711,,3,0.0,-0.013538289193649633
2022-04-27,stress,catchup,0.0749976253061364,,3,0.0,-0.004648964042793247
2022-04-28,stress,catchup,0.07594977243830603,,3,0.0,-0.005529786418210447
2022-04-29,stress,catchup,0.07,0.035,2,0.704587236858624,-0.019720008018085267
2022-05-02,stress,normal,0.04946398992391532,,2,0.0,0.0195680940682621
2022-05-03,choppy,catchup,0.05010036689015296,,2,0.0,0.018950220128747697
2022-05-04,choppy,catchup,0.03311708876953379,,2,0.0,0.03570061092919752
2022-05-05,stress,catchup,0.08480493910693432,,2,0.0,-0.013647558720669473
2022-05-06,stress,catchup,0.07,0.15833333333333333,2,0.2958750675502241,-0.0399454704837946
2022-05-09,stress,normal,0.12444431656817323,,2,0.0,-0.04841886411444385
2022-05-10,stress,catchup,0.1371815245909136,,2,0.0,-0.05907722130385573
2022-05-11,stress,brake,0.18758132770687785,0.0,1,0.2843197300625854,-0.09900907412708959
2022-05-12,stress,brake,0.18073933773555528,0.0,1,0.0,-0.09378813273718245
2022-05-13,choppy,catchup,0.07,0.16266666666666665,6,1.5121358227456438,-0.07495691473583033
2022-05-16,choppy,normal,0.06101040780767364,,6,0.0,0.008472671074830629
2022-05-17,choppy,normal,0.02626111814180998,,6,0.0,0.04261964239411653
2022-05-18,stress,catchup,0.08051561610278468,,6,0.0,-0.009732035285813345
2022-05-19,choppy,catchup,0.08329294197755321,,6,0.0,-0.012270865490258576
2022-05-20,choppy,catchup,0.07,0.202,6,2.4203572108595006,-0.030337947723070746
2022-05-23,choppy,normal,0.059213970717264086,,6,0.0,0.010183050432607255
2022-05-24,choppy,catchup,0.07566749117564098,,6,0.0,-0.005268813292336971
2022-05-25,choppy,catchup,0.06710957088426572,,6,0.0,0.0027086526019433066
2022-05-26,choppy,catchup,0.03289295496157596,,6,0.0,0.035925353987727116
2022-05-27,choppy,catchup,0.07,0.050666666666666665,9,1.2402936750782232,0.07024884254659747
2022-05-31,choppy,catchup,0.07869671938861855,,9,0.0,-0.00806224699890401
2022-06-01,choppy,catchup,0.09259801253245059,,9,0.0,-0.020682824124924393
2022-06-02,choppy,catchup,0.075922779932863,,9,0.0,-0.005504837376184679
2022-06-03,choppy,catchup,0.07,0.17266666666666666,6,1.5865932296450895,-0.007014539323359492
2022-06-06,choppy,normal,0.07816384882944316,,6,0.0,-0.007571992734041744
2022-06-07,choppy,catchup,0.07057160825356079,,6,0.0,-0.0005339280895868548
2022-06-08,choppy,catchup,0.0883888365295813,,6,0.0,-0.01689546595150282
2022-06-09,choppy,catchup,0.1537887648237528,,6,0.0,-0.07262054145288188
2022-06-10,choppy,catchup,0.07,0.18333333333333332,5,0.32783324755233895,-0.11819771253604983
2022-06-13,stress,normal,0.13946908123050128,,5,0.0,-0.0609661836155152
2022-06-14,stress,catchup,0.13544978428865107,,5,0.0,-0.05764216541698908
2022-06-15,stress,catchup,0.07659950863682341,,5,0.0,-0.006129956946738346
2022-06-16,stress,brake,0.17752765238621637,0.0,1,0.6126259131396419,-0.09131645627881058
2022-06-17,stress,catchup,0.07,0.055,2,0.5477035479572462,-0.08921301742994525
2022-06-21,stress,catchup,0.057092063214062794,,2,0.0,0.012210797181364752
2022-06-22,choppy,catchup,0.09549808662845893,,2,0.0,-0.02327533652471514
2022-06-23,choppy,catchup,0.09847294079139757,,2,0.0,-0.025920475356347006
2022-06-24,choppy,catchup,0.07,0.153,5,0.6297639137475569,-0.01667615163509628
2022-06-27,choppy,normal,0.015884990524988263,,5,0.0,0.053268834543018784
2022-06-28,choppy,normal,0.020404018030513837,,5,0.0,0.04860425977664384
2022-06-29,choppy,catchup,0.0565023552293491,,5,0.0,0.012775782944393743
2022-06-30,choppy,catchup,0.08252416253352757,,5,0.0,-0.01156940691671593
2022-07-01,choppy,catchup,0.07,0.153,7,1.3465140019946877,0.004110782491689724
2022-07-05,choppy,catchup,0.09862500928022833,,7,0.0,-0.026055304620256292
2022-07-06,choppy,catchup,0.11143556423945089,,7,0.0,-0.03728112143667539
2022-07-07,choppy,catchup,0.057383744541186665,,7,0.0,0.011931576898118301
2022-07-08,choppy,catchup,0.07,0.139,7,0.7988858532963745,0.0019467255888345747
2022-07-11,choppy,normal,0.08499803817374318,,7,0.0,-0.013823101651858849
2022-07-12,choppy,catchup,0.0908668039088536,,7,0.0,-0.019128645068382744
2022-07-13,choppy,catchup,0.08710239630740202,,7,0.0,-0.015732093283479243
2022-07-14,choppy,catchup,0.10475204795711002,,7,0.0,-0.03145687579522738
2022-07-15,choppy,catchup,0.07,0.13,6,0.32049301810910547,-0.003792058358380812
2022-07-18,choppy,normal,0.048179182172642276,,6,0.0,0.02081783172045837
2022-07-19,choppy,normal,0.02391749940677035,,6,0.0,0.045006067988806464
2022-07-20,choppy,normal,0.025895442807621905,,6,0.0,0.042991278986165504
2022-07-21,choppy,catchup,0.04528747346493134,,6,0.0,0.02364184701568406
2022-07-22,choppy,catchup,0.07,0.15966666666666668,6,1.1316085247064738,0.013473015121941545
2022-07-25,choppy,normal,0.03949224867449108,,6,0.0,0.02934870497053832
2022-07-26,choppy,catchup,0.04254177223540201,,6,0.0,0.026337772256091574
2022-07-27,choppy,normal,0.0024218801156594694,,6,0.0,0.06741484920155916
2022-07-28,choppy,bank,-0.02473467413687591,,6,0.0,0.09713733445104733
2022-07-29,choppy,catchup,0.07,0.10466666666666667,6,1.7419790433510813,0.12166287738491177
2022-08-01,choppy,normal,0.06969511286572838,,6,0.0,0.0002850224616384178
2022-08-02,choppy,catchup,0.08204299519159064,,6,0.0,-0.01112986752384848
2022-08-03,choppy,catchup,0.08653936702919762,,6,0.0,-0.015222059624419582
2022-08-04,choppy,catchup,0.10767125661660537,,6,0.0,-0.03400941966452442
2022-08-05,choppy,catchup,0.07,0.13,6,2.071784484945336,-0.03100676938720892
2022-08-08,choppy,normal,0.05845123631171201,,6,0.0,0.010911002124699642
2022-08-09,choppy,catchup,0.06259870223571884,,6,0.0,0.006965280259338513
2022-08-10,choppy,catchup,0.05350454593535625,,6,0.0,0.015657696142163502
2022-08-11,choppy,catchup,0.04936063514994027,,6,0.0,0.01966851448273621
2022-08-12,choppy,catchup,0.07,0.09066666666666667,7,1.7838641615680304,0.03390593953164944
2022-08-15,choppy,normal,0.0813404990715163,,7,0.0,-0.010487445056625244
2022-08-16,calm,catchup,0.07625954990479178,,7,0.0,-0.005816022636310536
2022-08-17,choppy,catchup,0.10809205177063674,,7,0.0,-0.034376252144186714
2022-08-18,choppy,catchup,0.09199177434523942,,6,0.0,-0.020139139196744926
2022-08-19,choppy,catchup,0.07,0.078,6,1.1071499955008925,-0.045209624329899833
2022-08-22,choppy,normal,0.09367338835618466,,6,0.0,-0.021645756958360574
2022-08-23,stress,catchup,0.08841376987358229,,6,0.0,-0.01691798687526791
2022-08-24,choppy,catchup,0.07275142663866929,,6,0.0,-0.0025648314887731782
2022-08-25,choppy,catchup,0.051019582751788306,,6,0.0,0.018059051952692418
2022-08-26,stress,catchup,0.07,0.015333333333333332,2,0.5999684116624477,-0.01703791305869573
2022-08-29,choppy,normal,0.07924826915332583,,2,0.0,-0.008569176729448014
2022-08-30,choppy,catchup,0.08788810277938786,,2,0.0,-0.016442962041487874
2022-08-31,choppy,catchup,0.08239613487393438,,2,0.0,-0.011452493661554097
2022-09-01,choppy,catchup,0.08709841516124484,,2,0.0,-0.01572848872078314
2022-09-02,choppy,catchup,0.07,0.069,7,0.9536001831439502,-0.018823842478929542
2022-09-06,choppy,catchup,0.09669984147531885,,7,0.0,-0.02434562353852565
2022-09-07,choppy,catchup,0.07470905686344431,,7,0.0,-0.004381703897785694
2022-09-08,choppy,catchup,0.06592387003420885,,7,0.0,0.0038240347930855734
2022-09-09,choppy,catchup,0.07,0.07033333333333333,6,0.9310930519016712,0.027307081795162835
2022-09-12,choppy,normal,0.06435486652905675,,6,0.0,0.00530380763828564
2022-09-13,choppy,catchup,0.1182376260058482,,6,0.0,-0.04313718737773531
2022-09-14,choppy,catchup,0.11383321967677973,,6,0.0,-0.039353485694653245
2022-09-15,choppy,catchup,0.13686080432923586,,6,0.0,-0.05881177719789954
2022-09-16,choppy,catchup,0.07,0.10633333333333334,5,0.32996753902767406,-0.08427824529754802
2022-09-19,choppy,normal,0.06639525224688181,,5,0.0,0.0033803111421615295
2022-09-20,choppy,catchup,0.09160268293795526,,4,0.0,-0.019789877100533815
2022-09-21,choppy,catchup,0.10764997388984754,,4,0.0,-0.03399085882485808
2022-09-22,choppy,catchup,0.12994843346264773,,4,0.0,-0.053054132106665985
2022-09-23,choppy,catchup,0.07,0.12733333333333333,7,0.6265637203044655,-0.09266569964954463
2022-09-26,stress,normal,0.10519346513509009,,7,0.0,-0.03184371446748313
2022-09-27,stress,catchup,0.07583612654616623,,7,0.0,-0.005424735609969034
2022-09-28,stress,catchup,0.03593378492774968,,7,0.0,0.032884548769327226
2022-09-29,stress,catchup,0.07112578936733982,,7,0.0,-0.0010510337614078047
2022-09-30,stress,catchup,0.07,0.03666666666666667,2,0.9883460384882349,0.004063955719516121
2022-10-03,stress,normal,0.05790571439443615,,2,0.0,0.011432290648403232
2022-10-04,choppy,catchup,0.04047732697843087,,2,0.0,0.028374162757879295
2022-10-05,choppy,catchup,0.05179394825430772,,2,0.0,0.017309523196924026
2022-10-06,stress,catchup,0.05761737387315069,,2,0.0,0.011708039630156986
2022-10-07,stress,catchup,0.07,0.03333333333333333,2,0.48561536037373265,0.014631021480748352
2022-10-10,stress,normal,0.08597435808741394,,2,0.0,-0.014709700987367125
2022-10-11,stress,catchup,0.10055770536018627,,2,0.0,-0.027765654823329156
2022-10-12,stress,catchup,0.10150482454273835,,2,0.0,-0.028601621927363485
2022-10-13,stress,catchup,0.08579561055186491,,2,0.0,-0.014547498993697894
2022-10-14,stress,catchup,0.07,0.029333333333333333,3,0.13637951278775143,-0.037030896366947674
2022-10-17,stress,normal,0.04844145221653329,,3,0.0,0.020562471788853287
2022-10-18,stress,catchup,0.03553066391168325,,3,0.0,0.033286639681059826
2022-10-19,stress,catchup,0.04931363978604142,,3,0.0,0.019714182137360536
2022-10-20,choppy,catchup,0.05185866911957482,,3,0.0,0.01724692814065021
2022-10-21,choppy,catchup,0.07,0.182,6,0.7371844230228188,0.03281781394694705
2022-10-24,choppy,normal,0.06674055655306343,,6,0.0,0.0030555165704666543
2022-10-25,choppy,normal,0.009524599433628378,,6,0.0,0.05990483104651445
2022-10-26,choppy,normal,0.005717077375054114,,6,0.0,0.063917501324255
2022-10-27,choppy,normal,0.008213579934685411,,6,0.0,0.061283066698345046
2022-10-28,choppy,catchup,0.07,0.13933333333333334,6,1.4094593043652848,0.07534791666224194
2022-10-31,choppy,normal,0.06108021054588253,,6,0.0,0.008406329102611965
2022-11-01,choppy,catchup,0.06762460133849912,,6,0.0,0.0022249381088847997
2022-11-02,choppy,catchup,0.09615445745099405,,6,0.0,-0.023860193491174297
2022-11-03,choppy,catchup,0.12613018228883233,,5,0.0,-0.04984342234283157
2022-11-04,choppy,catchup,0.07,0.174,7,1.3344626404602882,-0.0449013105830699
2022-11-07,choppy,normal,0.0004499368633557044,,6,0.0,0.06951878407299428
2022-11-08,choppy,bank,-0.006262139780826792,,6,0.0,0.07674271337916716
2022-11-09,choppy,catchup,0.03381354343221821,,6,0.0,0.035002884995726014
2022-11-10,choppy,catchup,0.05942198024787504,,5,0.0,0.009984708595200287
2022-11-11,choppy,catchup,0.07,0.09333333333333334,6,0.9184249572336681,0.02583595196095856
2022-11-14,choppy,normal,0.07926061868229306,,6,0.0,-0.008580521258711005
2022-11-15,choppy,catchup,0.06349429273618235,,6,0.0,0.0061172940073610516
2022-11-16,choppy,catchup,0.06924614835500154,,6,0.0,0.0007050309661233989
2022-11-17,choppy,catchup,0.06811387045683603,,6,0.0,0.0017658506226094772
2022-11-18,choppy,catchup,0.07,0.13166666666666665,5,0.7688538531554171,0.003965130122453919
2022-11-21,choppy,normal,0.0894657925427853,,5,0.0,-0.0178672819982284
2022-11-22,choppy,catchup,0.12835298169331177,,4,0.0,-0.051715183670398845
2022-11-23,choppy,catchup,0.13107867094124193,,4,0.0,-0.054000373723265827
2022-11-25,choppy,catchup,0.07,0.11933333333333333,4,0.519115101300812,-0.04745835154462319
2022-11-28,choppy,normal,0.08043808819561016,,4,0.0,-0.009660977625328138
2022-11-29,choppy,catchup,0.06698890936568302,,4,0.0,0.0028220449227602806
2022-11-30,choppy,catchup,0.04468611644861431,,4,0.0,0.024231090231618735
2022-12-01,calm,catchup,0.05904363980955618,,4,0.0,0.010345522864774637
2022-12-02,calm,catchup,0.07,0.079,6,0.9496098512409115,0.01546620685703437
2022-12-05,choppy,normal,0.09564990899482595,,6,0.0,-0.02341067961969512
2022-12-06,choppy,catchup,0.1075002936996341,,6,0.0,-0.03386030135880436
2022-12-07,choppy,catchup,0.10465242068357772,,6,0.0,-0.03136952405547988
2022-12-08,choppy,catchup,0.0919995527393882,,6,0.0,-0.020146118818638814
2022-12-09,choppy,catchup,0.07,0.081,5,0.27242373205483894,-0.040882438919164654
2022-12-12,choppy,normal,0.06550603849443615,,5,0.0,0.00421767812026097
2022-12-13,choppy,catchup,0.057014391194693204,,5,0.0,0.01228517692235953
2022-12-14,choppy,catchup,0.05489926131089007,,5,0.0,0.014314863269830003
2022-12-15,choppy,catchup,0.07745387779260637,,4,0.0,-0.006918048137593669
2022-12-16,choppy,catchup,0.07,0.08133333333333333,5,0.6363419624609082,-0.02515280521215002
2022-12-19,choppy,normal,0.07866063834847159,,5,0.0,-0.008029066826552356
2022-12-20,choppy,catchup,0.08342669993264695,,5,0.0,-0.012392808792216048
2022-12-21,choppy,catchup,0.07131683252042231,,5,0.0,-0.0012291718756290981
2022-12-22,choppy,catchup,0.09242565282415538,,5,0.0,-0.020528310339637534
2022-12-23,choppy,catchup,0.07,0.09033333333333333,7,1.3234527406165149,-0.014473593591045941
2022-12-27,choppy,catchup,0.07300419806003489,,7,0.0,-0.0027998008446437073
2022-12-28,choppy,catchup,0.10365704190992786,,7,0.0,-0.030495924577876754
2022-12-29,choppy,catchup,0.06364088292173187,,7,0.0,0.005978631679519619
2022-12-30,choppy,catchup,0.07,0.09066666666666667,6,0.8194987977880904,0.00825999993962201
2023-01-03,choppy,catchup,0.1177865759426504,,6,0.0,-0.042751073390151384
2023-01-04,choppy,catchup,0.10411628021718045,,6,0.0,-0.030899173237867394
2023-01-05,choppy,catchup,0.13049015380992568,,6,0.0,-0.053507899742482934
2023-01-06,choppy,catchup,0.07,0.067,7,0.7576206004879732,-0.03175438505713846
2023-01-09,choppy,normal,0.05767673128139239,,7,0.0,0.0116512620105369
2023-01-10,choppy,catchup,0.050825243047835755,,7,0.0,0.0182473318746601
2023-01-11,choppy,catchup,0.04310614107782351,,7,0.0,0.02578247587957594
2023-01-12,calm,catchup,0.04103051123904966,,7,0.0,0.027827703845558327
2023-01-13,calm,catchup,0.07,0.066,6,0.8007075945063508,0.0318130950113793
2023-01-17,calm,catchup,0.08012474973117789,,6,0.0,-0.00937368552447082
2023-01-18,choppy,catchup,0.09812392399360426,,6,0.0,-0.02561088359802277
2023-01-19,choppy,catchup,0.11215423362052279,,5,0.0,-0.037903226320771366
2023-01-20,calm,catchup,0.07,0.088,6,0.25735684839597006,-0.03464863125073847
2023-01-23,calm,normal,0.06548423248702773,,6,0.0,0.004238230257459286
2023-01-24,calm,catchup,0.05523624613451128,,6,0.0,0.013990946500909818
2023-01-25,calm,catchup,0.04831764244381831,,6,0.0,0.02068300358432995
2023-01-26,calm,catchup,0.059720845013182755,,6,0.0,0.009699870522684062
2023-01-27,calm,catchup,0.07,0.10033333333333333,8,1.089959108030231,0.0026062242637114874
2023-01-30,calm,normal,0.07826407190074836,,8,0.0,-0.007664237468452795
2023-01-31,calm,catchup,0.04058016084696514,,8,0.0,0.02827253512991157
2023-02-01,calm,catchup,0.03099153432883517,,8,0.0,0.037835873886742366
2023-02-02,calm,catchup,0.038575527080327854,,8,0.0,0.030257282306674016
2023-02-03,calm,catchup,0.07,0.08366666666666667,8,0.7295133127181723,0.039677714999847735
2023-02-06,calm,normal,0.07454851360675141,,8,0.0,-0.004232953234921011
2023-02-07,calm,catchup,0.06582766311542088,,8,0.0,0.003914644955248514
2023-02-08,calm,catchup,0.07014250741892947,,8,0.0,-0.00013316676792241022
2023-02-09,choppy,catchup,0.049817819516068784,,8,0.0,0.019224459814593864
2023-02-10,choppy,catchup,0.07,0.087,8,0.7448749144356123,0.01947932592745505
2023-02-13,choppy,normal,0.049781478062926654,,8,0.0,0.01925974344144543
2023-02-14,calm,catchup,0.043130394204264455,,8,0.0,0.02575862609796986
2023-02-15,calm,catchup,0.0328079569869002,,8,0.0,0.03601060851777649
2023-02-16,choppy,catchup,0.04685619855192491,,8,0.0,0.022107908880024896
2023-02-17,choppy,catchup,0.07,0.074,8,1.0249011857199146,0.022668633679349348
2023-02-21,choppy,catchup,0.08585072173001129,,8,0.0,-0.014597514568814196
2023-02-22,choppy,catchup,0.08617193345282215,,8,0.0,-0.014888925919318563
2023-02-23,choppy,catchup,0.06771063504703045,,8,0.0,0.0021441810897282476
2023-02-24,choppy,catchup,0.07,0.09533333333333334,6,0.8122043220466224,0.0006388721380541362
2023-02-27,choppy,normal,0.06770141694020793,,6,0.0,0.002152833201607418
2023-02-28,choppy,catchup,0.06143784847539702,,6,0.0,0.008066559466389345
2023-03-01,choppy,catchup,0.0505378645109249,,6,0.0,0.018525877216368336
2023-03-02,calm,catchup,0.04316124443363445,,6,0.0,0.025728290529943187
2023-03-03,calm,catchup,0.07,0.09,7,0.8451934813995355,0.03854196089915818
2023-03-06,calm,normal,0.07640346120197439,,7,0.0,-0.005948941482242898
2023-03-07,calm,catchup,0.07061627848456387,,7,0.0,-0.0005756296601767685
2023-03-08,calm,catchup,0.06483445393881548,,7,0.0,0.004851032047354709
2023-03-09,choppy,catchup,0.09083063681612069,,7,0.0,-0.01909612373642189
2023-03-10,stress,catchup,0.07,0.015,4,0.4147490886870249,-0.035830000912326465
2023-03-13,stress,normal,0.07929190823488907,,4,0.0,-0.008609263317914895
2023-03-14,choppy,catchup,0.06971375967261584,,4,0.0,0.0002675859077214682
2023-03-15,stress,catchup,0.08041644011225335,,4,0.0,-0.00964113440477743
2023-03-16,choppy,catchup,0.04494045691084736,,4,0.0,0.023981790467981323
2023-03-17,choppy,catchup,0.07,0.08766666666666667,6,0.16104803711742802,0.015320571513772974
2023-03-20,choppy,normal,0.048019279363829215,,6,0.0,0.020973584235505216
2023-03-21,choppy,normal,0.02110558948869623,,6,0.0,0.047883794795195556
2023-03-22,choppy,catchup,0.04715935016279782,,6,0.0,0.021812009636977603
2023-03-23,choppy,catchup,0.051813084098101925,,6,0.0,0.01729101508324815
2023-03-24,choppy,catchup,0.07,0.07833333333333334,5,0.7272206461037026,0.016278204175586453
2023-03-27,choppy,normal,0.05534940876810568,,5,0.0,0.013882218637897292
2023-03-28,calm,catchup,0.05308311547828781,,5,0.0,0.01606414942283929
2023-03-29,calm,normal,0.026562666000028212,,5,0.0,0.042313377876115554
2023-03-30,calm,normal,0.015351925337220074,,5,0.0,0.05382180631078248
2023-03-31,calm,catchup,0.07,0.057666666666666665,8,0.974592457617682,0.0789320412934087
2023-04-03,calm,normal,0.06669565061027583,,8,0.0,0.003097743379598228
2023-04-04,calm,catchup,0.08345385729041155,,8,0.0,-0.012417563701381695
2023-04-05,calm,catchup,0.09265310535225968,,8,0.0,-0.020732202417487744
2023-04-06,calm,catchup,0.07,0.060333333333333336,8,0.9030524500789804,-0.020514206704690063
2023-04-10,calm,normal,0.060512855277262245,,8,0.0,0.008945808318615356
2023-04-11,calm,catchup,0.056067310480862,,8,0.0,0.01319299383747996
2023-04-12,calm,catchup,0.052703474845694265,,8,0.0,0.016430576670074304
2023-04-13,calm,catchup,0.05030474349060121,,8,0.0,0.0187519447393365
2023-04-14,calm,catchup,0.07,0.04466666666666667,9,1.1976502491496253,0.016146411868520172
2023-04-17,calm,normal,0.061911353700902616,,9,0.0,0.0076170635815384635
2023-04-18,calm,catchup,0.05648920614380959,,9,0.0,0.01278838797180426
2023-04-19,calm,catchup,0.06027047232857985,,9,0.0,0.009176458201322957
2023-04-20,calm,catchup,0.05594994205756998,,9,0.0,0.013305609842690913
2023-04-21,calm,catchup,0.07,0.057,7,0.717971099667714,0.010020669187624787
2023-04-24,calm,normal,0.07139818622997707,,7,0.0,-0.0013050108241240421
2023-04-25,calm,catchup,0.07796236850689775,,7,0.0,-0.007386499510114164
2023-04-26,calm,catchup,0.08677384181492198,,7,0.0,-0.015434528481941934
2023-04-27,calm,catchup,0.0698594501490184,,7,0.0,0.0001313722573204057
2023-04-28,calm,catchup,0.07,0.058,5,0.6774428686240872,0.012227219913182097
2023-05-01,calm,normal,0.07337083935989952,,5,0.0,-0.0031404238277142893
2023-05-02,calm,catchup,0.06813742201433404,,5,0.0,0.0017437625040357396
2023-05-03,calm,catchup,0.06788531634256545,,5,0.0,0.0019802535207407157
2023-05-04,choppy,catchup,0.07090769318118917,,4,0.0,-0.000847592362039018
2023-05-05,calm,catchup,0.07,0.06833333333333333,7,0.9899705180982923,0.005217428273971203
2023-05-08,calm,normal,0.06003474338999326,,7,0.0,0.00940087735062134
2023-05-09,calm,catchup,0.05464619958799455,,7,0.0,0.014558247512771239
2023-05-10,calm,catchup,0.05479178419349218,,7,0.0,0.014418216025579245
2023-05-11,calm,catchup,0.06545332237524559,,7,0.0,0.004267364444102029
2023-05-12,calm,catchup,0.07,0.04933333333333333,5,0.6425389371480961,0.007271988240698191
2023-05-15,calm,normal,0.06916582928452786,,5,0.0,0.00078020704798476
2023-05-16,calm,catchup,0.08279918430589572,,5,0.0,-0.011820459870497957
2023-05-17,calm,catchup,0.07437597386392025,,5,0.0,-0.004073037717124528
2023-05-18,calm,catchup,0.06278167244155552,,5,0.0,0.0067919194935510685
2023-05-19,calm,catchup,0.07,0.085,8,0.23975343175469313,0.011640910776936408
2023-05-22,calm,normal,0.07565621280572432,,8,0.0,-0.00525838342993501
2023-05-23,calm,catchup,0.0998198236994976,,6,0.0,-0.027113371715006607
2023-05-24,choppy,catchup,0.08399388312364131,,6,0.0,-0.012909559123448489
2023-05-25,calm,normal,0.025808491882628903,,6,0.0,0.04307968638109849
2023-05-26,calm,catchup,0.07,0.10966666666666666,6,0.6734438850510887,0.0538229754985291
2023-05-30,calm,catchup,0.06504660541529739,,6,0.0,0.004650871200862827
2023-05-31,calm,catchup,0.0747618109804562,,6,0.0,-0.004430573297084406
2023-06-01,calm,catchup,0.0753936337117671,,5,0.0,-0.005015497156283688
2023-06-02,calm,catchup,0.07,0.03666666666666667,6,1.1352437169177003,0.05623519016957679
2023-06-05,calm,normal,0.07136767359763785,,6,0.0,-0.0012765679153312615
2023-06-06,calm,catchup,0.07607495083512683,,6,0.0,-0.005645471842283922
2023-06-07,calm,catchup,0.08332032592585636,,5,0.0,-0.012295833104093323
2023-06-08,calm,catchup,0.0761165241087578,,5,0.0,-0.005683886430257523
2023-06-09,calm,catchup,0.07,0.034333333333333334,7,0.6930544879962868,-0.00636763733224921
2023-06-12,calm,normal,0.05698387615797906,,7,0.0,0.012314401511339224
2023-06-13,calm,catchup,0.05332569389408959,,7,0.0,0.015830152252591878
2023-06-14,calm,catchup,0.05320379990202273,,7,0.0,0.015947720754083683
2023-06-15,calm,catchup,0.04379603224475925,,7,0.0,0.02510449067226972
2023-06-16,calm,catchup,0.07,0.044333333333333336,7,1.0086225537086813,0.01839707012300873
2023-06-20,calm,catchup,0.06873603713049414,,7,0.0,0.0011826707677038417
2023-06-21,calm,catchup,0.06687518918538271,,7,0.0,0.0029289375611061264
2023-06-22,calm,catchup,0.06251090362776046,,7,0.0,0.007048488958249166
2023-06-23,calm,catchup,0.07,0.03133333333333333,6,1.0551350473688794,0.006092245970193533
2023-06-26,calm,normal,0.09036892104775296,,6,0.0,-0.01868076084576964
2023-06-27,calm,catchup,0.08986947199935047,,6,0.0,-0.018231056571297644
2023-06-28,calm,catchup,0.07313029840242113,,6,0.0,-0.002916978867413489
2023-06-29,calm,catchup,0.06315877135106551,,6,0.0,0.0064348137204763844
2023-06-30,calm,catchup,0.07,0.032,10,0.9249081456794217,0.017997634689430386
2023-07-03,calm,normal,0.0742642369975628,,10,0.0,-0.0039694489034473035
2023-07-05,calm,catchup,0.0784484044004845,,10,0.0,-0.0078338512681847
2023-07-06,calm,catchup,0.09655500631205594,,10,0.0,-0.024216757170591907
2023-07-07,calm,catchup,0.07,0.027,7,1.23378784897638,-0.02375736608565393
2023-07-10,calm,normal,0.057843648225156974,,7,0.0,0.011491633754419972
2023-07-11,calm,catchup,0.051302235939706176,,7,0.0,0.017785336529395845
2023-07-12,calm,catchup,0.05001338180730497,,7,0.0,0.019034631880875397
2023-07-13,calm,catchup,0.030050251835267883,,7,0.0,0.038784271052361374
2023-07-14,calm,catchup,0.07,0.03933333333333333,10,1.081704390121109,0.03659610166990124
2023-07-17,calm,normal,0.06504402031783152,,10,0.0,0.004653309710794362
2023-07-18,calm,catchup,0.062448739218767146,,10,0.0,0.007107411870793445
2023-07-19,calm,catchup,0.06278442306701781,,10,0.0,0.006789313784030915
2023-07-20,calm,catchup,0.08208955327044243,,9,0.0,-0.011172414735826308
2023-07-21,calm,catchup,0.07,0.050333333333333334,9,1.3160814599766935,-0.011313434986512716
2023-07-24,calm,normal,0.08593226998824344,,9,0.0,-0.014671513526728353
2023-07-25,calm,catchup,0.0890851676419322,,9,0.0,-0.017524035960617246
2023-07-26,calm,catchup,0.08561248954960266,,9,0.0,-0.014381272967926018
2023-07-27,calm,catchup,0.10565053689274517,,8,0.0,-0.032243946620724606
2023-07-28,calm,catchup,0.07,0.02666666666666667,6,1.1942984681384357,-0.02585776857275146
2023-07-31,calm,normal,0.06679617800598558,,6,0.0,0.0030032184779691384
2023-08-01,calm,catchup,0.06458521777646631,,6,0.0,0.005086283496255284
2023-08-02,calm,catchup,0.07802907619029642,,6,0.0,-0.007447921737575691
2023-08-03,calm,catchup,0.09201440887653756,,5,0.0,-0.020159449085645154
2023-08-04,calm,catchup,0.07,0.037,8,0.3846506948166193,-0.021510037927115366
2023-08-07,calm,normal,0.053174704465250855,,8,0.0,0.015975787742919856
2023-08-08,calm,catchup,0.05928461729949608,,8,0.0,0.010115678567882425
2023-08-09,calm,catchup,0.04053268248986308,,8,0.0,0.028319454070030226
2023-08-10,calm,catchup,0.03989566288636581,,8,0.0,0.028949382315987204
2023-08-11,calm,catchup,0.07,0.03933333333333333,8,0.49682808889717067,0.031239857973542673
2023-08-14,calm,normal,0.05602406224876266,,8,0.0,0.013234487973196485
2023-08-15,calm,catchup,0.06456995914255814,,8,0.0,0.0051006895421090714
2023-08-16,calm,catchup,0.08805875255036577,,8,0.0,-0.01659722189453161
2023-08-17,calm,catchup,0.1319957455458196,,7,0.0,-0.054766765502220816
2023-08-18,calm,catchup,0.07,0.05633333333333333,6,0.2972243103457099,-0.053359604822212026
2023-08-21,calm,normal,0.07856665277135844,,6,0.0,-0.00794262714255678
2023-08-22,calm,catchup,0.07541829151344626,,6,0.0,-0.00503831072635097
2023-08-23,calm,catchup,0.047763529554380346,,6,0.0,0.02122279485627554
2023-08-24,calm,catchup,0.07117588282538678,,6,0.0,-0.00109774953323738
2023-08-25,calm,catchup,0.07,0.032,7,0.516135820159619,-0.006838159287555046
2023-08-28,calm,normal,0.06378560127225907,,7,0.0,0.0058417774411581025
2023-08-29,calm,catchup,0.04357892798373708,,7,0.0,0.025317751544974287
2023-08-30,calm,catchup,0.03575730045563663,,7,0.0,0.033060543748327786
2023-08-31,calm,normal,0.024116238029142867,,7,0.0,0.04480327551407459
2023-09-01,calm,catchup,0.07,0.009666666666666667,8,0.8830627084106654,0.06581978307247094
2023-09-05,calm,catchup,0.09005417438940433,,8,0.0,-0.018397410753128507
2023-09-06,calm,catchup,0.0880152747567653,,8,0.0,-0.016557924483912023
2023-09-07,calm,catchup,0.09192896952661922,,7,0.0,-0.02008278023443777
2023-09-08,calm,catchup,0.07,0.02666666666666667,9,1.1772141676518448,-0.019669832284269773
2023-09-11,calm,normal,0.07208134852222758,,9,0.0,-0.0019414091338277872
2023-09-12,calm,catchup,0.08103045005878351,,9,0.0,-0.010203644178740423
2023-09-13,calm,catchup,0.09454141436355346,,9,0.0,-0.02242164073601871
2023-09-14,calm,catchup,0.0808862839205704,,9,0.0,-0.010071627406616601
2023-09-15,calm,catchup,0.07,0.035666666666666666,5,1.9193525050835887,-0.028416767932007203
2023-09-18,calm,normal,0.07136339800209446,,5,0.0,-0.001272582211261697
2023-09-19,calm,catchup,0.07887887227170776,,5,0.0,-0.008229721148410363
2023-09-20,calm,catchup,0.08955045779850312,,5,0.0,-0.017943600187187103
2023-09-21,calm,catchup,0.11762287407472871,,4,0.0,-0.042610862017436135
2023-09-22,calm,catchup,0.07,0.045,5,1.3545718618139473,-0.041138358264532604
2023-09-25,calm,normal,0.053229787649116345,,5,0.0,0.015922652917286007
2023-09-26,calm,catchup,0.05373984322775249,,5,0.0,0.015430902491492038
2023-09-27,calm,catchup,0.02934893496174018,,5,0.0,0.03949201641693145
2023-09-28,calm,normal,0.00813997942503053,,5,0.0,0.06136054698500293
2023-09-29,calm,catchup,0.07,0.016666666666666666,7,1.401257057244098,0.061060766408333356
2023-10-02,calm,normal,0.07735037803022182,,7,0.0,-0.006822643942132167
2023-10-03,calm,catchup,0.09265806635959595,,7,0.0,-0.02073664859775004
2023-10-04,calm,catchup,0.10219011527374855,,6,0.0,-0.029205592417922865
2023-10-05,calm,catchup,0.09660021557211018,,6,0.0,-0.024256985539832687
2023-10-06,calm,catchup,0.07,0.036,6,0.6895002513698321,-0.01680799074404571
2023-10-09,calm,normal,0.05657254298370229,,6,0.0,0.012708504593900827
2023-10-10,calm,normal,0.027109731614571198,,6,0.0,0.041758214400332117
2023-10-11,calm,normal,0.023680599863683316,,6,0.0,0.04524790265878331
2023-10-12,calm,catchup,0.05260350853149354,,6,0.0,0.016527107621726156
2023-10-13,calm,catchup,0.07,0.059333333333333335,5,1.305330375434947,0.01621634106668912
2023-10-16,calm,normal,0.06838133460243934,,5,0.0,0.0015150633440850214
2023-10-17,calm,catchup,0.058165374518366786,,5,0.0,0.011184098220015759
2023-10-18,calm,catchup,0.0903169135708719,,5,0.0,-0.01863395249398847
2023-10-19,choppy,catchup,0.08990936627152624,,5,0.0,-0.01826699254786124
2023-10-20,choppy,catchup,0.07,0.08466666666666667,5,0.8846984245154295,-0.03011915228939921
2023-10-23,choppy,normal,0.06483732128574693,,5,0.0,0.004848326228854782
2023-10-24,calm,catchup,0.05859687739868158,,5,0.0,0.010771921630205128
2023-10-25,choppy,catchup,0.10009841376104522,,5,0.0,-0.027359746532261475
2023-10-26,choppy,catchup,0.10874780891594193,,5,0.0,-0.034947360079860545
2023-10-27,choppy,catchup,0.07,0.059,5,1.107952425493574,-0.0364592161459526
2023-10-30,choppy,normal,0.0638496951736145,,5,0.0,0.0057811783509340575
2023-10-31,choppy,catchup,0.0850462376493002,,4,0.0,-0.013866909194484633
2023-11-01,calm,catchup,0.055809566437239555,,4,0.0,0.013440334330977022
2023-11-02,calm,catchup,0.058280913798626655,,4,0.0,0.011073700799637987
2023-11-03,calm,catchup,0.07,0.014,6,0.6463705040462404,0.028752167653748995
2023-11-06,calm,normal,0.06383817202462394,,6,0.0,0.0057920726454563365
2023-11-07,calm,catchup,0.06549233818533051,,6,0.0,0.004230590547789959
2023-11-08,calm,catchup,0.06304954719317846,,6,0.0,0.006538220937277295
2023-11-09,calm,catchup,0.06117259783669082,,6,0.0,0.008318535722939613
2023-11-10,calm,catchup,0.07,0.013333333333333334,9,0.4781995988327746,0.015737601764581832
2023-11-13,calm,normal,0.07053226400584012,,9,0.0,-0.0004971956696085966
2023-11-14,calm,catchup,0.04304352865126493,,9,0.0,0.025844052149570418
2023-11-15,calm,catchup,0.04169782509879805,,9,0.0,0.027169275215216837
2023-11-16,calm,catchup,0.042612325902998016,,9,0.0,0.02626831988896905
2023-11-17,calm,catchup,0.07,0.018666666666666668,5,0.4902815617999114,0.03268081168033521
2023-11-20,calm,normal,0.06666556521854994,,5,0.0,0.0031260358355778006
2023-11-21,calm,catchup,0.06726006416119779,,5,0.0,0.0025672616551577487
2023-11-22,calm,catchup,0.06932442888479673,,5,0.0,0.0006317737601000406
2023-11-24,calm,catchup,0.07,0.021333333333333333,6,0.6819686092628959,0.006640713398495368
2023-11-27,calm,normal,0.06884496482064728,,6,0.0,0.0010806386495412212
2023-11-28,calm,catchup,0.06881277669117214,,6,0.0,0.001110786972909672
2023-11-29,calm,catchup,0.0682460247054919,,6,0.0,0.001641920731688895
2023-11-30,calm,catchup,0.07356878469376404,,6,0.0,-0.003324225466169728
2023-12-01,calm,catchup,0.07,0.017,7,0.47416911595518857,0.004022367413784034
2023-12-04,calm,normal,0.06510246107194284,,7,0.0,0.004598185721144787
2023-12-05,calm,catchup,0.06730067143545293,,7,0.0,0.002529117273876169
2023-12-06,calm,catchup,0.08253392852910468,,6,0.0,-0.011578323966376813
2023-12-07,calm,catchup,0.08952960384730302,,6,0.0,-0.017924803308088877
2023-12-08,calm,catchup,0.07,0.007666666666666666,7,0.6042652123053541,-0.020726601281051416
2023-12-11,calm,normal,0.06425269273163714,,7,0.0,0.005400322035935989
2023-12-12,calm,catchup,0.05439971874141647,,7,0.0,0.014795414851973554
2023-12-13,calm,catchup,0.04727768348025174,,7,0.0,0.021696553720345513
2023-12-14,calm,catchup,0.05205803365442874,,7,0.0,0.017054160294986964
2023-12-15,calm,catchup,0.07,0.017666666666666667,8,0.6089685059648678,0.016278348286485222
2023-12-18,calm,normal,0.05725174303023106,,8,0.0,0.012057920030692726
2023-12-19,calm,catchup,0.04941463900424625,,8,0.0,0.01961604139169104
2023-12-20,calm,catchup,0.0650953943038548,,8,0.0,0.004604851098197527
2023-12-21,calm,catchup,0.05519578669982983,,8,0.0,0.014029826015957703
2023-12-22,calm,catchup,0.07,0.015,6,1.1784304162347143,0.020566736853678824
2023-12-26,calm,catchup,0.05814575277015144,,6,0.0,0.011202849133793658
2023-12-27,calm,catchup,0.0533475141926778,,6,0.0,0.015809109133451793
2023-12-28,calm,catchup,0.05414527988785789,,6,0.0,0.015040355835799879
2023-12-29,calm,catchup,0.07,0.008333333333333333,6,1.17757637968769,0.010539854736248744
2024-01-02,calm,catchup,0.0950932889578977,,6,0.0,-0.022914293431362975
2024-01-03,calm,catchup,0.11377270234607173,,5,0.0,-0.03930128854286696
2024-01-04,calm,catchup,0.11965846005203096,,3,0.0,-0.04435143557056065
2024-01-05,calm,catchup,0.07,0.014,7,0.53479495784496,-0.04637242900787242
2024-01-08,calm,normal,0.0656271558512278,,6,0.0,0.004103540459495125
2024-01-09,calm,catchup,0.06834641628857274,,6,0.0,0.0015477973120103794
2024-01-10,calm,catchup,0.06787316042348679,,6,0.0,0.0019916593611828404
2024-01-11,calm,catchup,0.05465697141185388,,6,0.0,0.014547885240455694
2024-01-12,calm,catchup,0.07,0.009333333333333334,6,1.360525302594175,0.017935789068470376
2024-01-16,calm,catchup,0.07276237211249015,,6,0.0,-0.002575008393564837
2024-01-17,calm,catchup,0.07232769119328952,,6,0.0,-0.002170690183985746
2024-01-18,calm,catchup,0.06726058346357999,,6,0.0,0.0025667738309325117
2024-01-19,calm,catchup,0.07,0.021666666666666667,6,1.1401012959156112,0.008414494040432263
2024-01-22,calm,normal,0.05852827008307959,,6,0.0,0.01083743367196055
2024-01-23,calm,catchup,0.05281956987078362,,6,0.0,0.016318494280387563
2024-01-24,calm,catchup,0.041744739964384214,,6,0.0,0.02712301675416362
2024-01-25,calm,catchup,0.04428999112247567,,6,0.0,0.024619606714691766
2024-01-26,calm,catchup,0.07,0.02033333333333333,7,0.5291959985806232,0.025767471951539278
2024-01-29,calm,normal,0.055501141877872584,,7,0.0,0.013736468438425575
2024-01-30,calm,catchup,0.04996029332568108,,7,0.0,0.01908615668773961
2024-01-31,calm,catchup,0.06722934933829872,,7,0.0,0.0025961155054621265
2024-02-01,calm,catchup,0.04946307487835666,,7,0.0,0.01956898304785404
2024-02-02,calm,catchup,0.07,0.008666666666666666,5,0.4559762283956131,0.022374503070012652
2024-02-05,calm,normal,0.08378413278101848,,5,0.0,-0.012718522410591127
2024-02-06,calm,catchup,0.086134314374541,,5,0.0,-0.014854805856890807
2024-02-07,calm,catchup,0.07410091540902175,,5,0.0,-0.003817998244103671
2024-02-08,calm,catchup,0.06519045220116615,,5,0.0,0.004515199877069165
2024-02-09,calm,catchup,0.07,0.007,6,0.42596750685617,0.0054146393800234005
2024-02-12,calm,normal,0.06666720440609541,,6,0.0,0.003124494294131974
2024-02-13,calm,catchup,0.08372655064016143,,6,0.0,-0.012666064730123106
2024-02-14,calm,catchup,0.07911501449469371,,6,0.0,-0.008446749764631667
2024-02-15,calm,catchup,0.07419152012789354,,6,0.0,-0.003902023102355545
2024-02-16,calm,catchup,0.07,0.025,7,0.8177069565527025,-0.007997690613332664
2024-02-20,calm,catchup,0.08542649361486188,,6,0.0,-0.014212379839270373
2024-02-21,calm,catchup,0.08035340865261653,,6,0.0,-0.009583353530146055
2024-02-22,calm,catchup,0.07438950245027387,,6,0.0,-0.004085578312393201
2024-02-23,calm,catchup,0.07,0.028333333333333332,6,1.2680532069718675,0.01625691463150436
2024-02-26,calm,normal,0.055047567930386565,,6,0.0,0.014172282391915925
2024-02-27,calm,catchup,0.048811153623427916,,6,0.0,0.020202727920435537
2024-02-28,calm,catchup,0.06260920849731155,,6,0.0,0.006955324162059684
2024-02-29,calm,catchup,0.050587727535262195,,6,0.0,0.018477535912474474
2024-03-01,calm,catchup,0.07,0.009,7,0.8045855631469674,0.018858481058466214
2024-03-04,calm,normal,0.06988421927914468,,7,0.0,0.00010821799103966079
2024-03-05,calm,catchup,0.08964343976476163,,7,0.0,-0.018027401485574246
2024-03-06,calm,catchup,0.08990916884500821,,7,0.0,-0.018266814716410007
2024-03-07,calm,catchup,0.0767556072905351,,7,0.0,-0.0062740395729485865
2024-03-08,calm,catchup,0.07,0.011666666666666667,9,0.4925397093059246,-0.008154068124271219
2024-03-11,calm,normal,0.07156620054309326,,9,0.0,-0.0014615994254946196
2024-03-12,calm,catchup,0.05659166745422972,,9,0.0,0.012690174415322275
2024-03-13,calm,catchup,0.05071339891230098,,9,0.0,0.01835572013040343
2024-03-14,calm,catchup,0.046983267602009215,,9,0.0,0.02198385887360743
2024-03-15,calm,catchup,0.07,0.009333333333333334,9,0.4131007899430861,0.017057148805321942
2024-03-18,calm,normal,0.06564796078147572,,9,0.0,0.0040839370774310435
2024-03-19,calm,catchup,0.05645702247810713,,9,0.0,0.012819241326188058
2024-03-20,calm,catchup,0.04596697954444395,,9,0.0,0.022976844322583956
2024-03-21,calm,catchup,0.039123655624833775,,9,0.0,0.029713830695731858
2024-03-22,calm,catchup,0.07,0.0036666666666666666,7,0.5745305136015627,0.027267540197189577
2024-03-25,calm,normal,0.07190512608195898,,7,0.0,-0.0017773271492063092
2024-03-26,calm,catchup,0.0718233815879139,,7,0.0,-0.0017011959425744516
2024-03-27,calm,catchup,0.06202051179876844,,7,0.0,0.007513497256014912
2024-03-28,calm,catchup,0.07,0.006666666666666667,7,0.3387168872688144,0.014517600317986767
2024-04-01,calm,normal,0.08567927092496408,,7,0.0,-0.014441899504635258
2024-04-02,calm,catchup,0.08448480376596401,,7,0.0,-0.013356391639296694
2024-04-03,calm,catchup,0.08568412744315834,,7,0.0,-0.014446308135769748
2024-04-04,calm,catchup,0.09535319607049919,,7,0.0,-0.02314613784982944
2024-04-05,calm,catchup,0.07,0.005333333333333333,7,0.2712167672978705,-0.018551968100174565
2024-04-08,calm,normal,0.07148574334071722,,7,0.0,-0.0013866197940113345
2024-04-09,calm,catchup,0.08555455740104967,,4,0.0,-0.014328674035774869
2024-04-10,calm,catchup,0.09719051409933965,,3,0.0,-0.024781944201968997
2024-04-11,calm,catchup,0.09883355853287878,,3,0.0,-0.026240151030130776
2024-04-12,calm,catchup,0.07,0.010333333333333333,6,0.8144441553058669,-0.03484282804987371
2024-04-15,calm,normal,0.08045775409349876,,6,0.0,-0.009679003231618855
2024-04-16,calm,catchup,0.08649090935883263,,6,0.0,-0.015178138368929672
2024-04-17,calm,catchup,0.09520657152503564,,5,0.0,-0.023015358180271228
2024-04-18,calm,catchup,0.10135993005198407,,5,0.0,-0.02847382512863339
2024-04-19,calm,catchup,0.07,0.011,8,0.9235488860411857,-0.03032459608610949
2024-04-22,calm,normal,0.06154419644077658,,8,0.0,0.007965569015001561
2024-04-23,calm,catchup,0.03808102297404292,,8,0.0,0.030748059466987554
2024-04-24,calm,catchup,0.03917544781761961,,8,0.0,0.02966251006710685
2024-04-25,calm,catchup,0.038914480627851855,,8,0.0,0.02992115323425093
2024-04-26,calm,catchup,0.07,0.021666666666666667,8,0.6599529664769334,0.026338267940953397
2024-04-29,calm,normal,0.06961696578485665,,8,0.0,0.00035810409463943316
2024-04-30,calm,catchup,0.09802718026063717,,8,0.0,-0.02552503322730537
2024-05-01,calm,catchup,0.1101503544115705,,6,0.0,-0.03616659153601942
2024-05-02,calm,catchup,0.0727491686760946,,6,0.0,-0.0025627320499230777
2024-05-03,calm,catchup,0.07,0.006333333333333333,9,0.8514232597526993,0.005018287657814646
2024-05-06,calm,normal,0.059562795651849854,,9,0.0,0.009850482095994373
2024-05-07,calm,catchup,0.054494565912780235,,9,0.0,0.014704138445510218
2024-05-08,calm,catchup,0.05603570820646797,,9,0.0,0.013223314027182465
2024-05-09,calm,catchup,0.048698504515014784,,9,0.0,0.020312316069179825
2024-05-10,calm,catchup,0.07,0.024,7,1.2842970787391357,0.016841310060735415
2024-05-13,calm,normal,0.08370914233751225,,7,0.0,-0.012650204563137812
2024-05-14,calm,catchup,0.06908390512860141,,7,0.0,0.0008568970751536842
2024-05-15,calm,catchup,0.053870031573594046,,7,0.0,0.015305462669169323
2024-05-16,calm,catchup,0.05138954061283263,,7,0.0,0.017700822262621818
2024-05-17,calm,catchup,0.07,0.030666666666666665,6,1.321286131262696,0.030354359398549136
2024-05-20,calm,normal,0.07384402187620376,,6,0.0,-0.003579683639237885
2024-05-21,calm,catchup,0.0683412422794285,,6,0.0,0.0015526478384682019
2024-05-22,calm,catchup,0.09291831664059447,,5,0.0,-0.020969834883031835
2024-05-23,calm,catchup,0.08654890888529976,,5,0.0,-0.015230707748146721
2024-05-24,calm,catchup,0.07,0.007,5,1.3324189316596848,0.0024540486359063696
2024-05-28,calm,catchup,0.07905298713150755,,5,0.0,-0.008389752161822472
2024-05-29,calm,catchup,0.08424913936556622,,5,0.0,-0.013141942057619649
2024-05-30,calm,catchup,0.06231857697695209,,5,0.0,0.007230809278424788
2024-05-31,calm,catchup,0.07,0.009,10,0.62351614635638,0.01722013583706361
2024-06-03,calm,normal,0.08132203782296776,,10,0.0,-0.010470551257572125
2024-06-04,calm,catchup,0.09340343135568441,,10,0.0,-0.02140420514929875
2024-06-05,calm,catchup,0.07598191743294969,,10,0.0,-0.005559496248060625
2024-06-06,calm,catchup,0.08491424552585958,,10,0.0,-0.013746934918925868
2024-06-07,calm,catchup,0.07,0.009333333333333334,6,1.4782252395102375,-0.012551257812883798
2024-06-10,calm,normal,0.06552936625798722,,6,0.0,0.004195692660928785
2024-06-11,calm,catchup,0.06458037171792563,,6,0.0,0.005090858732750059
2024-06-12,calm,catchup,0.05457941805706623,,6,0.0,0.014622494692096755
2024-06-13,calm,catchup,0.06285275301895443,,6,0.0,0.00672458810568477
2024-06-14,calm,catchup,0.07,0.007,8,1.2569864018939152,-0.008659567589661243
2024-06-17,calm,normal,0.06123967668014196,,8,0.0,0.008254801919263866
2024-06-18,calm,catchup,0.0511876131599911,,8,0.0,0.01789631708411865
2024-06-20,calm,catchup,0.0542648983574725,,8,0.0,0.014925187841350551
2024-06-21,calm,catchup,0.07,0.012666666666666666,10,0.9962868820359458,0.014712556280416011
2024-06-24,calm,normal,0.07699625871051996,,10,0.0,-0.0064960845071982964
2024-06-25,calm,catchup,0.07840445702541565,,10,0.0,-0.007793418295578891
2024-06-26,calm,catchup,0.08669165895090702,,10,0.0,-0.015360069080700534
2024-06-27,calm,catchup,0.1265922805957791,,8,0.0,-0.05023315139870399
2024-06-28,calm,catchup,0.07,0.005666666666666667,6,0.9219504192808787,-0.043393614080504794
2024-07-01,calm,normal,0.07847400184980868,,6,0.0,-0.00785740021110748
2024-07-02,calm,catchup,0.0756195185419557,,6,0.0,-0.005224448278489002
2024-07-03,calm,catchup,0.0743682978306508,,6,0.0,-0.004065922123233756
2024-07-05,calm,catchup,0.07,0.0016666666666666668,8,0.7675700802041892,-0.0007284622898052762
2024-07-08,calm,normal,0.06826150297931988,,8,0.0,0.001627407723512997
2024-07-09,calm,catchup,0.07308710931093665,,8,0.0,-0.0028768487517466523
2024-07-10,calm,catchup,0.06510874082394369,,8,0.0,0.004592262732040497
2024-07-11,calm,catchup,0.065360678775787,,8,0.0,0.004354695378417928
2024-07-12,calm,catchup,0.07,0.005,7,1.4628403468935618,0.008779957125899296
2024-07-15,calm,normal,0.06171113829264652,,7,0.0,0.007807078035069859
2024-07-16,calm,catchup,0.029679959407496792,,7,0.0,0.03915783756314384
2024-07-17,calm,catchup,0.043152829898868816,,7,0.0,0.025736564510623117
2024-07-18,calm,catchup,0.05309270052737891,,7,0.0,0.016054901400564425
2024-07-19,calm,catchup,0.07,0.06366666666666666,6,0.6296994129002058,-0.01914396202579538
2024-07-22,calm,normal,0.03372529730850338,,6,0.0,0.03509124018338783
2024-07-23,calm,catchup,0.048176522240955144,,6,0.0,0.020820422224671953
2024-07-24,calm,catchup,0.11028712678593733,,5,0.0,-0.03628532279083574
2024-07-25,calm,catchup,0.11179296091320134,,5,0.0,-0.037590596794994546
2024-07-26,calm,catchup,0.07,0.09066666666666667,7,0.9209561321976932,-0.012713659537112565
2024-07-29,calm,normal,0.07704131281336624,,7,0.0,-0.006537644127107223
2024-07-30,calm,catchup,0.10163068848433365,,7,0.0,-0.028712606515938988
2024-07-31,calm,catchup,0.03854081644225493,,7,0.0,0.030291716088266307
2024-08-01,calm,catchup,0.0686469755675525,,7,0.0,0.0012661098224031608
2024-08-02,choppy,catchup,0.07,0.13266666666666665,6,0.758190737385634,-0.03860883317152741
2024-08-05,stress,normal,0.10122570480500848,,6,0.0,-0.028355408585869823
2024-08-06,choppy,catchup,0.08407622625537203,,6,0.0,-0.012984535510011441
2024-08-07,choppy,catchup,0.09745215530932971,,6,0.0,-0.025014443842968248
2024-08-08,choppy,catchup,0.045443175532157154,,6,0.0,0.023489391908214197
2024-08-09,choppy,catchup,0.07,0.052,6,1.2649457254120833,0.03698658192727966
2024-08-12,choppy,normal,0.07866423720835458,,6,0.0,-0.008032376442532296
2024-08-13,calm,catchup,0.06098064858750041,,6,0.0,0.008500957509929297
2024-08-14,calm,catchup,0.0588862197533877,,6,0.0,0.01049572658448672
2024-08-15,calm,catchup,0.03397903394135726,,6,0.0,0.034837230617082104
2024-08-16,calm,catchup,0.07,0.015333333333333332,6,1.6452990144569912,0.03592257913146102
2024-08-19,calm,normal,0.06859916848035974,,6,0.0,0.001310904557068282
2024-08-20,calm,catchup,0.06835513111971903,,6,0.0,0.0015396274444408053
2024-08-21,calm,catchup,0.05599070449293353,,6,0.0,0.013266495100251463
2024-08-22,calm,catchup,0.05570541462370726,,6,0.0,0.013540316435137312
2024-08-23,calm,catchup,0.07,0.034333333333333334,6,0.8103699131454215,0.02401427301089898
2024-08-26,calm,normal,0.08283324609767462,,6,0.0,-0.01185154421876422
2024-08-27,calm,catchup,0.07610013061994914,,6,0.0,-0.005668738852800503
2024-08-28,calm,catchup,0.07583422421877417,,6,0.0,-0.00542297696748828
2024-08-29,calm,catchup,0.07678158117280498,,6,0.0,-0.006298010006280608
2024-08-30,calm,catchup,0.07,0.007666666666666666,8,1.8172560080537286,0.006875519264347263
2024-09-03,choppy,catchup,0.0889236097988706,,8,0.0,-0.017378271192380446
2024-09-04,choppy,catchup,0.09103937827576836,,8,0.0,-0.019283793687646655
2024-09-05,calm,catchup,0.09734000340253113,,7,0.0,-0.024914796979748854
2024-09-06,choppy,catchup,0.07,0.04066666666666666,6,0.7780244694199463,-0.047308008186013106
2024-09-09,calm,normal,0.05634809932128371,,6,0.0,0.012923676094544811
2024-09-10,calm,catchup,0.070029724556391,,5,0.0,-2.7779187539267447e-05
2024-09-11,calm,catchup,0.05133220769925084,,5,0.0,0.017756321136210618
2024-09-12,calm,catchup,0.02968062205426869,,5,0.0,0.03915716881734843
2024-09-13,calm,catchup,0.07,0.004333333333333333,9,1.9392892131950095,0.05181928543446723
2024-09-16,calm,normal,0.06792274646303054,,9,0.0,0.0019451346493455368
2024-09-17,calm,catchup,0.07147693275830869,,9,0.0,-0.0013784083568709748
2024-09-18,calm,catchup,0.07265791175913527,,9,0.0,-0.0024778745674624014
2024-09-19,calm,catchup,0.07777731335852511,,9,0.0,-0.007216067050334951
2024-09-20,calm,catchup,0.07,0.023333333333333334,7,0.8745643416583833,-0.006482382553347543
2024-09-23,calm,normal,0.07334952267076655,,7,0.0,-0.00312062622661069
2024-09-24,calm,catchup,0.07430448576695259,,7,0.0,-0.004006765143384383
2024-09-25,calm,catchup,0.07646161137117136,,7,0.0,-0.006002639855350433
2024-09-26,calm,catchup,0.07304376297752335,,7,0.0,-0.0028365692831365807
2024-09-27,calm,catchup,0.07,0.028,9,0.6002573559167054,-0.0022125353323761976
2024-09-30,calm,normal,0.06807311083608236,,9,0.0,0.0018040798372027655
2024-10-01,calm,catchup,0.0701565527837198,,9,0.0,-0.00014628960904139454
2024-10-02,calm,catchup,0.06175303254032949,,9,0.0,0.0077673123663597465
2024-10-03,choppy,catchup,0.0661953195653977,,9,0.0,0.003568464768869184
2024-10-04,calm,catchup,0.07,0.015,5,0.3127430886191722,0.015286847294128103
2024-10-07,choppy,normal,0.07668741379319166,,5,0.0,-0.006211100554832094
2024-10-08,choppy,catchup,0.07620626071724579,,5,0.0,-0.005766794845729284
2024-10-09,choppy,catchup,0.06632927917063403,,5,0.0,0.0034423896080402194
2024-10-10,choppy,catchup,0.07696436351032299,,5,0.0,-0.006466661057960121
2024-10-11,choppy,catchup,0.07,0.011,7,0.98237254330595,0.007921784705591461
2024-10-14,calm,normal,0.06077266269477999,,7,0.0,0.00869869447971916
2024-10-15,choppy,catchup,0.0664784086843695,,7,0.0,0.0033020746476948304
2024-10-16,calm,catchup,0.06306887712697051,,7,0.0,0.00651991890851078
2024-10-17,calm,catchup,0.0718869147001111,,7,0.0,-0.0017603673244195317
2024-10-18,calm,catchup,0.07,0.03233333333333333,8,0.7352611483963805,-0.017263157161302778
2024-10-21,calm,normal,0.07643221989062998,,7,0.0,-0.005975499220269964
2024-10-22,calm,catchup,0.07912471022001588,,7,0.0,-0.0084556586774438
2024-10-23,calm,catchup,0.0761513089906003,,7,0.0,-0.0057160261193847095
2024-10-24,calm,catchup,0.07870484937611222,,7,0.0,-0.008069723039760834
2024-10-25,choppy,catchup,0.07,0.058666666666666666,5,0.6785636311656672,-0.01783471379605872
2024-10-28,calm,normal,0.06393167859396742,,5,0.0,0.005703675835700528
2024-10-29,calm,catchup,0.06821069332022889,,5,0.0,0.001675050335069761
2024-10-30,choppy,catchup,0.07037054286896982,,5,0.0,-0.00034618186331669687
2024-10-31,choppy,catchup,0.07687170660402609,,5,0.0,-0.006381174806510903
2024-11-01,choppy,catchup,0.07,0.042666666666666665,6,1.5261009087912494,0.021352160299826783
2024-11-04,choppy,normal,0.08718973663158813,,5,0.0,-0.015811165293784457
2024-11-05,choppy,catchup,0.07062469514747449,,5,0.0,-0.000583486585267301
2024-11-06,calm,catchup,0.030216201790863595,,5,0.0,0.03861694092946588
2024-11-07,calm,normal,0.011547510751768408,,5,0.0,0.0577852138697772
2024-11-08,calm,catchup,0.07,0.007,6,1.530823816223096,0.04960315823276984
2024-11-11,calm,normal,0.0614816971208445,,6,0.0,0.008024917341731497
2024-11-12,calm,catchup,0.07629832596944564,,6,0.0,-0.005851840347119941
2024-11-13,calm,catchup,0.08148706554895502,,6,0.0,-0.010621546863460729
2024-11-14,calm,catchup,0.08734206562429092,,6,0.0,-0.015949043242738825
2024-11-15,calm,catchup,0.07,0.07566666666666666,5,1.6795460845084071,-0.028861190231925904
2024-11-18,calm,normal,0.07085788088861089,,5,0.0,-0.0008011155391591807
2024-11-19,calm,catchup,0.055504209421047834,,5,0.0,0.013733522282116883
2024-11-20,calm,catchup,0.056535830913871266,,5,0.0,0.012743693769933673
2024-11-21,calm,normal,0.017925381043985222,,5,0.0,0.0511575994918283
2024-11-22,calm,catchup,0.07,0.011,8,1.2620421670522646,0.06335573565865538
2024-11-25,calm,normal,0.06095126089928793,,8,0.0,0.008528892357451134
2024-11-26,calm,catchup,0.0493024602516281,,8,0.0,0.019725046430757898
2024-11-27,calm,catchup,0.05591168132067259,,8,0.0,0.013342326757581402
2024-11-29,calm,catchup,0.07,0.030666666666666665,5,0.6300868965934499,0.016169992961743596
2024-12-02,calm,normal,0.07880684805710847,,5,0.0,-0.00816350774280794
2024-12-03,calm,catchup,0.08162974715991944,,5,0.0,-0.010752059279486526
2024-12-04,calm,catchup,0.07932133093896598,,5,0.0,-0.00863628900103064
2024-12-05,calm,catchup,0.07441018976742164,,5,0.0,-0.004104754226480489
2024-12-06,calm,catchup,0.07,0.004666666666666667,8,1.2600421195554865,-0.023326105295800037
2024-12-09,calm,normal,0.10608569737260742,,7,0.0,-0.03262468492118209
2024-12-10,calm,catchup,0.10724468287559774,,5,0.0,-0.03363726505226505
2024-12-11,calm,catchup,0.10333634095671962,,5,0.0,-0.030214123943214988
2024-12-12,calm,catchup,0.10738445274330521,,5,0.0,-0.03375923569334327
2024-12-13,calm,catchup,0.07,0.004666666666666667,6,0.5539842276254594,-0.03392020460562961
2024-12-16,calm,normal,0.0709062045916189,,6,0.0,-0.0008462035122529521
2024-12-17,calm,catchup,0.0772567572065368,,6,0.0,-0.006736330181259964
2024-12-18,choppy,catchup,0.11872234356142397,,6,0.0,-0.04355177479187333
2024-12-19,choppy,catchup,0.11955633019136802,,5,0.0,-0.04426425795198463
2024-12-20,calm,catchup,0.07,0.023,5,0.4777996762483037,-0.038912263441124306
2024-12-23,calm,normal,0.06754982460569048,,5,0.0,0.0022951391474534955
2024-12-24,calm,catchup,0.05211517069684657,,5,0.0,0.01699892730499064
2024-12-26,calm,catchup,0.0521920365726698,,5,0.0,0.016924632394421657
2024-12-27,calm,catchup,0.07,0.019666666666666666,6,0.6161921668017663,0.0077608320670552455
2024-12-30,calm,normal,0.07808033792841274,,6,0.0,-0.007495116684846925
2024-12-31,calm,catchup,0.07982004340225668,,6,0.0,-0.009094148105749267
2025-01-02,calm,catchup,0.07139452736039797,,6,0.0,-0.0013016002273538163
2025-01-03,calm,catchup,0.07,0.005666666666666667,8,0.8732463186099817,0.010689632950163341
2025-01-06,calm,normal,0.08356502846873437,,8,0.0,-0.012518887295489889
2025-01-07,calm,catchup,0.09815624211474594,,8,0.0,-0.025639559322200633
2025-01-08,calm,catchup,0.09845916521868237,,7,0.0,-0.025908259605641915
2025-01-10,calm,catchup,0.07,0.041666666666666664,8,0.9722834129649701,-0.038089695100852916
2025-01-13,calm,normal,0.06332827023137444,,8,0.0,0.006274383890098045
2025-01-14,calm,catchup,0.0482191811582342,,8,0.0,0.02077887834269454
2025-01-15,calm,normal,0.027730733796768936,,8,0.0,0.04112873616912749
2025-01-16,calm,normal,0.025156756229959276,,8,0.0,0.043742816401028284
2025-01-17,calm,catchup,0.07,0.025666666666666667,7,1.082318615038718,0.05526540520809897
2025-01-21,calm,catchup,0.05170021748063136,,7,0.0,0.017400188965640995
2025-01-22,calm,normal,0.028396593374290013,,7,0.0,0.04045463286610507
2025-01-23,calm,normal,0.01329935900297774,,7,0.0,0.05595645600014221
2025-01-24,calm,catchup,0.07,0.036,6,1.3009828001304669,0.054924892292586236
2025-01-27,calm,normal,0.09008256068365417,,5,0.0,-0.018422972174748975
2025-01-28,calm,catchup,0.08598283489645975,,5,0.0,-0.014717391825059156
2025-01-29,calm,catchup,0.09114558656281058,,5,0.0,-0.01937925316585909
2025-01-30,calm,catchup,0.0755367737380428,,5,0.0,-0.005147916717714418
2025-01-31,calm,catchup,0.07,0.11566666666666667,6,0.6087329643014697,-0.01818075030542088
2025-02-03,calm,normal,0.07155146639912635,,6,0.0,-0.001447869232394372
2025-02-04,calm,catchup,0.06893371749794919,,6,0.0,0.000997519756928078
2025-02-05,calm,catchup,0.05805129854062496,,6,0.0,0.011293121114123617
2025-02-06,calm,catchup,0.059153489728140274,,6,0.0,0.010240735055920824
2025-02-07,calm,catchup,0.07,0.04733333333333333,6,0.9058735850658445,0.016106266370579325
2025-02-10,calm,normal,0.06485082043580448,,6,0.0,0.004835587732456403
2025-02-11,calm,catchup,0.0639454379531732,,6,0.0,0.005690669681778671
2025-02-12,calm,catchup,0.07702318882372094,,5,0.0,-0.006520926287010842
2025-02-13,calm,catchup,0.06967912703869428,,5,0.0,0.0002999712280018496
2025-02-14,calm,catchup,0.07,0.035333333333333335,6,0.75690736227976,0.0017598418609787725
2025-02-18,calm,catchup,0.07991813211031573,,6,0.0,-0.009184151849487177
2025-02-19,calm,catchup,0.0829215067412532,,6,0.0,-0.011932080636330444
2025-02-20,calm,catchup,0.08620187819245606,,6,0.0,-0.014916083757300691
2025-02-21,calm,catchup,0.07,0.058,4,1.6877845413239876,-0.03095741127523277
2025-02-24,calm,normal,0.07991370977669865,,4,0.0,-0.009180094378789416
2025-02-25,calm,catchup,0.07702832083494471,,4,0.0,-0.006525660188300364
2025-02-26,calm,catchup,0.05376037762918329,,4,0.0,0.015411115008284515
2025-02-27,choppy,catchup,0.08121800432824666,,4,0.0,-0.010375339925287497
2025-02-28,calm,catchup,0.07,0.029,6,0.8374523425097609,0.0003857001391924797
2025-03-03,choppy,normal,0.0999136373165892,,5,0.0,-0.027196350969489025
2025-03-04,choppy,catchup,0.11794588858563815,,5,0.0,-0.04288748594647673
2025-03-05,choppy,catchup,0.10780913053360086,,5,0.0,-0.03412964335777702
2025-03-06,choppy,catchup,0.126291547528955,,5,0.0,-0.04997955249904584
2025-03-07,choppy,catchup,0.07,0.029666666666666668,6,0.9092279999133821,-0.03706064642489704
2025-03-10,stress,normal,0.1245912348229179,,6,0.0,-0.04854318007512659
2025-03-11,choppy,catchup,0.13319379326651748,,6,0.0,-0.05576609547459355
2025-03-12,choppy,catchup,0.14310006475929904,,5,0.0,-0.06394896388593208
2025-03-13,choppy,brake,0.18564621556215344,0.0,1,0.29638886001522824,-0.09753855243178233
2025-03-14,choppy,catchup,0.07,0.05566666666666667,6,1.0708506443806631,-0.08857256789721768
2025-03-17,choppy,normal,0.05224057761978651,,6,0.0,0.016877720511773164
2025-03-18,choppy,catchup,0.06060219682862744,,6,0.0,0.008860818127167436
2025-03-19,choppy,catchup,0.03331397141301862,,6,0.0,0.03550327354696914
2025-03-20,choppy,catchup,0.049735435470246836,,6,0.0,0.01930444933553699
2025-03-21,choppy,catchup,0.07,0.027,5,1.5426714664377428,0.016014438948736887
2025-03-24,calm,normal,0.0520707091625594,,5,0.0,0.017041906671569906
2025-03-25,calm,catchup,0.052238422378844795,,5,0.0,0.016879803325372533
2025-03-26,choppy,catchup,0.04647642700469734,,5,0.0,0.022478836969728633
2025-03-27,choppy,catchup,0.04676003015478192,,5,0.0,0.022201812426656753
2025-03-28,choppy,catchup,0.07,0.045,6,1.0774049340123248,-0.007029164082238637
2025-03-31,stress,normal,0.0863093503101855,,6,0.0,-0.015013541313557255
2025-04-01,stress,catchup,0.08914683419041514,,6,0.0,-0.01757966289701185
2025-04-02,choppy,catchup,0.06425664032478129,,6,0.0,0.005396592755546381
2025-04-03,stress,catchup,0.1593572403840804,,5,0.0,-0.07707481117250581
2025-04-04,stress,catchup,0.07,0.0,2,0.5115085065385192,-0.11149906008880206
2025-04-07,stress,normal,0.07992763512495249,,2,0.0,-0.009192870709159862
2025-04-08,stress,catchup,0.08861100312371462,,1,0.0,-0.017096100508180778
2025-04-09,stress,catchup,0.08367183184318394,,1,0.0,-0.01261621040747174
2025-04-10,stress,catchup,0.08235431652245939,,1,0.0,-0.011414299674207484
2025-04-11,stress,catchup,0.07,0.062,2,0.8370795063175247,-0.006846976435561869
2025-04-14,stress,normal,0.025337788556807128,,2,0.0,0.04355853450603475
2025-04-15,stress,catchup,0.03481052644738791,,2,0.0,0.03400571665367691
2025-04-16,stress,normal,0.02060383092917273,,2,0.0,0.048398964979248005
2025-04-17,choppy,catchup,0.07,0.08966666666666667,5,1.028948129457194,0.04385787032761512
2025-04-21,stress,normal,0.10553547622532222,,5,0.0,-0.03214322560380645
2025-04-22,stress,catchup,0.10085502965565252,,5,0.0,-0.02802824061702658
2025-04-23,choppy,catchup,0.0975418525989531,,5,0.0,-0.02509412514314102
2025-04-24,choppy,catchup,0.131897982174642,,5,0.0,-0.05468512458668873
2025-04-25,choppy,catchup,0.07,0.12833333333333333,7,0.572576103156846,-0.047703410516375166
2025-04-28,choppy,normal,0.06463340413887364,,7,0.0,0.005040792295510466
2025-04-29,choppy,catchup,0.07653964064610919,,7,0.0,-0.006074686336848822
2025-04-30,choppy,catchup,0.06303890065632256,,7,0.0,0.006548301609075269
2025-05-01,choppy,catchup,0.12975357097544826,,5,0.0,-0.05289080071139396
2025-05-02,choppy,catchup,0.07,0.07133333333333333,5,0.40686231020995833,-0.04032331242594689
2025-05-05,choppy,normal,0.05466100444991251,,5,0.0,0.014544005595511722
2025-05-06,choppy,catchup,0.03683440349636502,,5,0.0,0.0319873611367405
2025-05-07,choppy,catchup,0.03474306749190981,,5,0.0,0.034073127538364334
2025-05-08,choppy,catchup,0.0494616566540198,,5,0.0,0.019570360875748705
2025-05-09,choppy,catchup,0.07,0.09166666666666666,6,0.9488834147005634,0.02786248656366741
2025-05-12,calm,normal,0.09101221689764016,,6,0.0,-0.019259378192289844
2025-05-13,calm,catchup,0.09480215878160747,,6,0.0,-0.022654466455573452
2025-05-14,calm,catchup,0.06522732031909495,,6,0.0,0.004480433039846687
2025-05-15,calm,catchup,0.04727360629019817,,6,0.0,0.0217005313351748
2025-05-16,calm,catchup,0.07,0.07133333333333333,5,0.9806321059228329,0.020610123564731797
2025-05-19,calm,normal,0.05634973812922128,,5,0.0,0.012922104657263622
2025-05-20,calm,catchup,0.04843054854999096,,5,0.0,0.020573085627694
2025-05-21,choppy,catchup,0.05312567032882587,,5,0.0,0.016023092159462182
2025-05-22,choppy,catchup,0.07025017245516918,,5,0.0,-0.00023375138038550514
2025-05-23,choppy,catchup,0.07,0.04066666666666666,7,0.47957908468068533,0.012801938207592567
2025-05-27,calm,catchup,0.07388527334577377,,7,0.0,-0.003617959424723982
2025-05-28,calm,catchup,0.07571919285294171,,7,0.0,-0.0053166224893447245
2025-05-29,calm,catchup,0.0721831370964543,,7,0.0,-0.00203616063424239
2025-05-30,calm,catchup,0.07,0.04133333333333333,4,0.38535515480546656,0.008078533202524385
2025-06-02,calm,normal,0.07282371470222992,,4,0.0,-0.002632039787649143
2025-06-03,calm,catchup,0.07602232502103501,,4,0.0,-0.005596840215110976
2025-06-04,calm,catchup,0.07944111783868246,,4,0.0,-0.0087463018432965
2025-06-05,calm,catchup,0.07394808949307441,,4,0.0,-0.0036762386671201908
2025-06-06,calm,catchup,0.07,0.034,7,0.2579983431066147,-0.002485596839620241
2025-06-09,calm,normal,0.08006589572737455,,7,0.0,-0.009319705183909788
2025-06-10,calm,catchup,0.07965482855630812,,7,0.0,-0.008942514126684675
2025-06-11,calm,catchup,0.06086106732931085,,7,0.0,0.008614636687249044
2025-06-12,calm,catchup,0.08301616467485418,,7,0.0,-0.012018439889825538
2025-06-13,choppy,catchup,0.07,0.07,7,0.7278734034744024,-0.015442288682042782
2025-06-16,calm,normal,0.07343274575943703,,7,0.0,-0.003197914143199032
2025-06-17,choppy,catchup,0.07889367387478852,,7,0.0,-0.008243327484577234
2025-06-18,choppy,catchup,0.07842619471482948,,7,0.0,-0.007813418068037148
2025-06-20,choppy,catchup,0.07,0.059,5,1.1291773725957828,-0.006698851373584946
2025-06-23,calm,normal,0.05264606266557914,,5,0.0,0.01648601362786284
2025-06-24,calm,catchup,0.041606406233984705,,5,0.0,0.027259426973644363
2025-06-25,calm,catchup,0.05726848095786963,,5,0.0,0.012041897844713878
2025-06-26,calm,catchup,0.034394796236302705,,5,0.0,0.03442129049106657
2025-06-27,calm,catchup,0.07,0.042333333333333334,10,1.638658217321345,0.04955045403188629
2025-06-30,calm,normal,0.06503259656251625,,10,0.0,0.004664085825651254
2025-07-01,calm,catchup,0.08288009810573094,,10,0.0,-0.011894297557284439
2025-07-02,calm,catchup,0.07512861041558971,,10,0.0,-0.0047702296877834005
2025-07-03,calm,catchup,0.07,0.050666666666666665,7,0.6983961880466786,0.009894696978857587
2025-07-07,calm,normal,0.07551807598688276,,7,0.0,-0.005130621335043051
2025-07-08,calm,catchup,0.0822966274779453,,7,0.0,-0.011361605650199502
2025-07-09,calm,catchup,0.09142664729607608,,6,0.0,-0.019631779514600378
2025-07-10,calm,catchup,0.08795795400112882,,6,0.0,-0.0165061103097649
2025-07-11,calm,catchup,0.07,0.050666666666666665,6,0.551314444601073,-0.021473657583605865
2025-07-14,calm,normal,0.062234171541282635,,6,0.0,0.007310844130959726
2025-07-15,calm,catchup,0.0770715393135506,,6,0.0,-0.006565524252973409
2025-07-16,calm,catchup,0.06947814869937141,,6,0.0,0.0004879494744827184
2025-07-17,calm,catchup,0.07141766339781563,,6,0.0,-0.0013231659755539305
2025-07-18,calm,catchup,0.07,0.026333333333333334,6,1.0984870649715024,0.0033345198421610434
2025-07-21,calm,normal,0.07338418354133514,,6,0.0,-0.003152816664551361
2025-07-22,calm,catchup,0.06731450692799479,,6,0.0,0.0025161215879421217
2025-07-23,calm,catchup,0.054547729245015164,,6,0.0,0.01465298376399482
2025-07-24,calm,catchup,0.0657647611095693,,5,0.0,0.0039738965341857835
2025-07-25,calm,catchup,0.07,0.029666666666666668,8,1.1013658608360342,0.003206602495702038
2025-07-28,calm,normal,0.07014757793438431,,8,0.0,-0.00013790428294857549
2025-07-29,calm,catchup,0.07810530959407558,,8,0.0,-0.007518105626552751
2025-07-30,calm,catchup,0.0788628415886985,,7,0.0,-0.008214984562492922
2025-07-31,calm,catchup,0.08149075372178638,,7,0.0,-0.010624920908701818
2025-08-01,choppy,catchup,0.07,0.098,6,1.0636538063187273,-0.030947430629089334
2025-08-04,calm,normal,0.04068637348813109,,6,0.0,0.028167589447353647
2025-08-05,calm,catchup,0.04230216416716037,,6,0.0,0.026573710374065307
2025-08-06,calm,catchup,0.05837012485368165,,6,0.0,0.010988476406518233
2025-08-07,calm,catchup,0.06508876472724046,,6,0.0,0.004611104196575955
2025-08-08,calm,catchup,0.07,0.06233333333333333,5,0.38826783023739286,0.003960658312422982
2025-08-11,calm,normal,0.0748619716209813,,5,0.0,-0.004523345089275876
2025-08-12,calm,catchup,0.054244130763665854,,5,0.0,0.01494518088985819
2025-08-13,calm,catchup,0.0474629584954227,,5,0.0,0.021515836261121413
2025-08-14,calm,catchup,0.05727397049927996,,5,0.0,0.012036643155709736
2025-08-15,calm,catchup,0.07,0.09766666666666667,6,0.38725479261367457,0.01508106419544486
2025-08-18,calm,normal,0.06493186218696567,,6,0.0,0.0047591193324110215
2025-08-19,calm,catchup,0.11427176701669395,,5,0.0,-0.03973157027501939
2025-08-20,calm,catchup,0.11172296561662365,,5,0.0,-0.037530002443982746
2025-08-21,calm,catchup,0.10753296222467923,,5,0.0,-0.03388879925459509
2025-08-22,calm,catchup,0.07,0.016666666666666666,9,0.4356172529586767,-0.034759482539664766
2025-08-25,calm,normal,0.07920526974920894,,9,0.0,-0.008529674573724
2025-08-26,calm,catchup,0.08319910708872436,,9,0.0,-0.01218530093160708
2025-08-27,calm,catchup,0.07565097405233256,,9,0.0,-0.005253538730173313
2025-08-28,calm,catchup,0.07801355918606201,,9,0.0,-0.007433634872006989
2025-08-29,calm,catchup,0.07,0.024666666666666667,9,0.41331993870424955,-0.0046171195592277225
2025-09-02,calm,catchup,0.06607670575300562,,9,0.0,0.0036801237901762374
2025-09-03,calm,catchup,0.07295476402267798,,9,0.0,-0.0027538570327048095
2025-09-04,calm,catchup,0.06571517744116995,,9,0.0,0.004020607615928151
2025-09-05,calm,catchup,0.07,0.03266666666666666,8,0.3170674209176566,0.009020486035271169
2025-09-08,calm,normal,0.07033241544547386,,8,0.0,-0.0003105721556003749
2025-09-09,calm,catchup,0.06989143462895764,,8,0.0,0.00010147325936871177
2025-09-10,calm,catchup,0.06822072254381228,,8,0.0,0.0016656458900654592
2025-09-11,calm,catchup,0.054667132961567555,,8,0.0,0.014538110233298873
2025-09-12,calm,catchup,0.07,0.036333333333333336,8,0.27969887140847294,0.006374096859466993
2025-09-15,calm,normal,0.08068727845245771,,8,0.0,-0.009889334931157623
2025-09-16,calm,catchup,0.08303828757130627,,8,0.0,-0.012038621091175261
2025-09-17,calm,catchup,0.08588685424575204,,8,0.0,-0.014630303501359632
2025-09-18,calm,catchup,0.06503268875767731,,8,0.0,0.0046639988563326185
2025-09-19,calm,catchup,0.07,0.037333333333333336,6,0.8167238833895022,0.0036478504854902116
2025-09-22,calm,normal,0.07677211741981704,,6,0.0,-0.006289276356862272
2025-09-23,calm,catchup,0.09038365109104607,,5,0.0,-0.018694017532865592
2025-09-24,calm,catchup,0.10201148103820912,,5,0.0,-0.0290482282526231
2025-09-25,calm,catchup,0.10632395320441224,,5,0.0,-0.03283301703737107
2025-09-26,calm,catchup,0.07,0.052,6,0.4262001580776401,-0.03075558583400495
2025-09-29,calm,normal,0.05230956559733957,,6,0.0,0.01681105539758021
2025-09-30,calm,catchup,0.05211914807679863,,6,0.0,0.016995082691809493
2025-10-01,calm,catchup,0.05828772865052256,,5,0.0,0.011067189982834291
2025-10-02,calm,catchup,0.0511518860386555,,5,0.0,0.017930913897110656
2025-10-03,calm,catchup,0.07,0.07566666666666666,6,0.3949733770661895,-0.009483360583811051
2025-10-06,calm,normal,0.06376746001728373,,6,0.0,0.005858930844354848
2025-10-07,calm,catchup,0.0758254769327471,,6,0.0,-0.005414890293689467
2025-10-08,calm,catchup,0.059654400712580324,,6,0.0,0.00976318248710406
2025-10-09,calm,catchup,0.051703566848554816,,6,0.0,0.01739694884393206
2025-10-10,choppy,catchup,0.07,0.07466666666666667,8,0.6422882720320167,0.011699786251442967
2025-10-13,calm,normal,0.06899859907102202,,8,0.0,0.0009367654268661596
2025-10-14,choppy,catchup,0.05075779779208034,,8,0.0,0.01831269037294092
2025-10-15,choppy,catchup,0.06931173461493301,,8,0.0,0.0006436526999442638
2025-10-16,choppy,catchup,0.07307035952050223,,8,0.0,-0.002861284437931988
2025-10-17,choppy,catchup,0.07,0.09166666666666666,5,0.7098831497248648,0.010871121234609094
2025-10-20,calm,normal,0.03588190645552358,,5,0.0,0.03293627712952185
2025-10-21,calm,normal,0.022754692048735814,,5,0.0,0.046194173753067336
2025-10-22,calm,normal,0.018983122935628538,,5,0.0,0.05006645931229459
2025-10-23,calm,bank,-0.003981709528090516,,5,0.0,0.07427746080148623
2025-10-24,calm,catchup,0.07,0.088,6,0.8726053467373592,0.09163686779232894
2025-10-27,calm,normal,0.05488767437969022,,6,0.0,0.014326004547542404
2025-10-28,calm,catchup,0.07073768741032849,,5,0.0,-0.0006889525034955435
2025-10-29,calm,catchup,0.04886604133957562,,5,0.0,0.02014934017067893
2025-10-30,calm,catchup,0.04253113858640667,,5,0.0,0.026348240735369455
2025-10-31,calm,catchup,0.07,0.07966666666666666,7,1.1071184658974376,0.02394156966427552
2025-11-03,calm,normal,0.08697652252055099,,7,0.0,-0.015618113334393557
2025-11-04,calm,catchup,0.09422135006139287,,7,0.0,-0.022135694994466992
2025-11-05,calm,catchup,0.08987458308818597,,7,0.0,-0.018235660686636845
2025-11-06,calm,catchup,0.10849441112293734,,6,0.0,-0.03472675255434199
2025-11-07,calm,catchup,0.07,0.08766666666666667,8,0.7627795433890955,-0.033139692163893675
2025-11-10,calm,normal,0.03715546820256366,,8,0.0,0.031667896284013564
2025-11-11,calm,catchup,0.04935533760829158,,8,0.0,0.01967366215410138
2025-11-12,calm,catchup,0.03415333717211522,,8,0.0,0.03466281211827571
2025-11-13,choppy,catchup,0.08913646559768273,,8,0.0,-0.017570310243153253
2025-11-14,calm,catchup,0.07,0.053,6,0.8198842310712015,0.0038980375260266875
2025-11-17,choppy,normal,0.07628607544969679,,6,0.0,-0.005840524738806363
2025-11-18,choppy,catchup,0.0757788024370909,,6,0.0,-0.005371738524685088
2025-11-19,choppy,catchup,0.08348653024332386,,6,0.0,-0.012447344629466839
2025-11-20,choppy,catchup,0.09980272854868621,,6,0.0,-0.027098249326962587
2025-11-21,choppy,catchup,0.07,0.10233333333333333,7,0.6525265635802586,8.499785989424247e-05
2025-11-24,choppy,normal,0.02064870537736363,,7,0.0,0.048352870446634055
2025-11-25,calm,normal,0.002768766783004528,,7,0.0,0.06704559958791001
2025-11-26,calm,bank,-0.020008204497698134,,7,0.0,0.0918458755581355
2025-11-28,calm,catchup,0.07,0.17233333333333334,4,1.415765091407729,0.10112682236820425
2025-12-01,calm,normal,0.08572270152167327,,4,0.0,-0.014481323361515197
2025-12-02,calm,catchup,0.07173700177656372,,4,0.0,-0.0016207350998279635
2025-12-03,calm,catchup,0.04089872224428892,,4,0.0,0.027957837908539007
2025-12-04,calm,normal,0.01270355871361617,,4,0.0,0.05657770311300636
2025-12-05,calm,catchup,0.07,0.03,8,1.6461330571751176,0.050195217255708746
2025-12-08,calm,normal,0.09185216376175798,,7,0.0,-0.02001384847420251
2025-12-09,calm,catchup,0.09206183163654647,,7,0.0,-0.020201998639110763
2025-12-10,calm,catchup,0.08518421167247503,,7,0.0,-0.013992289520203482
2025-12-11,calm,catchup,0.07303191320869162,,7,0.0,-0.0028255573495715725
2025-12-12,calm,catchup,0.07,0.035333333333333335,7,0.8445902391942406,-0.009337910026203322
2025-12-15,calm,normal,0.056013079788528986,,7,0.0,0.01324502553914586
2025-12-16,calm,catchup,0.05516622884880462,,7,0.0,0.014058231533224053
2025-12-17,calm,catchup,0.06216730447136132,,7,0.0,0.007374257798809847
2025-12-18,calm,catchup,0.06527288699729583,,7,0.0,0.00443746673777512
2025-12-19,calm,catchup,0.07,0.043666666666666666,6,0.31894761441951996,0.011594247299104188
2025-12-22,calm,normal,0.0681662017634721,,6,0.0,0.0017167723838298343
2025-12-23,calm,catchup,0.06294874323530486,,6,0.0,0.00663367524499181
2025-12-24,calm,catchup,0.0609757012264025,,6,0.0,0.00850566017974419
2025-12-26,calm,catchup,0.07,0.042,7,0.3771655119975464,0.010074598603901253
2025-12-29,calm,normal,0.08070232976776714,,7,0.0,-0.00990312454500486
2025-12-30,calm,catchup,0.08277847262804583,,7,0.0,-0.011801557706472288
2025-12-31,calm,catchup,0.09041458197148433,,7,0.0,-0.018721853420718637
2026-01-02,calm,catchup,0.07,0.04566666666666667,6,0.8718829059296543,-0.0026770523041954597
2026-01-05,calm,normal,0.06431842719770531,,6,0.0,0.005338226471615304
2026-01-06,calm,catchup,0.05098680394446564,,6,0.0,0.018090803789520438
2026-01-07,calm,catchup,0.058064692410303875,,6,0.0,0.011280319318195176
2026-01-08,calm,catchup,0.05321122753283203,,6,0.0,0.01594055591915411
2026-01-09,calm,catchup,0.07,0.03966666666666667,7,0.4469948154489223,0.02644622255636464
2026-01-12,calm,normal,0.04970318273991037,,7,0.0,0.01933576804741266
2026-01-13,calm,catchup,0.043746188920251505,,7,0.0,0.02515344377631501
2026-01-14,calm,catchup,0.04185855530544513,,7,0.0,0.027010811161698012
2026-01-15,calm,catchup,0.03095022177527884,,7,0.0,0.03787746236426259
2026-01-16,calm,catchup,0.07,0.06133333333333333,6,0.6219367802775607,0.03211592995130097
2026-01-20,choppy,catchup,0.05915367291706386,,6,0.0,0.010240560326872927
2026-01-21,calm,catchup,0.05186849607885047,,6,0.0,0.017237424629352516
2026-01-22,calm,catchup,0.04557493090430964,,6,0.0,0.023360419587112213
2026-01-23,calm,catchup,0.07,0.060333333333333336,5,0.9088005279328885,0.02544901699321822
2026-01-26,calm,normal,0.06384571822201313,,5,0.0,0.005784938241113036
2026-01-27,calm,catchup,0.04124721436190315,,5,0.0,0.02761379357515703
2026-01-28,calm,catchup,0.037526709026981964,,5,0.0,0.03129875182054098
2026-01-29,calm,normal,0.020350437926439868,,5,0.0,0.048659323530509946
2026-01-30,calm,catchup,0.07,0.096,6,0.5299985866591199,0.008281535318112265
2026-02-02,calm,normal,0.05437399436006918,,6,0.0,0.014820173603973252
2026-02-03,calm,catchup,0.031861010657807665,,6,0.0,0.0369613629629042
2026-02-04,calm,catchup,0.02917237938307493,,6,0.0,0.03967034233992828
2026-02-05,choppy,catchup,0.08770698672653054,,5,0.0,-0.016279188184512794
2026-02-06,choppy,catchup,0.07,0.12466666666666666,5,0.2270032366315713,0.004339281745277868
2026-02-09,calm,normal,0.04114303876582137,,5,0.0,0.027716615450251725
2026-02-10,calm,catchup,0.05345328756488277,,5,0.0,0.015707115474826505
2026-02-11,calm,catchup,0.03256147660052244,,5,0.0,0.03625791223853869
2026-02-12,choppy,catchup,0.06977785528889835,,5,0.0,0.00020765499117736397
2026-02-13,choppy,catchup,0.07,0.11566666666666667,7,1.4566410835048051,0.0018353924909935149
2026-02-17,choppy,catchup,0.05355539870003456,,7,0.0,0.015608672614896513
2026-02-18,calm,catchup,0.030664651286323785,,7,0.0,0.03816503133641347
2026-02-19,choppy,normal,0.028536488888308176,,7,0.0,0.040313116315890296
2026-02-20,calm,catchup,0.07,0.086,8,1.721848224811435,0.049422192559431144
2026-02-23,choppy,normal,0.071778001992165,,8,0.0,-0.0016589274913836327
2026-02-24,calm,catchup,0.0649663065435,,8,0.0,0.0047266222654851475
2026-02-25,calm,catchup,0.06991674733046671,,8,0.0,7.781228748982016e-05
2026-02-26,calm,catchup,0.05648444712022682,,8,0.0,0.01279295016279125
2026-02-27,calm,catchup,0.07,0.06433333333333334,7,1.0964726445114992,0.019693305618044388
2026-03-02,choppy,normal,0.07351232441913802,,7,0.0,-0.0032718063307175527
2026-03-03,choppy,catchup,0.0936352480730227,,7,0.0,-0.0216116370743058
2026-03-04,choppy,catchup,0.08861979984037682,,7,0.0,-0.017104042975432665
2026-03-05,choppy,catchup,0.11943572878761666,,6,0.0,-0.044161292619413706
2026-03-06,choppy,catchup,0.07,0.10333333333333333,8,1.011590491747947,-0.05892467684853053
2026-03-09,choppy,normal,0.03917658758417608,,8,0.0,0.029661380735569454
2026-03-10,choppy,catchup,0.03604068867968757,,8,0.0,0.032777970683361524
2026-03-11,choppy,catchup,0.041521527101499256,,8,0.0,0.02734314381168379
2026-03-12,choppy,catchup,0.08483946412125642,,8,0.0,-0.013678949385637074
2026-03-13,choppy,catchup,0.07,0.08666666666666667,6,1.3449644524038114,-0.03186789353073416
2026-03-16,choppy,normal,0.057814866704066326,,6,0.0,0.011519154891346917
2026-03-17,choppy,catchup,0.051511057933252946,,6,0.0,0.01758321220424164
2026-03-18,choppy,catchup,0.07593071633355253,,6,0.0,-0.005512173082819372
2026-03-19,choppy,catchup,0.07893388775116272,,6,0.0,-0.008280292103702291
2026-03-20,choppy,catchup,0.07,0.091,7,1.527384330427982,-0.03952709626285544
2026-03-23,choppy,normal,0.03336999844597033,,7,0.0,0.035447130852565456
2026-03-24,choppy,bank,-0.0014272699305507563,,7,0.0,0.07152936163756762
2026-03-25,choppy,bank,-0.013872389917242378,,7,0.0,0.08505226814428579
2026-03-26,choppy,bank,-0.017365780062032377,,7,0.0,0.08890976753033053
2026-03-27,stress,catchup,0.07,0.03266666666666666,3,0.6618684736280824,0.09609479806266497
2026-03-30,stress,normal,0.08993996725640829,,3,0.0,-0.018294555530981138
2026-03-31,choppy,catchup,0.06366878509347207,,3,0.0,0.005952242836543942
2026-04-01,choppy,catchup,0.03831547340565611,,3,0.0,0.030515317748679216
2026-04-02,choppy,catchup,0.07,0.09466666666666666,6,0.8975283690973509,0.029724228873343916
2026-04-06,choppy,normal,0.05342623477145669,,6,0.0,0.01573319961234798
2026-04-07,choppy,catchup,0.052661884274779025,,6,0.0,0.01647073574547253
2026-04-08,choppy,catchup,0.04915659827045982,,6,0.0,0.019866816606692206
2026-04-09,calm,catchup,0.06323625011523948,,6,0.0,0.006361474116432175
2026-04-10,calm,catchup,0.07,0.041666666666666664,7,0.7898639705477515,0.006076840099614289
2026-04-13,calm,normal,0.056216125342134715,,7,0.0,0.013050240691411918
2026-04-14,calm,catchup,0.07638425851877484,,7,0.0,-0.005931207622415613
2026-04-15,calm,catchup,0.08315005132934972,,7,0.0,-0.012140562900966989
2026-04-16,calm,catchup,0.06753320457151202,,7,0.0,0.002310743514041924
2026-04-17,calm,catchup,0.07,0.056,6,1.2333430443223763,-0.01185372752920899
2026-04-20,calm,normal,0.07254805416467747,,6,0.0,-0.002375701633864691
2026-04-21,calm,catchup,0.06374042554896553,,6,0.0,0.005884494281397812
2026-04-22,calm,catchup,0.04723028656214079,,6,0.0,0.021742794999376924
2026-04-23,calm,catchup,0.04087036939704669,,6,0.0,0.027985839024150083
2026-04-24,calm,catchup,0.07,0.059333333333333335,5,1.2555366429815566,0.04073434165933554
2026-04-27,calm,normal,0.08023724418915368,,5,0.0,-0.009476848020397388
2026-04-28,calm,catchup,0.08684826574203841,,5,0.0,-0.015501948407246391
2026-04-29,calm,catchup,0.062470578918228936,,5,0.0,0.007086710193365819
2026-04-30,calm,catchup,0.05106354672529623,,5,0.0,0.018016468493938786
2026-05-01,calm,catchup,0.07,0.08933333333333333,5,0.5585695790533571,0.012332660969627485
2026-05-04,calm,normal,0.06661698693960516,,5,0.0,0.0031717224662826116
2026-05-05,calm,catchup,0.046318826680653125,,5,0.0,0.022632846428342734
2026-05-06,calm,catchup,0.06516042096954489,,5,0.0,0.004543521271706652
2026-05-07,calm,catchup,0.048337352598947,,5,0.0,0.020663813368233974
2026-05-08,calm,catchup,0.07,0.07966666666666666,5,1.354382460973877,0.02863693500905784
2026-05-11,calm,normal,0.049446147717240096,,5,0.0,0.019585428301841734
2026-05-12,calm,catchup,0.05456947262487932,,5,0.0,0.014632063392384431
2026-05-13,calm,catchup,0.03680208939641294,,5,0.0,0.03201952517564233
2026-05-14,calm,catchup,0.030761623113482628,,5,0.0,0.03806736301259961
2026-05-15,calm,catchup,0.07,0.08633333333333333,5,0.7178790659188884,0.036855663188118726
2026-05-18,calm,normal,0.08421313400015329,,5,0.0,-0.013109169732813175
2026-05-19,calm,catchup,0.07191902661722294,,5,0.0,-0.001790271997763715
2026-05-20,calm,catchup,0.0730938024061234,,5,0.0,-0.002883068003175726
2026-05-21,calm,catchup,0.07321873632134346,,5,0.0,-0.002999142870330651
2026-05-22,calm,catchup,0.07,0.08233333333333333,6,0.4995354618691289,-0.001756813635056198
2026-05-26,calm,normal,0.026170898392263497,,6,0.0,0.04271130829806724
2026-05-27,calm,catchup,0.03788612025102234,,6,0.0,0.030941621746719772
2026-05-28,calm,catchup,0.04295208216850965,,6,0.0,0.02593399859296719
2026-05-29,calm,catchup,0.07,0.076,6,0.5317788106494737,0.0039694699900438835
2026-06-01,calm,normal,0.07606579051542472,,6,0.0,-0.0056370071132167965
2026-06-02,calm,catchup,0.05167794614641208,,6,0.0,0.01742173440141448
2026-06-03,calm,catchup,0.046647996936336034,,6,0.0,0.022311228925119275
2026-06-04,calm,catchup,0.048049691838476516,,6,0.0,0.020943957459706564
2026-06-05,choppy,catchup,0.07,0.059,6,0.5985581548262693,-0.029246739064529348
2026-06-08,calm,normal,0.047738845214393644,,6,0.0,0.02124685448791519
2026-06-09,calm,catchup,0.06414282130565141,,6,0.0,0.005504128371755845
2026-06-10,choppy,catchup,0.036013582267688804,,6,0.0,0.03280499243834201
2026-06-11,calm,normal,0.010438176425255907,,6,0.0,0.05894652930223088
2026-06-12,calm,catchup,0.07,0.07166666666666667,6,1.1982919448414444,0.05696870455854541
2026-06-15,calm,normal,0.07656357171827022,,6,0.0,-0.0060967804323847075
2026-06-16,calm,catchup,0.09566306635307753,,6,0.0,-0.023422407071269746
2026-06-17,calm,catchup,0.11561880006334802,,5,0.0,-0.040891028423649334
2026-06-18,calm,catchup,0.07,0.053,7,1.4511000165060564,-0.028716977957524925
2026-06-22,calm,normal,0.038303826802886576,,7,0.0,0.030526876988127283
2026-06-23,calm,catchup,0.05503268717594478,,7,0.0,0.014186586829000536
2026-06-24,calm,catchup,0.05588175456859412,,7,0.0,0.01337104781886711
2026-06-25,calm,normal,0.019909022921597908,,7,0.0,0.0491131816197814
2026-06-26,calm,catchup,0.07,0.09633333333333334,6,0.9155406164998197,0.01607107480381731
2026-06-29,calm,normal,0.036746713252509666,,6,0.0,0.03207464882446298
2026-06-30,calm,catchup,0.038217891544793936,,6,0.0,0.03061217564640173
2026-07-01,calm,catchup,0.05132917252168312,,6,0.0,0.017759259389267923
2026-07-02,calm,catchup,0.07,0.11233333333333333,5,0.5193824947778486,-0.019791032407584508
2026-07-06,calm,normal,0.056430919917056954,,5,0.0,0.012844266318907449
2026-07-07,calm,catchup,0.09489140988608868,,5,0.0,-0.022734135697236146
2026-07-08,calm,catchup,0.08380403945072468,,5,0.0,-0.012736656211136288
2026-07-09,calm,catchup,0.06340221649601041,,5,0.0,0.006204410148523021
2026-07-10,calm,catchup,0.07,0.042333333333333334,6,1.6784634679585135,0.0017313429545628978
2026-07-13,calm,normal,0.08228854202001279,,6,0.0,-0.011354219824851075
2026-07-14,calm,catchup,0.05494987628600678,,6,0.0,0.014266197904091671
2026-07-15,calm,catchup,0.04359464043152439,,6,0.0,0.025302314275547744
2026-07-16,calm,catchup,0.04209929680973579,,6,0.0,0.02677355533746062
2026-07-17,calm,catchup,0.07,0.062,4,1.1662550824595592,0.028027806016333034
2026-07-20,calm,normal,0.08355096063746847,,4,0.0,-0.012506066746963418
2026-07-21,calm,catchup,0.05505866402129467,,4,0.0,0.01416161630459234
2026-07-22,calm,catchup,0.06610928677129979,,4,0.0,0.0036494506491762113
2026-07-23,calm,catchup,0.07200518469659589,,4,0.0,-0.001870499065882214
2026-07-24,calm,catchup,0.07,0.09766666666666667,6,2.778663894951361,-0.018531237995673466
2026-07-27,calm,normal,0.08055062479412456,,6,0.0,-0.009764118914960318
2026-07-28,calm,catchup,0.08172554654551467,,6,0.0,-0.010839668696889126
2026-07-29,choppy,catchup,0.07311601319267091,,6,0.0,-0.0029037058010161765
2026-07-30,calm,catchup,0.05735741051057075,,6,0.0,0.011956779574963772
2026-07-31,calm,catchup,0.07,0.15666666666666668,5,2.007168665938405,0.002624463561955448
2026-08-03,calm,normal,0.054421197714202174,,5,0.0,0.014774743071905183
2026-08-04,calm,catchup,0.04150397746951229,,5,0.0,0.02736045482968108
2026-08-05,calm,catchup,0.04532325712900609,,5,0.0,0.02360680555292438
2026-08-06,calm,normal,0.021611636462094186,,5,0.0,0.04736473412291753
2026-08-07,calm,catchup,0.07,0.057666666666666665,8,1.9971532687757034,0.05864712736180788
2026-08-10,calm,normal,0.06809822708098534,,8,0.0,0.001780522493902259
2026-08-11,calm,catchup,0.06590738170584332,,8,0.0,0.003839562765394433
2026-08-12,calm,catchup,0.06272780226036478,,8,0.0,0.006842954258059031
2026-08-13,calm,catchup,0.047574103179702565,,8,0.0,0.02140745628612639
2026-08-14,calm,catchup,0.07,0.04833333333333333,5,1.4887184525252635,0.01434601974426064
2026-08-17,calm,normal,0.07804029028499238,,5,0.0,-0.007458246558546322
2026-08-18,calm,catchup,0.08364885503631236,,5,0.0,-0.012595274726567185
2026-08-19,calm,catchup,0.06681345203560785,,5,0.0,0.002986977674786395
2026-08-20,calm,catchup,0.08955272818471371,,5,0.0,-0.01794564657489328
2026-08-21,calm,catchup,0.07,0.06966666666666667,6,0.5250644732685952,-0.012253370422499521
2026-08-24,calm,normal,0.07379060503590829,,6,0.0,-0.0035301156651315058
2026-08-25,calm,catchup,0.08042688239399531,,6,0.0,-0.009650706182811386
2026-08-26,calm,catchup,0.07164157935842819,,6,0.0,-0.0015318361941600855
2026-08-27,calm,catchup,0.05554195563729469,,5,0.0,0.013697271136869471
2026-08-28,calm,catchup,0.07,0.012666666666666666,9,1.2638223159220723,0.0011024578352496484
2026-08-31,calm,normal,0.08053009309219639,,9,0.0,-0.009745302939284217
2026-09-01,calm,catchup,0.08707296979812562,,8,0.0,-0.015705449654677794
2026-09-02,calm,catchup,0.08603735702719151,,8,0.0,-0.014766855783939659
2026-09-03,calm,catchup,0.08501608200532207,,8,0.0,-0.013839501786525932
2026-09-04,calm,catchup,0.07,0.011666666666666667,6,2.037410029718397,-0.019616604263636317
2026-09-08,calm,catchup,0.13835455992580803,,5,0.0,-0.06004680995898404
2026-09-09,calm,catchup,0.13875036833754195,,5,0.0,-0.06037352017537467
2026-09-10,calm,catchup,0.13518786987461118,,4,0.0,-0.05742474140585341
2026-09-11,calm,catchup,0.07,0.013,6,1.0794826204841945,-0.049325268474163186
2026-09-14,calm,normal,0.08148763990410823,,6,0.0,-0.010622072301378016
2026-09-15,calm,catchup,0.08690101852302345,,5,0.0,-0.015549731056458183
2026-09-16,calm,catchup,0.09693878787422916,,5,0.0,-0.024558150529469525
2026-09-17,calm,catchup,0.0931603224924138,,5,0.0,-0.021186574389754576
2026-09-18,calm,catchup,0.07,0.021333333333333333,5,0.43164656578903565,-0.026798548286859347
2026-09-21,calm,normal,0.07654579807502304,,5,0.0,-0.006080371208291857
2026-09-22,calm,catchup,0.08693826807081728,,5,0.0,-0.015583468324176897
2026-09-23,calm,catchup,0.09762810427604518,,4,0.0,-0.02517073330066344
2026-09-24,calm,catchup,0.094664198239228,,4,0.0,-0.022531291585949687
