date,regime,mode,need,p_target,n,cost,week_ret
2017-01-03,calm,catchup,0.07000000000000006,0.0,5,2.125,0.0
2017-01-04,calm,catchup,0.06260960807205396,,5,0.0,0.006954945515084132
2017-01-05,calm,catchup,0.06982592997536274,,5,0.0,0.00016270873584200984
2017-01-06,calm,catchup,0.07,0.001,5,4.886509954260805,-0.002001542086051744
2017-01-09,calm,normal,0.08972490200015892,,5,0.0,-0.018100808712322114
2017-01-10,calm,catchup,0.07936056438257655,,5,0.0,-0.008672323866057652
2017-01-11,calm,catchup,0.055860704771980796,,5,0.0,0.013391250535337074
2017-01-12,calm,catchup,0.061405248123231004,,5,0.0,0.0080975215564143
2017-01-13,calm,catchup,0.07,0.013666666666666667,7,3.0904122977356376,0.012623795792455095
2017-01-17,calm,catchup,0.09409721464531651,,7,0.0,-0.022024747273603262
2017-01-18,calm,catchup,0.08104602739507127,,7,0.0,-0.010217906652585484
2017-01-19,calm,catchup,0.07587417616443681,,7,0.0,-0.005459909991871514
2017-01-20,calm,catchup,0.07,0.011,7,3.3557434216303417,-0.0016029487001631981
2017-01-23,calm,normal,0.07212083028162142,,7,0.0,-0.0019781634884048493
2017-01-24,calm,catchup,0.06840603938058676,,7,0.0,0.00149190528756038
2017-01-25,calm,catchup,0.0835425942302288,,7,0.0,-0.012498441964664653
2017-01-26,calm,catchup,0.08242449462048529,,7,0.0,-0.011478393811516052
2017-01-27,calm,catchup,0.07,0.0006666666666666666,6,1.9895033858123812,-0.009541156598458889
2017-01-30,calm,normal,0.08232570186348043,,6,0.0,-0.011388163324827949
2017-01-31,calm,catchup,0.07199192570540802,,6,0.0,-0.0018581536461641512
2017-02-01,calm,catchup,0.07810060892757242,,6,0.0,-0.007513778269386484
2017-02-02,calm,catchup,0.0759212696299929,,6,0.0,-0.005503441373576612
2017-02-03,calm,catchup,0.07,0.0006666666666666666,6,2.1155821867699154,-0.005022600089066187
2017-02-06,calm,normal,0.07250621175099803,,6,0.0,-0.0023367806391594304
2017-02-07,calm,catchup,0.07347175474267642,,6,0.0,-0.003234137020688088
2017-02-08,calm,catchup,0.06324283839957046,,6,0.0,0.006355238292129695
2017-02-09,calm,catchup,0.0561069859001182,,6,0.0,0.013154930594499348
2017-02-10,calm,catchup,0.07,0.0003333333333333333,5,2.756283776921129,0.016134614667987712
2017-02-13,calm,normal,0.06511862617517394,,5,0.0,0.00458293912515173
2017-02-14,calm,catchup,0.06559427329797018,,5,0.0,0.004134525506029885
2017-02-15,calm,catchup,0.05935553425721318,,5,0.0,0.01004805789800356
2017-02-16,calm,catchup,0.060720202433564685,,5,0.0,0.008748581902319863
2017-02-17,calm,catchup,0.07,0.0003333333333333333,5,2.9413490757405603,-0.00048674834146311685
2017-02-21,calm,catchup,0.07169186113242954,,5,0.0,-0.0015786824494885554
2017-02-22,calm,catchup,0.0724394791873213,,5,0.0,-0.002274701029441606
2017-02-23,calm,catchup,0.08193347834124198,,5,0.0,-0.011029770850179754
2017-02-24,calm,catchup,0.07,0.0006666666666666666,6,3.397929293641025,-0.0058302821829849805
2017-02-27,calm,normal,0.0704273938045703,,6,0.0,-0.0003992739788274413
2017-02-28,calm,catchup,0.076594479955167,,6,0.0,-0.006125314663922077
2017-03-01,calm,catchup,0.052954496083055025,,6,0.0,0.016188262627068406
2017-03-02,calm,catchup,0.06337703305926556,,6,0.0,0.006228239594079588
2017-03-03,calm,catchup,0.07,0.0,4,1.7803223754404083,0.0136561894842544
2017-03-06,calm,normal,0.0734428398072382,,4,0.0,-0.0032072875048069216
2017-03-07,calm,catchup,0.07734917336148595,,4,0.0,-0.00682153339251701
2017-03-08,calm,catchup,0.08209682109392946,,4,0.0,-0.011179056123370001
2017-03-09,calm,catchup,0.08303790909292319,,4,0.0,-0.01203827583823236
2017-03-10,calm,catchup,0.07,0.0,5,1.389089945306605,-0.00832805680624904
2017-03-13,calm,normal,0.07180659814034862,,5,0.0,-0.0016855635554802184
2017-03-14,calm,catchup,0.07500647602018162,,5,0.0,-0.004657158939838313
2017-03-15,calm,catchup,0.06979221979388761,,5,0.0,0.00019422482447328804
2017-03-16,calm,catchup,0.07098346091173968,,5,0.0,-0.0009182783372793102
2017-03-17,calm,catchup,0.07,0.001,6,1.503926999768445,-0.007639344327162179
2017-03-20,calm,normal,0.06989393491318419,,6,0.0,9.913607634803867e-05
2017-03-21,calm,catchup,0.08173846696862386,,6,0.0,-0.010851483354861857
2017-03-22,calm,catchup,0.07182667985930391,,6,0.0,-0.0017042679508068037
2017-03-23,calm,catchup,0.07054037599369112,,6,0.0,-0.0005047693723736479
2017-03-24,calm,catchup,0.07,0.0006666666666666666,5,1.736504401337014,-0.005251217501297201
2017-03-27,calm,normal,0.07145904688957971,,5,0.0,-0.0013617383639767944
2017-03-28,calm,catchup,0.06442531067214774,,5,0.0,0.005237276182705752
2017-03-29,calm,catchup,0.06026190613892313,,5,0.0,0.009184611655566721
2017-03-30,calm,catchup,0.055381969127099806,,5,0.0,0.013850938617978148
2017-03-31,calm,catchup,0.07,0.0003333333333333333,5,0.8574371095914639,0.01127342134411502
2017-04-03,calm,normal,0.07140863286973298,,5,0.0,-0.0013147484783279095
2017-04-04,calm,catchup,0.06911937205247165,,5,0.0,0.0008236946879354168
2017-04-05,calm,catchup,0.0695364952221027,,5,0.0,0.0004333697634142375
2017-04-06,calm,catchup,0.0664455461467961,,5,0.0,0.0033329914181241538
2017-04-07,calm,catchup,0.07,0.0003333333333333333,5,0.758089759727902,0.0029202086922568427
2017-04-10,calm,normal,0.07201539568681836,,5,0.0,-0.0018800062899535508
2017-04-11,calm,catchup,0.06595329930970695,,5,0.0,0.0037963208077818056
2017-04-12,calm,catchup,0.0718359993994262,,5,0.0,-0.0017129480633744087
2017-04-13,calm,catchup,0.07,0.0003333333333333333,6,1.0052634204975377,-0.00565488589216645
2017-04-17,calm,normal,0.06322733643243184,,6,0.0,0.006369911058055955
2017-04-18,calm,catchup,0.05612595574935564,,6,0.0,0.01313673257921244
2017-04-19,calm,catchup,0.05662650471536157,,6,0.0,0.012656785746862464
2017-04-20,calm,catchup,0.052506331580407295,,6,0.0,0.016620962643830284
2017-04-21,calm,catchup,0.07,0.0,5,1.41770961940995,0.02307166761494095
2017-04-24,calm,normal,0.060102013044899705,,5,0.0,0.009336824978447789
2017-04-25,calm,catchup,0.05817706709162973,,5,0.0,0.011172924906476478
2017-04-26,calm,catchup,0.0640788260308407,,5,0.0,0.005564600877592918
2017-04-27,calm,catchup,0.06141432214169407,,5,0.0,0.008088903342647669
2017-04-28,calm,catchup,0.07,0.0006666666666666666,6,1.977848305817913,0.004927482053368681
2017-05-01,calm,normal,0.07309505135341565,,6,0.0,-0.002884228521520149
2017-05-02,calm,catchup,0.07371202054756054,,6,0.0,-0.0034571844931636786
2017-05-03,calm,catchup,0.07322953248275788,,6,0.0,-0.0030091722087509654
2017-05-04,calm,catchup,0.05959622481074223,,6,0.0,0.009818622363548135
2017-05-05,calm,catchup,0.07,0.004666666666666667,7,0.9924809695202532,0.015846105005795863
2017-05-08,calm,normal,0.06925549216135685,,7,0.0,0.0006962861954893373
2017-05-09,calm,catchup,0.0695415134257178,,7,0.0,0.0004286758097062915
2017-05-10,calm,catchup,0.06618529083171998,,7,0.0,0.003577904517238606
2017-05-11,calm,catchup,0.0648446349800984,,7,0.0,0.0048414246083872126
2017-05-12,calm,catchup,0.07,0.002,7,2.225715089552938,-0.004444577888909174
2017-05-15,calm,normal,0.058437260371497324,,7,0.0,0.010924350513174863
2017-05-16,calm,catchup,0.0575194970038011,,7,0.0,0.011801676500110991
2017-05-17,calm,catchup,0.0783468999400212,,7,0.0,-0.007740458975201148
2017-05-18,calm,catchup,0.07446065517976486,,7,0.0,-0.004151529568124146
2017-05-19,calm,catchup,0.07,0.022333333333333334,7,3.5923482182620825,0.011326341600233159
2017-05-22,calm,normal,0.07412180739250651,,7,0.0,-0.0038373742755603013
2017-05-23,calm,catchup,0.07374120961134412,,7,0.0,-0.003484274961094491
2017-05-24,calm,catchup,0.06608531885524016,,7,0.0,0.0036720148711582024
2017-05-25,calm,catchup,0.06181635786535611,,7,0.0,0.007707210455013325
2017-05-26,calm,catchup,0.07,0.001,6,3.2770298307254113,0.009579268901117599
2017-05-30,calm,catchup,0.07215297642750573,,6,0.0,-0.0020080869753116293
2017-05-31,calm,catchup,0.07671618470143238,,6,0.0,-0.006237655565003664
2017-06-01,calm,catchup,0.06965410587560728,,6,0.0,0.0003233700712153009
2017-06-02,calm,catchup,0.07,0.002,4,3.2826601325597897,0.011413708491843533
2017-06-05,calm,normal,0.0810768865091438,,4,0.0,-0.010246159775843089
2017-06-06,calm,catchup,0.08246599638565666,,4,0.0,-0.011516293747129591
2017-06-07,calm,catchup,0.08370780959547841,,4,0.0,-0.012648990322027043
2017-06-08,calm,catchup,0.09291541645685353,,4,0.0,-0.02096723690763136
2017-06-09,calm,catchup,0.07,0.0,4,3.6791591775874695,-0.02958146027319042
2017-06-12,calm,normal,0.07670195611370945,,4,0.0,-0.006224523022043904
2017-06-13,calm,catchup,0.07445716594195884,,4,0.0,-0.004148295607532493
2017-06-14,calm,catchup,0.06714511351515795,,4,0.0,0.0026752561096758942
2017-06-15,calm,catchup,0.06468256979587705,,4,0.0,0.00499438081825887
2017-06-16,calm,catchup,0.07,0.0003333333333333333,5,2.119820304180962,0.006275627988180821
2017-06-19,calm,normal,0.06725246526111972,,5,0.0,0.0025743999927965167
2017-06-20,calm,catchup,0.07804042683539514,,5,0.0,-0.007458372279226855
2017-06-21,calm,catchup,0.08144578471678598,,5,0.0,-0.010583780415569732
2017-06-22,calm,catchup,0.08610357062034346,,5,0.0,-0.014826919877581779
2017-06-23,calm,catchup,0.07,0.0003333333333333333,5,0.994761546037585,-0.00919832129321807
2017-06-26,calm,normal,0.07017455872147571,,5,0.0,-0.0001631123820438063
2017-06-27,calm,catchup,0.07593937639249271,,5,0.0,-0.0055201775516448
2017-06-28,calm,catchup,0.07460043785928705,,5,0.0,-0.004281068290323264
2017-06-29,calm,catchup,0.08735096171699586,,5,0.0,-0.015957094193026267
2017-06-30,calm,catchup,0.07,0.001,6,1.2570910563221143,-0.011690245696872159
2017-07-03,calm,normal,0.07060886561771795,,6,0.0,-0.0005687096728520524
2017-07-05,calm,catchup,0.06529565992535469,,6,0.0,0.004415994781181265
2017-07-06,calm,catchup,0.07147153476278456,,6,0.0,-0.0013733773740524091
2017-07-07,calm,catchup,0.07,0.0,5,0.9865884819015474,0.005495206773084682
2017-07-10,calm,normal,0.0758306022578874,,5,0.0,-0.005419628560156653
2017-07-11,calm,catchup,0.07882270595565499,,5,0.0,-0.00817808700813305
2017-07-12,calm,catchup,0.07449779320043803,,5,0.0,-0.004185949221022667
2017-07-13,calm,catchup,0.07360804645539143,,5,0.0,-0.0033606738206775066
2017-07-14,calm,catchup,0.07,0.0013333333333333333,5,1.6968208481243245,0.006423392504032677
2017-07-17,calm,normal,0.06555166082147279,,5,0.0,0.0041746818498671345
2017-07-18,calm,catchup,0.06468041541586111,,5,0.0,0.004996414423628748
2017-07-19,calm,catchup,0.060016609489434325,,5,0.0,0.00941814535847163
2017-07-20,calm,catchup,0.059044236995955846,,5,0.0,0.010344953139182378
2017-07-21,calm,catchup,0.07,0.002,5,1.4547114815081796,0.014239158099971228
2017-07-24,calm,normal,0.08008194414522252,,5,0.0,-0.009334425225672405
2017-07-25,calm,catchup,0.07644227812455529,,5,0.0,-0.005984787345754805
2017-07-26,calm,catchup,0.09305806038708142,,5,0.0,-0.021095000551860865
2017-07-27,calm,catchup,0.09617806543575869,,5,0.0,-0.023881216256003257
2017-07-28,calm,catchup,0.07,0.0003333333333333333,6,1.5511325467814696,-0.02281431150847657
2017-07-31,calm,normal,0.07267059583447932,,6,0.0,-0.002489670029970137
2017-08-01,calm,catchup,0.05796228193276587,,6,0.0,0.01137821099372549
2017-08-02,calm,catchup,0.059767743675886775,,6,0.0,0.009655187549511446
2017-08-03,calm,catchup,0.05690952422380691,,6,0.0,0.012385616248284714
2017-08-04,calm,catchup,0.07,0.0003333333333333333,5,3.5360538217861297,0.010231991268430995
2017-08-07,calm,normal,0.07449872943940039,,5,0.0,-0.004186816899958035
2017-08-08,calm,catchup,0.0791964773184155,,5,0.0,-0.008521596865537329
2017-08-09,calm,catchup,0.07700661302291656,,5,0.0,-0.006505636026923334
2017-08-10,calm,catchup,0.09959787847411117,,5,0.0,-0.026917002163721393
2017-08-11,calm,catchup,0.07,0.0,5,3.319832403211394,-0.022378919337997516
2017-08-14,calm,normal,0.05756953250297281,,5,0.0,0.011753806359765084
2017-08-15,calm,catchup,0.05371355843606351,,5,0.0,0.015456232325708141
2017-08-16,calm,catchup,0.056556017046743845,,5,0.0,0.012724344697628398
2017-08-17,calm,catchup,0.07044731270310933,,5,0.0,-0.0004178745630925018
2017-08-18,calm,catchup,0.07,0.0,5,1.376174977380944,-0.0014915410296745257
2017-08-21,calm,normal,0.06791715808461318,,5,0.0,0.0019503777981455528
2017-08-22,calm,catchup,0.05862857683364919,,5,0.0,0.010741655208631018
2017-08-23,calm,catchup,0.06372819125374485,,5,0.0,0.005896063296830567
2017-08-24,calm,catchup,0.06368320148467865,,5,0.0,0.00593860888891018
2017-08-25,calm,catchup,0.07,0.0,5,1.0060951779937677,0.005193498168006627
2017-08-28,calm,normal,0.07090702513036007,,5,0.0,-0.0008469690730150692
2017-08-29,calm,catchup,0.06906877520059296,,5,0.0,0.0008710616388851733
2017-08-30,calm,catchup,0.06500683624952264,,5,0.0,0.0046883865722975315
2017-08-31,calm,catchup,0.06177087035317652,,5,0.0,0.0077503818164519345
2017-09-01,calm,catchup,0.07,0.0,4,1.585230757638261,0.007853994478663529
2017-09-05,calm,catchup,0.07890325608223225,,4,0.0,-0.008252135705440478
2017-09-06,calm,catchup,0.07601461123569142,,4,0.0,-0.005589711489869198
2017-09-07,calm,catchup,0.077332694574201,,4,0.0,-0.006806341820990602
2017-09-08,calm,catchup,0.07,0.0003333333333333333,5,2.4394936332853483,-0.0013319823732320657
2017-09-11,calm,normal,0.06416047498582289,,5,0.0,0.0054874477594697435
2017-09-12,calm,catchup,0.07197969019240946,,5,0.0,-0.0018467609139629637
2017-09-13,calm,catchup,0.068543327809931,,5,0.0,0.0013632317493896817
2017-09-14,calm,catchup,0.06795725081677206,,5,0.0,0.0019127630639388382
2017-09-15,calm,catchup,0.07,0.0,4,3.112053616480546,0.006155331432774469
2017-09-18,calm,normal,0.07413066011799163,,4,0.0,-0.003845584407336289
2017-09-19,calm,catchup,0.07214700013391262,,4,0.0,-0.0020025240322869564
2017-09-20,calm,catchup,0.07144237473230697,,4,0.0,-0.0013461990736247653
2017-09-21,calm,catchup,0.07710677960377743,,4,0.0,-0.006598026990779493
2017-09-22,calm,catchup,0.07,0.0006666666666666666,6,2.046470550784041,-0.00686774589406125
2017-09-25,calm,normal,0.0786765338392299,,6,0.0,-0.008043684614467583
2017-09-26,calm,catchup,0.08067483064339798,,6,0.0,-0.009877930290134063
2017-09-27,calm,catchup,0.07455890108633101,,6,0.0,-0.0042425790542724995
2017-09-28,calm,catchup,0.07251679481950735,,6,0.0,-0.002346625089382215
2017-09-29,calm,catchup,0.07,0.0003333333333333333,5,2.9873741538366794,0.0018749871196011014
2017-10-02,calm,normal,0.06719957262265575,,5,0.0,0.0026240896728080276
2017-10-03,calm,catchup,0.05955234895749961,,5,0.0,0.009860438753007239
2017-10-04,calm,catchup,0.05725435882495433,,5,0.0,0.012055416058261992
2017-10-05,calm,catchup,0.05482038280140644,,5,0.0,0.014390712813379114
2017-10-06,calm,catchup,0.07,0.0003333333333333333,6,2.264649609601986,0.007773309444327969
2017-10-09,calm,normal,0.07248111784545386,,6,0.0,-0.0023134373222702953
2017-10-10,calm,catchup,0.07335854830916033,,6,0.0,-0.003129008768273156
2017-10-11,calm,catchup,0.07050216873463788,,6,0.0,-0.00046909641970305227
2017-10-12,calm,catchup,0.07279110181054338,,6,0.0,-0.0026017197624336186
2017-10-13,calm,catchup,0.07,0.0,5,1.3021775288256354,-0.0008633935402583282
2017-10-16,calm,normal,0.07921117169591652,,5,0.0,-0.008535096686815846
2017-10-17,calm,catchup,0.08141811521409781,,5,0.0,-0.01055846490220591
2017-10-18,calm,catchup,0.08133653189328771,,5,0.0,-0.010483814759720378
2017-10-19,calm,catchup,0.08095528306800048,,5,0.0,-0.010134816157155724
2017-10-20,calm,catchup,0.07,0.001,5,1.56250028522949,-0.004643087257934941
2017-10-23,calm,normal,0.0669647102650226,,5,0.0,0.0028447892472689418
2017-10-24,calm,catchup,0.06626985093049242,,5,0.0,0.003498316177890981
2017-10-25,calm,catchup,0.06824956378723779,,5,0.0,0.0016386023192525023
2017-10-26,calm,catchup,0.0641000216319505,,5,0.0,0.0055445712321300356
2017-10-27,calm,catchup,0.07,0.001,6,3.3912531030137623,0.004331437466778221
2017-10-30,calm,normal,0.059285699467927166,,6,0.0,0.010114646631644852
2017-10-31,calm,catchup,0.05962855171838588,,6,0.0,0.009787815045937398
2017-11-01,calm,catchup,0.08141332723454497,,6,0.0,-0.010554084129637764
2017-11-02,calm,catchup,0.06673272740066771,,6,0.0,0.00306287837188024
2017-11-03,calm,catchup,0.07,0.0,5,2.600735216171512,0.0010349329124390572
2017-11-06,calm,normal,0.06963820242736607,,5,0.0,0.00033824294215833994
2017-11-07,calm,catchup,0.07125405272854568,,5,0.0,-0.0011706398919578698
2017-11-08,calm,catchup,0.07611542014327832,,5,0.0,-0.00568286638106541
2017-11-09,calm,catchup,0.08969596560254178,,5,0.0,-0.018074734810687332
2017-11-10,calm,catchup,0.07,0.0006666666666666666,6,2.9391538468662444,-0.022754802302762833
2017-11-13,calm,normal,0.07050377610229153,,6,0.0,-0.00047059722117537284
2017-11-14,calm,catchup,0.06827603757706502,,6,0.0,0.0016137799241899842
2017-11-15,calm,catchup,0.0747052202027354,,6,0.0,-0.004378149574678414
2017-11-16,calm,catchup,0.06748785363770837,,6,0.0,0.002353325476941892
2017-11-17,calm,catchup,0.07,0.0,5,1.7085868356574987,-0.0028148360838673447
2017-11-20,calm,normal,0.0650917398265014,,5,0.0,0.004608298036653746
2017-11-21,calm,catchup,0.05849417632276155,,5,0.0,0.010869992423775177
2017-11-22,calm,catchup,0.061462761528222165,,5,0.0,0.008042899648675883
2017-11-24,calm,catchup,0.07,0.0,5,1.9535806381059895,0.007226488499090689
2017-11-27,calm,normal,0.07287923989336353,,5,0.0,-0.002683657010317031
2017-11-28,calm,catchup,0.0553522737248604,,5,0.0,0.01387946625958425
2017-11-29,calm,catchup,0.04051849267045182,,5,0.0,0.028333477528001527
2017-11-30,calm,catchup,0.030844826379394563,,5,0.0,0.037983576789272
2017-12-01,calm,catchup,0.07,0.0,4,1.8594307553419327,0.03447773608900695
2017-12-04,calm,normal,0.07198322207009089,,4,0.0,-0.0018500495429967234
2017-12-05,calm,catchup,0.07726370283167694,,4,0.0,-0.006742734218728064
2017-12-06,calm,catchup,0.0793728371401321,,4,0.0,-0.008683595526607801
2017-12-07,calm,catchup,0.0797768202019189,,4,0.0,-0.009054482388398122
2017-12-08,calm,catchup,0.07,0.0016666666666666668,4,2.092549127535777,-0.005452313118215368
2017-12-11,calm,normal,0.07301050232935657,,4,0.0,-0.0028056597049340715
2017-12-12,calm,catchup,0.10898167137634074,,4,0.0,-0.035150870733473005
2017-12-13,calm,catchup,0.10898588241884832,,4,0.0,-0.03515453445973071
2017-12-14,calm,catchup,0.11599706575372148,,4,0.0,-0.041216117107490735
2017-12-15,calm,catchup,0.07,0.0,5,1.819486442892012,-0.04203039717099322
2017-12-18,calm,normal,0.06672809001311775,,5,0.0,0.003067238987624288
2017-12-19,calm,catchup,0.07260781339861899,,5,0.0,-0.0024312832388904138
2017-12-20,calm,catchup,0.0660365368474487,,5,0.0,0.003717943068135776
2017-12-21,calm,catchup,0.05776424787439294,,5,0.0,0.011567560683011457
2017-12-22,calm,catchup,0.07,0.0,4,1.0206179101069641,0.009099210523672241
2017-12-26,calm,catchup,0.06760904921264732,,4,0.0,0.002239537768170985
2017-12-27,calm,catchup,0.0690432762152704,,4,0.0,0.000894934570017325
2017-12-28,calm,catchup,0.06574878962550845,,4,0.0,0.0039889422496885985
2017-12-29,calm,catchup,0.07,0.0,5,1.3969063474503685,-0.0012013891889568473
2018-01-02,calm,catchup,0.06320876130861741,,5,0.0,0.006387493160819879
2018-01-03,calm,catchup,0.05116163354975867,,5,0.0,0.01792147453729309
2018-01-04,calm,catchup,0.05192387515361152,,5,0.0,0.01718387164066315
2018-01-05,calm,catchup,0.07,0.0,5,0.8402982543243679,0.028438053001448527
2018-01-08,calm,normal,0.06926529646879231,,5,0.0,0.0006871106110279968
2018-01-09,calm,catchup,0.06318466299332948,,5,0.0,0.00641030410228316
2018-01-10,calm,catchup,0.061633921509878675,,5,0.0,0.007880379781217695
2018-01-11,calm,catchup,0.052306273883127696,,5,0.0,0.01681423607936927
2018-01-12,calm,catchup,0.07,0.0,5,2.0156601145358524,0.02825208209657859
2018-01-16,calm,catchup,0.08833791196625151,,5,0.0,-0.016849465377091533
2018-01-17,calm,catchup,0.0844842459468913,,5,0.0,-0.013355884145873076
2018-01-18,calm,catchup,0.08259883886879016,,5,0.0,-0.01163758764230216
2018-01-19,calm,catchup,0.07,0.007666666666666666,6,3.1072597401756172,-0.0006115457357982468
2018-01-22,calm,normal,0.06827616814891302,,6,0.0,0.0016136575002643205
2018-01-23,calm,catchup,0.06332583612244247,,6,0.0,0.006276687399880965
2018-01-24,calm,catchup,0.060181942605062266,,6,0.0,0.009260728748891056
2018-01-25,calm,catchup,0.05817532102278977,,6,0.0,0.011174593417828893
2018-01-26,calm,catchup,0.07,0.001,6,2.12419598861471,0.01452282157421192
2018-01-29,calm,normal,0.08421276845127723,,6,0.0,-0.013108836996615691
2018-01-30,calm,catchup,0.0891898472275574,,6,0.0,-0.017618459515027163
2018-01-31,calm,catchup,0.08639065944848112,,6,0.0,-0.01508726101971647
2018-02-01,calm,catchup,0.08672127655738904,,6,0.0,-0.01538690455234315
2018-02-02,calm,catchup,0.07,0.004333333333333333,6,2.88769988732912,-0.03645481594078126
2018-02-05,stress,normal,0.10747744793268632,,6,0.0,-0.033840371199110986
2018-02-06,choppy,catchup,0.09405685911484873,,6,0.0,-0.02198867354509526
2018-02-07,choppy,catchup,0.08556186350034767,,6,0.0,-0.014335307847098688
2018-02-08,stress,catchup,0.12637638996720169,,6,0.0,-0.05005111121766603
2018-02-09,choppy,catchup,0.07,0.058666666666666666,5,2.9174604425035295,-0.038581886528600284
2018-02-12,choppy,normal,0.04997580063428719,,5,0.0,0.01907110559463976
2018-02-13,choppy,catchup,0.06148547431644458,,5,0.0,0.00802133038046371
2018-02-14,calm,catchup,0.05773617755616978,,5,0.0,0.011594405773436955
2018-02-15,calm,catchup,0.0489064270249957,,5,0.0,0.020110061709538662
2018-02-16,calm,catchup,0.07,0.021333333333333333,6,2.706583235547015,0.006499016533414226
2018-02-20,choppy,catchup,0.08674810858070559,,6,0.0,-0.01541121484221264
2018-02-21,choppy,catchup,0.07188536228864306,,6,0.0,-0.0017589215740546615
2018-02-22,calm,catchup,0.08470070469092517,,6,0.0,-0.013552775090262204
2018-02-23,calm,catchup,0.07,0.042,5,1.3828960607477332,-0.011207731704894641
2018-02-26,calm,normal,0.05430133702385076,,5,0.0,0.014890110089838648
2018-02-27,calm,catchup,0.07298047649971928,,5,0.0,-0.002777754642323216
2018-02-28,calm,catchup,0.07061204353195016,,5,0.0,-0.0005716763001573089
2018-03-01,choppy,catchup,0.07955986386651248,,5,0.0,-0.008855334647467572
2018-03-02,calm,catchup,0.07,0.015666666666666666,7,0.8015520983801291,0.007980921811011399
2018-03-05,calm,normal,0.062202400683421644,,7,0.0,0.007340973162517361
2018-03-06,calm,catchup,0.0501359698965953,,7,0.0,0.018915674420104667
2018-03-07,calm,catchup,0.052851192206661235,,7,0.0,0.016287969202368302
2018-03-08,calm,catchup,0.051129533554508555,,7,0.0,0.017952560405832152
2018-03-09,calm,catchup,0.07,0.0016666666666666668,6,2.389180274657143,0.03205032648296524
2018-03-12,calm,normal,0.06845732595619514,,6,0.0,0.0014438330912507347
2018-03-13,calm,catchup,0.06712481933879677,,6,0.0,0.002694324608610188
2018-03-14,calm,catchup,0.07488964471109028,,6,0.0,-0.004548973687809932
2018-03-15,calm,catchup,0.07768697175382333,,6,0.0,-0.007132842796933381
2018-03-16,calm,catchup,0.07,0.009,7,1.8154307700402048,-0.007181462791754911
2018-03-19,calm,normal,0.08890854539208104,,7,0.0,-0.017364677200942147
2018-03-20,calm,catchup,0.08309249968502042,,7,0.0,-0.012088071599450578
2018-03-21,calm,catchup,0.08620008156055436,,7,0.0,-0.01491445437683947
2018-03-22,choppy,catchup,0.10750048978412341,,7,0.0,-0.03386047241517065
2018-03-23,choppy,catchup,0.07,0.014666666666666666,6,1.7256874000744689,-0.05267811332496608
2018-03-26,choppy,normal,0.05002955982792234,,6,0.0,0.019018931405464956
2018-03-27,choppy,catchup,0.05701417121447938,,6,0.0,0.012285387593810926
2018-03-28,choppy,catchup,0.0640714804983975,,6,0.0,0.005571542523464368
2018-03-29,calm,catchup,0.07,0.0006666666666666666,6,2.137833491811488,0.022480201311321002
2018-04-02,choppy,normal,0.09048317153932017,,6,0.0,-0.018783574175112006
2018-04-03,choppy,catchup,0.07970788614127367,,6,0.0,-0.00899121537026848
2018-04-04,choppy,catchup,0.07288995064502624,,6,0.0,-0.0026936133042244625
2018-04-05,calm,catchup,0.06261317742230776,,6,0.0,0.006951563122538529
2018-04-06,choppy,catchup,0.07,0.004333333333333333,8,2.107404368184727,-0.010441754318996077
2018-04-09,choppy,normal,0.0746254712556289,,8,0.0,-0.004304263559120947
2018-04-10,choppy,catchup,0.06416622197269017,,8,0.0,0.0054820176649617025
2018-04-11,choppy,catchup,0.0690353408722868,,8,0.0,0.0009023641135439409
2018-04-12,calm,catchup,0.04595789656253313,,8,0.0,0.02298572773959595
2018-04-13,calm,catchup,0.07,0.0033333333333333335,7,3.5274409296360223,0.01824063718058877
2018-04-16,calm,normal,0.06566688410780519,,7,0.0,0.004066107295642052
2018-04-17,calm,catchup,0.05512117670288186,,7,0.0,0.01410153035086692
2018-04-18,calm,catchup,0.04606505794077975,,7,0.0,0.022880930662512622
2018-04-19,calm,catchup,0.04906010349483214,,7,0.0,0.019960626121810154
2018-04-20,calm,catchup,0.07,0.017666666666666667,6,4.071787169562135,0.012397952046585115
2018-04-23,calm,normal,0.07418519446397398,,6,0.0,-0.003896157278598933
2018-04-24,calm,catchup,0.09791123213815345,,6,0.0,-0.02542212095216201
2018-04-25,calm,catchup,0.09823900252520135,,6,0.0,-0.025712984569179254
2018-04-26,calm,catchup,0.09168245138693254,,6,0.0,-0.019861500346905703
2018-04-27,calm,catchup,0.07,0.006,6,2.551055013132634,-0.015017119963373737
2018-04-30,calm,normal,0.08308169343327898,,6,0.0,-0.01207821488683003
2018-05-01,calm,catchup,0.08733896969270116,,6,0.0,-0.015946241398486216
2018-05-02,calm,catchup,0.0929913289335571,,6,0.0,-0.02103523452101841
2018-05-03,calm,catchup,0.08440429574930275,,6,0.0,-0.013283141542103083
2018-05-04,calm,catchup,0.07,0.0,5,2.28452962090153,-0.002446478809062458
2018-05-07,calm,normal,0.07126008496175884,,5,0.0,-0.0011762642699449932
2018-05-08,calm,catchup,0.07078755418068683,,5,0.0,-0.0007354905999904515
2018-05-09,calm,catchup,0.06634063947749147,,5,0.0,0.0034316993904515147
2018-05-10,calm,catchup,0.05817649169075523,,5,0.0,0.011173474748388257
2018-05-11,calm,catchup,0.07,0.0013333333333333333,6,3.422445805775913,0.019874536959560096
2018-05-14,calm,normal,0.06583483971212045,,6,0.0,0.003907885286433821
2018-05-15,calm,catchup,0.0671067682224531,,6,0.0,0.0027112861277849287
2018-05-16,calm,catchup,0.06361432524598865,,6,0.0,0.006003750233934291
2018-05-17,calm,catchup,0.05214825804269618,,6,0.0,0.016966945314829784
2018-05-18,calm,catchup,0.07,0.0036666666666666666,7,1.8512275666622098,0.023424908198982575
2018-05-21,calm,normal,0.07222590250812488,,7,0.0,-0.0020759641255803096
2018-05-22,calm,catchup,0.07357466887805342,,7,0.0,-0.0033296881732399752
2018-05-23,calm,catchup,0.0691986592521232,,7,0.0,0.0007494778832188853
2018-05-24,calm,catchup,0.0605397821717959,,7,0.0,0.008920191384835574
2018-05-25,calm,catchup,0.07,0.0003333333333333333,5,1.6019251496039524,0.00019116814421105133
2018-05-29,calm,catchup,0.07176404445565954,,5,0.0,-0.0016459261390461277
2018-05-30,calm,catchup,0.05850882470928509,,5,0.0,0.010856003296780159
2018-05-31,calm,catchup,0.061790892685884335,,5,0.0,0.007731378532876754
2018-06-01,calm,catchup,0.07,0.0003333333333333333,4,0.26693531592440356,0.008995089516100174
2018-06-04,calm,normal,0.06383676114442882,,4,0.0,0.005793406545700819
2018-06-05,calm,catchup,0.06231877208198755,,4,0.0,0.0072306242908222185
2018-06-06,calm,catchup,0.06003333301435232,,4,0.0,0.009402220359718383
2018-06-07,calm,catchup,0.055301211661454186,,4,0.0,0.013928524080252247
2018-06-08,calm,catchup,0.07,0.0003333333333333333,5,2.4333405367981307,0.0161637630402518
2018-06-11,calm,normal,0.06941333559730345,,5,0.0,0.0005485852692952431
2018-06-12,calm,catchup,0.06951109678494527,,5,0.0,0.0004571277628857562
2018-06-13,calm,catchup,0.07912044332429513,,5,0.0,-0.008451738061971081
2018-06-14,calm,catchup,0.070622582146455,,5,0.0,-0.0005815141178945327
2018-06-15,calm,catchup,0.07,0.0003333333333333333,5,2.3107199403025884,0.0007887161248116836
2018-06-18,calm,normal,0.0767791171939165,,5,0.0,-0.006295736131643137
2018-06-19,calm,catchup,0.07290366806451165,,5,0.0,-0.0027063641880819
2018-06-20,calm,catchup,0.07359654682257188,,5,0.0,-0.003349998501034901
2018-06-21,calm,catchup,0.07509162118546553,,5,0.0,-0.004735988156852278
2018-06-22,calm,catchup,0.07,0.007666666666666666,7,3.2399191098449824,-0.00016108483548171737
2018-06-25,calm,normal,0.10118692351656278,,7,0.0,-0.028321189482498954
2018-06-26,calm,catchup,0.07675869116283196,,7,0.0,-0.006276885636774421
2018-06-27,calm,catchup,0.10388359125302471,,7,0.0,-0.03069489529648972
2018-06-28,calm,catchup,0.07588646885451888,,7,0.0,-0.0054712732476187576
2018-06-29,calm,catchup,0.07,0.007666666666666666,5,3.923620315359577,-0.0053976422478621
2018-07-02,calm,normal,0.06567864270678148,,5,0.0,0.00405502852364803
2018-07-03,calm,catchup,0.05978035540424176,,5,0.0,0.009643172326835758
2018-07-05,calm,catchup,0.05511923971850852,,5,0.0,0.014103392035066609
2018-07-06,calm,catchup,0.07,0.010333333333333333,6,0.5521880170525579,0.033893367948458764
2018-07-09,calm,normal,0.06951693645266444,,6,0.0,0.0004516651685178008
2018-07-10,calm,catchup,0.06794281405573055,,6,0.0,0.001926307211578937
2018-07-11,calm,catchup,0.07328307548723023,,6,0.0,-0.003058909212501737
2018-07-12,calm,catchup,0.05316925419575025,,6,0.0,0.015981045532042826
2018-07-13,calm,catchup,0.07,0.005,8,0.9320354217832265,0.01361071555048543
2018-07-16,calm,normal,0.06843831820969326,,8,0.0,0.0014616489915146857
2018-07-17,calm,catchup,0.04700950665914694,,8,0.0,0.0219582469830788
2018-07-18,calm,catchup,0.049222826206483106,,8,0.0,0.01980244164972844
2018-07-19,calm,catchup,0.03872971170464279,,8,0.0,0.030104355293775198
2018-07-20,calm,catchup,0.07,0.0006666666666666666,6,2.7872540187279897,0.02059858253979585
2018-07-23,calm,normal,0.07868977422053658,,6,0.0,-0.008055860385638547
2018-07-24,calm,catchup,0.07688193998421977,,6,0.0,-0.006390616955021633
2018-07-25,calm,catchup,0.05556125639235732,,6,0.0,0.01367873585753876
2018-07-26,calm,catchup,0.04270837531091387,,6,0.0,0.026173784861897254
2018-07-27,calm,catchup,0.07,0.009,7,1.8864342349404568,0.029559737172658807
2018-07-30,calm,normal,0.07979928651860413,,7,0.0,-0.009075100012519988
2018-07-31,calm,catchup,0.07077980774974946,,7,0.0,-0.0007282615380916901
2018-08-01,calm,catchup,0.06885549854558537,,7,0.0,0.0010707728556125229
2018-08-02,calm,catchup,0.08541446553089393,,7,0.0,-0.014201455776024163
2018-08-03,calm,catchup,0.07,0.03833333333333333,6,2.4930747045666837,-0.00474510412665774
2018-08-06,calm,normal,0.06280133399143684,,6,0.0,0.006773294103356031
2018-08-07,calm,catchup,0.0541176259763847,,6,0.0,0.015066984587136734
2018-08-08,calm,catchup,0.07901986188650478,,6,0.0,-0.008359310338119985
2018-08-09,calm,catchup,0.07565340806165333,,6,0.0,-0.005255789661691046
2018-08-10,calm,catchup,0.07,0.0,5,1.6422710374974405,0.0019000207384103351
2018-08-13,calm,normal,0.08000604705075576,,5,0.0,-0.009264806505555945
2018-08-14,calm,catchup,0.07102321221612229,,5,0.0,-0.0009553595145758154
2018-08-15,calm,catchup,0.07702534534166716,,5,0.0,-0.006522915521025685
2018-08-16,calm,catchup,0.07156804881806278,,5,0.0,-0.001463321736582479
2018-08-17,calm,catchup,0.07,0.0013333333333333333,7,2.5193554958809985,0.0032101423135231233
2018-08-20,calm,normal,0.07392858187426499,,7,0.0,-0.0036581407186394577
2018-08-21,calm,catchup,0.06526524418419233,,7,0.0,0.004444673138128907
2018-08-22,calm,catchup,0.05240147419697583,,7,0.0,0.01672225498966795
2018-08-23,calm,catchup,0.05297952523303073,,7,0.0,0.01616410799934842
2018-08-24,calm,catchup,0.07,0.0033333333333333335,6,3.5166966551484045,0.02429872166338054
2018-08-27,calm,normal,0.07602151341833485,,6,0.0,-0.00559609017407614
2018-08-28,calm,catchup,0.09138080093420253,,6,0.0,-0.019590596532301885
2018-08-29,calm,catchup,0.0935910206903161,,6,0.0,-0.02157206875695128
2018-08-30,calm,catchup,0.03950977555612645,,6,0.0,0.029331349411853003
2018-08-31,calm,catchup,0.07,0.0016666666666666668,8,2.546157093827238,0.022598617025631818
2018-09-04,calm,catchup,0.07154881658403944,,8,0.0,-0.0014453999295868103
2018-09-05,calm,catchup,0.08132610234711679,,8,0.0,-0.010474270733437763
2018-09-06,calm,catchup,0.08496876785264185,,8,0.0,-0.013796496540879888
2018-09-07,calm,catchup,0.07,0.0026666666666666666,6,3.082152967704134,-0.017840585044882284
2018-09-10,calm,normal,0.060491411648470717,,6,0.0,0.00896620967137185
2018-09-11,calm,catchup,0.04691739611173529,,6,0.0,0.02204816155887168
2018-09-12,calm,catchup,0.039927814021588404,,6,0.0,0.028917570597633224
2018-09-13,calm,catchup,0.04175452206843855,,6,0.0,0.027113372040352912
2018-09-14,calm,catchup,0.07,0.0,4,4.529491651892871,0.023706143795385604
2018-09-17,calm,normal,0.07383230824463949,,4,0.0,-0.0035688144370549235
2018-09-18,calm,catchup,0.07262351032484471,,4,0.0,-0.002445881802506933
2018-09-19,calm,catchup,0.07393115922838711,,4,0.0,-0.0036605318642691786
2018-09-20,calm,catchup,0.060882629675059086,,4,0.0,0.008594136683841791
2018-09-21,calm,catchup,0.07,0.0006666666666666666,5,3.6232624395530038,0.0062852903129464455
2018-09-24,calm,normal,0.07104928838592928,,5,0.0,-0.000979682632076151
2018-09-25,calm,catchup,0.06506641129753388,,5,0.0,0.004632188800748782
2018-09-26,calm,catchup,0.07175027871410933,,5,0.0,-0.0016331031107444938
2018-09-27,calm,catchup,0.0745163413410157,,5,0.0,-0.004203138814416807
2018-09-28,calm,catchup,0.07,0.0003333333333333333,5,2.298663177042487,-0.007923131575744202
2018-10-01,calm,normal,0.06983000795030803,,5,0.0,0.00015889631850729558
2018-10-02,calm,catchup,0.060666118198992036,,5,0.0,0.008800018819170807
2018-10-03,calm,catchup,0.06169719636126714,,5,0.0,0.007820312295435006
2018-10-04,calm,catchup,0.07012368065083519,,5,0.0,-0.00011557603394019011
2018-10-05,calm,catchup,0.07,0.001,7,4.474378029204693,-0.005859763285130493
2018-10-08,calm,normal,0.08022299755993578,,7,0.0,-0.009463784406579023
2018-10-09,calm,catchup,0.08504065134898009,,7,0.0,-0.013861832116871198
2018-10-10,choppy,catchup,0.13051303113728108,,7,0.0,-0.053527053179038275
2018-10-11,stress,catchup,0.14783551909633363,,7,0.0,-0.06781069047036614
2018-10-12,choppy,catchup,0.07,0.019333333333333334,7,1.1289100110438337,-0.04343389793729513
2018-10-15,choppy,normal,0.08059457913074497,,7,0.0,-0.009804397815198596
2018-10-16,calm,catchup,0.04909025815684176,,7,0.0,0.019931308751160115
2018-10-17,calm,catchup,0.053671547110442974,,7,0.0,0.015496719954463778
2018-10-18,choppy,catchup,0.07230270310678999,,7,0.0,-0.0021474375660139877
2018-10-19,calm,catchup,0.07,0.005333333333333333,7,4.315069217673246,-0.018865953910562894
2018-10-22,calm,normal,0.07792922575703187,,7,0.0,-0.007355979935939727
2018-10-23,choppy,catchup,0.08629428874707101,,7,0.0,-0.014999884392161156
2018-10-24,stress,catchup,0.09896945146283875,,7,0.0,-0.02636056118236718
2018-10-25,choppy,catchup,0.09034588352684825,,7,0.0,-0.01866002690910984
2018-10-26,choppy,catchup,0.07,0.05533333333333333,9,2.7461310402935024,-0.02928305432949796
2018-10-29,stress,normal,0.0796701102059314,,9,0.0,-0.008956541553314712
2018-10-30,choppy,catchup,0.05636066647042903,,9,0.0,0.012911625699907558
2018-10-31,choppy,catchup,0.05303665976686367,,9,0.0,0.016108974056888048
2018-11-01,choppy,normal,0.027178400955328197,,9,0.0,0.04168857036406304
2018-11-02,choppy,catchup,0.07,0.03866666666666667,5,3.2351135108267,0.031929151925231825
2018-11-05,choppy,normal,0.06195314993486978,,5,0.0,0.0075774059012150285
2018-11-06,calm,catchup,0.04409726132047198,,5,0.0,0.02480874113851117
2018-11-07,calm,normal,0.018612295867370454,,5,0.0,0.050448737307722924
2018-11-08,calm,normal,0.010756599010593115,,5,0.0,0.058612925255594694
2018-11-09,calm,catchup,0.07,0.06266666666666666,6,1.8593287112779873,0.05169235099021807
2018-11-12,choppy,normal,0.13674009268623255,,6,0.0,-0.05871183141655445
2018-11-13,choppy,catchup,0.13787023144609534,,6,0.0,-0.05964672382705749
2018-11-14,stress,catchup,0.15388369131815938,,6,0.0,-0.07269683413441197
2018-11-15,choppy,brake,0.17097543665531112,0.0003333333333333333,1,0.581847006362921,-0.08623189991391278
2018-11-16,choppy,catchup,0.07,0.082,6,1.3960112613842137,-0.0848431842396864
2018-11-19,choppy,normal,0.10340111818881703,,6,0.0,-0.030271057041924565
2018-11-20,choppy,catchup,0.11723141949385663,,6,0.0,-0.04227541283725622
2018-11-21,choppy,catchup,0.12583314249704847,,6,0.0,-0.049592733052087
2018-11-23,choppy,catchup,0.07,0.02033333333333333,7,1.7980452889898642,-0.05096293419842157
2018-11-26,choppy,normal,0.04646479988894958,,7,0.0,0.022490197580987026
2018-11-27,choppy,catchup,0.051565822073225576,,7,0.0,0.0175302178330885
2018-11-28,calm,catchup,0.03414764156707717,,7,0.0,0.034668510560633914
2018-11-29,choppy,catchup,0.03424523563257709,,7,0.0,0.03457087655381286
2018-11-30,calm,catchup,0.07,0.118,6,2.435810378619001,0.033755490985291736
2018-12-03,calm,normal,0.050380130580091054,,6,0.0,0.018678827644115437
2018-12-04,choppy,catchup,0.1043041235155584,,6,0.0,-0.03106401831259209
2018-12-06,choppy,catchup,0.13370162712317013,,6,0.0,-0.056189058566332384
2018-12-07,stress,catchup,0.07,0.013,2,2.560981724747612,-0.08626300039666124
2018-12-10,stress,normal,0.0722535684167569,,2,0.0,-0.0021017122098127006
2018-12-11,stress,catchup,0.07547169988587688,,2,0.0,-0.005087720938131035
2018-12-12,choppy,catchup,0.06901740756045283,,2,0.0,0.0009191547608093931
2018-12-13,choppy,catchup,0.08312715582821761,,2,0.0,-0.012119681200477128
2018-12-14,choppy,catchup,0.07,0.001,5,1.6951733468207884,-0.022207060016732005
2018-12-17,choppy,normal,0.09405834154967829,,5,0.0,-0.02198999873772811
2018-12-18,choppy,catchup,0.10241147353043578,,5,0.0,-0.02940052268019233
2018-12-19,choppy,catchup,0.10525763844211178,,5,0.0,-0.03189992741584502
2018-12-20,stress,catchup,0.118966823566105,,5,0.0,-0.04376074655193929
2018-12-21,stress,catchup,0.07,0.001,4,2.0895773280582217,-0.055697951139900614
2018-12-24,stress,normal,0.08324313233564085,,4,0.0,-0.01222544776913248
2018-12-26,stress,catchup,0.05451675136477463,,4,0.0,0.014682790591222794
2018-12-27,choppy,catchup,0.05470406358360935,,4,0.0,0.014502586028178444
2018-12-28,choppy,catchup,0.07,0.058333333333333334,5,2.4396562011571,0.017067908795864284
2018-12-31,choppy,normal,0.06995223276545937,,5,0.0,4.464426829331458e-05
2019-01-02,choppy,normal,0.028356758472144472,,5,0.0,0.040494936397098336
2019-01-03,choppy,catchup,0.03618216601794022,,5,0.0,0.032636958144167005
2019-01-04,choppy,catchup,0.07,0.005,7,3.9197827766350306,0.06637922976789246
2019-01-07,choppy,normal,0.0750686224260777,,7,0.0,-0.004714696643865812
2019-01-08,choppy,catchup,0.06762421645653016,,7,0.0,0.00222529941420313
2019-01-09,choppy,catchup,0.07285753499954484,,7,0.0,-0.0026634803842301435
2019-01-10,choppy,catchup,0.06165326713193653,,7,0.0,0.007862014017639085
2019-01-11,choppy,catchup,0.07,0.028,5,2.6161627173512794,0.006778091108133655
2019-01-14,choppy,normal,0.07333203671530031,,5,0.0,-0.003104385783077257
2019-01-15,choppy,catchup,0.06619749511089967,,5,0.0,0.0035664170161129327
2019-01-16,choppy,catchup,0.07406843765419469,,5,0.0,-0.003787875624648551
2019-01-17,choppy,catchup,0.06479742832025925,,5,0.0,0.004885973182662484
2019-01-18,choppy,catchup,0.07,0.009666666666666667,7,2.360920720027708,0.016294686567339678
2019-01-22,choppy,catchup,0.07038367103572996,,7,0.0,-0.00035844253430972195
2019-01-23,choppy,catchup,0.0652731262007118,,7,0.0,0.00443724119479727
2019-01-24,choppy,catchup,0.06576159888413535,,7,0.0,0.003976875429084981
2019-01-25,choppy,catchup,0.07,0.007333333333333333,7,3.1270974468568515,0.002316698811662965
2019-01-28,choppy,normal,0.07147344488252783,,7,0.0,-0.0013751576294915857
2019-01-29,choppy,catchup,0.06955950485725815,,7,0.0,0.0004118472518279681
2019-01-30,choppy,catchup,0.06515310648745509,,7,0.0,0.00455041954346691
2019-01-31,choppy,catchup,0.05862876020872676,,7,0.0,0.010741480128530823
2019-02-01,choppy,catchup,0.07,0.007666666666666666,6,0.7796537455131078,0.011486178758487675
2019-02-04,calm,normal,0.07041425221711917,,6,0.0,-0.00038700177642536637
2019-02-05,calm,catchup,0.0652648318769129,,6,0.0,0.004445061905164138
2019-02-06,calm,catchup,0.07098768650436371,,6,0.0,-0.0009222202242001876
2019-02-07,choppy,catchup,0.06496772891502012,,6,0.0,0.004725280352022354
2019-02-08,choppy,catchup,0.07,0.006333333333333333,6,2.790470118477,0.011365813431452265
2019-02-11,choppy,normal,0.0707319479680435,,6,0.0,-0.0006835958985181856
2019-02-12,calm,catchup,0.06258259859299486,,6,0.0,0.006980541010954688
2019-02-13,calm,catchup,0.0535407598115345,,6,0.0,0.015622784439218051
2019-02-14,calm,catchup,0.05876153071654433,,6,0.0,0.010614731417234013
2019-02-15,calm,catchup,0.07,0.011,9,3.8770562313124644,0.009386219852250965
2019-02-19,calm,catchup,0.07331898107853885,,9,0.0,-0.0030922597448185263
2019-02-20,calm,catchup,0.06486059420132517,,9,0.0,0.004826364903219638
2019-02-21,calm,catchup,0.06209917057297365,,9,0.0,0.007438881081852422
2019-02-22,calm,catchup,0.07,0.002,6,2.054064857432711,0.015773922911988203
2019-02-25,calm,normal,0.0672232503328718,,6,0.0,0.0026018451774378892
2019-02-26,calm,catchup,0.07081683734926147,,6,0.0,-0.0007628170577551607
2019-02-27,calm,catchup,0.06494952819693456,,6,0.0,0.004742451796392988
2019-02-28,calm,catchup,0.05929551191902416,,6,0.0,0.010105289752038615
2019-03-01,calm,catchup,0.07,0.003,6,2.9473411494564337,0.011849619752419605
2019-03-04,calm,normal,0.09053065942572758,,6,0.0,-0.018826301900158438
2019-03-05,calm,catchup,0.09238713142242694,,6,0.0,-0.020493770732428862
2019-03-06,calm,catchup,0.10153446893895657,,6,0.0,-0.02862776411284873
2019-03-07,calm,catchup,0.11817010471019285,,6,0.0,-0.04307940670858623
2019-03-08,calm,catchup,0.07,0.006333333333333333,8,3.5065058320359586,-0.04535809260205437
2019-03-11,calm,normal,0.06344314450330413,,8,0.0,0.006165685049160263
2019-03-12,calm,catchup,0.05888232952147843,,8,0.0,0.010499439048667236
2019-03-13,calm,catchup,0.05265290058230776,,8,0.0,0.016479410647228798
2019-03-14,calm,catchup,0.049859890029513965,,8,0.0,0.019183616939513648
2019-03-15,calm,catchup,0.07,0.0016666666666666668,6,1.6086575833310446,0.02309508691752149
2019-03-18,calm,normal,0.09224215665178992,,6,0.0,-0.020363759553075678
2019-03-19,calm,catchup,0.09275089325373376,,6,0.0,-0.020819834963476058
2019-03-20,calm,catchup,0.09825209015602554,,6,0.0,-0.025724594935222722
2019-03-21,calm,catchup,0.09236990945278212,,6,0.0,-0.020478328137020996
2019-03-22,calm,catchup,0.07,0.0013333333333333333,6,2.2895493619184535,-0.044352223869454144
2019-03-25,calm,normal,0.06800477707187502,,6,0.0,0.0018681779060907289
2019-03-26,calm,catchup,0.061843676514977464,,6,0.0,0.007681284604709404
2019-03-27,calm,catchup,0.06910508190399667,,6,0.0,0.0008370721560968519
2019-03-28,calm,catchup,0.06821931538547421,,6,0.0,0.0016669653776886229
2019-03-29,calm,catchup,0.07,0.012666666666666666,6,2.618224258828239,0.0063341809377381875
2019-04-01,calm,normal,0.07106574468505555,,6,0.0,-0.0009950319953224707
2019-04-02,calm,catchup,0.06660840623254094,,6,0.0,0.003179792834596906
2019-04-03,calm,catchup,0.0632434671425417,,6,0.0,0.006354643189688813
2019-04-04,calm,catchup,0.07086452144030808,,6,0.0,-0.0008073116841571526
2019-04-05,calm,catchup,0.07,0.001,6,3.0008256269665567,0.0017942997986446496
2019-04-08,calm,normal,0.07338398866538554,,6,0.0,-0.003152635684078975
2019-04-09,calm,catchup,0.07499769868501449,,6,0.0,-0.004649031985024532
2019-04-10,calm,catchup,0.06910862780341476,,6,0.0,0.0008337526921065042
2019-04-11,calm,catchup,0.06709587667329275,,6,0.0,0.0027215205214370375
2019-04-12,calm,catchup,0.07,0.005666666666666667,7,2.5052945134477445,0.00467143018066718
2019-04-15,calm,normal,0.06714470429898567,,7,0.0,0.0026756406038579428
2019-04-16,calm,catchup,0.08485329216652171,,7,0.0,-0.013691521493066183
2019-04-17,calm,catchup,0.09858824360072083,,7,0.0,-0.02602271029864678
2019-04-18,calm,catchup,0.07,0.004666666666666667,7,1.5544552253234132,-0.015215208895872467
2019-04-22,calm,normal,0.07124200468317943,,7,0.0,-0.0011594062571759212
2019-04-23,calm,catchup,0.0993993642973563,,7,0.0,-0.02674129643157086
2019-04-24,calm,catchup,0.10302244423605345,,7,0.0,-0.02993814351522517
2019-04-25,calm,catchup,0.09077397681842125,,7,0.0,-0.019045170915256815
2019-04-26,calm,catchup,0.07,0.007,5,2.0156654959333054,-0.011921711974629212
2019-04-29,calm,normal,0.07362517446271655,,5,0.0,-0.0033765736394273382
2019-04-30,calm,catchup,0.12194132490021947,,5,0.0,-0.04629593700440515
2019-05-01,calm,catchup,0.12327227702342736,,5,0.0,-0.04742596974314561
2019-05-02,calm,catchup,0.1320520794876081,,5,0.0,-0.05481380283820003
2019-05-03,calm,catchup,0.07,0.0036666666666666666,5,1.5306335619131501,-0.04532470317886894
2019-05-06,calm,normal,0.08278210095879168,,5,0.0,-0.011804869093673731
2019-05-07,calm,catchup,0.10531001914352278,,5,0.0,-0.03194580573048955
2019-05-08,calm,catchup,0.11261551122953106,,5,0.0,-0.038302100590380306
2019-05-09,calm,catchup,0.11557625741926536,,5,0.0,-0.04085445267964005
2019-05-10,calm,catchup,0.07,0.005333333333333333,9,1.6937902074270164,-0.037280324229310935
2019-05-13,choppy,normal,0.10300503202836975,,9,0.0,-0.029922829969030285
2019-05-14,calm,catchup,0.0914243267626269,,9,0.0,-0.019629695103256073
2019-05-15,calm,catchup,0.08639888951069796,,9,0.0,-0.015094722269169303
2019-05-16,calm,catchup,0.0722277434968055,,9,0.0,-0.0020776775366212474
2019-05-17,calm,catchup,0.07,0.031,7,1.646396563782389,-0.01858573518279205
2019-05-20,calm,normal,0.08700813941359331,,7,0.0,-0.015646745223792613
2019-05-21,calm,catchup,0.08940777142355971,,7,0.0,-0.017814974275609408
2019-05-22,calm,catchup,0.08996984449284673,,7,0.0,-0.01832146512469668
2019-05-23,calm,catchup,0.10711504784340486,,7,0.0,-0.03352411108105047
2019-05-24,calm,catchup,0.07,0.005,6,1.512345949548168,-0.03177111607935024
2019-05-28,calm,catchup,0.07182847119717128,,6,0.0,-0.0017059363940284955
2019-05-29,calm,catchup,0.08191176212479068,,6,0.0,-0.01100992016335689
2019-05-30,calm,catchup,0.07201751016959101,,6,0.0,-0.0018819750148220127
2019-05-31,choppy,catchup,0.07,0.0023333333333333335,8,0.7195241739991688,-0.004734720764644873
2019-06-03,choppy,normal,0.07630983461752727,,8,0.0,-0.005862470465829661
2019-06-04,calm,catchup,0.06671959003453276,,8,0.0,0.0030752317629800796
2019-06-05,calm,catchup,0.056900835584117404,,8,0.0,0.012393938934340154
2019-06-06,calm,catchup,0.050852012223155274,,8,0.0,0.018221393263867736
2019-06-07,calm,catchup,0.07,0.0013333333333333333,6,2.2009360534296873,0.02869003927166469
2019-06-10,calm,normal,0.07703022943474513,,6,0.0,-0.006527420719133037
2019-06-11,calm,catchup,0.08348797670800612,,6,0.0,-0.012448663019765993
2019-06-12,calm,catchup,0.08044673664511581,,6,0.0,-0.009668904806500511
2019-06-13,calm,catchup,0.08132030728095696,,6,0.0,-0.010468967617395797
2019-06-14,calm,catchup,0.07,0.014,6,2.043956269449223,-0.011656814066904775
2019-06-17,calm,normal,0.08205090504672796,,6,0.0,-0.01113709622211112
2019-06-18,calm,catchup,0.07664418190019795,,6,0.0,-0.006171195657669659
2019-06-19,calm,catchup,0.07151410889767917,,6,0.0,-0.001413055493255988
2019-06-20,calm,catchup,0.06170483807657123,,6,0.0,0.00781305841881319
2019-06-21,calm,catchup,0.07,0.009666666666666667,7,1.4530361044077764,0.007281663398482241
2019-06-24,calm,normal,0.07438382314755043,,7,0.0,-0.004080313806947844
2019-06-25,calm,catchup,0.08529515096126805,,7,0.0,-0.014093079608547665
2019-06-26,calm,catchup,0.09172408440887247,,7,0.0,-0.01989887803989887
2019-06-27,calm,catchup,0.07593912919310175,,7,0.0,-0.005519949067709473
2019-06-28,calm,catchup,0.07,0.0006666666666666666,6,1.1039083503940277,0.008585624396397984
2019-07-01,calm,normal,0.06828698334920147,,6,0.0,0.0016035172921682328
2019-07-02,calm,catchup,0.05782143155340291,,6,0.0,0.011512877394356691
2019-07-03,calm,catchup,0.0437282250983313,,6,0.0,0.025171087903839817
2019-07-05,calm,catchup,0.07,0.0006666666666666666,5,1.4984237155666291,0.02180834840821899
2019-07-08,calm,normal,0.06959596456123185,,5,0.0,0.0003777458518496868
2019-07-09,calm,catchup,0.06743568318133408,,5,0.0,0.0024023150612910715
2019-07-10,calm,catchup,0.06368635216353913,,5,0.0,0.005935629261030639
2019-07-11,calm,catchup,0.06369952913494781,,5,0.0,0.005923167861300094
2019-07-12,calm,catchup,0.07,0.002,6,1.1657257796256844,0.012088549697600426
2019-07-15,calm,normal,0.07031814970080497,,6,0.0,-0.0002972477864584544
2019-07-16,calm,catchup,0.073085452504843,,6,0.0,-0.002875309228767109
2019-07-17,calm,catchup,0.07304470749124681,,6,0.0,-0.0028374470047619615
2019-07-18,calm,catchup,0.06917773589360543,,6,0.0,0.0007690621295133315
2019-07-19,calm,catchup,0.07,0.005,5,1.6292007062386367,-0.004857031572982118
2019-07-22,calm,normal,0.07006577680236536,,5,0.0,-6.146986829336232e-05
2019-07-23,calm,catchup,0.06618047691075124,,5,0.0,0.003582435780774995
2019-07-24,calm,catchup,0.07451415116444293,,5,0.0,-0.004201109086884536
2019-07-25,calm,catchup,0.07632253446264325,,5,0.0,-0.005874200585979317
2019-07-26,calm,catchup,0.07,0.003,7,2.876657896865158,0.008041782606281744
2019-07-29,calm,normal,0.05848220436766516,,7,0.0,0.010881425861302585
2019-07-30,calm,catchup,0.06448221801151943,,7,0.0,0.005183536084602647
2019-07-31,calm,catchup,0.0681370561188821,,7,0.0,0.0017441056561477986
2019-08-01,calm,catchup,0.07683861939932557,,7,0.0,-0.006350644633399294
2019-08-02,calm,catchup,0.07,0.07166666666666667,5,4.313840398228162,-0.008249597519331187
2019-08-05,choppy,normal,0.1243920925101385,,5,0.0,-0.04837466651754141
2019-08-06,choppy,catchup,0.09686099342354781,,5,0.0,-0.024488967685603158
2019-08-07,calm,catchup,0.05242150995426398,,5,0.0,0.01670289886653875
2019-08-08,calm,catchup,0.031550300273460063,,5,0.0,0.03727370319832879
2019-08-09,calm,catchup,0.07,0.037,6,2.4953675026254625,0.020524297902827726
2019-08-12,choppy,normal,0.08847450414611835,,6,0.0,-0.016972840499016706
2019-08-13,calm,catchup,0.0460606642131558,,6,0.0,0.02288522702920992
2019-08-14,choppy,catchup,0.10127189892214394,,6,0.0,-0.028396165336417645
2019-08-15,choppy,catchup,0.12568532170143532,,6,0.0,-0.049467929116521425
2019-08-16,calm,catchup,0.07,0.05,5,1.1978813024595636,-0.029236154223239108
2019-08-19,calm,normal,0.0550298001983085,,5,0.0,0.014189362043496523
2019-08-20,calm,catchup,0.06200545374554789,,5,0.0,0.007527782674049854
2019-08-21,calm,catchup,0.05343192059086177,,5,0.0,0.015727717268948282
2019-08-22,calm,catchup,0.05194203675608389,,5,0.0,0.017166310132069817
2019-08-23,calm,catchup,0.07,0.006333333333333333,7,1.5821698056174416,-0.0157755852692677
2019-08-26,calm,normal,0.06483690634607586,,7,0.0,0.0048487177925125025
2019-08-27,choppy,catchup,0.0631798450814447,,7,0.0,0.006414864756990379
2019-08-28,calm,catchup,0.056194426922859586,,7,0.0,0.013071052758119484
2019-08-29,calm,catchup,0.04655145344042655,,7,0.0,0.022405536280599492
2019-08-30,calm,catchup,0.07,0.04133333333333333,7,2.8956892357945923,0.02604917706460963
2019-09-03,calm,catchup,0.08527721227406615,,7,0.0,-0.014076783425733708
2019-09-04,calm,catchup,0.04817028196417783,,7,0.0,0.02082649967418959
2019-09-05,calm,catchup,0.05364478910336268,,7,0.0,0.015522509166068676
2019-09-06,calm,catchup,0.07,0.04566666666666667,5,2.790223557050266,0.008607980305779472
2019-09-09,calm,bank,-0.013622382275240486,,5,0.0,0.08477725038827333
2019-09-10,calm,bank,-0.02065012648353126,,5,0.0,0.0925615338653607
2019-09-11,calm,normal,0.013311253563345948,,5,0.0,0.05594406085722037
2019-09-12,calm,normal,0.02415583268283683,,5,0.0,0.044762882614330035
2019-09-13,calm,catchup,0.07,0.021666666666666667,8,2.3619175199167555,0.0422732969303945
2019-09-16,calm,normal,0.07872139234228559,,8,0.0,-0.0080849350019363
2019-09-17,calm,catchup,0.06600089222787853,,8,0.0,0.0037515050890470913
2019-09-18,calm,catchup,0.07388681311709022,,8,0.0,-0.003619388067358953
2019-09-19,calm,catchup,0.06356537431819609,,8,0.0,0.006050051870040374
2019-09-20,calm,catchup,0.07,0.019333333333333334,6,3.2482985204690276,0.004715359390098817
2019-09-23,calm,normal,0.07184067374501568,,6,0.0,-0.0017173016382968642
2019-09-24,calm,catchup,0.0944818177155724,,6,0.0,-0.022368409707044234
2019-09-25,calm,catchup,0.0844170414446963,,6,0.0,-0.013294738918423366
2019-09-26,calm,catchup,0.09506218657516774,,6,0.0,-0.02288654186256789
2019-09-27,calm,catchup,0.07,0.019333333333333334,6,2.6068426630930936,-0.03688658746102058
2019-09-30,calm,normal,0.06950966285319837,,6,0.0,0.00045846911330715834
2019-10-01,calm,catchup,0.08192113523320654,,6,0.0,-0.011018488173481167
2019-10-02,choppy,catchup,0.10020182037730141,,6,0.0,-0.027451163793697386
2019-10-03,calm,catchup,0.08294847221717694,,6,0.0,-0.011956683581321959
2019-10-04,calm,catchup,0.07,0.011,8,1.526037828409253,-0.004300068827568171
2019-10-07,calm,normal,0.07207675343623943,,8,0.0,-0.0019371313010778657
2019-10-08,choppy,catchup,0.08904043910949855,,8,0.0,-0.017483684191808013
2019-10-09,calm,catchup,0.07547103046164105,,8,0.0,-0.005087101657487381
2019-10-10,calm,catchup,0.07408736481951728,,8,0.0,-0.0038054305016463896
2019-10-11,calm,catchup,0.07,0.017,8,1.8299413535164044,-0.0011796670602872705
2019-10-14,calm,normal,0.07795974650668525,,8,0.0,-0.007384085103808502
2019-10-15,calm,catchup,0.06734334247543172,,8,0.0,0.00248903742483364
2019-10-16,calm,catchup,0.07459349058180909,,8,0.0,-0.004274630939111734
2019-10-17,calm,catchup,0.06721285288902967,,8,0.0,0.002611613141113578
2019-10-18,calm,catchup,0.07,0.043,6,1.3635098075960044,-0.004468656597510501
2019-10-21,calm,normal,0.05972926230232578,,6,0.0,0.009691850610372477
2019-10-22,calm,catchup,0.07545450362876394,,6,0.0,-0.005071812531687203
2019-10-23,calm,catchup,0.09355374188493037,,6,0.0,-0.021538714543952175
2019-10-24,calm,catchup,0.08275018553290803,,6,0.0,-0.01177574079715582
2019-10-25,calm,catchup,0.07,0.025333333333333333,8,1.450051906839066,0.00247379237023293
2019-10-28,calm,normal,0.057505574136944126,,8,0.0,0.011814997640322566
2019-10-29,calm,catchup,0.06099744813475838,,8,0.0,0.008484989177936608
2019-10-30,calm,catchup,0.06825663707699436,,8,0.0,0.0016319701301139578
2019-10-31,calm,catchup,0.07265222249800374,,8,0.0,-0.002472583790324112
2019-11-01,calm,catchup,0.07,0.022,7,1.541931606791618,0.010793697659752688
2019-11-04,calm,normal,0.06234271021269744,,7,0.0,0.0072079280195460615
2019-11-05,calm,catchup,0.06436454447495588,,7,0.0,0.005294666713859808
2019-11-06,calm,catchup,0.07031254729969261,,7,0.0,-0.000292014982428368
2019-11-07,calm,catchup,0.07066109868737014,,7,0.0,-0.0006174677385595295
2019-11-08,calm,catchup,0.07,0.014666666666666666,7,2.075346732625942,0.0056861226240869644
2019-11-11,calm,normal,0.06665696536559307,,7,0.0,0.003134123474514805
2019-11-12,calm,catchup,0.05899532095695448,,7,0.0,0.010391621969680909
2019-11-13,calm,catchup,0.06006015519535324,,7,0.0,0.009376679951540234
2019-11-14,calm,catchup,0.04260351443499455,,7,0.0,0.026276993301573626
2019-11-15,calm,catchup,0.07,0.008,8,1.7910817079488182,0.029502887744496276
2019-11-18,calm,normal,0.08074186652157112,,8,0.0,-0.009939345235272845
2019-11-19,calm,catchup,0.08247556004919065,,8,0.0,-0.011525026993333465
2019-11-20,calm,catchup,0.08489056136218687,,8,0.0,-0.013725404102963301
2019-11-21,calm,catchup,0.08113662842554592,,8,0.0,-0.010300852022527507
2019-11-22,calm,catchup,0.07,0.011333333333333334,7,2.2589839475563753,0.0005832778182806031
2019-11-25,calm,normal,0.06354882575470855,,7,0.0,0.006065705766459484
2019-11-26,calm,catchup,0.0597371020162234,,7,0.0,0.00968438112079939
2019-11-27,calm,catchup,0.05839993326533932,,7,0.0,0.01096000327482316
2019-11-29,calm,catchup,0.07,0.006666666666666667,10,1.544782985686778,-0.0033055454227967074
2019-12-02,calm,normal,0.0719672281646111,,10,0.0,-0.0018351570019349284
2019-12-03,calm,catchup,0.0771191210153479,,10,0.0,-0.006609409188314319
2019-12-04,calm,catchup,0.07657551037245547,,10,0.0,-0.006107802294500031
2019-12-05,calm,catchup,0.07031808299721809,,10,0.0,-0.0002971854837089394
2019-12-06,calm,catchup,0.07,0.0006666666666666666,5,2.385753622198148,0.004027073322775854
2019-12-09,calm,normal,0.08167405449602438,,5,0.0,-0.010792580673910646
2019-12-10,calm,catchup,0.09209636823894263,,5,0.0,-0.020232983902852886
2019-12-11,calm,catchup,0.08936435770087936,,5,0.0,-0.017775831900492922
2019-12-12,calm,catchup,0.08231718026485413,,5,0.0,-0.011380379512999972
2019-12-13,calm,catchup,0.07,0.005,8,1.3755662826688395,-0.011657461180060502
2019-12-16,calm,normal,0.064363208978087,,8,0.0,0.005295928095189417
2019-12-17,calm,catchup,0.06234865859331529,,8,0.0,0.007202288386955802
2019-12-18,calm,catchup,0.06834269836964246,,8,0.0,0.0015512827792867334
2019-12-19,calm,catchup,0.06719278872650847,,8,0.0,0.002630463120765203
2019-12-20,calm,catchup,0.07,0.002,6,2.0963617251704934,0.011653245596968898
2019-12-23,calm,normal,0.07178245083073831,,6,0.0,-0.0016630714837293503
2019-12-24,calm,catchup,0.07066783518423381,,6,0.0,-0.0006237557179616937
2019-12-26,calm,catchup,0.07163026729193755,,6,0.0,-0.0015212964225593817
2019-12-27,calm,catchup,0.07,0.0003333333333333333,5,2.8221189003213873,-0.00246240872031267
2019-12-30,calm,normal,0.07216380683837031,,5,0.0,-0.002018168142376431
2019-12-31,calm,catchup,0.0755098599306343,,5,0.0,-0.005123021309158093
2020-01-02,calm,catchup,0.06923554287199929,,5,0.0,0.0007149567119208999
2020-01-03,calm,catchup,0.07,0.0003333333333333333,5,2.585907418669346,0.0009783558950515747
2020-01-06,calm,normal,0.07537679052998603,,5,0.0,-0.004999913125646072
2020-01-07,calm,catchup,0.07916800697809179,,5,0.0,-0.008495439930399806
2020-01-08,calm,catchup,0.07505354060894809,,5,0.0,-0.004700733887249453
2020-01-09,calm,catchup,0.07229973505200693,,5,0.0,-0.0021446755760835545
2020-01-10,calm,catchup,0.07,0.001,6,1.4488778291927504,-0.006385428933365023
2020-01-13,calm,normal,0.06221245262057984,,6,0.0,0.007331440485571106
2020-01-14,calm,catchup,0.06574076223601288,,6,0.0,0.0039965045111447495
2020-01-15,calm,catchup,0.05691697599941503,,6,0.0,0.01237847844028983
2020-01-16,calm,catchup,0.056213930433369974,,6,0.0,0.013052345902097251
2020-01-17,calm,catchup,0.07,0.0003333333333333333,6,1.2887895804556246,0.018881606583923904
2020-01-21,calm,catchup,0.07722683783737039,,6,0.0,-0.00670874284183165
2020-01-22,calm,catchup,0.06662499939597932,,6,0.0,0.0031641866691030085
2020-01-23,calm,catchup,0.059756157250126396,,6,0.0,0.009666226216089813
2020-01-24,calm,catchup,0.07,0.008333333333333333,6,2.7238094563051236,0.0033182803917293224
2020-01-27,calm,normal,0.09090791502066953,,6,0.0,-0.019165609427513774
2020-01-28,calm,catchup,0.08020084592872001,,6,0.0,-0.009443471523992053
2020-01-29,calm,catchup,0.06524374138328537,,6,0.0,0.004464948660987567
2020-01-30,calm,catchup,0.08046501433855924,,6,0.0,-0.009685657748914389
2020-01-31,calm,catchup,0.07,0.008,7,1.593076388268633,-0.0393532681289982
2020-02-03,calm,normal,0.058618809717057685,,7,0.0,0.01075098059705204
2020-02-04,calm,catchup,0.04093761179275823,,7,0.0,0.0279194332859094
2020-02-05,calm,catchup,0.03849766517221909,,7,0.0,0.030334526387747696
2020-02-06,calm,normal,0.024236622032746347,,7,0.0,0.04468047420178123
2020-02-07,calm,catchup,0.07,0.06166666666666667,5,1.6329311611947963,0.036174798356465976
2020-02-10,calm,normal,0.04234024372899392,,5,0.0,0.02653620680714841
2020-02-11,calm,catchup,0.04757249229046856,,5,0.0,0.021409026940460096
2020-02-12,calm,normal,0.024982634478596832,,5,0.0,0.043920125090024964
2020-02-13,calm,catchup,0.03107513391445038,,5,0.0,0.03775172614024003
2020-02-14,calm,catchup,0.07,0.005333333333333333,6,2.2660895911487238,0.0604613479030216
2020-02-18,calm,catchup,0.061972072845894566,,6,0.0,0.007559452229842556
2020-02-19,calm,catchup,0.050081663432500534,,6,0.0,0.018968369090829107
2020-02-20,calm,catchup,0.058347255120609676,,6,0.0,0.011010322767891934
2020-02-21,calm,catchup,0.07,0.015333333333333332,7,0.8582903789316781,-0.003352295695394303
2020-02-24,choppy,normal,0.11606941212208643,,7,0.0,-0.04127826784042976
2020-02-25,choppy,catchup,0.15492955354061988,,7,0.0,-0.07353656617432192
2020-02-26,choppy,catchup,0.14844218397115916,,7,0.0,-0.06830311970944547
2020-02-27,stress,brake,0.1958195807608949,0.0,1,0.5181004266632,-0.10521619045645358
2020-02-28,stress,catchup,0.07,0.0023333333333333335,5,0.42134310518387125,-0.10714473565427363
2020-03-02,stress,normal,0.04816652645114172,,5,0.0,0.02083015722967385
2020-03-03,stress,catchup,0.0630095354664022,,5,0.0,0.006576107081232019
2020-03-04,stress,catchup,0.04867518346300348,,5,0.0,0.020335006371159148
2020-03-05,stress,catchup,0.07418519420907255,,5,0.0,-0.0038961570422260117
2020-03-06,stress,catchup,0.07,0.028333333333333332,2,0.683651780763572,-0.01964880963603821
2020-03-09,stress,brake,0.19030864497279087,0.0,1,0.1419573973510141,-0.10107348668003746
2020-03-10,stress,brake,0.1856897756419451,0.0,1,0.29099328779522965,-0.09757170721937725
2020-03-11,stress,brake,0.1935355184021461,0.0003333333333333333,2,0.2326865354060631,-0.10350384760022058
2020-03-12,stress,brake,0.214136640519899,0.0,1,0.15727672009678273,-0.1187153370630335
2020-03-13,stress,catchup,0.07,0.123,4,0.3318806463982744,-0.10483277041677408
2020-03-16,stress,normal,0.13924302942461275,,4,0.0,-0.06077985788474349
2020-03-17,stress,catchup,0.10944063450000763,,4,0.0,-0.03555001797620494
2020-03-18,stress,brake,0.21005777187273522,0.0003333333333333333,2,0.3504485201044566,-0.11574469841714752
2020-03-19,stress,brake,0.19634560635343212,0.008,1,0.24600607730008595,-0.1056096212352422
2020-03-20,stress,catchup,0.07,0.24633333333333332,6,0.6984086963471542,-0.09849439421030826
2020-03-23,stress,normal,0.10027532280217,,6,0.0,-0.02751613362105143
2020-03-24,stress,catchup,0.035930611847503124,,6,0.0,0.032887712519409806
2020-03-25,stress,bank,-0.03250937526121922,,6,0.0,0.10595386936064255
2020-03-26,stress,bank,-0.053226776049547064,,6,0.0,0.1301544793750904
2020-03-27,stress,catchup,0.07,0.22233333333333333,6,1.004822693165228,0.11653380868141827
2020-03-30,stress,normal,0.08616947329267943,,6,0.0,-0.014886694655174004
2020-03-31,stress,catchup,0.07286101166273484,,6,0.0,-0.002666712306285346
2020-04-01,stress,catchup,0.10494070510339881,,6,0.0,-0.03162224447159734
2020-04-02,stress,catchup,0.08200573124033395,,6,0.0,-0.011095811134541167
2020-04-03,stress,catchup,0.07,0.24666666666666667,4,0.4922977183210069,-0.020854322079994714
2020-04-06,stress,normal,0.007603383008406128,,4,0.0,0.061925771631786475
2020-04-07,stress,bank,-0.0049812915969236204,,4,0.0,0.07535666511965644
2020-04-08,stress,bank,-0.025732782398395604,,4,0.0,0.09826131955262252
2020-04-09,stress,catchup,0.07,0.19266666666666668,3,1.2702694414409197,0.12995460916448298
2020-04-13,stress,normal,0.09934768838983943,,3,0.0,-0.02669554745944247
2020-04-14,stress,catchup,0.10688327655936014,,3,0.0,-0.033321739826089214
2020-04-15,stress,catchup,0.12113342363218926,,3,0.0,-0.04560868720382072
2020-04-16,stress,catchup,0.14254569439307785,,3,0.0,-0.0634947860283297
2020-04-17,stress,catchup,0.07,0.16366666666666665,2,2.0736702400765363,-0.0365409692118035
2020-04-20,stress,normal,0.08802212427066314,,2,0.0,-0.01656411562654936
2020-04-21,stress,catchup,0.09702941414852972,,2,0.0,-0.024638732380306116
2020-04-22,stress,catchup,0.0888077017003781,,2,0.0,-0.017273667031383333
2020-04-23,stress,catchup,0.07777924555505722,,2,0.0,-0.007217846870906208
2020-04-24,stress,catchup,0.07,0.077,2,2.1068540590473623,0.0029220435656540644
2020-04-27,stress,normal,0.04820965887775053,,2,0.0,0.020788151432967084
2020-04-28,stress,catchup,0.04301591295366869,,2,0.0,0.025871213191672515
2020-04-29,stress,normal,0.016494557018072786,,2,0.0,0.05263721543073241
2020-04-30,stress,catchup,0.029504605539877993,,2,0.0,0.039334835650284505
2020-05-01,stress,catchup,0.07,0.029666666666666668,2,0.9610664299979229,0.02286852270058426
2020-05-04,stress,normal,0.06069613165914811,,2,0.0,0.008771473811541863
2020-05-05,stress,catchup,0.04645549808162919,,2,0.0,0.022499286363856674
2020-05-06,stress,catchup,0.060895796672715274,,2,0.0,0.008581618812929959
2020-05-07,stress,catchup,0.055226950627904614,,2,0.0,0.013999878759071605
2020-05-08,choppy,catchup,0.07,0.138,8,0.22930864832178505,0.01571637325215125
2020-05-11,choppy,normal,0.07156902771975604,,8,0.0,-0.0014642339216306421
2020-05-12,stress,catchup,0.0769362971726395,,8,0.0,-0.006440768308069611
2020-05-13,stress,catchup,0.0813311164177819,,8,0.0,-0.010478859107762806
2020-05-14,stress,catchup,0.05276735126214893,,8,0.0,0.016368904979045196
2020-05-15,stress,catchup,0.07,0.019333333333333334,2,0.2868303100831115,0.030196834067456324
2020-05-18,choppy,normal,0.07522005315807578,,2,0.0,-0.004854869608080348
2020-05-19,stress,catchup,0.07386447172460486,,2,0.0,-0.003598658700756263
2020-05-20,choppy,catchup,0.0780067002769933,,2,0.0,-0.007427319584317971
2020-05-21,choppy,catchup,0.09437478180322278,,2,0.0,-0.02227279192513909
2020-05-22,choppy,catchup,0.07,0.13633333333333333,8,0.5717652424576826,-0.02197081411412194
2020-05-26,choppy,catchup,0.0712931662967109,,8,0.0,-0.0012071077622768378
2020-05-27,choppy,catchup,0.05511373769361372,,8,0.0,0.014108680206293522
2020-05-28,choppy,catchup,0.047343484561118254,,8,0.0,0.02163236395018564
2020-05-29,choppy,catchup,0.07,0.114,8,0.9450458190972889,0.03273110435935034
2020-06-01,choppy,normal,0.07243817607986647,,8,0.0,-0.002273488704755744
2020-06-02,choppy,catchup,0.06552139407451874,,8,0.0,0.004203206008239091
2020-06-03,choppy,catchup,0.06024177829137578,,8,0.0,0.00920377022338248
2020-06-04,choppy,catchup,0.0776270261315053,,8,0.0,-0.007077612148319035
2020-06-05,choppy,catchup,0.07,0.13633333333333333,6,2.0462375939112554,-0.001028766331371167
2020-06-08,choppy,normal,0.06696692961680806,,6,0.0,0.0028427032731757063
2020-06-09,choppy,catchup,0.06758160358688814,,6,0.0,0.0022653035655415543
2020-06-10,choppy,catchup,0.0746831801845973,,6,0.0,-0.004357730976856655
2020-06-11,stress,catchup,0.12664321041348203,,6,0.0,-0.050276085534384674
2020-06-12,stress,catchup,0.07,0.047,2,0.4580365976380504,-0.03423858759894005
2020-06-15,stress,normal,0.04489406828338005,,2,0.0,0.024027250683761325
2020-06-16,stress,catchup,0.03791477648483066,,2,0.0,0.03091315803772865
2020-06-17,stress,normal,0.025955809218672687,,2,0.0,0.04292991022183479
2020-06-18,stress,normal,0.010755759757789862,,2,0.0,0.05861380424525797
2020-06-19,stress,catchup,0.07,0.06266666666666666,3,1.9705826609068047,0.06224738841859101
2020-06-22,stress,normal,0.06221107885839139,,3,0.0,0.007332743271685427
2020-06-23,stress,catchup,0.06077449514998423,,3,0.0,0.008696951983853562
2020-06-24,stress,catchup,0.07079001199512924,,3,0.0,-0.0007377842399344248
2020-06-25,stress,catchup,0.0753539288846139,,3,0.0,-0.004978759774623365
2020-06-26,stress,catchup,0.07,0.034333333333333334,2,1.8018509372684228,-0.011812981800873756
2020-06-29,stress,normal,0.04670404035349485,,2,0.0,0.022256491566267078
2020-06-30,stress,catchup,0.03999769295403355,,2,0.0,0.028848436154456536
2020-07-01,choppy,catchup,0.043210906862071186,,2,0.0,0.025679460367711515
2020-07-02,choppy,catchup,0.07,0.14966666666666667,4,2.817921653514934,0.025541928134213077
2020-07-06,choppy,normal,0.05319711469254873,,4,0.0,0.015954169521587014
2020-07-07,choppy,catchup,0.07960468108217889,,4,0.0,-0.008896479656378742
2020-07-08,choppy,catchup,0.06815474926665188,,4,0.0,0.0017275125487341558
2020-07-09,choppy,catchup,0.11587649956864277,,4,0.0,-0.0411125241784166
2020-07-10,choppy,catchup,0.07,0.15466666666666667,9,2.6006728849420013,-0.02184843785108348
2020-07-13,stress,normal,0.07394872016456588,,9,0.0,-0.0036768237537083692
2020-07-14,choppy,catchup,0.03481196904145123,,9,0.0,0.034004275183580956
2020-07-15,choppy,normal,0.0040419752526728026,,9,0.0,0.06569249729895854
2020-07-16,choppy,normal,0.0025781539312175195,,9,0.0,0.06724846916363991
2020-07-17,choppy,catchup,0.07,0.12833333333333333,9,3.23409552675744,0.06586270911506231
2020-07-20,choppy,normal,0.047588933800712496,,9,0.0,0.02139299631390612
2020-07-21,choppy,catchup,0.049099074425676514,,9,0.0,0.01992273759822516
2020-07-22,choppy,catchup,0.04194917377936469,,9,0.0,0.026921491879387194
2020-07-23,choppy,catchup,0.05680642123498014,,9,0.0,0.012484385503261697
2020-07-24,choppy,catchup,0.07,0.13066666666666665,6,0.8033086424407445,0.008311566187721997
2020-07-27,choppy,normal,0.057310007937683816,,6,0.0,0.012002148818271774
2020-07-28,choppy,catchup,0.0678744908760267,,6,0.0,0.001990410991304481
2020-07-29,choppy,catchup,0.05037864266041825,,6,0.0,0.01868027065924016
2020-07-30,choppy,catchup,0.054671895269991166,,6,0.0,0.014533529146602442
2020-07-31,choppy,catchup,0.07,0.14133333333333334,6,1.382015516669082,0.0013998979598746075
2020-08-03,choppy,normal,0.06491594720803273,,6,0.0,0.004774135278278635
2020-08-04,choppy,catchup,0.062120937502645246,,6,0.0,0.007418234797141654
2020-08-05,choppy,catchup,0.052786350363021484,,6,0.0,0.01635056308532401
2020-08-06,choppy,catchup,0.049128700495974176,,6,0.0,0.019893936267455947
2020-08-07,choppy,catchup,0.07,0.13666666666666666,8,1.8893130609848041,0.02027631914105643
2020-08-10,choppy,normal,0.07527299882567307,,8,0.0,-0.004903869837177943
2020-08-11,choppy,catchup,0.08082356970629223,,8,0.0,-0.010014187337932912
2020-08-12,choppy,catchup,0.0679023290169618,,8,0.0,0.001964291046138378
2020-08-13,choppy,catchup,0.07009635093404465,,8,0.0,-9.003949407038192e-05
2020-08-14,choppy,catchup,0.07,0.15633333333333332,7,1.676199165414984,-0.0036509138334389624
2020-08-17,choppy,normal,0.0605955401831042,,7,0.0,0.008867150068604168
2020-08-18,choppy,catchup,0.07068904850673552,,7,0.0,-0.000643556135832668
2020-08-19,choppy,catchup,0.07583739642440324,,7,0.0,-0.0054259095694239035
2020-08-20,choppy,catchup,0.07874541461562878,,7,0.0,-0.008107023675039016
2020-08-21,choppy,catchup,0.07,0.13833333333333334,6,2.6862604065139886,-0.003990243642772562
2020-08-24,choppy,normal,0.06278056802993026,,6,0.0,0.006792965723350086
2020-08-25,choppy,catchup,0.06564794975982013,,6,0.0,0.004083947462349746
2020-08-26,choppy,catchup,0.05937279930846184,,6,0.0,0.010031596713145241
2020-08-27,choppy,catchup,0.06836472185504516,,6,0.0,0.0015306365995644278
2020-08-28,choppy,catchup,0.07,0.13666666666666666,10,2.3046317732262445,-0.009908859526853497
2020-08-31,choppy,normal,0.07580385041938809,,10,0.0,-0.005394896492632473
2020-09-01,choppy,catchup,0.06197631846293139,,10,0.0,0.007555424163018909
2020-09-02,choppy,catchup,0.04927151852368983,,10,0.0,0.01975511686953535
2020-09-03,stress,catchup,0.08307356435266411,,10,0.0,-0.012070799974217672
2020-09-04,stress,catchup,0.07,0.03166666666666667,2,1.0411205914749935,-0.014017414806194783
2020-09-08,stress,catchup,0.08304316010684665,,2,0.0,-0.012043065860422142
2020-09-09,choppy,catchup,0.0650074555067075,,2,0.0,0.004687802388122497
2020-09-10,choppy,catchup,0.05114990170731781,,2,0.0,0.01793283551857372
2020-09-11,choppy,catchup,0.07,0.13666666666666666,6,1.2369963206187826,0.0078087579711161315
2020-09-14,choppy,normal,0.03331666721068083,,6,0.0,0.03550057204471657
2020-09-15,choppy,normal,0.02230374049829531,,6,0.0,0.04665566368607488
2020-09-16,choppy,catchup,0.038276313045025434,,6,0.0,0.03055418539014565
2020-09-17,choppy,catchup,0.03800913870306921,,6,0.0,0.030819440893267602
2020-09-18,choppy,catchup,0.07,0.162,6,3.1157597159845043,0.03868597676836982
2020-09-21,choppy,normal,0.08604438664996672,,6,0.0,-0.014773232887338561
2020-09-22,choppy,normal,0.012606167589709116,,6,0.0,0.05667932336112913
2020-09-23,choppy,catchup,0.04646435762576728,,6,0.0,0.022490629712062837
2020-09-24,choppy,catchup,0.0552941659323527,,6,0.0,0.013935293629387946
2020-09-25,choppy,catchup,0.07,0.146,6,2.8214611510643754,0.017178249613559293
2020-09-28,choppy,normal,0.03474463534785688,,6,0.0,0.03407156069989292
2020-09-29,choppy,catchup,0.049544260411657604,,6,0.0,0.019490116196070773
2020-09-30,choppy,catchup,0.044322526693252096,,6,0.0,0.02458768498277375
2020-10-01,choppy,normal,0.01685833860906305,,6,0.0,0.05226063392825031
2020-10-02,choppy,catchup,0.07,0.159,7,2.1415632501138377,0.06178660001097103
2020-10-05,choppy,normal,0.045156347177580214,,7,0.0,0.023770274073835473
2020-10-06,choppy,catchup,0.07246708558973092,,7,0.0,-0.0023003835016290886
2020-10-07,choppy,catchup,0.05708856915158189,,7,0.0,0.012214142906474601
2020-10-08,choppy,catchup,0.046215665444024,,7,0.0,0.022733682300466906
2020-10-09,choppy,catchup,0.07,0.15933333333333333,6,1.4355750019666778,0.020519001285972394
2020-10-12,choppy,normal,0.06073048604314746,,6,0.0,0.008738802248845268
2020-10-13,choppy,catchup,0.06501272002309477,,6,0.0,0.004682836066781659
2020-10-14,choppy,catchup,0.07785960167446371,,6,0.0,-0.0072918603334364285
2020-10-15,choppy,catchup,0.0637925967880748,,6,0.0,0.005835163010785571
2020-10-16,choppy,catchup,0.07,0.13466666666666666,10,2.9626426064266296,-0.00016685303695607168
2020-10-19,choppy,normal,0.085226580445797,,10,0.0,-0.014030784649176176
2020-10-20,choppy,catchup,0.08318943382298638,,10,0.0,-0.012176479396069917
2020-10-21,choppy,catchup,0.07871084935635442,,10,0.0,-0.00807524033113416
2020-10-22,choppy,catchup,0.06970191790508462,,10,0.0,0.0002786590263381683
2020-10-23,choppy,catchup,0.07,0.12666666666666668,7,1.9924004776058049,0.0031837711369930854
2020-10-26,stress,normal,0.09156756975813374,,7,0.0,-0.01975834602974924
2020-10-27,stress,catchup,0.09164787413411646,,7,0.0,-0.019830455082677
2020-10-28,stress,catchup,0.12406943118342095,,7,0.0,-0.04810150483898179
2020-10-29,stress,catchup,0.12306045997723714,,7,0.0,-0.04724630762827553
2020-10-30,stress,catchup,0.07,0.034,2,0.8116065288444289,-0.05503669522625598
2020-11-02,stress,normal,0.06537063610574045,,2,0.0,0.004345308324980035
2020-11-03,stress,catchup,0.051047268044287275,,2,0.0,0.018032235592009727
2020-11-04,choppy,normal,0.02392190836521979,,2,0.0,0.045001568242980516
2020-11-05,choppy,normal,0.016305445239115146,,2,0.0,0.0528330877418961
2020-11-06,choppy,catchup,0.07,0.13533333333333333,9,0.6994640577595748,0.07297114062663712
2020-11-09,choppy,normal,0.07051139530841977,,9,0.0,-0.00047771122349649087
2020-11-10,choppy,catchup,0.05837733706450776,,9,0.0,0.010981587122536718
2020-11-11,choppy,catchup,0.0509158140851913,,9,0.0,0.018159576303855784
2020-11-12,choppy,catchup,0.06176980385045083,,9,0.0,0.0077513940589597485
2020-11-13,choppy,catchup,0.07,0.164,8,1.184194381196743,0.02298396453579188
2020-11-16,choppy,normal,0.056108012018792675,,8,0.0,0.013153946209206735
2020-11-17,choppy,catchup,0.061915157163123125,,8,0.0,0.007613454598835778
2020-11-18,choppy,catchup,0.06920900863670587,,8,0.0,0.0007397911511264343
2020-11-19,choppy,catchup,0.060391956775787126,,8,0.0,0.00906084128875051
2020-11-20,choppy,catchup,0.07,0.17033333333333334,7,2.293560587315495,0.0022151273249730874
2020-11-23,choppy,normal,0.10666249614193535,,7,0.0,-0.03312888642178502
2020-11-24,choppy,catchup,0.10423168814388406,,7,0.0,-0.031000458066390513
2020-11-25,choppy,catchup,0.08659666540685707,,7,0.0,-0.015273988900603386
2020-11-27,choppy,catchup,0.07,0.14533333333333334,10,2.705318978313477,-0.009542637580530533
2020-11-30,choppy,normal,0.0775613028181874,,10,0.0,-0.00701705118624063
2020-12-01,choppy,catchup,0.07273999815371246,,10,0.0,-0.0025542052672858917
2020-12-02,choppy,catchup,0.0830649858928394,,10,0.0,-0.012062975041215118
2020-12-03,choppy,catchup,0.09252137276399597,,10,0.0,-0.02061412556810549
2020-12-04,choppy,catchup,0.07,0.14966666666666667,8,0.9083458490274676,-0.01432818557505855
2020-12-07,choppy,normal,0.06873121947854144,,8,0.0,0.0011871839227057812
2020-12-08,choppy,catchup,0.06690294244910233,,8,0.0,0.002902848448227413
2020-12-09,choppy,catchup,0.07180088281761754,,8,0.0,-0.0016802400954206709
2020-12-10,choppy,catchup,0.07854459936279135,,8,0.0,-0.00792234217095844
2020-12-11,choppy,catchup,0.07,0.15133333333333332,7,0.5517916960732641,-0.0028088267636996456
2020-12-14,choppy,normal,0.08486911348223813,,7,0.0,-0.013705905438224586
2020-12-15,choppy,catchup,0.08017628517729447,,7,0.0,-0.009420948521957406
2020-12-16,choppy,catchup,0.07714516890802114,,7,0.0,-0.006633431699150316
2020-12-17,choppy,catchup,0.07251292979156987,,7,0.0,-0.0023430298337364652
2020-12-18,choppy,catchup,0.07,0.16466666666666666,5,1.1973386111024573,-0.008571248915001828
2020-12-21,choppy,normal,0.06935311398795396,,5,0.0,0.0006049320879926157
2020-12-22,choppy,catchup,0.07842331768197441,,5,0.0,-0.007810771098755387
2020-12-23,choppy,catchup,0.06185689197361999,,5,0.0,0.007668743394644073
2020-12-24,choppy,catchup,0.07,0.14833333333333334,7,1.8158271845692509,0.010570241765949895
2020-12-28,choppy,normal,0.06703333371037568,,7,0.0,0.0027802939195051835
2020-12-29,choppy,catchup,0.0664474386454299,,7,0.0,0.003331210921264427
2020-12-30,choppy,catchup,0.06357948094689814,,7,0.0,0.006036708274388403
2020-12-31,choppy,catchup,0.07,0.14,8,2.1297390144668764,0.01497378915320735
2021-01-04,choppy,normal,0.08051470759612078,,8,0.0,-0.00973120265943761
2021-01-05,choppy,catchup,0.07891345285999218,,8,0.0,-0.008261508683911734
2021-01-06,choppy,catchup,0.05504403858852425,,8,0.0,0.014175675009248323
2021-01-07,choppy,catchup,0.03728863113904368,,8,0.0,0.031535454914835226
2021-01-08,choppy,catchup,0.07,0.15766666666666668,6,2.4209643275646133,0.03667136503172941
2021-01-11,choppy,normal,0.09109173389907244,,6,0.0,-0.019330852983094338
2021-01-12,choppy,catchup,0.07767326667668284,,6,0.0,-0.007120216223183817
2021-01-13,choppy,catchup,0.06872555740418673,,6,0.0,0.0011924881808842436
2021-01-14,choppy,catchup,0.0327228536769113,,6,0.0,0.03609598276088022
2021-01-15,choppy,catchup,0.07,0.18466666666666667,5,0.6924033874643595,0.004811399597016486
2021-01-19,choppy,catchup,0.045551834945598335,,5,0.0,0.023383025343429065
2021-01-20,choppy,catchup,0.03828522022323422,,5,0.0,0.03054534453446922
2021-01-21,choppy,normal,0.014600503102531137,,5,0.0,0.05460227619448599
2021-01-22,choppy,catchup,0.07,0.19766666666666666,4,1.940431323877686,0.05507047957910882
2021-01-25,choppy,normal,0.08538816832437601,,4,0.0,-0.014177571465637251
2021-01-26,choppy,catchup,0.11772053042276909,,4,0.0,-0.0426945100531696
2021-01-27,stress,catchup,0.1376273367196248,,4,0.0,-0.05944594907030776
2021-01-28,stress,catchup,0.09231461763726334,,4,0.0,-0.020428745781623903
2021-01-29,stress,catchup,0.07,0.14,5,2.404930314660983,-0.04913817205353721
2021-02-01,stress,normal,0.055018032137325035,,5,0.0,0.014200674686406511
2021-02-02,choppy,catchup,0.03664488776308206,,5,0.0,0.03217602539756226
2021-02-03,choppy,catchup,0.04184007017676117,,5,0.0,0.027029033178250783
2021-02-04,choppy,catchup,0.03505302128402432,,5,0.0,0.03376346718221512
2021-02-05,choppy,catchup,0.07,0.17833333333333334,5,2.0849324482202327,0.0310316676898732
2021-02-08,choppy,normal,0.042323605529716035,,5,0.0,0.026552592998427382
2021-02-09,choppy,catchup,0.03191204442368356,,5,0.0,0.036910079480260816
2021-02-10,choppy,normal,0.019796171247370653,,5,0.0,0.04922927754398443
2021-02-11,choppy,bank,-0.00530231644118917,,5,0.0,0.07570372152850902
2021-02-12,calm,catchup,0.07,0.177,4,2.201701787605605,0.08757944089086545
2021-02-16,choppy,catchup,0.09606735747327688,,4,0.0,-0.023782623664086566
2021-02-17,choppy,catchup,0.13176766577942933,,4,0.0,-0.05457627713448665
2021-02-18,choppy,brake,0.17113829055279628,0.0,1,1.1206337194028522,-0.08635896492211637
2021-02-19,choppy,catchup,0.07,0.178,7,0.8375388166992663,-0.07589635038605524
2021-02-22,choppy,normal,0.09224887630211942,,7,0.0,-0.020369786396525758
2021-02-23,choppy,catchup,0.09977957583176145,,7,0.0,-0.02707776766015968
2021-02-24,choppy,catchup,0.08259107990707348,,7,0.0,-0.011630504020182952
2021-02-25,choppy,catchup,0.11095913986039174,,7,0.0,-0.036868268499540724
2021-02-26,choppy,catchup,0.07,0.21,8,2.169387199396532,-0.030546211508933996
2021-03-01,choppy,normal,0.024437955921188914,,8,0.0,0.04447516202954538
2021-03-02,choppy,catchup,0.07003567452764359,,8,0.0,-3.333956847673125e-05
2021-03-03,choppy,catchup,0.14270367017871655,,8,0.0,-0.06362425541815742
2021-03-04,choppy,brake,0.218606461288531,0.0016666666666666668,3,1.4832990712620873,-0.1219478691516187
2021-03-05,choppy,catchup,0.07,0.20266666666666666,6,0.9915937526749913,-0.12749895290760105
2021-03-08,choppy,normal,0.11312939875470862,,6,0.0,-0.038746078221416735
2021-03-09,choppy,catchup,0.08287720208283966,,6,0.0,-0.011891654989200195
2021-03-10,choppy,catchup,0.11539819251915939,,6,0.0,-0.040701332334622364
2021-03-11,choppy,catchup,0.06548141404703056,,6,0.0,0.00424088669534517
2021-03-12,choppy,catchup,0.07,0.209,6,1.3097735725180175,-0.019005779045990434
2021-03-15,choppy,normal,0.04733063588005004,,6,0.0,0.021644897364146543
2021-03-16,calm,catchup,0.07551589044551932,,6,0.0,-0.005128599674370626
2021-03-17,calm,catchup,0.06056613437844405,,6,0.0,0.008895122440511383
2021-03-18,choppy,catchup,0.1361511816605312,,6,0.0,-0.058223925414440436
2021-03-19,choppy,catchup,0.07,0.19533333333333333,6,3.027795527263393,-0.013402459604369032
2021-03-22,calm,normal,0.0888849021215925,,6,0.0,-0.01734334095807266
2021-03-23,choppy,catchup,0.1386471201543289,,6,0.0,-0.0602883184256634
2021-03-24,choppy,brake,0.17078389080448875,0.0,1,0.5129153091874179,-0.08608240307716941
2021-03-25,calm,brake,0.16537475996551443,0.0,2,1.6447389528551053,-0.08184042013089143
2021-03-26,calm,catchup,0.07,0.14833333333333334,5,2.29302897251021,-0.07899470427602029
2021-03-29,choppy,normal,0.11840173398979803,,5,0.0,-0.04327759204836801
2021-03-30,calm,catchup,0.08482260119841545,,5,0.0,-0.013663617610879975
2021-03-31,calm,catchup,0.0665075526115364,,5,0.0,0.0032746579055269454
2021-04-01,calm,catchup,0.07,0.17233333333333334,6,1.9421677078076507,0.019496449408689553
2021-04-05,calm,normal,0.08064482100319936,,6,0.0,-0.009850434477923331
2021-04-06,calm,catchup,0.07599820249189038,,6,0.0,-0.005574546944408509
2021-04-07,calm,catchup,0.07060518837661478,,6,0.0,-0.0005652768949611087
2021-04-08,calm,catchup,0.06804591858698661,,6,0.0,0.0018295855814876028
2021-04-09,calm,catchup,0.07,0.154,6,1.0868270836928182,-0.001656240948311516
2021-04-12,calm,normal,0.07865479600435576,,6,0.0,-0.008023693990343861
2021-04-13,calm,catchup,0.03902646082494576,,6,0.0,0.029810154353973273
2021-04-14,calm,catchup,0.03579824471890847,,6,0.0,0.033019707704151635
2021-04-15,calm,catchup,0.0315300395175484,,6,0.0,0.03729407676818042
2021-04-16,calm,catchup,0.07,0.097,6,3.774419481727546,0.01756669911511599
2021-04-19,calm,normal,0.07182595779630074,,6,0.0,-0.001703595423323101
2021-04-20,calm,catchup,0.1222638432948282,,6,0.0,-0.04657001435721919
2021-04-21,calm,catchup,0.10435772753579475,,6,0.0,-0.031111049145695402
2021-04-22,calm,catchup,0.1045832315536801,,6,0.0,-0.031308850764497076
2021-04-23,calm,catchup,0.07,0.105,6,1.855315907603138,-0.01035069998311744
2021-04-26,calm,normal,0.07268391710380429,,6,0.0,-0.00250205774600476
2021-04-27,calm,catchup,0.07146329932099271,,6,0.0,-0.001365701766845362
2021-04-28,calm,catchup,0.06482638761320048,,6,0.0,0.004858644044684279
2021-04-29,calm,catchup,0.044131096532016745,,6,0.0,0.024775532070546058
2021-04-30,calm,catchup,0.07,0.063,6,3.11151041620116,0.005445139851423697
2021-05-03,calm,normal,0.05441829269871312,,6,0.0,0.01477753886591504
2021-05-04,calm,catchup,0.03234620963598034,,6,0.0,0.03647399487938929
2021-05-05,calm,catchup,0.034675660344012815,,6,0.0,0.03414049543239717
2021-05-06,calm,catchup,0.04871218749677131,,6,0.0,0.020299003632294754
2021-05-07,calm,catchup,0.07,0.109,6,2.6041139301627236,0.03699682259516712
2021-05-10,calm,normal,0.14696891206464713,,6,0.0,-0.06710636291448924
2021-05-11,choppy,catchup,0.14797841960883562,,6,0.0,-0.06792672952458989
2021-05-12,choppy,brake,0.2382167771974748,0.0,1,1.6361561093054133,-0.1358540606905757
2021-05-13,choppy,brake,0.22597574831328338,0.0,1,0.0,-0.12722580240912373
2021-05-14,calm,catchup,0.07,0.104,8,2.011661395877761,-0.11990233586767207
2021-05-17,calm,normal,0.06480294277703491,,8,0.0,0.00488076902700052
2021-05-18,choppy,catchup,0.08672851749199961,,8,0.0,-0.015393465086023905
2021-05-19,choppy,catchup,0.12341091551193029,,8,0.0,-0.047543525502946826
2021-05-20,choppy,catchup,0.11668808630133509,,8,0.0,-0.041809424560061426
2021-05-21,choppy,catchup,0.07,0.10866666666666666,5,1.1976989182023312,-0.04631805158096525
2021-05-24,calm,normal,0.07904957877923313,,5,0.0,-0.008386620000789269
2021-05-25,calm,catchup,0.09448167530332086,,5,0.0,-0.022368282499143688
2021-05-26,calm,catchup,0.0678264311970771,,5,0.0,0.002035507587582641
2021-05-27,calm,catchup,0.05623078848886176,,5,0.0,0.013036176999571936
2021-05-28,calm,catchup,0.07,0.088,7,1.8810567592225076,0.013988936825649834
2021-06-01,calm,catchup,0.058081878114183194,,7,0.0,0.011263893780184997
2021-06-02,calm,catchup,0.07209627095336701,,7,0.0,-0.001955301039805679
2021-06-03,calm,catchup,0.07539064913881499,,7,0.0,-0.005012735737596197
2021-06-04,calm,catchup,0.07,0.088,6,1.2242290994279752,-0.0007133171190598642
2021-06-07,calm,normal,0.06941857160299758,,6,0.0,0.0005436864595786961
2021-06-08,calm,catchup,0.04735601629972197,,6,0.0,0.02162013999812462
2021-06-09,calm,catchup,0.05281635229293746,,6,0.0,0.016321600314848972
2021-06-10,calm,catchup,0.06465186262178824,,6,0.0,0.005023367324076933
2021-06-11,calm,catchup,0.07,0.08533333333333333,6,2.492453839828838,0.026752436176045613
2021-06-14,calm,normal,0.10150600084571626,,6,0.0,-0.02860265928785366
2021-06-15,calm,catchup,0.07972879307640057,,6,0.0,-0.009010404407833628
2021-06-16,calm,catchup,0.08130294743831379,,6,0.0,-0.010453081132435038
2021-06-17,calm,catchup,0.12506755058820618,,6,0.0,-0.04894599489552043
2021-06-18,choppy,catchup,0.07,0.076,6,4.359060930476943,-0.04636761006023338
2021-06-21,calm,normal,0.0302916030234619,,6,0.0,0.038540930412332974
2021-06-22,calm,normal,0.028395970345237664,,6,0.0,0.040455263200609215
2021-06-23,calm,normal,0.01889111617537731,,6,0.0,0.05016128123333807
2021-06-24,calm,bank,-0.001174593771979704,,6,0.0,0.07125829331951472
2021-06-25,calm,catchup,0.07,0.071,7,2.4721117084000106,0.08616501273753951
2021-06-28,calm,normal,0.09941851723554951,,7,0.0,-0.026758251543298806
2021-06-29,calm,catchup,0.10901664137521605,,7,0.0,-0.03518129477916043
2021-06-30,calm,catchup,0.10511792374633488,,7,0.0,-0.03177753522201998
2021-07-01,calm,catchup,0.10590510309265166,,7,0.0,-0.03246671255268041
2021-07-02,calm,catchup,0.07,0.06633333333333333,5,2.1549428000816016,-0.033929179953181676
2021-07-06,calm,catchup,0.09132769572325361,,5,0.0,-0.01954288872795351
2021-07-07,calm,catchup,0.11581102566039725,,5,0.0,-0.04105625827929393
2021-07-08,calm,catchup,0.11185451347589259,,5,0.0,-0.03764387603648467
2021-07-09,calm,catchup,0.07,0.04066666666666666,7,2.201107819481772,-0.009004157753134234
2021-07-12,calm,normal,0.08629273202069965,,7,0.0,-0.014998472824532372
2021-07-13,calm,catchup,0.10546987194325341,,7,0.0,-0.03208578799248729
2021-07-14,calm,catchup,0.1386349548402186,,7,0.0,-0.06027827843195788
2021-07-15,calm,catchup,0.16047225598455594,,7,0.0,-0.07796158462039082
2021-07-16,calm,catchup,0.07,0.06433333333333334,6,1.8292708005167835,-0.09064183005574356
2021-07-19,choppy,normal,0.08187843179814536,,6,0.0,-0.010979451525253814
2021-07-20,calm,normal,0.027619755456062878,,6,0.0,0.041241173419372945
2021-07-21,calm,normal,0.0021349049477861204,,6,0.0,0.06772051818287861
2021-07-22,calm,normal,0.010816280390617106,,6,0.0,0.058550421829882016
2021-07-23,calm,catchup,0.07,0.042333333333333334,10,1.369423147551647,0.07374246645698346
2021-07-26,calm,normal,0.05059365294034768,,10,0.0,0.018471791644028013
2021-07-27,calm,catchup,0.05698944404738193,,10,0.0,0.012309068956070757
2021-07-28,calm,catchup,0.04141007172197875,,10,0.0,0.02745309369895721
2021-07-29,calm,catchup,0.03256756043490605,,10,0.0,0.03625180666079397
2021-07-30,calm,catchup,0.07,0.034,8,1.2748409484518564,0.03141580474044914
2021-08-02,calm,normal,0.06912346411629411,,8,0.0,0.0008198640410819191
2021-08-03,calm,catchup,0.06551100057475656,,8,0.0,0.004213001482689549
2021-08-04,calm,catchup,0.06199595749311726,,8,0.0,0.007536791877980953
2021-08-05,calm,catchup,0.0478255633806568,,8,0.0,0.021162335978710756
2021-08-06,calm,catchup,0.07,0.122,7,2.150237669007892,0.010987288530575068
2021-08-09,calm,normal,0.06773686864231876,,7,0.0,0.0021195590637972384
2021-08-10,calm,catchup,0.05705707689689565,,7,0.0,0.012244299183067575
2021-08-11,calm,catchup,0.053187403574919134,,7,0.0,0.015963537322999377
2021-08-12,calm,catchup,0.041688610968215745,,7,0.0,0.027178360916771283
2021-08-13,calm,catchup,0.07,0.088,6,2.530342779203425,0.020742101887349707
2021-08-16,calm,normal,0.09519457428170908,,6,0.0,-0.023004655860565326
2021-08-17,calm,catchup,0.11284105899557106,,6,0.0,-0.03849701504924563
2021-08-18,choppy,catchup,0.10499269737152028,,6,0.0,-0.03166780871471675
2021-08-19,choppy,catchup,0.12190895775389965,,6,0.0,-0.04626842258022712
2021-08-20,calm,catchup,0.07,0.09233333333333334,5,1.9372621565760724,-0.03951376181341426
2021-08-23,calm,normal,0.03592286657593946,,5,0.0,0.03289543509807502
2021-08-24,calm,normal,0.01598075714106484,,5,0.0,0.053169553142860204
2021-08-25,calm,normal,0.012239934865683866,,5,0.0,0.057061634445375375
2021-08-26,calm,normal,0.022037251554716475,,5,0.0,0.046928571705505906
2021-08-27,calm,catchup,0.07,0.08666666666666667,6,1.6369286332551223,0.07956758527917995
2021-08-30,calm,normal,0.07824037724672306,,6,0.0,-0.007642430593968963
2021-08-31,calm,catchup,0.08675881020187348,,6,0.0,-0.01542091036626636
2021-09-01,calm,catchup,0.07615148794776783,,6,0.0,-0.005716191462503684
2021-09-02,calm,catchup,0.07277992067926142,,6,0.0,-0.002591324302100184
2021-09-03,calm,catchup,0.07,0.042666666666666665,6,2.2872404326980904,0.006909701806052659
2021-09-07,calm,catchup,0.07295023896042419,,6,0.0,-0.002749651245040563
2021-09-08,calm,catchup,0.10841404984184844,,6,0.0,-0.03465676914446303
2021-09-09,calm,catchup,0.10093362883518897,,6,0.0,-0.028097632795464067
2021-09-10,choppy,catchup,0.07,0.062,6,2.1282833312379665,-0.033022552325327026
2021-09-13,calm,normal,0.07014796028678871,,6,0.0,-0.0001382615229664763
2021-09-14,calm,catchup,0.08477379121164552,,6,0.0,-0.013619236868862572
2021-09-15,calm,catchup,0.07711055081237483,,6,0.0,-0.0066015051166400385
2021-09-16,calm,catchup,0.06608448102660636,,6,0.0,0.0036728036502540196
2021-09-17,choppy,catchup,0.07,0.049666666666666665,6,2.435853058808861,0.008354361784268738
2021-09-20,choppy,normal,0.09829155858838101,,6,0.0,-0.025759606697463466
2021-09-21,choppy,catchup,0.08509641827061731,,6,0.0,-0.013912513225946554
2021-09-22,choppy,catchup,0.05719922097115515,,6,0.0,0.012108199452782298
2021-09-23,calm,catchup,0.030832940669735187,,6,0.0,0.037995544947193816
2021-09-24,calm,catchup,0.07,0.06333333333333334,5,2.243358321821854,0.03910977926427894
2021-09-27,calm,normal,0.06875820391281695,,5,0.0,0.0011619055485485585
2021-09-28,choppy,catchup,0.11546172205670402,,5,0.0,-0.04075596782727864
2021-09-29,choppy,catchup,0.12831248161208042,,5,0.0,-0.0516811455712749
2021-09-30,choppy,catchup,0.11883097495578121,,5,0.0,-0.04364463985072553
2021-10-01,choppy,catchup,0.07,0.036,7,2.3331997400361466,-0.035239826033216626
2021-10-04,choppy,normal,0.09836445189938159,,7,0.0,-0.025824262475293458
2021-10-05,choppy,catchup,0.08892659257680613,,7,0.0,-0.01738096278098844
2021-10-06,choppy,catchup,0.090829405170193,,7,0.0,-0.019095016206446158
2021-10-07,calm,catchup,0.06622263618377211,,7,0.0,0.003542753350039396
2021-10-08,calm,catchup,0.07,0.07533333333333334,5,2.934126235754952,0.0010551349696819035
2021-10-11,choppy,normal,0.09652650566856957,,5,0.0,-0.02419139485588251
2021-10-12,calm,catchup,0.08578321791008969,,5,0.0,-0.014536251481643836
2021-10-13,calm,catchup,0.066717806175564,,5,0.0,0.003076909193260313
2021-10-14,calm,catchup,0.05449331188377693,,5,0.0,0.014705345156264205
2021-10-15,calm,catchup,0.07,0.07366666666666667,9,3.6354179009288288,0.014390903564035273
2021-10-18,calm,normal,0.06962581378048394,,9,0.0,0.0003498290848027441
2021-10-19,calm,catchup,0.07343136076787515,,9,0.0,-0.0031966280223268972
2021-10-20,calm,catchup,0.05777207661732309,,9,0.0,0.011560073907207924
2021-10-21,calm,catchup,0.05837590314281704,,9,0.0,0.01098295683288475
2021-10-22,calm,catchup,0.07,0.061,6,2.751887840594449,-0.0006186368045698609
2021-10-25,calm,normal,0.03332532410976241,,6,0.0,0.035491896922040356
2021-10-26,calm,catchup,0.039880064304469,,6,0.0,0.02896481693364983
2021-10-27,calm,catchup,0.06071119862321317,,6,0.0,0.008757144629795155
2021-10-28,calm,catchup,0.07164402629861244,,6,0.0,-0.00153411604811593
2021-10-29,calm,catchup,0.07,0.094,6,2.862632502335737,-0.032810539841555464
2021-11-01,calm,normal,0.05288778561359986,,6,0.0,0.016252647832197598
2021-11-02,calm,catchup,0.07448074751676326,,6,0.0,-0.004170151514690801
2021-11-03,calm,catchup,0.10190914707724086,,6,0.0,-0.028958056262513354
2021-11-04,calm,catchup,0.11324009660661827,,6,0.0,-0.03884166294263269
2021-11-05,calm,catchup,0.07,0.067,7,1.9030592843559448,-0.050603913900608144
2021-11-08,calm,normal,0.05649795486849385,,7,0.0,0.012780001200463076
2021-11-09,calm,catchup,0.06206136457532607,,7,0.0,0.0074747426932795236
2021-11-10,calm,catchup,0.10450492536111922,,7,0.0,-0.031240173374362912
2021-11-11,calm,catchup,0.0533721093681665,,7,0.0,0.015785391016102768
2021-11-12,calm,catchup,0.07,0.051666666666666666,6,0.6694041310259824,0.028315526351034848
2021-11-15,calm,normal,0.08269150886716159,,6,0.0,-0.011722183801405106
2021-11-16,calm,catchup,0.07716188511949951,,6,0.0,-0.006648847511629974
2021-11-17,calm,catchup,0.08406949285264798,,6,0.0,-0.012978404931980103
2021-11-18,calm,catchup,0.07537910101510703,,6,0.0,-0.005002050913979428
2021-11-19,calm,catchup,0.07,0.104,6,0.9765098275844868,-0.019688444708332642
2021-11-22,calm,normal,0.12072424782416169,,6,0.0,-0.04526023945911817
2021-11-23,calm,catchup,0.10097188357650055,,6,0.0,-0.02813140284372062
2021-11-24,calm,catchup,0.09813981013252682,,6,0.0,-0.025624979508875878
2021-11-26,choppy,catchup,0.07,0.173,5,1.4973971298677868,-0.051255059095951516
2021-11-29,choppy,normal,0.05286194275495171,,5,0.0,0.01627759210310553
2021-11-30,choppy,catchup,0.1359022714555882,,5,0.0,-0.05801755407279763
2021-12-01,stress,catchup,0.1497049932008494,,5,0.0,-0.06932647389740021
2021-12-02,choppy,catchup,0.12422725351013608,,5,0.0,-0.04823513514800859
2021-12-03,stress,catchup,0.07,0.028,2,0.8386367717105018,-0.09062632288804617
2021-12-06,choppy,normal,0.06841888083108216,,2,0.0,0.0014798682401493402
2021-12-07,choppy,catchup,0.04727227535183687,,2,0.0,0.021701829775382597
2021-12-08,calm,catchup,0.04393150391682621,,2,0.0,0.024971462193989824
2021-12-09,choppy,catchup,0.06136688340711283,,2,0.0,0.008133960770637438
2021-12-10,calm,catchup,0.07,0.073,7,0.979508226407926,0.031473017892648114
2021-12-13,choppy,normal,0.10533534469191497,,7,0.0,-0.031967985880125616
2021-12-14,choppy,catchup,0.1281824683150632,,7,0.0,-0.051571860004134384
2021-12-15,calm,catchup,0.11672064238578228,,7,0.0,-0.04183735897096652
2021-12-16,choppy,catchup,0.14184737348211085,,7,0.0,-0.06292204645793353
2021-12-17,choppy,catchup,0.07,0.09633333333333334,6,1.3237560574857872,-0.054152288829874884
2021-12-20,choppy,normal,0.10957438452242152,,6,0.0,-0.03566627445122117
2021-12-21,choppy,catchup,0.062376854540521665,,6,0.0,0.007175556796910287
2021-12-22,calm,catchup,0.03412054654555008,,6,0.0,0.03469561993938153
2021-12-23,calm,catchup,0.07,0.11033333333333334,6,1.1823486783768467,0.047584353610815366
2021-12-27,calm,normal,0.061546493564323734,,6,0.0,0.007963387837392144
2021-12-28,calm,catchup,0.06674187063937431,,6,0.0,0.0030542809374052293
2021-12-29,calm,catchup,0.06155984751214727,,6,0.0,0.007950708109046412
2021-12-30,calm,catchup,0.05745235863375697,,6,0.0,0.011865916477272531
2021-12-31,calm,catchup,0.07,0.07633333333333334,5,1.2939789214586916,0.005643439184304322
2022-01-03,calm,normal,0.040883632469244535,,5,0.0,0.027972740297283805
2022-01-04,calm,catchup,0.048432987738646016,,5,0.0,0.020570711255348595
2022-01-05,calm,catchup,0.0997764213888992,,5,0.0,-0.027074977067879535
2022-01-06,calm,catchup,0.09633222405641195,,5,0.0,-0.024018471297854505
2022-01-07,calm,catchup,0.07,0.07233333333333333,6,0.5583238535925081,-0.043718704030596856
2022-01-10,calm,normal,0.0794645537564731,,6,0.0,-0.008767822642751
2022-01-11,calm,catchup,0.06649227223518506,,6,0.0,0.003289032519160573
2022-01-12,calm,catchup,0.07437777708415916,,6,0.0,-0.004074709266642107
2022-01-13,choppy,catchup,0.10728665024811557,,6,0.0,-0.03367389125459119
2022-01-14,calm,catchup,0.07,0.058333333333333334,6,1.0544994284003848,-0.04327901848876714
2022-01-18,choppy,catchup,0.10344146653086717,,6,0.0,-0.030306516063787647
2022-01-19,choppy,catchup,0.11430680978563812,,6,0.0,-0.039761768838298184
2022-01-20,choppy,catchup,0.14484796962014812,,6,0.0,-0.06537808652880095
2022-01-21,stress,catchup,0.07,0.0006666666666666666,3,0.8575565096378018,-0.08816171944392892
2022-01-24,choppy,normal,0.07098648576381406,,3,0.0,-0.0009211001043682998
2022-01-25,stress,catchup,0.07906340458123706,,3,0.0,-0.008399325324867535
2022-01-26,stress,catchup,0.07955901461130055,,3,0.0,-0.008854554945050608
2022-01-27,stress,catchup,0.08697160790484038,,3,0.0,-0.015613662566176356
2022-01-28,choppy,catchup,0.07,0.052333333333333336,8,1.1061606588649013,-0.0021368018103080644
2022-01-31,choppy,normal,0.0738140639724556,,8,0.0,-0.003551884912315062
2022-02-01,choppy,catchup,0.06634995427344781,,8,0.0,0.0034229341989695516
2022-02-02,choppy,catchup,0.058534294673234566,,8,0.0,0.010831680545886346
2022-02-03,choppy,catchup,0.052998598091922755,,8,0.0,0.016145702319912525
2022-02-04,choppy,catchup,0.07,0.02,7,0.6691603121408327,0.0241664906001251
2022-02-07,choppy,normal,0.058929129808060976,,7,0.0,0.010454779154055238
2022-02-08,choppy,catchup,0.06684220281376851,,7,0.0,0.0029599477578809985
2022-02-09,calm,catchup,0.05093345193091792,,7,0.0,0.018142488503007037
2022-02-10,choppy,catchup,0.06319273558635308,,7,0.0,0.006402662646009194
2022-02-11,choppy,catchup,0.07,0.028666666666666667,6,1.3196742331926854,0.013677691661020841
2022-02-14,stress,normal,0.08348711081087923,,6,0.0,-0.01244787379222767
2022-02-15,choppy,catchup,0.07517408693971483,,6,0.0,-0.004812324815641533
2022-02-16,choppy,catchup,0.06797030395848114,,6,0.0,0.0019005173027712985
2022-02-17,choppy,catchup,0.08916012876738266,,6,0.0,-0.01759165457981504
2022-02-18,choppy,catchup,0.07,0.026,6,0.9592603775537487,-0.0010642878590418903
2022-02-22,choppy,catchup,0.07446622390204949,,6,0.0,-0.004156690831871757
2022-02-23,stress,catchup,0.0872441070925587,,6,0.0,-0.015860382208620738
2022-02-24,stress,catchup,0.08847835357156897,,6,0.0,-0.016976316994211982
2022-02-25,choppy,catchup,0.07,0.085,5,2.058505898211604,0.01107874800497699
2022-02-28,stress,normal,0.06833130732095172,,5,0.0,0.0015619617880833214
2022-03-01,stress,catchup,0.06835803440001587,,5,0.0,0.0015369057442491396
2022-03-02,stress,catchup,0.03095190293804717,,5,0.0,0.03787576990805497
2022-03-03,stress,catchup,0.05483089996684165,,5,0.0,0.014380598855830984
2022-03-04,stress,catchup,0.07,0.124,2,1.8026410151716867,0.009367801640615792
2022-03-07,stress,normal,0.10893249277992778,,2,0.0,-0.03510808190165815
2022-03-08,stress,catchup,0.08754827188478731,,2,0.0,-0.01613562573583527
2022-03-09,stress,normal,0.02623058387879129,,2,0.0,0.04265066429395992
2022-03-10,stress,normal,0.025882934114772382,,2,0.0,0.04300399628276885
2022-03-11,stress,catchup,0.07,0.06,2,0.32427734401206126,0.023437024962805086
2022-03-14,stress,normal,0.09079439976157011,,2,0.0,-0.019063537332163927
2022-03-15,choppy,catchup,0.07074311218528329,,2,0.0,-0.0006940153775694125
2022-03-16,choppy,catchup,0.051298506650857334,,2,0.0,0.01778894693641342
2022-03-17,choppy,catchup,0.03252121133242403,,2,0.0,0.03629832322690141
2022-03-18,choppy,catchup,0.07,0.053,6,1.1121347125067704,0.04222567323664772
2022-03-21,choppy,normal,0.08814618962311127,,6,0.0,-0.016676242398455887
2022-03-22,choppy,catchup,0.0875003140956474,,6,0.0,-0.016092238198754272
2022-03-23,choppy,catchup,0.1266141288668281,,6,0.0,-0.050251570095052656
2022-03-24,choppy,catchup,0.12878517633265418,,6,0.0,-0.052078267473039674
2022-03-25,choppy,catchup,0.07,0.12933333333333333,6,1.636155913650515,-0.05452210217837605
2022-03-28,calm,normal,0.07028723083908384,,6,0.0,-0.0002683679958123131
2022-03-29,calm,normal,0.018399835489402827,,6,0.0,0.050667883784368595
2022-03-30,calm,catchup,0.06167607878316872,,6,0.0,0.007840358639682021
2022-03-31,choppy,catchup,0.06955445473741384,,6,0.0,0.0004165709007266649
2022-04-01,calm,catchup,0.07,0.103,6,1.1936060645771662,-0.0037041129148163154
2022-04-04,calm,normal,0.05325177297867101,,6,0.0,0.015901446786995566
2022-04-05,choppy,catchup,0.09207018319062299,,6,0.0,-0.020209491597089513
2022-04-06,choppy,catchup,0.12249131287416848,,6,0.0,-0.046763224153390515
2022-04-07,choppy,catchup,0.1256205338175389,,6,0.0,-0.04941321888372274
2022-04-08,choppy,catchup,0.07,0.08033333333333334,4,0.587483770512888,-0.03544142674667061
2022-04-11,stress,normal,0.06871030235311992,,4,0.0,0.0012067794649686103
2022-04-12,choppy,catchup,0.08252073171003604,,4,0.0,-0.01156627429227819
2022-04-13,choppy,catchup,0.060912454602528365,,4,0.0,0.008565782556371637
2022-04-14,choppy,catchup,0.07,0.07366666666666667,6,1.4696135716167773,-0.00511864592139033
2022-04-18,choppy,normal,0.07883198234444744,,6,0.0,-0.008186615236650874
2022-04-19,choppy,catchup,0.05565388157409812,,6,0.0,0.013589793658988158
2022-04-20,choppy,catchup,0.04145510795230223,,6,0.0,0.027408662965629382
2022-04-21,choppy,catchup,0.08559676433060459,,6,0.0,-0.014366995963019158
2022-04-22,stress,catchup,0.07,0.006333333333333333,2,0.9657028075518728,-0.04493941692212533
2022-04-25,choppy,normal,0.0805429912529847,,2,0.0,-0.009757123352176045
2022-04-26,stress,catchup,0.08169681056972222,,2,0.0,-0.010813391012553186
2022-04-27,stress,catchup,0.07131546688656942,,2,0.0,-0.0012278987163252264
2022-04-28,stress,catchup,0.06363227806212968,,2,0.0,0.005986770117085927
2022-04-29,stress,catchup,0.07,0.035,2,0.7422855279746494,-0.007245183863795246
2022-05-02,stress,normal,0.049467316853712084,,2,0.0,0.01956486192237472
2022-05-03,choppy,catchup,0.05010369785596591,,2,0.0,0.01894698798286032
2022-05-04,choppy,catchup,0.03312031286299777,,2,0.0,0.03569737878331014
2022-05-05,stress,catchup,0.08480849388022338,,2,0.0,-0.013650790866556739
2022-05-06,stress,catchup,0.07,0.162,2,0.15773843745087995,-0.039948702629681865
2022-05-09,stress,normal,0.12772282493673526,,2,0.0,-0.05118529452480791
2022-05-10,stress,catchup,0.15779171058609975,,2,0.0,-0.07582686055133148
2022-05-11,stress,brake,0.19410746442444693,0.0,1,0.2906486899751501,-0.10393324564323525
2022-05-12,stress,brake,0.18721460315357552,0.0,1,0.0,-0.09873076261210112
2022-05-13,choppy,catchup,0.07,0.15666666666666668,5,1.1422841074547516,-0.0800024625698913
2022-05-16,choppy,normal,0.07366720405939753,,5,0.0,-0.0034155872932806197
2022-05-17,choppy,catchup,0.03933558417172334,,5,0.0,0.029503864098633814
2022-05-18,stress,catchup,0.1200000849443934,,5,0.0,-0.04464292960020255
2022-05-19,choppy,catchup,0.11701050180350347,,5,0.0,-0.042085998052481366
2022-05-20,choppy,catchup,0.07,0.209,10,1.3506842028170087,-0.06955120997818154
2022-05-23,choppy,normal,0.04737809910380464,,10,0.0,0.021598600272004997
2022-05-24,choppy,catchup,0.08799075490768593,,10,0.0,-0.016535760829339385
2022-05-25,choppy,catchup,0.06557074098374893,,10,0.0,0.004156701048456002
2022-05-26,choppy,normal,0.019067856619694235,,10,0.0,0.049979148149418284
2022-05-27,choppy,catchup,0.07,0.05466666666666667,8,1.1626532622146506,0.08533839923745834
2022-05-31,choppy,catchup,0.08235994333818208,,8,0.0,-0.011419438990010855
2022-06-01,choppy,catchup,0.09304130123963916,,8,0.0,-0.021079991408840204
2022-06-02,choppy,catchup,0.07001601468005592,,8,0.0,-1.4966766698987222e-05
2022-06-03,choppy,catchup,0.07,0.17466666666666666,5,1.1715814382834548,-0.007946143127705918
2022-06-06,choppy,normal,0.07665968890390884,,5,0.0,-0.006185509657827493
2022-06-07,choppy,catchup,0.0657678363716192,,5,0.0,0.00397099957790914
2022-06-08,choppy,catchup,0.08480358911125552,,5,0.0,-0.013646331243597265
2022-06-09,choppy,catchup,0.12470490619182861,,5,0.0,-0.04863934165367467
2022-06-10,choppy,catchup,0.07,0.18733333333333332,4,1.1298050585744643,-0.08710344899599598
2022-06-13,stress,normal,0.13937382266729847,,4,0.0,-0.060887674692132965
2022-06-14,stress,catchup,0.1070746167884673,,4,0.0,-0.03348881477927623
2022-06-15,stress,catchup,0.05586050319025704,,4,0.0,0.01339144400895842
2022-06-16,stress,catchup,0.1374917563393765,,4,0.0,-0.05933384216917337
2022-06-17,stress,catchup,0.07,0.045,2,0.9983742844981033,-0.059154692075893966
2022-06-21,stress,catchup,0.06640258489252027,,2,0.0,0.0033734118413097924
2022-06-22,choppy,catchup,0.10160898421222897,,2,0.0,-0.02869346988381072
2022-06-23,choppy,catchup,0.1145744395742081,,2,0.0,-0.03999233966933291
2022-06-24,choppy,catchup,0.07,0.15366666666666667,5,1.1055772652430673,-0.03903834816487228
2022-06-27,choppy,normal,0.009823586179537935,,5,0.0,0.059591016335959646
2022-06-28,choppy,normal,0.00027953745831910126,,5,0.0,0.06970097850730661
2022-06-29,choppy,catchup,0.04869811822988113,,5,0.0,0.02031269189847973
2022-06-30,choppy,catchup,0.08835513719324939,,5,0.0,-0.01686502554725411
2022-07-01,choppy,catchup,0.07,0.17366666666666666,6,0.47278675671064024,-0.02859580692462238
2022-07-05,choppy,catchup,0.12461063296687902,,6,0.0,-0.04855959152974443
2022-07-06,choppy,catchup,0.1441196313661397,,6,0.0,-0.06478311300159834
2022-07-07,choppy,catchup,0.06805444908658842,,6,0.0,0.0018215840166908581
2022-07-08,choppy,catchup,0.07,0.12266666666666666,9,1.3588128948938174,-0.0018754611877618288
2022-07-11,choppy,normal,0.0853158096247082,,9,0.0,-0.014111846053365906
2022-07-12,choppy,catchup,0.08993183609036026,,9,0.0,-0.018287231761076717
2022-07-13,choppy,catchup,0.09492614052528614,,9,0.0,-0.022765134197387904
2022-07-14,choppy,catchup,0.11881800891536587,,9,0.0,-0.043633556598442924
2022-07-15,choppy,catchup,0.07,0.13066666666666665,6,1.6917792180127478,-0.022135897881064293
2022-07-18,choppy,normal,0.06480871354123785,,6,0.0,0.004875323044171598
2022-07-19,choppy,normal,0.01584600045137563,,6,0.0,0.053309260975149764
2022-07-20,choppy,normal,0.019773096904169618,,6,0.0,0.04925301839037477
2022-07-21,choppy,catchup,0.032362894914855334,,6,0.0,0.03645724315600174
2022-07-22,choppy,catchup,0.07,0.147,6,1.1323900955998132,0.0297816965973412
2022-07-25,choppy,normal,0.04768952196125409,,6,0.0,0.021294932869979633
2022-07-26,choppy,catchup,0.05055363754199038,,6,0.0,0.018510585050667938
2022-07-27,choppy,normal,0.009785595896693922,,6,0.0,0.05963088040470166
2022-07-28,choppy,normal,0.007477595536924175,,6,0.0,0.06205835716848407
2022-07-29,choppy,catchup,0.07,0.09,7,1.1852234695051815,0.07522077645479608
2022-08-01,choppy,normal,0.07589929534628337,,7,0.0,-0.005483129668176323
2022-08-02,choppy,catchup,0.09224471976453619,,7,0.0,-0.02036605841347683
2022-08-03,choppy,catchup,0.09043385353634514,,7,0.0,-0.018739195843999856
2022-08-04,choppy,catchup,0.10618637618323201,,7,0.0,-0.032712729936241636
2022-08-05,choppy,catchup,0.07,0.128,7,1.5594619824880227,-0.025587784747842734
2022-08-08,choppy,normal,0.05682322520119931,,7,0.0,0.012468286544603746
2022-08-09,choppy,catchup,0.05832828305056159,,7,0.0,0.011028446594846253
2022-08-10,choppy,catchup,0.05072418508419574,,7,0.0,0.018345266235838764
2022-08-11,choppy,catchup,0.04575259085153083,,7,0.0,0.023186563782476632
2022-08-12,choppy,catchup,0.07,0.094,5,1.6450408363672926,0.03796435140300858
2022-08-15,choppy,normal,0.07180839207905398,,5,0.0,-0.001687234483717881
2022-08-16,calm,catchup,0.06859768288625445,,5,0.0,0.0013122966072300901
2022-08-17,choppy,catchup,0.08969114892041352,,5,0.0,-0.01807039447821701
2022-08-18,choppy,catchup,0.07688694481220626,,5,0.0,-0.006395234750856127
2022-08-19,choppy,catchup,0.07,0.086,5,1.2814451919449834,-0.024859309332671886
2022-08-22,choppy,normal,0.10022880243757992,,5,0.0,-0.027475014624782967
2022-08-23,stress,catchup,0.07328360594736916,,5,0.0,-0.0030594019410840056
2022-08-24,choppy,catchup,0.04818360080933637,,5,0.0,0.020813528444652674
2022-08-25,choppy,catchup,0.045583865115578215,,5,0.0,0.023351675268748373
2022-08-26,stress,catchup,0.07,0.011333333333333334,5,1.0855322644329284,-0.005291440452801943
2022-08-29,choppy,normal,0.07629273139200743,,5,0.0,-0.005846672757762517
2022-08-30,choppy,catchup,0.08847421963979096,,5,0.0,-0.01697258355453246
2022-08-31,choppy,catchup,0.08404419158156617,,5,0.0,-0.012955368139629386
2022-09-01,choppy,catchup,0.08666172705287578,,5,0.0,-0.015332947354337878
2022-09-02,choppy,catchup,0.07,0.08633333333333333,6,1.0118096269935821,-0.017391870132662413
2022-09-06,choppy,catchup,0.09422582917491984,,6,0.0,-0.022139697792718627
2022-09-07,choppy,catchup,0.07349598960800163,,6,0.0,-0.0032566396538454834
2022-09-08,choppy,catchup,0.07406041323329915,,6,0.0,-0.003780432816694046
2022-09-09,choppy,catchup,0.07,0.07166666666666667,7,0.6529972096246448,0.021255256293895464
2022-09-12,choppy,normal,0.06759675099366813,,7,0.0,0.002251083102393414
2022-09-13,choppy,catchup,0.12595953851487218,,7,0.0,-0.04969942222673662
2022-09-14,choppy,catchup,0.13829302755316153,,7,0.0,-0.05999599918481624
2022-09-15,choppy,catchup,0.14708846385480356,,7,0.0,-0.06720359090330907
2022-09-16,choppy,catchup,0.07,0.10866666666666666,5,0.7378846493281433,-0.07369519375787825
2022-09-19,choppy,normal,0.06124110296507035,,5,0.0,0.008253446846769874
2022-09-20,choppy,catchup,0.08402452719546094,,5,0.0,-0.01293746298503462
2022-09-21,choppy,catchup,0.107240102989697,,5,0.0,-0.03363326787852394
2022-09-22,choppy,catchup,0.1389937463185993,,5,0.0,-0.0605742977444762
2022-09-23,choppy,catchup,0.07,0.10966666666666666,6,1.6495863430596776,-0.07817511093603113
2022-09-26,stress,normal,0.10162887263694786,,6,0.0,-0.028711005514260424
2022-09-27,stress,catchup,0.0936085278588148,,6,0.0,-0.021587732042505192
2022-09-28,stress,catchup,0.0692542907970859,,6,0.0,0.0006974105311827739
2022-09-29,stress,catchup,0.11426452175916224,,6,0.0,-0.03972532634286774
2022-09-30,stress,catchup,0.07,0.03,3,0.8800441714878404,-0.040152746275617046
2022-10-03,stress,normal,0.05195871336086366,,3,0.0,0.01715018508806021
2022-10-04,choppy,normal,0.025592553447062905,,3,0.0,0.043299306731198195
2022-10-05,choppy,catchup,0.052073386733328286,,3,0.0,0.01703931825738292
2022-10-06,stress,catchup,0.07426104935033062,,3,0.0,-0.003966493389020775
2022-10-07,stress,catchup,0.07,0.04,3,0.39731380039585046,-0.014720348173991149
2022-10-10,stress,normal,0.08019049480615781,,3,0.0,-0.009433979335271347
2022-10-11,stress,catchup,0.08287875019584723,,3,0.0,-0.011893067615850739
2022-10-12,stress,catchup,0.0917515012423269,,3,0.0,-0.019923491030307994
2022-10-13,stress,catchup,0.07952427202638246,,3,0.0,-0.008822656676819585
2022-10-14,stress,catchup,0.07,0.033666666666666664,3,0.15449529307153706,-0.030734947525093315
2022-10-17,stress,normal,0.04228350127133362,,3,0.0,0.02659209197388135
2022-10-18,stress,catchup,0.03744584912611071,,3,0.0,0.03137913260852243
2022-10-19,stress,normal,0.028694308335344587,,3,0.0,0.040153514343340024
2022-10-20,choppy,catchup,0.03715181593954586,,3,0.0,0.03167152923576322
2022-10-21,choppy,catchup,0.07,0.14833333333333334,5,0.7959433189558683,0.06820544605476253
2022-10-24,choppy,normal,0.06359423235385497,,5,0.0,0.006022755155383308
2022-10-25,choppy,normal,0.022536489780900615,,5,0.0,0.046417424408266905
2022-10-26,choppy,bank,-0.005898601526468927,,5,0.0,0.0763489535806039
2022-10-27,choppy,bank,-0.010822359692488792,,5,0.0,0.08170661810285473
2022-10-28,choppy,catchup,0.07,0.13033333333333333,6,0.7224050545652162,0.09526951463728883
2022-10-31,choppy,normal,0.04151576312651639,,6,0.0,0.02734882935230587
2022-11-01,choppy,catchup,0.04029156278314239,,6,0.0,0.028557798870710194
2022-11-02,choppy,catchup,0.05709189061351405,,6,0.0,0.012210962453788499
2022-11-03,choppy,catchup,0.06610135485124569,,6,0.0,0.003656917919683478
2022-11-04,choppy,catchup,0.07,0.19,6,1.279130055913389,0.016332465605871427
2022-11-07,choppy,normal,0.02072300156229301,,6,0.0,0.048276563144246776
2022-11-08,choppy,bank,-0.02054709446366043,,6,0.0,0.09244660355984924
2022-11-09,choppy,bank,-0.03939509000619423,,6,0.0,0.11388146038822522
2022-11-10,choppy,normal,0.010048848061347204,,6,0.0,0.05935470552114497
2022-11-11,choppy,catchup,0.07,0.10733333333333334,5,1.038607713863525,0.0902311432932752
2022-11-14,choppy,normal,0.06690709004840434,,5,0.0,0.002898949665294026
2022-11-15,choppy,catchup,0.04635875903462816,,5,0.0,0.022593819530103865
2022-11-16,choppy,catchup,0.06173042982709953,,5,0.0,0.00778876628246139
2022-11-17,choppy,catchup,0.07368450390452885,,5,0.0,-0.0034316448557558665
2022-11-18,choppy,catchup,0.07,0.12433333333333334,6,1.1681287423518854,-0.012351753665141518
2022-11-21,choppy,normal,0.07725234511809509,,6,0.0,-0.006732262084145235
2022-11-22,choppy,catchup,0.06374533898740697,,6,0.0,0.005879848102128493
2022-11-23,choppy,catchup,0.07306264101008564,,6,0.0,-0.0028541120462479697
2022-11-25,choppy,catchup,0.07,0.10866666666666666,5,0.5621827054850306,-0.017937512738762096
2022-11-28,choppy,normal,0.07936285723474223,,5,0.0,-0.008674429708216302
2022-11-29,choppy,catchup,0.0633533158941082,,5,0.0,0.006250682634400873
2022-11-30,choppy,catchup,0.043498236702062876,,5,0.0,0.025397036972189868
2022-12-01,calm,catchup,0.06883745553789189,,5,0.0,0.0010876718963064302
2022-12-02,calm,catchup,0.07,0.08266666666666667,8,1.1532721821823404,-0.0020385039329966492
2022-12-05,choppy,normal,0.09082954784569042,,8,0.0,-0.019095144504315265
2022-12-06,choppy,catchup,0.10750998510362875,,8,0.0,-0.033868755684508645
2022-12-07,choppy,catchup,0.10814703376105106,,8,0.0,-0.03442416267774506
2022-12-08,choppy,catchup,0.10212724569396903,,8,0.0,-0.029150214568681387
2022-12-09,choppy,catchup,0.07,0.08666666666666667,5,0.30112102350764586,-0.04861251201055106
2022-12-12,choppy,normal,0.04346606734859737,,5,0.0,0.025428649269663595
2022-12-13,choppy,catchup,0.04616566828710056,,5,0.0,0.022782559622630094
2022-12-14,choppy,catchup,0.04260037320285348,,5,0.0,0.026280085353293403
2022-12-15,choppy,catchup,0.09050514341002436,,5,0.0,-0.01880334405934525
2022-12-16,choppy,catchup,0.07,0.089,6,0.9106588735756201,-0.014795926546704696
2022-12-19,choppy,normal,0.08464072771937792,,6,0.0,-0.013498227888014358
2022-12-20,choppy,catchup,0.07850491784227964,,6,0.0,-0.007885840575762026
2022-12-21,choppy,catchup,0.06896654524147672,,6,0.0,0.0009667793282435166
2022-12-22,choppy,catchup,0.08738298540897604,,6,0.0,-0.01598607449466216
2022-12-23,choppy,catchup,0.07,0.103,6,1.263775118928688,-0.021811248270603767
2022-12-27,choppy,catchup,0.11965472611286776,,6,0.0,-0.04434824857592956
2022-12-28,choppy,catchup,0.14709102327481727,,6,0.0,-0.0672056721834775
2022-12-29,choppy,catchup,0.11243626256255079,,6,0.0,-0.03814714064138547
2022-12-30,choppy,catchup,0.07,0.085,10,1.1060128372537896,-0.031247383159641928
2023-01-03,choppy,catchup,0.11842215187849359,,10,0.0,-0.04329505795031341
2023-01-04,choppy,catchup,0.08740744681869539,,10,0.0,-0.016008210050080462
2023-01-05,choppy,catchup,0.1069776288974611,,10,0.0,-0.033404133861576146
2023-01-06,choppy,catchup,0.07,0.065,8,1.1691288506436717,-0.0024138403046017887
2023-01-09,choppy,normal,0.1034252221917411,,8,0.0,-0.030292240488529187
2023-01-10,choppy,catchup,0.09732724236859225,,8,0.0,-0.02490345752248524
2023-01-11,choppy,catchup,0.09470793122457288,,8,0.0,-0.022570340928227073
2023-01-12,calm,catchup,0.09920939188401912,,8,0.0,-0.02657309162356669
2023-01-13,calm,catchup,0.07,0.08066666666666666,9,0.324872232398055,-0.02866591876308011
2023-01-17,calm,catchup,0.07727755275430082,,9,0.0,-0.006755503942038055
2023-01-18,choppy,catchup,0.09502399855348687,,9,0.0,-0.022852465869737326
2023-01-19,choppy,catchup,0.09452152665570068,,9,0.0,-0.022403877912411607
2023-01-20,calm,catchup,0.07,0.079,6,0.554985091659428,-0.015174879494625482
2023-01-23,calm,normal,0.07053122519584987,,6,0.0,-0.0004962257833746042
2023-01-24,calm,catchup,0.0556493300988965,,6,0.0,0.013594163792780556
2023-01-25,calm,catchup,0.0502037569414715,,6,0.0,0.0188499069134751
2023-01-26,calm,catchup,0.06455533183114315,,6,0.0,0.0051144999288026405
2023-01-27,calm,catchup,0.07,0.07366666666666667,8,1.3506314751206294,-0.002068464796681324
2023-01-30,calm,normal,0.08706753134502887,,8,0.0,-0.015700525361024398
2023-01-31,calm,catchup,0.056198300153004865,,8,0.0,0.013067337681755165
2023-02-01,calm,catchup,0.05475021844381778,,8,0.0,0.014458192365849332
2023-02-02,calm,catchup,0.06466674794616845,,8,0.0,0.0050093158860460285
2023-02-03,calm,catchup,0.07,0.08933333333333333,6,0.7516384375546246,0.013909598528800027
2023-02-06,calm,normal,0.07631105987903952,,6,0.0,-0.005863602181834682
2023-02-07,calm,catchup,0.0663419707163806,,6,0.0,0.003430446689781874
2023-02-08,calm,catchup,0.0702280974829026,,6,0.0,-0.00021312978367782343
2023-02-09,choppy,catchup,0.04785814227646523,,6,0.0,0.021130587080644192
2023-02-10,choppy,catchup,0.07,0.09733333333333333,6,0.4160189866161161,0.01975328467485893
2023-02-13,choppy,normal,0.05192464752864612,,6,0.0,0.017183124774022174
2023-02-14,calm,catchup,0.04981753624834662,,6,0.0,0.01922473482751874
2023-02-15,calm,catchup,0.04567908424700007,,6,0.0,0.02325848926251939
2023-02-16,choppy,catchup,0.05499933696055348,,6,0.0,0.014218646888123576
2023-02-17,choppy,catchup,0.07,0.063,5,0.7219860896154221,0.007472927659190942
2023-02-21,choppy,catchup,0.07473751499193759,,5,0.0,-0.004408067017157347
2023-02-22,choppy,catchup,0.06334945439334305,,5,0.0,0.006254336783810377
2023-02-23,choppy,catchup,0.06089052235385295,,5,0.0,0.008586633073067285
2023-02-24,choppy,catchup,0.07,0.09666666666666666,6,0.5030014423973758,-0.007848958916268245
2023-02-27,choppy,normal,0.06197013106037175,,6,0.0,0.007561294526815532
2023-02-28,choppy,catchup,0.06654734852697985,,6,0.0,0.0032372228741543996
2023-03-01,choppy,catchup,0.050537579792807374,,6,0.0,0.01852615325863094
2023-03-02,calm,catchup,0.04093359943512387,,6,0.0,0.027923395479451774
2023-03-03,calm,catchup,0.07,0.10466666666666667,6,0.5110704448502182,0.038449164488765675
2023-03-06,calm,normal,0.06965747266009914,,6,0.0,0.00032022151824828704
2023-03-07,calm,catchup,0.060532210008201526,,6,0.0,0.008927395040387642
2023-03-08,calm,catchup,0.05532947460598914,,6,0.0,0.013901369901080596
2023-03-09,choppy,catchup,0.08671637551832645,,6,0.0,-0.015382463994207507
2023-03-10,stress,catchup,0.07,0.012,5,0.6895489469012552,-0.041327552193704875
2023-03-13,stress,normal,0.08702747390550658,,5,0.0,-0.015664253493363645
2023-03-14,choppy,catchup,0.0745786861557387,,5,0.0,-0.0042609128719263145
2023-03-15,stress,catchup,0.08607604144485137,,5,0.0,-0.01480194832717674
2023-03-16,choppy,catchup,0.05582401053509267,,5,0.0,0.01342647005889086
2023-03-17,choppy,catchup,0.07,0.08666666666666667,6,0.4545070187446835,0.004205632709006091
2023-03-20,choppy,normal,0.04094870022909425,,6,0.0,0.027908483640463944
2023-03-21,choppy,normal,0.005850247431947286,,6,0.0,0.06377664342364531
2023-03-22,choppy,catchup,0.03240766862947986,,6,0.0,0.03641229381841371
2023-03-23,choppy,catchup,0.03925402882060425,,6,0.0,0.029584654306596958
2023-03-24,choppy,catchup,0.07,0.05266666666666667,9,0.8351702639193592,0.027807971468015724
2023-03-27,choppy,normal,0.06387796083732922,,9,0.0,0.005754456232792471
2023-03-28,calm,catchup,0.05368676775276304,,9,0.0,0.015482050972348116
2023-03-29,calm,catchup,0.03689897517456009,,9,0.0,0.03192309532359938
2023-03-30,calm,normal,0.028167498277477776,,9,0.0,0.04068646576808321
2023-03-31,calm,catchup,0.07,0.058,7,0.7523177650626204,0.06087231618277822
2023-04-03,calm,normal,0.07192050282240237,,7,0.0,-0.0017916466914714713
2023-04-04,calm,catchup,0.0891842779049905,,7,0.0,-0.01761343630656409
2023-04-05,calm,catchup,0.09386377831353743,,7,0.0,-0.021816042167818406
2023-04-06,calm,catchup,0.07,0.052,9,0.7931828511200225,-0.024224245269042766
2023-04-10,calm,normal,0.06441943640455339,,9,0.0,0.005242823838595978
2023-04-11,calm,catchup,0.05873910915588376,,9,0.0,0.010636133818740623
2023-04-12,calm,catchup,0.06601977630538292,,9,0.0,0.003733724066932176
2023-04-13,calm,catchup,0.06601806641005536,,9,0.0,0.0037353340580374983
2023-04-14,calm,catchup,0.07,0.051333333333333335,6,0.5130272265019374,-0.004008200081802582
2023-04-17,calm,normal,0.06180566044510427,,6,0.0,0.007717362847228237
2023-04-18,calm,catchup,0.05009106727235846,,6,0.0,0.018959243962864747
2023-04-19,calm,catchup,0.05109507935532864,,6,0.0,0.017985928215234814
2023-04-20,calm,catchup,0.04670433140012342,,6,0.0,0.02225620731760536
2023-04-21,calm,catchup,0.07,0.056,6,1.0381986824412115,0.021134481070553823
2023-04-24,calm,normal,0.072079879450766,,6,0.0,-0.0019400414937658095
2023-04-25,calm,catchup,0.0877031762151721,,6,0.0,-0.01627574195082604
2023-04-26,calm,catchup,0.10072372688412745,,6,0.0,-0.02791229636804382
2023-04-27,calm,catchup,0.07865529891794942,,6,0.0,-0.008024156490615497
2023-04-28,calm,catchup,0.07,0.06233333333333333,6,1.0230607813799022,0.00136663065819298
2023-05-01,calm,normal,0.08763971652242963,,6,0.0,-0.016218345334822915
2023-05-02,calm,catchup,0.08699996402038712,,6,0.0,-0.015639341842764054
2023-05-03,calm,catchup,0.09336465762716739,,6,0.0,-0.021369501441425465
2023-05-04,choppy,catchup,0.09702819329887968,,6,0.0,-0.02463764693011483
2023-05-05,calm,catchup,0.07,0.08266666666666667,7,0.7481773586095993,-0.02212891750195034
2023-05-08,calm,normal,0.06815356205818413,,7,0.0,0.0017286259273976423
2023-05-09,calm,catchup,0.08008720362317034,,7,0.0,-0.009339249265552407
2023-05-10,calm,catchup,0.07826255493784551,,7,0.0,-0.00766284139239326
2023-05-11,calm,catchup,0.07651181543733832,,7,0.0,-0.006048995788023759
2023-05-12,calm,catchup,0.07,0.046,8,0.8714412614813095,-0.006996498968013465
2023-05-15,calm,normal,0.05813807730915932,,8,0.0,0.011210184138733092
2023-05-16,calm,catchup,0.06916617073973752,,8,0.0,0.0007798874329194572
2023-05-17,calm,catchup,0.0759007098554354,,8,0.0,-0.0054844371802934555
2023-05-18,calm,catchup,0.074041740840457,,8,0.0,-0.0037631133751787615
2023-05-19,calm,catchup,0.07,0.07766666666666666,6,0.3520858959347867,0.0019584255543072526
2023-05-22,calm,normal,0.06578554977649165,,6,0.0,0.003954313533705012
2023-05-23,calm,catchup,0.08129087644741495,,6,0.0,-0.010442034325223504
2023-05-24,choppy,catchup,0.06425857017023562,,6,0.0,0.005394769645919784
2023-05-25,calm,catchup,0.06671126041473863,,6,0.0,0.003083064468619945
2023-05-26,calm,catchup,0.07,0.084,9,0.6923195901003406,0.007963308545757775
2023-05-30,calm,catchup,0.06873714778129703,,9,0.0,0.0011816303207246026
2023-05-31,calm,catchup,0.0756263167781317,,9,0.0,-0.005230735516944529
2023-06-01,calm,catchup,0.07463733146255414,,9,0.0,-0.004315252529188407
2023-06-02,calm,catchup,0.07,0.03866666666666667,9,0.8915411630914,0.06595049036263534
2023-06-05,calm,normal,0.07696833393881208,,9,0.0,-0.006470323889028906
2023-06-06,calm,catchup,0.08500625822834418,,9,0.0,-0.013830572970931154
2023-06-07,calm,catchup,0.09156601605823189,,9,0.0,-0.019756950785358107
2023-06-08,calm,catchup,0.08307176962299678,,9,0.0,-0.012069162902793473
2023-06-09,calm,catchup,0.07,0.043,6,0.30879953061182375,-0.013626702250299605
2023-06-12,calm,normal,0.05909803099689759,,6,0.0,0.010293635418093139
2023-06-13,calm,catchup,0.05748212599769076,,6,0.0,0.01183743317694308
2023-06-14,calm,catchup,0.04688456962531773,,6,0.0,0.02208020926600862
2023-06-15,calm,catchup,0.029597968488104254,,6,0.0,0.03924058977235889
2023-06-16,calm,catchup,0.07,0.03666666666666667,6,0.867130618406193,0.03624815601461262
2023-06-20,calm,catchup,0.06800849046688318,,6,0.0,0.0018646944765825513
2023-06-21,calm,catchup,0.054812266024634404,,6,0.0,0.0143985185464377
2023-06-22,calm,catchup,0.05912454208234852,,6,0.0,0.010268346625477376
2023-06-23,calm,catchup,0.07,0.030666666666666665,10,0.7484894415342523,0.010850746153617585
2023-06-26,calm,normal,0.07717822781011896,,10,0.0,-0.006663918397897928
2023-06-27,calm,catchup,0.07738847533681348,,10,0.0,-0.006857763477100098
2023-06-28,calm,catchup,0.06884723657640723,,10,0.0,0.0010785109266737702
2023-06-29,calm,catchup,0.061628030725073835,,10,0.0,0.007885972329883195
2023-06-30,calm,catchup,0.07,0.034,7,0.6318161340852816,0.026925220410056516
2023-07-03,calm,normal,0.07646216659487881,,7,0.0,-0.006003152544896362
2023-07-05,calm,catchup,0.07814402354136152,,7,0.0,-0.007553743621942943
2023-07-06,calm,catchup,0.0909301358011887,,7,0.0,-0.019185587705685014
2023-07-07,calm,catchup,0.07,0.03166666666666667,9,0.7984144709932576,-0.022727004469738743
2023-07-10,calm,normal,0.06108661364109147,,9,0.0,0.008400243904993276
2023-07-11,calm,catchup,0.0441525650684953,,9,0.0,0.02475446193996489
2023-07-12,calm,catchup,0.037988310251488855,,9,0.0,0.030840125493085013
2023-07-13,calm,catchup,0.029704272136091836,,9,0.0,0.039133301622917394
2023-07-14,calm,catchup,0.07,0.04,7,0.5797899463713517,0.0354036274721663
2023-07-17,calm,normal,0.060983140129484914,,7,0.0,0.008498589213599361
2023-07-18,calm,catchup,0.0547532319211137,,7,0.0,0.014455294013288933
2023-07-19,calm,catchup,0.057997620875020583,,7,0.0,0.011344429220032426
2023-07-20,calm,catchup,0.0909669537550355,,7,0.0,-0.019218688231452452
2023-07-21,calm,catchup,0.07,0.038,9,0.4669486060534741,-0.023370869693725038
2023-07-24,calm,normal,0.0768132685692513,,9,0.0,-0.006327251686175872
2023-07-25,calm,catchup,0.07366557872102764,,9,0.0,-0.0034140786420611136
2023-07-26,calm,catchup,0.07387152948294773,,9,0.0,-0.0036052073052088573
2023-07-27,calm,catchup,0.10348819650157237,,9,0.0,-0.030347580162380705
2023-07-28,calm,catchup,0.07,0.028333333333333332,8,0.9467063947581479,-0.021479581479527665
2023-07-31,calm,normal,0.07628258609829341,,8,0.0,-0.005837301633829117
2023-08-01,calm,catchup,0.07445688781129367,,8,0.0,-0.0041480378243676785
2023-08-02,calm,catchup,0.08823521768403575,,8,0.0,-0.016756687697392803
2023-08-03,calm,catchup,0.06437089095814041,,8,0.0,0.005288672482195
2023-08-04,calm,catchup,0.07,0.04933333333333333,5,0.8717116487952239,-0.015120547469364198
2023-08-07,calm,normal,0.060204612051980355,,5,0.0,0.00923914859138475
2023-08-08,calm,catchup,0.07052296246152867,,5,0.0,-0.0004885112042120054
2023-08-09,calm,catchup,0.049256767129431056,,5,0.0,0.019769453503091228
2023-08-10,calm,catchup,0.047296041772965314,,5,0.0,0.021678644166934102
2023-08-11,calm,catchup,0.07,0.04833333333333333,8,0.8511711947887297,0.0250464943491171
2023-08-14,calm,normal,0.06530364614251671,,8,0.0,0.004408465017921248
2023-08-15,calm,catchup,0.06999427159461558,,8,0.0,5.353678553809971e-06
2023-08-16,calm,catchup,0.09234859599241507,,8,0.0,-0.020459216109589118
2023-08-17,calm,catchup,0.12627010873730393,,8,0.0,-0.049961468657274355
2023-08-18,calm,catchup,0.07,0.068,6,0.7587524766924133,-0.0479556953293967
2023-08-21,calm,normal,0.0803452462767078,,6,0.0,-0.009575870595405878
2023-08-22,calm,catchup,0.07934242082715248,,6,0.0,-0.008655659822943695
2023-08-23,calm,catchup,0.057919193162132565,,6,0.0,0.011419404162389624
2023-08-24,calm,catchup,0.07791301884638857,,6,0.0,-0.007341055083328829
2023-08-25,calm,catchup,0.07,0.03766666666666667,7,0.6967143309516834,-0.03390208737139022
2023-08-28,calm,normal,0.06850462157839332,,7,0.0,0.0013995058059719234
2023-08-29,calm,catchup,0.05255142832888238,,7,0.0,0.016577405342388385
2023-08-30,calm,catchup,0.05286621540286718,,7,0.0,0.016273467935882913
2023-08-31,calm,catchup,0.0453747276448524,,7,0.0,0.02355640681177218
2023-09-01,calm,catchup,0.07,0.012,10,0.7688664563992944,0.05640381804311034
2023-09-05,calm,catchup,0.09428272384528191,,10,0.0,-0.022190539351615524
2023-09-06,calm,catchup,0.09289867600230939,,10,0.0,-0.02095224059202805
2023-09-07,calm,catchup,0.09734923213971314,,10,0.0,-0.024922997473088015
2023-09-08,calm,catchup,0.07,0.028333333333333332,6,1.4282865587701161,-0.02957257807983793
2023-09-11,calm,normal,0.08427819549300408,,6,0.0,-0.013168387552524696
2023-09-12,calm,catchup,0.091542288338055,,6,0.0,-0.019735642464988268
2023-09-13,calm,catchup,0.11341686406859619,,6,0.0,-0.038994257649326625
2023-09-14,calm,catchup,0.10558213588856447,,6,0.0,-0.032184072746406
2023-09-15,calm,catchup,0.07,0.03933333333333333,6,1.4055792184451121,-0.0407968729564665
2023-09-18,calm,normal,0.06996631135529396,,6,0.0,3.1485705997091884e-05
2023-09-19,calm,catchup,0.0803180813567026,,6,0.0,-0.009550966085603907
2023-09-20,calm,catchup,0.09520063063196904,,6,0.0,-0.02301005854737992
2023-09-21,calm,catchup,0.11758898766039505,,6,0.0,-0.042581833022549365
2023-09-22,calm,catchup,0.07,0.027,7,1.4273284834563758,-0.04385569562772429
2023-09-25,calm,normal,0.0665211556088372,,7,0.0,0.0032618615888373448
2023-09-26,calm,catchup,0.07094079216201932,,7,0.0,-0.0008784726185655511
2023-09-27,calm,catchup,0.0518586129243741,,7,0.0,0.017246982486732954
2023-09-28,calm,catchup,0.04673149209613969,,7,0.0,0.022229681708786586
2023-09-29,calm,catchup,0.07,0.025,7,0.9122927221788,0.008715507032415415
2023-10-02,calm,normal,0.07898736261687578,,7,0.0,-0.008329441964063933
2023-10-03,calm,catchup,0.09349033801940165,,7,0.0,-0.02148198040958338
2023-10-04,calm,catchup,0.10417858242194322,,7,0.0,-0.03095385381137783
2023-10-05,calm,catchup,0.10506074869157112,,7,0.0,-0.03172744008244266
2023-10-06,calm,catchup,0.07,0.036,7,0.6993521456638412,-0.014579192749316072
2023-10-09,calm,normal,0.05639977249689587,,7,0.0,0.012874129526702527
2023-10-10,calm,catchup,0.037594062590881494,,7,0.0,0.031231806905487325
2023-10-11,calm,catchup,0.04157889461515629,,7,0.0,0.027286560366936774
2023-10-12,calm,catchup,0.06485065690389336,,7,0.0,0.004835742047695879
2023-10-13,calm,catchup,0.07,0.052333333333333336,6,1.2107183393296632,-0.003650760163074418
2023-10-16,calm,normal,0.06385813330733492,,6,0.0,0.005773200862384975
2023-10-17,calm,catchup,0.05783335580006477,,6,0.0,0.011501475287412743
2023-10-18,calm,catchup,0.08399929320439581,,6,0.0,-0.012914485546399734
2023-10-19,choppy,catchup,0.08838706804668606,,6,0.0,-0.016893868538593648
2023-10-20,choppy,catchup,0.07,0.088,6,0.898962227482575,-0.0243002511598438
2023-10-23,choppy,normal,0.06920551502251038,,6,0.0,0.0007430610545184901
2023-10-24,calm,catchup,0.059127857734532885,,6,0.0,0.010265183930411093
2023-10-25,choppy,catchup,0.09695893749201057,,6,0.0,-0.024576068046491373
2023-10-26,choppy,catchup,0.11087656724285,,6,0.0,-0.03679667791022345
2023-10-27,choppy,catchup,0.07,0.057666666666666665,6,0.6173293207571062,-0.035275389632496545
2023-10-30,choppy,normal,0.07036858065204887,,6,0.0,-0.0003443492818373528
2023-10-31,choppy,catchup,0.05651003756908746,,6,0.0,0.01276841861526612
2023-11-01,calm,catchup,0.04951585122351165,,6,0.0,0.019517712622070693
2023-11-02,calm,normal,0.008473197779848451,,6,0.0,0.061009853663540836
2023-11-03,calm,catchup,0.07,0.024666666666666667,7,0.7831372826763425,0.08033419883127713
2023-11-06,calm,normal,0.07170921152081444,,7,0.0,-0.0015948463467893026
2023-11-07,calm,catchup,0.06409705435264845,,7,0.0,0.005547375235375185
2023-11-08,calm,catchup,0.06245526338091789,,7,0.0,0.007101227580230907
2023-11-09,calm,catchup,0.053398594827503976,,7,0.0,0.015759851260495283
2023-11-10,calm,catchup,0.07,0.005,8,0.6832092389831995,0.020299139869104588
2023-11-13,calm,normal,0.0709127448772282,,8,0.0,-0.0008523055511239219
2023-11-14,calm,catchup,0.05213619207512865,,8,0.0,0.016978607959145187
2023-11-15,calm,catchup,0.04928132881303715,,8,0.0,0.019745582636450987
2023-11-16,calm,catchup,0.051003545123088356,,8,0.0,0.018074586869911036
2023-11-17,calm,catchup,0.07,0.017,7,0.44209164733841977,0.018472370224635215
2023-11-20,calm,normal,0.06070965530787076,,7,0.0,0.008758612355077355
2023-11-21,calm,catchup,0.05980186450520564,,7,0.0,0.009622681216508111
2023-11-22,calm,catchup,0.060653438876943744,,7,0.0,0.00881207827219499
2023-11-24,calm,catchup,0.07,0.028666666666666667,6,0.9321508734054137,0.01536196990203309
2023-11-27,calm,normal,0.07161084065107581,,6,0.0,-0.001503195553804848
2023-11-28,calm,catchup,0.07231675087798428,,6,0.0,-0.0021605098270519596
2023-11-29,calm,catchup,0.07042704652867693,,6,0.0,-0.0003989496809351234
2023-11-30,calm,catchup,0.0460007770252393,,6,0.0,0.022943790771372985
2023-12-01,calm,catchup,0.07,0.016,5,0.2836465930419784,0.03462126516366504
2023-12-04,calm,normal,0.07516345573374705,,5,0.0,-0.004802484409426988
2023-12-05,calm,catchup,0.09166353259727122,,5,0.0,-0.01984451431269263
2023-12-06,calm,catchup,0.09669927187651628,,5,0.0,-0.024345116807483858
2023-12-07,calm,catchup,0.1104927687735795,,5,0.0,-0.03646378428767205
2023-12-08,calm,catchup,0.07,0.006666666666666667,7,0.684528137770512,-0.03697396036186251
2023-12-11,calm,normal,0.07411564104211199,,7,0.0,-0.003831655442722126
2023-12-12,calm,catchup,0.06335882382100788,,7,0.0,0.006245470513075002
2023-12-13,calm,catchup,0.04706516794276383,,7,0.0,0.02190392036657829
2023-12-14,calm,catchup,0.038991629849043585,,7,0.0,0.02984467753167719
2023-12-15,calm,catchup,0.07,0.017666666666666667,7,0.36487697995258384,0.02385371785678103
2023-12-18,calm,normal,0.06897481593501076,,7,0.0,0.0009590348151398143
2023-12-19,calm,catchup,0.06381715042102853,,7,0.0,0.0058119476420590566
2023-12-20,calm,catchup,0.07149027489597537,,7,0.0,-0.0013908431377223085
2023-12-21,calm,catchup,0.058800910645878446,,7,0.0,0.010577143674054934
2023-12-22,calm,catchup,0.07,0.017,6,0.6493395996356042,0.018358905083593058
2023-12-26,calm,catchup,0.06314885654698643,,6,0.0,0.006444199615908586
2023-12-27,calm,catchup,0.06311133154704662,,6,0.0,0.006479724416942334
2023-12-28,calm,catchup,0.05965750008472814,,6,0.0,0.009760229049900593
2023-12-29,calm,catchup,0.07,0.009333333333333334,6,1.3070394096486442,0.003692916014105707
2024-01-02,calm,catchup,0.09946814970287776,,6,0.0,-0.026802185866722228
2024-01-03,calm,catchup,0.13054205410096964,,6,0.0,-0.053551350771390616
2024-01-04,calm,catchup,0.13009031702773344,,6,0.0,-0.05317302176854122
2024-01-05,calm,catchup,0.07,0.010333333333333333,6,0.5069406241607646,-0.05478480227643212
2024-01-08,calm,normal,0.06887747932103339,,6,0.0,0.0010501864813166062
2024-01-09,calm,catchup,0.05533563383342366,,6,0.0,0.013895452495344296
2024-01-10,calm,catchup,0.05663825812761103,,6,0.0,0.01264552155821641
2024-01-11,calm,catchup,0.06011041595145006,,6,0.0,0.009328824525956625
2024-01-12,calm,catchup,0.07,0.022333333333333334,5,0.5803107216793087,0.016704820702992063
2024-01-16,calm,catchup,0.0776349240417531,,5,0.0,-0.007084889206372069
2024-01-17,calm,catchup,0.07635661786913284,,5,0.0,-0.005905680109736355
2024-01-18,calm,catchup,0.07728023774455961,,5,0.0,-0.006757979483408949
2024-01-19,calm,catchup,0.07,0.014333333333333333,6,0.9830805615889929,5.464917641817557e-05
2024-01-22,calm,normal,0.06201689710068381,,6,0.0,0.007516926445436223
2024-01-23,calm,catchup,0.06851136232790389,,6,0.0,0.0013931884344711154
2024-01-24,calm,catchup,0.0755368573528774,,6,0.0,-0.005147994059919725
2024-01-25,calm,catchup,0.07357604865429868,,6,0.0,-0.0033309691090640525
2024-01-26,calm,catchup,0.07,0.008,8,0.9846656902410253,-0.007817585992719756
2024-01-29,calm,normal,0.060152384994544006,,8,0.0,0.009288867473053575
2024-01-30,calm,catchup,0.0562134785522419,,8,0.0,0.013052779317544339
2024-01-31,calm,catchup,0.06277510567071443,,8,0.0,0.006798140350423365
2024-02-01,calm,catchup,0.049845444418306295,,8,0.0,0.01919764065163032
2024-02-02,calm,catchup,0.07,0.005666666666666667,8,0.6365492266440541,0.008960730045056264
2024-02-05,calm,normal,0.08997847554379224,,8,0.0,-0.01832923859695934
2024-02-06,calm,catchup,0.09550108938116919,,8,0.0,-0.02327801371295246
2024-02-07,calm,catchup,0.08863979981801262,,8,0.0,-0.01712210027699579
2024-02-08,calm,catchup,0.07669664403574195,,8,0.0,-0.0062196200506775545
2024-02-09,calm,catchup,0.07,0.006333333333333333,7,0.7990429768983394,0.0009836864896644038
2024-02-12,calm,normal,0.07056834632977282,,7,0.0,-0.0005308828079227945
2024-02-13,calm,catchup,0.08750246551519636,,7,0.0,-0.016094184675622514
2024-02-14,calm,catchup,0.07419752665964952,,7,0.0,-0.003907592929116355
2024-02-15,calm,catchup,0.07788996864020015,,7,0.0,-0.007319827505356313
2024-02-16,calm,catchup,0.07,0.022,6,0.9051344097371917,-0.01732524525345469
2024-02-20,calm,catchup,0.08930777119145938,,6,0.0,-0.017724808086461152
2024-02-21,calm,catchup,0.09973400460942505,,6,0.0,-0.027037451315316208
2024-02-22,calm,catchup,0.0798991159406206,,6,0.0,-0.009166704365711209
2024-02-23,calm,catchup,0.07,0.04133333333333333,4,0.7934335133677077,0.0005951742729906062
2024-02-26,calm,normal,0.03744629167352631,,4,0.0,0.0313786926491979
2024-02-27,calm,normal,0.018368565358243938,,4,0.0,0.050700145701760846
2024-02-28,calm,catchup,0.031762833344463504,,4,0.0,0.03706003494193588
2024-02-29,calm,catchup,0.03592205966985729,,4,0.0,0.03289623964664212
2024-03-01,calm,catchup,0.07,0.009666666666666667,7,0.6470629693695263,0.039500908861548334
2024-03-04,calm,normal,0.07809517615220107,,7,0.0,-0.007508776897688363
2024-03-05,calm,catchup,0.0864700256695845,,7,0.0,-0.015159208519750944
2024-03-06,calm,catchup,0.08373111909622644,,7,0.0,-0.012670226824968656
2024-03-07,calm,catchup,0.0737798219574679,,7,0.0,-0.003520108946150069
2024-03-08,calm,catchup,0.07,0.0036666666666666666,7,0.42126936231430123,-0.006927275640828623
2024-03-11,calm,normal,0.06701459738051918,,7,0.0,0.0027979023218707155
2024-03-12,calm,catchup,0.0563940520047268,,7,0.0,0.012879614353614732
2024-03-13,calm,catchup,0.05249984169585242,,7,0.0,0.01662723129340371
2024-03-14,calm,catchup,0.057075523885995905,,7,0.0,0.012226634542148451
2024-03-15,calm,catchup,0.07,0.005,7,0.45705592330466815,0.017144196072170326
2024-03-18,calm,normal,0.06394045105510782,,7,0.0,0.005695383551666877
2024-03-19,calm,catchup,0.0582523110817279,,7,0.0,0.011101028360867904
2024-03-20,calm,catchup,0.03795688353265314,,7,0.0,0.030871336734421106
2024-03-21,calm,normal,0.02340974733476875,,7,0.0,0.045524534807846795
2024-03-22,calm,catchup,0.07,0.007,8,0.7328896947421464,0.037798900978231575
2024-03-25,calm,normal,0.07193517153260132,,8,0.0,-0.0018053064998646562
2024-03-26,calm,catchup,0.06761974304711127,,8,0.0,0.0022294988158380047
2024-03-27,calm,catchup,0.05671001691287514,,8,0.0,0.012576755093086867
2024-03-28,calm,catchup,0.07,0.006666666666666667,7,0.8799147884821715,0.015576291961854505
2024-04-01,calm,normal,0.09280526415405332,,7,0.0,-0.020868552616011504
2024-04-02,calm,catchup,0.10493478295718539,,7,0.0,-0.03161705423345251
2024-04-03,calm,catchup,0.1036228824759875,,7,0.0,-0.030465916401220428
2024-04-04,calm,catchup,0.11331015063052852,,7,0.0,-0.038902142952706886
2024-04-05,calm,catchup,0.07,0.009666666666666667,7,0.621468431692553,-0.03433014116018329
2024-04-08,calm,normal,0.06913463310455525,,7,0.0,0.000809408720519933
2024-04-09,calm,catchup,0.05976691511804222,,7,0.0,0.009655976928490961
2024-04-10,calm,catchup,0.08138726549783803,,7,0.0,-0.010530238205270215
2024-04-11,calm,catchup,0.08226813105576225,,7,0.0,-0.011335574525135894
2024-04-12,calm,catchup,0.07,0.005666666666666667,7,0.5708036836451503,-0.022512565930533857
2024-04-15,calm,normal,0.0827040799705443,,7,0.0,-0.011733658536587255
2024-04-16,calm,catchup,0.09154717526424916,,7,0.0,-0.019740031170922823
2024-04-17,calm,catchup,0.0948895966950638,,7,0.0,-0.022732517296897625
2024-04-18,calm,catchup,0.106486675024414,,7,0.0,-0.032975250265538825
2024-04-19,calm,catchup,0.07,0.016,6,0.4601813136577452,-0.03125168566527525
2024-04-22,calm,normal,0.06192370906483746,,6,0.0,0.007605340069367861
2024-04-23,calm,catchup,0.0561726951846222,,6,0.0,0.013091897639865513
2024-04-24,calm,catchup,0.04863375705774753,,6,0.0,0.020375314830796354
2024-04-25,calm,catchup,0.054467196983765565,,6,0.0,0.01473047531555749
2024-04-26,calm,catchup,0.07,0.012666666666666666,10,0.6178559322230267,0.002094915050349977
2024-04-29,calm,normal,0.06695444348224044,,10,0.0,0.002854439134083231
2024-04-30,calm,catchup,0.08604116175432086,,10,0.0,-0.014770307350422174
2024-05-01,calm,catchup,0.08600836769280407,,10,0.0,-0.014740556490198453
2024-05-02,calm,catchup,0.07653258573350641,,10,0.0,-0.006068172779976955
2024-05-03,calm,catchup,0.07,0.012,5,0.4192781901445598,-0.001729671072638328
2024-05-06,calm,normal,0.054764214987172766,,5,0.0,0.01444473067662111
2024-05-07,calm,catchup,0.0556514761824336,,5,0.0,0.01359210320953208
2024-05-08,calm,catchup,0.06176021376030061,,5,0.0,0.007760496327619659
2024-05-09,calm,catchup,0.048765871333980915,,5,0.0,0.020246776946517553
2024-05-10,calm,catchup,0.07,0.023,6,0.25755494511613486,0.021950696291117122
2024-05-13,calm,normal,0.0650545767672237,,6,0.0,0.004643351937688722
2024-05-14,calm,catchup,0.054027232345202014,,6,0.0,0.015154036978018759
2024-05-15,calm,catchup,0.052998673070028035,,6,0.0,0.016145629965899744
2024-05-16,calm,catchup,0.051546318984675876,,6,0.0,0.017549090023102565
2024-05-17,calm,catchup,0.07,0.021,6,0.974076759591758,0.026712612347082
2024-05-20,calm,normal,0.06824272803362841,,6,0.0,0.0016450118687971749
2024-05-21,calm,catchup,0.0578803116788742,,6,0.0,0.01145657801485278
2024-05-22,calm,catchup,0.055656224673180654,,6,0.0,0.01358754392914241
2024-05-23,calm,catchup,0.05299261358754892,,6,0.0,0.016151477411134874
2024-05-24,calm,catchup,0.07,0.007666666666666666,6,1.064727426823301,0.03900150744150088
2024-05-28,calm,catchup,0.08059083587708504,,6,0.0,-0.009800967697906393
2024-05-29,calm,catchup,0.08633108945615287,,6,0.0,-0.015033252398519381
2024-05-30,calm,catchup,0.0917477633833661,,6,0.0,-0.019920135504531644
2024-05-31,calm,catchup,0.07,0.0023333333333333335,8,0.7943999645724045,-0.0031142064675667713
2024-06-03,calm,normal,0.0759097665043218,,8,0.0,-0.00549280867997215
2024-06-04,calm,catchup,0.09417055246582406,,8,0.0,-0.022090296993785064
2024-06-05,calm,catchup,0.08746617256905997,,8,0.0,-0.016061347938573056
2024-06-06,calm,catchup,0.09183789387364238,,8,0.0,-0.020001040443985207
2024-06-07,calm,catchup,0.07,0.008,6,1.3463263696118513,-0.018528842966067938
2024-06-10,calm,normal,0.08062403684133779,,6,0.0,-0.00983139045508541
2024-06-11,calm,catchup,0.08113060606901823,,6,0.0,-0.010295338978043578
2024-06-12,calm,catchup,0.06281508776080003,,6,0.0,0.0067602655644809495
2024-06-13,calm,catchup,0.06568843499014676,,6,0.0,0.0040458025707046374
2024-06-14,calm,catchup,0.07,0.006333333333333333,6,1.0261216066302652,-0.014716294223579451
2024-06-17,calm,normal,0.06777770442170361,,6,0.0,0.002081234295391088
2024-06-18,calm,catchup,0.06239235609456961,,6,0.0,0.007160860920909284
2024-06-20,calm,catchup,0.05426228124562327,,6,0.0,0.014927707302382576
2024-06-21,calm,catchup,0.07,0.006333333333333333,8,0.8263382602650025,0.015534527607570237
2024-06-24,calm,normal,0.05674934935036813,,8,0.0,0.012539066769028828
2024-06-25,calm,catchup,0.059200916939929016,,8,0.0,0.010195500105182997
2024-06-26,calm,catchup,0.07018738869093233,,8,0.0,-0.0001750989526809743
2024-06-27,calm,catchup,0.08894815031537529,,8,0.0,-0.01740041553850613
2024-06-28,calm,catchup,0.07,0.0016666666666666668,5,0.6791467460570073,-0.02418767545850642
2024-07-01,calm,normal,0.08665926197272955,,5,0.0,-0.015330713642918936
2024-07-02,calm,catchup,0.0797931365836293,,5,0.0,-0.009069456224378158
2024-07-03,calm,catchup,0.07298163394097013,,5,0.0,-0.0027788303607944043
2024-07-05,calm,catchup,0.07,0.006666666666666667,7,0.5984917504946788,-0.00209709409403247
2024-07-08,calm,normal,0.06818442953993742,,7,0.0,0.0016996788287249043
2024-07-09,calm,catchup,0.07118103393132058,,7,0.0,-0.001102553064243561
2024-07-10,calm,catchup,0.056294788414002817,,7,0.0,0.012974798073722704
2024-07-11,calm,catchup,0.03424954815904191,,7,0.0,0.034566562687500024
2024-07-12,calm,catchup,0.07,0.0033333333333333335,6,1.3758648452091897,0.04212733575278205
2024-07-15,calm,normal,0.0658666680307407,,6,0.0,0.0038779071465815385
2024-07-16,calm,catchup,0.03856662272175049,,6,0.0,0.030266115423460027
2024-07-17,calm,catchup,0.04890834836686575,,6,0.0,0.020108193119040108
2024-07-18,calm,catchup,0.061667448839621386,,6,0.0,0.007848551040616325
2024-07-19,calm,catchup,0.07,0.07366666666666667,6,0.7292985824812137,-0.004433376991983762
2024-07-22,calm,normal,0.03574860717144457,,6,0.0,0.03306921447096478
2024-07-23,calm,catchup,0.034989495693150685,,6,0.0,0.03382691752190414
2024-07-24,calm,catchup,0.10306443302364521,,6,0.0,-0.029975069482578887
2024-07-25,calm,catchup,0.12079056330049642,,6,0.0,-0.04531672996150915
2024-07-26,calm,catchup,0.07,0.09433333333333334,7,0.42711859619131587,-0.01344477956796386
2024-07-29,calm,normal,0.08278045385329169,,7,0.0,-0.01180336586960895
2024-07-30,calm,catchup,0.10776368396877012,,7,0.0,-0.03409001803839129
2024-07-31,calm,catchup,0.05083637859170009,,7,0.0,0.018236541671675432
2024-08-01,calm,catchup,0.09402641747915097,,7,0.0,-0.021961460066487692
2024-08-02,choppy,catchup,0.07,0.11833333333333333,9,0.6240776350833794,-0.0567413790959137
2024-08-05,stress,normal,0.09877651945457133,,9,0.0,-0.026189601748002334
2024-08-06,choppy,catchup,0.08891607860981998,,9,0.0,-0.017371475159012606
2024-08-07,choppy,catchup,0.0978928174132836,,9,0.0,-0.02540577456276749
2024-08-08,choppy,catchup,0.05065846866867885,,9,0.0,0.01840896153040994
2024-08-09,choppy,catchup,0.07,0.045,6,1.0762804124008511,0.034969792107299336
2024-08-12,choppy,normal,0.07871405339471993,,6,0.0,-0.008078186584569602
2024-08-13,calm,catchup,0.05740350672098882,,6,0.0,0.011912664558937358
2024-08-14,calm,catchup,0.05751443811541579,,6,0.0,0.011806516709913284
2024-08-15,calm,catchup,0.031673907789470324,,6,0.0,0.037149424756364846
2024-08-16,calm,catchup,0.07,0.013666666666666667,7,1.6864408481015272,0.03971715942842535
2024-08-19,calm,normal,0.06307619028056988,,7,0.0,0.0065129948189346365
2024-08-20,calm,catchup,0.06627434373834906,,7,0.0,0.0034940878804126108
2024-08-21,calm,catchup,0.050713365255743215,,7,0.0,0.01835575275047785
2024-08-22,calm,catchup,0.05355396866247042,,7,0.0,0.015610051147553872
2024-08-23,calm,catchup,0.07,0.029333333333333333,8,0.5970731538925597,0.03606546461637716
2024-08-26,calm,normal,0.08648047679849902,,8,0.0,-0.015168681950973983
2024-08-27,calm,catchup,0.07944828435524887,,8,0.0,-0.008752882831151276
2024-08-28,calm,catchup,0.07989949791247763,,8,0.0,-0.009167054833911892
2024-08-29,calm,catchup,0.08215896281371715,,8,0.0,-0.011235838015981159
2024-08-30,calm,catchup,0.07,0.007,10,1.138763378692096,-0.0015711769280382093
2024-09-03,choppy,catchup,0.08113873531911153,,10,0.0,-0.010302780721129001
2024-09-04,choppy,catchup,0.0812791504450181,,10,0.0,-0.010431302999207803
2024-09-05,calm,catchup,0.08403510320049823,,10,0.0,-0.012947092911531177
2024-09-06,choppy,catchup,0.07,0.025666666666666667,10,0.7985376787927532,-0.03615815534959854
2024-09-09,calm,normal,0.06480110915434167,,10,0.0,0.004882499464888168
2024-09-10,calm,catchup,0.06667031080640817,,10,0.0,0.003121572954509766
2024-09-11,calm,catchup,0.052156871494306145,,10,0.0,0.01695861994452641
2024-09-12,calm,catchup,0.04601822851197923,,10,0.0,0.02292672425234521
2024-09-13,calm,catchup,0.07,0.007666666666666666,9,1.125674628523661,0.03495742380525879
2024-09-16,calm,normal,0.06417901740171827,,9,0.0,0.005469927994346424
2024-09-17,calm,catchup,0.06875798957357726,,9,0.0,0.0011621063314046776
2024-09-18,calm,catchup,0.06827733626450527,,9,0.0,0.0016125622785545524
2024-09-19,calm,catchup,0.06962185176247826,,9,0.0,0.0003535345102558818
2024-09-20,calm,catchup,0.07,0.027333333333333334,5,1.1098781714834334,-0.0027249696412683377
2024-09-23,calm,normal,0.06749681760760873,,5,0.0,0.002344908529096301
2024-09-24,calm,catchup,0.06380468570836761,,5,0.0,0.0058237328476393735
2024-09-25,calm,catchup,0.06980386005874584,,5,0.0,0.00018334196442659767
2024-09-26,calm,catchup,0.07524910363147885,,5,0.0,-0.00488175587754569
2024-09-27,calm,catchup,0.07,0.050666666666666665,5,0.6041598412049946,-0.015954609814168075
2024-09-30,calm,normal,0.0724697457660215,,5,0.0,-0.002302858216533976
2024-10-01,calm,catchup,0.07712633762942334,,5,0.0,-0.0066160647831777775
2024-10-02,calm,catchup,0.0629866581826195,,5,0.0,0.006597770313854445
2024-10-03,choppy,catchup,0.06439247703449502,,5,0.0,0.00526828504193122
2024-10-04,calm,catchup,0.07,0.009,6,0.290308594154817,0.01735251211140687
2024-10-07,choppy,normal,0.0744303329549818,,6,0.0,-0.004123425055207686
2024-10-08,choppy,catchup,0.06751918881858932,,6,0.0,0.0023239031273585287
2024-10-09,choppy,catchup,0.062190462002249536,,6,0.0,0.007352295352972105
2024-10-10,choppy,catchup,0.07051699218437046,,6,0.0,-0.00048293692500434027
2024-10-11,choppy,catchup,0.07,0.011666666666666667,7,0.3634010020697701,0.0070918760789515645
2024-10-14,calm,normal,0.06451002273190576,,7,0.0,0.005157280956364474
2024-10-15,choppy,catchup,0.06028244515491821,,7,0.0,0.009165062469427276
2024-10-16,calm,catchup,0.05530955582734598,,7,0.0,0.013920507107639146
2024-10-17,calm,catchup,0.05700679011356713,,7,0.0,0.0122924564042175
2024-10-18,calm,catchup,0.07,0.016666666666666666,8,0.5044996405536192,0.005902459595754639
2024-10-21,calm,normal,0.07740879678300949,,8,0.0,-0.006876495537377236
2024-10-22,calm,catchup,0.08753534179871436,,8,0.0,-0.016123928229966333
2024-10-23,calm,catchup,0.10807835332118154,,8,0.0,-0.034364314768040916
2024-10-24,calm,catchup,0.09894988928937232,,8,0.0,-0.026343229633602805
2024-10-25,choppy,catchup,0.07,0.04533333333333334,6,0.8957626721418513,-0.026976695329082756
2024-10-28,calm,normal,0.0609941701500476,,6,0.0,0.008488104933393581
2024-10-29,calm,catchup,0.051327781140720674,,6,0.0,0.017760606343931507
2024-10-30,choppy,catchup,0.06803620205229333,,6,0.0,0.001838699796816945
2024-10-31,choppy,catchup,0.0753528496828555,,6,0.0,-0.004977761191997776
2024-11-01,choppy,catchup,0.07,0.024333333333333332,7,1.1844893173541373,-0.01229342541562417
2024-11-04,choppy,normal,0.06076871685694929,,7,0.0,0.008702446627953941
2024-11-05,choppy,normal,0.018206004320354463,,7,0.0,0.05086789457131302
2024-11-06,calm,bank,-0.03085741471128267,,7,0.0,0.10406870592858763
2024-11-07,calm,bank,-0.040068089094348,,7,0.0,0.11466239203414319
2024-11-08,calm,catchup,0.07,0.013666666666666667,9,1.0643641911050403,0.12974248368214059
2024-11-11,calm,normal,0.06486806145439394,,9,0.0,0.004819318684980534
2024-11-12,calm,catchup,0.07635709332341745,,9,0.0,-0.0059061192264631135
2024-11-13,calm,catchup,0.07850992181183303,,9,0.0,-0.00789044369433034
2024-11-14,calm,catchup,0.09065580740765955,,9,0.0,-0.018938887289066564
2024-11-15,calm,catchup,0.07,0.084,6,1.307057870981168,-0.03607817530930402
2024-11-18,calm,normal,0.07512045060046169,,6,0.0,-0.004762676216978123
2024-11-19,calm,catchup,0.06297192003837271,,6,0.0,0.006611726828469333
2024-11-20,calm,catchup,0.06614910402206653,,6,0.0,0.0036119675600776446
2024-11-21,calm,catchup,0.0331898304646594,,6,0.0,0.035627692462657956
2024-11-22,calm,catchup,0.07,0.008666666666666666,9,1.1549433865055474,0.05119178492454779
2024-11-25,calm,normal,0.06589552688722544,,9,0.0,0.0038507274017380855
2024-11-26,calm,catchup,0.049342869617987395,,9,0.0,0.01968577762341206
2024-11-27,calm,catchup,0.056139229578827665,,9,0.0,0.01312399921618268
2024-11-29,calm,catchup,0.07,0.036333333333333336,6,0.960845645409271,0.01525007789123789
2024-12-02,calm,normal,0.08422273959854554,,6,0.0,-0.013117913025705086
2024-12-03,calm,catchup,0.09025513603833235,,6,0.0,-0.018578344984398254
2024-12-04,calm,catchup,0.09769819462351848,,6,0.0,-0.02523297820765591
2024-12-05,calm,catchup,0.09425308116161735,,6,0.0,-0.022164051058344958
2024-12-06,calm,catchup,0.07,0.009333333333333334,6,0.6611517175657334,-0.04326924602154747
2024-12-09,calm,normal,0.08746825169676065,,6,0.0,-0.01606322912830349
2024-12-10,calm,catchup,0.0872647470523431,,6,0.0,-0.0158790645048954
2024-12-11,calm,catchup,0.07382613013512263,,6,0.0,-0.0035630816086036354
2024-12-12,calm,catchup,0.0759138843706364,,6,0.0,-0.005496614976853498
2024-12-13,calm,catchup,0.07,0.005,7,0.8928748865237488,-0.0085042875055098
2024-12-16,calm,normal,0.06830180732304458,,7,0.0,0.0015896188374058262
2024-12-17,calm,catchup,0.07756438026929202,,7,0.0,-0.007019887078488551
2024-12-18,choppy,catchup,0.11603349931971563,,7,0.0,-0.04124741716783187
2024-12-19,choppy,catchup,0.14390032688583432,,7,0.0,-0.0646038165641768
2024-12-20,calm,catchup,0.07,0.021333333333333333,7,0.4675564769167397,-0.05312452674166779
2024-12-23,calm,normal,0.07005997624276072,,7,0.0,-5.604942161396842e-05
2024-12-24,calm,catchup,0.05516467502645361,,7,0.0,0.014059724822738762
2024-12-26,calm,catchup,0.05363448399925774,,7,0.0,0.015532441514845008
2024-12-27,calm,catchup,0.07,0.027666666666666666,8,0.6947607064903716,0.004999911855478434
2024-12-30,calm,normal,0.08101378544519577,,8,0.0,-0.010188385748161277
2024-12-31,calm,catchup,0.08115925871141338,,8,0.0,-0.010321567911015794
2025-01-02,calm,catchup,0.07401189009925835,,8,0.0,-0.003735424287423461
2025-01-03,calm,catchup,0.07,0.015,7,0.5717917354347065,0.018666215948103693
2025-01-06,calm,normal,0.07646562901079745,,7,0.0,-0.006006349702720071
2025-01-07,calm,catchup,0.10281372124749599,,7,0.0,-0.02975454568191005
2025-01-08,calm,catchup,0.09159569032695636,,7,0.0,-0.019783598010072678
2025-01-10,calm,catchup,0.07,0.05,6,0.6093847828409137,-0.036492733387043064
2025-01-13,calm,normal,0.059935447861824365,,6,0.0,0.009495438763255537
2025-01-14,calm,catchup,0.04417043277843935,,6,0.0,0.024736926473612808
2025-01-15,calm,normal,0.01909133229071025,,6,0.0,0.04995496095021967
2025-01-16,calm,normal,0.021659348818813928,,6,0.0,0.04731582130293721
2025-01-17,calm,catchup,0.07,0.03266666666666666,7,1.0568526821542308,0.05189819924914496
2025-01-21,calm,catchup,0.05865178335548271,,7,0.0,0.010719498916393677
2025-01-22,calm,catchup,0.06667105109511828,,7,0.0,0.0031208767702695095
2025-01-23,calm,catchup,0.05772632789271137,,7,0.0,0.011603825851381977
2025-01-24,calm,catchup,0.07,0.03166666666666667,5,1.4389092652445679,0.005913854807496177
2025-01-27,calm,normal,0.0771344988995104,,5,0.0,-0.006623591489084646
2025-01-28,calm,catchup,0.06929843597112773,,5,0.0,0.0006560974983893519
2025-01-29,calm,catchup,0.08977550260171285,,5,0.0,-0.01814640038659443
2025-01-30,calm,catchup,0.06972174615103288,,5,0.0,0.0002601179699004419
2025-01-31,calm,catchup,0.07,0.08,7,0.8749665707532626,-0.010202389746613694
2025-02-03,calm,normal,0.08694983040313176,,7,0.0,-0.015593939967629589
2025-02-04,calm,catchup,0.08050642234949379,,7,0.0,-0.009723609348520235
2025-02-05,calm,catchup,0.06911672157041382,,7,0.0,0.000826175862527645
2025-02-06,calm,catchup,0.07303139991629792,,7,0.0,-0.002825080343906272
2025-02-07,calm,catchup,0.07,0.05266666666666667,6,0.9128013918236566,-0.008853952502027918
2025-02-10,calm,normal,0.06645740643306475,,6,0.0,0.0033218331511091215
2025-02-11,calm,catchup,0.07972341786989734,,6,0.0,-0.009005470946513272
2025-02-12,calm,catchup,0.0976418160532837,,6,0.0,-0.025182910899544053
2025-02-13,calm,catchup,0.08764275360392482,,6,0.0,-0.016221092399563264
2025-02-14,calm,catchup,0.07,0.032,6,0.9868398053813957,-0.013613504727763237
2025-02-18,calm,catchup,0.07779324556675071,,6,0.0,-0.007230742629726339
2025-02-19,calm,catchup,0.08028106736018459,,6,0.0,-0.009517030031182205
2025-02-20,calm,catchup,0.08443969540494023,,6,0.0,-0.013315351204981618
2025-02-21,calm,catchup,0.07,0.07,6,1.07792889233134,-0.029259111962370743
2025-02-24,calm,normal,0.077437746885892,,6,0.0,-0.00690318016738245
2025-02-25,calm,catchup,0.07528342109049535,,6,0.0,-0.004913514880697245
2025-02-26,calm,catchup,0.057165295810485794,,6,0.0,0.012140678700273133
2025-02-27,choppy,catchup,0.09375961919574416,,6,0.0,-0.021722889361388886
2025-02-28,calm,catchup,0.07,0.05366666666666667,5,0.37183946113797,-0.017310079859858774
2025-03-03,choppy,normal,0.11673334252213441,,5,0.0,-0.04184825574974549
2025-03-04,choppy,catchup,0.14779847991124462,,5,0.0,-0.06778060894213811
2025-03-05,choppy,catchup,0.13846660123330712,,5,0.0,-0.0601393147230993
2025-03-06,choppy,brake,0.19618025286037177,0.0,1,0.5617912117008395,-0.10548598554326793
2025-03-07,choppy,catchup,0.07,0.029,5,0.16795518056396197,-0.10828082187998056
2025-03-10,stress,normal,0.11797315927939511,,5,0.0,-0.04291083277018637
2025-03-11,choppy,catchup,0.1251846690258056,,5,0.0,-0.04904498838718163
2025-03-12,choppy,catchup,0.12457660677667426,,5,0.0,-0.04853080390237241
2025-03-13,choppy,catchup,0.15138131494807938,,5,0.0,-0.07068146225019212
2025-03-14,choppy,catchup,0.07,0.074,6,1.1756453465445724,-0.0391077572755163
2025-03-17,choppy,normal,0.061908568951508425,,6,0.0,0.007619705956870559
2025-03-18,choppy,catchup,0.07597312427632463,,6,0.0,-0.005551369399065642
2025-03-19,choppy,catchup,0.044862980481263914,,6,0.0,0.024057718560531294
2025-03-20,choppy,catchup,0.057800824400448425,,6,0.0,0.011532582805903857
2025-03-21,choppy,catchup,0.07,0.029,6,1.1550793671569055,0.012574687667902928
2025-03-24,calm,normal,0.055959534248509524,,6,0.0,0.013296405114124665
2025-03-25,calm,catchup,0.05489745468330898,,6,0.0,0.014316600395272605
2025-03-26,choppy,catchup,0.055238268455944484,,6,0.0,0.013989003228299657
2025-03-27,choppy,catchup,0.0545368528004917,,6,0.0,0.014663448848130312
2025-03-28,choppy,catchup,0.07,0.07233333333333333,8,0.9403092460179067,-0.009368643073080052
2025-03-31,stress,normal,0.08567023655575579,,8,0.0,-0.014433698215278512
2025-04-01,stress,catchup,0.08360331861181969,,8,0.0,-0.012553780869965059
2025-04-02,choppy,catchup,0.06165435458741486,,8,0.0,0.007860981661803157
2025-04-03,stress,catchup,0.15361788868637993,,8,0.0,-0.07248317619415146
2025-04-04,stress,catchup,0.07,0.006333333333333333,6,0.6766027288595835,-0.11798043145492765
2025-04-07,stress,normal,0.08140902414563711,,6,0.0,-0.010550146975748298
2025-04-08,stress,catchup,0.07698700582314388,,6,0.0,-0.006487548861189518
2025-04-09,stress,catchup,0.05833103509618631,,6,0.0,0.011025817553156347
2025-04-10,stress,catchup,0.05566616960532045,,6,0.0,0.013577995399851162
2025-04-11,stress,catchup,0.07,0.051666666666666666,2,0.48644802480402327,0.01818634484623849
2025-04-14,stress,normal,0.06725591251945562,,2,0.0,0.002571161657063614
2025-04-15,stress,catchup,0.05932944574984922,,2,0.0,0.010072932733969031
2025-04-16,stress,catchup,0.0543289625097938,,2,0.0,0.014863517979153196
2025-04-17,choppy,catchup,0.07,0.07866666666666666,8,0.5490900958697021,0.014818546841197211
2025-04-21,stress,normal,0.08210795999500209,,8,0.0,-0.011189234755336286
2025-04-22,stress,catchup,0.0774336669196809,,8,0.0,-0.006899419563278775
2025-04-23,choppy,catchup,0.08389273994211233,,8,0.0,-0.012817449024388083
2025-04-24,choppy,catchup,0.07823500254183657,,8,0.0,-0.0076374839644633985
2025-04-25,choppy,catchup,0.07,0.14,6,0.1167282772696317,-0.022513675256394583
2025-04-28,choppy,normal,0.06082891198152951,,6,0.0,0.008645209340438997
2025-04-29,choppy,catchup,0.06923439436673817,,6,0.0,0.0007160316178524972
2025-04-30,choppy,catchup,0.05414525031048045,,6,0.0,0.015040384315965882
2025-05-01,choppy,catchup,0.07568487005908309,,6,0.0,-0.00528488427913909
2025-05-02,choppy,catchup,0.07,0.08333333333333333,6,0.30967305915079585,0.004557502053565532
2025-05-05,choppy,normal,0.059978414861662,,6,0.0,0.009454518127754552
2025-05-06,choppy,catchup,0.046645712404047135,,6,0.0,0.02231346034209647
2025-05-07,choppy,normal,0.025997084006799565,,6,0.0,0.04288795424384362
2025-05-08,choppy,catchup,0.058397548915127606,,6,0.0,0.010962280758081144
2025-05-09,choppy,catchup,0.07,0.067,7,0.7510871327078534,0.014622580735460744
2025-05-12,calm,normal,0.061504568586177255,,7,0.0,0.00800319816346895
2025-05-13,calm,catchup,0.056322693579838434,,7,0.0,0.012948038041111998
2025-05-14,calm,normal,0.025173042902224996,,7,0.0,0.04372623471533332
2025-05-15,calm,normal,0.00808391450567636,,7,0.0,0.061419574901842244
2025-05-16,calm,catchup,0.07,0.050333333333333334,6,0.9168837712803762,0.07052614618885089
2025-05-19,calm,normal,0.05851068261548176,,6,0.0,0.010854229034447993
2025-05-20,calm,catchup,0.05804834844217033,,6,0.0,0.011295940847530161
2025-05-21,choppy,catchup,0.07597024846515654,,6,0.0,-0.00554871147568714
2025-05-22,choppy,catchup,0.09784720825997661,,6,0.0,-0.025365285852584796
2025-05-23,choppy,catchup,0.07,0.035,5,0.7166628687883457,-0.02737216420730959
2025-05-27,calm,catchup,0.061967419396737666,,5,0.0,0.007563867268004731
2025-05-28,calm,catchup,0.05558456645111565,,5,0.0,0.013656351188753302
2025-05-29,calm,catchup,0.05120212299914706,,5,0.0,0.017882266968051175
2025-05-30,calm,catchup,0.07,0.04533333333333334,7,0.6257795698324887,0.03215973680120432
2025-06-02,calm,normal,0.058115104244145455,,7,0.0,0.011232138836487326
2025-06-03,calm,catchup,0.06572831189483641,,7,0.0,0.0040082336722093714
2025-06-04,calm,catchup,0.06852877059445683,,7,0.0,0.0013768739279942377
2025-06-05,calm,catchup,0.07252357264647502,,7,0.0,-0.0023529297731406107
2025-06-06,calm,catchup,0.07,0.04133333333333333,8,0.20694800708626457,-0.008969350242868601
2025-06-09,calm,normal,0.08401065129797192,,8,0.0,-0.012924828073594852
2025-06-10,calm,catchup,0.08331913297548588,,8,0.0,-0.012294745444865307
2025-06-11,calm,catchup,0.0649197182132919,,8,0.0,0.004770577255562403
2025-06-12,calm,catchup,0.0818558120591737,,8,0.0,-0.010958772811515027
2025-06-13,choppy,catchup,0.07,0.06466666666666666,8,0.5057355129368342,-0.01557565949062012
2025-06-16,calm,normal,0.06165577600581562,,8,0.0,0.007859632267604999
2025-06-17,choppy,catchup,0.07397181622233462,,8,0.0,-0.003698249956228139
2025-06-18,choppy,catchup,0.08302652623804829,,8,0.0,-0.012027892136027951
2025-06-20,choppy,catchup,0.07,0.066,5,0.7563839580364347,-0.01411367407730979
2025-06-23,calm,normal,0.052154019090252746,,5,0.0,0.01696137693336741
2025-06-24,calm,catchup,0.04099661128661514,,5,0.0,0.027861174953814904
2025-06-25,calm,catchup,0.05666012347468885,,5,0.0,0.012624567000261822
2025-06-26,calm,catchup,0.03365737275924352,,5,0.0,0.03515925895613137
2025-06-27,calm,catchup,0.07,0.034333333333333334,8,1.1951673464725732,0.05036972904584336
2025-06-30,calm,normal,0.06420229578549308,,8,0.0,0.0054479343236406574
2025-07-01,calm,catchup,0.08278812426484783,,8,0.0,-0.011810366200248335
2025-07-02,calm,catchup,0.0708000765110759,,8,0.0,-0.000747176367116742
2025-07-03,calm,catchup,0.07,0.038,6,0.5648163581120229,0.014662279905253373
2025-07-07,calm,normal,0.08143806680023369,,6,0.0,-0.01057671923282355
2025-07-08,calm,catchup,0.08757358150609651,,6,0.0,-0.016158521873766096
2025-07-09,calm,catchup,0.0816962778980046,,6,0.0,-0.010812903896399773
2025-07-10,calm,catchup,0.08042616301195249,,6,0.0,-0.009650046776807808
2025-07-11,calm,catchup,0.07,0.049,8,0.26355147173222243,-0.010726448140905398
2025-07-14,calm,normal,0.0626608893171543,,8,0.0,0.006906352493655454
2025-07-15,calm,catchup,0.0693867275451514,,8,0.0,0.0005734805183681413
2025-07-16,calm,catchup,0.06417366967016469,,8,0.0,0.005474980725318268
2025-07-17,calm,catchup,0.06262152519837172,,8,0.0,0.0069436526803379195
2025-07-18,calm,catchup,0.07,0.06333333333333334,6,0.2741214418476926,-0.011779159188578081
2025-07-21,calm,normal,0.06903416988770084,,6,0.0,0.0009034604688087366
2025-07-22,calm,catchup,0.06605269692887972,,6,0.0,0.0037027279068773122
2025-07-23,calm,catchup,0.06076098898665849,,6,0.0,0.008709795240648521
2025-07-24,calm,catchup,0.06354998113280419,,6,0.0,0.0060646128358967655
2025-07-25,calm,catchup,0.07,0.067,6,0.9211315149622719,0.02663706593386017
2025-07-28,calm,normal,0.07290808660610226,,6,0.0,-0.00271047132779223
2025-07-29,calm,catchup,0.0845810971719998,,6,0.0,-0.013443989767127018
2025-07-30,calm,catchup,0.0789086502295262,,6,0.0,-0.00825709408079267
2025-07-31,calm,catchup,0.05576599501338575,,6,0.0,0.013482158976368508
2025-08-01,choppy,catchup,0.07,0.11566666666666667,6,1.0598545791809781,-0.007113842807291992
2025-08-04,calm,normal,0.053576141150089684,,6,0.0,0.015588677655496319
2025-08-05,calm,catchup,0.042770133228794416,,6,0.0,0.026113009860468495
2025-08-06,calm,catchup,0.08290295970743311,,6,0.0,-0.011915157855805436
2025-08-07,calm,catchup,0.06456754880802129,,6,0.0,0.005102965235096013
2025-08-08,calm,catchup,0.07,0.05533333333333333,8,0.513927403377416,-0.006737480059406775
2025-08-11,calm,normal,0.07245250990111662,,8,0.0,-0.0022868237786517476
2025-08-12,calm,catchup,0.06075424062688661,,8,0.0,0.008716212501445497
2025-08-13,calm,catchup,0.06092995131881862,,8,0.0,0.008549149423019653
2025-08-14,calm,catchup,0.07591466530300561,,8,0.0,-0.005497336818380383
2025-08-15,calm,catchup,0.07,0.123,6,0.16975838099267146,-0.003769098885048505
2025-08-18,calm,normal,0.06698496329893522,,6,0.0,0.002825753693606714
2025-08-19,calm,catchup,0.1141574249078312,,6,0.0,-0.03963302125952628
2025-08-20,calm,catchup,0.10836393433315128,,6,0.0,-0.034613120424414445
2025-08-21,calm,catchup,0.10648323990727748,,6,0.0,-0.03297224810231614
2025-08-22,calm,catchup,0.07,0.01633333333333333,10,0.4169115112583881,-0.0214407403616389
2025-08-25,calm,normal,0.0819561726078124,,10,0.0,-0.011050514716316795
2025-08-26,calm,catchup,0.08374009767594504,,10,0.0,-0.012678406663562791
2025-08-27,calm,catchup,0.0791889179138654,,10,0.0,-0.008514651847637666
2025-08-28,calm,catchup,0.08057392572765742,,10,0.0,-0.009785471845933147
2025-08-29,calm,catchup,0.07,0.028666666666666667,7,0.5568586112150957,-0.009750294789807601
2025-09-02,calm,catchup,0.07457025600018996,,7,0.0,-0.004253101158040118
2025-09-03,calm,catchup,0.07504822988480542,,7,0.0,-0.004695817121941004
2025-09-04,calm,catchup,0.06787759591930875,,7,0.0,0.0019874975266844785
2025-09-05,calm,catchup,0.07,0.041,8,0.3044728568674702,0.0052322562028688235
2025-09-08,calm,normal,0.06839758955142616,,8,0.0,0.0014998259676406445
2025-09-09,calm,catchup,0.07331314254973553,,8,0.0,-0.003086836840425655
2025-09-10,calm,catchup,0.0865045955589947,,8,0.0,-0.015190543718320071
2025-09-11,calm,catchup,0.07015013997841812,,8,0.0,-0.00014029805053439315
2025-09-12,calm,catchup,0.07,0.029333333333333333,8,0.5297866297230005,-0.009884534326456085
2025-09-15,calm,normal,0.0794676607804814,,8,0.0,-0.008770675699201536
2025-09-16,calm,catchup,0.07463974600676893,,8,0.0,-0.0043174896741066116
2025-09-17,calm,catchup,0.06600325088953274,,8,0.0,0.0037492841669406474
2025-09-18,calm,catchup,0.060438956310769454,,8,0.0,0.009016118874483059
2025-09-19,calm,catchup,0.07,0.03966666666666667,5,0.43432316569833873,0.005959168048413455
2025-09-22,calm,normal,0.0780371968953506,,5,0.0,-0.007455398495058274
2025-09-23,calm,catchup,0.0736093156313693,,5,0.0,-0.0033618520059567336
2025-09-24,calm,catchup,0.08865463038369104,,5,0.0,-0.017135489863407183
2025-09-25,calm,catchup,0.08885107925590918,,5,0.0,-0.017312816798410458
2025-09-26,calm,catchup,0.07,0.04666666666666667,9,0.4058957954545376,-0.012530017049379283
2025-09-29,calm,normal,0.06730727491461619,,9,0.0,0.002522914580151525
2025-09-30,calm,catchup,0.05786828842059477,,9,0.0,0.011468073778369892
2025-10-01,calm,catchup,0.06178671475284059,,9,0.0,0.007735343768236369
2025-10-02,calm,catchup,0.06091286303340082,,9,0.0,0.00856539427810965
2025-10-03,calm,catchup,0.07,0.051333333333333335,6,0.31525908748395853,-0.002204402661471261
2025-10-06,calm,normal,0.06372979278654478,,6,0.0,0.005894548837472868
2025-10-07,calm,catchup,0.06896464686684478,,6,0.0,0.0009685569454425114
2025-10-08,calm,catchup,0.034621640263010844,,6,0.0,0.03419449039167177
2025-10-09,calm,catchup,0.03634408734240546,,6,0.0,0.03247561603202809
2025-10-10,choppy,catchup,0.07,0.06166666666666667,5,0.7401624376186619,0.008538460986403873
2025-10-13,calm,normal,0.06569400543722859,,5,0.0,0.004040554362511273
2025-10-14,choppy,catchup,0.043009217970331415,,5,0.0,0.025877798167682542
2025-10-15,choppy,catchup,0.03208732093696698,,5,0.0,0.03673398393133498
2025-10-16,choppy,normal,0.02612327728154762,,5,0.0,0.04275969923876266
2025-10-17,choppy,catchup,0.07,0.09633333333333334,6,0.7759712831062624,0.034498343440918955
2025-10-20,calm,normal,0.036195521204763104,,6,0.0,0.032623648822505125
2025-10-21,calm,catchup,0.03380066152856043,,6,0.0,0.03501578187995724
2025-10-22,calm,catchup,0.07175237461131845,,6,0.0,-0.0016350554968016517
2025-10-23,calm,normal,0.027424466518020107,,6,0.0,0.04143908858455547
2025-10-24,calm,catchup,0.07,0.08533333333333333,6,0.5547257333578899,0.09615391643141047
2025-10-27,calm,normal,0.05321688928125412,,6,0.0,0.01593509455606923
2025-10-28,calm,catchup,0.060951035997375946,,6,0.0,0.008529106146842436
2025-10-29,calm,catchup,0.05502783677728185,,6,0.0,0.014191249463571198
2025-10-30,calm,catchup,0.05500564069421876,,6,0.0,0.014212586859644327
2025-10-31,calm,catchup,0.07,0.07566666666666666,7,1.0068919691565523,0.013085880546559903
2025-11-03,calm,normal,0.08259669975135497,,7,0.0,-0.011635634723667687
2025-11-04,calm,catchup,0.06254890624169818,,7,0.0,0.007012471345584359
2025-11-05,calm,catchup,0.10879134808343638,,7,0.0,-0.03498525502610372
2025-11-06,calm,catchup,0.11799105282447031,,7,0.0,-0.04292615106643893
2025-11-07,calm,catchup,0.07,0.10533333333333333,5,0.6835530697158627,-0.030205818267914464
2025-11-10,calm,normal,0.028270707943529816,,5,0.0,0.040582009906638294
2025-11-11,calm,normal,0.020251373519853733,,5,0.0,0.048761146293304414
2025-11-12,calm,normal,0.0047873384616827774,,5,0.0,0.06490195391808684
2025-11-13,choppy,catchup,0.06893530522070379,,5,0.0,0.0009960329442728622
2025-11-14,calm,catchup,0.07,0.04066666666666666,9,0.5710138106571031,0.03175521835270545
2025-11-17,choppy,normal,0.08876891187494684,,9,0.0,-0.017238655209786735
2025-11-18,choppy,catchup,0.07651694457742075,,9,0.0,-0.006053731536923346
2025-11-19,choppy,catchup,0.07590819862283604,,9,0.0,-0.005491359421183395
2025-11-20,choppy,catchup,0.09109057986880797,,9,0.0,-0.019329815743935552
2025-11-21,choppy,catchup,0.07,0.103,6,0.4461906108309653,0.013120558761566592
2025-11-24,choppy,normal,0.008202456201963582,,6,0.0,0.061294776081816105
2025-11-25,calm,normal,0.0009760528649729316,,6,0.0,0.06895664180723227
2025-11-26,calm,bank,-0.016206088234297922,,6,0.0,0.08762616560573777
2025-11-28,calm,catchup,0.07,0.16233333333333333,5,0.9681559049205879,0.09993317474702934
2025-12-01,calm,normal,0.09172100019122276,,5,0.0,-0.019896109159224906
2025-12-02,calm,catchup,0.09322892004168981,,5,0.0,-0.021247992635251456
2025-12-03,calm,catchup,0.04965447432003667,,5,0.0,0.019383069550714005
2025-12-04,calm,normal,0.021159331766823275,,5,0.0,0.04782864604358261
2025-12-05,calm,catchup,0.07,0.028,8,1.3696870896864222,0.03553800125243933
2025-12-08,calm,normal,0.08193439598442653,,8,0.0,-0.01103060964576097
2025-12-09,calm,catchup,0.08316280613975491,,8,0.0,-0.012152195464193771
2025-12-10,calm,catchup,0.07630475633887879,,8,0.0,-0.00585777987298397
2025-12-11,calm,catchup,0.06268838708105262,,8,0.0,0.006880298126745066
2025-12-12,calm,catchup,0.07,0.042,6,0.5084679530792601,-0.00017330270239657164
2025-12-15,calm,normal,0.0543408989005838,,6,0.0,0.014852028519186655
2025-12-16,calm,catchup,0.055303798201761234,,6,0.0,0.01392603895037725
2025-12-17,calm,catchup,0.060073023596873165,,6,0.0,0.009364426961308903
2025-12-18,calm,catchup,0.060907083511410276,,6,0.0,0.008570888657368547
2025-12-19,calm,catchup,0.07,0.037333333333333336,8,0.2756838054951913,0.01461418221730626
2025-12-22,calm,normal,0.06881144293411645,,8,0.0,0.0011120362471239709
2025-12-23,calm,catchup,0.06901724900971118,,8,0.0,0.0009193032116172617
2025-12-24,calm,catchup,0.06466276791358738,,8,0.0,0.005013072915916794
2025-12-26,calm,catchup,0.07,0.04466666666666667,7,0.26001387419795496,0.006683765459784441
2025-12-29,calm,normal,0.07676781331275051,,7,0.0,-0.006285304249510237
2025-12-30,calm,catchup,0.0778119406429989,,7,0.0,-0.007247962606851788
2025-12-31,calm,catchup,0.0845987177680696,,7,0.0,-0.013460017542812008
2026-01-02,calm,catchup,0.07,0.043333333333333335,7,0.5666818393410934,0.0004359031796354884
2026-01-05,calm,normal,0.05642641965918793,,7,0.0,0.012848580921699382
2026-01-06,calm,catchup,0.042727725114938275,,7,0.0,0.026154742247843865
2026-01-07,calm,catchup,0.04834425319909896,,7,0.0,0.02065709497125301
2026-01-08,calm,catchup,0.029441114351759445,,7,0.0,0.03939893703757957
2026-01-09,calm,catchup,0.07,0.04066666666666666,10,0.745500581809642,0.0480369077960594
2026-01-12,calm,normal,0.05575304027857908,,10,0.0,0.013494595021636524
2026-01-13,calm,catchup,0.04155668290392378,,10,0.0,0.027308467760750688
2026-01-14,calm,catchup,0.029409315434809846,,10,0.0,0.03943104453843538
2026-01-15,calm,normal,0.021052294608917554,,10,0.0,0.047938490172856785
2026-01-16,calm,catchup,0.07,0.05566666666666667,5,1.0881224359845703,0.047214511188681474
2026-01-20,choppy,catchup,0.0477917498924032,,5,0.0,0.021195290104047304
2026-01-21,calm,catchup,0.05612095154278163,,5,0.0,0.013141533114122916
2026-01-22,calm,normal,0.02732639284615468,,5,0.0,0.04153850952433946
2026-01-23,calm,catchup,0.07,0.04466666666666667,7,0.4849837460640706,0.057398340983951135
2026-01-26,calm,normal,0.06298523703594139,,7,0.0,0.00659911607391539
2026-01-27,calm,catchup,0.05024526505147309,,7,0.0,0.01880963962028326
2026-01-28,calm,catchup,0.054329688338759174,,7,0.0,0.014862819319762854
2026-01-29,calm,catchup,0.04293042231629851,,7,0.0,0.025955305458998268
2026-01-30,calm,catchup,0.07,0.114,8,0.425580260693935,0.022069401734549965
2026-02-02,calm,normal,0.05624160288597202,,8,0.0,0.013025804963973986
2026-02-03,calm,catchup,0.03198776072422893,,8,0.0,0.03683400203224774
2026-02-04,calm,normal,0.023406341642918216,,8,0.0,0.04552801410462548
2026-02-05,choppy,catchup,0.057208226604068324,,8,0.0,0.012099577996116384
2026-02-06,choppy,catchup,0.07,0.083,6,0.3523312742110951,0.037901662351956134
2026-02-09,calm,normal,0.03607218630895259,,6,0.0,0.03274657320154173
2026-02-10,calm,catchup,0.03456812910808327,,6,0.0,0.034247982220816375
2026-02-11,calm,normal,0.015747571810244665,,6,0.0,0.053411329443857625
2026-02-12,choppy,catchup,0.03107562657704066,,6,0.0,0.03775123028771454
2026-02-13,choppy,catchup,0.07,0.116,6,1.0286553366155395,0.054789174234568305
2026-02-17,choppy,catchup,0.04954916825315392,,6,0.0,0.01948534891498599
2026-02-18,calm,catchup,0.03626132159067508,,6,0.0,0.032558079421063146
2026-02-19,choppy,catchup,0.04103367369913369,,6,0.0,0.027824581502670753
2026-02-20,calm,catchup,0.07,0.07033333333333333,6,1.5146840368205632,0.03617584443120925
2026-02-23,choppy,normal,0.06765867677020188,,6,0.0,0.0021929510626756965
2026-02-24,calm,catchup,0.054168345549993946,,6,0.0,0.015018146311105873
2026-02-25,calm,catchup,0.06286472556386524,,6,0.0,0.006713247946345646
2026-02-26,calm,catchup,0.04979636519474351,,6,0.0,0.01924528934857639
2026-02-27,calm,catchup,0.07,0.057,8,1.0652468555645267,0.023140412176451797
2026-03-02,choppy,normal,0.07663011909376216,,8,0.0,-0.006158214391533856
2026-03-03,choppy,catchup,0.09503440943815677,,8,0.0,-0.02286175596162454
2026-03-04,choppy,catchup,0.08555810916156492,,8,0.0,-0.01433189898381515
2026-03-05,choppy,catchup,0.11637365261714061,,8,0.0,-0.041539544137776496
2026-03-06,choppy,catchup,0.07,0.111,6,1.0893587271391096,-0.06006194438541779
2026-03-09,choppy,normal,0.03864511313771413,,6,0.0,0.030188258208392105
2026-03-10,choppy,catchup,0.03393792016934705,,6,0.0,0.03487838014950295
2026-03-11,choppy,catchup,0.034947099774625734,,6,0.0,0.03386926755290931
2026-03-12,choppy,catchup,0.07967911486491563,,6,0.0,-0.008964806979828155
2026-03-13,choppy,catchup,0.07,0.08466666666666667,5,1.1242619944472065,-0.020216335512849626
2026-03-16,choppy,normal,0.04040553613117903,,5,0.0,0.028445123407234263
2026-03-17,choppy,catchup,0.04096753186579649,,5,0.0,0.0278898882486438
2026-03-18,choppy,catchup,0.04950341698609284,,5,0.0,0.019529791596837542
2026-03-19,choppy,catchup,0.06122866677839367,,5,0.0,0.008265262234419035
2026-03-20,choppy,catchup,0.07,0.07833333333333334,6,1.0356226937060806,-0.025453774050149702
2026-03-23,choppy,normal,0.04039172142012015,,6,0.0,0.028458779486888908
2026-03-24,choppy,normal,0.009507360016331345,,6,0.0,0.05992293110442515
2026-03-25,choppy,bank,-0.004078387730365285,,6,0.0,0.07438174532787367
2026-03-26,choppy,normal,0.0032166245188303133,,6,0.0,0.06656924720839918
2026-03-27,stress,catchup,0.07,0.03,4,1.1612309660603584,0.0559627751344427
2026-03-30,stress,normal,0.09490098382198298,,4,0.0,-0.02274268101857091
2026-03-31,choppy,catchup,0.08771766777305756,,4,0.0,-0.01628884801451458
2026-04-01,choppy,catchup,0.08863658542199371,,4,0.0,-0.017119198152586
2026-04-02,choppy,catchup,0.07,0.08533333333333333,5,1.6647175226081088,-0.01081892049491373
2026-04-06,choppy,normal,0.06049484887965284,,5,0.0,0.00896293945264226
2026-04-07,choppy,catchup,0.055208943258057586,,5,0.0,0.014017182887280821
2026-04-08,choppy,catchup,0.05737079774997511,,5,0.0,0.011943967316762727
2026-04-09,calm,catchup,0.06840605924458698,,5,0.0,0.0014918866676403297
2026-04-10,calm,catchup,0.07,0.035333333333333335,6,0.8573158334050753,-0.004717948271705241
2026-04-13,calm,normal,0.05497605252331961,,6,0.0,0.014241031766309531
2026-04-14,calm,catchup,0.07438661613595166,,6,0.0,-0.004082902811771816
2026-04-15,calm,catchup,0.0805061012844499,,6,0.0,-0.009723315094621543
2026-04-16,calm,catchup,0.0746995116022835,,6,0.0,-0.004372861019799723
2026-04-17,calm,catchup,0.07,0.05366666666666667,6,1.2776306061281912,0.0069580892260343585
2026-04-20,calm,normal,0.0700821839858432,,6,0.0,-7.68015644715403e-05
2026-04-21,calm,catchup,0.07620957134408446,,6,0.0,-0.00576985329755908
2026-04-22,calm,catchup,0.08566051493655258,,6,0.0,-0.0144248728963563
2026-04-23,calm,catchup,0.06742164227729885,,6,0.0,0.0024155006986745775
2026-04-24,calm,catchup,0.07,0.066,6,1.146761010822096,0.006186233592369028
2026-04-27,calm,normal,0.07079209309921874,,6,0.0,-0.0007397263243942298
2026-04-28,calm,catchup,0.07710328401996724,,6,0.0,-0.006594803047537234
2026-04-29,calm,catchup,0.07250588965247373,,6,0.0,-0.0023364810176339512
2026-04-30,calm,catchup,0.04536340139855599,,6,0.0,0.023567496784834496
2026-05-01,calm,catchup,0.07,0.07366666666666667,6,0.8187722182909908,0.02163179564849549
2026-05-04,calm,normal,0.056763724110287184,,6,0.0,0.012525293580508468
2026-05-05,calm,catchup,0.035923672489815095,,6,0.0,0.032894631540066444
2026-05-06,calm,catchup,0.0619019314140159,,6,0.0,0.007626004197205827
2026-05-07,calm,catchup,0.05202808451486396,,6,0.0,0.01708311379674221
2026-05-08,calm,catchup,0.07,0.08166666666666667,5,1.1331046008092758,0.02389968235673412
2026-05-11,calm,normal,0.054090418783812266,,5,0.0,0.01509318454345121
2026-05-12,calm,catchup,0.05337579405743531,,5,0.0,0.01578183781737663
2026-05-13,calm,catchup,0.03013027615423347,,5,0.0,0.038703574459156176
2026-05-14,calm,normal,0.013961291799826192,,5,0.0,0.05526710797875012
2026-05-15,calm,catchup,0.07,0.083,5,1.244516160600301,0.05421053142223298
2026-05-18,calm,normal,0.07874023435417343,,5,0.0,-0.00810226046626139
2026-05-19,calm,catchup,0.06973392380568622,,5,0.0,0.00024873119230184315
2026-05-20,calm,catchup,0.0628008637117572,,5,0.0,0.006773739591347638
2026-05-21,calm,catchup,0.059627970576913825,,5,0.0,0.009788368853116625
2026-05-22,calm,catchup,0.07,0.07066666666666667,5,0.6984747096045194,0.013947382440133715
2026-05-26,calm,catchup,0.04941096511158194,,5,0.0,0.01961961097502818
2026-05-27,calm,catchup,0.085635214307896,,5,0.0,-0.01440190415881415
2026-05-28,calm,catchup,0.10399525696279599,,5,0.0,-0.030792937513445806
2026-05-29,calm,catchup,0.07,0.081,7,1.1026315077627933,-0.04493587896780593
2026-06-01,calm,normal,0.06195852479375574,,7,0.0,0.007572306279857832
2026-06-02,calm,catchup,0.03852691315493395,,7,0.0,0.03030550912682095
2026-06-03,calm,catchup,0.031397938606525067,,7,0.0,0.03742693285350995
2026-06-04,calm,catchup,0.04616709851974865,,7,0.0,0.022781161359378688
2026-06-05,choppy,catchup,0.07,0.061,6,0.5318333049235168,-0.01798985295295652
2026-06-08,calm,normal,0.04729103865415829,,6,0.0,0.021683524930208753
2026-06-09,calm,catchup,0.05427911807966712,,6,0.0,0.01491149891023924
2026-06-10,choppy,normal,0.02452173468739227,,6,0.0,0.044389751601008554
2026-06-11,calm,normal,0.009006540940734498,,6,0.0,0.060449022463619606
2026-06-12,calm,catchup,0.07,0.058666666666666666,6,0.807353312660682,0.05855069595933582
2026-06-15,calm,normal,0.07456593778275211,,6,0.0,-0.00424909968035414
2026-06-16,calm,catchup,0.09634329980843548,,6,0.0,-0.024028331101251132
2026-06-17,calm,catchup,0.11837893979597425,,6,0.0,-0.04325809265042124
2026-06-18,calm,catchup,0.07,0.064,7,0.47595281162493575,-0.028360354586275616
2026-06-22,calm,normal,0.04324463097154663,,7,0.0,0.025646304073031034
2026-06-23,calm,catchup,0.07691724929380306,,7,0.0,-0.006423194816815303
2026-06-24,calm,catchup,0.08140704350271477,,7,0.0,-0.010548334756325328
2026-06-25,calm,catchup,0.05550489067324027,,7,0.0,0.01373286799032658
2026-06-26,calm,catchup,0.07,0.08866666666666667,6,0.679441000251478,-0.009567916823651879
2026-06-29,calm,normal,0.032301282738691484,,6,0.0,0.03651910337774078
2026-06-30,calm,catchup,0.031759014039815625,,6,0.0,0.03706387386959009
2026-07-01,calm,catchup,0.048086201597937084,,6,0.0,0.02090839319194604
2026-07-02,calm,catchup,0.07,0.11966666666666667,5,0.37897026082946694,-0.02920655488349011
2026-07-06,calm,normal,0.058028683607739495,,5,0.0,0.011314737093364835
2026-07-07,calm,catchup,0.10649019807092719,,5,0.0,-0.03297832925636823
2026-07-08,calm,catchup,0.10342526462661272,,5,0.0,-0.030292277780972654
2026-07-09,calm,catchup,0.06410210808750749,,5,0.0,0.005542599594218212
2026-07-10,calm,catchup,0.07,0.057666666666666665,6,0.9205018971085819,-0.01789670971764168
2026-07-13,calm,normal,0.06578632769456627,,6,0.0,0.003953580746854257
2026-07-14,calm,catchup,0.043490865897214404,,6,0.0,0.025404279969420296
2026-07-15,calm,catchup,0.03709564410800681,,6,0.0,0.03172740728295498
2026-07-16,calm,normal,0.01664117941532317,,6,0.0,0.05248540159996651
2026-07-17,calm,catchup,0.07,0.07866666666666666,5,1.1596040423393295,0.04871407926710525
2026-07-20,calm,normal,0.086261709233177,,5,0.0,-0.01497034194886293
2026-07-21,calm,catchup,0.06252793328025086,,5,0.0,0.007032348501823771
2026-07-22,calm,catchup,0.0753204106615506,,5,0.0,-0.004947744512984187
2026-07-23,calm,catchup,0.0651311562117538,,5,0.0,0.004571121368341924
2026-07-24,calm,catchup,0.07,0.09966666666666667,5,1.4306277674185028,-0.01487774567461686
2026-07-27,calm,normal,0.07940704849183988,,5,0.0,-0.00871501488246118
2026-07-28,calm,catchup,0.09752687019589334,,5,0.0,-0.025080816646411708
2026-07-29,choppy,catchup,0.13684829441637802,,5,0.0,-0.0588014203343602
2026-07-30,calm,catchup,0.09528660338116235,,5,0.0,-0.023086745791560115
2026-07-31,calm,catchup,0.07,0.10866666666666666,6,2.109269106551074,-0.009846860193081897
2026-08-03,calm,normal,0.062446688747998635,,6,0.0,0.007109355539431705
2026-08-04,calm,catchup,0.039106032029524895,,6,0.0,0.029731294996079294
2026-08-05,calm,normal,0.006417700938589066,,6,0.0,0.06317684893868014
2026-08-06,calm,catchup,0.05420660673802158,,6,0.0,0.014981307422125889
2026-08-07,calm,catchup,0.07,0.066,6,2.7476625749366783,0.02951184759012704
2026-08-10,calm,normal,0.07422443878771356,,6,0.0,-0.0039325476457050534
2026-08-11,calm,catchup,0.09319725348183394,,6,0.0,-0.021219641201942863
2026-08-12,calm,catchup,0.07900600611026087,,6,0.0,-0.008346576440966036
2026-08-13,calm,catchup,0.0652737512080408,,6,0.0,0.004436651880889375
2026-08-14,calm,catchup,0.07,0.03866666666666667,9,1.8029664980779956,-0.0031252283503980793
2026-08-17,calm,normal,0.07233245269819855,,9,0.0,-0.0021751208707052605
2026-08-18,calm,catchup,0.0752571028532314,,9,0.0,-0.004889158917696368
2026-08-19,calm,catchup,0.05922550161246076,,9,0.0,0.010172053421237726
2026-08-20,calm,catchup,0.08545468332373973,,9,0.0,-0.014237981153129686
2026-08-21,calm,catchup,0.07,0.082,8,1.3702251754451333,-0.006657873555544147
2026-08-24,calm,normal,0.07296104741127474,,8,0.0,-0.002759697025739083
2026-08-25,calm,catchup,0.08524783025539984,,8,0.0,-0.014050090523388903
2026-08-26,calm,catchup,0.06831800646978725,,8,0.0,0.0015744315082462101
2026-08-27,calm,catchup,0.03156416121419503,,8,0.0,0.037259765539512824
2026-08-28,calm,catchup,0.07,0.03966666666666667,6,0.681449046540057,0.021492926010996394
2026-08-31,calm,normal,0.08163292945459899,,6,0.0,-0.010754969766374245
2026-09-01,calm,catchup,0.08055314138165759,,6,0.0,-0.009766425155327108
2026-09-02,calm,catchup,0.08249825574676217,,6,0.0,-0.011545751395359183
2026-09-03,calm,catchup,0.07117943378113067,,6,0.0,-0.0011010608903937458
2026-09-04,calm,catchup,0.07,0.018666666666666668,6,1.5507199792796358,-0.0009905788426129991
2026-09-08,calm,catchup,0.09933046049814576,,6,0.0,-0.026680294553882433
2026-09-09,calm,catchup,0.11194582404768472,,6,0.0,-0.03772290262757061
2026-09-10,calm,catchup,0.12097957091400402,,6,0.0,-0.04547769846727645
2026-09-11,calm,catchup,0.07,0.019333333333333334,6,1.625697398338334,-0.04623952832896583
2026-09-14,calm,normal,0.05474222332223633,,6,0.0,0.014465882127772112
2026-09-15,calm,catchup,0.04266235172642818,,6,0.0,0.026219080633636205
2026-09-16,calm,catchup,0.04748311622107737,,6,0.0,0.02149617824882477
2026-09-17,calm,normal,0.024497421385673013,,6,0.0,0.044414536986128406
2026-09-18,calm,catchup,0.07,0.014666666666666666,7,0.8058434070787998,0.031654988562278774
2026-09-21,calm,normal,0.07505640180136242,,7,0.0,-0.004703382811255152
2026-09-22,calm,catchup,0.06878544592729563,,7,0.0,0.0011363871741822962
2026-09-23,calm,catchup,0.06547337536873954,,7,0.0,0.00424846339280327
2026-09-24,calm,catchup,0.06337699966379451,,7,0.0,0.006228271194787416
