model,segcol,seg,cov_target,n_rows,n,cov_real,acc,lo,hi,lo_adj,wilson_lo,up_rate,weeks
blend,,,0.002,10743,70,0.006515870799590431,0.5571428571428572,0.43071428571428577,0.6949530871670703,0.2867303039098602,0.44083551053188,0.5,49
blend,,,0.005,10743,231,0.02150237363864842,0.5151515151515151,0.42455042205276683,0.6151148312119534,0.3280067990561697,0.4509840077280757,0.5497835497835498,103
blend,,,0.01,10743,357,0.0332309410779112,0.5210084033613446,0.4500625942778012,0.606623146053293,0.3625383222182388,0.4692404953259259,0.5182072829131653,140
blend,,,0.02,10743,670,0.062366191938936985,0.5164179104477612,0.4481478980137903,0.5894581016053327,0.37687578155923845,0.4785926196694672,0.5014925373134328,202
blend,,,0.05,10743,1316,0.1224983710323001,0.5258358662613982,0.47368421052631576,0.575540313091142,0.42869769992113727,0.4988218631774941,0.479483282674772,285
blend,,,0.1,10743,2229,0.20748394303267242,0.5352175863615971,0.4932820671264918,0.572634956053511,0.45786626354628995,0.5144693524612334,0.4692687303723643,363
blend,,,0.25,10743,4252,0.3957926091408359,0.5218720602069614,0.492834913983145,0.5495462273872224,0.4655534654991166,0.5068447666810473,0.47130761994355597,425
blend,,,0.5,10743,6678,0.6216140742809271,0.5145253069781371,0.49073254742589417,0.5369837696905637,0.46751439572036235,0.5025333706661561,0.47020065887990414,444
blend,,,1.0,10743,10743,1.0,0.5111235222935865,0.49306595157098615,0.5297462669477288,0.47410403989446376,0.5016687104878436,0.4784510844270688,455
combined:gbm,,,0.002,10743,106,0.009866890067951224,0.7169811320754716,0.4665625000000001,0.8556343476018565,0.3234462114641427,0.6248100335076636,0.6886792452830188,17
combined:gbm,,,0.005,10743,177,0.016475844736107234,0.6610169491525424,0.4971336405529954,0.7815184407096172,0.37265606355921305,0.5885205648726346,0.6214689265536724,26
combined:gbm,,,0.01,10743,221,0.020571534952992646,0.6561085972850679,0.5144040300546447,0.7692375886524823,0.40307401563378836,0.5912960851806123,0.5882352941176471,30
combined:gbm,,,0.02,10743,293,0.027273573489714233,0.621160409556314,0.48857731729055265,0.7307885906040268,0.376439679487554,0.5643859090894588,0.5802047781569966,39
combined:gbm,,,0.05,10743,614,0.05715349529926464,0.6026058631921825,0.5226505600232921,0.6763237287461409,0.4517847522105726,0.563375992260014,0.5260586319218241,78
combined:gbm,,,0.1,10743,1106,0.10295075863352882,0.569620253164557,0.5083691552741538,0.6287882562951002,0.44824206489718804,0.5402485665937402,0.515370705244123,122
combined:gbm,,,0.25,10743,2410,0.22433212324304197,0.5489626556016598,0.5079282472300093,0.5893151345784017,0.4685175721616243,0.5290340856538052,0.4717842323651452,229
combined:gbm,,,0.5,10743,4663,0.4340500791212883,0.5305597254986061,0.5010199071420023,0.5600049362911548,0.472244934552884,0.5162161686279881,0.47158481664164703,362
combined:gbm,,,1.0,10743,10743,1.0,0.5060969933910453,0.48558944538260235,0.5236089715556543,0.4676245135416997,0.4966423421173871,0.4784510844270688,455
combined:linear,,,0.002,10743,79,0.007353625616680629,0.4050632911392405,0.22792397660818725,0.6786284194528875,-0.057760678717190206,0.3036627826338571,0.6962025316455697,26
combined:linear,,,0.005,10743,156,0.014521083496230103,0.4807692307692308,0.318429405789741,0.6732092837134854,0.1438528240068926,0.40377458524435234,0.5576923076923077,55
combined:linear,,,0.01,10743,226,0.021036954295820535,0.4823008849557522,0.3474446558284331,0.6256266299623298,0.21677106075568736,0.4179961516641338,0.5442477876106194,78
combined:linear,,,0.02,10743,349,0.032486270129386575,0.4699140401146132,0.3698642800944139,0.576929012345679,0.2636230018138042,0.41816419888004397,0.5472779369627507,111
combined:linear,,,0.05,10743,767,0.071395327189798,0.47196870925684486,0.4044759657594381,0.5387250098140172,0.3384401760656236,0.4368668194857898,0.500651890482399,180
combined:linear,,,0.1,10743,1250,0.11635483570697198,0.4936,0.4395712842400437,0.5451679738852487,0.3885262200523285,0.46594628507670194,0.484,252
combined:linear,,,0.25,10743,2824,0.2628688448291911,0.4943342776203966,0.456642402663071,0.5304594702052582,0.41952025795560965,0.4759146311342442,0.46990084985835695,355
combined:linear,,,0.5,10743,4930,0.4589034720282975,0.49026369168357,0.4620170665079761,0.5181761098493454,0.4328171316807963,0.4763222679425005,0.47505070993914805,419
combined:linear,,,1.0,10743,10743,1.0,0.509261844922275,0.48914982110643285,0.5289738657492867,0.4689296752594183,0.49980698116496075,0.4784510844270688,455
ctl_random,,,0.002,10743,14,0.0013031741599180862,0.6428571428571429,0.4,0.875,0.16767389472895416,0.38764423103907397,0.42857142857142855,13
ctl_random,,,0.005,10743,57,0.005305780508237923,0.543859649122807,0.4107142857142857,0.6667968749999998,0.2968464634966752,0.41590685979119335,0.5964912280701754,54
ctl_random,,,0.01,10743,124,0.01154239970213162,0.5403225806451613,0.45320277111644025,0.6218537021107656,0.37312421619473585,0.4527120682749134,0.532258064516129,105
ctl_random,,,0.02,10743,240,0.02234012845573862,0.5208333333333334,0.45886093073593076,0.57656179138322,0.40660688883939383,0.45780145798620797,0.5083333333333333,181
ctl_random,,,0.05,10743,585,0.054454063110862885,0.4888888888888889,0.4432964948453608,0.5306657584651904,0.4019968788362677,0.44858639272272627,0.4888888888888889,317
ctl_random,,,0.1,10743,1130,0.10518477147910267,0.5123893805309735,0.47539472804796357,0.5441666666666667,0.4436450638299703,0.48325303146085996,0.4831858407079646,411
ctl_random,,,0.25,10743,2781,0.25886623848087126,0.5066522833513125,0.4808470639182785,0.5330913507812833,0.45350149844447646,0.4880744938787628,0.48076231571377204,455
ctl_random,,,0.5,10743,5408,0.5033975612026436,0.5018491124260355,0.47945830187673,0.5245941744521183,0.45695368431141353,0.4885266230025977,0.4818786982248521,455
ctl_random,,,1.0,10743,10743,1.0,0.4995811225914549,0.47909067668087696,0.5200256132431557,0.4585850555653401,0.49012810114530253,0.4784510844270688,455
ctl_shuffled,,,0.002,10743,31,0.002885599925532905,0.45161290322580644,0.2727272727272727,0.6316228070175438,0.10646137923805732,0.29161735980520015,0.3870967741935484,28
ctl_shuffled,,,0.005,10743,79,0.007353625616680629,0.4936708860759494,0.3880356283100626,0.6032115171650054,0.2745523870742551,0.38630272176150804,0.35443037974683544,62
ctl_shuffled,,,0.01,10743,135,0.012566322256352975,0.4962962962962963,0.41175427617855653,0.5821025308241402,0.3288890457395582,0.41323255726738856,0.4444444444444444,95
ctl_shuffled,,,0.02,10743,235,0.021874709112910732,0.4851063829787234,0.42062789717656973,0.5483933726622316,0.3540631690040963,0.4219628120599074,0.4595744680851064,150
ctl_shuffled,,,0.05,10743,504,0.046914269757051104,0.5158730158730159,0.4653697183098592,0.5676817892114259,0.4118347643023425,0.4722882442070099,0.45634920634920634,244
ctl_shuffled,,,0.1,10743,976,0.09084985572000372,0.5276639344262295,0.4860083720252114,0.5681450318242771,0.44505990673802126,0.49629633583821814,0.4610655737704918,330
ctl_shuffled,,,0.25,10743,2442,0.22731080703714046,0.5106470106470107,0.480053083200499,0.5401714192918601,0.4506083324708612,0.4908193241108217,0.4713349713349713,429
ctl_shuffled,,,0.5,10743,5016,0.4669086847249372,0.5039872408293461,0.4776073648600064,0.5280495729265978,0.4544274619765675,0.4901530075752176,0.4798644338118022,452
ctl_shuffled,,,1.0,10743,10743,1.0,0.5030252257283813,0.48212436251713064,0.5234442377385867,0.46173685512476426,0.49357114284182574,0.4784510844270688,455
event_regime:gbm,,,0.002,10743,425,0.03956064414037047,0.6423529411764706,0.550086493324392,0.7423733970502285,0.452157947365517,0.5956955923793403,0.4682352941176471,26
event_regime:gbm,,,0.005,10743,428,0.03983989574606721,0.6401869158878505,0.5499043535620054,0.7378957365977206,0.45096007904479085,0.5936561132627293,0.4696261682242991,26
event_regime:gbm,,,0.01,10743,462,0.04300474727729684,0.6190476190476191,0.5201061799272596,0.7229227253842958,0.42167165632739384,0.5739562314861731,0.48268398268398266,27
event_regime:gbm,,,0.02,10743,496,0.04616959880852648,0.625,0.5319051282051284,0.72378273413722,0.4337294996647124,0.5815872653167015,0.46774193548387094,28
event_regime:gbm,,,0.05,10743,779,0.07251233361258494,0.5892169448010269,0.510552386120318,0.6687297003691346,0.43128443299280017,0.5543132134668183,0.46084724005134786,53
event_regime:gbm,,,0.1,10743,1266,0.11784417760402122,0.5552922590837283,0.49147402455007677,0.6174410037689465,0.4277328967088403,0.5277924748078257,0.4802527646129542,73
event_regime:gbm,,,0.25,10743,2711,0.25235036768128083,0.5252674289929915,0.48330864411179375,0.566727778841344,0.43960268654000706,0.5064475327081212,0.482847657690889,151
event_regime:gbm,,,0.5,10743,5048,0.4698873685190357,0.5213946117274167,0.4901337934701783,0.5509506356236635,0.4602174839654239,0.5076032165063592,0.48177496038034867,258
event_regime:gbm,,,1.0,10743,10743,1.0,0.5105650190821931,0.49051873444243704,0.5314798269814844,0.46934974645198096,0.5011101779265484,0.4784510844270688,455
event_regime:linear,,,0.002,10743,45,0.004188774085450991,0.4444444444444444,0.28888888888888886,0.7647058823529411,-0.005418960934999162,0.30938930034997586,0.5555555555555556,16
event_regime:linear,,,0.005,10743,91,0.00847063203946756,0.5274725274725275,0.384593023255814,0.7180327868852459,0.19575546353374135,0.42587759658425334,0.4725274725274725,30
event_regime:linear,,,0.01,10743,106,0.009866890067951224,0.5471698113207547,0.41734978016609675,0.7207553475935827,0.24275981672465402,0.4524175377907479,0.4528301886792453,39
event_regime:linear,,,0.02,10743,204,0.01898910918737783,0.5196078431372549,0.38667881010398325,0.653075476000456,0.24502536890905696,0.4513213240515907,0.47549019607843135,59
event_regime:linear,,,0.05,10743,497,0.04626268267709206,0.5050301810865191,0.42122361139577785,0.5953910429468174,0.3280231938029782,0.4612045029551318,0.4164989939637827,110
event_regime:linear,,,0.1,10743,1076,0.10015824257656149,0.5492565055762082,0.4880678489449775,0.6158934978075031,0.42416633761403,0.5194037321188578,0.42379182156133827,159
event_regime:linear,,,0.25,10743,2319,0.21586149120357442,0.5243639499784389,0.47702700018976923,0.5691615323772454,0.4323879295224887,0.5040144509267305,0.44674428633031477,248
event_regime:linear,,,0.5,10743,4639,0.4318160662757144,0.5145505496874326,0.483169891585974,0.5443668730304293,0.4511435182609754,0.5001623688964071,0.47639577495149815,355
event_regime:linear,,,1.0,10743,10743,1.0,0.5101926836079308,0.4905685241632847,0.5300436072091489,0.4706457092507878,0.5007378294404266,0.4784510844270688,455
insider:gbm,,,0.002,10743,36,0.003351019268360793,0.5277777777777778,0.3513175675675676,0.6945075757575757,0.20381907957209777,0.37005938022987594,0.5555555555555556,35
insider:gbm,,,0.005,10743,53,0.004933445033975612,0.5094339622641509,0.3672541743970316,0.6470588235294118,0.22641172336863336,0.3788352911467995,0.5471698113207547,50
insider:gbm,,,0.01,10743,116,0.010797728753607,0.5172413793103449,0.41962972689075634,0.6180803571428571,0.3200210175727075,0.42722138408093696,0.5689655172413793,95
insider:gbm,,,0.02,10743,231,0.02150237363864842,0.5324675324675324,0.4617564758554526,0.6091125990192381,0.3848321804950429,0.4681206419530888,0.5411255411255411,156
insider:gbm,,,0.05,10743,415,0.0386298054547147,0.5277108433734939,0.47234703020993346,0.5843209231308079,0.4104886617070364,0.47964529738050055,0.5108433734939759,243
insider:gbm,,,0.1,10743,420,0.039095224797542585,0.530952380952381,0.47392021646563864,0.5875510289442865,0.41443717217176823,0.48316128075313197,0.5142857142857142,246
insider:gbm,,,0.25,10743,420,0.039095224797542585,0.530952380952381,0.47392021646563864,0.5875510289442865,0.41443717217176823,0.48316128075313197,0.5142857142857142,246
insider:gbm,,,0.5,10743,420,0.039095224797542585,0.530952380952381,0.47392021646563864,0.5875510289442865,0.41443717217176823,0.48316128075313197,0.5142857142857142,246
insider:gbm,,,1.0,10743,10743,1.0,0.5022805547798567,0.48099104284859157,0.523412528465797,0.4597469442747124,0.4928266634014549,0.4784510844270688,455
insider:linear,,,0.002,10743,10,0.0009308386856557759,0.5,0.2,0.8,-0.1057680126014573,0.236593090512564,0.4,10
insider:linear,,,0.005,10743,48,0.004468025691147724,0.5833333333333334,0.44225000000000003,0.7234441489361703,0.2934207632195206,0.4428133228397628,0.4375,44
insider:linear,,,0.01,10743,88,0.008191380433770828,0.5795454545454546,0.47419545834494287,0.6747144421843216,0.37687434113019935,0.4752075262812483,0.45454545454545453,80
insider:linear,,,0.02,10743,186,0.01731359955319743,0.5,0.41806829511465604,0.5752738892270238,0.34714007136598346,0.4288749533755384,0.510752688172043,146
insider:linear,,,0.05,10743,430,0.040026063483198364,0.5,0.44319920984731676,0.5553245609205527,0.38710318613136996,0.45295076466556794,0.48604651162790696,249
insider:linear,,,0.1,10743,521,0.048496695522665924,0.5028790786948176,0.4526434497925726,0.5528867229398872,0.40149750504849707,0.46008232997089077,0.4894433781190019,286
insider:linear,,,0.25,10743,521,0.048496695522665924,0.5028790786948176,0.4526434497925726,0.5528867229398872,0.40149750504849707,0.46008232997089077,0.4894433781190019,286
insider:linear,,,0.5,10743,521,0.048496695522665924,0.5028790786948176,0.4526434497925726,0.5528867229398872,0.40149750504849707,0.46008232997089077,0.4894433781190019,286
insider:linear,,,1.0,10743,10743,1.0,0.5035837289397748,0.48292791560083753,0.5243345586144615,0.46158648669194086,0.494129516178466,0.4784510844270688,455
leak:gbm,,,0.002,10743,0,0.0,,,,,,,0
leak:gbm,,,0.005,10743,0,0.0,,,,,,,0
leak:gbm,,,0.01,10743,0,0.0,,,,,,,0
leak:gbm,,,0.02,10743,0,0.0,,,,,,,0
leak:gbm,,,0.05,10743,0,0.0,,,,,,,0
leak:gbm,,,0.1,10743,0,0.0,,,,,,,0
leak:gbm,,,0.25,10743,0,0.0,,,,,,,0
leak:gbm,,,0.5,10743,0,0.0,,,,,,,0
leak:gbm,,,1.0,10743,10743,1.0,1.0,1.0,1.0,1.0,0.9996425499682475,0.4784510844270688,455
leak:linear,,,0.002,10743,0,0.0,,,,,,,0
leak:linear,,,0.005,10743,0,0.0,,,,,,,0
leak:linear,,,0.01,10743,0,0.0,,,,,,,0
leak:linear,,,0.02,10743,0,0.0,,,,,,,0
leak:linear,,,0.05,10743,0,0.0,,,,,,,0
leak:linear,,,0.1,10743,0,0.0,,,,,,,0
leak:linear,,,0.25,10743,0,0.0,,,,,,,0
leak:linear,,,0.5,10743,0,0.0,,,,,,,0
leak:linear,,,1.0,10743,10743,1.0,1.0,1.0,1.0,1.0,0.9996425499682475,0.4784510844270688,455
miner,,,0.002,10743,0,0.0,,,,,,,0
miner,,,0.005,10743,0,0.0,,,,,,,0
miner,,,0.01,10743,0,0.0,,,,,,,0
miner,,,0.02,10743,0,0.0,,,,,,,0
miner,,,0.05,10743,0,0.0,,,,,,,0
miner,,,0.1,10743,0,0.0,,,,,,,0
miner,,,0.25,10743,0,0.0,,,,,,,0
miner,,,0.5,10743,0,0.0,,,,,,,0
miner,,,1.0,10743,10743,1.0,0.5030252257283813,0.4822357796036084,0.5237068350866313,0.4601407136467243,0.49357114284182574,0.4784510844270688,455
pead:gbm,,,0.002,10743,39,0.0036302708740575257,0.4358974358974359,0.29785796434732603,0.5947297297297296,0.14262741741224189,0.2930475387568963,0.358974358974359,32
pead:gbm,,,0.005,10743,67,0.0062366191938936985,0.44776119402985076,0.3333333333333333,0.5686425339366515,0.21051983077811823,0.334763933612968,0.3880597014925373,56
pead:gbm,,,0.01,10743,122,0.011356231965000465,0.4344262295081967,0.34398778625954196,0.5289271170200024,0.2559853621817283,0.34980063310587917,0.4016393442622951,90
pead:gbm,,,0.02,10743,257,0.02392255422135344,0.4591439688715953,0.39495488232193243,0.5265685495022124,0.326813194321114,0.399267783347529,0.46303501945525294,172
pead:gbm,,,0.05,10743,533,0.04961370194545285,0.5028142589118199,0.4538722130918788,0.5527524936124214,0.4038089434409787,0.46049919775481085,0.50093808630394,278
pead:gbm,,,0.1,10743,981,0.09131527506283162,0.4964322120285423,0.4592015593735926,0.5355635008549209,0.4177736382504532,0.4652195845549183,0.5005096839959225,366
pead:gbm,,,0.25,10743,2408,0.22414595550591082,0.4867109634551495,0.4574343267434339,0.5156153665474313,0.4295206316277144,0.466784535756313,0.49709302325581395,442
pead:gbm,,,0.5,10743,4961,0.4617890719538304,0.4859907276758718,0.45971573836002605,0.510931785722535,0.4367908702164154,0.47209900003210653,0.4793388429752066,454
pead:gbm,,,1.0,10743,10743,1.0,0.5056315740482175,0.4848731090443299,0.5263202682419019,0.4637809800083369,0.4961769859643755,0.4784510844270688,455
pead:linear,,,0.002,10743,32,0.002978683794098483,0.53125,0.375,0.6956521739130435,0.214177221743176,0.3644951711897464,0.5,30
pead:linear,,,0.005,10743,55,0.005119612771106767,0.6181818181818182,0.4888461538461539,0.7432432432432432,0.36677128033436374,0.4860922023248993,0.41818181818181815,45
pead:linear,,,0.01,10743,102,0.009494554593688915,0.5588235294117647,0.4544976076555024,0.6667410714285713,0.34296322355228126,0.4620704483428018,0.30392156862745096,69
pead:linear,,,0.02,10743,233,0.021688541375779576,0.5107296137339056,0.44747648507038695,0.5736099509520445,0.38112197661960256,0.44689203682568185,0.3776824034334764,146
pead:linear,,,0.05,10743,639,0.059480592013404075,0.5352112676056338,0.4894616942512768,0.5834772314684339,0.44156256699278984,0.49644475918021547,0.4225352112676056,281
pead:linear,,,0.1,10743,1207,0.11235222935865215,0.5244407622203812,0.48819884071954855,0.5616106329113923,0.4513170065174108,0.4962340711875347,0.45650372825186414,392
pead:linear,,,0.25,10743,2651,0.24676533556734617,0.5175405507355715,0.48848939483009773,0.5442384077145025,0.46101261718752706,0.4985073732991798,0.44926442851754056,443
pead:linear,,,0.5,10743,5235,0.48729405194079867,0.5077363896848137,0.48407321717710744,0.5321640843843783,0.4608976926300628,0.49419290379857556,0.4657115568290353,455
pead:linear,,,1.0,10743,10743,1.0,0.502652890254119,0.48302702068587966,0.5226691293444653,0.463078454058317,0.49319890050140897,0.4784510844270688,455
planted:gbm,,,0.002,10743,0,0.0,,,,,,,0
planted:gbm,,,0.005,10743,0,0.0,,,,,,,0
planted:gbm,,,0.01,10743,0,0.0,,,,,,,0
planted:gbm,,,0.02,10743,0,0.0,,,,,,,0
planted:gbm,,,0.05,10743,346,0.032207018523689845,0.9190751445086706,0.8867800759117663,0.9470902802766783,0.8598232888278108,0.8855275336933098,0.4913294797687861,229
planted:gbm,,,0.1,10743,503,0.04682118588848552,0.9184890656063618,0.8943057168666925,0.9420583919054607,0.8699763614096049,0.8912861738295633,0.5188866799204771,302
planted:gbm,,,0.25,10743,503,0.04682118588848552,0.9184890656063618,0.8943057168666925,0.9420583919054607,0.8699763614096049,0.8912861738295633,0.5188866799204771,302
planted:gbm,,,0.5,10743,503,0.04682118588848552,0.9184890656063618,0.8943057168666925,0.9420583919054607,0.8699763614096049,0.8912861738295633,0.5188866799204771,302
planted:gbm,,,1.0,10743,10743,1.0,0.5205249930187098,0.50041812629737,0.5410236992097045,0.4787915934254756,0.5110724471566659,0.4784510844270688,455
planted:linear,,,0.002,10743,0,0.0,,,,,,,0
planted:linear,,,0.005,10743,0,0.0,,,,,,,0
planted:linear,,,0.01,10743,0,0.0,,,,,,,0
planted:linear,,,0.02,10743,0,0.0,,,,,,,0
planted:linear,,,0.05,10743,346,0.032207018523689845,0.9190751445086706,0.8867800759117663,0.9470902802766783,0.8598232888278108,0.8855275336933098,0.4913294797687861,229
planted:linear,,,0.1,10743,542,0.05045145676254305,0.9169741697416974,0.8945232360922659,0.939600290351754,0.8705032698465346,0.8907070829256872,0.488929889298893,318
planted:linear,,,0.25,10743,542,0.05045145676254305,0.9169741697416974,0.8945232360922659,0.939600290351754,0.8705032698465346,0.8907070829256872,0.488929889298893,318
planted:linear,,,0.5,10743,542,0.05045145676254305,0.9169741697416974,0.8945232360922659,0.939600290351754,0.8705032698465346,0.8907070829256872,0.488929889298893,318
planted:linear,,,1.0,10743,10743,1.0,0.5234105929442427,0.5031068072061952,0.5443205528240012,0.4819692095909852,0.5139594140496279,0.4784510844270688,455
reversal_mom:gbm,,,0.002,10743,33,0.0030717676626640603,0.45454545454545453,0.2726658476658477,0.639045698924731,0.09263432946285421,0.29842938513876116,0.42424242424242425,29
reversal_mom:gbm,,,0.005,10743,88,0.008191380433770828,0.4772727272727273,0.3578554143980642,0.6049463937621833,0.23508368434345364,0.37606627979227725,0.4772727272727273,68
reversal_mom:gbm,,,0.01,10743,134,0.012473238387787397,0.4925373134328358,0.3966761883631927,0.5833517699115044,0.3082965137412392,0.40928475928971964,0.4925373134328358,107
reversal_mom:gbm,,,0.02,10743,238,0.022153960718607466,0.4957983193277311,0.43080808080808086,0.5650371324797597,0.3638567782013314,0.43285097571540243,0.47058823529411764,165
reversal_mom:gbm,,,0.05,10743,580,0.053988643768035,0.506896551724138,0.45598025758893934,0.5562971494385257,0.4068945424920466,0.4662975588976168,0.4689655172413793,296
reversal_mom:gbm,,,0.1,10743,1147,0.10676719724471749,0.5091543156059285,0.4686560347545476,0.5468807395203111,0.42871409511885017,0.4802410590048516,0.46469049694856146,394
reversal_mom:gbm,,,0.25,10743,2836,0.26398585125197804,0.5116361071932299,0.4830588093969247,0.5409692526466843,0.4541030505095919,0.4932357930941747,0.47002820874471085,449
reversal_mom:gbm,,,0.5,10743,5449,0.5072139998138323,0.513305193613507,0.490596435176126,0.5371492459059849,0.46672467801401724,0.5000294245026431,0.4745824922004037,454
reversal_mom:gbm,,,1.0,10743,10743,1.0,0.5066554966024388,0.48786829370849555,0.525944938637674,0.46877714959329086,0.49720078031143505,0.4784510844270688,455
reversal_mom:linear,,,0.002,10743,58,0.0053988643768035,0.43103448275862066,0.2857142857142857,0.5882352941176471,0.12914711563369236,0.3118179913254485,0.41379310344827586,46
reversal_mom:linear,,,0.005,10743,96,0.008936051382295447,0.5,0.37623762376237624,0.6214215729936758,0.2578716927310859,0.401924024529863,0.4166666666666667,67
reversal_mom:linear,,,0.01,10743,145,0.01349716094200875,0.5241379310344828,0.4220701917130488,0.6268719959524413,0.31943994095901995,0.44328019271709546,0.4068965517241379,98
reversal_mom:linear,,,0.02,10743,250,0.023270967141394396,0.548,0.4674730107956817,0.627456195244055,0.38769785147442326,0.48604464273690806,0.448,151
reversal_mom:linear,,,0.05,10743,620,0.0577119985106581,0.532258064516129,0.4800706521739131,0.5872621233361038,0.4275082973984452,0.49290500319208375,0.4774193548387097,279
reversal_mom:linear,,,0.1,10743,1201,0.11179372614725867,0.5212323064113239,0.48165013648390664,0.5601317568429376,0.44197754657716765,0.4929572483718539,0.4829308909242298,365
reversal_mom:linear,,,0.25,10743,2764,0.25728381271525647,0.5123010130246021,0.48237806544422135,0.5421226716225516,0.4532825067646011,0.4936623744943102,0.47901591895803186,436
reversal_mom:linear,,,0.5,10743,5286,0.4920413292376431,0.49848656829360577,0.4750587071150504,0.5222022590142992,0.45286868148453796,0.48501372206046267,0.4784335981838819,448
reversal_mom:linear,,,1.0,10743,10743,1.0,0.5069347482081356,0.4896381676881538,0.5249337909681828,0.47179528852278435,0.4974800038310553,0.4784510844270688,455
blend,seg,earn,0.002,1585,54,0.03406940063091483,0.35185185185185186,0.20685234305923964,0.4722222222222222,0.0906275825906932,0.2382301110811473,0.6851851851851852,26
blend,seg,earn,0.005,1585,54,0.03406940063091483,0.35185185185185186,0.20685234305923964,0.4722222222222222,0.0906275825906932,0.2382301110811473,0.6851851851851852,26
blend,seg,earn,0.01,1585,97,0.061198738170347,0.4639175257731959,0.3627042483660131,0.5873249299719888,0.24089751406474527,0.3679483136280337,0.5876288659793815,45
blend,seg,earn,0.02,1585,140,0.08832807570977919,0.5142857142857142,0.4230555555555556,0.6237683168316832,0.3162861680921089,0.43222650494005116,0.5142857142857142,74
blend,seg,earn,0.05,1585,213,0.13438485804416403,0.5258215962441315,0.4492710231710492,0.6105779867256638,0.36793542437576987,0.4589015554668353,0.5164319248826291,101
blend,seg,earn,0.1,1585,358,0.22586750788643534,0.5418994413407822,0.4771278659611993,0.6078474025974026,0.41628699270570224,0.49011590465282784,0.5167597765363129,146
blend,seg,earn,0.25,1585,686,0.432807570977918,0.5481049562682215,0.4984689813858816,0.5942887112887113,0.45230613740868053,0.5106976346212095,0.4839650145772595,222
blend,seg,earn,0.5,1585,1034,0.6523659305993691,0.5328820116054158,0.48919218667301567,0.5731606048518693,0.449332771752456,0.5024063743070497,0.4951644100580271,289
blend,seg,earn,1.0,1585,1585,1.0,0.5173501577287066,0.48088875324362496,0.5514322405306112,0.4501302619935522,0.49273754914731055,0.4921135646687697,364
blend,seg,filing,0.002,3621,29,0.008008837337752003,0.6551724137931034,0.46421703296703304,0.8293699186991869,0.2998656877628775,0.47345104090476137,0.3448275862068966,28
blend,seg,filing,0.005,3621,50,0.013808340237503451,0.58,0.44437984496124033,0.7037037037037037,0.31334374703644313,0.4423344176857823,0.38,46
blend,seg,filing,0.01,3621,108,0.029826014913007456,0.6203703703703703,0.5208333333333334,0.7195243902439024,0.42567312392138185,0.5262011202247348,0.3888888888888889,81
blend,seg,filing,0.02,3621,198,0.05468102734051367,0.5505050505050505,0.4845237442421584,0.6261719134284308,0.41291190073717954,0.48091153393562375,0.3838383838383838,118
blend,seg,filing,0.05,3621,391,0.107981220657277,0.5626598465473146,0.5013328083989501,0.6212549506632807,0.4461425619575478,0.5131170842219464,0.3989769820971867,188
blend,seg,filing,0.1,3621,639,0.17647058823529413,0.5539906103286385,0.5055950829488218,0.6005272764736527,0.4601805297257637,0.5152411368291874,0.4272300469483568,253
blend,seg,filing,0.25,3621,1331,0.3675780171223419,0.555221637866266,0.521027705194635,0.5890805293288237,0.4873696576327561,0.5284035883479121,0.4297520661157025,370
blend,seg,filing,0.5,3621,2270,0.6268986467826567,0.5237885462555066,0.494638153551624,0.5522237953354375,0.46853471783263945,0.5032203523129235,0.44537444933920706,424
blend,seg,filing,1.0,3621,3621,1.0,0.5194697597348799,0.49658171038577775,0.5402198022628292,0.4760909009417698,0.5031844874422216,0.4545705606186136,452
blend,seg,none,0.002,5537,47,0.008488351092649449,0.5319148936170213,0.37209302325581395,0.6857936507936507,0.22407707845380354,0.39232383220194805,0.5319148936170213,33
blend,seg,none,0.005,5537,114,0.020588766480043343,0.5263157894736842,0.4157216940363008,0.6554818802521009,0.28637268067142485,0.43530365279900507,0.5526315789473685,55
blend,seg,none,0.01,5537,198,0.03575943651797002,0.5353535353535354,0.43227387695101394,0.6551772842392363,0.3108040531431074,0.46587167252445544,0.5353535353535354,81
blend,seg,none,0.02,5537,367,0.0662813798085606,0.5068119891008175,0.41377885437446565,0.6058058051979597,0.32033263357370656,0.45585709496828714,0.555858310626703,121
blend,seg,none,0.05,5537,770,0.1390644753476612,0.512987012987013,0.45073776431065143,0.5760849099952258,0.39062179390739094,0.4777060365411147,0.5064935064935064,211
blend,seg,none,0.1,5537,1270,0.22936608271627235,0.511023622047244,0.4653211563222844,0.5567645196216624,0.41758260963523564,0.4835395697182879,0.47716535433070867,286
blend,seg,none,0.25,5537,2238,0.4041899945819036,0.5049151027703307,0.4687619775937429,0.5380430146467085,0.4343908624831679,0.48421028588688747,0.4794459338695264,380
blend,seg,none,0.5,5537,3386,0.6115224851002348,0.5035440047253397,0.47599705413931015,0.5312458074389392,0.4463375260266401,0.48670869462494465,0.4828706438275251,430
blend,seg,none,1.0,5537,5537,1.0,0.5038829691168503,0.48199907118322766,0.5259206716558414,0.45995471631307916,0.4907153897459792,0.4901571247968214,455
combined:gbm,seg,earn,0.002,1585,23,0.014511041009463722,0.5652173913043478,0.22166666666666715,0.7415948275862068,0.04456799758922081,0.3681137508501646,0.43478260869565216,10
combined:gbm,seg,earn,0.005,1585,23,0.014511041009463722,0.5652173913043478,0.22166666666666715,0.7415948275862068,0.04456799758922081,0.3681137508501646,0.43478260869565216,10
combined:gbm,seg,earn,0.01,1585,32,0.02018927444794953,0.53125,0.25,0.7105409356725146,0.07165254119343817,0.3644951711897464,0.46875,16
combined:gbm,seg,earn,0.02,1585,68,0.04290220820189274,0.5,0.3331395348837211,0.6341622481442206,0.19971364391990026,0.38438064984606757,0.5294117647058824,23
combined:gbm,seg,earn,0.05,1585,135,0.08517350157728706,0.562962962962963,0.43071428571428577,0.6811138838475498,0.3168326249316229,0.4786961362500333,0.5555555555555556,39
combined:gbm,seg,earn,0.1,1585,199,0.12555205047318613,0.5577889447236181,0.4328305282100137,0.6709189033037449,0.3225933505388424,0.4883387591786993,0.5678391959798995,56
combined:gbm,seg,earn,0.25,1585,380,0.23974763406940064,0.5394736842105263,0.4639742582105694,0.6096491626884899,0.39451360465771895,0.48921336853746045,0.5263157894736842,107
combined:gbm,seg,earn,0.5,1585,680,0.42902208201892744,0.5279411764705882,0.4778185176892074,0.5780363110031369,0.4256541786733403,0.490367556981688,0.5147058823529411,204
combined:gbm,seg,earn,1.0,1585,1585,1.0,0.526813880126183,0.4928648435505634,0.5612005079713829,0.4587886216768412,0.502198912879716,0.4921135646687697,364
combined:gbm,seg,filing,0.002,3621,41,0.01132283899475283,0.7073170731707317,0.47995652173913045,0.8500735294117646,0.34852593035735097,0.5552053227700284,0.7073170731707317,15
combined:gbm,seg,filing,0.005,3621,50,0.013808340237503451,0.68,0.5191810344827588,0.790405785970302,0.4051134517892077,0.5418970269185592,0.66,17
combined:gbm,seg,filing,0.01,3621,67,0.018503175918254625,0.6268656716417911,0.4583035714285714,0.7536350677120456,0.33006973706023396,0.5071540719064641,0.6119402985074627,26
combined:gbm,seg,filing,0.02,3621,80,0.022093344380005524,0.6125,0.4753995901639344,0.7245025510204082,0.3622789871190675,0.5029365721075572,0.575,28
combined:gbm,seg,filing,0.05,3621,181,0.049986191659762494,0.6077348066298343,0.5267162849872773,0.6875,0.45250508527922095,0.5350727440300693,0.5082872928176796,58
combined:gbm,seg,filing,0.1,3621,353,0.09748688207677438,0.5920679886685553,0.5258556789664467,0.6666666666666666,0.455354654706279,0.540076629642173,0.45325779036827196,106
combined:gbm,seg,filing,0.25,3621,786,0.21706710853355426,0.5572519083969466,0.5105815448245026,0.6035921187479282,0.46118673527717874,0.5223319909045447,0.4300254452926209,180
combined:gbm,seg,filing,0.5,3621,1539,0.4250207125103563,0.5445094217024041,0.5112339409912295,0.5768701725612234,0.47611015989133976,0.5195481551897028,0.4294996751137102,315
combined:gbm,seg,filing,1.0,3621,3621,1.0,0.515879591273129,0.49474790866717816,0.5371665145276592,0.47252798006838415,0.49959399404288873,0.4545705606186136,452
combined:gbm,seg,none,0.002,5537,75,0.013545241105291674,0.76,0.4997448979591839,0.8968406593406594,0.35985282694105253,0.6522123385089702,0.6933333333333334,15
combined:gbm,seg,none,0.005,5537,100,0.018060321473722232,0.71,0.4794060519321202,0.8493187509206068,0.3412490560693221,0.6146110882442888,0.61,20
combined:gbm,seg,none,0.01,5537,126,0.022756005056890013,0.7063492063492064,0.5223839137645108,0.8276383099658962,0.4024502220909793,0.6216697176328737,0.6111111111111112,23
combined:gbm,seg,none,0.02,5537,170,0.030702546505327794,0.6647058823529411,0.5084387682024349,0.784625,0.38634124557296956,0.5907942797251619,0.5941176470588235,30
combined:gbm,seg,none,0.05,5537,337,0.06086328336644392,0.6083086053412463,0.5092081401583246,0.7035261966003131,0.4078059235268118,0.5552525256119635,0.5519287833827893,58
combined:gbm,seg,none,0.1,5537,574,0.10366624525916561,0.5662020905923345,0.4849699288188497,0.6433634400157078,0.40864138958480634,0.5253510419111638,0.5331010452961672,88
combined:gbm,seg,none,0.25,5537,1243,0.22448979591836735,0.5478680611423974,0.497543449197861,0.5972528804783782,0.44834594438736164,0.5200945030722248,0.48592115848753015,180
combined:gbm,seg,none,0.5,5537,2441,0.4408524471735597,0.522326915198689,0.4864752095920722,0.5576941487980607,0.45240780988702073,0.5024920701864638,0.4842277755018435,333
combined:gbm,seg,none,1.0,5537,5537,1.0,0.4937691890915658,0.4690455125842534,0.5151420573579087,0.4479795688214747,0.4806092464265533,0.4901571247968214,455
combined:linear,seg,earn,0.002,1585,23,0.014511041009463722,0.5652173913043478,0.34615384615384615,0.7918749999999998,0.11733963271297387,0.3681137508501646,0.6521739130434783,16
combined:linear,seg,earn,0.005,1585,23,0.014511041009463722,0.5652173913043478,0.34615384615384615,0.7918749999999998,0.11733963271297387,0.3681137508501646,0.6521739130434783,16
combined:linear,seg,earn,0.01,1585,47,0.02965299684542587,0.5319148936170213,0.35294117647058826,0.7292067307692307,0.14792575925113083,0.39232383220194805,0.6170212765957447,26
combined:linear,seg,earn,0.02,1585,66,0.0416403785488959,0.5,0.3521010679461384,0.6666666666666666,0.17345259816944497,0.3827368802505011,0.6060606060606061,39
combined:linear,seg,earn,0.05,1585,137,0.08643533123028391,0.5474452554744526,0.4351163663663664,0.6598278946919997,0.3212745719128476,0.463937794616325,0.5109489051094891,70
combined:linear,seg,earn,0.1,1585,209,0.13186119873817034,0.5550239234449761,0.4629598348348348,0.6417398777692895,0.37283849820868986,0.4872591626894548,0.5023923444976076,92
combined:linear,seg,earn,0.25,1585,405,0.2555205047318612,0.5358024691358024,0.4626711271230057,0.6045432707156535,0.3937430041382193,0.4871229244665597,0.5135802469135803,150
combined:linear,seg,earn,0.5,1585,727,0.4586750788643533,0.5199449793672627,0.46212340899368654,0.5731053671511697,0.4124845263893717,0.4836189701165066,0.5020632737276479,245
combined:linear,seg,earn,1.0,1585,1585,1.0,0.5091482649842272,0.4735226047224132,0.5439321618073546,0.44088523178587874,0.4845448218076165,0.4921135646687697,364
combined:linear,seg,filing,0.002,3621,15,0.004142502071251036,0.6666666666666666,0.35703781512605054,0.9,0.12323521581876085,0.41713547738519774,0.3333333333333333,13
combined:linear,seg,filing,0.005,3621,25,0.006904170118751726,0.68,0.4283834586466167,0.8636363636363636,0.25972015706546214,0.48410269273102247,0.36,21
combined:linear,seg,filing,0.01,3621,54,0.014913007456503728,0.6111111111111112,0.4166666666666667,0.7660392798690671,0.2691131000857757,0.47788298538207685,0.4074074074074074,38
combined:linear,seg,filing,0.02,3621,121,0.03341618337475835,0.48760330578512395,0.3789904138770542,0.6154296875,0.2507716937220371,0.4003029997040413,0.4132231404958678,71
combined:linear,seg,filing,0.05,3621,238,0.06572769953051644,0.49159663865546216,0.41879251700680276,0.5794559957594515,0.33064085391646014,0.42872260491706604,0.44537815126050423,128
combined:linear,seg,filing,0.1,3621,466,0.12869373101353218,0.5,0.44687308399754755,0.5618093488753704,0.385702481628445,0.4547891755029345,0.4356223175965665,197
combined:linear,seg,filing,0.25,3621,956,0.264015465341066,0.5115062761506276,0.4708181218715343,0.5531313459169745,0.4304784142098016,0.4798371743531325,0.4351464435146444,296
combined:linear,seg,filing,0.5,3621,1765,0.48743441038387186,0.49575070821529743,0.46487261995921775,0.5302482390554072,0.4320730694304461,0.4724598255182391,0.4572237960339943,379
combined:linear,seg,filing,1.0,3621,3621,1.0,0.5238884286108809,0.5010154753301119,0.5475002031529335,0.47766741250552486,0.5076047097657784,0.4545705606186136,452
combined:linear,seg,none,0.002,5537,79,0.014267653964240564,0.3924050632911392,0.1868038740920097,0.675016891891892,-0.11061092387730176,0.2921286505753673,0.6708860759493671,24
combined:linear,seg,none,0.005,5537,99,0.01787971825898501,0.41414141414141414,0.21082710597826096,0.6753334503334504,-0.03809683895364879,0.3220949941765153,0.6565656565656566,32
combined:linear,seg,none,0.01,5537,126,0.022756005056890013,0.4126984126984127,0.23734848484848486,0.6112179487179487,0.04255451360501816,0.33056044633223847,0.6349206349206349,43
combined:linear,seg,none,0.02,5537,204,0.036843055806393354,0.4215686274509804,0.2880750605326877,0.5666959798994975,0.14741239613151041,0.3558686687922161,0.5784313725490197,59
combined:linear,seg,none,0.05,5537,409,0.07386671482752392,0.43765281173594134,0.34449792570998383,0.5305535560212006,0.253343516760959,0.3903748451943193,0.5452322738386308,112
combined:linear,seg,none,0.1,5537,667,0.12046234422972729,0.4662668665667166,0.3993913415523088,0.5328023684210527,0.3294074058374893,0.42870949179625967,0.4962518740629685,163
combined:linear,seg,none,0.25,5537,1481,0.26747336102582625,0.475354490209318,0.4290415754606207,0.5215846790731874,0.38018500307513936,0.45001722865063976,0.474679270762998,278
combined:linear,seg,none,0.5,5537,2451,0.4426584793209319,0.4814361485108119,0.44718166302999574,0.5177377984662004,0.4118279971329244,0.4616997209969483,0.4814361485108119,379
combined:linear,seg,none,1.0,5537,5537,1.0,0.49972909517789416,0.4757638136980409,0.523054005569785,0.45229405792507044,0.4865640008854094,0.4901571247968214,455
ctl_random,seg,earn,0.002,1585,22,0.0138801261829653,0.5454545454545454,0.3333333333333333,0.75,0.13340485750419817,0.3465979532073494,0.5454545454545454,21
ctl_random,seg,earn,0.005,1585,22,0.0138801261829653,0.5454545454545454,0.3333333333333333,0.75,0.13340485750419817,0.3465979532073494,0.5454545454545454,21
ctl_random,seg,earn,0.01,1585,32,0.02018927444794953,0.53125,0.3634740259740261,0.692391304347826,0.20263024356367187,0.3644951711897464,0.46875,29
ctl_random,seg,earn,0.02,1585,62,0.039116719242902206,0.5,0.3709677419354839,0.6154166666666667,0.25430436763187353,0.3792274119456608,0.5161290322580645,55
ctl_random,seg,earn,0.05,1585,112,0.07066246056782334,0.5267857142857143,0.44137031768610724,0.6140530629853322,0.3529445639098553,0.4349725864921189,0.49107142857142855,86
ctl_random,seg,earn,0.1,1585,187,0.11798107255520504,0.5347593582887701,0.4585256846981878,0.6135416666666667,0.3856991535450165,0.4632893955540205,0.4919786096256685,126
ctl_random,seg,earn,0.25,1585,409,0.2580441640378549,0.5256723716381418,0.476627356841541,0.5756241877009372,0.4252052158291239,0.47726549741785307,0.5012224938875306,206
ctl_random,seg,earn,0.5,1585,822,0.5186119873817034,0.5072992700729927,0.4628616205716513,0.5498303569505181,0.42326661005013066,0.4731677267947948,0.4927007299270073,288
ctl_random,seg,earn,1.0,1585,1585,1.0,0.5123028391167193,0.4747564770589087,0.5482148500617813,0.4395352295746505,0.4876950889758899,0.4921135646687697,364
ctl_random,seg,filing,0.002,3621,15,0.004142502071251036,0.6,0.35714285714285715,0.8333333333333334,0.1327358253098006,0.357468301206246,0.6,14
ctl_random,seg,filing,0.005,3621,30,0.008285004142502071,0.6333333333333333,0.4583333333333333,0.8,0.29608592530467204,0.4551356365479487,0.5333333333333333,28
ctl_random,seg,filing,0.01,3621,62,0.01712234189450428,0.5,0.38980696798493414,0.6268719959524413,0.2669095829154555,0.3792274119456608,0.5,57
ctl_random,seg,filing,0.02,3621,97,0.026788180060756697,0.5051546391752577,0.40476190476190477,0.6078644501278772,0.30693551086514903,0.4073747907022528,0.5463917525773195,82
ctl_random,seg,filing,0.05,3621,199,0.05495719414526374,0.49246231155778897,0.4285536602700782,0.5652230821761893,0.35726349118918754,0.42380460687754923,0.48743718592964824,155
ctl_random,seg,filing,0.1,3621,402,0.11101905550952776,0.5348258706467661,0.4840342211912761,0.5872417927237205,0.43224683092102845,0.48596806243639096,0.4427860696517413,256
ctl_random,seg,filing,0.25,3621,968,0.2673294669980668,0.5289256198347108,0.4919757951027301,0.5631300463998536,0.4583664855856543,0.4974282223033399,0.4524793388429752,370
ctl_random,seg,filing,0.5,3621,1834,0.5064899199116266,0.5169029443838604,0.4881047487235095,0.5459786332870896,0.45957183135395085,0.4940212921974814,0.4536532170119956,429
ctl_random,seg,filing,1.0,3621,3621,1.0,0.5020712510356256,0.47955381167854166,0.5241454150841021,0.45681445024055173,0.48579222461624944,0.4545705606186136,452
ctl_random,seg,none,0.002,5537,3,0.000541809644211667,0.3333333333333333,0.0,1.0,-0.8507525990450446,0.06149194472039621,0.0,3
ctl_random,seg,none,0.005,5537,11,0.0019866353621094453,0.5454545454545454,0.2,0.8464285714285712,-0.06832316586082698,0.280091537409322,0.2727272727272727,11
ctl_random,seg,none,0.01,5537,32,0.0057793028715911144,0.4375,0.25,0.6071428571428571,0.07779979770837886,0.2816533111504036,0.4375,32
ctl_random,seg,none,0.02,5537,94,0.016976702185298898,0.5319148936170213,0.4367816091954023,0.6292134831460674,0.3401101245768928,0.4317826374815637,0.5106382978723404,86
ctl_random,seg,none,0.05,5537,288,0.05201372584432003,0.4861111111111111,0.4275979998662118,0.5441341088674275,0.36609424223669057,0.4289510889714214,0.5069444444444444,196
ctl_random,seg,none,0.1,5537,575,0.10384684847390284,0.5026086956521739,0.45680529600406056,0.550008389261745,0.4098515430219422,0.46185969511214614,0.5165217391304348,315
ctl_random,seg,none,0.25,5537,1390,0.25103846848473904,0.48848920863309353,0.45408755700747166,0.5237446606776869,0.41911676224176425,0.4622789522509548,0.49640287769784175,433
ctl_random,seg,none,0.5,5537,2763,0.4990066823189453,0.4925805284111473,0.46504676053582616,0.5189303650477962,0.4384741958362433,0.47396231588059673,0.49764748461816866,450
ctl_random,seg,none,1.0,5537,5537,1.0,0.4943109987357775,0.4714332159441704,0.5180300824385458,0.4467806233516182,0.48115051049068913,0.4901571247968214,455
ctl_shuffled,seg,earn,0.002,1585,19,0.011987381703470032,0.7368421052631579,0.5,0.9333333333333333,0.308793820590667,0.5120844910218489,0.47368421052631576,17
ctl_shuffled,seg,earn,0.005,1585,19,0.011987381703470032,0.7368421052631579,0.5,0.9333333333333333,0.308793820590667,0.5120844910218489,0.47368421052631576,17
ctl_shuffled,seg,earn,0.01,1585,33,0.02082018927444795,0.5757575757575758,0.4073573573573574,0.7407407407407407,0.24859650577077924,0.4080726333731245,0.5151515151515151,27
ctl_shuffled,seg,earn,0.02,1585,52,0.032807570977917984,0.5192307692307693,0.3877551020408163,0.6578947368421053,0.2527588809085899,0.38685682768056057,0.4423076923076923,39
ctl_shuffled,seg,earn,0.05,1585,75,0.0473186119873817,0.49333333333333335,0.375,0.6046944581890152,0.2589244742607093,0.38330010247790747,0.4666666666666667,55
ctl_shuffled,seg,earn,0.1,1585,151,0.09526813880126182,0.48344370860927155,0.39434956193856047,0.5668961955586159,0.3085120167124483,0.4051422333793694,0.47019867549668876,93
ctl_shuffled,seg,earn,0.25,1585,346,0.21829652996845425,0.49710982658959535,0.42704213455232043,0.5614989320871674,0.3654159839518072,0.44474831923439706,0.5028901734104047,173
ctl_shuffled,seg,earn,0.5,1585,733,0.4624605678233438,0.5075034106412005,0.4569338768115942,0.5508600322145614,0.414377004139118,0.4713663525387808,0.5006821282401092,263
ctl_shuffled,seg,earn,1.0,1585,1585,1.0,0.5110410094637224,0.4725169525055358,0.5468526310405674,0.43570284609882504,0.48643486487411064,0.4921135646687697,364
ctl_shuffled,seg,filing,0.002,3621,20,0.005523336095001381,0.5,0.26666666666666666,0.7223484848484847,0.05504589277649791,0.2992980081982123,0.3,20
ctl_shuffled,seg,filing,0.005,3621,31,0.00856117094725214,0.3870967741935484,0.20689655172413793,0.5715367965367965,0.03229596401188595,0.23733101420380254,0.3548387096774194,29
ctl_shuffled,seg,filing,0.01,3621,52,0.01436067384700359,0.4230769230769231,0.2883928571428572,0.5625,0.16023110244840277,0.2986805208350091,0.3269230769230769,47
ctl_shuffled,seg,filing,0.02,3621,76,0.020988677161005248,0.4342105263157895,0.32465703310773736,0.5540915915915916,0.2096845152076534,0.32860931819217054,0.3815789473684211,63
ctl_shuffled,seg,filing,0.05,3621,153,0.04225352112676056,0.5032679738562091,0.4191120825832997,0.5868033839624749,0.33057637900587805,0.42493896620853044,0.43790849673202614,113
ctl_shuffled,seg,filing,0.1,3621,320,0.0883733775200221,0.496875,0.439459067066317,0.555920631363258,0.3798999262287813,0.44245635108414183,0.440625,197
ctl_shuffled,seg,filing,0.25,3621,837,0.2311516155758078,0.5161290322580645,0.4765761228733918,0.5512863743767834,0.4401561975677705,0.48227718500119143,0.45280764635603343,332
ctl_shuffled,seg,filing,0.5,3621,1645,0.45429439381386355,0.5155015197568389,0.4859838524118662,0.5447044887209186,0.4543739388995928,0.4913430156405205,0.45775075987841946,415
ctl_shuffled,seg,filing,1.0,3621,3621,1.0,0.5109085887876277,0.48776437261478517,0.5330031988824864,0.46493967666979785,0.49462392759353685,0.4545705606186136,452
ctl_shuffled,seg,none,0.002,5537,30,0.0054180964421166695,0.5,0.30295454545454553,0.7142857142857143,0.094772078220285,0.33154125640533766,0.43333333333333335,26
ctl_shuffled,seg,none,0.005,5537,48,0.008668954307386671,0.5208333333333334,0.371326530612245,0.6764705882352942,0.2173230568845136,0.3832923230334281,0.5208333333333334,40
ctl_shuffled,seg,none,0.01,5537,71,0.012822828246342784,0.5633802816901409,0.43936799501867996,0.6857356076759061,0.3214684972199793,0.4477154306941805,0.5070422535211268,60
ctl_shuffled,seg,none,0.02,5537,124,0.022394798627415568,0.5080645161290323,0.40366201526482154,0.6106317600786627,0.30564492899294826,0.42116044210328424,0.5161290322580645,85
ctl_shuffled,seg,none,0.05,5537,284,0.05129131298537114,0.545774647887324,0.4756366318164071,0.6124679093648844,0.4128193896695094,0.487641181995174,0.4647887323943662,174
ctl_shuffled,seg,none,0.1,5537,505,0.09120462344229727,0.5425742574257426,0.4912932753346569,0.5924628886211638,0.43959256162600846,0.4989657244278495,0.46534653465346537,250
ctl_shuffled,seg,none,0.25,5537,1278,0.23081090843417013,0.5078247261345853,0.4721960396039604,0.5443529718238743,0.4364618762632737,0.4804329711646451,0.48278560250391234,389
ctl_shuffled,seg,none,0.5,5537,2620,0.4731804226115225,0.4988549618320611,0.4680990503850049,0.5265377207607393,0.4418965818956177,0.4797251760713722,0.4862595419847328,444
ctl_shuffled,seg,none,1.0,5537,5537,1.0,0.49557522123893805,0.4721115807970778,0.5195044607528364,0.44825124910407477,0.48241352006138816,0.4901571247968214,455
event_regime:gbm,seg,earn,0.002,1585,86,0.05425867507886435,0.5813953488372093,0.4067664194915255,0.728405524168236,0.26648645929932935,0.4758445635760395,0.4186046511627907,17
event_regime:gbm,seg,earn,0.005,1585,86,0.05425867507886435,0.5813953488372093,0.4067664194915255,0.728405524168236,0.26648645929932935,0.4758445635760395,0.4186046511627907,17
event_regime:gbm,seg,earn,0.01,1585,90,0.056782334384858045,0.5777777777777777,0.41372224846480876,0.7142857142857143,0.27966346925513885,0.4746118562531433,0.4222222222222222,18
event_regime:gbm,seg,earn,0.02,1585,122,0.07697160883280757,0.5,0.3494976292616844,0.6440845227475468,0.20830566222461488,0.41264128779993825,0.5,25
event_regime:gbm,seg,earn,0.05,1585,207,0.1305993690851735,0.4927536231884058,0.3850249633240263,0.6144889475256397,0.2578935160132477,0.4254025059904806,0.5410628019323671,43
event_regime:gbm,seg,earn,0.1,1585,232,0.14637223974763408,0.5086206896551724,0.4066726099124312,0.6169602099817407,0.2924956793104735,0.44467677202849415,0.5172413793103449,51
event_regime:gbm,seg,earn,0.25,1585,454,0.2864353312302839,0.5044052863436124,0.4367454099150023,0.5751830843168666,0.36370527492581006,0.4585706081703629,0.4955947136563877,96
event_regime:gbm,seg,earn,0.5,1585,753,0.4750788643533123,0.5285524568393094,0.47589524976210534,0.5810882155447372,0.4223796820849627,0.4928435859096486,0.5073041168658698,170
event_regime:gbm,seg,earn,1.0,1585,1585,1.0,0.5261829652996846,0.48924092087233373,0.5619695585274491,0.4541774703739491,0.5015678810333067,0.4921135646687697,364
event_regime:gbm,seg,filing,0.002,3621,116,0.03203534935100801,0.603448275862069,0.4960865216304076,0.7024980005331911,0.40612788535295896,0.5124876143136842,0.4396551724137931,24
event_regime:gbm,seg,filing,0.005,3621,116,0.03203534935100801,0.603448275862069,0.4960865216304076,0.7024980005331911,0.40612788535295896,0.5124876143136842,0.4396551724137931,24
event_regime:gbm,seg,filing,0.01,3621,126,0.0347970173985087,0.5873015873015873,0.48978506296135477,0.6851926523297491,0.40157471026512886,0.49999785253375945,0.4444444444444444,26
event_regime:gbm,seg,filing,0.02,3621,136,0.03755868544600939,0.6029411764705882,0.5084550195567145,0.6935798072894848,0.42235359375037185,0.5189689089302262,0.45588235294117646,27
event_regime:gbm,seg,filing,0.05,3621,205,0.05661419497376415,0.5853658536585366,0.5068069481711623,0.6645579448069817,0.42743197073152606,0.5169603304629206,0.44878048780487806,45
event_regime:gbm,seg,filing,0.1,3621,349,0.0963822148577741,0.5501432664756447,0.48217088460645463,0.6171339253585565,0.4151124473636235,0.49768659459418013,0.46418338108882523,67
event_regime:gbm,seg,filing,0.25,3621,839,0.23170394918530793,0.532777115613826,0.4866778740050831,0.5809147435458468,0.4377513968656897,0.49894445539270055,0.44576877234803336,144
event_regime:gbm,seg,filing,0.5,3621,1617,0.44656172328086163,0.5423623995052567,0.5041545911220596,0.5758213131996093,0.46982019417500326,0.5180077863208965,0.45083487940630795,249
event_regime:gbm,seg,filing,1.0,3621,3621,1.0,0.5260977630488816,0.502918845426583,0.5481264733500061,0.48109434464597406,0.509815298664712,0.4545705606186136,452
event_regime:gbm,seg,none,0.002,5537,261,0.04713743904641503,0.6666666666666666,0.538790537766831,0.7767060138297129,0.441729297595037,0.6074238479573544,0.4904214559386973,23
event_regime:gbm,seg,none,0.005,5537,261,0.04713743904641503,0.6666666666666666,0.538790537766831,0.7767060138297129,0.441729297595037,0.6074238479573544,0.4904214559386973,23
event_regime:gbm,seg,none,0.01,5537,261,0.04713743904641503,0.6666666666666666,0.538790537766831,0.7767060138297129,0.441729297595037,0.6074238479573544,0.4904214559386973,23
event_regime:gbm,seg,none,0.02,5537,266,0.04804045512010114,0.6616541353383458,0.5369183939027791,0.7678008881277629,0.4394152177290671,0.6028525947459527,0.4924812030075188,24
event_regime:gbm,seg,none,0.05,5537,405,0.07314430196857503,0.6049382716049383,0.5023600297148875,0.708886154086576,0.39647649184762507,0.5565550818292943,0.4691358024691358,34
event_regime:gbm,seg,none,0.1,5537,682,0.12317139245078562,0.5821114369501467,0.5025025448918929,0.6541581977263753,0.4276201230373484,0.544736492247888,0.4750733137829912,57
event_regime:gbm,seg,none,0.25,5537,1447,0.2613328517247607,0.5272978576364893,0.47600657658722506,0.5788535302229711,0.423081738092628,0.5015357268158058,0.4996544574982723,117
event_regime:gbm,seg,none,0.5,5537,2688,0.4854614412136536,0.5093005952380952,0.4732726488250384,0.5442208624922141,0.43911746339158075,0.4904022648586832,0.4992559523809524,219
event_regime:gbm,seg,none,1.0,5537,5537,1.0,0.4959364276684125,0.4706830444254529,0.5203213081770794,0.4462992539186802,0.4827743953891746,0.4901571247968214,455
event_regime:linear,seg,earn,0.002,1585,10,0.006309148264984227,0.2,0.0,0.47272727272727166,-0.22342747558579867,0.05668215145437519,0.8,4
event_regime:linear,seg,earn,0.005,1585,10,0.006309148264984227,0.2,0.0,0.47272727272727166,-0.22342747558579867,0.05668215145437519,0.8,4
event_regime:linear,seg,earn,0.01,1585,18,0.011356466876971609,0.2777777777777778,0.1111111111111111,0.5714285714285714,-0.17482945612709516,0.12499753379553993,0.6111111111111112,10
event_regime:linear,seg,earn,0.02,1585,51,0.032176656151419555,0.47058823529411764,0.2903013582342955,0.6451612903225806,0.11643211299051465,0.3405299020949959,0.47058823529411764,26
event_regime:linear,seg,earn,0.05,1585,121,0.07634069400630915,0.5371900826446281,0.38539663461538465,0.6565656565656566,0.2645914459803556,0.4485732934119226,0.4214876033057851,47
event_regime:linear,seg,earn,0.1,1585,206,0.1299684542586751,0.4854368932038835,0.3636050875729775,0.5924549477585711,0.25388026401839836,0.4180809445791726,0.5,78
event_regime:linear,seg,earn,0.25,1585,370,0.2334384858044164,0.5108108108108108,0.42480867617338214,0.5930815047841469,0.3478854984935148,0.46002704347552664,0.47297297297297297,122
event_regime:linear,seg,earn,0.5,1585,647,0.4082018927444795,0.5409582689335394,0.47990654799422566,0.5984479596081843,0.42167502430756315,0.5024316569462568,0.48377125193199383,195
event_regime:linear,seg,earn,1.0,1585,1585,1.0,0.5255520504731861,0.49075730879254703,0.5628056515589343,0.4547778805838696,0.5009368883983247,0.4921135646687697,364
event_regime:linear,seg,filing,0.002,3621,24,0.006628003314001657,0.5833333333333334,0.16644736842105282,0.9090909090909091,-0.19130853664009617,0.3883466586522876,0.4166666666666667,10
event_regime:linear,seg,filing,0.005,3621,32,0.00883733775200221,0.59375,0.2691666666666667,0.850091463414634,0.011529360574515146,0.42260024875382873,0.40625,16
event_regime:linear,seg,filing,0.01,3621,44,0.012151339409003039,0.6590909090909091,0.39021002710027103,0.8667105263157895,0.18897885945044635,0.5113914121793823,0.3409090909090909,22
event_regime:linear,seg,filing,0.02,3621,67,0.018503175918254625,0.5970149253731343,0.4101851851851852,0.7553550891316849,0.24234036292922034,0.47741328881114453,0.40298507462686567,37
event_regime:linear,seg,filing,0.05,3621,165,0.045567522783761395,0.5636363636363636,0.454527972027972,0.6684702513790054,0.3454382042115838,0.4873692154824444,0.4,70
event_regime:linear,seg,filing,0.1,3621,349,0.0963822148577741,0.5472779369627507,0.48096386744743147,0.6114130434782609,0.4156468682216482,0.49482351495547683,0.4183381088825215,128
event_regime:linear,seg,filing,0.25,3621,872,0.2408174537420602,0.536697247706422,0.49292138451624784,0.5818024760222501,0.44764639671679973,0.5035116884286264,0.43463302752293576,227
event_regime:linear,seg,filing,0.5,3621,1630,0.45015189174261255,0.5239263803680981,0.48976881615689327,0.5584337561454169,0.4566377637735309,0.4996533394068975,0.4570552147239264,341
event_regime:linear,seg,filing,1.0,3621,3621,1.0,0.5241645954156311,0.5020603074088715,0.5472918600185133,0.4790792056165044,0.5078810159529799,0.4545705606186136,452
event_regime:linear,seg,none,0.002,5537,114,0.020588766480043343,0.5614035087719298,0.34693197278911564,0.7623553519768562,0.14182389444302207,0.46978749853445906,0.43859649122807015,9
event_regime:linear,seg,none,0.005,5537,114,0.020588766480043343,0.5614035087719298,0.34693197278911564,0.7623553519768562,0.14182389444302207,0.46978749853445906,0.43859649122807015,9
event_regime:linear,seg,none,0.01,5537,129,0.02329781470110168,0.5891472868217055,0.39588395208563426,0.7692307692307693,0.21378520829133824,0.5028661010486245,0.4108527131782946,10
event_regime:linear,seg,none,0.02,5537,210,0.03792667509481669,0.5761904761904761,0.4484126236457843,0.6927397629310345,0.33534803029215476,0.5085752403591578,0.4238095238095238,18
event_regime:linear,seg,none,0.05,5537,306,0.05526458370959003,0.5163398692810458,0.4069228115141956,0.6270447820082857,0.29569239953716875,0.46049317791626704,0.40522875816993464,25
event_regime:linear,seg,none,0.1,5537,530,0.09571970381072784,0.5283018867924528,0.450541547835105,0.6131310040428767,0.3611966818463116,0.4857514769407324,0.4547169811320755,43
event_regime:linear,seg,none,0.25,5537,1120,0.202275600505689,0.4901785714285714,0.43395658104114576,0.545762958648806,0.3806311253355075,0.4609852894576703,0.45982142857142855,93
event_regime:linear,seg,none,0.5,5537,2235,0.4036481849376919,0.5082774049217003,0.4692940288324362,0.5503620123938904,0.42936516073509123,0.4875547803112902,0.4818791946308725,189
event_regime:linear,seg,none,1.0,5537,5537,1.0,0.49665884052736137,0.47272141772357074,0.5194363816417139,0.4491734878316707,0.48349616664449246,0.4901571247968214,455
insider:gbm,seg,earn,0.002,1585,8,0.005047318611987382,0.5,0.14285714285714285,0.8575892857142853,-0.2375803887220922,0.21521606221387757,0.625,8
insider:gbm,seg,earn,0.005,1585,8,0.005047318611987382,0.5,0.14285714285714285,0.8575892857142853,-0.2375803887220922,0.21521606221387757,0.625,8
insider:gbm,seg,earn,0.01,1585,13,0.008201892744479496,0.46153846153846156,0.18735795454545467,0.7142857142857143,-0.06532125438515868,0.23206067809538303,0.46153846153846156,12
insider:gbm,seg,earn,0.02,1585,20,0.012618296529968454,0.5,0.26657894736842114,0.7142857142857143,0.06471838884973508,0.2992980081982123,0.45,19
insider:gbm,seg,earn,0.05,1585,22,0.0138801261829653,0.5,0.2940563725490197,0.7083333333333334,0.08888670748674093,0.3072210627372502,0.5,21
insider:gbm,seg,earn,0.1,1585,22,0.0138801261829653,0.5,0.2940563725490197,0.7083333333333334,0.08888670748674093,0.3072210627372502,0.5,21
insider:gbm,seg,earn,0.25,1585,22,0.0138801261829653,0.5,0.2940563725490197,0.7083333333333334,0.08888670748674093,0.3072210627372502,0.5,21
insider:gbm,seg,earn,0.5,1585,22,0.0138801261829653,0.5,0.2940563725490197,0.7083333333333334,0.08888670748674093,0.3072210627372502,0.5,21
insider:gbm,seg,earn,1.0,1585,1585,1.0,0.5154574132492113,0.47683253230972206,0.5510804675304667,0.4404711961079899,0.49084633330462074,0.4921135646687697,364
insider:gbm,seg,filing,0.002,3621,9,0.0024855012427506215,0.5555555555555556,0.2,0.8888888888888888,-0.12921739821174205,0.26665129349549305,0.2222222222222222,9
insider:gbm,seg,filing,0.005,3621,12,0.0033140016570008283,0.5833333333333334,0.2857142857142857,0.875,-0.008041690890024156,0.31951131254954973,0.25,12
insider:gbm,seg,filing,0.01,3621,29,0.008008837337752003,0.41379310344827586,0.22571684587813629,0.6,0.047444306880506604,0.255131773413224,0.6206896551724138,28
insider:gbm,seg,filing,0.02,3621,78,0.021541010770505385,0.47435897435897434,0.35630268199233717,0.5875385273972603,0.2481110242820903,0.3673726697600783,0.6282051282051282,72
insider:gbm,seg,filing,0.05,3621,145,0.04004418668876001,0.5655172413793104,0.48225656157788477,0.6482941310801552,0.3991164778364338,0.4841749387406087,0.5241379310344828,120
insider:gbm,seg,filing,0.1,3621,158,0.04363435515051091,0.5443037974683544,0.4604946393762183,0.621134933906673,0.3868543804991992,0.4665156377223327,0.5,131
insider:gbm,seg,filing,0.25,3621,158,0.04363435515051091,0.5443037974683544,0.4604946393762183,0.621134933906673,0.3868543804991992,0.4665156377223327,0.5,131
insider:gbm,seg,filing,0.5,3621,158,0.04363435515051091,0.5443037974683544,0.4604946393762183,0.621134933906673,0.3868543804991992,0.4665156377223327,0.5,131
insider:gbm,seg,filing,1.0,3621,3621,1.0,0.5095277547638773,0.48527859499339354,0.5321398100082767,0.46158663147316,0.4932436390562822,0.4545705606186136,452
insider:gbm,seg,none,0.002,5537,23,0.004153873938956113,0.5652173913043478,0.36363636363636365,0.7692307692307693,0.16653954880175653,0.3681137508501646,0.4782608695652174,23
insider:gbm,seg,none,0.005,5537,53,0.009571970381072784,0.5660377358490566,0.4221317829457365,0.7116071428571428,0.2825481153974744,0.4326535142760728,0.5283018867924528,48
insider:gbm,seg,none,0.01,5537,81,0.014628860393715009,0.5555555555555556,0.4383127532317191,0.6666666666666666,0.3277875899953546,0.4472757377643103,0.5432098765432098,70
insider:gbm,seg,none,0.02,5537,132,0.023839624345313348,0.5151515151515151,0.4199961832061069,0.6122613561553654,0.32053128646356943,0.4306787815808836,0.5,98
insider:gbm,seg,none,0.05,5537,222,0.04009391367166336,0.5225225225225225,0.44632949668357397,0.6,0.36432448101871284,0.4569941803607581,0.5135135135135135,154
insider:gbm,seg,none,0.1,5537,240,0.043344771536933356,0.525,0.45133908227293446,0.6010153210116731,0.36985003636692837,0.4619261001374734,0.525,165
insider:gbm,seg,none,0.25,5537,240,0.043344771536933356,0.525,0.45133908227293446,0.6010153210116731,0.36985003636692837,0.4619261001374734,0.525,165
insider:gbm,seg,none,0.5,5537,240,0.043344771536933356,0.525,0.45133908227293446,0.6010153210116731,0.36985003636692837,0.4619261001374734,0.525,165
insider:gbm,seg,none,1.0,5537,5537,1.0,0.4937691890915658,0.470377346276454,0.5175104557962694,0.4456051127376058,0.4806092464265533,0.4901571247968214,455
insider:linear,seg,earn,0.002,1585,5,0.0031545741324921135,0.8,0.3333333333333333,1.0,0.010705653212317201,0.37553462976252533,0.2,5
insider:linear,seg,earn,0.005,1585,5,0.0031545741324921135,0.8,0.3333333333333333,1.0,0.010705653212317201,0.37553462976252533,0.2,5
insider:linear,seg,earn,0.01,1585,7,0.004416403785488959,0.5714285714285714,0.16547619047619097,1.0,-0.2191986182137683,0.2504583645276572,0.14285714285714285,7
insider:linear,seg,earn,0.02,1585,26,0.016403785488958992,0.46153846153846156,0.2757836990595612,0.64,0.0850722658672502,0.2875585353039122,0.5,25
insider:linear,seg,earn,0.05,1585,39,0.024605678233438486,0.4358974358974359,0.27774822695035467,0.5953571428571427,0.11595516283554108,0.2930475387568963,0.46153846153846156,37
insider:linear,seg,earn,0.1,1585,40,0.025236593059936908,0.425,0.2682180189148831,0.5833841463414634,0.10901670578174832,0.28509392559950375,0.45,38
insider:linear,seg,earn,0.25,1585,40,0.025236593059936908,0.425,0.2682180189148831,0.5833841463414634,0.10901670578174832,0.28509392559950375,0.45,38
insider:linear,seg,earn,0.5,1585,40,0.025236593059936908,0.425,0.2682180189148831,0.5833841463414634,0.10901670578174832,0.28509392559950375,0.45,38
insider:linear,seg,earn,1.0,1585,1585,1.0,0.5141955835962145,0.4752791060809694,0.5500096899224807,0.44010492361073733,0.4895857182836785,0.4921135646687697,364
insider:linear,seg,filing,0.002,3621,13,0.0035901684617508974,0.38461538461538464,0.125,0.6666666666666666,-0.16152191057685378,0.17709707797762575,0.38461538461538464,13
insider:linear,seg,filing,0.005,3621,20,0.005523336095001381,0.45,0.23326923076923084,0.6666666666666666,0.0249871112594936,0.2581978582556243,0.4,17
insider:linear,seg,filing,0.01,3621,35,0.009665838166252416,0.5142857142857142,0.3528676470588236,0.6818458980044345,0.18660043473429172,0.35568804595868564,0.3142857142857143,31
insider:linear,seg,filing,0.02,3621,54,0.014913007456503728,0.5555555555555556,0.4181439393939394,0.6875347222222222,0.28497391158381835,0.42375646526775257,0.35185185185185186,50
insider:linear,seg,filing,0.05,3621,137,0.03783485225075946,0.5547445255474452,0.4666554054054054,0.637700668896321,0.3882209159353296,0.4711584215549716,0.43795620437956206,113
insider:linear,seg,filing,0.1,3621,185,0.051090858878762774,0.5243243243243243,0.44884894200626957,0.595108340947657,0.380901635743393,0.45259911495816474,0.44324324324324327,150
insider:linear,seg,filing,0.25,3621,194,0.05357636012151339,0.5257731958762887,0.45176864126952837,0.5946531991174848,0.3848444592025444,0.45569139711752527,0.4536082474226804,156
insider:linear,seg,filing,0.5,3621,194,0.05357636012151339,0.5257731958762887,0.45176864126952837,0.5946531991174848,0.3848444592025444,0.45569139711752527,0.4536082474226804,156
insider:linear,seg,filing,1.0,3621,3621,1.0,0.5092515879591273,0.4853370568547771,0.5319696950362365,0.46190540594016666,0.49296759623875935,0.4545705606186136,452
insider:linear,seg,none,0.002,5537,16,0.0028896514357955572,0.625,0.375,0.8823529411764706,0.11532515705409807,0.38641040545502714,0.375,16
insider:linear,seg,none,0.005,5537,23,0.004153873938956113,0.5652173913043478,0.35,0.7619747899159662,0.14653264958235634,0.3681137508501646,0.5217391304347826,23
insider:linear,seg,none,0.01,5537,59,0.010655589669496117,0.5254237288135594,0.39724940204392256,0.6607142857142857,0.2644846907028322,0.4003979517001709,0.5423728813559322,55
insider:linear,seg,none,0.02,5537,132,0.023839624345313348,0.5378787878787878,0.44627781309599496,0.6307999999999999,0.3592054369702302,0.4529606144890238,0.5606060606060606,104
insider:linear,seg,none,0.05,5537,234,0.04226115224851002,0.49145299145299143,0.41868625277161864,0.5692326732673267,0.33746993324602503,0.4280562060318434,0.5427350427350427,155
insider:linear,seg,none,0.1,5537,284,0.05129131298537114,0.4964788732394366,0.42806918292269713,0.5676715828031618,0.3600934981220001,0.43876538495706147,0.5176056338028169,184
insider:linear,seg,none,0.25,5537,287,0.051833122629582805,0.49825783972125437,0.43006903506050265,0.5681329034969075,0.3623739825162686,0.44081797720647886,0.519163763066202,186
insider:linear,seg,none,0.5,5537,287,0.051833122629582805,0.49825783972125437,0.43006903506050265,0.5681329034969075,0.3623739825162686,0.44081797720647886,0.519163763066202,186
insider:linear,seg,none,1.0,5537,5537,1.0,0.4968394437420986,0.47411995961722686,0.5202316356420276,0.4489703217333447,0.48367661374985427,0.4901571247968214,455
leak:gbm,seg,earn,0.002,1585,0,0.0,,,,,,,0
leak:gbm,seg,earn,0.005,1585,0,0.0,,,,,,,0
leak:gbm,seg,earn,0.01,1585,0,0.0,,,,,,,0
leak:gbm,seg,earn,0.02,1585,0,0.0,,,,,,,0
leak:gbm,seg,earn,0.05,1585,0,0.0,,,,,,,0
leak:gbm,seg,earn,0.1,1585,0,0.0,,,,,,,0
leak:gbm,seg,earn,0.25,1585,0,0.0,,,,,,,0
leak:gbm,seg,earn,0.5,1585,409,0.2580441640378549,1.0,1.0,1.0,1.0,0.9906950749770443,0.4669926650366748,125
leak:gbm,seg,earn,1.0,1585,1585,1.0,1.0,1.0,1.0,1.0,0.9975822264711387,0.4921135646687697,364
leak:gbm,seg,filing,0.002,3621,0,0.0,,,,,,,0
leak:gbm,seg,filing,0.005,3621,0,0.0,,,,,,,0
leak:gbm,seg,filing,0.01,3621,0,0.0,,,,,,,0
leak:gbm,seg,filing,0.02,3621,0,0.0,,,,,,,0
leak:gbm,seg,filing,0.05,3621,0,0.0,,,,,,,0
leak:gbm,seg,filing,0.1,3621,0,0.0,,,,,,,0
leak:gbm,seg,filing,0.25,3621,0,0.0,,,,,,,0
leak:gbm,seg,filing,0.5,3621,368,0.1016293841480254,1.0,1.0,1.0,1.0,0.9896690949070677,1.0,96
leak:gbm,seg,filing,1.0,3621,3621,1.0,1.0,1.0,1.0,1.0,0.9989402408727845,0.4545705606186136,452
leak:gbm,seg,none,0.002,5537,0,0.0,,,,,,,0
leak:gbm,seg,none,0.005,5537,0,0.0,,,,,,,0
leak:gbm,seg,none,0.01,5537,0,0.0,,,,,,,0
leak:gbm,seg,none,0.02,5537,0,0.0,,,,,,,0
leak:gbm,seg,none,0.05,5537,0,0.0,,,,,,,0
leak:gbm,seg,none,0.1,5537,0,0.0,,,,,,,0
leak:gbm,seg,none,0.25,5537,0,0.0,,,,,,,0
leak:gbm,seg,none,0.5,5537,0,0.0,,,,,,,0
leak:gbm,seg,none,1.0,5537,5537,1.0,1.0,1.0,1.0,1.0,0.999306701184424,0.4901571247968214,455
leak:linear,seg,earn,0.002,1585,0,0.0,,,,,,,0
leak:linear,seg,earn,0.005,1585,0,0.0,,,,,,,0
leak:linear,seg,earn,0.01,1585,0,0.0,,,,,,,0
leak:linear,seg,earn,0.02,1585,0,0.0,,,,,,,0
leak:linear,seg,earn,0.05,1585,0,0.0,,,,,,,0
leak:linear,seg,earn,0.1,1585,0,0.0,,,,,,,0
leak:linear,seg,earn,0.25,1585,0,0.0,,,,,,,0
leak:linear,seg,earn,0.5,1585,409,0.2580441640378549,1.0,1.0,1.0,1.0,0.9906950749770443,0.4669926650366748,125
leak:linear,seg,earn,1.0,1585,1585,1.0,1.0,1.0,1.0,1.0,0.9975822264711387,0.4921135646687697,364
leak:linear,seg,filing,0.002,3621,0,0.0,,,,,,,0
leak:linear,seg,filing,0.005,3621,0,0.0,,,,,,,0
leak:linear,seg,filing,0.01,3621,0,0.0,,,,,,,0
leak:linear,seg,filing,0.02,3621,0,0.0,,,,,,,0
leak:linear,seg,filing,0.05,3621,0,0.0,,,,,,,0
leak:linear,seg,filing,0.1,3621,0,0.0,,,,,,,0
leak:linear,seg,filing,0.25,3621,0,0.0,,,,,,,0
leak:linear,seg,filing,0.5,3621,368,0.1016293841480254,1.0,1.0,1.0,1.0,0.9896690949070677,1.0,96
leak:linear,seg,filing,1.0,3621,3621,1.0,1.0,1.0,1.0,1.0,0.9989402408727845,0.4545705606186136,452
leak:linear,seg,none,0.002,5537,0,0.0,,,,,,,0
leak:linear,seg,none,0.005,5537,0,0.0,,,,,,,0
leak:linear,seg,none,0.01,5537,0,0.0,,,,,,,0
leak:linear,seg,none,0.02,5537,0,0.0,,,,,,,0
leak:linear,seg,none,0.05,5537,0,0.0,,,,,,,0
leak:linear,seg,none,0.1,5537,0,0.0,,,,,,,0
leak:linear,seg,none,0.25,5537,0,0.0,,,,,,,0
leak:linear,seg,none,0.5,5537,0,0.0,,,,,,,0
leak:linear,seg,none,1.0,5537,5537,1.0,1.0,1.0,1.0,1.0,0.999306701184424,0.4901571247968214,455
miner,seg,earn,0.002,1585,0,0.0,,,,,,,0
miner,seg,earn,0.005,1585,0,0.0,,,,,,,0
miner,seg,earn,0.01,1585,0,0.0,,,,,,,0
miner,seg,earn,0.02,1585,0,0.0,,,,,,,0
miner,seg,earn,0.05,1585,0,0.0,,,,,,,0
miner,seg,earn,0.1,1585,0,0.0,,,,,,,0
miner,seg,earn,0.25,1585,0,0.0,,,,,,,0
miner,seg,earn,0.5,1585,0,0.0,,,,,,,0
miner,seg,earn,1.0,1585,1585,1.0,0.5148264984227129,0.4767582258274151,0.5514149686802505,0.4397295583114168,0.490216006243111,0.4921135646687697,364
miner,seg,filing,0.002,3621,0,0.0,,,,,,,0
miner,seg,filing,0.005,3621,0,0.0,,,,,,,0
miner,seg,filing,0.01,3621,0,0.0,,,,,,,0
miner,seg,filing,0.02,3621,0,0.0,,,,,,,0
miner,seg,filing,0.05,3621,0,0.0,,,,,,,0
miner,seg,filing,0.1,3621,0,0.0,,,,,,,0
miner,seg,filing,0.25,3621,0,0.0,,,,,,,0
miner,seg,filing,0.5,3621,0,0.0,,,,,,,0
miner,seg,filing,1.0,3621,3621,1.0,0.5106324219828776,0.4861640241836243,0.5344883538594112,0.4623531945430031,0.49434785995891495,0.4545705606186136,452
miner,seg,none,0.002,5537,0,0.0,,,,,,,0
miner,seg,none,0.005,5537,0,0.0,,,,,,,0
miner,seg,none,0.01,5537,0,0.0,,,,,,,0
miner,seg,none,0.02,5537,0,0.0,,,,,,,0
miner,seg,none,0.05,5537,0,0.0,,,,,,,0
miner,seg,none,0.1,5537,0,0.0,,,,,,,0
miner,seg,none,0.25,5537,0,0.0,,,,,,,0
miner,seg,none,0.5,5537,0,0.0,,,,,,,0
miner,seg,none,1.0,5537,5537,1.0,0.49467220516525195,0.47197920417141165,0.5189760712497585,0.4459714543175546,0.4815113617842403,0.4901571247968214,455
pead:gbm,seg,earn,0.002,1585,15,0.00946372239747634,0.6666666666666666,0.38437500000000024,0.9,0.1364880795056721,0.41713547738519774,0.5333333333333333,13
pead:gbm,seg,earn,0.005,1585,15,0.00946372239747634,0.6666666666666666,0.38437500000000024,0.9,0.1364880795056721,0.41713547738519774,0.5333333333333333,13
pead:gbm,seg,earn,0.01,1585,20,0.012618296529968454,0.65,0.4116978609625669,0.8666666666666667,0.19771603974373386,0.43285427668523624,0.65,18
pead:gbm,seg,earn,0.02,1585,38,0.023974763406940065,0.6052631578947368,0.43243243243243246,0.7647371714643303,0.27166750409089696,0.4471786799604255,0.5263157894736842,33
pead:gbm,seg,earn,0.05,1585,88,0.0555205047318612,0.6022727272727273,0.4731146469049695,0.7070905686074225,0.3722626695761394,0.49780730042864657,0.625,68
pead:gbm,seg,earn,0.1,1585,162,0.10220820189274447,0.5740740740740741,0.4768054241564175,0.6536632270168856,0.4016108323149068,0.4970807294954763,0.5987654320987654,111
pead:gbm,seg,earn,0.25,1585,374,0.23596214511041008,0.5133689839572193,0.4481769757083161,0.5724815724815725,0.38920613867998965,0.46283549633186594,0.5374331550802139,190
pead:gbm,seg,earn,0.5,1585,753,0.4750788643533123,0.5285524568393094,0.4821416273120819,0.5729907048895949,0.4358751908559207,0.4928435859096486,0.48738379814077026,274
pead:gbm,seg,earn,1.0,1585,1585,1.0,0.5179810725552051,0.48101312915809796,0.5541799161090581,0.44445537254645956,0.4933680326637646,0.4921135646687697,364
pead:gbm,seg,filing,0.002,3621,14,0.0038663352665009665,0.21428571428571427,0.0,0.4666666666666667,-0.24600818013016099,0.07571386712693184,0.2857142857142857,14
pead:gbm,seg,filing,0.005,3621,28,0.007732670533001933,0.32142857142857145,0.15625,0.5,-0.01933807196634435,0.1793324692249496,0.42857142857142855,26
pead:gbm,seg,filing,0.01,3621,35,0.009665838166252416,0.34285714285714286,0.1891891891891892,0.5116279069767442,0.02603745863701279,0.20831694987048957,0.42857142857142855,33
pead:gbm,seg,filing,0.02,3621,72,0.01988400994200497,0.4305555555555556,0.32385789093535583,0.5483969315499606,0.208796515965212,0.32257905786705865,0.4027777777777778,62
pead:gbm,seg,filing,0.05,3621,168,0.0463960231980116,0.4642857142857143,0.3905295047418335,0.5389359439016703,0.3143563809153993,0.390513384612854,0.44642857142857145,136
pead:gbm,seg,filing,0.1,3621,317,0.08754487710577188,0.4952681388012618,0.44088915362538583,0.5528015218389887,0.38298073736697513,0.440616441040138,0.4637223974763407,206
pead:gbm,seg,filing,0.25,3621,786,0.21706710853355426,0.4770992366412214,0.4388477499250599,0.5134206813560729,0.4012918552670039,0.4423773383041468,0.49363867684478374,343
pead:gbm,seg,filing,0.5,3621,1615,0.4460093896713615,0.48606811145510836,0.4559900845603435,0.5180222345006288,0.423753824081833,0.46175404667543674,0.4712074303405573,417
pead:gbm,seg,filing,1.0,3621,3621,1.0,0.5183650925158796,0.4943154950097421,0.5414020541645621,0.4718138549270651,0.5020796307832222,0.4545705606186136,452
pead:gbm,seg,none,0.002,5537,29,0.005237493227379447,0.41379310344827586,0.23068181818181827,0.6060606060606061,0.04560249453865428,0.255131773413224,0.3448275862068966,27
pead:gbm,seg,none,0.005,5537,52,0.009391367166335561,0.4423076923076923,0.30226744186046517,0.5919217687074829,0.15795071862228793,0.3159505681940129,0.36538461538461536,45
pead:gbm,seg,none,0.01,5537,84,0.015170670037926675,0.40476190476190477,0.2933232323232323,0.5177058823529411,0.18152322185447642,0.3061960226154048,0.39285714285714285,66
pead:gbm,seg,none,0.02,5537,146,0.02636806935163446,0.4246575342465753,0.3388812335958005,0.5114503816793893,0.255026826213004,0.3474221047314316,0.4383561643835616,110
pead:gbm,seg,none,0.05,5537,292,0.05273613870326892,0.4726027397260274,0.4090749039692702,0.5348088531187123,0.3446367528695049,0.4160674173012976,0.476027397260274,185
pead:gbm,seg,none,0.1,5537,551,0.0995123713202095,0.47186932849364793,0.4247161939022233,0.5214886968867702,0.37351212799451267,0.4305256710587232,0.5081669691470054,288
pead:gbm,seg,none,0.25,5537,1307,0.23604840166154958,0.4743687834736037,0.4380221638547517,0.5095143933946592,0.4031274295633898,0.4474121996022385,0.49426166794185156,399
pead:gbm,seg,none,0.5,5537,2545,0.4596351815062308,0.4675834970530452,0.4386226710413982,0.4963532877082035,0.40912133915380455,0.4482621845510243,0.48330058939096265,449
pead:gbm,seg,none,1.0,5537,5537,1.0,0.4937691890915658,0.4699888735542869,0.5172034395353879,0.4457243379758397,0.4806092464265533,0.4901571247968214,455
pead:linear,seg,earn,0.002,1585,17,0.010725552050473186,0.5294117647058824,0.25,0.8,-0.030173944442334788,0.30963235060004424,0.4117647058823529,15
pead:linear,seg,earn,0.005,1585,17,0.010725552050473186,0.5294117647058824,0.25,0.8,-0.030173944442334788,0.30963235060004424,0.4117647058823529,15
pead:linear,seg,earn,0.01,1585,27,0.017034700315457414,0.5185185185185185,0.2902073732718895,0.76,0.058947744339302555,0.3398561575495229,0.4074074074074074,23
pead:linear,seg,earn,0.02,1585,33,0.02082018927444795,0.5151515151515151,0.3157894736842105,0.7143973214285714,0.12269713603603405,0.3521837544891414,0.42424242424242425,28
pead:linear,seg,earn,0.05,1585,105,0.06624605678233439,0.5333333333333333,0.43022440773744836,0.6300518867924528,0.33292546974667936,0.43842486491800464,0.41904761904761906,82
pead:linear,seg,earn,0.1,1585,175,0.11041009463722397,0.5542857142857143,0.469271757261246,0.6384332368747416,0.38984200239353706,0.4802637721654668,0.44,118
pead:linear,seg,earn,0.25,1585,411,0.2593059936908517,0.5352798053527981,0.4794715878796642,0.5965840576556279,0.4160783548945168,0.4869573073414627,0.45255474452554745,198
pead:linear,seg,earn,0.5,1585,755,0.47634069400630913,0.5139072847682119,0.4713466282894737,0.5607662390433621,0.4238860946636683,0.4782757681279799,0.46357615894039733,272
pead:linear,seg,earn,1.0,1585,1585,1.0,0.5091482649842272,0.4775480548368613,0.5434553425242358,0.444894895834203,0.4845448218076165,0.4921135646687697,364
pead:linear,seg,filing,0.002,3621,15,0.004142502071251036,0.4666666666666667,0.2,0.7601176470588235,-0.08305537966997756,0.24809535365737387,0.26666666666666666,14
pead:linear,seg,filing,0.005,3621,18,0.004971002485501243,0.5,0.25,0.7502976190476188,0.012006220670599144,0.29031021505169974,0.2222222222222222,17
pead:linear,seg,filing,0.01,3621,39,0.010770505385252692,0.6666666666666666,0.5,0.8055555555555556,0.37254680754259456,0.5097739439934599,0.358974358974359,35
pead:linear,seg,filing,0.02,3621,83,0.02292184479425573,0.5301204819277109,0.41663461538461544,0.6447368421052632,0.30010662862133886,0.4238096644588496,0.3132530120481928,66
pead:linear,seg,filing,0.05,3621,202,0.055785694559513946,0.5148514851485149,0.45116089484327604,0.5811550563536482,0.38405153388710844,0.44629902896839335,0.38613861386138615,149
pead:linear,seg,filing,0.1,3621,439,0.12123722728528032,0.5353075170842825,0.48833556556678437,0.5831511908350919,0.44055929271435335,0.48854779865065645,0.39635535307517084,243
pead:linear,seg,filing,0.25,3621,891,0.24606462303231152,0.5241301907968574,0.4854156264103475,0.5621120340696243,0.448582482535847,0.49130452388933743,0.41301907968574636,348
pead:linear,seg,filing,0.5,3621,1785,0.49295774647887325,0.5210084033613446,0.49188181360892624,0.5514466912966868,0.4617427276386068,0.497813379047481,0.4403361344537815,429
pead:linear,seg,filing,1.0,3621,3621,1.0,0.5139464236398785,0.4917621667432774,0.5362678062036622,0.4679071548493734,0.4976609992361545,0.4545705606186136,452
pead:linear,seg,none,0.002,5537,14,0.0025284450063211127,0.5714285714285714,0.3076923076923077,0.8126420454545453,0.07331939777159346,0.3259064457965074,0.5714285714285714,14
pead:linear,seg,none,0.005,5537,27,0.004876286797905003,0.5555555555555556,0.38095238095238093,0.7394021739130432,0.19983198460437906,0.3731302451322448,0.4444444444444444,24
pead:linear,seg,none,0.01,5537,48,0.008668954307386671,0.6458333333333334,0.5,0.7727840909090908,0.37733673060380996,0.504390570103431,0.4375,40
pead:linear,seg,none,0.02,5537,107,0.01932454397688279,0.5700934579439252,0.47318168138041733,0.6629412349607238,0.37873029648705414,0.4754691120338291,0.4766355140186916,83
pead:linear,seg,none,0.05,5537,309,0.0558063933538017,0.5242718446601942,0.45847999398315287,0.5870701386788784,0.395399254461806,0.4686324311369231,0.5080906148867314,190
pead:linear,seg,none,0.1,5537,616,0.11125158027812895,0.512987012987013,0.46370081688223286,0.5602131303594697,0.418101739638042,0.4735576669874757,0.4902597402597403,303
pead:linear,seg,none,0.25,5537,1391,0.25121907169947627,0.5068296189791517,0.47029925876604084,0.541294999977868,0.43711112809776154,0.4805737440394495,0.46441409058231486,413
pead:linear,seg,none,0.5,5537,2699,0.48744807657576306,0.4972211930344572,0.4671966689250941,0.525022868885059,0.43857958301299393,0.47837558702958877,0.4764727676917377,448
pead:linear,seg,none,1.0,5537,5537,1.0,0.4934079826620914,0.46980285802165456,0.5167701077101929,0.4458951891497544,0.4802484123015153,0.4901571247968214,455
planted:gbm,seg,earn,0.002,1585,0,0.0,,,,,,,0
planted:gbm,seg,earn,0.005,1585,0,0.0,,,,,,,0
planted:gbm,seg,earn,0.01,1585,0,0.0,,,,,,,0
planted:gbm,seg,earn,0.02,1585,13,0.008201892744479496,1.0,1.0,1.0,1.0,0.7719046276458016,0.5384615384615384,12
planted:gbm,seg,earn,0.05,1585,54,0.03406940063091483,0.9259259259259259,0.8474250325945241,0.984139194139194,0.7852034932868104,0.8244588416140005,0.5370370370370371,49
planted:gbm,seg,earn,0.1,1585,76,0.04794952681388013,0.9210526315789473,0.8550371155885472,0.9746914556962025,0.7975748606945912,0.8382725651786193,0.6447368421052632,69
planted:gbm,seg,earn,0.25,1585,76,0.04794952681388013,0.9210526315789473,0.8550371155885472,0.9746914556962025,0.7975748606945912,0.8382725651786193,0.6447368421052632,69
planted:gbm,seg,earn,0.5,1585,76,0.04794952681388013,0.9210526315789473,0.8550371155885472,0.9746914556962025,0.7975748606945912,0.8382725651786193,0.6447368421052632,69
planted:gbm,seg,earn,1.0,1585,1585,1.0,0.5280757097791798,0.491365442532092,0.5644616858237548,0.4545688101972186,0.5034610942384877,0.4921135646687697,364
planted:gbm,seg,filing,0.002,3621,0,0.0,,,,,,,0
planted:gbm,seg,filing,0.005,3621,0,0.0,,,,,,,0
planted:gbm,seg,filing,0.01,3621,0,0.0,,,,,,,0
planted:gbm,seg,filing,0.02,3621,34,0.009389671361502348,0.9705882352941176,0.8946898496240602,1.0,0.850649434830571,0.8508442670731406,0.6176470588235294,28
planted:gbm,seg,filing,0.05,3621,126,0.0347970173985087,0.9047619047619048,0.8536585365853658,0.9531340843023256,0.8043484996901781,0.8408950441878753,0.36507936507936506,110
planted:gbm,seg,filing,0.1,3621,154,0.04252968793151063,0.9025974025974026,0.8533141025641027,0.9526627218934911,0.8065577407600865,0.8455166559675592,0.461038961038961,133
planted:gbm,seg,filing,0.25,3621,154,0.04252968793151063,0.9025974025974026,0.8533141025641027,0.9526627218934911,0.8065577407600865,0.8455166559675592,0.461038961038961,133
planted:gbm,seg,filing,0.5,3621,154,0.04252968793151063,0.9025974025974026,0.8533141025641027,0.9526627218934911,0.8065577407600865,0.8455166559675592,0.461038961038961,133
planted:gbm,seg,filing,1.0,3621,3621,1.0,0.5274785970726319,0.5045686554020279,0.5508548993354035,0.4811065291916899,0.5111970785862434,0.4545705606186136,452
planted:gbm,seg,none,0.002,5537,0,0.0,,,,,,,0
planted:gbm,seg,none,0.005,5537,0,0.0,,,,,,,0
planted:gbm,seg,none,0.01,5537,0,0.0,,,,,,,0
planted:gbm,seg,none,0.02,5537,21,0.0037926675094816687,0.9523809523809523,0.8333333333333334,1.0,0.7627692698940776,0.7733063992587743,0.047619047619047616,18
planted:gbm,seg,none,0.05,5537,196,0.035398230088495575,0.9132653061224489,0.8702635135135135,0.9517637178051511,0.8313622755657099,0.8654997194616705,0.576530612244898,152
planted:gbm,seg,none,0.1,5537,273,0.0493046776232617,0.9267399267399268,0.8951164453524004,0.9578584276564008,0.8639249526663483,0.8895590902513955,0.5164835164835165,204
planted:gbm,seg,none,0.25,5537,273,0.0493046776232617,0.9267399267399268,0.8951164453524004,0.9578584276564008,0.8639249526663483,0.8895590902513955,0.5164835164835165,204
planted:gbm,seg,none,0.5,5537,273,0.0493046776232617,0.9267399267399268,0.8951164453524004,0.9578584276564008,0.8639249526663483,0.8895590902513955,0.5164835164835165,204
planted:gbm,seg,none,1.0,5537,5537,1.0,0.5138161459273975,0.4911603272111468,0.5375458045533273,0.46638949712305017,0.5006463067759864,0.4901571247968214,455
planted:linear,seg,earn,0.002,1585,0,0.0,,,,,,,0
planted:linear,seg,earn,0.005,1585,0,0.0,,,,,,,0
planted:linear,seg,earn,0.01,1585,0,0.0,,,,,,,0
planted:linear,seg,earn,0.02,1585,13,0.008201892744479496,1.0,1.0,1.0,1.0,0.7719046276458016,0.5384615384615384,12
planted:linear,seg,earn,0.05,1585,54,0.03406940063091483,0.9259259259259259,0.8474250325945241,0.984139194139194,0.7852034932868104,0.8244588416140005,0.5370370370370371,49
planted:linear,seg,earn,0.1,1585,82,0.051735015772870666,0.926829268292683,0.8641975308641975,0.9764774281805745,0.8112040549787893,0.8494215619114518,0.5975609756097561,72
planted:linear,seg,earn,0.25,1585,82,0.051735015772870666,0.926829268292683,0.8641975308641975,0.9764774281805745,0.8112040549787893,0.8494215619114518,0.5975609756097561,72
planted:linear,seg,earn,0.5,1585,82,0.051735015772870666,0.926829268292683,0.8641975308641975,0.9764774281805745,0.8112040549787893,0.8494215619114518,0.5975609756097561,72
planted:linear,seg,earn,1.0,1585,1585,1.0,0.5318611987381704,0.49604330136588204,0.5689972568588375,0.4593574315910319,0.5072485802467916,0.4921135646687697,364
planted:linear,seg,filing,0.002,3621,0,0.0,,,,,,,0
planted:linear,seg,filing,0.005,3621,0,0.0,,,,,,,0
planted:linear,seg,filing,0.01,3621,0,0.0,,,,,,,0
planted:linear,seg,filing,0.02,3621,34,0.009389671361502348,0.9705882352941176,0.8946898496240602,1.0,0.850649434830571,0.8508442670731406,0.6176470588235294,28
planted:linear,seg,filing,0.05,3621,126,0.0347970173985087,0.9047619047619048,0.8536585365853658,0.9531340843023256,0.8043484996901781,0.8408950441878753,0.36507936507936506,110
planted:linear,seg,filing,0.1,3621,166,0.04584368958851146,0.891566265060241,0.8417721518987342,0.9367088607594937,0.795371957128624,0.8351173981595413,0.4457831325301205,140
planted:linear,seg,filing,0.25,3621,166,0.04584368958851146,0.891566265060241,0.8417721518987342,0.9367088607594937,0.795371957128624,0.8351173981595413,0.4457831325301205,140
planted:linear,seg,filing,0.5,3621,166,0.04584368958851146,0.891566265060241,0.8417721518987342,0.9367088607594937,0.795371957128624,0.8351173981595413,0.4457831325301205,140
planted:linear,seg,filing,1.0,3621,3621,1.0,0.5291355979011323,0.5065513722468895,0.5523342892026151,0.48294464208943044,0.5128553789340475,0.4545705606186136,452
planted:linear,seg,none,0.002,5537,0,0.0,,,,,,,0
planted:linear,seg,none,0.005,5537,0,0.0,,,,,,,0
planted:linear,seg,none,0.01,5537,0,0.0,,,,,,,0
planted:linear,seg,none,0.02,5537,21,0.0037926675094816687,0.9523809523809523,0.8333333333333334,1.0,0.7627692698940776,0.7733063992587743,0.047619047619047616,18
planted:linear,seg,none,0.05,5537,196,0.035398230088495575,0.9132653061224489,0.8702635135135135,0.9517637178051511,0.8313622755657099,0.8654997194616705,0.576530612244898,152
planted:linear,seg,none,0.1,5537,294,0.05309734513274336,0.9285714285714286,0.8992453122474271,0.9577464788732394,0.8694613998842217,0.8932779169866519,0.48299319727891155,217
planted:linear,seg,none,0.25,5537,294,0.05309734513274336,0.9285714285714286,0.8992453122474271,0.9577464788732394,0.8694613998842217,0.8932779169866519,0.48299319727891155,217
planted:linear,seg,none,0.5,5537,294,0.05309734513274336,0.9285714285714286,0.8992453122474271,0.9577464788732394,0.8694613998842217,0.8932779169866519,0.48299319727891155,217
planted:linear,seg,none,1.0,5537,5537,1.0,0.5172476070074047,0.4947585694081959,0.5405280835430878,0.47010793840656623,0.5040781949341611,0.4901571247968214,455
reversal_mom:gbm,seg,earn,0.002,1585,12,0.007570977917981073,0.3333333333333333,0.08333333333333333,0.600384615384615,-0.18567289597077913,0.13812009109121315,0.5,11
reversal_mom:gbm,seg,earn,0.005,1585,12,0.007570977917981073,0.3333333333333333,0.08333333333333333,0.600384615384615,-0.18567289597077913,0.13812009109121315,0.5,11
reversal_mom:gbm,seg,earn,0.01,1585,20,0.012618296529968454,0.4,0.2,0.6521739130434783,-0.04108890043495356,0.21880653237281705,0.5,18
reversal_mom:gbm,seg,earn,0.02,1585,45,0.028391167192429023,0.4444444444444444,0.30434782608695654,0.5789736842105263,0.17144929376366175,0.30938930034997586,0.5333333333333333,39
reversal_mom:gbm,seg,earn,0.05,1585,103,0.06498422712933755,0.5242718446601942,0.4209808612440192,0.6260200592660132,0.3231572408247157,0.42869820922520113,0.4368932038834951,82
reversal_mom:gbm,seg,earn,0.1,1585,189,0.1192429022082019,0.5238095238095238,0.43746675531914897,0.6012400793650793,0.3630939318966422,0.45284405350471085,0.5026455026455027,123
reversal_mom:gbm,seg,earn,0.25,1585,426,0.26876971608832806,0.5657276995305164,0.5113041370394311,0.6197802197802198,0.4548513557975925,0.5182791564134753,0.49061032863849763,216
reversal_mom:gbm,seg,earn,0.5,1585,768,0.48454258675078865,0.5390625,0.4939564172673792,0.5828058619713026,0.4537679531881139,0.5037014147770158,0.4752604166666667,284
reversal_mom:gbm,seg,earn,1.0,1585,1585,1.0,0.522397476340694,0.49217671931003587,0.5543309993982823,0.4601944962345291,0.49778251313264454,0.4921135646687697,364
reversal_mom:gbm,seg,filing,0.002,3621,20,0.005523336095001381,0.5,0.25,0.75,0.004104085732767326,0.2992980081982123,0.45,18
reversal_mom:gbm,seg,filing,0.005,3621,24,0.006628003314001657,0.4583333333333333,0.23518099547511323,0.6923076923076923,0.01596496353471133,0.2789133373121099,0.4166666666666667,22
reversal_mom:gbm,seg,filing,0.01,3621,50,0.013808340237503451,0.42,0.2692307692307692,0.5660759816420193,0.12397404298665099,0.2937500335471198,0.42,44
reversal_mom:gbm,seg,filing,0.02,3621,79,0.021817177575255454,0.45569620253164556,0.34882840028188866,0.5735589925625422,0.2312502290599553,0.3504845759399334,0.4430379746835443,67
reversal_mom:gbm,seg,filing,0.05,3621,203,0.05606186136426401,0.47783251231527096,0.40844886070348796,0.5523835832675612,0.33682642409925395,0.4101704060549093,0.45320197044334976,154
reversal_mom:gbm,seg,filing,0.1,3621,403,0.11129522231427783,0.48883374689826303,0.4394290290074138,0.5352816486028165,0.3936394692273512,0.4403658154888677,0.45161290322580644,247
reversal_mom:gbm,seg,filing,0.25,3621,982,0.2711958022645678,0.5061099796334012,0.4679551409148846,0.5412909055036903,0.4342442921113424,0.4748769987674736,0.4419551934826884,371
reversal_mom:gbm,seg,filing,0.5,3621,1899,0.5244407622203812,0.5144813059505002,0.4866831412459785,0.5397222041588461,0.46033258063375715,0.4919959400207884,0.44549763033175355,429
reversal_mom:gbm,seg,filing,1.0,3621,3621,1.0,0.5169842584921293,0.4946232745047783,0.5378758131075203,0.47423431174852343,0.5006986717922134,0.4545705606186136,452
reversal_mom:gbm,seg,none,0.002,5537,18,0.0032508578652700017,0.5555555555555556,0.3075000000000002,0.8237745098039213,0.022027634992404233,0.33716415642042774,0.4444444444444444,16
reversal_mom:gbm,seg,none,0.005,5537,42,0.007585335018963337,0.6190476190476191,0.46511627906976744,0.7857683982683982,0.2959346359207002,0.4681404026715268,0.5476190476190477,36
reversal_mom:gbm,seg,none,0.01,5537,71,0.012822828246342784,0.5633802816901409,0.4492503748125937,0.676923076923077,0.3333387255586382,0.4477154306941805,0.5492957746478874,58
reversal_mom:gbm,seg,none,0.02,5537,115,0.020769369694780566,0.5478260869565217,0.4568819049213258,0.6428726708074535,0.3676169078762297,0.4567842714432962,0.48695652173913045,88
reversal_mom:gbm,seg,none,0.05,5537,288,0.05201372584432003,0.5243055555555556,0.452876396554045,0.5931451431147171,0.3836582898369753,0.4666878666626001,0.4756944444444444,185
reversal_mom:gbm,seg,none,0.1,5537,548,0.09897056167599784,0.5072992700729927,0.45008317969584394,0.5659822087020648,0.3956217005741083,0.46553607846862843,0.458029197080292,276
reversal_mom:gbm,seg,none,0.25,5537,1444,0.26079104208054904,0.49722991689750695,0.46041155503978776,0.5329320806899953,0.42406939878950983,0.4714828957975599,0.47991689750692523,411
reversal_mom:gbm,seg,none,0.5,5537,2783,0.5026187466136898,0.5008983111749911,0.47284358524393394,0.5287690533402116,0.4443273878482712,0.4823335130054903,0.4937118217750629,450
reversal_mom:gbm,seg,none,1.0,5537,5537,1.0,0.4953946180242008,0.47299561417798225,0.5190481139139191,0.4503500011032648,0.48223308497251655,0.4901571247968214,455
reversal_mom:linear,seg,earn,0.002,1585,17,0.010725552050473186,0.5882352941176471,0.3333333333333333,0.8126420454545453,0.11701407967761096,0.3600544264299978,0.23529411764705882,15
reversal_mom:linear,seg,earn,0.005,1585,17,0.010725552050473186,0.5882352941176471,0.3333333333333333,0.8126420454545453,0.11701407967761096,0.3600544264299978,0.23529411764705882,15
reversal_mom:linear,seg,earn,0.01,1585,17,0.010725552050473186,0.5882352941176471,0.3333333333333333,0.8126420454545453,0.11701407967761096,0.3600544264299978,0.23529411764705882,15
reversal_mom:linear,seg,earn,0.02,1585,30,0.01892744479495268,0.5333333333333333,0.3570852534562213,0.6897214854111405,0.19983053081679003,0.36142299619873297,0.36666666666666664,25
reversal_mom:linear,seg,earn,0.05,1585,70,0.04416403785488959,0.6714285714285714,0.5657292438843589,0.7681698002350176,0.4709342225104134,0.5550093573883407,0.37142857142857144,55
reversal_mom:linear,seg,earn,0.1,1585,132,0.0832807570977918,0.6060606060606061,0.5247973657548126,0.6889015151515151,0.44105166098817356,0.5208382311130989,0.4393939393939394,88
reversal_mom:linear,seg,earn,0.25,1585,378,0.2384858044164038,0.5661375661375662,0.5078273677903478,0.6233337166072592,0.4482346271362348,0.5157577693626797,0.455026455026455,192
reversal_mom:linear,seg,earn,0.5,1585,755,0.47634069400630913,0.5099337748344371,0.4656351259853944,0.5544849028531419,0.4212641428562414,0.47431566514283574,0.4821192052980132,279
reversal_mom:linear,seg,earn,1.0,1585,1585,1.0,0.5167192429022082,0.4868499203135769,0.5504613339588709,0.45355108152375984,0.4921071047519631,0.4921135646687697,364
reversal_mom:linear,seg,filing,0.002,3621,17,0.004694835680751174,0.47058823529411764,0.23529411764705882,0.7200555555555554,-0.00731609296737068,0.26165106442409436,0.4117647058823529,17
reversal_mom:linear,seg,filing,0.005,3621,28,0.007732670533001933,0.42857142857142855,0.25,0.6129652605459056,0.06276023988712365,0.26508547124123694,0.35714285714285715,27
reversal_mom:linear,seg,filing,0.01,3621,51,0.014084507042253521,0.47058823529411764,0.3333333333333333,0.6136800699300698,0.1975256378637099,0.3405299020949959,0.4117647058823529,46
reversal_mom:linear,seg,filing,0.02,3621,89,0.024578845622756144,0.5280898876404494,0.40957200896609697,0.63292194092827,0.3071896834609066,0.4253754742950576,0.42696629213483145,74
reversal_mom:linear,seg,filing,0.05,3621,193,0.05330019331676333,0.5751295336787565,0.4917809239940388,0.6497525380710659,0.4181290641943213,0.5045918611185738,0.43523316062176165,131
reversal_mom:linear,seg,filing,0.1,3621,398,0.10991438829052748,0.5376884422110553,0.47956123324997196,0.5924053632491452,0.4247118919354126,0.4885791996714224,0.45226130653266333,221
reversal_mom:linear,seg,filing,0.25,3621,949,0.26208229770781555,0.5205479452054794,0.4799113170391153,0.5600416360976276,0.4417205853661985,0.4887444448534306,0.46153846153846156,342
reversal_mom:linear,seg,filing,0.5,3621,1826,0.5042805854736261,0.5104052573932092,0.479358966458315,0.5417996103983644,0.44840755717104985,0.48747908812602814,0.4550930996714129,420
reversal_mom:linear,seg,filing,1.0,3621,3621,1.0,0.5178127589063795,0.4951939866357507,0.5397656955511496,0.474029348914538,0.5015272322775816,0.4545705606186136,452
reversal_mom:linear,seg,none,0.002,5537,30,0.0054180964421166695,0.5666666666666667,0.34605263157894744,0.8,0.1244531647080338,0.3919730700081361,0.4,23
reversal_mom:linear,seg,none,0.005,5537,57,0.010294383240021672,0.543859649122807,0.3777672955974843,0.6939034936008301,0.22198722174178404,0.41590685979119335,0.49122807017543857,44
reversal_mom:linear,seg,none,0.01,5537,94,0.016976702185298898,0.5425531914893617,0.4111977373339892,0.6666666666666666,0.2855495447160173,0.44215447666238733,0.4787234042553192,61
reversal_mom:linear,seg,none,0.02,5537,156,0.028174101499006683,0.532051282051282,0.42965959821428573,0.6329316308507507,0.3335139598511787,0.4539237883792001,0.5064102564102564,91
reversal_mom:linear,seg,none,0.05,5537,375,0.06772620552645837,0.48533333333333334,0.41513589217570945,0.5482998028756958,0.35452658550984284,0.4351546740612855,0.49333333333333335,182
reversal_mom:linear,seg,none,0.1,5537,687,0.12407440852447174,0.50509461426492,0.45485072248844877,0.5530123487313522,0.406738597292163,0.4677836607196802,0.5181950509461426,277
reversal_mom:linear,seg,none,0.25,5537,1452,0.2622358677984468,0.4986225895316804,0.4653179560316071,0.5358718784598351,0.42744202788869734,0.4729424162957809,0.4972451790633609,392
reversal_mom:linear,seg,none,0.5,5537,2730,0.49304677623261695,0.48864468864468863,0.4626234474421054,0.5159513186018001,0.43487229941308797,0.4699228029933328,0.49340659340659343,444
reversal_mom:linear,seg,none,1.0,5537,5537,1.0,0.4970200469568358,0.4745416232512744,0.5180613621442846,0.45464059608029633,0.4838570625718037,0.4901571247968214,455
blend,reg,bear,0.002,2138,5,0.0023386342376052385,0.2,0.0,0.6666666666666666,-0.5991851500854075,0.03622410863243014,0.8,5
blend,reg,bear,0.005,2138,7,0.003274087932647334,0.2857142857142857,0.0,0.6666666666666666,-0.37541352590993593,0.08221892400405678,0.7142857142857143,6
blend,reg,bear,0.01,2138,7,0.003274087932647334,0.2857142857142857,0.0,0.6666666666666666,-0.37541352590993593,0.08221892400405678,0.7142857142857143,6
blend,reg,bear,0.02,2138,11,0.005144995322731525,0.45454545454545453,0.1814393939393943,0.7278409090909086,-0.07324681328978794,0.21271271622459764,0.5454545454545454,9
blend,reg,bear,0.05,2138,26,0.01216089803554724,0.38461538461538464,0.25,0.5,0.1362074008234717,0.22428594435712798,0.6538461538461539,12
blend,reg,bear,0.1,2138,42,0.019644527595884004,0.40476190476190477,0.2978118955512573,0.5557291666666665,0.148244951000158,0.27042861147481323,0.6428571428571429,14
blend,reg,bear,0.25,2138,104,0.04864359214218896,0.38461538461538464,0.30088315706165913,0.4864864864864865,0.19700850401573872,0.2968126300610473,0.625,18
blend,reg,bear,0.5,2138,210,0.09822263797942002,0.3904761904761905,0.2968120839838935,0.5062749094202899,0.1796891117864197,0.3270265848084364,0.6142857142857143,23
blend,reg,bear,1.0,2138,2138,1.0,0.528999064546305,0.4793439360760268,0.5801094629980525,0.4281652910663594,0.5078075844457431,0.49812909260991584,86
blend,reg,bull,0.002,8605,38,0.004416037187681581,0.631578947368421,0.4686979166666667,0.7917279411764705,0.3127937205657658,0.47283959557009003,0.42105263157894735,31
blend,reg,bull,0.005,8605,91,0.010575246949447996,0.6043956043956044,0.4888617886178862,0.71875,0.37496532070574085,0.5016661484890078,0.4065934065934066,60
blend,reg,bull,0.01,8605,181,0.021034282393957,0.6298342541436464,0.539990099009901,0.7193102949681897,0.4471662315610429,0.5574756227297373,0.4198895027624309,105
blend,reg,bull,0.02,8605,288,0.03346891342242882,0.5625,0.4830821982340907,0.640015625,0.400876327769073,0.5047566204346372,0.4131944444444444,137
blend,reg,bull,0.05,8605,616,0.0715862870424172,0.547077922077922,0.4866945961515165,0.6043757932387215,0.4286198672047128,0.5075978813742469,0.4301948051948052,208
blend,reg,bull,0.1,8605,1190,0.13829169087739687,0.5563025210084034,0.5115469646789548,0.5960411908311336,0.47204828073061883,0.5279386461034578,0.4394957983193277,278
blend,reg,bull,0.25,8605,2688,0.31237652527600235,0.5334821428571429,0.5007755887681159,0.5661372514709543,0.4709172807033549,0.5145883769271036,0.4490327380952381,344
blend,reg,bull,0.5,8605,4802,0.558047646717025,0.5141607663473553,0.486491633047535,0.5396892141651712,0.4630903886740479,0.5000188905987784,0.4618908788004998,361
blend,reg,bull,1.0,8605,8605,1.0,0.5066821615339918,0.48576505616044796,0.5264831058794426,0.4657480690681022,0.4961181329180735,0.47356188262638,369
combined:gbm,reg,bear,0.002,2138,0,0.0,,,,,,,0
combined:gbm,reg,bear,0.005,2138,0,0.0,,,,,,,0
combined:gbm,reg,bear,0.01,2138,0,0.0,,,,,,,0
combined:gbm,reg,bear,0.02,2138,0,0.0,,,,,,,0
combined:gbm,reg,bear,0.05,2138,0,0.0,,,,,,,0
combined:gbm,reg,bear,0.1,2138,0,0.0,,,,,,,0
combined:gbm,reg,bear,0.25,2138,2,0.0009354536950420954,0.0,0.0,0.0,0.0,0.0,1.0,1
combined:gbm,reg,bear,0.5,2138,60,0.02806361085126286,0.31666666666666665,0.0945945945945946,0.6878188775510201,-0.2842425747020835,0.21305867552366523,0.6833333333333333,7
combined:gbm,reg,bear,1.0,2138,2138,1.0,0.5229186155285314,0.4742804118804558,0.5728211202670472,0.4226466990062766,0.5017246774434051,0.49812909260991584,86
combined:gbm,reg,bull,0.002,8605,106,0.01231841952353283,0.5094339622641509,0.3142857142857143,0.7169858967028778,0.10120403551260776,0.41561506901064604,0.5188679245283019,15
combined:gbm,reg,bull,0.005,8605,158,0.018361417780360257,0.5253164556962026,0.3648517703750262,0.6757259325441143,0.208595160907524,0.4477796461425829,0.5316455696202531,22
combined:gbm,reg,bull,0.01,8605,184,0.021382916908773968,0.5652173913043478,0.4150705164856109,0.6975376475376475,0.27848466095003693,0.4929792826899992,0.5054347826086957,27
combined:gbm,reg,bull,0.02,8605,234,0.027193492155723416,0.5683760683760684,0.43947694776772694,0.6862034574468086,0.31571659515461564,0.5043150271302044,0.5213675213675214,34
combined:gbm,reg,bull,0.05,8605,499,0.05798954096455549,0.56312625250501,0.4762941303190815,0.6452657886688584,0.39883166726987374,0.5192888903267993,0.5110220440881763,74
combined:gbm,reg,bull,0.1,8605,811,0.09424753050552005,0.5573366214549939,0.49449691752526365,0.6253566633098355,0.4302096811396737,0.5229611032370897,0.4919852034525277,109
combined:gbm,reg,bull,0.25,8605,1797,0.20883207437536316,0.5464663327768503,0.5015662548641692,0.588527337163491,0.46005025999346594,0.5233739370201995,0.46633277685030605,208
combined:gbm,reg,bull,0.5,8605,3889,0.45194654270772805,0.5260992543070198,0.49482632859152914,0.5562758105324715,0.4644969656101363,0.5103881985441183,0.4592440215993829,308
combined:gbm,reg,bull,1.0,8605,8605,1.0,0.5019174898314933,0.4799740580112771,0.52253679457394,0.4591715536165414,0.4913547221189344,0.47356188262638,369
combined:linear,reg,bear,0.002,2138,40,0.018709073900841908,0.55,0.31692411924119257,0.8183155080213903,0.07753523927752187,0.39829091798932054,0.525,10
combined:linear,reg,bear,0.005,2138,42,0.019644527595884004,0.5476190476190477,0.3333333333333333,0.7755668934240362,0.10912062535877659,0.3994911903473349,0.5238095238095238,11
combined:linear,reg,bear,0.01,2138,46,0.021515434985968196,0.5217391304347826,0.3260743174924166,0.75,0.1029411859237846,0.3813741307280403,0.5,11
combined:linear,reg,bear,0.02,2138,55,0.025724976613657625,0.509090909090909,0.3275598170302604,0.7073170731707317,0.11172469938282986,0.380762598469722,0.5272727272727272,11
combined:linear,reg,bear,0.05,2138,80,0.037418147801683815,0.5125,0.3157714491708724,0.7070768662232076,0.10716639296322955,0.40493334216542254,0.55,15
combined:linear,reg,bear,0.1,2138,115,0.05378858746492049,0.5391304347826087,0.33026834862385324,0.7000213675213675,0.1849182672206105,0.4482376584453216,0.591304347826087,19
combined:linear,reg,bear,0.25,2138,165,0.07717492984097288,0.5151515151515151,0.34720833333333334,0.666774193548387,0.20841285160123918,0.43942202299143596,0.5515151515151515,20
combined:linear,reg,bear,0.5,2138,307,0.14359214218896166,0.501628664495114,0.3605603747397641,0.6381558095189012,0.21953901407624715,0.44602497810272784,0.5407166123778502,23
combined:linear,reg,bear,1.0,2138,2138,1.0,0.49953227315247895,0.4450013015938854,0.5539337065439499,0.3926318004856981,0.47835807174782763,0.49812909260991584,86
combined:linear,reg,bull,0.002,8605,45,0.005229517722254503,0.6,0.34207535885167467,0.7971106219042378,0.13923013230180847,0.45451854590351387,0.5555555555555556,26
combined:linear,reg,bull,0.005,8605,86,0.009994189424753051,0.6046511627906976,0.4390076845973939,0.7456403508771929,0.28730789401639606,0.4989772079672809,0.47674418604651164,45
combined:linear,reg,bull,0.01,8605,181,0.021034282393957,0.5303867403314917,0.425,0.6453313253012049,0.31850800558029224,0.45780509142162634,0.46408839779005523,77
combined:linear,reg,bull,0.02,8605,287,0.03335270191748983,0.5017421602787456,0.42192446025539254,0.594738309528468,0.33285918950965826,0.4442562765605489,0.4808362369337979,98
combined:linear,reg,bull,0.05,8605,659,0.07658338175479372,0.49013657056145676,0.4333867764288295,0.5471117004901845,0.3733629700814688,0.45213719934786145,0.4613050075872534,158
combined:linear,reg,bull,0.1,8605,1065,0.12376525276002324,0.5061032863849765,0.4537154940050191,0.5518161892214316,0.4091251886850019,0.4761084202928523,0.460093896713615,217
combined:linear,reg,bull,0.25,8605,2389,0.27762928529924463,0.49769778149853494,0.4586712881870542,0.5328313786606721,0.4256286470846169,0.4776679910219683,0.4579321892005023,305
combined:linear,reg,bull,0.5,8605,4194,0.48739105171411967,0.4892703862660944,0.4562262222819744,0.5174126175099927,0.430842968869149,0.47415834710601434,0.4694802098235575,356
combined:linear,reg,bull,1.0,8605,8605,1.0,0.5116792562463683,0.48871489850381405,0.5320925915517858,0.46900926587666614,0.5011149355043576,0.47356188262638,369
ctl_random,reg,bear,0.002,2138,0,0.0,,,,,,,0
ctl_random,reg,bear,0.005,2138,0,0.0,,,,,,,0
ctl_random,reg,bear,0.01,2138,12,0.005612722170252572,0.3333333333333333,0.0625,0.6666666666666666,-0.2763953365389295,0.13812009109121315,0.5,11
ctl_random,reg,bear,0.02,2138,22,0.01028999064546305,0.3181818181818182,0.1,0.5417613636363635,-0.11933831176190202,0.1636059318135624,0.5454545454545454,17
ctl_random,reg,bear,0.05,2138,34,0.015902712815715623,0.3235294117647059,0.13949478748997599,0.531950354609929,-0.050012124307624306,0.1913164356402551,0.5882352941176471,21
ctl_random,reg,bear,0.1,2138,74,0.03461178671655753,0.3783783783783784,0.21274983881366863,0.5535834942084942,0.03990718689993106,0.2764753469106077,0.6216216216216216,24
ctl_random,reg,bear,0.25,2138,185,0.08652946679139382,0.4648648648648649,0.33327702702702705,0.6035812989405803,0.19846291021536827,0.39443917125370453,0.6054054054054054,26
ctl_random,reg,bear,0.5,2138,318,0.14873713751169318,0.4339622641509434,0.32613041080783023,0.5535766626608436,0.20653103606583284,0.38059757427110436,0.5911949685534591,26
ctl_random,reg,bear,1.0,2138,2138,1.0,0.5060804490177736,0.4505699524393845,0.5613903352806706,0.39881638957107884,0.48489605702056565,0.49812909260991584,86
ctl_random,reg,bull,0.002,8605,15,0.0017431725740848344,0.6,0.35294117647058826,0.8501785714285712,0.11264795395231153,0.357468301206246,0.4666666666666667,14
ctl_random,reg,bull,0.005,8605,40,0.004648460197559558,0.55,0.40901988636363645,0.6923611111111111,0.2624640825752966,0.39829091798932054,0.575,38
ctl_random,reg,bull,0.01,8605,89,0.010342823939570018,0.5955056179775281,0.5053708014632524,0.6914036195286195,0.4036433670442571,0.4916422477269262,0.5617977528089888,80
ctl_random,reg,bull,0.02,8605,181,0.021034282393957,0.5138121546961326,0.44067137964345304,0.5843312886952533,0.3714898341596852,0.4414714387317531,0.5414364640883977,137
ctl_random,reg,bull,0.05,8605,433,0.05031958163858222,0.49653579676674364,0.4471113148984199,0.5501413908393619,0.39447819790759614,0.4496799732928592,0.4896073903002309,242
ctl_random,reg,bull,0.1,8605,896,0.1041255084253341,0.5234375,0.4848635329458398,0.5592156891668634,0.44904858507050344,0.4907042579412692,0.47879464285714285,332
ctl_random,reg,bull,0.25,8605,2177,0.252992446252179,0.5057418465778595,0.47451488777681294,0.5349940006473416,0.4474103280333809,0.4847482552217137,0.47496554892053283,368
ctl_random,reg,bull,0.5,8605,4280,0.4973852411388727,0.5039719626168224,0.47782213696066084,0.5281889165325653,0.45370794477493115,0.4889961288014299,0.47710280373831776,369
ctl_random,reg,bull,1.0,8605,8605,1.0,0.4979662986635677,0.473757384157203,0.5196686563418953,0.4532011567952051,0.48740530375676555,0.47356188262638,369
ctl_shuffled,reg,bear,0.002,2138,14,0.006548175865294668,0.5714285714285714,0.14285714285714285,0.8463461538461536,-0.08889530928429212,0.3259064457965074,0.42857142857142855,7
ctl_shuffled,reg,bear,0.005,2138,15,0.007015902712815715,0.6,0.14285714285714285,0.8668115942028984,-0.08450530842546433,0.357468301206246,0.4,7
ctl_shuffled,reg,bear,0.01,2138,25,0.011693171188026192,0.52,0.23529411764705882,0.75,0.030920257418696084,0.3349851695035678,0.36,13
ctl_shuffled,reg,bear,0.02,2138,36,0.01683816651075772,0.5277777777777778,0.3055555555555556,0.7058823529411765,0.12752413699726078,0.37005938022987594,0.4444444444444444,13
ctl_shuffled,reg,bear,0.05,2138,58,0.027128157156220765,0.5517241379310345,0.3783306836248013,0.7,0.24033616996535928,0.42452083125844636,0.4827586206896552,16
ctl_shuffled,reg,bear,0.1,2138,83,0.03882132834424696,0.5301204819277109,0.3693456614509246,0.6718814036885246,0.2329643290640544,0.4238096644588496,0.5301204819277109,17
ctl_shuffled,reg,bear,0.25,2138,158,0.07390084190832553,0.44936708860759494,0.3109882857614255,0.5874415584415584,0.16960697896440224,0.37392311759577734,0.5443037974683544,25
ctl_shuffled,reg,bear,0.5,2138,294,0.13751169317118803,0.43197278911564624,0.30915308291991506,0.5691066422033478,0.16453765319059827,0.376587413012356,0.5918367346938775,26
ctl_shuffled,reg,bear,1.0,2138,2138,1.0,0.5037418147801683,0.44520716661754184,0.5608422893749737,0.39323112808563243,0.4825606460803858,0.49812909260991584,86
ctl_shuffled,reg,bull,0.002,8605,21,0.0024404416037187683,0.38095238095238093,0.16666666666666666,0.6,-0.0524479502580979,0.20751011368564493,0.38095238095238093,18
ctl_shuffled,reg,bull,0.005,8605,58,0.006740267286461359,0.4482758620689655,0.32727272727272727,0.5614988558352402,0.21586722064059977,0.3274985404778122,0.3620689655172414,44
ctl_shuffled,reg,bull,0.01,8605,104,0.012085996513654851,0.49038461538461536,0.394488796753705,0.58,0.3054606806525707,0.396375856482595,0.4519230769230769,77
ctl_shuffled,reg,bull,0.02,8605,180,0.020918070889018012,0.4722222222222222,0.397566803526957,0.5405474351902924,0.3292314335979635,0.4006355666587238,0.4722222222222222,118
ctl_shuffled,reg,bull,0.05,8605,405,0.04706565950029053,0.5061728395061729,0.44763076419653647,0.5614154507556018,0.3928432046992465,0.4576521133769995,0.4641975308641975,197
ctl_shuffled,reg,bull,0.1,8605,767,0.08913422428820453,0.5110821382007823,0.46376310902337775,0.554730344057757,0.42039389699072105,0.47573871990693173,0.4589308996088657,264
ctl_shuffled,reg,bull,0.25,8605,1949,0.2264962231260895,0.5064135454079015,0.4723178579344245,0.5377909162200172,0.44214259423598423,0.4842266791580416,0.4674191893278604,349
ctl_shuffled,reg,bull,0.5,8605,3994,0.4641487507263219,0.49949924887331,0.4723570993802568,0.5237536774846006,0.446986573902429,0.48400067951064474,0.4747120681021532,367
ctl_shuffled,reg,bull,1.0,8605,8605,1.0,0.5028471818710052,0.4798623606918969,0.524519279483659,0.4591613379474051,0.49228409284069424,0.47356188262638,369
event_regime:gbm,reg,bear,0.002,2138,8,0.0037418147801683817,0.5,0.5,0.5,0.5,0.21521606221387757,0.5,1
event_regime:gbm,reg,bear,0.005,2138,8,0.0037418147801683817,0.5,0.5,0.5,0.5,0.21521606221387757,0.5,1
event_regime:gbm,reg,bear,0.01,2138,8,0.0037418147801683817,0.5,0.5,0.5,0.5,0.21521606221387757,0.5,1
event_regime:gbm,reg,bear,0.02,2138,8,0.0037418147801683817,0.5,0.5,0.5,0.5,0.21521606221387757,0.5,1
event_regime:gbm,reg,bear,0.05,2138,8,0.0037418147801683817,0.5,0.5,0.5,0.5,0.21521606221387757,0.5,1
event_regime:gbm,reg,bear,0.1,2138,8,0.0037418147801683817,0.5,0.5,0.5,0.5,0.21521606221387757,0.5,1
event_regime:gbm,reg,bear,0.25,2138,17,0.007951356407857811,0.47058823529411764,0.47058823529411764,0.47058823529411764,0.4705882352941174,0.26165106442409436,0.5294117647058824,1
event_regime:gbm,reg,bear,0.5,2138,66,0.03086997193638915,0.25757575757575757,0.07407407407407407,0.6666666666666666,-0.22679712815788994,0.1674884361182427,0.7424242424242424,4
event_regime:gbm,reg,bear,1.0,2138,2138,1.0,0.5261927034611786,0.4730223656791635,0.5823600329480785,0.41744146072775323,0.5049996988937354,0.49812909260991584,86
event_regime:gbm,reg,bull,0.002,8605,391,0.04543869843114468,0.5089514066496164,0.39694520391888816,0.62011526766141,0.2819555231923088,0.45955400091802845,0.5012787723785166,24
event_regime:gbm,reg,bull,0.005,8605,408,0.047414294015107494,0.5122549019607843,0.40540401512623736,0.6190575396825397,0.29534936731834727,0.4638654260190085,0.5073529411764706,25
event_regime:gbm,reg,bull,0.01,8605,437,0.050784427658338176,0.4988558352402746,0.3916903065107591,0.6064886634371659,0.28508012205859734,0.4521917268573883,0.5194508009153318,26
event_regime:gbm,reg,bull,0.02,8605,468,0.05438698431144683,0.5149572649572649,0.40717747326203213,0.6229533731678668,0.29799367684916234,0.46974061298003605,0.5021367521367521,27
event_regime:gbm,reg,bull,0.05,8605,711,0.08262638001162115,0.49226441631504925,0.39626422259140853,0.5822585749285423,0.31065489280137837,0.45565703710839445,0.5246132208157525,48
event_regime:gbm,reg,bull,0.1,8605,1046,0.12155723416618246,0.4847036328871893,0.41630381161404645,0.5545836846315152,0.3443880684517174,0.4545285242244686,0.505736137667304,64
event_regime:gbm,reg,bull,0.25,8605,2341,0.27205113306217316,0.5087569414780009,0.46428046930475764,0.552698263404425,0.4230973353560893,0.4885079850074191,0.4891072191371209,133
event_regime:gbm,reg,bull,0.5,8605,4360,0.5066821615339918,0.5144495412844037,0.48177481481175854,0.54486286985632,0.4515088930436514,0.49960814650740315,0.48990825688073397,228
event_regime:gbm,reg,bull,1.0,8605,8605,1.0,0.5066821615339918,0.4835302549777141,0.5274070266731643,0.4628507751930671,0.4961181329180735,0.47356188262638,369
event_regime:linear,reg,bear,0.002,2138,5,0.0023386342376052385,0.4,0.0,1.0,-0.5891310647687742,0.11762077423264783,0.6,5
event_regime:linear,reg,bear,0.005,2138,6,0.002806361085126286,0.5,0.0,1.0,-0.32482021658172056,0.1876163064826506,0.5,5
event_regime:linear,reg,bear,0.01,2138,7,0.003274087932647334,0.42857142857142855,0.0,0.8,-0.3015612365754357,0.15821985525146975,0.5714285714285714,6
event_regime:linear,reg,bear,0.02,2138,8,0.0037418147801683817,0.375,0.0,0.7537499999999966,-0.3228695654237861,0.13684428582359742,0.625,6
event_regime:linear,reg,bear,0.05,2138,27,0.012628624883068288,0.18518518518518517,0.08333333333333333,0.6270833333333314,-0.3524047837681404,0.08180707142976529,0.8148148148148148,7
event_regime:linear,reg,bear,0.1,2138,28,0.013096351730589336,0.21428571428571427,0.1111111111111111,0.6926923076923073,-0.37840291619568445,0.1021246033289788,0.7857142857142857,8
event_regime:linear,reg,bear,0.25,2138,105,0.04911131898971001,0.24761904761904763,0.13740083819787458,0.4359090909090909,-0.027229268590657385,0.174949844596769,0.4380952380952381,13
event_regime:linear,reg,bear,0.5,2138,242,0.11318989710009354,0.3677685950413223,0.22751556331612513,0.535939738080622,0.06440683680375714,0.3095232048887108,0.5702479338842975,18
event_regime:linear,reg,bear,1.0,2138,2138,1.0,0.5060804490177736,0.45104415363599526,0.561441207695878,0.39571532163775924,0.48489605702056565,0.49812909260991584,86
event_regime:linear,reg,bull,0.002,8605,68,0.007902382335851249,0.4117647058823529,0.29805743243243243,0.5909511784511784,0.14113816737784174,0.302580197505184,0.5147058823529411,20
event_regime:linear,reg,bull,0.005,8605,117,0.013596746077861708,0.5470085470085471,0.4248681736897611,0.7262175324675324,0.25578703681568754,0.45674877894037474,0.4017094017094017,30
event_regime:linear,reg,bull,0.01,8605,154,0.0178965717606043,0.5584415584415584,0.44052518427518433,0.7019345238095237,0.3055164965894814,0.47953851124673014,0.38961038961038963,45
event_regime:linear,reg,bull,0.02,8605,232,0.026961069145845437,0.5646551724137931,0.45731155551533803,0.6758603896103896,0.34453539280259565,0.5003162154447149,0.39655172413793105,60
event_regime:linear,reg,bull,0.05,8605,407,0.04729808251016851,0.5577395577395577,0.4785337749580146,0.6356453986779591,0.3972702236150494,0.5091718271662993,0.4250614250614251,93
event_regime:linear,reg,bull,0.1,8605,818,0.09506101104009297,0.5537897310513448,0.49721383354088833,0.6085457415678422,0.44243980804636085,0.5195516704891289,0.441320293398533,143
event_regime:linear,reg,bull,0.25,8605,1871,0.21743172574084835,0.5371459112773918,0.4908357311168518,0.5828482262098589,0.4470344664461354,0.5144995456165253,0.4377338321753073,225
event_regime:linear,reg,bull,0.5,8605,3918,0.45531667635095874,0.5173557937723329,0.48574200308261684,0.5475658730588433,0.45563834088202676,0.5016997015752734,0.4762633996937213,316
event_regime:linear,reg,bull,1.0,8605,8605,1.0,0.5112144102266124,0.4885999445383269,0.530686328533342,0.4700601217109254,0.5006500721487459,0.47356188262638,369
insider:gbm,reg,bear,0.002,2138,11,0.005144995322731525,0.45454545454545453,0.09090909090909091,0.8571428571428571,-0.30759529355028553,0.21271271622459764,0.5454545454545454,8
insider:gbm,reg,bear,0.005,2138,11,0.005144995322731525,0.45454545454545453,0.09090909090909091,0.8571428571428571,-0.30759529355028553,0.21271271622459764,0.5454545454545454,8
insider:gbm,reg,bear,0.01,2138,16,0.007483629560336763,0.4375,0.17647058823529413,0.7142857142857143,-0.09290847381510436,0.23098652405492354,0.5,10
insider:gbm,reg,bear,0.02,2138,28,0.013096351730589336,0.5,0.24129720853858794,0.7728535353535352,-0.022257548926479243,0.32633127457293465,0.5357142857142857,13
insider:gbm,reg,bear,0.05,2138,47,0.021983161833489244,0.5531914893617021,0.25,0.8182190760059612,-0.006975980062118858,0.41245459838218734,0.574468085106383,13
insider:gbm,reg,bear,0.1,2138,48,0.02245088868101029,0.5416666666666666,0.2456751509922349,0.8096560846560845,-0.01823084874951253,0.40291074545649797,0.5833333333333334,13
insider:gbm,reg,bear,0.25,2138,48,0.02245088868101029,0.5416666666666666,0.2456751509922349,0.8096560846560845,-0.01823084874951253,0.40291074545649797,0.5833333333333334,13
insider:gbm,reg,bear,0.5,2138,48,0.02245088868101029,0.5416666666666666,0.2456751509922349,0.8096560846560845,-0.01823084874951253,0.40291074545649797,0.5833333333333334,13
insider:gbm,reg,bear,1.0,2138,2138,1.0,0.5009354536950421,0.4438168113293741,0.5571466166996505,0.39216605613657246,0.4797587633875123,0.49812909260991584,86
insider:gbm,reg,bull,0.002,8605,25,0.002905287623474724,0.6,0.375,0.7916666666666666,0.1981612105846648,0.40739457358967,0.52,24
insider:gbm,reg,bull,0.005,8605,31,0.0036025566531086577,0.5806451612903226,0.3808035714285715,0.75,0.22015024636279612,0.4076626249536972,0.5161290322580645,30
insider:gbm,reg,bull,0.01,8605,61,0.0070889018012783266,0.5737704918032787,0.4399848484848485,0.698126130783148,0.3183025939220103,0.4489523044494656,0.5737704918032787,56
insider:gbm,reg,bull,0.02,8605,169,0.019639744334689135,0.5029585798816568,0.42105263157894735,0.5773310423825887,0.346431344272058,0.4283532859406722,0.5207100591715976,129
insider:gbm,reg,bull,0.05,8605,306,0.03556072051133062,0.5196078431372549,0.45651809162532825,0.5808636606903934,0.3958154349001072,0.4637335617232939,0.5065359477124183,199
insider:gbm,reg,bull,0.1,8605,306,0.03556072051133062,0.5196078431372549,0.45651809162532825,0.5808636606903934,0.3958154349001072,0.4637335617232939,0.5065359477124183,199
insider:gbm,reg,bull,0.25,8605,306,0.03556072051133062,0.5196078431372549,0.45651809162532825,0.5808636606903934,0.3958154349001072,0.4637335617232939,0.5065359477124183,199
insider:gbm,reg,bull,0.5,8605,306,0.03556072051133062,0.5196078431372549,0.45651809162532825,0.5808636606903934,0.3958154349001072,0.4637335617232939,0.5065359477124183,199
insider:gbm,reg,bull,1.0,8605,8605,1.0,0.5026147588611273,0.47792554446165164,0.5254961669736226,0.45642032037769503,0.492051746738276,0.47356188262638,369
insider:linear,reg,bear,0.002,2138,3,0.001403180542563143,0.6666666666666666,0.0,1.0,-0.530928707011329,0.2076596008020477,0.6666666666666666,3
insider:linear,reg,bear,0.005,2138,3,0.001403180542563143,0.6666666666666666,0.0,1.0,-0.530928707011329,0.2076596008020477,0.6666666666666666,3
insider:linear,reg,bear,0.01,2138,26,0.01216089803554724,0.46153846153846156,0.15,0.7335185185185183,-0.09802682019732822,0.2875585353039122,0.5769230769230769,12
insider:linear,reg,bear,0.02,2138,40,0.018709073900841908,0.475,0.19047619047619047,0.7352941176470589,-0.04658192184138399,0.329354701126789,0.525,14
insider:linear,reg,bear,0.05,2138,41,0.019176800748362956,0.4634146341463415,0.18735795454545467,0.7194407894736841,-0.05267160954011946,0.32056233976336046,0.5365853658536586,14
insider:linear,reg,bear,0.1,2138,42,0.019644527595884004,0.4523809523809524,0.17497282608695652,0.7058823529411765,-0.05113243901709813,0.31223393233454466,0.5476190476190477,15
insider:linear,reg,bear,0.25,2138,42,0.019644527595884004,0.4523809523809524,0.17497282608695652,0.7058823529411765,-0.05113243901709813,0.31223393233454466,0.5476190476190477,15
insider:linear,reg,bear,0.5,2138,42,0.019644527595884004,0.4523809523809524,0.17497282608695652,0.7058823529411765,-0.05113243901709813,0.31223393233454466,0.5476190476190477,15
insider:linear,reg,bear,1.0,2138,2138,1.0,0.5032740879326474,0.44658826960300474,0.5600389901895018,0.39595619096018086,0.4820936193882899,0.49812909260991584,86
insider:linear,reg,bull,0.002,8605,10,0.0011621150493898896,0.5,0.18181818181818182,0.8333333333333334,-0.15872995047843885,0.236593090512564,0.4,10
insider:linear,reg,bull,0.005,8605,44,0.005113306217315514,0.5681818181818182,0.4221929824561404,0.7297297297297297,0.2615604987884303,0.4222414699362943,0.45454545454545453,41
insider:linear,reg,bull,0.01,8605,74,0.008599651365485184,0.5540540540540541,0.4389642734455514,0.6721311475409836,0.3224068835424111,0.4409312201066908,0.40540540540540543,66
insider:linear,reg,bull,0.02,8605,129,0.014991284137129576,0.5426356589147286,0.45451275343361675,0.629367059891107,0.3704356382021885,0.45667754222201284,0.4806201550387597,101
insider:linear,reg,bull,0.05,8605,323,0.03753631609529343,0.5015479876160991,0.4426738540252689,0.5619094304388422,0.3866921269041176,0.44732378026170716,0.47987616099071206,200
insider:linear,reg,bull,0.1,8605,374,0.04346310284718187,0.5053475935828877,0.4487478613328988,0.5616476835462522,0.3947695486943668,0.4548806710591469,0.4732620320855615,222
insider:linear,reg,bull,0.25,8605,374,0.04346310284718187,0.5053475935828877,0.4487478613328988,0.5616476835462522,0.3947695486943668,0.4548806710591469,0.4732620320855615,222
insider:linear,reg,bull,0.5,8605,374,0.04346310284718187,0.5053475935828877,0.4487478613328988,0.5616476835462522,0.3947695486943668,0.4548806710591469,0.4732620320855615,222
insider:linear,reg,bull,1.0,8605,8605,1.0,0.5036606624055782,0.4790837282284886,0.5259619537406692,0.4580188739465091,0.49309732216489044,0.47356188262638,369
leak:gbm,reg,bear,0.002,2138,0,0.0,,,,,,,0
leak:gbm,reg,bear,0.005,2138,0,0.0,,,,,,,0
leak:gbm,reg,bear,0.01,2138,0,0.0,,,,,,,0
leak:gbm,reg,bear,0.02,2138,0,0.0,,,,,,,0
leak:gbm,reg,bear,0.05,2138,0,0.0,,,,,,,0
leak:gbm,reg,bear,0.1,2138,0,0.0,,,,,,,0
leak:gbm,reg,bear,0.25,2138,0,0.0,,,,,,,0
leak:gbm,reg,bear,0.5,2138,45,0.021047708138447148,1.0,1.0,1.0,1.0,0.9213484012671117,0.0,3
leak:gbm,reg,bear,1.0,2138,2138,1.0,1.0,1.0,1.0,1.0,0.9982064691086848,0.49812909260991584,86
leak:gbm,reg,bull,0.002,8605,0,0.0,,,,,,,0
leak:gbm,reg,bull,0.005,8605,0,0.0,,,,,,,0
leak:gbm,reg,bull,0.01,8605,0,0.0,,,,,,,0
leak:gbm,reg,bull,0.02,8605,0,0.0,,,,,,,0
leak:gbm,reg,bull,0.05,8605,0,0.0,,,,,,,0
leak:gbm,reg,bull,0.1,8605,0,0.0,,,,,,,0
leak:gbm,reg,bull,0.25,8605,0,0.0,,,,,,,0
leak:gbm,reg,bull,0.5,8605,577,0.06705403834979663,1.0,1.0,1.0,1.0,0.9933863901029145,0.0,49
leak:gbm,reg,bull,1.0,8605,8605,1.0,1.0,1.0,1.0,1.0,0.999553777492701,0.47356188262638,369
leak:linear,reg,bear,0.002,2138,0,0.0,,,,,,,0
leak:linear,reg,bear,0.005,2138,0,0.0,,,,,,,0
leak:linear,reg,bear,0.01,2138,0,0.0,,,,,,,0
leak:linear,reg,bear,0.02,2138,0,0.0,,,,,,,0
leak:linear,reg,bear,0.05,2138,0,0.0,,,,,,,0
leak:linear,reg,bear,0.1,2138,0,0.0,,,,,,,0
leak:linear,reg,bear,0.25,2138,0,0.0,,,,,,,0
leak:linear,reg,bear,0.5,2138,45,0.021047708138447148,1.0,1.0,1.0,1.0,0.9213484012671117,0.0,3
leak:linear,reg,bear,1.0,2138,2138,1.0,1.0,1.0,1.0,1.0,0.9982064691086848,0.49812909260991584,86
leak:linear,reg,bull,0.002,8605,0,0.0,,,,,,,0
leak:linear,reg,bull,0.005,8605,0,0.0,,,,,,,0
leak:linear,reg,bull,0.01,8605,0,0.0,,,,,,,0
leak:linear,reg,bull,0.02,8605,0,0.0,,,,,,,0
leak:linear,reg,bull,0.05,8605,0,0.0,,,,,,,0
leak:linear,reg,bull,0.1,8605,0,0.0,,,,,,,0
leak:linear,reg,bull,0.25,8605,0,0.0,,,,,,,0
leak:linear,reg,bull,0.5,8605,577,0.06705403834979663,1.0,1.0,1.0,1.0,0.9933863901029145,0.0,49
leak:linear,reg,bull,1.0,8605,8605,1.0,1.0,1.0,1.0,1.0,0.999553777492701,0.47356188262638,369
miner,reg,bear,0.002,2138,0,0.0,,,,,,,0
miner,reg,bear,0.005,2138,0,0.0,,,,,,,0
miner,reg,bear,0.01,2138,0,0.0,,,,,,,0
miner,reg,bear,0.02,2138,0,0.0,,,,,,,0
miner,reg,bear,0.05,2138,0,0.0,,,,,,,0
miner,reg,bear,0.1,2138,0,0.0,,,,,,,0
miner,reg,bear,0.25,2138,0,0.0,,,,,,,0
miner,reg,bear,0.5,2138,0,0.0,,,,,,,0
miner,reg,bear,1.0,2138,2138,1.0,0.5018709073900842,0.4441287056053506,0.5595195501270045,0.3904309665554099,0.48069265029690067,0.49812909260991584,86
miner,reg,bull,0.002,8605,0,0.0,,,,,,,0
miner,reg,bull,0.005,8605,0,0.0,,,,,,,0
miner,reg,bull,0.01,8605,0,0.0,,,,,,,0
miner,reg,bull,0.02,8605,0,0.0,,,,,,,0
miner,reg,bull,0.05,8605,0,0.0,,,,,,,0
miner,reg,bull,0.1,8605,0,0.0,,,,,,,0
miner,reg,bull,0.25,8605,0,0.0,,,,,,,0
miner,reg,bull,0.5,8605,0,0.0,,,,,,,0
miner,reg,bull,1.0,8605,8605,1.0,0.5033120278907612,0.4791073922863514,0.5256191801114447,0.4567291488427142,0.49274879188958964,0.47356188262638,369
pead:gbm,reg,bear,0.002,2138,7,0.003274087932647334,0.5714285714285714,0.2,1.0,-0.2894935102673224,0.2504583645276572,0.5714285714285714,5
pead:gbm,reg,bear,0.005,2138,8,0.0037418147801683817,0.625,0.4,1.0,-0.023471142032649328,0.30574239460262737,0.5,5
pead:gbm,reg,bear,0.01,2138,18,0.00841908325537886,0.7222222222222222,0.5294117647058824,0.95,0.3309140013892981,0.4912734343970254,0.6666666666666666,8
pead:gbm,reg,bear,0.02,2138,25,0.011693171188026192,0.68,0.4375,0.8698369565217389,0.24695830686760117,0.48410269273102247,0.6,10
pead:gbm,reg,bear,0.05,2138,35,0.01637043966323667,0.7142857142857143,0.48,0.875,0.3145826351541415,0.5494506513681738,0.6,13
pead:gbm,reg,bear,0.1,2138,54,0.025257249766136577,0.6296296296296297,0.40464285714285725,0.8043780193236715,0.23195522141054253,0.49627467352266663,0.6481481481481481,17
pead:gbm,reg,bear,0.25,2138,141,0.06594948550046772,0.48936170212765956,0.33770307326158944,0.6344937055281883,0.20703678074659654,0.4082341902293348,0.6312056737588653,24
pead:gbm,reg,bear,0.5,2138,268,0.1253507951356408,0.44402985074626866,0.31705773386847796,0.5744175483165578,0.19648337268986302,0.3857515906949347,0.5671641791044776,25
pead:gbm,reg,bear,1.0,2138,2138,1.0,0.5023386342376053,0.44438050510300087,0.560042321503521,0.3915021852331939,0.48115962149683805,0.49812909260991584,86
pead:gbm,reg,bull,0.002,8605,35,0.004067402672864613,0.4,0.25,0.5555555555555556,0.09731293240456113,0.2555072885938059,0.34285714285714286,27
pead:gbm,reg,bull,0.005,8605,54,0.006275421266705404,0.4444444444444444,0.31815410199556543,0.5777777777777777,0.19072204156725348,0.3200246417222966,0.3888888888888889,44
pead:gbm,reg,bull,0.01,8605,98,0.011388727484020918,0.40816326530612246,0.3132499695752708,0.5106564313346228,0.21109148749115308,0.316108407997545,0.35714285714285715,72
pead:gbm,reg,bull,0.02,8605,198,0.023009877977919813,0.4595959595959596,0.3829670968492036,0.5336722883597883,0.30783026731408847,0.3916078461419209,0.41414141414141414,132
pead:gbm,reg,bull,0.05,8605,435,0.0505520046484602,0.496551724137931,0.44587715069153583,0.5470417432014695,0.3963440701649562,0.44980257531013923,0.4942528735632184,228
pead:gbm,reg,bull,0.1,8605,831,0.09657176060429983,0.4969915764139591,0.4572115574515148,0.5366192672199089,0.4166345319167148,0.4630891352270689,0.49578820697954273,303
pead:gbm,reg,bull,0.25,8605,1933,0.22463683904706566,0.4837040869115365,0.4534997093023256,0.5112950774182807,0.4249340561362711,0.46148073446171917,0.49715468184169687,360
pead:gbm,reg,bull,0.5,8605,4036,0.46902963393375946,0.48885034687809714,0.45958242809808647,0.514302734338413,0.43636566043855085,0.47344649906267267,0.4794350842418236,369
pead:gbm,reg,bull,1.0,8605,8605,1.0,0.5064497385241139,0.4822572266254091,0.5281417137557323,0.46126066786880465,0.4958857491701118,0.47356188262638,369
pead:linear,reg,bear,0.002,2138,1,0.0004677268475210477,1.0,1.0,1.0,1.0,0.20654931437723745,1.0,1
pead:linear,reg,bear,0.005,2138,3,0.001403180542563143,1.0,1.0,1.0,1.0,0.4385029682449546,0.3333333333333333,3
pead:linear,reg,bear,0.01,2138,5,0.0023386342376052385,0.8,0.0,1.0,-0.11003006846340535,0.37553462976252533,0.4,4
pead:linear,reg,bear,0.02,2138,15,0.007015902712815715,0.5333333333333333,0.2,0.8,-0.04809426885016943,0.30116980025498397,0.4,10
pead:linear,reg,bear,0.05,2138,57,0.02666043030869972,0.543859649122807,0.2856227106227107,0.7,0.1418880078117728,0.41590685979119335,0.5614035087719298,21
pead:linear,reg,bear,0.1,2138,101,0.04724041159962582,0.44554455445544555,0.25238859180035667,0.5901014851485147,0.10724721834446932,0.35237950540611346,0.5742574257425742,26
pead:linear,reg,bear,0.25,2138,192,0.08980355472404115,0.421875,0.2967826647828491,0.5436981236480708,0.171732088670202,0.3542235224548209,0.515625,26
pead:linear,reg,bear,0.5,2138,358,0.16744621141253507,0.42178770949720673,0.3116805350338284,0.5523910682340915,0.17671937596638565,0.3717274679428762,0.547486033519553,26
pead:linear,reg,bear,1.0,2138,2138,1.0,0.5023386342376053,0.44500044851207704,0.5596501733148237,0.39184908735255436,0.48115962149683805,0.49812909260991584,86
pead:linear,reg,bull,0.002,8605,30,0.003486345148169669,0.5,0.3426190476190478,0.6666666666666666,0.16968965475884346,0.33154125640533766,0.4666666666666667,28
pead:linear,reg,bull,0.005,8605,51,0.005926786751888437,0.5686274509803921,0.43635198135198133,0.6944746376811594,0.3135476120984621,0.43265302109302245,0.4117647058823529,39
pead:linear,reg,bull,0.01,8605,95,0.011040092969203951,0.5052631578947369,0.38571428571428573,0.6222278911564626,0.27542077685801647,0.4064930002803157,0.30526315789473685,60
pead:linear,reg,bull,0.02,8605,199,0.023126089482858804,0.49748743718592964,0.42721106048053026,0.568557145054607,0.3598244271757116,0.42872774656614177,0.38190954773869346,118
pead:linear,reg,bull,0.05,8605,491,0.05705984892504358,0.5437881873727087,0.4876014317572759,0.5982730514751209,0.4338506847612643,0.49956223612503203,0.395112016293279,213
pead:linear,reg,bull,0.1,8605,976,0.11342242882045322,0.5174180327868853,0.47638655323988854,0.5552348879295832,0.438588916675879,0.48606176416379937,0.4456967213114754,311
pead:linear,reg,bull,0.25,8605,2194,0.2549680418361418,0.5186873290793071,0.48728321852325185,0.5477834215232581,0.4569626018608108,0.497765702436366,0.4402917046490428,356
pead:linear,reg,bull,0.5,8605,4264,0.4955258570598489,0.5114915572232646,0.48537868275944374,0.5341373353500016,0.46276451133177426,0.4964843886221742,0.4584896810506567,369
pead:linear,reg,bull,1.0,8605,8605,1.0,0.5027309703660663,0.4801120161138486,0.5236580240264088,0.4599243875083096,0.492167919504318,0.47356188262638,369
planted:gbm,reg,bear,0.002,2138,0,0.0,,,,,,,0
planted:gbm,reg,bear,0.005,2138,0,0.0,,,,,,,0
planted:gbm,reg,bear,0.01,2138,0,0.0,,,,,,,0
planted:gbm,reg,bear,0.02,2138,1,0.0004677268475210477,1.0,1.0,1.0,1.0,0.20654931437723745,0.0,1
planted:gbm,reg,bear,0.05,2138,2,0.0009354536950420954,1.0,1.0,1.0,1.0,0.34238022750665303,0.0,2
planted:gbm,reg,bear,0.1,2138,32,0.014967259120673527,1.0,1.0,1.0,1.0,0.8928208017449293,0.65625,21
planted:gbm,reg,bear,0.25,2138,32,0.014967259120673527,1.0,1.0,1.0,1.0,0.8928208017449293,0.65625,21
planted:gbm,reg,bear,0.5,2138,32,0.014967259120673527,1.0,1.0,1.0,1.0,0.8928208017449293,0.65625,21
planted:gbm,reg,bear,1.0,2138,2138,1.0,0.519644527595884,0.46258583583135626,0.5774917599454545,0.4100028335849285,0.49845056518984265,0.49812909260991584,86
planted:gbm,reg,bull,0.002,8605,0,0.0,,,,,,,0
planted:gbm,reg,bull,0.005,8605,0,0.0,,,,,,,0
planted:gbm,reg,bull,0.01,8605,0,0.0,,,,,,,0
planted:gbm,reg,bull,0.02,8605,22,0.002556653108657757,1.0,1.0,1.0,1.0,0.8513451253913791,0.0,17
planted:gbm,reg,bull,0.05,8605,338,0.03927948866937827,0.9053254437869822,0.8732252208905608,0.9368421052631579,0.8445783566130902,0.8694029030981765,0.5325443786982249,209
planted:gbm,reg,bull,0.1,8605,396,0.046019755955839625,0.9116161616161617,0.8828045376199041,0.939317976669907,0.8568177296056585,0.8795594089441722,0.5277777777777778,238
planted:gbm,reg,bull,0.25,8605,396,0.046019755955839625,0.9116161616161617,0.8828045376199041,0.939317976669907,0.8568177296056585,0.8795594089441722,0.5277777777777778,238
planted:gbm,reg,bull,0.5,8605,396,0.046019755955839625,0.9116161616161617,0.8828045376199041,0.939317976669907,0.8568177296056585,0.8795594089441722,0.5277777777777778,238
planted:gbm,reg,bull,1.0,8605,8605,1.0,0.5207437536316095,0.4967768775176206,0.5426023114883324,0.47555479664307265,0.5101815971563776,0.47356188262638,369
planted:linear,reg,bear,0.002,2138,0,0.0,,,,,,,0
planted:linear,reg,bear,0.005,2138,0,0.0,,,,,,,0
planted:linear,reg,bear,0.01,2138,0,0.0,,,,,,,0
planted:linear,reg,bear,0.02,2138,1,0.0004677268475210477,1.0,1.0,1.0,1.0,0.20654931437723745,0.0,1
planted:linear,reg,bear,0.05,2138,2,0.0009354536950420954,1.0,1.0,1.0,1.0,0.34238022750665303,0.0,2
planted:linear,reg,bear,0.1,2138,32,0.014967259120673527,1.0,1.0,1.0,1.0,0.8928208017449293,0.65625,21
planted:linear,reg,bear,0.25,2138,32,0.014967259120673527,1.0,1.0,1.0,1.0,0.8928208017449293,0.65625,21
planted:linear,reg,bear,0.5,2138,32,0.014967259120673527,1.0,1.0,1.0,1.0,0.8928208017449293,0.65625,21
planted:linear,reg,bear,1.0,2138,2138,1.0,0.5229186155285314,0.46550075364828813,0.5797032894094423,0.4138286822839598,0.5017246774434051,0.49812909260991584,86
planted:linear,reg,bull,0.002,8605,0,0.0,,,,,,,0
planted:linear,reg,bull,0.005,8605,0,0.0,,,,,,,0
planted:linear,reg,bull,0.01,8605,0,0.0,,,,,,,0
planted:linear,reg,bull,0.02,8605,22,0.002556653108657757,1.0,1.0,1.0,1.0,0.8513451253913791,0.0,17
planted:linear,reg,bull,0.05,8605,338,0.03927948866937827,0.9053254437869822,0.8732252208905608,0.9368421052631579,0.8445783566130902,0.8694029030981765,0.5325443786982249,209
planted:linear,reg,bull,0.1,8605,426,0.0495061011040093,0.9107981220657277,0.8832570657823096,0.938119449831581,0.8578803857931627,0.8799320466673246,0.49765258215962443,250
planted:linear,reg,bull,0.25,8605,426,0.0495061011040093,0.9107981220657277,0.8832570657823096,0.938119449831581,0.8578803857931627,0.8799320466673246,0.49765258215962443,250
planted:linear,reg,bull,0.5,8605,426,0.0495061011040093,0.9107981220657277,0.8832570657823096,0.938119449831581,0.8578803857931627,0.8799320466673246,0.49765258215962443,250
planted:linear,reg,bull,1.0,8605,8605,1.0,0.5235328297501453,0.4995324237844465,0.5453181184425137,0.47870043550985963,0.5129720387473068,0.47356188262638,369
reversal_mom:gbm,reg,bear,0.002,2138,24,0.011225444340505144,0.4166666666666667,0.14285714285714285,0.760230769230769,-0.19742167533795701,0.24467602609811764,0.5,12
reversal_mom:gbm,reg,bear,0.005,2138,24,0.011225444340505144,0.4166666666666667,0.14285714285714285,0.760230769230769,-0.19742167533795701,0.24467602609811764,0.5,12
reversal_mom:gbm,reg,bear,0.01,2138,31,0.014499532273152479,0.3870967741935484,0.14285714285714285,0.6924999999999998,-0.1638907725140446,0.23733101420380254,0.4838709677419355,13
reversal_mom:gbm,reg,bear,0.02,2138,43,0.020112254443405052,0.4186046511627907,0.19040178571428576,0.7,-0.08168736265973436,0.28384550927849195,0.5116279069767442,17
reversal_mom:gbm,reg,bear,0.05,2138,84,0.03928905519176801,0.4642857142857143,0.23877641495492835,0.7125092821782179,-0.01717852549909432,0.3615422828345619,0.5238095238095238,20
reversal_mom:gbm,reg,bear,0.1,2138,140,0.06548175865294668,0.45,0.26657894736842114,0.6501407284768211,0.06200417995128932,0.37002376321068237,0.5357142857142857,24
reversal_mom:gbm,reg,bear,0.25,2138,224,0.10477081384471469,0.4642857142857143,0.3165199982870846,0.6246788654683392,0.14949752716947828,0.4001274293598847,0.5446428571428571,25
reversal_mom:gbm,reg,bear,0.5,2138,376,0.17586529466791395,0.45478723404255317,0.3406596836847947,0.5747614942528735,0.21259139583377312,0.40516588826724015,0.5478723404255319,25
reversal_mom:gbm,reg,bear,1.0,2138,2138,1.0,0.5173058933582788,0.4674730712545756,0.5655581212274495,0.4202400977747401,0.49611246980561463,0.49812909260991584,86
reversal_mom:gbm,reg,bull,0.002,8605,29,0.0033701336432306796,0.41379310344827586,0.21875,0.6500961538461538,-0.012807115909468869,0.255131773413224,0.41379310344827586,25
reversal_mom:gbm,reg,bull,0.005,8605,60,0.006972690296339338,0.48333333333333334,0.34882840028188866,0.6274509803921569,0.2090481953895566,0.36175049539732784,0.48333333333333334,47
reversal_mom:gbm,reg,bull,0.01,8605,111,0.012899477048227775,0.5045045045045045,0.4013732394366198,0.6186333240456952,0.28719299522414304,0.4129105664115618,0.4864864864864865,87
reversal_mom:gbm,reg,bull,0.02,8605,189,0.021963974433468914,0.5079365079365079,0.4368404390037991,0.5885181134654819,0.35552979042198574,0.43721748564047413,0.455026455026455,129
reversal_mom:gbm,reg,bull,0.05,8605,441,0.051249273678094134,0.5102040816326531,0.4604052233059548,0.5615556075710987,0.40904654570964544,0.46366167759095994,0.46938775510204084,235
reversal_mom:gbm,reg,bull,0.1,8605,918,0.10668216153399186,0.5163398692810458,0.47582003535424083,0.5573887856083225,0.43501963186925285,0.4840121831496601,0.4542483660130719,330
reversal_mom:gbm,reg,bull,0.25,8605,2300,0.2672864613596746,0.5104347826086957,0.48067191043499374,0.5404837977512396,0.451455420042345,0.4900048287877081,0.46869565217391307,368
reversal_mom:gbm,reg,bull,0.5,8605,4464,0.5187681580476468,0.5120967741935484,0.4868292903643292,0.5365781719666575,0.4635993915360628,0.49742947122072884,0.4731182795698925,369
reversal_mom:gbm,reg,bull,1.0,8605,8605,1.0,0.5040092969203951,0.48415836952154506,0.5223932788485897,0.46455916540591224,0.4934458575733844,0.47356188262638,369
reversal_mom:linear,reg,bear,0.002,2138,8,0.0037418147801683817,0.5,0.141071428571429,0.8571428571428571,-0.1997470859006305,0.21521606221387757,0.625,7
reversal_mom:linear,reg,bear,0.005,2138,9,0.00420954162768943,0.4444444444444444,0.125,0.7142857142857143,-0.13688011745041262,0.18877852109766452,0.6666666666666666,7
reversal_mom:linear,reg,bear,0.01,2138,11,0.005144995322731525,0.36363636363636365,0.08333333333333333,0.6156249999999999,-0.15365408597463448,0.15166471095367573,0.7272727272727273,9
reversal_mom:linear,reg,bear,0.02,2138,24,0.011225444340505144,0.3333333333333333,0.125,0.631578947368421,-0.17044087304853311,0.1797219032729775,0.7083333333333334,13
reversal_mom:linear,reg,bear,0.05,2138,40,0.018709073900841908,0.325,0.16666666666666666,0.5252083333333332,-0.037261697902423785,0.200845022317827,0.575,17
reversal_mom:linear,reg,bear,0.1,2138,76,0.03554724041159962,0.34210526315789475,0.21516726943942135,0.4821986607142857,0.07592295072592348,0.24536326817494702,0.5526315789473685,22
reversal_mom:linear,reg,bear,0.25,2138,162,0.07577174929840973,0.3395061728395062,0.20574548907882242,0.4705977229601518,0.08169707880358856,0.2710570762313862,0.5493827160493827,25
reversal_mom:linear,reg,bear,0.5,2138,292,0.13657623947614594,0.3801369863013699,0.2761487024154837,0.49288011262596326,0.17125582876577813,0.3263573154025556,0.5753424657534246,26
reversal_mom:linear,reg,bear,1.0,2138,2138,1.0,0.48362956033676335,0.43823036541633287,0.5293050615595075,0.3922672302069262,0.46249520382511217,0.49812909260991584,86
reversal_mom:linear,reg,bull,0.002,8605,50,0.005810575246949448,0.44,0.2725757575757577,0.6098968105065664,0.09585523636836996,0.3116219921125717,0.38,39
reversal_mom:linear,reg,bull,0.005,8605,91,0.010575246949447996,0.5164835164835165,0.38818850267379684,0.6316496887379739,0.2679028683595349,0.4152403166495234,0.4065934065934066,63
reversal_mom:linear,reg,bull,0.01,8605,125,0.01452643811737362,0.552,0.4307438016528926,0.6628074686940966,0.3188045126591381,0.46456810359166034,0.416,82
reversal_mom:linear,reg,bull,0.02,8605,232,0.026961069145845437,0.5689655172413793,0.4852450980392157,0.6475278692312135,0.3994847716699671,0.5046293050927735,0.46551724137931033,135
reversal_mom:linear,reg,bull,0.05,8605,514,0.05973271353864033,0.5389105058365758,0.47815844034242916,0.5924150537404187,0.4282248743475445,0.495686961371777,0.4571984435797665,240
reversal_mom:linear,reg,bull,0.1,8605,1069,0.1242300987797792,0.5425631431244153,0.5018186958160573,0.5803590327240963,0.46505271214622157,0.5125997282405163,0.47427502338634236,312
reversal_mom:linear,reg,bull,0.25,8605,2457,0.28553166763509585,0.5185185185185185,0.48716653421275063,0.5487566469826137,0.4581642055406403,0.49874817770667806,0.4765974765974766,361
reversal_mom:linear,reg,bull,0.5,8605,4602,0.5348053457292272,0.500651890482399,0.47585494388756233,0.5253137504899473,0.4520801307210526,0.48621147841403894,0.4758800521512386,367
reversal_mom:linear,reg,bull,1.0,8605,8605,1.0,0.5127251597908193,0.49272331942522957,0.5314201431265289,0.4744933064864035,0.5021609114458003,0.47356188262638,369
