model,segcol,seg,cov_target,n_rows,n,cov_real,acc,lo,hi,lo_adj,wilson_lo,up_rate,weeks
blend,,,0.002,30053,169,0.005623398662363158,0.591715976331361,0.48253122308354873,0.7004626777397176,0.3782922684696955,0.5163731745980432,0.5207100591715976,103
blend,,,0.005,30053,476,0.015838684989851262,0.5273109243697479,0.4456054095805448,0.6141694368164956,0.35799026146322827,0.48242129192172734,0.5588235294117647,169
blend,,,0.01,30053,1004,0.03340764649119888,0.4900398406374502,0.41062053182214475,0.574581983015718,0.3251102912937205,0.4592149473278439,0.5408366533864541,224
blend,,,0.02,30053,1941,0.06458589824643131,0.5023183925811437,0.4300657506319072,0.5769613891574329,0.3570477510432565,0.4800924175338858,0.5280783101494075,288
blend,,,0.05,30053,3874,0.12890560010647856,0.5198760970573051,0.4655700417638022,0.5711635168309098,0.4148198104322701,0.5041317933625481,0.5069695405265875,376
blend,,,0.1,30053,6170,0.2053039629987023,0.5171799027552674,0.4723823022765753,0.5589736261186259,0.43102341949541845,0.5047044507715883,0.5027552674230146,418
blend,,,0.25,30053,11331,0.37703390676471565,0.5099285146942018,0.4772701063526705,0.5403892137394614,0.4467208027803652,0.5007222486195706,0.4947489188950666,453
blend,,,0.5,30053,18166,0.6044654443815926,0.5047341186832545,0.47750160156274213,0.5297136240938071,0.4532942555648973,0.49746330775746933,0.49603655180006606,455
blend,,,1.0,30053,30053,1.0,0.5008485009815992,0.4804565644593593,0.5199827897901463,0.46106037394172195,0.49519582448258376,0.5019798356237314,455
combined:gbm,,,0.002,30053,422,0.014041859381758892,0.7037914691943128,0.49792072774528917,0.8350806915597492,0.3885789219233021,0.658548590231765,0.5853080568720379,18
combined:gbm,,,0.005,30053,518,0.01723621601836755,0.693050193050193,0.5354950562512303,0.8113966318234611,0.42518605667560444,0.6520309516025515,0.5733590733590733,25
combined:gbm,,,0.01,30053,676,0.022493594649452633,0.6715976331360947,0.5391078314053982,0.781342359558082,0.43348971461805813,0.6353124862442185,0.5680473372781065,33
combined:gbm,,,0.02,30053,941,0.03131134994842445,0.640807651434644,0.5214021823557415,0.7425858667384091,0.4159314375368971,0.6096386469171434,0.5600425079702445,48
combined:gbm,,,0.05,30053,2588,0.08611453099524174,0.5452086553323029,0.4659241592920354,0.6148161070811352,0.39520854684825313,0.5259711255625882,0.5274343122102009,106
combined:gbm,,,0.1,30053,4493,0.1495025455029448,0.5165813487647452,0.4598805032041516,0.5710085938084117,0.4023859566407285,0.5019613766399625,0.5317160026708213,147
combined:gbm,,,0.25,30053,8609,0.286460586297541,0.49622488093855266,0.4517866211165511,0.5374680606125508,0.41198397114718466,0.4856673287285917,0.5202694854222325,278
combined:gbm,,,0.5,30053,15398,0.5123614946927095,0.49740226003377064,0.4636796886551338,0.5246883719964912,0.43672080830420157,0.48950656665783293,0.5214962982205481,411
combined:gbm,,,1.0,30053,30053,1.0,0.4955911223505141,0.4726928809285397,0.5161424834958823,0.45240459489733725,0.4899393293683733,0.5019798356237314,455
combined:linear,,,0.002,30053,211,0.007020929690879446,0.5071090047393365,0.36807649648192436,0.6428776683087029,0.2372408481334896,0.4401296573652946,0.4881516587677725,56
combined:linear,,,0.005,30053,370,0.012311582870262535,0.4972972972972973,0.3833323497507321,0.6150551688425496,0.2651926172453726,0.44664139580703355,0.4864864864864865,84
combined:linear,,,0.01,30053,612,0.020364023558380195,0.4869281045751634,0.3944234360111608,0.5936894122246091,0.29032442436814854,0.44753337552789557,0.4820261437908497,125
combined:linear,,,0.02,30053,1114,0.037067846803979634,0.4605026929982047,0.38879784740831663,0.5361146797351802,0.31006991819448193,0.43141888379550436,0.4542190305206463,170
combined:linear,,,0.05,30053,2403,0.07995873956011047,0.46275488972118184,0.40720626201382354,0.5214792191453841,0.34842532913256785,0.44289439503862704,0.455264253017062,250
combined:linear,,,0.1,30053,4133,0.13752370811566234,0.47278006290829905,0.4267222142132449,0.5220277722689244,0.3767853990629673,0.4575914678478669,0.4585047181224292,311
combined:linear,,,0.25,30053,8762,0.29155159218713605,0.47135357224377994,0.4344956267147055,0.5085790595227497,0.39739667739661655,0.46091633386313935,0.4726089933805067,393
combined:linear,,,0.5,30053,14417,0.4797191628123648,0.47957272664215855,0.4487642800047605,0.510065194738333,0.41838879516998245,0.47142436633888235,0.4876881459388222,430
combined:linear,,,1.0,30053,30053,1.0,0.48896948723921074,0.4682531739368399,0.5102295984404873,0.44710290178705747,0.48331969633131555,0.5019798356237314,455
ctl_random,,,0.002,30053,42,0.0013975310285162879,0.47619047619047616,0.34997093023255815,0.6052830940988836,0.21463411357828804,0.3335960123070547,0.42857142857142855,38
ctl_random,,,0.005,30053,132,0.004392240375336905,0.45454545454545453,0.3696953781512606,0.5407718405428329,0.2828375714085273,0.3720873778212364,0.49242424242424243,112
ctl_random,,,0.01,30053,282,0.009383422620037933,0.46808510638297873,0.40647423996286847,0.5310344827586206,0.34498856420335244,0.410667005926857,0.5,203
ctl_random,,,0.02,30053,638,0.021229161814128372,0.48746081504702193,0.44480139117700895,0.5269234542087823,0.4040912191654953,0.44886637516029027,0.5078369905956113,343
ctl_random,,,0.05,30053,1567,0.05214121718297674,0.4856413529036375,0.45193881390571394,0.517264850173773,0.42025225694392443,0.46096075018630683,0.5067007019783025,440
ctl_random,,,0.1,30053,3097,0.10305127607892722,0.49499515660316434,0.4653836436907682,0.5251562312821947,0.4351286753262774,0.4774036295251862,0.5027445915402002,452
ctl_random,,,0.25,30053,7615,0.2533856852893222,0.4920551543007223,0.4669739286491533,0.5185520226854353,0.44146969970848077,0.48083332080324925,0.4990151017728168,455
ctl_random,,,0.5,30053,15152,0.5041759558113998,0.4851504751847941,0.46062490259675887,0.5102418138598429,0.437650825584673,0.4771974745539264,0.5010559662090813,455
ctl_random,,,1.0,30053,30053,1.0,0.4913652547166672,0.46901407624928343,0.5153055846893305,0.4461792865598233,0.4857146249537331,0.5019798356237314,455
ctl_shuffled,,,0.002,30053,183,0.0060892423385352544,0.37158469945355194,0.27068602753843074,0.48067021836358853,0.1661273138286636,0.30488571937499487,0.40437158469945356,82
ctl_shuffled,,,0.005,30053,327,0.01088077729344824,0.41284403669724773,0.33437217096100275,0.4965838708026208,0.2516152045545154,0.36079362242142643,0.43425076452599387,134
ctl_shuffled,,,0.01,30053,581,0.019332512561141983,0.43029259896729777,0.36795586170586175,0.49915217391304345,0.30016230675426353,0.3906208335519819,0.4354561101549053,195
ctl_shuffled,,,0.02,30053,971,0.032309586397364656,0.4490216271884655,0.39821783974577485,0.5071279439904147,0.34188664536274793,0.41799833624872595,0.4428424304840371,264
ctl_shuffled,,,0.05,30053,2150,0.07154027884071473,0.4637209302325581,0.42472015923734346,0.5053280034645382,0.3842966154173914,0.44272521439533014,0.45627906976744187,386
ctl_shuffled,,,0.1,30053,3939,0.131068445745849,0.476009139375476,0.4440322147435769,0.5102169415521388,0.4118792215972385,0.46044368685016407,0.4732165524244732,436
ctl_shuffled,,,0.25,30053,8757,0.29138521944564605,0.4784743633664497,0.4508930146835513,0.5086330344110243,0.42289606702157045,0.46802354084806214,0.4866963571999543,454
ctl_shuffled,,,0.5,30053,16047,0.533956676538116,0.48763008662055213,0.46409268181173474,0.5142702955729446,0.43878845017670903,0.4799002560364867,0.49404873185019005,455
ctl_shuffled,,,1.0,30053,30053,1.0,0.4912321565234752,0.4687473657689854,0.5149993702441593,0.4469507070061408,0.48558156995756446,0.5019798356237314,455
event_regime:gbm,,,0.002,30053,1210,0.04026220344058829,0.6958677685950413,0.6035615334973387,0.7793309685396891,0.5192280750222084,0.6693606348733658,0.43471074380165287,23
event_regime:gbm,,,0.005,30053,1275,0.04242504907995874,0.6768627450980392,0.5747974663747264,0.7664465639450598,0.4863905809923846,0.6506939064504983,0.44862745098039214,23
event_regime:gbm,,,0.01,30053,1275,0.04242504907995874,0.6768627450980392,0.5747974663747264,0.7664465639450598,0.4863905809923846,0.6506939064504983,0.44862745098039214,23
event_regime:gbm,,,0.02,30053,1553,0.051675373506804644,0.6239536381197682,0.5278847869843605,0.7238048426938953,0.42767014015722016,0.5995843394323763,0.42884739214423695,30
event_regime:gbm,,,0.05,30053,3542,0.11785845007154028,0.5228684359119141,0.4455719810280941,0.6045269362833329,0.3714556274222788,0.5064035700498122,0.5079051383399209,68
event_regime:gbm,,,0.1,30053,5073,0.16880178351578878,0.5176424206583875,0.4586795427879997,0.5769278606965174,0.3959945951699016,0.503883873980144,0.507786319731914,97
event_regime:gbm,,,0.25,30053,9666,0.32163178384853425,0.4973101593213325,0.45383175469745946,0.5368097448921425,0.4153703910195051,0.48734565806665747,0.5154148561969791,177
event_regime:gbm,,,0.5,30053,15696,0.5222773100855156,0.4924184505606524,0.45858124586984855,0.5231615957884036,0.4305808068787793,0.48460005733350026,0.5203236493374108,284
event_regime:gbm,,,1.0,30053,30053,1.0,0.4912654310717732,0.4665518875286497,0.5142022800565813,0.4457790570878355,0.48561483366904323,0.5019798356237314,455
event_regime:linear,,,0.002,30053,278,0.009250324426845905,0.5971223021582733,0.3416477272727273,0.8104054606810512,0.06687399477002365,0.5385215828299486,0.6402877697841727,22
event_regime:linear,,,0.005,30053,458,0.01523974312048714,0.6026200873362445,0.43340061403942376,0.7476716945203077,0.27478702013429696,0.5571284136801574,0.5807860262008734,39
event_regime:linear,,,0.01,30053,532,0.017702059694539647,0.5883458646616542,0.44487799467613137,0.7278710054439763,0.2935308827106587,0.5460387508998654,0.5845864661654135,47
event_regime:linear,,,0.02,30053,982,0.03267560642864273,0.5926680244399185,0.45845120655024835,0.7025504627890297,0.35173585069045105,0.561634044928913,0.639511201629328,67
event_regime:linear,,,0.05,30053,2038,0.06781352943133796,0.5294406280667321,0.4396903467889818,0.6149752963611933,0.3540264459893921,0.5077354163776776,0.5127576054955839,122
event_regime:linear,,,0.1,30053,3985,0.13259907496755732,0.5395232120451694,0.47511767608441335,0.6025496341201566,0.41527846302044996,0.5240171209050773,0.532245922208281,172
event_regime:linear,,,0.25,30053,7343,0.24433500815226433,0.5165463706931772,0.4675407968126329,0.562635945141889,0.4200131647382466,0.5051107789485384,0.5233555767397522,254
event_regime:linear,,,0.5,30053,13130,0.43689481915283,0.4957349581111957,0.45776444782010545,0.528095022090857,0.42519751325569677,0.487185412151773,0.5308453922315308,352
event_regime:linear,,,1.0,30053,30053,1.0,0.47951951552257677,0.456554067864991,0.5006096431674508,0.4348389112733996,0.4738743002008105,0.5019798356237314,455
insider:gbm,,,0.002,30053,75,0.002495591122350514,0.4533333333333333,0.34244841338650944,0.5789473684210527,0.21880435800018808,0.3456979638413221,0.44,61
insider:gbm,,,0.005,30053,140,0.00465843676172096,0.5142857142857142,0.4242203052422031,0.6028394868585732,0.3394426458395997,0.43222650494005116,0.45714285714285713,105
insider:gbm,,,0.01,30053,307,0.010215286327488105,0.5309446254071661,0.4693551888840643,0.5970590928679164,0.4014340628741099,0.475083588492877,0.501628664495114,176
insider:gbm,,,0.02,30053,608,0.020230925365188168,0.5427631578947368,0.4885422537015216,0.5964341224294596,0.4353845510185763,0.5030203651630888,0.5328947368421053,269
insider:gbm,,,0.05,30053,1177,0.03916414334675407,0.5157179269328802,0.47299321437373143,0.5582519807583475,0.430888020659157,0.48716263036725926,0.5250637213254036,372
insider:gbm,,,0.1,30053,1240,0.0412604398895285,0.5096774193548387,0.46920027041464435,0.5509265172920701,0.42630597282283245,0.48186610975534344,0.5282258064516129,381
insider:gbm,,,0.25,30053,1240,0.0412604398895285,0.5096774193548387,0.46920027041464435,0.5509265172920701,0.42630597282283245,0.48186610975534344,0.5282258064516129,381
insider:gbm,,,0.5,30053,1240,0.0412604398895285,0.5096774193548387,0.46920027041464435,0.5509265172920701,0.42630597282283245,0.48186610975534344,0.5282258064516129,381
insider:gbm,,,1.0,30053,30053,1.0,0.49026719462283297,0.46702744605341334,0.5139912312525076,0.44438039148647707,0.4846169332184792,0.5019798356237314,455
insider:linear,,,0.002,30053,26,0.0008651382557481782,0.5,0.2757836990595612,0.7187812499999999,0.07282399870749423,0.3206059352575905,0.5769230769230769,22
insider:linear,,,0.005,30053,125,0.004159318537250857,0.504,0.4077669902912621,0.6,0.3135032455559288,0.4175477458666696,0.536,94
insider:linear,,,0.01,30053,313,0.010414933617276145,0.5175718849840255,0.4571360109539023,0.5732528617878936,0.4009959319588815,0.4623373949002343,0.5111821086261981,206
insider:linear,,,0.02,30053,629,0.02092969087944631,0.5135135135135135,0.4698531560852851,0.5567907197862207,0.42753661903635026,0.4744899620739791,0.4912559618441971,292
insider:linear,,,0.05,30053,1326,0.04412205104315709,0.4917043740573152,0.4512151078573386,0.5287848881922879,0.414367632374064,0.464858901223452,0.5015082956259427,380
insider:linear,,,0.1,30053,1564,0.05204139353808272,0.5,0.46331153269791964,0.5368876727870435,0.424945900215713,0.47525046617249617,0.5089514066496164,391
insider:linear,,,0.25,30053,1564,0.05204139353808272,0.5,0.46331153269791964,0.5368876727870435,0.424945900215713,0.47525046617249617,0.5089514066496164,391
insider:linear,,,0.5,30053,1564,0.05204139353808272,0.5,0.46331153269791964,0.5368876727870435,0.424945900215713,0.47525046617249617,0.5089514066496164,391
insider:linear,,,1.0,30053,30053,1.0,0.4906332146541111,0.46724571220054417,0.5144899871104319,0.44445215191891213,0.484982827433279,0.5019798356237314,455
leak:gbm,,,0.002,30053,0,0.0,,,,,,,0
leak:gbm,,,0.005,30053,0,0.0,,,,,,,0
leak:gbm,,,0.01,30053,0,0.0,,,,,,,0
leak:gbm,,,0.02,30053,0,0.0,,,,,,,0
leak:gbm,,,0.05,30053,0,0.0,,,,,,,0
leak:gbm,,,0.1,30053,0,0.0,,,,,,,0
leak:gbm,,,0.25,30053,0,0.0,,,,,,,0
leak:gbm,,,0.5,30053,0,0.0,,,,,,,0
leak:gbm,,,1.0,30053,30053,1.0,1.0,1.0,1.0,1.0,0.9998721935295177,0.5019798356237314,455
leak:linear,,,0.002,30053,0,0.0,,,,,,,0
leak:linear,,,0.005,30053,0,0.0,,,,,,,0
leak:linear,,,0.01,30053,0,0.0,,,,,,,0
leak:linear,,,0.02,30053,0,0.0,,,,,,,0
leak:linear,,,0.05,30053,0,0.0,,,,,,,0
leak:linear,,,0.1,30053,0,0.0,,,,,,,0
leak:linear,,,0.25,30053,0,0.0,,,,,,,0
leak:linear,,,0.5,30053,0,0.0,,,,,,,0
leak:linear,,,1.0,30053,30053,1.0,1.0,1.0,1.0,1.0,0.9998721935295177,0.5019798356237314,455
miner,,,0.002,30053,0,0.0,,,,,,,0
miner,,,0.005,30053,0,0.0,,,,,,,0
miner,,,0.01,30053,0,0.0,,,,,,,0
miner,,,0.02,30053,0,0.0,,,,,,,0
miner,,,0.05,30053,0,0.0,,,,,,,0
miner,,,0.1,30053,0,0.0,,,,,,,0
miner,,,0.25,30053,0,0.0,,,,,,,0
miner,,,0.5,30053,0,0.0,,,,,,,0
miner,,,1.0,30053,30053,1.0,0.490067547333045,0.4670280296496172,0.5137374514358328,0.4435237041865717,0.48441735583315115,0.5019798356237314,455
pead:gbm,,,0.002,30053,111,0.003693474861078761,0.46846846846846846,0.3653645833333333,0.567017743854084,0.2675134750449013,0.3782522790360825,0.45045045045045046,83
pead:gbm,,,0.005,30053,231,0.007686420656839584,0.4935064935064935,0.4114715959776174,0.568384223918575,0.34271172882866646,0.42966946566711545,0.45021645021645024,139
pead:gbm,,,0.01,30053,444,0.014773899444315043,0.47297297297297297,0.4159855721393035,0.5248975031727887,0.3610222354741468,0.42696393211302247,0.4572072072072072,214
pead:gbm,,,0.02,30053,773,0.025721225834359297,0.49547218628719275,0.44870008767282854,0.542473474801061,0.4008951965901044,0.4603357653258207,0.48771021992238034,281
pead:gbm,,,0.05,30053,1725,0.05739859581406182,0.5026086956521739,0.4601129758189918,0.545358098224323,0.41744606645146387,0.47903425427278595,0.48985507246376814,378
pead:gbm,,,0.1,30053,3284,0.10927361661065452,0.4929963459196102,0.4573184742197341,0.5295374296167372,0.4203190957809176,0.47591539303353586,0.5018270401948843,438
pead:gbm,,,0.25,30053,8061,0.26822613383023325,0.4938593226646818,0.4624996673632882,0.5243490214648675,0.4340848212087966,0.4829506726891723,0.5093660836124551,454
pead:gbm,,,0.5,30053,15675,0.5215785445712574,0.48771929824561405,0.46067125115031055,0.5138171293151429,0.4357264523455654,0.47989828433890813,0.5016905901116427,455
pead:gbm,,,1.0,30053,30053,1.0,0.49149835290985927,0.4684608445172734,0.5152578009189037,0.44636548083464495,0.4858476803505743,0.5019798356237314,455
pead:linear,,,0.002,30053,64,0.002129571091072439,0.4375,0.32141172506738547,0.5538513513513513,0.20994320423422214,0.3229400970440308,0.515625,53
pead:linear,,,0.005,30053,137,0.004558613116826939,0.40875912408759124,0.32638134057971013,0.4963888888888888,0.23338661101128919,0.3300202944904852,0.38686131386861317,96
pead:linear,,,0.01,30053,291,0.009682893554719995,0.4536082474226804,0.40247345443111454,0.5091736694677871,0.34952378146819746,0.3973835621929025,0.4639175257731959,175
pead:linear,,,0.02,30053,586,0.019498885302632017,0.4726962457337884,0.4290193029699645,0.5194435997396958,0.38001540731656586,0.43258323983966807,0.45563139931740615,254
pead:linear,,,0.05,30053,1385,0.046085249392739495,0.4844765342960289,0.4478465722236276,0.5202406685850394,0.41331231974223326,0.4582359876814254,0.4693140794223827,375
pead:linear,,,0.1,30053,2894,0.09629654277443184,0.49654457498272286,0.4675275189123751,0.5272549745516993,0.4372886227911273,0.4783450046756159,0.48721492743607464,435
pead:linear,,,0.25,30053,7375,0.24539979369780054,0.4939661016949152,0.4695472725416529,0.5197247627889032,0.4413451934642062,0.4825616925658822,0.4935593220338983,455
pead:linear,,,0.5,30053,14429,0.4801184573919409,0.49220320188509253,0.46885715232917197,0.5147904138427001,0.4446417692433325,0.48404904865044435,0.495391226003188,455
pead:linear,,,1.0,30053,30053,1.0,0.4981199880211626,0.47604934489229095,0.5212490472916471,0.4551615902937899,0.49246769205807805,0.5019798356237314,455
planted:gbm,,,0.002,30053,0,0.0,,,,,,,0
planted:gbm,,,0.005,30053,0,0.0,,,,,,,0
planted:gbm,,,0.01,30053,0,0.0,,,,,,,0
planted:gbm,,,0.02,30053,0,0.0,,,,,,,0
planted:gbm,,,0.05,30053,1020,0.03394003926396699,0.9254901960784314,0.9083345170874912,0.9405945335912901,0.8934819009706635,0.9077296036644574,0.5058823529411764,367
planted:gbm,,,0.1,30053,1426,0.04744950587295777,0.9165497896213184,0.9019983186158189,0.9299715159223466,0.8887876429834946,0.9010521148930773,0.52945301542777,417
planted:gbm,,,0.25,30053,1426,0.04744950587295777,0.9165497896213184,0.9019983186158189,0.9299715159223466,0.8887876429834946,0.9010521148930773,0.52945301542777,417
planted:gbm,,,0.5,30053,1426,0.04744950587295777,0.9165497896213184,0.9019983186158189,0.9299715159223466,0.8887876429834946,0.9010521148930773,0.52945301542777,417
planted:gbm,,,1.0,30053,30053,1.0,0.5083685488969487,0.48601420642756654,0.5318431585047907,0.46365268633182344,0.5027156948325846,0.5019798356237314,455
planted:linear,,,0.002,30053,0,0.0,,,,,,,0
planted:linear,,,0.005,30053,0,0.0,,,,,,,0
planted:linear,,,0.01,30053,0,0.0,,,,,,,0
planted:linear,,,0.02,30053,0,0.0,,,,,,,0
planted:linear,,,0.05,30053,1020,0.03394003926396699,0.9254901960784314,0.9083345170874912,0.9405945335912901,0.8934819009706635,0.9077296036644574,0.5058823529411764,367
planted:linear,,,0.1,30053,1487,0.04947925331913619,0.9166106254203094,0.902419323388463,0.9295534754179384,0.8900479217880654,0.9014621885844705,0.5110961667787491,429
planted:linear,,,0.25,30053,1487,0.04947925331913619,0.9166106254203094,0.902419323388463,0.9295534754179384,0.8900479217880654,0.9014621885844705,0.5110961667787491,429
planted:linear,,,0.5,30053,1487,0.04947925331913619,0.9166106254203094,0.902419323388463,0.9295534754179384,0.8900479217880654,0.9014621885844705,0.5110961667787491,429
planted:linear,,,1.0,30053,30053,1.0,0.510065550860147,0.4881213087274894,0.5332660229565537,0.4655267911444083,0.5044128335790804,0.5019798356237314,455
reversal_mom:gbm,,,0.002,30053,73,0.0024290420257545003,0.3698630136986301,0.269652117545376,0.48612049549549546,0.15506248781677648,0.26823149760636467,0.3972602739726027,60
reversal_mom:gbm,,,0.005,30053,153,0.005091005889595049,0.4444444444444444,0.36583430120015487,0.536915858811832,0.27436226342638614,0.36802717394952766,0.4444444444444444,115
reversal_mom:gbm,,,0.01,30053,309,0.010281835424084118,0.46601941747572817,0.4039188150425734,0.5289734661229989,0.3395840618432123,0.4111573079287607,0.4401294498381877,182
reversal_mom:gbm,,,0.02,30053,599,0.019931454430506104,0.4774624373956594,0.42790902875304904,0.5277988215488215,0.3756580361504511,0.43773316242977844,0.4657762938230384,280
reversal_mom:gbm,,,0.05,30053,1494,0.04971217515722224,0.4839357429718876,0.4399974009096816,0.525740630500656,0.397784093350395,0.4586687292574779,0.4825970548862115,400
reversal_mom:gbm,,,0.1,30053,2865,0.09533158087378964,0.4931937172774869,0.45771287617529793,0.5284257183612842,0.42273103608899204,0.4749081588296182,0.49214659685863876,444
reversal_mom:gbm,,,0.25,30053,7169,0.23854523674841113,0.4993722973915469,0.4712568892852804,0.5265867331573189,0.44392359742549437,0.4878016004212631,0.4939322081182871,455
reversal_mom:gbm,,,0.5,30053,14464,0.48128306658237113,0.4971653761061947,0.47192581560123104,0.5218257446621358,0.4495388148259293,0.489018912431073,0.498133296460177,455
reversal_mom:gbm,,,1.0,30053,30053,1.0,0.4976208697966925,0.4765742534578637,0.519515733641836,0.45610404944450433,0.491968661653964,0.5019798356237314,455
reversal_mom:linear,,,0.002,30053,133,0.004425514923634912,0.5263157894736842,0.40516215106732345,0.6612934975869952,0.26295643295048254,0.44191589405355586,0.5037593984962406,74
reversal_mom:linear,,,0.005,30053,241,0.008019166139819652,0.5186721991701245,0.419115057995029,0.6322488755622189,0.3082225430201515,0.45579322118038085,0.46887966804979253,132
reversal_mom:linear,,,0.01,30053,423,0.0140751339300569,0.5059101654846335,0.4232805200652896,0.5962360212890171,0.3353437621266412,0.45842680039708694,0.4799054373522459,196
reversal_mom:linear,,,0.02,30053,809,0.026919109573087546,0.49814585908529047,0.4340582278560952,0.5651920408908361,0.36973404185231107,0.4637820362541731,0.4721878862793572,282
reversal_mom:linear,,,0.05,30053,1780,0.0592286959704522,0.5056179775280899,0.4579968671969254,0.5550376106231023,0.40975145744162833,0.48240456373934315,0.4752808988764045,389
reversal_mom:linear,,,0.1,30053,3364,0.11193558047449506,0.5053507728894173,0.4650842435886366,0.5459290781038831,0.4265532901851702,0.48845903319607453,0.4842449464922711,436
reversal_mom:linear,,,0.25,30053,7714,0.2566798655708249,0.5038890329271455,0.4749074115704273,0.5347362717488714,0.44426492693507913,0.49273241921323446,0.49481462276380606,453
reversal_mom:linear,,,0.5,30053,14611,0.4861744251821781,0.49072616521798645,0.4671753518842355,0.516152120558516,0.4418777488983483,0.48262372735390136,0.4966805831223051,454
reversal_mom:linear,,,1.0,30053,30053,1.0,0.4945928859015739,0.47589381991815205,0.5139145199798411,0.45616809561351807,0.48894133126732253,0.5019798356237314,455
blend,seg,earn,0.002,5168,109,0.021091331269349846,0.43119266055045874,0.21680292598967305,0.5714871194379391,0.06676898144431437,0.3421290740356541,0.6238532110091743,43
blend,seg,earn,0.005,5168,143,0.027670278637770898,0.45454545454545453,0.3047321428571429,0.5670194487095123,0.1847190837818371,0.3751894912641606,0.6223776223776224,62
blend,seg,earn,0.01,5168,256,0.04953560371517028,0.44921875,0.3589712918660287,0.5419909728144435,0.26415579630647124,0.389484750270348,0.5546875,88
blend,seg,earn,0.02,5168,408,0.07894736842105263,0.4852941176470588,0.41130934272371883,0.5623098668951834,0.33782363141847366,0.43716244366753365,0.5367647058823529,130
blend,seg,earn,0.05,5168,691,0.13370743034055727,0.5123010130246021,0.44933916019237885,0.5736372462922865,0.38793874728059397,0.47506712038121096,0.5397973950795948,188
blend,seg,earn,0.1,5168,1097,0.21226780185758515,0.512306289881495,0.4571349025185892,0.5652672122805134,0.4019970152136978,0.48273598872488865,0.528714676390155,238
blend,seg,earn,0.25,5168,2128,0.4117647058823529,0.5150375939849624,0.46827747923830015,0.5602510101867239,0.4226241359870343,0.49379542579608193,0.5206766917293233,335
blend,seg,earn,0.5,5168,3216,0.6222910216718266,0.5161691542288557,0.4752606927686363,0.5562204628826293,0.4363230553394434,0.4988885468767507,0.5189676616915423,387
blend,seg,earn,1.0,5168,5168,1.0,0.5162538699690402,0.4850620280594899,0.5468327087174781,0.45476934697394983,0.5026221432608645,0.5139318885448917,420
blend,seg,filing,0.002,7346,47,0.00639803974952355,0.5319148936170213,0.3584568733153639,0.7073424796747967,0.19039150978112673,0.39232383220194805,0.3617021276595745,38
blend,seg,filing,0.005,7346,86,0.011707051456575007,0.5116279069767442,0.39471690590111647,0.6477428821178821,0.2641392626567235,0.4077672083537732,0.38372093023255816,69
blend,seg,filing,0.01,7346,181,0.02463925946093112,0.5248618784530387,0.4393847006651885,0.6165943745373796,0.3477017769091364,0.45235189513331464,0.39779005524861877,110
blend,seg,filing,0.02,7346,377,0.05132044650149741,0.53315649867374,0.46911717752234994,0.6004250670589253,0.4014376013657046,0.4827150261342359,0.41909814323607425,168
blend,seg,filing,0.05,7346,812,0.11053634631091751,0.5344827586206896,0.4858529190051974,0.5854471662878988,0.43406460721410756,0.5000921332411399,0.43596059113300495,256
blend,seg,filing,0.1,7346,1276,0.17369997277429894,0.5360501567398119,0.49318770060296024,0.5821163840413699,0.4471825713558941,0.508620005098276,0.445141065830721,311
blend,seg,filing,0.25,7346,2547,0.34671930302205284,0.519827247742442,0.486116546204481,0.5563088775473367,0.44904255515926944,0.5004092933206815,0.44876325088339225,408
blend,seg,filing,0.5,7346,4364,0.5940647971685271,0.5100824931255729,0.48035198873977514,0.5395903709801791,0.4521555461773726,0.49524856692158975,0.4555453712190651,446
blend,seg,filing,1.0,7346,7346,1.0,0.5014974135583992,0.47908378966343723,0.52296565897717,0.45731664543118145,0.49006581678669076,0.4670569017152192,454
blend,seg,none,0.002,17539,121,0.006898910998346542,0.5867768595041323,0.4588015393073117,0.7070862470862471,0.33458018350023677,0.4976885394658693,0.5619834710743802,70
blend,seg,none,0.005,17539,325,0.018530132846798563,0.52,0.4228981820438047,0.6237085436193223,0.31611004389228947,0.465767930270541,0.563076923076923,114
blend,seg,none,0.01,17539,630,0.03591994982610183,0.48253968253968255,0.3752950968523002,0.6011718414958401,0.2515718542352398,0.44374417527228144,0.580952380952381,148
blend,seg,none,0.02,17539,1328,0.07571697360168766,0.5,0.41224186901474785,0.5960612230946521,0.3214481380033918,0.47314706068366325,0.5670180722891566,216
blend,seg,none,0.05,17539,2497,0.14236843605678773,0.5150180216259511,0.4483172819447787,0.5823959626556571,0.38316198396926954,0.4954074386924914,0.5218261914297156,289
blend,seg,none,0.1,17539,3840,0.21894064655909687,0.5127604166666667,0.45920115849503246,0.5654771712929832,0.40643119704553765,0.49694632020803936,0.5151041666666667,349
blend,seg,none,0.25,17539,6654,0.379383089115685,0.5052599939885783,0.4652560535709485,0.5431729188205465,0.42881287405855556,0.493247392002881,0.5042079951908627,428
blend,seg,none,0.5,17539,10514,0.5994640515422772,0.4991439984782195,0.46830915973586856,0.5283753859158236,0.43951672976811207,0.4895887950071967,0.5047555640098915,452
blend,seg,none,1.0,17539,17539,1.0,0.49603740236045385,0.4727510175495322,0.5174754721549637,0.4512980673403882,0.48863958588549594,0.5130851245795085,455
combined:gbm,seg,earn,0.002,5168,23,0.00445046439628483,0.6086956521739131,0.4372767857142859,0.7693181818181818,0.27894440634054957,0.4078552239138171,0.6086956521739131,10
combined:gbm,seg,earn,0.005,5168,53,0.010255417956656347,0.4339622641509434,0.22413149768399385,0.7144285714285713,-0.07764400185006437,0.30950396559750293,0.6415094339622641,18
combined:gbm,seg,earn,0.01,5168,92,0.01780185758513932,0.4673913043478261,0.307608695652174,0.6666666666666666,0.10611254704850126,0.3688011793344857,0.6086956521739131,30
combined:gbm,seg,earn,0.02,5168,164,0.03173374613003096,0.4695121951219512,0.3315918367346939,0.6000485436893204,0.20570788928665318,0.39470455761881196,0.6158536585365854,43
combined:gbm,seg,earn,0.05,5168,488,0.09442724458204334,0.5,0.3708131364321463,0.6217197944898892,0.25008130005060325,0.455811879629314,0.5819672131147541,69
combined:gbm,seg,earn,0.1,5168,840,0.16253869969040247,0.48333333333333334,0.37098021658078845,0.5869684299959754,0.27432448193858194,0.4496923276118654,0.5964285714285714,103
combined:gbm,seg,earn,0.25,5168,1440,0.2786377708978328,0.5,0.421704134270335,0.5679582280321869,0.35522571398012925,0.47420958436022503,0.5569444444444445,175
combined:gbm,seg,earn,0.5,5168,2615,0.5059984520123839,0.5120458891013384,0.45807552576230776,0.5619367757163033,0.40998294075769487,0.492884002699282,0.5472275334608031,299
combined:gbm,seg,earn,1.0,5168,5168,1.0,0.5139318885448917,0.48114340584476606,0.5459083601033197,0.4481429213782004,0.500299976832653,0.5139318885448917,420
combined:gbm,seg,filing,0.002,7346,110,0.014974135583991287,0.7363636363636363,0.6022644527802296,0.8812514390973981,0.45492686222026363,0.6470588387533535,0.6,14
combined:gbm,seg,filing,0.005,7346,133,0.01810509120609856,0.6992481203007519,0.5818135435992579,0.8307831325301205,0.4541592402926339,0.61661644415218,0.5864661654135338,20
combined:gbm,seg,filing,0.01,7346,158,0.02150830383882385,0.6645569620253164,0.5631450232330644,0.7848912575366063,0.44106465940981054,0.5878053528461551,0.5886075949367089,23
combined:gbm,seg,filing,0.02,7346,306,0.04165532262455758,0.5718954248366013,0.48672195165409515,0.6570510272800538,0.39607213034557537,0.5159019229068968,0.545751633986928,57
combined:gbm,seg,filing,0.05,7346,623,0.0848080588075143,0.5457463884430177,0.4791547131147541,0.6092779943418118,0.4115004624976014,0.506487544064657,0.5168539325842697,87
combined:gbm,seg,filing,0.1,7346,989,0.13463109175061258,0.5146612740141557,0.4591310705423609,0.5679037368305004,0.4047244818823732,0.48351659757385185,0.5096056622851365,129
combined:gbm,seg,filing,0.25,7346,1880,0.255921589980942,0.49840425531914895,0.4531552465816562,0.5432873105348608,0.4063223718194885,0.4758290807026207,0.4808510638297872,231
combined:gbm,seg,filing,0.5,7346,3566,0.48543424993193574,0.5025238362310712,0.4708958762004299,0.5340039287838421,0.4383413423319264,0.48611944906637194,0.47195737521031966,372
combined:gbm,seg,filing,1.0,7346,7346,1.0,0.5017696705690171,0.47702016304722955,0.5236870682270817,0.4554599384223224,0.4903379518244877,0.4670569017152192,454
combined:gbm,seg,none,0.002,17539,294,0.016762643252180853,0.7312925170068028,0.4772384994523549,0.8511401515151515,0.3830705501501911,0.677877860704316,0.6122448979591837,16
combined:gbm,seg,none,0.005,17539,362,0.02063971720166486,0.7044198895027625,0.5128172588832487,0.8276900102400728,0.4025950038621295,0.6554662647741236,0.5773480662983426,20
combined:gbm,seg,none,0.01,17539,464,0.02645532812589087,0.6831896551724138,0.5319798731379436,0.7971209065257134,0.41654533089756907,0.6395017160132472,0.5625,28
combined:gbm,seg,none,0.02,17539,612,0.03489366554535606,0.6601307189542484,0.5314816706499114,0.7698565238392242,0.41362780219168366,0.6217088040614077,0.5604575163398693,35
combined:gbm,seg,none,0.05,17539,1589,0.09059809567250128,0.5607300188797986,0.4705212109527352,0.6418014634619111,0.39281233447989217,0.5362103690413635,0.5242290748898678,89
combined:gbm,seg,none,0.1,17539,2603,0.1484121101545128,0.5278524779101037,0.46163218496423425,0.5873535729148488,0.4000881408383105,0.5086474010034012,0.524010756819055,126
combined:gbm,seg,none,0.25,17539,5185,0.29562688864815556,0.4939247830279653,0.44194146603389395,0.5397160977715488,0.39966886723508444,0.48032577452751885,0.5242044358727097,235
combined:gbm,seg,none,0.5,17539,9215,0.5254005359484577,0.4899620184481823,0.4549748002074981,0.520582290644739,0.421913294129712,0.47976168500123123,0.5315246880086815,392
combined:gbm,seg,none,1.0,17539,17539,1.0,0.48759906494098865,0.4627151039929298,0.5104109970584324,0.4400811019266419,0.4802051394567987,0.5130851245795085,455
combined:linear,seg,earn,0.002,5168,51,0.009868421052631578,0.5490196078431373,0.37142857142857144,0.7333333333333333,0.19414870639446152,0.41384708550368815,0.5882352941176471,23
combined:linear,seg,earn,0.005,5168,91,0.017608359133126934,0.5714285714285714,0.4236989735020291,0.7308486238532109,0.27112245330752055,0.46889749285370325,0.5934065934065934,39
combined:linear,seg,earn,0.01,5168,138,0.026702786377708978,0.5579710144927537,0.4223152609276137,0.6913543997017151,0.2927679919849521,0.474656637380269,0.6231884057971014,56
combined:linear,seg,earn,0.02,5168,257,0.04972910216718266,0.5252918287937743,0.419229797979798,0.6261656136656136,0.32689744011907856,0.4643180905879608,0.5447470817120622,86
combined:linear,seg,earn,0.05,5168,464,0.08978328173374613,0.5193965517241379,0.44717433127810485,0.5912191473448017,0.3745939246324832,0.47396375194584595,0.4956896551724138,131
combined:linear,seg,earn,0.1,5168,747,0.14454334365325078,0.5140562248995983,0.4407641093017321,0.5803160312734988,0.3736004431015393,0.47823454711066826,0.5113788487282463,175
combined:linear,seg,earn,0.25,5168,1468,0.28405572755417957,0.48092643051771117,0.4175885336603777,0.5397095447870778,0.35800976215528274,0.45545083395506547,0.5102179836512262,247
combined:linear,seg,earn,0.5,5168,2340,0.45278637770897834,0.5,0.4493680670954859,0.5470579053303001,0.39904142419858485,0.4797579739525645,0.5175213675213676,321
combined:linear,seg,earn,1.0,5168,5168,1.0,0.5029024767801857,0.4707732903653349,0.5363644953917608,0.4383348835271537,0.4892736997748874,0.5139318885448917,420
combined:linear,seg,filing,0.002,7346,35,0.00476449768581541,0.2857142857142857,0.1363199300699301,0.4444444444444444,-0.029006823774076096,0.16326536236434688,0.22857142857142856,29
combined:linear,seg,filing,0.005,7346,74,0.010073509392866867,0.44594594594594594,0.25,0.6300619658119657,0.06478686322787625,0.3381582232846784,0.3918918918918919,38
combined:linear,seg,filing,0.01,7346,167,0.022733460386604953,0.4431137724550898,0.33327702702702705,0.5534261744966442,0.22705944935795178,0.36989287727225784,0.3772455089820359,72
combined:linear,seg,filing,0.02,7346,281,0.03825210999183229,0.45195729537366547,0.3686083365347676,0.5384672619047619,0.2865881895998931,0.3948049690114559,0.4092526690391459,107
combined:linear,seg,filing,0.05,7346,584,0.07949904710046284,0.4349315068493151,0.37015957649388737,0.5030873972368932,0.3034940463363037,0.3952789627567359,0.4178082191780822,171
combined:linear,seg,filing,0.1,7346,1075,0.14633814320718758,0.4381395348837209,0.38723878352746727,0.4926647525293957,0.33632060039502787,0.4087523019022947,0.4344186046511628,238
combined:linear,seg,filing,0.25,7346,2328,0.31690716035937927,0.4536082474226804,0.4148743341228954,0.492180799598593,0.37800079010884147,0.4334780271777995,0.44415807560137455,335
combined:linear,seg,filing,0.5,7346,3928,0.534712768853798,0.4641038696537678,0.43252078125,0.4948159845937525,0.4008511141514267,0.44855062837632487,0.45824847250509165,407
combined:linear,seg,filing,1.0,7346,7346,1.0,0.48298393683637353,0.46007552189716033,0.5049590605121861,0.43790864091223775,0.47156858304793736,0.4670569017152192,454
combined:linear,seg,none,0.002,17539,206,0.01174525343520155,0.4854368932038835,0.3816557532040059,0.5966577540106952,0.27705272494738786,0.4180809445791726,0.48058252427184467,43
combined:linear,seg,none,0.005,17539,314,0.01790295911967615,0.4872611464968153,0.38830575631947756,0.5913498193596611,0.2927684732636113,0.4324643715000537,0.5,59
combined:linear,seg,none,0.01,17539,436,0.024858885911397458,0.49770642201834864,0.40526993531225436,0.6009849374021909,0.30778909517273745,0.45099971330297506,0.5091743119266054,69
combined:linear,seg,none,0.02,17539,711,0.04053822908945778,0.46835443037974683,0.38408049873497263,0.555565693430657,0.2991962654607898,0.43194426752609033,0.46272855133614627,101
combined:linear,seg,none,0.05,17539,1370,0.07811163692342779,0.46934306569343065,0.4004362453747975,0.5385016694490817,0.3324401804430037,0.44303910241116606,0.4562043795620438,161
combined:linear,seg,none,0.1,17539,2403,0.13700895147955983,0.48106533499791926,0.4282602531839282,0.5354833094423608,0.37201107349829815,0.4611345132995908,0.4585934248855597,227
combined:linear,seg,none,0.25,17539,4990,0.2845088089400764,0.47715430861723446,0.43596564526977977,0.5190641605692714,0.3942484267825404,0.46331877324558396,0.47655310621242486,329
combined:linear,seg,none,0.5,17539,8068,0.4600034209476025,0.47892910262766486,0.44515332004179803,0.513693691754631,0.4121303787755799,0.4680411509578654,0.4902082300446207,404
combined:linear,seg,none,1.0,17539,17539,1.0,0.4873710017674896,0.46404167753927505,0.5104541462375016,0.4414433120117297,0.479977210703635,0.5130851245795085,455
ctl_random,seg,earn,0.002,5168,15,0.0029024767801857586,0.4,0.15384615384615385,0.6666666666666666,-0.09637472780157863,0.1982449614134158,0.4666666666666667,14
ctl_random,seg,earn,0.005,5168,30,0.005804953560371517,0.5,0.3333333333333333,0.6668918918918917,0.16484828507072297,0.33154125640533766,0.4666666666666667,28
ctl_random,seg,earn,0.01,5168,57,0.011029411764705883,0.43859649122807015,0.3137254901960784,0.5715496368038739,0.18993206165359036,0.317726968997944,0.5614035087719298,52
ctl_random,seg,earn,0.02,5168,118,0.0228328173374613,0.4491525423728814,0.3587222037836044,0.5431180950786743,0.26990332657691407,0.36242029793455255,0.5254237288135594,92
ctl_random,seg,earn,0.05,5168,268,0.05185758513931889,0.48134328358208955,0.4135311777677409,0.5488014336250233,0.3522564881098732,0.4222102717119182,0.5074626865671642,172
ctl_random,seg,earn,0.1,5168,556,0.10758513931888544,0.4910071942446043,0.4385575771896661,0.5433557426489067,0.38704535139954005,0.44965789280863494,0.5053956834532374,258
ctl_random,seg,earn,0.25,5168,1324,0.2561919504643963,0.5022658610271903,0.45975493826791786,0.5467425835010404,0.41272267538613117,0.47536622631408526,0.5166163141993958,331
ctl_random,seg,earn,0.5,5168,2590,0.5011609907120743,0.4980694980694981,0.45957581994528285,0.5396928096652321,0.4178839410555296,0.47883066997437074,0.5181467181467182,398
ctl_random,seg,earn,1.0,5168,5168,1.0,0.5030959752321982,0.46915937156856796,0.5386617592574114,0.433075296146031,0.48946708611337525,0.5139318885448917,420
ctl_random,seg,filing,0.002,7346,15,0.0020419275796351756,0.6,0.2857142857142857,0.8573051948051946,0.051025517821199906,0.357468301206246,0.5333333333333333,14
ctl_random,seg,filing,0.005,7346,29,0.0039477266539613394,0.5517241379310345,0.35703781512605054,0.7419354838709677,0.16663167701150483,0.37547963210970914,0.5172413793103449,28
ctl_random,seg,filing,0.01,7346,69,0.009392866866321807,0.5652173913043478,0.45451902748414374,0.6811758893280633,0.3418264233256688,0.44788403615274297,0.43478260869565216,58
ctl_random,seg,filing,0.02,7346,163,0.02218894636536891,0.49693251533742333,0.4189171501344276,0.5771174614731223,0.33612172720096317,0.42113523281948995,0.44171779141104295,126
ctl_random,seg,filing,0.05,7346,370,0.050367546964334334,0.4702702702702703,0.4127703183838954,0.5295776731394283,0.35559127770336035,0.41998010839439337,0.43243243243243246,233
ctl_random,seg,filing,0.1,7346,702,0.09556221072692622,0.4772079772079772,0.43201743682097804,0.5201754558527579,0.3904251698922427,0.4404839036276178,0.4544159544159544,333
ctl_random,seg,filing,0.25,7346,1841,0.25061257827389055,0.48343291689299295,0.45112156514569335,0.5135471032564263,0.4221328979195513,0.46066396515974656,0.46713742531233027,428
ctl_random,seg,filing,0.5,7346,3696,0.5031309556221073,0.47835497835497837,0.4502138960602681,0.503651183131952,0.42588243091671824,0.4622813897493429,0.4596861471861472,447
ctl_random,seg,filing,1.0,7346,7346,1.0,0.48979036210182414,0.4662793777013171,0.5129983415372183,0.44329206670611204,0.47836721492199846,0.4670569017152192,454
ctl_random,seg,none,0.002,17539,21,0.001197331660870061,0.3333333333333333,0.14285714285714285,0.5238721804511278,-0.053786251193500056,0.17194752605083477,0.5714285714285714,20
ctl_random,seg,none,0.005,17539,74,0.004219168709732596,0.40540540540540543,0.2941016624040921,0.5161424731182795,0.18094942227211655,0.3009056446255579,0.47297297297297297,66
ctl_random,seg,none,0.01,17539,164,0.009350590113461428,0.4451219512195122,0.3630639097744361,0.528169014084507,0.28817914036720693,0.3711815185074892,0.5182926829268293,137
ctl_random,seg,none,0.02,17539,375,0.021380922515536804,0.49333333333333335,0.43882160939811127,0.5470874227553616,0.3848065962899866,0.4430565380841012,0.5413333333333333,243
ctl_random,seg,none,0.05,17539,948,0.05405097211927704,0.4936708860759494,0.4553874222057387,0.5349138265332682,0.41276586580006885,0.4619349200057209,0.5242616033755274,387
ctl_random,seg,none,0.1,17539,1843,0.10508010718969155,0.5008138903960934,0.46535568244990244,0.5359730225815892,0.4312196300903012,0.47800863429065416,0.5203472599023331,438
ctl_random,seg,none,0.25,17539,4448,0.25360624893095385,0.493705035971223,0.4651917611008917,0.5233796906706447,0.436070873081227,0.4790241183746735,0.5069694244604317,455
ctl_random,seg,none,0.5,17539,8881,0.5063572609612863,0.48485530908681457,0.45898522645906176,0.5132828360129188,0.43234205498547473,0.47446997934063295,0.5135682918590249,455
ctl_random,seg,none,1.0,17539,17539,1.0,0.48856833342835965,0.46321096091282854,0.5135611402823053,0.43888967279811925,0.4811738538426321,0.5130851245795085,455
ctl_shuffled,seg,earn,0.002,5168,44,0.008513931888544891,0.25,0.15,0.37142857142857144,0.031393842209646444,0.14574213828964888,0.29545454545454547,23
ctl_shuffled,seg,earn,0.005,5168,72,0.01393188854489164,0.2777777777777778,0.16666666666666666,0.3924163652802893,0.056354752618755166,0.18760285856829367,0.3333333333333333,33
ctl_shuffled,seg,earn,0.01,5168,130,0.025154798761609906,0.3384615384615385,0.25,0.43415324985092424,0.15967573406516433,0.26279894910877033,0.36923076923076925,64
ctl_shuffled,seg,earn,0.02,5168,226,0.04373065015479876,0.3805309734513274,0.3098988900866372,0.4643122347949081,0.2283936239509631,0.3197279084684597,0.37168141592920356,102
ctl_shuffled,seg,earn,0.05,5168,457,0.08842879256965944,0.44638949671772427,0.38594311866623077,0.5081532946289774,0.3290111773310598,0.40144718188945844,0.4573304157549234,170
ctl_shuffled,seg,earn,0.1,5168,772,0.14938080495356038,0.4572538860103627,0.40357200396735493,0.5127769705443153,0.3473152479879639,0.42241081058258184,0.47020725388601037,226
ctl_shuffled,seg,earn,0.25,5168,1664,0.3219814241486068,0.4885817307692308,0.4434760501105379,0.5321634810686943,0.39741197028051956,0.4646181706509155,0.5030048076923077,334
ctl_shuffled,seg,earn,0.5,5168,2930,0.5669504643962848,0.4962457337883959,0.4591495055007186,0.5340028904402363,0.42050620008840106,0.4781586091157925,0.49965870307167237,389
ctl_shuffled,seg,earn,1.0,5168,5168,1.0,0.5015479876160991,0.4685689897422376,0.5327857784969435,0.43540920398554234,0.48792005250895537,0.5139318885448917,420
ctl_shuffled,seg,filing,0.002,7346,22,0.0029948271167982575,0.3181818181818182,0.125,0.5294117647058824,-0.07128157716918598,0.1636059318135624,0.36363636363636365,19
ctl_shuffled,seg,filing,0.005,7346,64,0.00871222433977675,0.40625,0.2727272727272727,0.5454900568181817,0.13130464922649293,0.2945690924971961,0.421875,45
ctl_shuffled,seg,filing,0.01,7346,130,0.01769670569017152,0.49230769230769234,0.3936056555737407,0.5878705740624345,0.3009436929568816,0.4078305354043078,0.4307692307692308,82
ctl_shuffled,seg,filing,0.02,7346,216,0.029403757146746527,0.49537037037037035,0.4145054380805676,0.5720941802614832,0.3386569983970279,0.42935985940610527,0.4351851851851852,132
ctl_shuffled,seg,filing,0.05,7346,469,0.06384426898992648,0.4690831556503198,0.4175100203990961,0.522901317019742,0.3624109868246769,0.42435269305326523,0.43283582089552236,234
ctl_shuffled,seg,filing,0.1,7346,911,0.12401306833650967,0.47310647639956094,0.4329065970070586,0.5155396190876806,0.38944983357268975,0.4408660952969073,0.45554335894621295,324
ctl_shuffled,seg,filing,0.25,7346,2065,0.28110536346310916,0.47070217917675544,0.4398156279876381,0.499538078429178,0.40980462291533515,0.4492481339114975,0.4610169491525424,421
ctl_shuffled,seg,filing,0.5,7346,3813,0.5190579907432616,0.47626540781536847,0.4489925893690985,0.5024070293111768,0.42304516201060716,0.4604448635457659,0.46131654864935745,449
ctl_shuffled,seg,filing,1.0,7346,7346,1.0,0.49006261911244214,0.46537899361022367,0.512967366827892,0.4432325054161319,0.4786392042748046,0.4670569017152192,454
ctl_shuffled,seg,none,0.002,17539,99,0.005644563544101716,0.37373737373737376,0.24995000000000003,0.5142857142857142,0.1104972722011845,0.2848318300138313,0.42424242424242425,54
ctl_shuffled,seg,none,0.005,17539,199,0.011346142881578198,0.4472361809045226,0.3440345059311634,0.567681989063568,0.22310929887402262,0.379804210973615,0.46733668341708545,91
ctl_shuffled,seg,none,0.01,17539,315,0.017959974913050916,0.47619047619047616,0.3819798729315822,0.5914050792649262,0.26855393955754797,0.42165674938608017,0.48253968253968255,130
ctl_shuffled,seg,none,0.02,17539,528,0.03010433890187582,0.4659090909090909,0.3943343815513627,0.5522994876342497,0.3133074777255806,0.4237595594917828,0.48863636363636365,200
ctl_shuffled,seg,none,0.05,17539,1173,0.06687952562859913,0.473998294970162,0.4216397542827841,0.5294216427125006,0.36800669859722784,0.44555506011805196,0.46717817561807334,323
ctl_shuffled,seg,none,0.1,17539,2193,0.12503563487085922,0.4842681258549932,0.4454839270251297,0.525403244760897,0.40484971654816865,0.46339766808128396,0.4851801185590515,404
ctl_shuffled,seg,none,0.25,17539,4964,0.2830263983123325,0.4774375503626108,0.4470531883074479,0.5093742150982865,0.416859305456483,0.46356532621383556,0.4983883964544722,452
ctl_shuffled,seg,none,0.5,17539,9320,0.531387194252808,0.4861587982832618,0.46141168240697894,0.512134047500771,0.43361231605792633,0.4760194493943019,0.5051502145922747,455
ctl_shuffled,seg,none,1.0,17539,17539,1.0,0.4886823650151092,0.46457634117413543,0.5136481302112924,0.43986446369053406,0.4812878220700545,0.5130851245795085,455
event_regime:gbm,seg,earn,0.002,5168,151,0.02921826625386997,0.6158940397350994,0.4334681919642858,0.8125363372093023,0.24506126877730833,0.5363553277985231,0.40397350993377484,20
event_regime:gbm,seg,earn,0.005,5168,306,0.05921052631578947,0.4934640522875817,0.3356298167662787,0.6871497055831304,0.14719645400788217,0.43787630855797965,0.5196078431372549,32
event_regime:gbm,seg,earn,0.01,5168,306,0.05921052631578947,0.4934640522875817,0.3356298167662787,0.6871497055831304,0.14719645400788217,0.43787630855797965,0.5196078431372549,32
event_regime:gbm,seg,earn,0.02,5168,362,0.07004643962848298,0.4861878453038674,0.3416098927937887,0.663341928251121,0.16767332941974583,0.4351166475211748,0.5580110497237569,35
event_regime:gbm,seg,earn,0.05,5168,617,0.11938854489164087,0.4181523500810373,0.30063251106894373,0.5558234764674158,0.166503912398709,0.3798556632972427,0.6126418152350082,65
event_regime:gbm,seg,earn,0.1,5168,1010,0.19543343653250775,0.46732673267326735,0.370457291454753,0.5628582516185211,0.27733454297494164,0.4367385844275266,0.5613861386138614,98
event_regime:gbm,seg,earn,0.25,5168,1667,0.32256191950464397,0.4829034193161368,0.416319218398822,0.5451779508174618,0.3527682674818525,0.458982162859033,0.5320935812837433,148
event_regime:gbm,seg,earn,0.5,5168,2938,0.5684984520123839,0.5163376446562288,0.46696093297373714,0.5634236556993302,0.4226985202269889,0.49825801359547417,0.5289312457454051,238
event_regime:gbm,seg,earn,1.0,5168,5168,1.0,0.5085139318885449,0.4724559850986319,0.542025730967721,0.43965949299877594,0.49488273168410596,0.5139318885448917,420
event_regime:gbm,seg,filing,0.002,7346,245,0.03335148380070787,0.673469387755102,0.583627690366123,0.7546287593984962,0.5067855931965027,0.612464988492537,0.4204081632653061,22
event_regime:gbm,seg,filing,0.005,7346,279,0.037979852981214264,0.6738351254480287,0.5953123356819855,0.7511593990570309,0.5225889924966777,0.6167880362627837,0.43727598566308246,24
event_regime:gbm,seg,filing,0.01,7346,304,0.041383065613939556,0.6611842105263158,0.5860567915690867,0.7326595938138024,0.5171413137071581,0.6062623720319691,0.4309210526315789,26
event_regime:gbm,seg,filing,0.02,7346,483,0.06575006806425265,0.5838509316770186,0.49260617256306916,0.6758930381671652,0.40354980921765393,0.539398856281519,0.463768115942029,36
event_regime:gbm,seg,filing,0.05,7346,771,0.10495507759324803,0.5447470817120622,0.46860771160091585,0.6256858880651561,0.39057002714656835,0.5094602100813966,0.4695201037613489,63
event_regime:gbm,seg,filing,0.1,7346,1118,0.1521916689354751,0.5330948121645797,0.4711698082440647,0.5973345650500386,0.41050999021981655,0.5037869097333115,0.49105545617173524,92
event_regime:gbm,seg,filing,0.25,7346,2157,0.29362918595153825,0.5067222994900324,0.46192885374536236,0.5510156175903386,0.41860846406041347,0.48563050163905214,0.48771441817338895,175
event_regime:gbm,seg,filing,0.5,7346,3703,0.5040838551592703,0.49608425600864164,0.4641176138648613,0.527759123758752,0.4326447849769136,0.4799928765019746,0.48069133135295705,287
event_regime:gbm,seg,filing,1.0,7346,7346,1.0,0.49700517288320173,0.47370205998782,0.5207823950648831,0.44904744074490854,0.4855760777266224,0.4670569017152192,454
event_regime:gbm,seg,none,0.002,17539,842,0.04800729802155197,0.7030878859857482,0.5995513999415617,0.7892344699347159,0.5178588903130708,0.6713608350630073,0.44299287410926363,22
event_regime:gbm,seg,none,0.005,17539,842,0.04800729802155197,0.7030878859857482,0.5995513999415617,0.7892344699347159,0.5178588903130708,0.6713608350630073,0.44299287410926363,22
event_regime:gbm,seg,none,0.01,17539,842,0.04800729802155197,0.7030878859857482,0.5995513999415617,0.7892344699347159,0.5178588903130708,0.6713608350630073,0.44299287410926363,22
event_regime:gbm,seg,none,0.02,17539,889,0.050687040310165916,0.6782902137232846,0.5728262544519396,0.7709512285642721,0.4788817000642019,0.6468726663701437,0.43194600674915634,23
event_regime:gbm,seg,none,0.05,17539,2043,0.11648326586464451,0.55359765051395,0.47067232892608735,0.6370290409494592,0.39112550932473106,0.5319607604066454,0.4865394028389623,51
event_regime:gbm,seg,none,0.1,17539,2989,0.170420206397172,0.5366343258614922,0.46970368196416035,0.6024200644790177,0.4016629354495307,0.518722062325983,0.4968216794914687,74
event_regime:gbm,seg,none,0.25,17539,5829,0.33234505958150407,0.4935666495110654,0.44468479845151,0.5359297111876252,0.40143195331632187,0.4807404307797993,0.5186138274146509,147
event_regime:gbm,seg,none,0.5,17539,9638,0.5495182165459832,0.48007885453413573,0.4420473638026129,0.5123988796608461,0.4110980814484121,0.4701145389664999,0.5346544926333264,249
event_regime:gbm,seg,none,1.0,17539,17539,1.0,0.4837790067848794,0.4571233242621613,0.5096726172098006,0.43276295319704766,0.4763875360786277,0.5130851245795085,455
event_regime:linear,seg,earn,0.002,5168,34,0.006578947368421052,0.35294117647058826,0.2222222222222222,0.7333333333333333,-0.17985412753545987,0.21487920594879492,0.5294117647058824,8
event_regime:linear,seg,earn,0.005,5168,88,0.017027863777089782,0.36363636363636365,0.2790495449949444,0.5098966613672495,0.1408890474252749,0.2707929961254815,0.4659090909090909,19
event_regime:linear,seg,earn,0.01,5168,193,0.037345201238390094,0.46632124352331605,0.3559709677419355,0.5986031756577199,0.2202799588000668,0.3972850974939652,0.5233160621761658,38
event_regime:linear,seg,earn,0.02,5168,285,0.05514705882352941,0.5087719298245614,0.41154854069608116,0.6135124695039306,0.30672526162246994,0.451002205680671,0.49473684210526314,56
event_regime:linear,seg,earn,0.05,5168,595,0.11513157894736842,0.534453781512605,0.44791344026548674,0.6111437360178971,0.3682254719260163,0.49428106478799294,0.492436974789916,88
event_regime:linear,seg,earn,0.1,5168,896,0.17337461300309598,0.5178571428571429,0.4230555555555556,0.5990482018561484,0.33757340475706626,0.48513271847453004,0.5279017857142857,114
event_regime:linear,seg,earn,0.25,5168,1330,0.25735294117647056,0.5157894736842106,0.4426357367225426,0.5810405067505348,0.37896590802297386,0.4889245443436551,0.51203007518797,177
event_regime:linear,seg,earn,0.5,5168,2070,0.4005417956656347,0.5019323671497584,0.4483075174293015,0.5537289402800111,0.396759587614533,0.48040954018651066,0.5294685990338164,242
event_regime:linear,seg,earn,1.0,5168,5168,1.0,0.5038699690402477,0.46800057752012625,0.5380444211594115,0.4337529345059901,0.4902406518619674,0.5139318885448917,420
event_regime:linear,seg,filing,0.002,7346,61,0.008303838823849713,0.5245901639344263,0.29627525252525255,0.6956851119894598,0.1174248363495839,0.40157156924985693,0.5081967213114754,13
event_regime:linear,seg,filing,0.005,7346,73,0.009937380887557854,0.5342465753424658,0.3333333333333333,0.6819770283479959,0.1893882062987809,0.42098945719045805,0.4931506849315068,17
event_regime:linear,seg,filing,0.01,7346,108,0.014701878573373264,0.5185185185185185,0.3570684523809525,0.6519158496732026,0.22906698840249412,0.42527864654226755,0.49074074074074076,32
event_regime:linear,seg,filing,0.02,7346,188,0.0255921589980942,0.5,0.3802625996945529,0.598962348568282,0.2833950703361183,0.4292466738276321,0.5,45
event_regime:linear,seg,filing,0.05,7346,413,0.05622107269262183,0.5230024213075061,0.4425483429353716,0.5919285335080368,0.3760886715251155,0.4748417413954169,0.4915254237288136,87
event_regime:linear,seg,filing,0.1,7346,775,0.10549959161448408,0.47870967741935483,0.4155467747111682,0.534096300597213,0.36302317619132035,0.4437313060528155,0.4774193548387097,135
event_regime:linear,seg,filing,0.25,7346,1615,0.2198475360740539,0.491640866873065,0.45064523685580427,0.5335392727572201,0.40647172990420666,0.46730753963158633,0.4972136222910217,229
event_regime:linear,seg,filing,0.5,7346,3284,0.44704601143479444,0.4774665042630938,0.4445501918966746,0.5068398426311308,0.4130302356669613,0.4604193659408132,0.48507917174177834,350
event_regime:linear,seg,filing,1.0,7346,7346,1.0,0.46324530356656685,0.4392123988006785,0.4867215328128023,0.4169568981321822,0.4518645580965651,0.4670569017152192,454
event_regime:linear,seg,none,0.002,17539,904,0.051542277210787385,0.581858407079646,0.42986618812497407,0.7102364991464379,0.2995173827743021,0.5494243192122489,0.6095132743362832,19
event_regime:linear,seg,none,0.005,17539,904,0.051542277210787385,0.581858407079646,0.42986618812497407,0.7102364991464379,0.2995173827743021,0.5494243192122489,0.6095132743362832,19
event_regime:linear,seg,none,0.01,17539,904,0.051542277210787385,0.581858407079646,0.42986618812497407,0.7102364991464379,0.2995173827743021,0.5494243192122489,0.6095132743362832,19
event_regime:linear,seg,none,0.02,17539,1118,0.06374365699298706,0.6100178890876565,0.47620812550631164,0.7164748360882814,0.36997103527293085,0.5810972285314623,0.631484794275492,23
event_regime:linear,seg,none,0.05,17539,1499,0.08546667426877246,0.5763842561707805,0.4621781207241807,0.6759039516500606,0.36824864251339295,0.551205876684413,0.5503669112741828,32
event_regime:linear,seg,none,0.1,17539,2409,0.13735104623980843,0.5815691158156912,0.5033209907635925,0.6578977721119408,0.428932544725909,0.5617555982576984,0.559983395599834,54
event_regime:linear,seg,none,0.25,17539,4459,0.2542334226580763,0.5113254092845929,0.450215407209211,0.5670826275316387,0.39606609309560664,0.49665002064133307,0.5272482619421395,107
event_regime:linear,seg,none,0.5,17539,7776,0.44335480928217114,0.4998713991769547,0.4576920274779019,0.5406463604313563,0.417139798522205,0.48876098560165937,0.5551697530864198,194
event_regime:linear,seg,none,1.0,17539,17539,1.0,0.47916072752152344,0.45316066921926285,0.502719704690235,0.4292336028412452,0.4717728020377918,0.5130851245795085,455
insider:gbm,seg,earn,0.002,5168,9,0.001741486068111455,0.3333333333333333,0.0,0.6666666666666666,-0.30389449369551375,0.1205838183869109,0.5555555555555556,9
insider:gbm,seg,earn,0.005,5168,25,0.004837461300309598,0.44,0.25,0.6363636363636364,0.07095800065006103,0.26665638881067344,0.52,24
insider:gbm,seg,earn,0.01,5168,58,0.011222910216718266,0.43103448275862066,0.29785796434732603,0.5646189120809614,0.17044269492797692,0.3118179913254485,0.6551724137931034,51
insider:gbm,seg,earn,0.02,5168,99,0.019156346749226005,0.43434343434343436,0.32891333938294015,0.5300030120481928,0.23671597228776517,0.34096640246382526,0.5959595959595959,77
insider:gbm,seg,earn,0.05,5168,115,0.02225232198142415,0.4434782608695652,0.35287833081950737,0.5366035675282126,0.26159228559104875,0.35596811556306784,0.5826086956521739,92
insider:gbm,seg,earn,0.1,5168,115,0.02225232198142415,0.4434782608695652,0.35287833081950737,0.5366035675282126,0.26159228559104875,0.35596811556306784,0.5826086956521739,92
insider:gbm,seg,earn,0.25,5168,115,0.02225232198142415,0.4434782608695652,0.35287833081950737,0.5366035675282126,0.26159228559104875,0.35596811556306784,0.5826086956521739,92
insider:gbm,seg,earn,0.5,5168,115,0.02225232198142415,0.4434782608695652,0.35287833081950737,0.5366035675282126,0.26159228559104875,0.35596811556306784,0.5826086956521739,92
insider:gbm,seg,earn,1.0,5168,5168,1.0,0.5021284829721362,0.4669484629946098,0.5379257173959214,0.4314878920764969,0.48850017481515157,0.5139318885448917,420
insider:gbm,seg,filing,0.002,7346,24,0.003267084127416281,0.3333333333333333,0.15785361842105267,0.5238095238095238,-0.03295045638870875,0.1797219032729775,0.3333333333333333,24
insider:gbm,seg,filing,0.005,7346,43,0.005853525728287503,0.4883720930232558,0.34285714285714286,0.6415828092243185,0.19008522313791848,0.3461744754671859,0.3953488372093023,40
insider:gbm,seg,filing,0.01,7346,77,0.010481894908793902,0.5324675324675324,0.41891106222501573,0.6551993534482758,0.3053415545386782,0.42215020982869184,0.4675324675324675,68
insider:gbm,seg,filing,0.02,7346,140,0.01905799074326164,0.5285714285714286,0.44516556802966323,0.6197363010177854,0.35602633897929703,0.44622818016783383,0.5071428571428571,105
insider:gbm,seg,filing,0.05,7346,330,0.04492240675197386,0.5212121212121212,0.46565265776381254,0.5734969349455816,0.41415005716973463,0.4673808092580602,0.47575757575757577,201
insider:gbm,seg,filing,0.1,7346,401,0.054587530628913694,0.516209476309227,0.46510717104863686,0.5632754342431762,0.4199703813693582,0.46737579522396805,0.48877805486284287,246
insider:gbm,seg,filing,0.25,7346,405,0.055132044650149745,0.5185185185185185,0.46741935262605544,0.5654507080610022,0.42326444339486263,0.46991107445042274,0.48641975308641977,249
insider:gbm,seg,filing,0.5,7346,405,0.055132044650149745,0.5185185185185185,0.46741935262605544,0.5654507080610022,0.42326444339486263,0.46991107445042274,0.48641975308641977,249
insider:gbm,seg,filing,1.0,7346,7346,1.0,0.4874761775115709,0.4627229717354498,0.5099474398793955,0.4402274714036205,0.476055442288197,0.4670569017152192,454
insider:gbm,seg,none,0.002,17539,46,0.0026227264952391814,0.5869565217391305,0.42421328671328673,0.7368734335839598,0.2873838179703633,0.44339497779846154,0.43478260869565216,42
insider:gbm,seg,none,0.005,17539,134,0.007640116312218484,0.582089552238806,0.49205698672911785,0.6690647482014388,0.40565090692574174,0.49743311776773846,0.47761194029850745,97
insider:gbm,seg,none,0.01,17539,193,0.011004048121329608,0.5595854922279793,0.48427087515054196,0.6325354515406759,0.4099716798771035,0.4890617266870773,0.48186528497409326,131
insider:gbm,seg,none,0.02,17539,383,0.021837048862534923,0.5639686684073107,0.49856062299724274,0.6285044167235565,0.4366665346750318,0.5139133185234536,0.5117493472584856,195
insider:gbm,seg,none,0.05,17539,687,0.03916985004846343,0.5167394468704513,0.4617829711502435,0.5734645825221864,0.4046027677782024,0.47938260145447187,0.5385735080058224,293
insider:gbm,seg,none,0.1,17539,720,0.041051371229830665,0.5152777777777777,0.4601645703268454,0.5702952135517547,0.4057922291183454,0.478788883181786,0.5430555555555555,301
insider:gbm,seg,none,0.25,17539,720,0.041051371229830665,0.5152777777777777,0.4601645703268454,0.5702952135517547,0.4057922291183454,0.478788883181786,0.5430555555555555,301
insider:gbm,seg,none,0.5,17539,720,0.041051371229830665,0.5152777777777777,0.4601645703268454,0.5702952135517547,0.4057922291183454,0.478788883181786,0.5430555555555555,301
insider:gbm,seg,none,1.0,17539,17539,1.0,0.48794115970123725,0.4625185422138263,0.5130693911227279,0.43732580393298476,0.48054703547484867,0.5130851245795085,455
insider:linear,seg,earn,0.002,5168,9,0.001741486068111455,0.3333333333333333,0.0,0.6666666666666666,-0.3050262192173228,0.1205838183869109,0.7777777777777778,9
insider:linear,seg,earn,0.005,5168,24,0.0046439628482972135,0.3333333333333333,0.14285714285714285,0.5417613636363635,-0.0674349733575117,0.1797219032729775,0.5833333333333334,23
insider:linear,seg,earn,0.01,5168,50,0.009674922600619196,0.4,0.2549019607843137,0.5555555555555556,0.10263849058249191,0.27608389730256544,0.56,47
insider:linear,seg,earn,0.02,5168,108,0.02089783281733746,0.42592592592592593,0.3332547169811321,0.5242243028977583,0.23722855514162364,0.33679220437956364,0.5185185185185185,88
insider:linear,seg,earn,0.05,5168,137,0.026509287925696595,0.4306569343065693,0.35098719976277554,0.513893779342723,0.2673217827588281,0.3507485737599213,0.5109489051094891,107
insider:linear,seg,earn,0.1,5168,137,0.026509287925696595,0.4306569343065693,0.35098719976277554,0.513893779342723,0.2673217827588281,0.3507485737599213,0.5109489051094891,107
insider:linear,seg,earn,0.25,5168,137,0.026509287925696595,0.4306569343065693,0.35098719976277554,0.513893779342723,0.2673217827588281,0.3507485737599213,0.5109489051094891,107
insider:linear,seg,earn,0.5,5168,137,0.026509287925696595,0.4306569343065693,0.35098719976277554,0.513893779342723,0.2673217827588281,0.3507485737599213,0.5109489051094891,107
insider:linear,seg,earn,1.0,5168,5168,1.0,0.5011609907120743,0.46600797598830984,0.5371764868016673,0.430225802708248,0.48753331450164217,0.5139318885448917,420
insider:linear,seg,filing,0.002,7346,11,0.0014974135583991288,0.45454545454545453,0.1246527777777781,0.7692307692307693,-0.1863052199125857,0.21271271622459764,0.7272727272727273,11
insider:linear,seg,filing,0.005,7346,25,0.003403212632725293,0.28,0.1111111111111111,0.45841346153846146,-0.07153414026829813,0.14283853850956563,0.6,23
insider:linear,seg,filing,0.01,7346,67,0.009120609855703784,0.34328358208955223,0.234375,0.4533333333333333,0.1312667709407135,0.24089006272762914,0.4925373134328358,59
insider:linear,seg,filing,0.02,7346,139,0.018921862237952627,0.460431654676259,0.3782051282051282,0.5338690034946522,0.3065402848497597,0.37975032613110543,0.4676258992805755,105
insider:linear,seg,filing,0.05,7346,317,0.04315273618295671,0.4921135646687697,0.43520832923784625,0.5471394697330354,0.37942700697962417,0.4375039406334286,0.4384858044164038,194
insider:linear,seg,filing,0.1,7346,474,0.06452491151647155,0.49156118143459915,0.4444444444444444,0.5359395487494124,0.40080339052118197,0.4468045886756524,0.4388185654008439,262
insider:linear,seg,filing,0.25,7346,547,0.0744622924040294,0.506398537477148,0.46268033787656043,0.5528632165887893,0.41412881587095035,0.4646026665996016,0.46617915904936014,285
insider:linear,seg,filing,0.5,7346,547,0.0744622924040294,0.506398537477148,0.46268033787656043,0.5528632165887893,0.41412881587095035,0.4646026665996016,0.46617915904936014,285
insider:linear,seg,filing,1.0,7346,7346,1.0,0.488429077048734,0.46353930686710587,0.5122504489471593,0.44039759818347846,0.477007319003521,0.4670569017152192,454
insider:linear,seg,none,0.002,17539,42,0.002394663321740122,0.6666666666666666,0.5111111111111111,0.8158492822966507,0.3519648803105145,0.5155250737683379,0.4523809523809524,34
insider:linear,seg,none,0.005,17539,91,0.005188437197103598,0.6153846153846154,0.5060139434141059,0.7273200757575757,0.39812865819416554,0.5126876687650975,0.46153846153846156,73
insider:linear,seg,none,0.01,17539,221,0.012600490335823023,0.5656108597285068,0.49282123292420776,0.6341517137638337,0.42803767370655055,0.4996901499055851,0.5203619909502263,155
insider:linear,seg,none,0.02,17539,356,0.020297622441416273,0.5646067415730337,0.5074717356687898,0.6241736689637799,0.4517073414176359,0.5126845161852447,0.5252808988764045,204
insider:linear,seg,none,0.05,17539,765,0.04361708193169508,0.5071895424836601,0.4574165136284554,0.55224606539288,0.4105467652440069,0.47181455821281926,0.5372549019607843,300
insider:linear,seg,none,0.1,17539,880,0.050173898169793035,0.5068181818181818,0.45836054287447825,0.5533831035894636,0.4095885814106782,0.4738282821227394,0.5352272727272728,315
insider:linear,seg,none,0.25,17539,880,0.050173898169793035,0.5068181818181818,0.45836054287447825,0.5533831035894636,0.4095885814106782,0.4738282821227394,0.5352272727272728,315
insider:linear,seg,none,0.5,17539,880,0.050173898169793035,0.5068181818181818,0.45836054287447825,0.5533831035894636,0.4095885814106782,0.4738282821227394,0.5352272727272728,315
insider:linear,seg,none,1.0,17539,17539,1.0,0.48845430184161015,0.46320879921945946,0.5139423748681797,0.43756055434547236,0.4810598860002657,0.5130851245795085,455
leak:gbm,seg,earn,0.002,5168,0,0.0,,,,,,,0
leak:gbm,seg,earn,0.005,5168,0,0.0,,,,,,,0
leak:gbm,seg,earn,0.01,5168,0,0.0,,,,,,,0
leak:gbm,seg,earn,0.02,5168,0,0.0,,,,,,,0
leak:gbm,seg,earn,0.05,5168,0,0.0,,,,,,,0
leak:gbm,seg,earn,0.1,5168,0,0.0,,,,,,,0
leak:gbm,seg,earn,0.25,5168,0,0.0,,,,,,,0
leak:gbm,seg,earn,0.5,5168,934,0.18072755417956657,1.0,1.0,1.0,1.0,0.9959039358043259,0.6498929336188437,120
leak:gbm,seg,earn,1.0,5168,5168,1.0,1.0,1.0,1.0,1.0,0.9992572357735091,0.5139318885448917,420
leak:gbm,seg,filing,0.002,7346,0,0.0,,,,,,,0
leak:gbm,seg,filing,0.005,7346,0,0.0,,,,,,,0
leak:gbm,seg,filing,0.01,7346,0,0.0,,,,,,,0
leak:gbm,seg,filing,0.02,7346,0,0.0,,,,,,,0
leak:gbm,seg,filing,0.05,7346,0,0.0,,,,,,,0
leak:gbm,seg,filing,0.1,7346,0,0.0,,,,,,,0
leak:gbm,seg,filing,0.25,7346,0,0.0,,,,,,,0
leak:gbm,seg,filing,0.5,7346,774,0.10536346310917506,1.0,1.0,1.0,1.0,0.995061385868377,1.0,99
leak:gbm,seg,filing,1.0,7346,7346,1.0,1.0,1.0,1.0,1.0,0.9994773412675341,0.4670569017152192,454
leak:gbm,seg,none,0.002,17539,0,0.0,,,,,,,0
leak:gbm,seg,none,0.005,17539,0,0.0,,,,,,,0
leak:gbm,seg,none,0.01,17539,0,0.0,,,,,,,0
leak:gbm,seg,none,0.02,17539,0,0.0,,,,,,,0
leak:gbm,seg,none,0.05,17539,0,0.0,,,,,,,0
leak:gbm,seg,none,0.1,17539,0,0.0,,,,,,,0
leak:gbm,seg,none,0.25,17539,0,0.0,,,,,,,0
leak:gbm,seg,none,0.5,17539,0,0.0,,,,,,,0
leak:gbm,seg,none,1.0,17539,17539,1.0,1.0,1.0,1.0,1.0,0.9997810241385519,0.5130851245795085,455
leak:linear,seg,earn,0.002,5168,0,0.0,,,,,,,0
leak:linear,seg,earn,0.005,5168,0,0.0,,,,,,,0
leak:linear,seg,earn,0.01,5168,0,0.0,,,,,,,0
leak:linear,seg,earn,0.02,5168,0,0.0,,,,,,,0
leak:linear,seg,earn,0.05,5168,0,0.0,,,,,,,0
leak:linear,seg,earn,0.1,5168,0,0.0,,,,,,,0
leak:linear,seg,earn,0.25,5168,0,0.0,,,,,,,0
leak:linear,seg,earn,0.5,5168,934,0.18072755417956657,1.0,1.0,1.0,1.0,0.9959039358043259,0.6498929336188437,120
leak:linear,seg,earn,1.0,5168,5168,1.0,1.0,1.0,1.0,1.0,0.9992572357735091,0.5139318885448917,420
leak:linear,seg,filing,0.002,7346,0,0.0,,,,,,,0
leak:linear,seg,filing,0.005,7346,0,0.0,,,,,,,0
leak:linear,seg,filing,0.01,7346,0,0.0,,,,,,,0
leak:linear,seg,filing,0.02,7346,0,0.0,,,,,,,0
leak:linear,seg,filing,0.05,7346,0,0.0,,,,,,,0
leak:linear,seg,filing,0.1,7346,0,0.0,,,,,,,0
leak:linear,seg,filing,0.25,7346,0,0.0,,,,,,,0
leak:linear,seg,filing,0.5,7346,774,0.10536346310917506,1.0,1.0,1.0,1.0,0.995061385868377,1.0,99
leak:linear,seg,filing,1.0,7346,7346,1.0,1.0,1.0,1.0,1.0,0.9994773412675341,0.4670569017152192,454
leak:linear,seg,none,0.002,17539,0,0.0,,,,,,,0
leak:linear,seg,none,0.005,17539,0,0.0,,,,,,,0
leak:linear,seg,none,0.01,17539,0,0.0,,,,,,,0
leak:linear,seg,none,0.02,17539,0,0.0,,,,,,,0
leak:linear,seg,none,0.05,17539,0,0.0,,,,,,,0
leak:linear,seg,none,0.1,17539,0,0.0,,,,,,,0
leak:linear,seg,none,0.25,17539,0,0.0,,,,,,,0
leak:linear,seg,none,0.5,17539,0,0.0,,,,,,,0
leak:linear,seg,none,1.0,17539,17539,1.0,1.0,1.0,1.0,1.0,0.9997810241385519,0.5130851245795085,455
miner,seg,earn,0.002,5168,0,0.0,,,,,,,0
miner,seg,earn,0.005,5168,0,0.0,,,,,,,0
miner,seg,earn,0.01,5168,0,0.0,,,,,,,0
miner,seg,earn,0.02,5168,0,0.0,,,,,,,0
miner,seg,earn,0.05,5168,0,0.0,,,,,,,0
miner,seg,earn,0.1,5168,0,0.0,,,,,,,0
miner,seg,earn,0.25,5168,0,0.0,,,,,,,0
miner,seg,earn,0.5,5168,0,0.0,,,,,,,0
miner,seg,earn,1.0,5168,5168,1.0,0.5013544891640866,0.4660051375978757,0.5374577112428457,0.43014905012984567,0.48772668248562184,0.5139318885448917,420
miner,seg,filing,0.002,7346,0,0.0,,,,,,,0
miner,seg,filing,0.005,7346,0,0.0,,,,,,,0
miner,seg,filing,0.01,7346,0,0.0,,,,,,,0
miner,seg,filing,0.02,7346,0,0.0,,,,,,,0
miner,seg,filing,0.05,7346,0,0.0,,,,,,,0
miner,seg,filing,0.1,7346,0,0.0,,,,,,,0
miner,seg,filing,0.25,7346,0,0.0,,,,,,,0
miner,seg,filing,0.5,7346,0,0.0,,,,,,,0
miner,seg,filing,1.0,7346,7346,1.0,0.48638714946909883,0.46185432875271454,0.5107725889984466,0.43821111221901266,0.47496763404463493,0.4670569017152192,454
miner,seg,none,0.002,17539,0,0.0,,,,,,,0
miner,seg,none,0.005,17539,0,0.0,,,,,,,0
miner,seg,none,0.01,17539,0,0.0,,,,,,,0
miner,seg,none,0.02,17539,0,0.0,,,,,,,0
miner,seg,none,0.05,17539,0,0.0,,,,,,,0
miner,seg,none,0.1,17539,0,0.0,,,,,,,0
miner,seg,none,0.25,17539,0,0.0,,,,,,,0
miner,seg,none,0.5,17539,0,0.0,,,,,,,0
miner,seg,none,1.0,17539,17539,1.0,0.48828325446148585,0.46286758938922856,0.5137831752282955,0.43704871814218693,0.4808889349587094,0.5130851245795085,455
pead:gbm,seg,earn,0.002,5168,24,0.0046439628482972135,0.6666666666666666,0.4375,0.8571428571428571,0.25884032562189235,0.4670631683813174,0.5416666666666666,21
pead:gbm,seg,earn,0.005,5168,44,0.008513931888544891,0.5909090909090909,0.42551861702127664,0.744198416625433,0.2712158140070062,0.444097537410319,0.5909090909090909,36
pead:gbm,seg,earn,0.01,5168,74,0.01431888544891641,0.5540540540540541,0.4266617647058824,0.6865904850746268,0.293701755958101,0.4409312201066908,0.581081081081081,53
pead:gbm,seg,earn,0.02,5168,134,0.025928792569659444,0.5447761194029851,0.45183375104427737,0.6448598130841121,0.34605486522578155,0.46038470594828046,0.582089552238806,81
pead:gbm,seg,earn,0.05,5168,297,0.057469040247678016,0.5521885521885522,0.48226488322129046,0.6217132177033493,0.40775983821546063,0.4953267133341427,0.5622895622895623,131
pead:gbm,seg,earn,0.1,5168,574,0.11106811145510836,0.5121951219512195,0.45400633262934903,0.5714411027568922,0.3911038349788941,0.4713586278838827,0.5662020905923345,195
pead:gbm,seg,earn,0.25,5168,1403,0.27147832817337464,0.5081967213114754,0.464918435592697,0.5536864106753813,0.4203075676957527,0.4820504819410608,0.5495367070563079,317
pead:gbm,seg,earn,0.5,5168,2653,0.5133513931888545,0.5043347154165096,0.46351133567217845,0.5428457213143559,0.4247997057997791,0.4853168344053191,0.5171503957783641,382
pead:gbm,seg,earn,1.0,5168,5168,1.0,0.5011609907120743,0.4658088879772052,0.5353129415983511,0.43207061885335313,0.48753331450164217,0.5139318885448917,420
pead:gbm,seg,filing,0.002,7346,42,0.0057173972229784915,0.42857142857142855,0.27076981707317077,0.5937872023809524,0.10669534805813463,0.2911765117618606,0.38095238095238093,39
pead:gbm,seg,filing,0.005,7346,78,0.010618023414102912,0.44871794871794873,0.32857142857142857,0.5671826054910631,0.2133174886918793,0.3433437231709858,0.46153846153846156,66
pead:gbm,seg,filing,0.01,7346,125,0.017016063163626464,0.448,0.3467662560325121,0.547786110540374,0.25458600631172656,0.36366890453732625,0.432,96
pead:gbm,seg,filing,0.02,7346,208,0.028314729104274437,0.4375,0.3688832565284178,0.513284007930751,0.29565401869448094,0.3718212107860971,0.4182692307692308,139
pead:gbm,seg,filing,0.05,7346,432,0.058807514293493054,0.48148148148148145,0.4303708892968725,0.5402848764571653,0.37415843277159533,0.4347354634783508,0.43287037037037035,214
pead:gbm,seg,filing,0.1,7346,844,0.11489245848080588,0.48578199052132703,0.4460919184160663,0.5270733077150458,0.40378443289507115,0.452204092666647,0.44549763033175355,307
pead:gbm,seg,filing,0.25,7346,1982,0.2698066975224612,0.4919273461150353,0.45854985189284203,0.527106348012759,0.42338144565078506,0.4699547808670017,0.4545913218970737,403
pead:gbm,seg,filing,0.5,7346,3877,0.5277702150830383,0.47820479752385864,0.45004355901994453,0.5068330389446378,0.42182177077420807,0.46251035219760583,0.4624709827185969,444
pead:gbm,seg,filing,1.0,7346,7346,1.0,0.488292948543425,0.4637815183478947,0.5114580289515167,0.44147183042120375,0.4768713340728738,0.4670569017152192,454
pead:gbm,seg,none,0.002,17539,56,0.0031928844289868296,0.48214285714285715,0.32782430506058446,0.61843671679198,0.19406074972563925,0.3566821941245828,0.48214285714285715,47
pead:gbm,seg,none,0.005,17539,132,0.007526084725468955,0.45454545454545453,0.3606466972034716,0.5420288645038168,0.26858595321480605,0.3720873778212364,0.44696969696969696,96
pead:gbm,seg,none,0.01,17539,250,0.014253948343691203,0.468,0.3836309888762372,0.539100430018033,0.3142097903675232,0.40709971631994324,0.46,148
pead:gbm,seg,none,0.02,17539,427,0.024345743771024574,0.4847775175644028,0.41598447664679994,0.5546496491190874,0.3423696648188783,0.43772217859330076,0.48243559718969553,209
pead:gbm,seg,none,0.05,17539,972,0.05541935116027139,0.49794238683127573,0.4453231799464833,0.5491365576856786,0.3930051853380003,0.46657974411788644,0.5082304526748971,322
pead:gbm,seg,none,0.1,17539,1896,0.10810194423855408,0.48575949367088606,0.4391948154613164,0.5294841639833426,0.39578474452176,0.46331412323294796,0.5205696202531646,402
pead:gbm,seg,none,0.25,17539,4751,0.2708820343235076,0.485371500736687,0.4491936634488137,0.5199798602299961,0.4160164464726256,0.4711775656949759,0.5213639233845506,448
pead:gbm,seg,none,0.5,17539,9156,0.5220366041393466,0.481651376146789,0.45108366316178966,0.5112079333981788,0.4226072551339396,0.4714265745059127,0.5138706858890345,455
pead:gbm,seg,none,1.0,17539,17539,1.0,0.4899937282627288,0.4651448088375284,0.5151312392281845,0.4398336408531551,0.48259848435942393,0.5130851245795085,455
pead:linear,seg,earn,0.002,5168,23,0.00445046439628483,0.4782608695652174,0.2,0.75,-0.06745108905309072,0.29237157416646653,0.4782608695652174,17
pead:linear,seg,earn,0.005,5168,32,0.006191950464396285,0.4375,0.23802521008403366,0.6597517730496452,-0.00011888905015938755,0.2816533111504036,0.5,26
pead:linear,seg,earn,0.01,5168,59,0.01141640866873065,0.4067796610169492,0.2698260073260073,0.5634086778736938,0.11703761189120232,0.29089033587192775,0.4576271186440678,50
pead:linear,seg,earn,0.02,5168,119,0.023026315789473683,0.47058823529411764,0.37037037037037035,0.5740923009623797,0.26432902673332564,0.3832373024605453,0.47058823529411764,81
pead:linear,seg,earn,0.05,5168,255,0.049342105263157895,0.48627450980392156,0.4148370426254245,0.5639475638316102,0.3319209510621057,0.4255890593576652,0.5176470588235295,149
pead:linear,seg,earn,0.1,5168,539,0.10429566563467492,0.5009276437847866,0.4407285115303984,0.557797765168283,0.38367725952888265,0.4588599577058375,0.49536178107606677,219
pead:linear,seg,earn,0.25,5168,1231,0.23819659442724458,0.5028432168968319,0.450370152914591,0.5541672881373673,0.3982616686368011,0.47494713451266457,0.4882209585702681,323
pead:linear,seg,earn,0.5,5168,2418,0.4678792569659443,0.4987593052109181,0.45803711309649825,0.5401464066540708,0.41744664253962555,0.47884794248673695,0.5074441687344913,373
pead:linear,seg,earn,1.0,5168,5168,1.0,0.5032894736842105,0.4706732594578751,0.5359330646607318,0.4379696707480586,0.4896604744913115,0.5139318885448917,420
pead:linear,seg,filing,0.002,7346,13,0.0017696705690171523,0.23076923076923078,0.0,0.5,-0.25037621326606546,0.08179528718498569,0.23076923076923078,13
pead:linear,seg,filing,0.005,7346,33,0.0044922406751973865,0.5151515151515151,0.3589285714285715,0.6774193548387096,0.19160893736770634,0.3521837544891414,0.30303030303030304,31
pead:linear,seg,filing,0.01,7346,61,0.008303838823849713,0.4426229508196721,0.32726398601398604,0.5692857142857142,0.20023593610395204,0.3250780552148288,0.3114754098360656,49
pead:linear,seg,filing,0.02,7346,135,0.01837734821671658,0.4444444444444444,0.36075213423609065,0.5200081300813009,0.28120959135210083,0.3633138095245094,0.37777777777777777,106
pead:linear,seg,filing,0.05,7346,337,0.04587530628913695,0.4836795252225519,0.4266302029232824,0.5391884752210208,0.3703490041777953,0.43081009011253146,0.4065281899109792,205
pead:linear,seg,filing,0.1,7346,720,0.09801252382248843,0.4861111111111111,0.44371512153802517,0.5282045045347289,0.4027866963905529,0.4497740686506438,0.4263888888888889,309
pead:linear,seg,filing,0.25,7346,1708,0.232507487067792,0.4953161592505855,0.46326638137045334,0.5254820484530199,0.43265643625096895,0.4716420014620068,0.44789227166276346,411
pead:linear,seg,filing,0.5,7346,3517,0.47876395317179415,0.49189650270116575,0.4653327109543386,0.51688000203311,0.43986414025563886,0.475391891759753,0.4714245095251635,445
pead:linear,seg,filing,1.0,7346,7346,1.0,0.500136128505309,0.47601106086008593,0.5229736703722354,0.4539066170149564,0.48870519240957166,0.4670569017152192,454
pead:linear,seg,none,0.002,17539,45,0.0025657107018644165,0.5333333333333333,0.3829280648429585,0.6792641509433962,0.23954141665128442,0.3907745474012537,0.5333333333333333,39
pead:linear,seg,none,0.005,17539,86,0.004903358230229774,0.5465116279069767,0.4444182389937107,0.6419973544973544,0.3475943044009986,0.4415616959142949,0.5813953488372093,72
pead:linear,seg,none,0.01,17539,178,0.010148811220708136,0.5168539325842697,0.4258882428940569,0.5975676033934252,0.3530480072230365,0.44386555514767745,0.550561797752809,120
pead:linear,seg,none,0.02,17539,306,0.01744683277267803,0.5065359477124183,0.43986249777143877,0.5745026678084448,0.3720939151646996,0.45078613674954776,0.5163398692810458,169
pead:linear,seg,none,0.05,17539,818,0.046638918980557616,0.5012224938875306,0.45577241817614095,0.5475713731848302,0.40854708898084774,0.4670327875266076,0.5048899755501223,301
pead:linear,seg,none,0.1,17539,1778,0.10137408062033183,0.5084364454443194,0.47254308980079446,0.5445831757209844,0.4367405331739938,0.4852057599021687,0.5179977502812149,389
pead:linear,seg,none,0.25,17539,4453,0.2538913278978277,0.4989894453177633,0.4676391090996258,0.5310767685299945,0.43589020605915324,0.48431107480768554,0.5124635077475859,450
pead:linear,seg,none,0.5,17539,8603,0.49050687040310165,0.499360688132047,0.47194953314484395,0.5259769507977997,0.4446518719179291,0.48879776529477026,0.5120306869696617,455
pead:linear,seg,none,1.0,17539,17539,1.0,0.49575232339358,0.4708851794650495,0.5213681612383768,0.4474698706458122,0.4883546039730786,0.5130851245795085,455
planted:gbm,seg,earn,0.002,5168,0,0.0,,,,,,,0
planted:gbm,seg,earn,0.005,5168,0,0.0,,,,,,,0
planted:gbm,seg,earn,0.01,5168,0,0.0,,,,,,,0
planted:gbm,seg,earn,0.02,5168,0,0.0,,,,,,,0
planted:gbm,seg,earn,0.05,5168,198,0.03831269349845201,0.9141414141414141,0.8697910610465116,0.9486076673660119,0.8380890359045319,0.8668146456633062,0.5454545454545454,131
planted:gbm,seg,earn,0.1,5168,256,0.04953560371517028,0.9140625,0.8754856686763302,0.9446851533166458,0.8439793803921718,0.8733176979335919,0.5703125,162
planted:gbm,seg,earn,0.25,5168,256,0.04953560371517028,0.9140625,0.8754856686763302,0.9446851533166458,0.8439793803921718,0.8733176979335919,0.5703125,162
planted:gbm,seg,earn,0.5,5168,256,0.04953560371517028,0.9140625,0.8754856686763302,0.9446851533166458,0.8439793803921718,0.8733176979335919,0.5703125,162
planted:gbm,seg,earn,1.0,5168,5168,1.0,0.5203173374613003,0.4868735399178089,0.5546203909459125,0.4522301287439857,0.5066866423483002,0.5139318885448917,420
planted:gbm,seg,filing,0.002,7346,0,0.0,,,,,,,0
planted:gbm,seg,filing,0.005,7346,0,0.0,,,,,,,0
planted:gbm,seg,filing,0.01,7346,0,0.0,,,,,,,0
planted:gbm,seg,filing,0.02,7346,23,0.0031309556221072693,0.9130434782608695,0.7930675287356322,1.0,0.6981380687723343,0.7320401892425634,0.9130434782608695,16
planted:gbm,seg,filing,0.05,7346,246,0.03348761230601688,0.8739837398373984,0.8352364601597507,0.9139432084309133,0.7945992157530817,0.8266826717521745,0.524390243902439,173
planted:gbm,seg,filing,0.1,7346,328,0.04465014974135584,0.8932926829268293,0.8616705635002628,0.9261570512820513,0.8306387918860826,0.8552110531681579,0.46646341463414637,218
planted:gbm,seg,filing,0.25,7346,328,0.04465014974135584,0.8932926829268293,0.8616705635002628,0.9261570512820513,0.8306387918860826,0.8552110531681579,0.46646341463414637,218
planted:gbm,seg,filing,0.5,7346,328,0.04465014974135584,0.8932926829268293,0.8616705635002628,0.9261570512820513,0.8306387918860826,0.8552110531681579,0.46646341463414637,218
planted:gbm,seg,filing,1.0,7346,7346,1.0,0.5042199836645793,0.4797731918168749,0.5265665760610182,0.4578674383391361,0.49278731960500005,0.4670569017152192,454
planted:gbm,seg,none,0.002,17539,0,0.0,,,,,,,0
planted:gbm,seg,none,0.005,17539,0,0.0,,,,,,,0
planted:gbm,seg,none,0.01,17539,0,0.0,,,,,,,0
planted:gbm,seg,none,0.02,17539,44,0.0025086949084896517,0.9545454545454546,0.8666216216216217,1.0,0.8203819274450164,0.8486500156237035,0.045454545454545456,21
planted:gbm,seg,none,0.05,17539,635,0.03620502879297566,0.9354330708661417,0.9160088209564541,0.9534213250517598,0.8983005259953569,0.9135783419941722,0.5433070866141733,314
planted:gbm,seg,none,0.1,17539,842,0.04800729802155197,0.9263657957244655,0.9099285927581853,0.9424244591440488,0.893625875580362,0.9067223333897898,0.5415676959619953,363
planted:gbm,seg,none,0.25,17539,842,0.04800729802155197,0.9263657957244655,0.9099285927581853,0.9424244591440488,0.893625875580362,0.9067223333897898,0.5415676959619953,363
planted:gbm,seg,none,0.5,17539,842,0.04800729802155197,0.9263657957244655,0.9099285927581853,0.9424244591440488,0.893625875580362,0.9067223333897898,0.5415676959619953,363
planted:gbm,seg,none,1.0,17539,17539,1.0,0.5065853241347853,0.4828020730284317,0.5316941205849309,0.45732732333165327,0.4991856072259977,0.5130851245795085,455
planted:linear,seg,earn,0.002,5168,0,0.0,,,,,,,0
planted:linear,seg,earn,0.005,5168,0,0.0,,,,,,,0
planted:linear,seg,earn,0.01,5168,0,0.0,,,,,,,0
planted:linear,seg,earn,0.02,5168,0,0.0,,,,,,,0
planted:linear,seg,earn,0.05,5168,198,0.03831269349845201,0.9141414141414141,0.8697910610465116,0.9486076673660119,0.8380890359045319,0.8668146456633062,0.5454545454545454,131
planted:linear,seg,earn,0.1,5168,268,0.05185758513931889,0.917910447761194,0.8812886122328902,0.946970366206232,0.8508139519788165,0.8788434640482939,0.5447761194029851,169
planted:linear,seg,earn,0.25,5168,268,0.05185758513931889,0.917910447761194,0.8812886122328902,0.946970366206232,0.8508139519788165,0.8788434640482939,0.5447761194029851,169
planted:linear,seg,earn,0.5,5168,268,0.05185758513931889,0.917910447761194,0.8812886122328902,0.946970366206232,0.8508139519788165,0.8788434640482939,0.5447761194029851,169
planted:linear,seg,earn,1.0,5168,5168,1.0,0.5226393188854489,0.4891357685267034,0.5571761400127014,0.45477984009544503,0.5090096179921535,0.5139318885448917,420
planted:linear,seg,filing,0.002,7346,0,0.0,,,,,,,0
planted:linear,seg,filing,0.005,7346,0,0.0,,,,,,,0
planted:linear,seg,filing,0.01,7346,0,0.0,,,,,,,0
planted:linear,seg,filing,0.02,7346,23,0.0031309556221072693,0.9130434782608695,0.7930675287356322,1.0,0.6981380687723343,0.7320401892425634,0.9130434782608695,16
planted:linear,seg,filing,0.05,7346,246,0.03348761230601688,0.8739837398373984,0.8352364601597507,0.9139432084309133,0.7945992157530817,0.8266826717521745,0.524390243902439,173
planted:linear,seg,filing,0.1,7346,342,0.046555948815682,0.8888888888888888,0.8588196078431372,0.920974644056951,0.8264453431018343,0.8511671345225094,0.45614035087719296,226
planted:linear,seg,filing,0.25,7346,342,0.046555948815682,0.8888888888888888,0.8588196078431372,0.920974644056951,0.8264453431018343,0.8511671345225094,0.45614035087719296,226
planted:linear,seg,filing,0.5,7346,342,0.046555948815682,0.8888888888888888,0.8588196078431372,0.920974644056951,0.8264453431018343,0.8511671345225094,0.45614035087719296,226
planted:linear,seg,filing,1.0,7346,7346,1.0,0.5053090117070514,0.4810796043094374,0.5276418668361997,0.4590240539818701,0.49387601558838484,0.4670569017152192,454
planted:linear,seg,none,0.002,17539,0,0.0,,,,,,,0
planted:linear,seg,none,0.005,17539,0,0.0,,,,,,,0
planted:linear,seg,none,0.01,17539,0,0.0,,,,,,,0
planted:linear,seg,none,0.02,17539,44,0.0025086949084896517,0.9545454545454546,0.8666216216216217,1.0,0.8203819274450164,0.8486500156237035,0.045454545454545456,21
planted:linear,seg,none,0.05,17539,635,0.03620502879297566,0.9354330708661417,0.9160088209564541,0.9534213250517598,0.8983005259953569,0.9135783419941722,0.5433070866141733,314
planted:linear,seg,none,0.1,17539,877,0.05000285078966874,0.927023945267959,0.911471775821691,0.9421584262180958,0.8955327133437566,0.9078844705501735,0.5222348916761688,374
planted:linear,seg,none,0.25,17539,877,0.05000285078966874,0.927023945267959,0.911471775821691,0.9421584262180958,0.8955327133437566,0.9078844705501735,0.5222348916761688,374
planted:linear,seg,none,0.5,17539,877,0.05000285078966874,0.927023945267959,0.911471775821691,0.9421584262180958,0.8955327133437566,0.9078844705501735,0.5222348916761688,374
planted:linear,seg,none,1.0,17539,17539,1.0,0.508352813729403,0.48460495015858635,0.5326389421700689,0.4592980156014114,0.5009531004489273,0.5130851245795085,455
reversal_mom:gbm,seg,earn,0.002,5168,10,0.001934984520123839,0.5,0.16666666666666666,0.8333333333333334,-0.13827668880955724,0.236593090512564,0.6,9
reversal_mom:gbm,seg,earn,0.005,5168,27,0.005224458204334365,0.5185185185185185,0.3448006465517242,0.7001470588235292,0.15143191237223708,0.3398561575495229,0.5925925925925926,25
reversal_mom:gbm,seg,earn,0.01,5168,58,0.011222910216718266,0.46551724137931033,0.339614218328841,0.6087221633085896,0.19818573307810922,0.3433202232528626,0.5,48
reversal_mom:gbm,seg,earn,0.02,5168,122,0.023606811145510834,0.48360655737704916,0.3949200991872159,0.5778070175438595,0.30258933554808043,0.3967938072853936,0.4918032786885246,87
reversal_mom:gbm,seg,earn,0.05,5168,286,0.055340557275541796,0.5034965034965035,0.4386489613604564,0.5735368140544808,0.36817496437952885,0.44588929018937745,0.4755244755244755,152
reversal_mom:gbm,seg,earn,0.1,5168,540,0.1044891640866873,0.4925925925925926,0.43985472849126306,0.5492196572019407,0.38886847484050335,0.45062698931973444,0.5074074074074074,228
reversal_mom:gbm,seg,earn,0.25,5168,1256,0.24303405572755418,0.5191082802547771,0.4756286755539912,0.5592411517826371,0.43552160085620495,0.4914605218011768,0.5087579617834395,338
reversal_mom:gbm,seg,earn,0.5,5168,2517,0.4870356037151703,0.5057608263806118,0.46743664346762326,0.5424263894000737,0.4317667763618842,0.48623489105528594,0.5029797377830751,386
reversal_mom:gbm,seg,earn,1.0,5168,5168,1.0,0.5089009287925697,0.4771816026817145,0.5413461556935006,0.4465559662357208,0.49526962470831926,0.5139318885448917,420
reversal_mom:gbm,seg,filing,0.002,7346,31,0.004219983664579363,0.3225806451612903,0.14285714285714285,0.5002777777777775,-0.04075676293118968,0.18569426566359176,0.3548387096774194,28
reversal_mom:gbm,seg,filing,0.005,7346,51,0.006942553770759597,0.4117647058823529,0.26782738095238096,0.5610137195121951,0.12500006754024262,0.2875439520458094,0.4117647058823529,45
reversal_mom:gbm,seg,filing,0.01,7346,76,0.010345766403484889,0.4342105263157895,0.31705773386847796,0.5555555555555556,0.19816398491016066,0.32860931819217054,0.4342105263157895,65
reversal_mom:gbm,seg,filing,0.02,7346,126,0.017152191668935474,0.4603174603174603,0.3688223240115719,0.5630521439344969,0.26984260720796893,0.3757521805033807,0.4444444444444444,104
reversal_mom:gbm,seg,filing,0.05,7346,388,0.05281786005989654,0.49226804123711343,0.4389780998595327,0.5445032839081838,0.38456433694771697,0.4428431265115979,0.47164948453608246,237
reversal_mom:gbm,seg,filing,0.1,7346,721,0.09814865232779744,0.4868238557558946,0.44379252408556086,0.5272582468548901,0.40567260665447163,0.45050666198682265,0.47572815533980584,328
reversal_mom:gbm,seg,filing,0.25,7346,1723,0.23454941464742718,0.497968659315148,0.4648072482008394,0.5293531848111587,0.43335613047318056,0.47439076271445274,0.4759141033081834,422
reversal_mom:gbm,seg,filing,0.5,7346,3508,0.47753879662401305,0.49144811858608894,0.4618052478134111,0.5184427340611298,0.4362312078632382,0.4749231210714889,0.47291904218928166,452
reversal_mom:gbm,seg,filing,1.0,7346,7346,1.0,0.4948271167982576,0.47185586547067754,0.5162036637233101,0.45086959811380556,0.4833995665277035,0.4670569017152192,454
reversal_mom:gbm,seg,none,0.002,17539,40,0.0022806317349905922,0.375,0.23680340557275545,0.5428571428571428,0.05715919486062809,0.24222979167233266,0.425,34
reversal_mom:gbm,seg,none,0.005,17539,93,0.005302468783853128,0.4731182795698925,0.3690447295423024,0.5914277180406212,0.25077653370476105,0.3747394097477208,0.41935483870967744,65
reversal_mom:gbm,seg,none,0.01,17539,180,0.010262842807457666,0.4666666666666667,0.3864995817066369,0.5500073964497042,0.30545410975949133,0.3952442370996734,0.45,118
reversal_mom:gbm,seg,none,0.02,17539,340,0.019385369747420035,0.5029411764705882,0.42734778121775024,0.5725720301502218,0.35469652440986,0.4500599534276341,0.4764705882352941,193
reversal_mom:gbm,seg,none,0.05,17539,845,0.048178345401676266,0.4970414201183432,0.4387244831560943,0.5586743254623885,0.37643465118012703,0.4634193598229729,0.4911242603550296,324
reversal_mom:gbm,seg,none,0.1,17539,1673,0.09538742231598153,0.5002988643156007,0.45481473734440636,0.5473576685520496,0.4079617535201988,0.47636656416014334,0.5008965929468021,412
reversal_mom:gbm,seg,none,0.25,17539,4144,0.23627344774502537,0.4946911196911197,0.46273820677985844,0.5254740847009172,0.42967131617045734,0.4794806648766329,0.5072393822393823,452
reversal_mom:gbm,seg,none,0.5,17539,8441,0.48127031187638974,0.4950835209098448,0.46884796996381983,0.5229772659097448,0.44228551151475026,0.48442221844187316,0.5097737234924772,455
reversal_mom:gbm,seg,none,1.0,17539,17539,1.0,0.4954672444267062,0.47058451883345404,0.5209984655760418,0.44889326978379585,0.48806962446563534,0.5130851245795085,455
reversal_mom:linear,seg,earn,0.002,5168,23,0.00445046439628483,0.5652173913043478,0.3634740259740261,0.782608695652174,0.16196562450191548,0.3681137508501646,0.391304347826087,16
reversal_mom:linear,seg,earn,0.005,5168,38,0.007352941176470588,0.6052631578947368,0.4489619985925405,0.7608954451345756,0.29599660546134154,0.4471786799604255,0.39473684210526316,27
reversal_mom:linear,seg,earn,0.01,5168,55,0.010642414860681114,0.4909090909090909,0.3508771929824561,0.6286466165413533,0.2191552836067937,0.36376777849003283,0.45454545454545453,42
reversal_mom:linear,seg,earn,0.02,5168,119,0.023026315789473683,0.5126050420168067,0.4076626016260163,0.6120773188986901,0.3149297036481157,0.42381908116572403,0.42857142857142855,83
reversal_mom:linear,seg,earn,0.05,5168,277,0.05359907120743034,0.5631768953068592,0.49402270436326984,0.6242141702041641,0.42894962634693035,0.5042976591147863,0.44404332129963897,150
reversal_mom:linear,seg,earn,0.1,5168,554,0.10719814241486068,0.5433212996389891,0.4848995231952671,0.5983145628902765,0.42666958619560846,0.5016860911570089,0.4729241877256318,213
reversal_mom:linear,seg,earn,0.25,5168,1310,0.2534829721362229,0.5213740458015267,0.4763369385609133,0.5660388625165245,0.4334261023904231,0.49429993358869395,0.49236641221374045,320
reversal_mom:linear,seg,earn,0.5,5168,2471,0.47813467492260064,0.4965600971266694,0.45955213892664165,0.5338180351372078,0.4225729341467732,0.4768668918832843,0.5163901254552813,377
reversal_mom:linear,seg,earn,1.0,5168,5168,1.0,0.4986455108359133,0.4710584798748631,0.528226219166135,0.44207841702048867,0.4850197162896409,0.5139318885448917,420
reversal_mom:linear,seg,filing,0.002,7346,23,0.0031309556221072693,0.43478260869565216,0.23529411764705882,0.6334090909090908,0.036872466793073766,0.25634635325674215,0.391304347826087,22
reversal_mom:linear,seg,filing,0.005,7346,51,0.006942553770759597,0.49019607843137253,0.3513175675675676,0.6316228070175438,0.20665383026417888,0.35857485894370744,0.47058823529411764,44
reversal_mom:linear,seg,filing,0.01,7346,87,0.01184317996188402,0.4942528735632184,0.392392234006158,0.6021911138161898,0.2843604052835979,0.3916827782936405,0.4827586206896552,75
reversal_mom:linear,seg,filing,0.02,7346,160,0.021780560849441872,0.5125,0.4203621219544787,0.6009922367026252,0.32792983598660985,0.43566953810500403,0.5125,119
reversal_mom:linear,seg,filing,0.05,7346,388,0.05281786005989654,0.5103092783505154,0.4537950234441603,0.5652173913043478,0.39370260640696586,0.4607120539974424,0.44587628865979384,223
reversal_mom:linear,seg,filing,0.1,7346,747,0.10168799346583174,0.49129852744310576,0.44719704515272246,0.5354337689171833,0.4019033732399737,0.4555846084451882,0.45113788487282463,320
reversal_mom:linear,seg,filing,0.25,7346,1834,0.24965967873672748,0.49236641221374045,0.4590291853233946,0.5256841751106195,0.42600646097800376,0.4695256663237135,0.4629225736095965,417
reversal_mom:linear,seg,filing,0.5,7346,3597,0.4896542335965151,0.4915207117041979,0.46423959195584613,0.5165801402354782,0.4377980353015453,0.4752009789152411,0.4656658326383097,447
reversal_mom:linear,seg,filing,1.0,7346,7346,1.0,0.49700517288320173,0.4761795682468081,0.5156762217447377,0.45625134403616163,0.4855760777266224,0.4670569017152192,454
reversal_mom:linear,seg,none,0.002,17539,98,0.005587547750726951,0.5510204081632653,0.40174107142857146,0.6923611111111111,0.25384761615947776,0.4524754605807967,0.5102040816326531,60
reversal_mom:linear,seg,none,0.005,17539,185,0.01054792177433149,0.5405405405405406,0.40591112682696845,0.6785943223443224,0.2609774255453377,0.46863275133852766,0.4864864864864865,88
reversal_mom:linear,seg,none,0.01,17539,302,0.017218769599178972,0.48344370860927155,0.3739767068950966,0.5884722344515864,0.26985808059093286,0.4276456431570336,0.5033112582781457,128
reversal_mom:linear,seg,none,0.02,17539,552,0.031472717942870175,0.5,0.40859904282428994,0.5921595339358496,0.31598895641540053,0.4584335794716226,0.5018115942028986,205
reversal_mom:linear,seg,none,0.05,17539,1161,0.06619533610810194,0.5004306632213609,0.4380028502629122,0.5670169452340994,0.3715441766388534,0.47171584931391003,0.49698535745047373,325
reversal_mom:linear,seg,none,0.1,17539,2017,0.11500085523690062,0.4898363906792266,0.44119396830779667,0.5436834395797437,0.3898393516205948,0.46806043345845816,0.4992563212692117,390
reversal_mom:linear,seg,none,0.25,17539,4537,0.25868065454130795,0.49702446550584084,0.46281749631565816,0.5370895131196577,0.42365528186788376,0.4824843766168392,0.5102490632576593,446
reversal_mom:linear,seg,none,0.5,17539,8522,0.4858885911397457,0.48990847218962685,0.462599969350414,0.5200614630529556,0.43304984789568607,0.47930190376537823,0.506688570758038,454
reversal_mom:linear,seg,none,1.0,17539,17539,1.0,0.4923883915844689,0.4699661192442829,0.5163672777889301,0.44805668680323985,0.4849919990415789,0.5130851245795085,455
blend,reg,bear,0.002,6384,0,0.0,,,,,,,0
blend,reg,bear,0.005,6384,8,0.0012531328320802004,0.25,0.0,0.6,-0.3902507833769574,0.071479212752109,0.75,6
blend,reg,bear,0.01,6384,12,0.0018796992481203006,0.3333333333333333,0.06666666666666667,0.6666666666666666,-0.24288005046251443,0.13812009109121315,0.75,9
blend,reg,bear,0.02,6384,28,0.0043859649122807015,0.35714285714285715,0.20833333333333334,0.5357142857142857,0.03149185471788746,0.2070582950773768,0.6785714285714286,16
blend,reg,bear,0.05,6384,69,0.010808270676691729,0.34782608695652173,0.24,0.5185763888888888,0.0651884958328457,0.24618141928624354,0.782608695652174,18
blend,reg,bear,0.1,6384,138,0.021616541353383457,0.3188405797101449,0.2215507509571022,0.45679894179894176,0.08182825977742914,0.24689675862030047,0.7318840579710145,20
blend,reg,bear,0.25,6384,335,0.0524749373433584,0.33432835820895523,0.24135857329067428,0.4574497526890162,0.11498735118438402,0.2859411017613239,0.7074626865671642,21
blend,reg,bear,0.5,6384,680,0.10651629072681704,0.37941176470588234,0.2864136255150749,0.49937868031729804,0.16789514955174048,0.343714177033766,0.6808823529411765,25
blend,reg,bear,1.0,6384,6384,1.0,0.524749373433584,0.4734391755193597,0.5757971307082594,0.42285791682953805,0.5124880836824622,0.5202067669172933,86
blend,reg,bull,0.002,23669,96,0.004055938146943259,0.5833333333333334,0.4224981467753892,0.7241717376605814,0.28748595055053106,0.48336967940369446,0.5104166666666666,61
blend,reg,bull,0.005,23669,222,0.009379356964806287,0.545045045045045,0.43805656272661353,0.6534445737163583,0.32015037361894316,0.479329190772829,0.527027027027027,118
blend,reg,bull,0.01,23669,391,0.016519498077654314,0.5242966751918159,0.42030279503105594,0.619136003887809,0.3196754364368938,0.4747998413668294,0.4961636828644501,160
blend,reg,bull,0.02,23669,761,0.03215175968566479,0.5374507227332457,0.4560873489996918,0.6168180681960209,0.3709573794223644,0.5019266670035977,0.45860709592641263,215
blend,reg,bull,0.05,23669,1633,0.06899319785373273,0.5205143906919779,0.46138186621550276,0.5776160457400494,0.4009790771217323,0.4962643271299822,0.45621555419473364,294
blend,reg,bull,0.1,23669,2981,0.12594532933372765,0.5115732975511573,0.462101860943287,0.554460130291897,0.41762420293586583,0.49362588630672477,0.46695739684669574,340
blend,reg,bull,0.25,23669,6825,0.28835185263424734,0.501978021978022,0.4684517483573503,0.5352128368843821,0.4328432486331982,0.49011809728274913,0.4728205128205128,366
blend,reg,bull,0.5,23669,12598,0.5322573830749081,0.49769804730909667,0.4680893613029075,0.5253806082344434,0.44067591055055394,0.4889691059247908,0.48261628829973013,369
blend,reg,bull,1.0,23669,23669,1.0,0.49440196037010437,0.4714820542985437,0.514851614343194,0.45067419264036335,0.48803395039800057,0.4970636697790359,369
combined:gbm,reg,bear,0.002,6384,86,0.013471177944862155,0.1744186046511628,0.1744186046511628,0.1744186046511628,0.17441860465116257,0.10864769842075103,0.8255813953488372,1
combined:gbm,reg,bear,0.005,6384,86,0.013471177944862155,0.1744186046511628,0.1744186046511628,0.1744186046511628,0.17441860465116257,0.10864769842075103,0.8255813953488372,1
combined:gbm,reg,bear,0.01,6384,87,0.01362781954887218,0.1839080459770115,0.1744186046511628,1.0,-1.2102677073810442,0.11649466965641427,0.8160919540229885,2
combined:gbm,reg,bear,0.02,6384,87,0.01362781954887218,0.1839080459770115,0.1744186046511628,1.0,-1.2102677073810442,0.11649466965641427,0.8160919540229885,2
combined:gbm,reg,bear,0.05,6384,88,0.013784461152882205,0.18181818181818182,0.1724137931034483,1.0,-1.2158745472659553,0.11513099766942099,0.8181818181818182,2
combined:gbm,reg,bear,0.1,6384,88,0.013784461152882205,0.18181818181818182,0.1724137931034483,1.0,-1.2158745472659553,0.11513099766942099,0.8181818181818182,2
combined:gbm,reg,bear,0.25,6384,239,0.03743734335839599,0.26778242677824265,0.17307330827067668,0.40229398382204234,0.02742620432916751,0.21564217664342245,0.698744769874477,12
combined:gbm,reg,bear,0.5,6384,554,0.08677944862155389,0.3249097472924188,0.22425697673870745,0.45455622576475657,0.09602480991604168,0.2872321012157647,0.6895306859205776,20
combined:gbm,reg,bear,1.0,6384,6384,1.0,0.5007832080200502,0.44828921255288323,0.5520234354413236,0.39758862525701305,0.48852132465670195,0.5202067669172933,86
combined:gbm,reg,bull,0.002,23669,327,0.013815539313025477,0.5932721712538226,0.3886221276301219,0.7666983122362869,0.2133029749232176,0.5392462450378994,0.42507645259938837,15
combined:gbm,reg,bull,0.005,23669,440,0.01858971650682327,0.5886363636363636,0.40372125967091643,0.7476938526021655,0.24753290281711482,0.5420833279806355,0.4681818181818182,20
combined:gbm,reg,bull,0.01,23669,582,0.024589125015843507,0.5670103092783505,0.4002700498390062,0.7055875539577452,0.2575437355266146,0.5264456075883701,0.5154639175257731,28
combined:gbm,reg,bull,0.02,23669,781,0.03299674679961131,0.5352112676056338,0.40266403851426985,0.6595777994936258,0.2718619779666926,0.5001447563612088,0.5364916773367477,38
combined:gbm,reg,bull,0.05,23669,1403,0.05927584604334784,0.49607982893799,0.3978411437292397,0.605078807425752,0.2961794121664484,0.4699639748261385,0.5267284390591589,59
combined:gbm,reg,bull,0.1,23669,2202,0.093033081245511,0.4895549500454133,0.40276869550637157,0.5726774916013437,0.31816016811594633,0.46871208205912984,0.5063578564940963,90
combined:gbm,reg,bull,0.25,23669,5661,0.23917360260256032,0.48630983925101573,0.43670953717389815,0.537705920031502,0.3851996926448959,0.4733036043722922,0.5219925808161102,238
combined:gbm,reg,bull,0.5,23669,11737,0.4958806878195108,0.48112805657322993,0.44751260366616763,0.5145847395977239,0.4140421355882141,0.4720965084533506,0.5106074806168527,338
combined:gbm,reg,bull,1.0,23669,23669,1.0,0.4941907135916177,0.46980818613961384,0.5164160555001723,0.44669825397013035,0.48782276859320567,0.4970636697790359,369
combined:linear,reg,bear,0.002,6384,68,0.010651629072681704,0.5294117647058824,0.34824310520939744,0.7742831541218637,0.11547671094420792,0.4124092208872794,0.5147058823529411,9
combined:linear,reg,bear,0.005,6384,112,0.017543859649122806,0.5446428571428571,0.36837719298245614,0.780142857142857,0.14735827630769993,0.45246272462138293,0.5357142857142857,11
combined:linear,reg,bear,0.01,6384,122,0.019110275689223057,0.5163934426229508,0.3437421085858586,0.7586206896551724,0.11801897940398814,0.4285798342234588,0.5081967213114754,11
combined:linear,reg,bear,0.02,6384,145,0.022713032581453633,0.5241379310344828,0.3417644334671195,0.7174000701262272,0.16300218464635996,0.44328019271709546,0.5379310344827586,12
combined:linear,reg,bear,0.05,6384,217,0.03399122807017544,0.5299539170506913,0.3333333333333333,0.7374126332343176,0.1442187265669282,0.46360487873342526,0.543778801843318,16
combined:linear,reg,bear,0.1,6384,272,0.042606516290726815,0.5441176470588235,0.34525294282511215,0.7313482920965642,0.1760392281869516,0.48472524486815843,0.5661764705882353,19
combined:linear,reg,bear,0.25,6384,416,0.06516290726817042,0.5552884615384616,0.3553404711362091,0.7201668267082774,0.20019967342153105,0.5072459369371499,0.59375,21
combined:linear,reg,bear,0.5,6384,804,0.12593984962406016,0.5186567164179104,0.3390234693686905,0.6600463143314721,0.2054019182259098,0.4841128673425839,0.6380597014925373,24
combined:linear,reg,bear,1.0,6384,6384,1.0,0.4982769423558897,0.4454445154170369,0.5510315764100916,0.39502048946698265,0.4860166239159137,0.5202067669172933,86
combined:linear,reg,bull,0.002,23669,161,0.006802146267269424,0.5031055900621118,0.3119062181447503,0.6954594861660078,0.08354426134211446,0.42670648192148214,0.4720496894409938,60
combined:linear,reg,bull,0.005,23669,350,0.014787274494063966,0.4685714285714286,0.34601354906603526,0.6118259300948159,0.19170631526633486,0.41691740916070796,0.4742857142857143,96
combined:linear,reg,bull,0.01,23669,616,0.02602560310955258,0.4318181818181818,0.3405159412842397,0.5409292866150517,0.22573796944473906,0.39324407822696034,0.43506493506493504,125
combined:linear,reg,bull,0.02,23669,1146,0.04841776162913516,0.4424083769633508,0.37179130897019574,0.5188449039104663,0.29048270410227517,0.4138924045912983,0.4319371727748691,166
combined:linear,reg,bull,0.05,23669,2338,0.09877899362034728,0.46150556030795553,0.40666756522483327,0.5179924294223007,0.3475959538973988,0.44137804336101966,0.4482463644140291,224
combined:linear,reg,bull,0.1,23669,3917,0.16549072626642444,0.46693898391626243,0.4201158287916864,0.5158983885683147,0.371280501554504,0.4513550838651881,0.4564717896349247,275
combined:linear,reg,bull,0.25,23669,7753,0.3275592547213655,0.46588417386818004,0.4265931503734378,0.5054970106505686,0.3876484975936978,0.4548000504054048,0.4694956790919644,342
combined:linear,reg,bull,0.5,23669,12521,0.5290041826862141,0.477917099273221,0.44219585223981095,0.5112783543847063,0.4113453313994138,0.46917588539919625,0.4835077070521524,366
combined:linear,reg,bull,1.0,23669,23669,1.0,0.48645908149900713,0.4615018532568164,0.510126080621907,0.438674394556578,0.48009429704907397,0.4970636697790359,369
ctl_random,reg,bear,0.002,6384,5,0.0007832080200501253,0.6,0.0,1.0,-0.537562546611391,0.2307242812760128,0.4,4
ctl_random,reg,bear,0.005,6384,9,0.0014097744360902255,0.4444444444444444,0.1246527777777781,0.8,-0.269329589311762,0.18877852109766452,0.6666666666666666,7
ctl_random,reg,bear,0.01,6384,12,0.0018796992481203006,0.4166666666666667,0.09977272727272748,0.7777777777777778,-0.26763407756764296,0.19326031365875665,0.6666666666666666,8
ctl_random,reg,bear,0.02,6384,34,0.005325814536340852,0.4117647058823529,0.2,0.6522157190635451,-0.038715511451428486,0.2636596836387115,0.7647058823529411,18
ctl_random,reg,bear,0.05,6384,69,0.010808270676691729,0.4492753623188406,0.29069767441860467,0.6230020491803279,0.1026763396598348,0.33768855629243716,0.6956521739130435,24
ctl_random,reg,bear,0.1,6384,162,0.02537593984962406,0.4074074074074074,0.2738563983786914,0.5574177782303227,0.12570797680355666,0.33473993181886974,0.6481481481481481,26
ctl_random,reg,bear,0.25,6384,464,0.07268170426065163,0.4267241379310345,0.3074191928584713,0.5513683035714285,0.18204186818083357,0.38250359423462027,0.6185344827586207,26
ctl_random,reg,bear,0.5,6384,948,0.14849624060150377,0.4282700421940928,0.31594245929608333,0.5461690647482014,0.1980228732452294,0.3971227176691712,0.6181434599156118,26
ctl_random,reg,bear,1.0,6384,6384,1.0,0.49639724310776945,0.4421263651954555,0.5491526799654621,0.38751038862396125,0.484138300416145,0.5202067669172933,86
ctl_random,reg,bull,0.002,23669,33,0.0013942287380117454,0.42424242424242425,0.2691666666666667,0.5778070175438595,0.10731545592806069,0.2723559663341021,0.42424242424242425,29
ctl_random,reg,bull,0.005,23669,103,0.004351683636824539,0.47572815533980584,0.3645833333333333,0.5842474379016848,0.2666464968745508,0.381899896517854,0.47572815533980584,85
ctl_random,reg,bull,0.01,23669,213,0.008999112763530355,0.45539906103286387,0.38725094876660343,0.5308167950236967,0.31673208695398314,0.38989994946704404,0.460093896713615,153
ctl_random,reg,bull,0.02,23669,514,0.021716168828425367,0.490272373540856,0.4430490855762595,0.5402209550265067,0.39575465278601474,0.4472880980591039,0.490272373540856,279
ctl_random,reg,bull,0.05,23669,1247,0.05268494655456504,0.4827586206896552,0.4461384543365285,0.5186448521381735,0.41238380117731754,0.45511924690841704,0.4971932638331997,356
ctl_random,reg,bull,0.1,23669,2426,0.10249693692171194,0.494641384995878,0.46048024283573413,0.528023145961266,0.4289548219835275,0.4747704131821763,0.5,366
ctl_random,reg,bull,0.25,23669,6024,0.2545101187206895,0.4916998671978752,0.4616260023940708,0.5191137927788774,0.4344562898864708,0.47908463308742943,0.49352589641434264,369
ctl_random,reg,bull,0.5,23669,11980,0.5061472812539609,0.4835559265442404,0.4557404702325147,0.5094990781681485,0.43018219973997984,0.4746140389938873,0.49348914858096826,369
ctl_random,reg,bull,1.0,23669,23669,1.0,0.4900080273775825,0.46330887602817333,0.5148338845666854,0.43990747690752696,0.4836416030094618,0.4970636697790359,369
ctl_shuffled,reg,bear,0.002,6384,33,0.005169172932330827,0.2727272727272727,0.11625670840787122,0.5501388888888888,-0.15943112197477838,0.1506744088542064,0.3333333333333333,9
ctl_shuffled,reg,bear,0.005,6384,51,0.007988721804511278,0.2549019607843137,0.14704088952654235,0.4,0.011088266027448002,0.15545768156582296,0.39215686274509803,18
ctl_shuffled,reg,bear,0.01,6384,68,0.010651629072681704,0.2647058823529412,0.18604651162790697,0.36363636363636365,0.08962287637933242,0.17449740669878908,0.36764705882352944,18
ctl_shuffled,reg,bear,0.02,6384,107,0.01676065162907268,0.2897196261682243,0.18603820598006646,0.3877834467120181,0.09187259945854473,0.212243263652366,0.38317757009345793,19
ctl_shuffled,reg,bear,0.05,6384,166,0.02600250626566416,0.3313253012048193,0.24995689655172418,0.40661878881987573,0.17881319876632928,0.2642494217076147,0.43373493975903615,22
ctl_shuffled,reg,bear,0.1,6384,291,0.045582706766917294,0.3745704467353952,0.27972027972027974,0.4627499621269504,0.19712940234470666,0.32093335473747164,0.4845360824742268,25
ctl_shuffled,reg,bear,0.25,6384,667,0.10447994987468671,0.3853073463268366,0.3002622174903019,0.4810530985959732,0.20586518172562654,0.34913088032626227,0.5247376311844077,26
ctl_shuffled,reg,bear,0.5,6384,1110,0.17387218045112782,0.39369369369369367,0.3061451349141456,0.4907936876815213,0.21237703915010495,0.3653659283307685,0.5675675675675675,26
ctl_shuffled,reg,bear,1.0,6384,6384,1.0,0.5029761904761905,0.4487521605532013,0.5550159134834508,0.39484520806303663,0.4907131903720684,0.5202067669172933,86
ctl_shuffled,reg,bull,0.002,23669,139,0.0058726604419282605,0.4460431654676259,0.34313493768801034,0.5561434854315558,0.23395652600808153,0.36596447690412504,0.45323741007194246,73
ctl_shuffled,reg,bull,0.005,23669,261,0.011027081837001986,0.4674329501915709,0.3766752203788641,0.5680023346303501,0.2805690918617685,0.40781351058571486,0.4521072796934866,114
ctl_shuffled,reg,bull,0.01,23669,492,0.020786683003084203,0.4654471544715447,0.3983362454882855,0.5411615132336235,0.32677324609591146,0.42180971853336463,0.45121951219512196,170
ctl_shuffled,reg,bull,0.02,23669,816,0.0344754742490177,0.4730392156862745,0.4190619632481027,0.5311505093502906,0.3620354904686096,0.43898933806163143,0.46691176470588236,234
ctl_shuffled,reg,bull,0.05,23669,1834,0.07748531834889517,0.4787350054525627,0.4370089261670548,0.5273784232635943,0.39223814660719686,0.4559407333667831,0.46728462377317337,323
ctl_shuffled,reg,bull,0.1,23669,3345,0.14132409480755417,0.4857997010463378,0.4515092957276369,0.5222247349479623,0.41644877238291816,0.46888837485546964,0.47473841554559043,360
ctl_shuffled,reg,bull,0.25,23669,7295,0.3082090498119904,0.48827964359150106,0.457687979761515,0.5185463614099829,0.4277565469518032,0.4768182303857313,0.48553803975325566,368
ctl_shuffled,reg,bull,0.5,23669,13008,0.5495796189108116,0.49031365313653136,0.46096996018184755,0.518762086105266,0.4349582549201267,0.48172702581156845,0.491389913899139,369
ctl_shuffled,reg,bull,1.0,23669,23669,1.0,0.4880645570155055,0.4621858513946058,0.5129447465697865,0.4391535657446468,0.4816989909237839,0.4970636697790359,369
event_regime:gbm,reg,bear,0.002,6384,17,0.002662907268170426,0.5294117647058824,0.5,1.0,-0.3085199886731994,0.30963235060004424,0.47058823529411764,2
event_regime:gbm,reg,bear,0.005,6384,17,0.002662907268170426,0.5294117647058824,0.5,1.0,-0.3085199886731994,0.30963235060004424,0.47058823529411764,2
event_regime:gbm,reg,bear,0.01,6384,17,0.002662907268170426,0.5294117647058824,0.5,1.0,-0.3085199886731994,0.30963235060004424,0.47058823529411764,2
event_regime:gbm,reg,bear,0.02,6384,17,0.002662907268170426,0.5294117647058824,0.5,1.0,-0.3085199886731994,0.30963235060004424,0.47058823529411764,2
event_regime:gbm,reg,bear,0.05,6384,103,0.01613408521303258,0.22330097087378642,0.1724137931034483,0.5,-0.2816072106093688,0.15365763149685502,0.7766990291262136,2
event_regime:gbm,reg,bear,0.1,6384,103,0.01613408521303258,0.22330097087378642,0.1724137931034483,0.5,-0.2816072106093688,0.15365763149685502,0.7766990291262136,2
event_regime:gbm,reg,bear,0.25,6384,672,0.10526315789473684,0.4583333333333333,0.26679130953056707,0.6361681610727412,0.0990053264176684,0.4210044999291342,0.5416666666666666,10
event_regime:gbm,reg,bear,0.5,6384,823,0.12891604010025062,0.4289185905224787,0.2692241379310345,0.5894464559786077,0.12538434214404603,0.3955127813429504,0.5735115431348724,13
event_regime:gbm,reg,bear,1.0,6384,6384,1.0,0.5020363408521303,0.4472263838612216,0.5594902058571042,0.3927616524653073,0.4897737904859351,0.5202067669172933,86
event_regime:gbm,reg,bull,0.002,23669,1316,0.05560015209768051,0.46200607902735563,0.3286838718618833,0.5900310256887957,0.2093012716469408,0.4352196890322705,0.5706686930091185,26
event_regime:gbm,reg,bull,0.005,23669,1391,0.05876885377497993,0.4529115744069015,0.3271075348130957,0.5746338122938679,0.21127449626572445,0.4269180511294885,0.5787203450754853,27
event_regime:gbm,reg,bull,0.01,23669,1558,0.06582449617643331,0.47881899871630296,0.36242302928213704,0.5919469784814932,0.2554851800509357,0.4540962723150349,0.5648267008985879,28
event_regime:gbm,reg,bull,0.02,23669,1774,0.07495035700705564,0.48027057497181513,0.3809991114911023,0.5822519901292309,0.27619841586721816,0.4570893694955664,0.5304396843291995,33
event_regime:gbm,reg,bull,0.05,23669,2607,0.11014407030292787,0.4844649021864212,0.4015572098809609,0.5662255052076645,0.31796994910617277,0.46531792238843334,0.5243574990410433,50
event_regime:gbm,reg,bull,0.1,23669,3486,0.1472812539608771,0.4876649454962708,0.4152346736659534,0.5597369807893885,0.3426132484909189,0.4710947561502482,0.5028686173264486,66
event_regime:gbm,reg,bull,0.25,23669,6569,0.277536017575732,0.4904856142487441,0.44268416753550205,0.5384335089685208,0.39655427417085,0.47840572223415945,0.5186481960724616,135
event_regime:gbm,reg,bull,0.5,23669,11641,0.4918247496725675,0.49196804398247573,0.457889525041399,0.5276796670633415,0.41999884474983457,0.4828904963748679,0.5117257967528562,227
event_regime:gbm,reg,bull,1.0,23669,23669,1.0,0.4883603025053868,0.46165056287538914,0.5140211420264504,0.43703096504953187,0.4819945995950946,0.4970636697790359,369
event_regime:linear,reg,bear,0.002,6384,8,0.0012531328320802004,0.375,0.0,0.75,-0.44279870955154343,0.13684428582359742,0.5,5
event_regime:linear,reg,bear,0.005,6384,12,0.0018796992481203006,0.4166666666666667,0.14151785714285753,0.6666666666666666,-0.10622688649498863,0.19326031365875665,0.5,6
event_regime:linear,reg,bear,0.01,6384,13,0.0020363408521303257,0.38461538461538464,0.12395833333333364,0.636850649350649,-0.11576294557800454,0.17709707797762575,0.5384615384615384,6
event_regime:linear,reg,bear,0.02,6384,69,0.010808270676691729,0.14492753623188406,0.08104488416988419,0.5714285714285714,-0.43390453338952173,0.08067095280675704,0.8405797101449275,7
event_regime:linear,reg,bear,0.05,6384,70,0.010964912280701754,0.14285714285714285,0.0806307603686636,0.5459595959595954,-0.4010481036113492,0.07948941717066599,0.8428571428571429,7
event_regime:linear,reg,bear,0.1,6384,71,0.011121553884711779,0.15492957746478872,0.08820949432404543,0.6007692307692301,-0.44179313224083094,0.08877304270169767,0.8309859154929577,8
event_regime:linear,reg,bear,0.25,6384,306,0.047932330827067667,0.2777777777777778,0.15257124040629197,0.5,-0.027855271493121114,0.23058422049326185,0.45751633986928103,13
event_regime:linear,reg,bear,0.5,6384,672,0.10526315789473684,0.37202380952380953,0.20491013365298757,0.5686922810860667,0.02260433678851831,0.33630360433132556,0.6101190476190477,18
event_regime:linear,reg,bear,1.0,6384,6384,1.0,0.4976503759398496,0.44395474033154303,0.5543431766159124,0.38761006931746333,0.4853904968388305,0.5202067669172933,86
event_regime:linear,reg,bull,0.002,23669,207,0.008745616629346403,0.5024154589371981,0.41720474613686537,0.5893683862433862,0.3385922796046935,0.43488212057811143,0.5265700483091788,30
event_regime:linear,reg,bull,0.005,23669,316,0.013350796400354895,0.5632911392405063,0.46120123465385604,0.6701102920002303,0.3496733819577387,0.5081702054766151,0.4462025316455696,44
event_regime:linear,reg,bull,0.01,23669,405,0.017110989057416873,0.5432098765432098,0.4428109951845907,0.6374751782077394,0.34787119926313737,0.494517107723091,0.4617283950617284,55
event_regime:linear,reg,bull,0.02,23669,558,0.023575140479107692,0.5125448028673835,0.41638366627497064,0.6071545341801645,0.32185093492196193,0.4711280791506184,0.482078853046595,72
event_regime:linear,reg,bull,0.05,23669,1114,0.04706578224682074,0.5,0.402425959654248,0.5985932171276999,0.2998410062619753,0.4706891786157495,0.45870736086175945,103
event_regime:linear,reg,bull,0.1,23669,2153,0.09096286281634205,0.4900139340455179,0.4138183315528979,0.5594181343034398,0.34327195745067474,0.4689346323129332,0.5206688341848583,137
event_regime:linear,reg,bull,0.25,23669,4661,0.1969242469052347,0.4921690624329543,0.4345369706527915,0.545629770402645,0.38134967973783135,0.47782899591969863,0.4876635915039691,197
event_regime:linear,reg,bull,0.5,23669,9077,0.3834974016646246,0.48727553156329184,0.44907647630368996,0.5238700663356834,0.410519181061978,0.47700040988130865,0.5148176710366861,282
event_regime:linear,reg,bull,1.0,23669,23669,1.0,0.474629261903756,0.45000194667598864,0.4993214055030731,0.42435857555912104,0.4682722648366007,0.4970636697790359,369
insider:gbm,reg,bear,0.002,6384,29,0.0045426065162907266,0.5517241379310345,0.2902073732718895,0.8,0.05582980701862661,0.37547963210970914,0.6206896551724138,12
insider:gbm,reg,bear,0.005,6384,32,0.005012531328320802,0.53125,0.2902073732718895,0.7430357142857141,0.07578805602150002,0.3644951711897464,0.625,15
insider:gbm,reg,bear,0.01,6384,52,0.008145363408521303,0.5,0.3,0.7037037037037037,0.09212331311654093,0.36885862959780547,0.5576923076923077,16
insider:gbm,reg,bear,0.02,6384,93,0.01456766917293233,0.5268817204301075,0.31705450472872077,0.7142857142857143,0.13494819908859357,0.4263701891771973,0.5913978494623656,20
insider:gbm,reg,bear,0.05,6384,156,0.02443609022556391,0.5256410256410257,0.33040176114474407,0.7257532467532467,0.13532234393915893,0.4476115428959003,0.6217948717948718,22
insider:gbm,reg,bear,0.1,6384,169,0.026472431077694234,0.5266272189349113,0.34207535885167467,0.7157913575426266,0.1650486439973725,0.4515980283931975,0.6272189349112426,24
insider:gbm,reg,bear,0.25,6384,169,0.026472431077694234,0.5266272189349113,0.34207535885167467,0.7157913575426266,0.1650486439973725,0.4515980283931975,0.6272189349112426,24
insider:gbm,reg,bear,0.5,6384,169,0.026472431077694234,0.5266272189349113,0.34207535885167467,0.7157913575426266,0.1650486439973725,0.4515980283931975,0.6272189349112426,24
insider:gbm,reg,bear,1.0,6384,6384,1.0,0.5,0.4470010589490939,0.5525987412621747,0.39238531191981774,0.4877385726011328,0.5202067669172933,86
insider:gbm,reg,bull,0.002,23669,53,0.0022392158519582575,0.4339622641509434,0.3012983030055204,0.5614988558352402,0.17841044188467226,0.30950396559750293,0.4716981132075472,45
insider:gbm,reg,bull,0.005,23669,86,0.003633444589970003,0.4883720930232558,0.3732105263157896,0.5946173701791679,0.2705929736021968,0.38550577108134854,0.43023255813953487,71
insider:gbm,reg,bull,0.01,23669,186,0.007858380159702565,0.5,0.4254111894329079,0.58,0.34679880470779795,0.4288749533755384,0.5,126
insider:gbm,reg,bull,0.02,23669,409,0.017279986480206178,0.5134474327628362,0.45569620253164556,0.5741313546041497,0.3895289958259763,0.4651085701160653,0.5354523227383863,203
insider:gbm,reg,bull,0.05,23669,782,0.03303899615530863,0.5,0.45299707997392413,0.5456793346871677,0.408393039874428,0.46504167410343994,0.5255754475703325,287
insider:gbm,reg,bull,0.1,23669,858,0.036249947188305376,0.49417249417249415,0.45029652871379017,0.5379174489351286,0.40587403079172846,0.4608193371030283,0.5291375291375291,303
insider:gbm,reg,bull,0.25,23669,858,0.036249947188305376,0.49417249417249415,0.45029652871379017,0.5379174489351286,0.40587403079172846,0.4608193371030283,0.5291375291375291,303
insider:gbm,reg,bull,0.5,23669,858,0.036249947188305376,0.49417249417249415,0.45029652871379017,0.5379174489351286,0.40587403079172846,0.4608193371030283,0.5291375291375291,303
insider:gbm,reg,bull,1.0,23669,23669,1.0,0.4876420634585323,0.4600223073065008,0.513216056814279,0.4359462748035196,0.4812766966901697,0.4970636697790359,369
insider:linear,reg,bear,0.002,6384,18,0.002819548872180451,0.5555555555555556,0.2497844827586209,0.8571428571428571,-0.0538467346500584,0.33716415642042774,0.6666666666666666,9
insider:linear,reg,bear,0.005,6384,21,0.003289473684210526,0.6190476190476191,0.3333333333333333,0.8890350877192981,0.0848652728991961,0.4087865377511576,0.7142857142857143,12
insider:linear,reg,bear,0.01,6384,23,0.0036027568922305762,0.5652173913043478,0.2940563725490197,0.8,0.06250736008946978,0.3681137508501646,0.7391304347826086,14
insider:linear,reg,bear,0.02,6384,48,0.007518796992481203,0.5208333333333334,0.352889576883385,0.6842348927875244,0.1978688343013602,0.3832923230334281,0.625,19
insider:linear,reg,bear,0.05,6384,148,0.023182957393483708,0.527027027027027,0.3561585790573485,0.703616394578777,0.1882277731735572,0.44692807056923683,0.6216216216216216,24
insider:linear,reg,bear,0.1,6384,191,0.029918546365914785,0.5392670157068062,0.37591635338345863,0.7078437633035334,0.2098902210909933,0.4684988762750418,0.6178010471204188,24
insider:linear,reg,bear,0.25,6384,191,0.029918546365914785,0.5392670157068062,0.37591635338345863,0.7078437633035334,0.2098902210909933,0.4684988762750418,0.6178010471204188,24
insider:linear,reg,bear,0.5,6384,191,0.029918546365914785,0.5392670157068062,0.37591635338345863,0.7078437633035334,0.2098902210909933,0.4684988762750418,0.6178010471204188,24
insider:linear,reg,bear,1.0,6384,6384,1.0,0.5010964912280702,0.4462006014374151,0.5552852310519457,0.39146949982892615,0.48883443389778825,0.5202067669172933,86
insider:linear,reg,bull,0.002,23669,21,0.0008872364696438379,0.5238095238095238,0.29624183006535953,0.75,0.06561073658904198,0.3236953458284443,0.5714285714285714,19
insider:linear,reg,bull,0.005,23669,90,0.0038024420127593054,0.4444444444444444,0.3301725986277873,0.5454545454545454,0.2292706318427775,0.3461565562889663,0.5444444444444444,73
insider:linear,reg,bull,0.01,23669,254,0.010731336347120706,0.484251968503937,0.4159354439450199,0.5454632199861207,0.35876965365906205,0.4234866499433821,0.4921259842519685,162
insider:linear,reg,bull,0.02,23669,451,0.019054459419493852,0.48337028824833705,0.43391184806383043,0.5293202184060393,0.38705615486500905,0.4375856744581753,0.49002217294900224,221
insider:linear,reg,bull,0.05,23669,875,0.03696818623515991,0.4697142857142857,0.43098304223070494,0.5048908837641232,0.39553302183409556,0.4368501439881824,0.48914285714285716,291
insider:linear,reg,bull,0.1,23669,1064,0.044953314461954455,0.47462406015037595,0.4380294086679565,0.5118832590881497,0.40125201737441596,0.4447646678947514,0.5028195488721805,309
insider:linear,reg,bull,0.25,23669,1064,0.044953314461954455,0.47462406015037595,0.4380294086679565,0.5118832590881497,0.40125201737441596,0.4447646678947514,0.5028195488721805,309
insider:linear,reg,bull,0.5,23669,1064,0.044953314461954455,0.47462406015037595,0.4380294086679565,0.5118832590881497,0.40125201737441596,0.4447646678947514,0.5028195488721805,309
insider:linear,reg,bull,1.0,23669,23669,1.0,0.48781106088132153,0.4604027819434551,0.5133923280282805,0.4360474114247383,0.48144561383749385,0.4970636697790359,369
leak:gbm,reg,bear,0.002,6384,0,0.0,,,,,,,0
leak:gbm,reg,bear,0.005,6384,0,0.0,,,,,,,0
leak:gbm,reg,bear,0.01,6384,0,0.0,,,,,,,0
leak:gbm,reg,bear,0.02,6384,0,0.0,,,,,,,0
leak:gbm,reg,bear,0.05,6384,0,0.0,,,,,,,0
leak:gbm,reg,bear,0.1,6384,0,0.0,,,,,,,0
leak:gbm,reg,bear,0.25,6384,0,0.0,,,,,,,0
leak:gbm,reg,bear,0.5,6384,100,0.015664160401002505,1.0,1.0,1.0,1.0,0.9630065017930143,0.0,3
leak:gbm,reg,bear,1.0,6384,6384,1.0,1.0,1.0,1.0,1.0,0.9993986295925692,0.5202067669172933,86
leak:gbm,reg,bull,0.002,23669,0,0.0,,,,,,,0
leak:gbm,reg,bull,0.005,23669,0,0.0,,,,,,,0
leak:gbm,reg,bull,0.01,23669,0,0.0,,,,,,,0
leak:gbm,reg,bull,0.02,23669,0,0.0,,,,,,,0
leak:gbm,reg,bull,0.05,23669,0,0.0,,,,,,,0
leak:gbm,reg,bull,0.1,23669,0,0.0,,,,,,,0
leak:gbm,reg,bull,0.25,23669,0,0.0,,,,,,,0
leak:gbm,reg,bull,0.5,23669,1396,0.05898010055346656,1.0,1.0,1.0,1.0,0.9972557900778776,0.0,49
leak:gbm,reg,bull,1.0,23669,23669,1.0,1.0,1.0,1.0,1.0,0.9998377271766308,0.4970636697790359,369
leak:linear,reg,bear,0.002,6384,0,0.0,,,,,,,0
leak:linear,reg,bear,0.005,6384,0,0.0,,,,,,,0
leak:linear,reg,bear,0.01,6384,0,0.0,,,,,,,0
leak:linear,reg,bear,0.02,6384,0,0.0,,,,,,,0
leak:linear,reg,bear,0.05,6384,0,0.0,,,,,,,0
leak:linear,reg,bear,0.1,6384,0,0.0,,,,,,,0
leak:linear,reg,bear,0.25,6384,0,0.0,,,,,,,0
leak:linear,reg,bear,0.5,6384,100,0.015664160401002505,1.0,1.0,1.0,1.0,0.9630065017930143,0.0,3
leak:linear,reg,bear,1.0,6384,6384,1.0,1.0,1.0,1.0,1.0,0.9993986295925692,0.5202067669172933,86
leak:linear,reg,bull,0.002,23669,0,0.0,,,,,,,0
leak:linear,reg,bull,0.005,23669,0,0.0,,,,,,,0
leak:linear,reg,bull,0.01,23669,0,0.0,,,,,,,0
leak:linear,reg,bull,0.02,23669,0,0.0,,,,,,,0
leak:linear,reg,bull,0.05,23669,0,0.0,,,,,,,0
leak:linear,reg,bull,0.1,23669,0,0.0,,,,,,,0
leak:linear,reg,bull,0.25,23669,0,0.0,,,,,,,0
leak:linear,reg,bull,0.5,23669,1396,0.05898010055346656,1.0,1.0,1.0,1.0,0.9972557900778776,0.0,49
leak:linear,reg,bull,1.0,23669,23669,1.0,1.0,1.0,1.0,1.0,0.9998377271766308,0.4970636697790359,369
miner,reg,bear,0.002,6384,0,0.0,,,,,,,0
miner,reg,bear,0.005,6384,0,0.0,,,,,,,0
miner,reg,bear,0.01,6384,0,0.0,,,,,,,0
miner,reg,bear,0.02,6384,0,0.0,,,,,,,0
miner,reg,bear,0.05,6384,0,0.0,,,,,,,0
miner,reg,bear,0.1,6384,0,0.0,,,,,,,0
miner,reg,bear,0.25,6384,0,0.0,,,,,,,0
miner,reg,bear,0.5,6384,0,0.0,,,,,,,0
miner,reg,bear,1.0,6384,6384,1.0,0.50031328320802,0.44393956486821945,0.5547971983714224,0.38855775480702104,0.4880516698152844,0.5202067669172933,86
miner,reg,bull,0.002,23669,0,0.0,,,,,,,0
miner,reg,bull,0.005,23669,0,0.0,,,,,,,0
miner,reg,bull,0.01,23669,0,0.0,,,,,,,0
miner,reg,bull,0.02,23669,0,0.0,,,,,,,0
miner,reg,bull,0.05,23669,0,0.0,,,,,,,0
miner,reg,bull,0.1,23669,0,0.0,,,,,,,0
miner,reg,bull,0.25,23669,0,0.0,,,,,,,0
miner,reg,bull,0.5,23669,0,0.0,,,,,,,0
miner,reg,bull,1.0,23669,23669,1.0,0.48730406861295367,0.46001041047741265,0.5132258933414434,0.435188145319478,0.480938864580089,0.4970636697790359,369
pead:gbm,reg,bear,0.002,6384,16,0.002506265664160401,0.625,0.3,0.8888888888888888,0.05443525980789177,0.38641040545502714,0.625,9
pead:gbm,reg,bear,0.005,6384,24,0.0037593984962406013,0.5833333333333334,0.3684210526315789,0.7391304347826086,0.20168460544277267,0.3883466586522876,0.5833333333333334,10
pead:gbm,reg,bear,0.01,6384,30,0.004699248120300752,0.6333333333333333,0.4736068111455109,0.7805068597560976,0.32194134373706895,0.4551356365479487,0.5333333333333333,12
pead:gbm,reg,bear,0.02,6384,38,0.005952380952380952,0.631578947368421,0.44674940898345156,0.7906976744186046,0.29042060481931337,0.47283959557009003,0.6052631578947368,13
pead:gbm,reg,bear,0.05,6384,99,0.01550751879699248,0.6060606060606061,0.3977392913802222,0.7426145521528896,0.2692360667801883,0.5075800287258732,0.6161616161616161,22
pead:gbm,reg,bear,0.1,6384,171,0.026785714285714284,0.49707602339181284,0.2978682800064967,0.6666666666666666,0.13793408936418156,0.4230282513214485,0.6900584795321637,25
pead:gbm,reg,bear,0.25,6384,450,0.07048872180451128,0.4577777777777778,0.3052267106135944,0.6060229580665294,0.1641038990993458,0.41229720685081045,0.6355555555555555,26
pead:gbm,reg,bear,0.5,6384,851,0.13330200501253134,0.4312573443008226,0.30202518398379413,0.5694006486778684,0.1767473780977799,0.3983653273596528,0.6110458284371327,26
pead:gbm,reg,bear,1.0,6384,6384,1.0,0.5078320802005013,0.454123514835598,0.5614729202822887,0.39875499820150284,0.4955674462761386,0.5202067669172933,86
pead:gbm,reg,bull,0.002,23669,86,0.003633444589970003,0.4418604651162791,0.3333333333333333,0.5511337868480725,0.22538337773736897,0.3416273835893346,0.43023255813953487,63
pead:gbm,reg,bull,0.005,23669,201,0.008492120495162448,0.472636815920398,0.3823446794448116,0.5464019095018028,0.31160144432917225,0.4047792595695876,0.43781094527363185,117
pead:gbm,reg,bull,0.01,23669,369,0.015590012252313152,0.4634146341463415,0.3994041644760949,0.5262029960473747,0.33859238345271353,0.4131738907344892,0.4363143631436314,171
pead:gbm,reg,bull,0.02,23669,642,0.027124086357683045,0.48286604361370716,0.43395780214176444,0.5313033707865169,0.3842687479685873,0.44442886140738724,0.4688473520249221,230
pead:gbm,reg,bull,0.05,23669,1413,0.059698339600321094,0.4805378627034678,0.4388552124131515,0.525128618746505,0.3949300226145945,0.4545753137209204,0.47416843595187547,309
pead:gbm,reg,bull,0.1,23669,2700,0.11407326038277917,0.4822222222222222,0.44498475368839885,0.5200235430011735,0.4098203307191185,0.4634130193828013,0.4837037037037037,357
pead:gbm,reg,bull,0.25,23669,6231,0.26325573535003594,0.4785748675974964,0.4461836009405825,0.508495110237245,0.4172445355627973,0.4661885002398396,0.4949446316803081,368
pead:gbm,reg,bull,0.5,23669,12300,0.5196670750771051,0.4789430894308943,0.4499273788347474,0.5070131246802695,0.4227367263122972,0.470122678832808,0.49447154471544713,369
pead:gbm,reg,bull,1.0,23669,23669,1.0,0.487092821834467,0.4605164144075366,0.5116662107705613,0.4367204853009794,0.48072772099047617,0.4970636697790359,369
pead:linear,reg,bear,0.002,6384,6,0.0009398496240601503,0.3333333333333333,0.0,1.0,-0.6082652974439309,0.09677141110578041,0.6666666666666666,5
pead:linear,reg,bear,0.005,6384,11,0.0017230576441102756,0.45454545454545453,0.0,0.8262681159420289,-0.3323140605892662,0.21271271622459764,0.6363636363636364,8
pead:linear,reg,bear,0.01,6384,19,0.002976190476190476,0.42105263157894735,0.14982142857142872,0.6541666666666663,-0.08678356460851411,0.23141891282454238,0.631578947368421,12
pead:linear,reg,bear,0.02,6384,34,0.005325814536340852,0.38235294117647056,0.21052631578947367,0.5455278592375365,0.04553863825542481,0.23900183324508897,0.6176470588235294,14
pead:linear,reg,bear,0.05,6384,129,0.020206766917293232,0.4573643410852713,0.2525657894736843,0.5731950067476382,0.14824566668900951,0.37387206795476996,0.5813953488372093,24
pead:linear,reg,bear,0.1,6384,274,0.042919799498746865,0.42700729927007297,0.24242424242424243,0.5434962767235166,0.13949497381864673,0.3698454222587392,0.583941605839416,26
pead:linear,reg,bear,0.25,6384,571,0.08944235588972431,0.4168126094570928,0.2856890756302521,0.5284584518167456,0.17359701028591698,0.37706065137115663,0.5779334500875657,26
pead:linear,reg,bear,0.5,6384,1064,0.16666666666666666,0.4257518796992481,0.3101371006709768,0.5423282212029812,0.19338325952140775,0.39636108051627517,0.5949248120300752,26
pead:linear,reg,bear,1.0,6384,6384,1.0,0.5031328320802005,0.4501986046156045,0.554751738318794,0.39787220529612316,0.49086976122936293,0.5202067669172933,86
pead:linear,reg,bull,0.002,23669,46,0.0019434703620769783,0.43478260869565216,0.31992682926829275,0.5582104367555303,0.19968999570840293,0.3020926277801995,0.5217391304347826,37
pead:linear,reg,bull,0.005,23669,111,0.0046896784824031435,0.3783783783783784,0.2841948153967007,0.4754293520686963,0.18866298874547435,0.2936531154974464,0.38738738738738737,76
pead:linear,reg,bull,0.01,23669,231,0.009759601166082217,0.45021645021645024,0.38517996870109544,0.5138494139687907,0.3200941810269084,0.3873948008988939,0.43722943722943725,132
pead:linear,reg,bull,0.02,23669,462,0.019519202332164434,0.4696969696969697,0.41550283995990644,0.521955536369523,0.36352812046775357,0.4246251187894475,0.4588744588744589,200
pead:linear,reg,bull,0.05,23669,1094,0.04622079513287422,0.4789762340036563,0.44070995691817205,0.5177777868212007,0.4011220857167278,0.4494992616394226,0.463436928702011,309
pead:linear,reg,bull,0.1,23669,2269,0.09586378807723182,0.49052446011458795,0.45563774276902563,0.5216018024684687,0.4247835796860563,0.46998840127152913,0.4764213309828118,352
pead:linear,reg,bull,0.25,23669,5653,0.2388356077569817,0.4953122235980895,0.46433449919752534,0.5223730242699346,0.43797483815696486,0.4822863790114106,0.4783300902175836,369
pead:linear,reg,bull,0.5,23669,11168,0.47184080442773246,0.4889863896848137,0.46192121315270845,0.5134906637109514,0.4384567104292655,0.47972080360708325,0.48567335243553006,369
pead:linear,reg,bull,1.0,23669,23669,1.0,0.4967679242891546,0.4701929699515832,0.5192762860341539,0.4489476750798024,0.49039926428529523,0.4970636697790359,369
planted:gbm,reg,bear,0.002,6384,0,0.0,,,,,,,0
planted:gbm,reg,bear,0.005,6384,0,0.0,,,,,,,0
planted:gbm,reg,bear,0.01,6384,0,0.0,,,,,,,0
planted:gbm,reg,bear,0.02,6384,0,0.0,,,,,,,0
planted:gbm,reg,bear,0.05,6384,19,0.002976190476190476,0.8421052631578947,0.5881127450980393,1.0,0.4146383408573105,0.6243452472967093,0.47368421052631576,8
planted:gbm,reg,bear,0.1,6384,93,0.01456766917293233,0.9139784946236559,0.8504556074766355,0.9746914556962025,0.7867892553263934,0.8393470700891413,0.6559139784946236,24
planted:gbm,reg,bear,0.25,6384,93,0.01456766917293233,0.9139784946236559,0.8504556074766355,0.9746914556962025,0.7867892553263934,0.8393470700891413,0.6559139784946236,24
planted:gbm,reg,bear,0.5,6384,93,0.01456766917293233,0.9139784946236559,0.8504556074766355,0.9746914556962025,0.7867892553263934,0.8393470700891413,0.6559139784946236,24
planted:gbm,reg,bear,1.0,6384,6384,1.0,0.5161340852130326,0.4621678634070345,0.5676652623148873,0.4087540809880817,0.5038693365870534,0.5202067669172933,86
planted:gbm,reg,bull,0.002,23669,0,0.0,,,,,,,0
planted:gbm,reg,bull,0.005,23669,0,0.0,,,,,,,0
planted:gbm,reg,bull,0.01,23669,0,0.0,,,,,,,0
planted:gbm,reg,bull,0.02,23669,0,0.0,,,,,,,0
planted:gbm,reg,bull,0.05,23669,726,0.030673032236258398,0.918732782369146,0.8965002355157795,0.938612634685525,0.876590318479544,0.8965829135275521,0.5977961432506887,287
planted:gbm,reg,bull,0.1,23669,1118,0.04723477966961004,0.9168157423971377,0.9003574399635484,0.9332753600956459,0.8846072930342073,0.8991654600197322,0.5330948121645797,335
planted:gbm,reg,bull,0.25,23669,1118,0.04723477966961004,0.9168157423971377,0.9003574399635484,0.9332753600956459,0.8846072930342073,0.8991654600197322,0.5330948121645797,335
planted:gbm,reg,bull,0.5,23669,1118,0.04723477966961004,0.9168157423971377,0.9003574399635484,0.9332753600956459,0.8846072930342073,0.8991654600197322,0.5330948121645797,335
planted:gbm,reg,bull,1.0,23669,23669,1.0,0.5062740293210528,0.480201920685682,0.5313829724858877,0.4565507264110259,0.49990419505803174,0.4970636697790359,369
planted:linear,reg,bear,0.002,6384,0,0.0,,,,,,,0
planted:linear,reg,bear,0.005,6384,0,0.0,,,,,,,0
planted:linear,reg,bear,0.01,6384,0,0.0,,,,,,,0
planted:linear,reg,bear,0.02,6384,0,0.0,,,,,,,0
planted:linear,reg,bear,0.05,6384,19,0.002976190476190476,0.8421052631578947,0.5881127450980393,1.0,0.4146383408573105,0.6243452472967093,0.47368421052631576,8
planted:linear,reg,bear,0.1,6384,93,0.01456766917293233,0.9139784946236559,0.8504556074766355,0.9746914556962025,0.7867892553263934,0.8393470700891413,0.6559139784946236,24
planted:linear,reg,bear,0.25,6384,93,0.01456766917293233,0.9139784946236559,0.8504556074766355,0.9746914556962025,0.7867892553263934,0.8393470700891413,0.6559139784946236,24
planted:linear,reg,bear,0.5,6384,93,0.01456766917293233,0.9139784946236559,0.8504556074766355,0.9746914556962025,0.7867892553263934,0.8393470700891413,0.6559139784946236,24
planted:linear,reg,bear,1.0,6384,6384,1.0,0.5175438596491229,0.46402530538001224,0.5690290795046078,0.41052391982831105,0.5052794274911413,0.5202067669172933,86
planted:linear,reg,bull,0.002,23669,0,0.0,,,,,,,0
planted:linear,reg,bull,0.005,23669,0,0.0,,,,,,,0
planted:linear,reg,bull,0.01,23669,0,0.0,,,,,,,0
planted:linear,reg,bull,0.02,23669,0,0.0,,,,,,,0
planted:linear,reg,bull,0.05,23669,726,0.030673032236258398,0.918732782369146,0.8965002355157795,0.938612634685525,0.876590318479544,0.8965829135275521,0.5977961432506887,287
planted:linear,reg,bull,0.1,23669,1166,0.04926274874308167,0.9176672384219554,0.9015203035735794,0.9337699819102063,0.8865504326880088,0.9004849318669098,0.5137221269296741,346
planted:linear,reg,bull,0.25,23669,1166,0.04926274874308167,0.9176672384219554,0.9015203035735794,0.9337699819102063,0.8865504326880088,0.9004849318669098,0.5137221269296741,346
planted:linear,reg,bull,0.5,23669,1166,0.04926274874308167,0.9176672384219554,0.9015203035735794,0.9337699819102063,0.8865504326880088,0.9004849318669098,0.5137221269296741,346
planted:linear,reg,bull,1.0,23669,23669,1.0,0.5080485022603405,0.48163380025833313,0.53314424024393,0.45845946149545164,0.501678703781466,0.4970636697790359,369
reversal_mom:gbm,reg,bear,0.002,6384,4,0.0006265664160401002,0.0,0.0,0.0,0.0,0.0,0.5,3
reversal_mom:gbm,reg,bear,0.005,6384,8,0.0012531328320802004,0.0,0.0,0.0,0.0,0.0,0.75,5
reversal_mom:gbm,reg,bear,0.01,6384,11,0.0017230576441102756,0.09090909090909091,0.0,0.3333333333333333,-0.28140971396743797,0.016232172885884855,0.6363636363636364,5
reversal_mom:gbm,reg,bear,0.02,6384,49,0.007675438596491228,0.24489795918367346,0.11428571428571428,0.5789898132427843,-0.23365879821223356,0.14602345258339752,0.4489795918367347,12
reversal_mom:gbm,reg,bear,0.05,6384,109,0.01707393483709273,0.28440366972477066,0.15436049856184084,0.4853145424836601,-0.047945456743519965,0.2081834447828545,0.5045871559633027,20
reversal_mom:gbm,reg,bear,0.1,6384,207,0.03242481203007519,0.3526570048309179,0.22413557565479555,0.5174294191692141,0.06272656831025736,0.2907925485761035,0.5603864734299517,25
reversal_mom:gbm,reg,bear,0.25,6384,468,0.07330827067669173,0.391025641025641,0.2660355679156909,0.5223928743379874,0.13440077576785225,0.3478735566127395,0.6089743589743589,26
reversal_mom:gbm,reg,bear,0.5,6384,878,0.137531328320802,0.39863325740318906,0.29669459594684217,0.5031091121273757,0.18862398264204716,0.3667564296573591,0.6184510250569476,26
reversal_mom:gbm,reg,bear,1.0,6384,6384,1.0,0.5043859649122807,0.4534065785662102,0.5527135264169114,0.4036577281862206,0.49212237138779363,0.5202067669172933,86
reversal_mom:gbm,reg,bull,0.002,23669,61,0.0025772106975368624,0.39344262295081966,0.2686069651741294,0.5373421354764638,0.13002964693640073,0.28068351453037077,0.3770491803278688,50
reversal_mom:gbm,reg,bull,0.005,23669,126,0.005323418817863027,0.4523809523809524,0.3589583333333333,0.5579057017543859,0.2630304289841625,0.36816656509433465,0.42063492063492064,96
reversal_mom:gbm,reg,bull,0.01,23669,231,0.009759601166082217,0.46320346320346323,0.3895571048237896,0.5347880434782609,0.3211374253363408,0.40002738300539,0.42424242424242425,139
reversal_mom:gbm,reg,bull,0.02,23669,447,0.01888546199670455,0.4809843400447427,0.433944717393997,0.5343364865929047,0.382951864805864,0.4350258083154859,0.4563758389261745,218
reversal_mom:gbm,reg,bull,0.05,23669,1131,0.047784021293675275,0.48099027409372236,0.4424594074644094,0.5183857570806101,0.40677588418507643,0.4519851295869298,0.46949602122015915,333
reversal_mom:gbm,reg,bull,0.1,23669,2198,0.09286408382272171,0.48635122838944495,0.4528493906927805,0.5199294531678115,0.42107501811987585,0.4654982621673672,0.4767970882620564,362
reversal_mom:gbm,reg,bull,0.25,23669,5609,0.23697663610629938,0.49527545016937063,0.4652881516161727,0.5233157833834761,0.43903381420727333,0.48219869608354043,0.4819040827241933,369
reversal_mom:gbm,reg,bull,0.5,23669,11527,0.48700832312307235,0.4952719701570226,0.46846354953405683,0.5195786590230692,0.4444825999019871,0.48614780333701324,0.48963303548191206,369
reversal_mom:gbm,reg,bull,1.0,23669,23669,1.0,0.4957961891081161,0.4718362130216465,0.5172420909279766,0.4513385041823102,0.4894277788238352,0.4970636697790359,369
reversal_mom:linear,reg,bear,0.002,6384,14,0.0021929824561403508,0.42857142857142855,0.1111111111111111,0.6666666666666666,-0.10565972181542344,0.21380798904474121,0.6428571428571429,8
reversal_mom:linear,reg,bear,0.005,6384,25,0.003916040100250626,0.36,0.1512987012987015,0.5333333333333333,-0.016492222004298063,0.20247880774458224,0.64,14
reversal_mom:linear,reg,bear,0.01,6384,38,0.005952380952380952,0.3157894736842105,0.16658163265306128,0.4615853658536585,0.016387677440316883,0.1908460367559618,0.631578947368421,17
reversal_mom:linear,reg,bear,0.02,6384,59,0.009241854636591478,0.2711864406779661,0.125,0.42857142857142855,-0.027624210953385298,0.17436970937918053,0.6101694915254238,21
reversal_mom:linear,reg,bear,0.05,6384,157,0.024592731829573933,0.29936305732484075,0.19480348598769653,0.40801634615384613,0.08522553068568661,0.23321552471178755,0.5796178343949044,26
reversal_mom:linear,reg,bear,0.1,6384,255,0.03994360902255639,0.3215686274509804,0.232,0.4034648086915446,0.14951087285970313,0.26725399636155445,0.5725490196078431,26
reversal_mom:linear,reg,bear,0.25,6384,510,0.07988721804511278,0.3352941176470588,0.24653719410080502,0.41633494302677493,0.1675337323147667,0.2956879891460179,0.5941176470588235,26
reversal_mom:linear,reg,bear,0.5,6384,852,0.13345864661654136,0.3345070422535211,0.26376619492366465,0.405473694671981,0.19304323309691515,0.3036310389254343,0.6091549295774648,26
reversal_mom:linear,reg,bear,1.0,6384,6384,1.0,0.48887844611528825,0.4428287643591094,0.5354972096508612,0.39605009980482125,0.47662673864697314,0.5202067669172933,86
reversal_mom:linear,reg,bull,0.002,23669,123,0.005196670750771051,0.5365853658536586,0.39827392821535396,0.6638897866839043,0.26490843609285214,0.4486898633729702,0.5121951219512195,70
reversal_mom:linear,reg,bull,0.005,23669,209,0.008830115340741053,0.5358851674641149,0.41822066326530616,0.650010162601626,0.29924790533858825,0.4682353268827886,0.4880382775119617,116
reversal_mom:linear,reg,bull,0.01,23669,379,0.01601250580928641,0.49340369393139843,0.4023510449088484,0.5807458212209302,0.30617038561604626,0.44338908877907046,0.47493403693931396,169
reversal_mom:linear,reg,bull,0.02,23669,719,0.030377286746377116,0.49235048678720444,0.42237595074248463,0.561192071650077,0.35257505505217124,0.45594546349190745,0.4603616133518776,246
reversal_mom:linear,reg,bull,0.05,23669,1621,0.06848620558536482,0.5009253547193091,0.4510824146706149,0.5498202491699021,0.40282360350762125,0.47661166127229926,0.458975940777298,329
reversal_mom:linear,reg,bull,0.1,23669,2978,0.12581858126663567,0.5053727333781061,0.4659315602132685,0.5450467562828755,0.4275089316703716,0.4874205094627045,0.4738079247817327,362
reversal_mom:linear,reg,bull,0.25,23669,6719,0.2838734209303308,0.5046881976484596,0.47157719343907356,0.5342000810666533,0.44326384804160723,0.4927340142828366,0.4841494269980652,368
reversal_mom:linear,reg,bull,0.5,23669,12247,0.5174278592251468,0.49203886666122315,0.4647683834590049,0.5163249548339598,0.4411350446707715,0.4831885743814156,0.48950763452274026,369
reversal_mom:linear,reg,bull,1.0,23669,23669,1.0,0.4961341839536947,0.4741768571105911,0.5162255531443029,0.4553563971021348,0.4897656840820118,0.4970636697790359,369
