world_id,split,tier,eval_era,shift,pid,label,kind,band,status,oracle_power,marginal_power,planted_effect,surfaced,promoted,promoted_look,raised_look,earliest_look,stage,confidence,sys_effect,sys_sign,sign_ok,rank,t_scan,best_gate_share,last_verdict,n_looks_gated,parent,blocking,outcome,right,effect_error,delay_looks,credit,near_miss,parent_found
W00000,heldout,6,trending,True,P000,REAL,linear,obvious,DETECTABLE,1.0,1.0,0.06971106247797479,True,False,,0.0,0.0,"live: FAILED blocked by calibration,complexity,replication",1.0,0.0650634692313892,-1.0,True,21.0,7.04057130535013,0.8333333333333334,FAILED,5,,"calibration,complexity,replication",UNKNOWN,False,-0.004647593246585591,,0.0,"surfaced, not promoted",
W00000,heldout,6,trending,True,P001,REAL,linear,moderate,DETECTABLE,1.0,1.0,0.03835297203329327,True,False,,0.0,0.0,"live: FAILED blocked by calibration,complexity,out_of_sample,replication",0.939047619047619,0.034313838482260155,-1.0,True,30.0,3.0798718481965235,0.75,FAILED,5,,"calibration,complexity,out_of_sample,replication",UNKNOWN,False,-0.004039133551033115,,0.0,"surfaced, not promoted",
W00000,heldout,6,trending,True,P002,REAL,linear,subtle,UNDETECTABLE_IN_PRINCIPLE,0.20833333333333334,0.20833333333333334,0.01312499362802411,False,False,,,,screen: never raised (t below screen_t or over the cap),0.21686900958466448,0.010636997673348803,,,186.0,0.8508085180233325,,,0,,,REJECT,False,-0.0024879959546753073,,0.0,,
W00000,heldout,6,trending,True,P003,REAL,linear,faint,UNDETECTABLE_IN_PRINCIPLE,0.041666666666666664,0.041666666666666664,0.0036083548579005217,False,False,,,,screen: never raised (t below screen_t or over the cap),0.3244444444444444,0.01266322493533134,,,164.0,1.0629664710006432,,,0,,,REJECT,False,0.009054870077430818,,0.0,,
W00000,heldout,6,trending,True,P004,REAL,linear,extremely_subtle,UNDETECTABLE_IN_PRINCIPLE,0.041666666666666664,0.041666666666666664,0.002148119731143266,False,False,,,,screen: never raised (t below screen_t or over the cap),0.12884097035040432,0.006928321676982319,,,245.0,0.6028890893987725,,,0,,,REJECT,False,0.0047802019458390525,,0.0,,
W00000,heldout,6,trending,True,P005,REAL,rare,obvious,DETECTABLE,0.9583333333333334,0.625,0.024052521784047837,True,False,,2.0,0.0,"live: FAILED blocked by calibration,complexity,out_of_sample,replication,transfer",0.5669172932330828,0.023818997357264386,-1.0,True,56.0,1.4659342832023938,0.6666666666666666,FAILED,3,,"calibration,complexity,out_of_sample,replication,transfer",UNKNOWN,False,-0.00023352442678345117,,0.0,"surfaced, not promoted",
W00000,heldout,6,trending,True,P006,REAL,rare,moderate,NOT_REPRESENTABLE,1.0,0.0,0.0023168227303105725,False,False,,,0.0,screen: never raised (t below screen_t or over the cap),0.11063063063063061,0.004593063357134608,,,289.0,0.46989772281098846,,,0,,,REJECT,False,0.0022762406268240355,,0.0,,
W00000,heldout,6,trending,True,P007,REAL,rare,subtle,UNDETECTABLE_IN_PRINCIPLE,0.20833333333333334,0.041666666666666664,0.00020921462717374552,False,False,,,0.0,screen: never raised (t below screen_t or over the cap),0.04838951310861417,0.0021975193547413285,,,336.0,0.20590027456227933,,,0,,,REJECT,False,0.001988304727567583,,0.0,,
W00000,heldout,6,trending,True,P008,REAL,rare,faint,UNDETECTABLE_IN_PRINCIPLE,0.08333333333333333,0.08333333333333333,0.006252121562946004,False,False,,,,screen: never raised (t below screen_t or over the cap),0.19619047619047625,-0.011086168911448202,,,551.0,-0.8207570495557935,,,0,,,REJECT,False,-0.017338290474394207,,0.0,,
W00000,heldout,6,trending,True,P009,REAL,rare,extremely_subtle,UNDETECTABLE_IN_PRINCIPLE,0.041666666666666664,0.0,0.004071150797679743,True,False,,0.0,,"live: FAILED blocked by calibration,complexity,out_of_sample,replication,risk",0.7109677419354838,0.01904151069704262,1.0,True,90.0,2.017297552894266,0.75,FAILED,5,,"calibration,complexity,out_of_sample,replication,risk",UNKNOWN,False,0.014970359899362875,,0.0,"surfaced, not promoted",
W00000,heldout,6,trending,True,P010,REAL,threshold,obvious,DETECTABLE,0.9583333333333334,0.9166666666666666,0.031282196654723586,True,False,,2.0,0.0,"live: FAILED blocked by calibration,complexity,out_of_sample,replication",0.21686900958466448,0.025829187365338832,-1.0,True,196.0,0.9206378415551872,0.75,FAILED,3,,"calibration,complexity,out_of_sample,replication",UNKNOWN,False,-0.005453009289384754,,0.0,"surfaced, not promoted",
W00000,heldout,6,trending,True,P011,REAL,threshold,moderate,DETECTABLE,0.8333333333333334,0.6666666666666666,0.023003036417141146,True,False,,0.0,0.0,"live: FAILED blocked by calibration,complexity,out_of_sample,replication,transfer",0.9817142857142858,0.02636115739836871,-1.0,True,45.0,2.990665438653077,0.6666666666666666,FAILED,5,,"calibration,complexity,out_of_sample,replication,transfer",UNKNOWN,False,0.0033581209812275636,,0.0,"surfaced, not promoted",
W00000,heldout,6,trending,True,P012,REAL,threshold,subtle,DETECTABLE,0.7083333333333334,0.625,0.02039462011489143,True,False,,4.0,0.0,"quarantined: QUARANTINED blocked by calibration,complexity,identity,leakage,out_of_sample,replication,transfer",0.8488888888888889,0.019883003065413882,-1.0,True,77.0,2.174566256185548,0.4166666666666667,QUARANTINED,1,,"calibration,complexity,identity,leakage,out_of_sample,replication,transfer",QUARANTINE,False,-0.000511617049477546,,0.0,"surfaced, not promoted",
W00000,heldout,6,trending,True,P013,REAL,threshold,faint,UNDETECTABLE_IN_PRINCIPLE,0.08333333333333333,0.20833333333333334,0.013396780278689117,True,False,,4.0,,"live: FAILED blocked by calibration,complexity,out_of_sample,replication",0.9023728813559322,0.025918237734923476,-1.0,True,35.0,2.9094051106631422,0.6666666666666666,FAILED,1,,"calibration,complexity,out_of_sample,replication",UNKNOWN,False,0.012521457456234359,,0.0,"surfaced, not promoted",
W00000,heldout,6,trending,True,P014,REAL,threshold,extremely_subtle,UNDETECTABLE_IN_PRINCIPLE,0.0,0.0,-0.0028429949685503295,False,False,,,,screen: never raised (t below screen_t or over the cap),0.04470588235294104,-0.002732527592875733,,,429.0,-0.21973360057579291,,,0,,,REJECT,False,0.00011046737567459641,,0.0,,
W00000,heldout,6,trending,True,P015,REAL,conditional,obvious,DETECTABLE,1.0,1.0,0.051292783009698695,True,False,,0.0,0.0,"live: FAILED blocked by calibration,complexity,replication,transfer",1.0,0.045490811097568064,1.0,True,26.0,4.469184155646392,0.75,FAILED,5,,"calibration,complexity,replication,transfer",UNKNOWN,False,-0.005801971912130631,,0.0,"surfaced, not promoted",
W00000,heldout,6,trending,True,P016,NOISE,context,,,,1.0,0.028490242546957537,True,False,,0.0,,"live: FAILED blocked by calibration,complexity,out_of_sample,replication,reproducibility,risk,transfer",1.0,0.028135345704999138,1.0,True,40.0,4.411177141972698,0.75,FAILED,5,P015,"calibration,complexity,out_of_sample,replication,reproducibility,risk,transfer",UNKNOWN,False,-0.0003548968419583992,,0.0,,False
W00000,heldout,6,trending,True,P017,REAL,conditional,moderate,DETECTABLE,1.0,1.0,0.04980832320364956,True,False,,0.0,0.0,"live: FAILED blocked by calibration,replication",1.0,0.04756569124113962,1.0,True,27.0,3.6861232378863384,0.8333333333333334,FAILED,5,,"calibration,replication",UNKNOWN,False,-0.0022426319625099347,,0.0,"surfaced, not promoted",
W00000,heldout,6,trending,True,P018,NOISE,context,,,,0.0,-0.005609760056555913,True,False,,3.0,,"live: FAILED blocked by calibration,complexity,out_of_sample,replication,reproducibility,risk,transfer",0.92,0.01772331116437174,-1.0,False,88.0,2.7365363031089824,0.4166666666666667,FAILED,2,P017,"calibration,complexity,out_of_sample,replication,reproducibility,risk,transfer",UNKNOWN,False,0.023333071220927655,,0.0,,False
W00000,heldout,6,trending,True,P019,REAL,conditional,subtle,DETECTABLE,1.0,0.5833333333333334,0.020546170470535214,True,False,,1.0,0.0,"quarantined: QUARANTINED blocked by calibration,complexity,identity,leakage,out_of_sample,replication,transfer",0.59,0.02017496885139431,-1.0,True,83.0,1.541117578865895,0.6666666666666666,QUARANTINED,2,,"calibration,complexity,identity,leakage,out_of_sample,replication,transfer",QUARANTINE,False,-0.0003712016191409033,,0.0,"surfaced, not promoted",
W00000,heldout,6,trending,True,P020,NOISE,context,,,,0.9166666666666666,0.019729119986343996,True,False,,0.0,,"live: FAILED blocked by calibration,complexity,out_of_sample,replication,reproducibility",0.9154716981132075,0.0231874862644086,1.0,True,54.0,3.051132374726545,0.5833333333333334,FAILED,5,P019,"calibration,complexity,out_of_sample,replication,reproducibility",UNKNOWN,False,0.0034583662780646035,,0.0,,False
W00000,heldout,6,trending,True,P021,REAL,conditional,faint,DETECTABLE,0.625,0.7083333333333334,0.025656033022707372,True,False,,3.0,3.0,"live: FAILED blocked by calibration,complexity,out_of_sample,replication,transfer",0.7411235955056179,0.03156184839314106,1.0,True,42.0,2.0791950360837483,0.5833333333333334,FAILED,2,,"calibration,complexity,out_of_sample,replication,transfer",UNKNOWN,False,0.0059058153704336855,,0.0,"surfaced, not promoted",
W00000,heldout,6,trending,True,P022,NOISE,context,,,,0.0,0.003047193712916815,False,False,,,,screen: never raised (t below screen_t or over the cap),0.11063063063063061,0.0051881129531931025,,,281.0,0.45343493293022125,,,0,P021,,REJECT,False,0.0021409192402762874,,0.0,,False
W00000,heldout,6,trending,True,P023,REAL,conditional,extremely_subtle,UNDETECTABLE_IN_PRINCIPLE,0.08333333333333333,0.0,-0.0011793770632382258,False,False,,,,screen: never raised (t below screen_t or over the cap),0.8794202898550725,-0.022589975806681706,,,624.0,-2.22204475498081,,,0,,,REJECT,False,-0.02141059874344348,,0.0,,
W00000,heldout,6,trending,True,P024,NOISE,context,,,,0.16666666666666666,0.008392380766485562,False,False,,,,screen: never raised (t below screen_t or over the cap),0.03050610820244326,0.001413424137938435,,,348.0,0.13668318487775077,,,0,P023,,REJECT,False,-0.006978956628547127,,0.0,,False
W00000,heldout,6,trending,True,P025,REAL,interactive,obvious,NOT_REPRESENTABLE,1.0,0.041666666666666664,0.008166718590107707,False,False,,,0.0,screen: never raised (t below screen_t or over the cap),0.0,,,,,,,,0,,,REJECT,False,,,0.0,,
W00000,heldout,6,trending,True,P026,PART,interaction_component,obvious,,,0.041666666666666664,0.008166718590107707,False,False,,,,screen: never raised (t below screen_t or over the cap),0.061587301587301635,0.0030128058554499404,,,315.0,0.28383608203160343,,,0,P025,,REJECT,False,-0.005153912734657767,,0.0,,False
W00000,heldout,6,trending,True,P027,PART,interaction_component,obvious,,,0.0,-0.011768727952523823,False,False,,,,screen: never raised (t below screen_t or over the cap),0.36,-0.014205941002059908,,,587.0,-1.0726236231690138,,,0,P025,,REJECT,False,-0.002437213049536084,,0.0,,False
W00000,heldout,6,trending,True,P028,REAL,interactive,moderate,NOT_REPRESENTABLE,1.0,0.0,-0.003306012072332535,False,False,,,0.0,screen: never raised (t below screen_t or over the cap),0.0,,,,,,,,0,,,REJECT,False,,,0.0,,
W00000,heldout,6,trending,True,P029,PART,interaction_component,moderate,,,0.0,-0.003306012072332535,False,False,,,,screen: never raised (t below screen_t or over the cap),0.16873563218390797,-0.008011391456418271,,,518.0,-0.6757757074548184,,,0,P028,,REJECT,False,-0.004705379384085736,,0.0,,False
W00000,heldout,6,trending,True,P030,PART,interaction_component,moderate,,,0.0,-0.014072728008437103,False,False,,,,screen: never raised (t below screen_t or over the cap),0.2778867924528302,0.012226882584291499,,,167.0,0.9679623641645442,,,0,P028,,REJECT,False,0.026299610592728603,,0.0,,False
W00000,heldout,6,trending,True,P031,REAL,interactive,subtle,NOT_REPRESENTABLE,1.0,0.0,-0.005778504949782547,False,False,,,0.0,screen: never raised (t below screen_t or over the cap),0.0,,,,,,,,0,,,REJECT,False,,,0.0,,
W00000,heldout,6,trending,True,P032,PART,interaction_component,subtle,,,0.0,-0.005778504949782547,False,False,,,,screen: never raised (t below screen_t or over the cap),0.6025806451612903,-0.018377089646548384,,,612.0,-1.5631912255906508,,,0,P031,,REJECT,False,-0.012598584696765835,,0.0,,False
W00000,heldout,6,trending,True,P033,PART,interaction_component,subtle,,,0.125,0.008772208866570505,False,False,,,,screen: never raised (t below screen_t or over the cap),0.6457142857142857,-0.02169414559475158,,,622.0,-2.108554852909629,,,0,P031,,REJECT,False,-0.030466354461322086,,0.0,,False
W00000,heldout,6,trending,True,P034,REAL,interactive,faint,UNDETECTABLE_IN_PRINCIPLE,0.25,0.20833333333333334,0.009816845137333281,False,False,,,0.0,screen: never raised (t below screen_t or over the cap),0.0,,,,,,,,0,,,REJECT,False,,,0.0,,
W00000,heldout,6,trending,True,P035,PART,interaction_component,faint,,,0.20833333333333334,0.009816845137333281,False,False,,,,screen: never raised (t below screen_t or over the cap),0.6482882882882883,-0.01936095171722596,,,614.0,-1.983924167128264,,,0,P034,,REJECT,False,-0.02917779685455924,,0.0,,False
W00000,heldout,6,trending,True,P036,PART,interaction_component,faint,,,0.0,-0.0037364920611273503,False,False,,,,screen: never raised (t below screen_t or over the cap),0.0184564860426929,-0.0013399653798668032,,,400.0,-0.113676780535212,,,0,P034,,REJECT,False,0.002396526681260547,,0.0,,False
W00000,heldout,6,trending,True,P037,REAL,interactive,extremely_subtle,UNDETECTABLE_IN_PRINCIPLE,0.08333333333333333,0.0,-0.0058656630866007805,False,False,,,,screen: never raised (t below screen_t or over the cap),0.0,,,,,,,,0,,,REJECT,False,,,0.0,,
W00000,heldout,6,trending,True,P038,PART,interaction_component,extremely_subtle,,,0.0,-0.0058656630866007805,False,False,,,,screen: never raised (t below screen_t or over the cap),0.22594594594594597,0.010290135793358135,,,192.0,0.8336324554364117,,,0,P037,,REJECT,False,0.016155798879958917,,0.0,,False
W00000,heldout,6,trending,True,P039,PART,interaction_component,extremely_subtle,,,0.0,-0.0030675884796413913,False,False,,,,screen: never raised (t below screen_t or over the cap),0.3865437788018433,0.010868612437600955,,,183.0,1.1892203614348669,,,0,P037,,REJECT,False,0.013936200917242347,,0.0,,False
W00000,heldout,6,trending,True,P040,REAL,xor,obvious,NOT_REPRESENTABLE,1.0,0.0,0.005081807034771969,False,False,,,0.0,screen: never raised (t below screen_t or over the cap),0.0,,,,,,,,0,,,REJECT,False,,,0.0,,
W00000,heldout,6,trending,True,P041,PART,interaction_component,obvious,,,0.0,0.005081807034771969,False,False,,,,screen: never raised (t below screen_t or over the cap),0.5273202614379084,0.015148878851694136,,,136.0,1.2706455101317145,,,0,P040,,REJECT,False,0.010067071816922167,,0.0,,False
W00000,heldout,6,trending,True,P042,PART,interaction_component,obvious,,,0.0,-0.0007684909447288255,False,False,,,,screen: never raised (t below screen_t or over the cap),0.025025996533795558,0.0020362885046055768,,,338.0,0.13909738364677887,,,0,P040,,REJECT,False,0.0028047794493344025,,0.0,,False
W00000,heldout,6,trending,True,P043,REAL,xor,moderate,NOT_REPRESENTABLE,1.0,0.0,-0.0010467306462586335,False,False,,,0.0,screen: never raised (t below screen_t or over the cap),0.0,,,,,,,,0,,,REJECT,False,,,0.0,,
W00000,heldout,6,trending,True,P044,PART,interaction_component,moderate,,,0.0,-0.0010467306462586335,False,False,,,,screen: never raised (t below screen_t or over the cap),0.11626535626535606,0.005873840317752732,,,267.0,0.5024698934899985,,,0,P043,,REJECT,False,0.0069205709640113655,,0.0,,False
W00000,heldout,6,trending,True,P045,PART,interaction_component,moderate,,,0.0,-0.003803376629482082,False,False,,,,screen: never raised (t below screen_t or over the cap),0.07613963039014382,-0.004521759946319592,,,460.0,-0.34261858725343813,,,0,P043,,REJECT,False,-0.0007183833168375102,,0.0,,False
W00000,heldout,6,trending,True,P046,REAL,xor,subtle,NOT_REPRESENTABLE,1.0,0.0,-0.013597221106220105,False,False,,,0.0,screen: never raised (t below screen_t or over the cap),0.0,,,,,,,,0,,,REJECT,False,,,0.0,,
W00000,heldout,6,trending,True,P047,PART,interaction_component,subtle,,,0.0,-0.013597221106220105,False,False,,,,screen: never raised (t below screen_t or over the cap),0.4079999999999999,-0.012198088884341707,,,566.0,-1.268628638755319,,,0,P046,,REJECT,False,0.0013991322218783984,,0.0,,False
W00000,heldout,6,trending,True,P048,PART,interaction_component,subtle,,,0.0,-0.004603344948817158,False,False,,,,screen: never raised (t below screen_t or over the cap),0.17581395348837214,0.009660990264064306,,,200.0,0.725463446050603,,,0,P046,,REJECT,False,0.014264335212881465,,0.0,,False
W00000,heldout,6,trending,True,P049,REAL,xor,faint,UNDETECTABLE_IN_PRINCIPLE,0.2916666666666667,0.0,0.0011475852296872176,False,False,,,,screen: never raised (t below screen_t or over the cap),0.0,,,,,,,,0,,,REJECT,False,,,0.0,,
W00000,heldout,6,trending,True,P050,PART,interaction_component,faint,,,0.0,0.0011475852296872176,False,False,,,,screen: never raised (t below screen_t or over the cap),0.03593466424682412,0.002799418155520317,,,322.0,0.1733638976033673,,,0,P049,,REJECT,False,0.0016518329258330992,,0.0,,False
W00000,heldout,6,trending,True,P051,PART,interaction_component,faint,,,0.0,-0.0046285541485841285,False,False,,,,screen: never raised (t below screen_t or over the cap),0.218255033557047,0.008741563094870397,,,216.0,0.8854439880621057,,,0,P049,,REJECT,False,0.013370117243454525,,0.0,,False
W00000,heldout,6,trending,True,P052,REAL,xor,extremely_subtle,UNDETECTABLE_IN_PRINCIPLE,0.041666666666666664,0.08333333333333333,0.0012570791826450331,False,False,,,,screen: never raised (t below screen_t or over the cap),0.0,,,,,,,,0,,,REJECT,False,,,0.0,,
W00000,heldout,6,trending,True,P053,PART,interaction_component,extremely_subtle,,,0.08333333333333333,0.0012570791826450331,False,False,,,,screen: never raised (t below screen_t or over the cap),0.03156414762741655,-0.0018787371724825475,,,410.0,-0.15767094726368822,,,0,P052,,REJECT,False,-0.0031358163551275806,,0.0,,False
W00000,heldout,6,trending,True,P054,PART,interaction_component,extremely_subtle,,,0.0,-0.0012919900438962519,False,False,,,,screen: never raised (t below screen_t or over the cap),0.7090909090909091,-0.017065777012179484,,,606.0,-2.1427471430146454,,,0,P052,,REJECT,False,-0.015773786968283233,,0.0,,False
W00000,heldout,6,trending,True,P055,REAL,delayed,obvious,DETECTABLE,1.0,0.6666666666666666,0.025802042572370582,True,False,,0.0,0.0,"live: FAILED blocked by calibration,complexity,out_of_sample,replication",0.92,0.028764705567311318,1.0,True,49.0,2.479705445357034,0.6666666666666666,FAILED,5,,"calibration,complexity,out_of_sample,replication",UNKNOWN,False,0.0029626629949407353,,0.0,"surfaced, not promoted",
W00000,heldout,6,trending,True,P056,REAL,delayed,moderate,NOT_REPRESENTABLE,0.9583333333333334,0.0,0.0007276989074034226,False,False,,,0.0,screen: never raised (t below screen_t or over the cap),0.11063063063063061,-0.005606163706473266,,,478.0,-0.49196648828195144,,,0,,,REJECT,False,-0.006333862613876689,,0.0,,
W00000,heldout,6,trending,True,P057,REAL,delayed,subtle,UNDETECTABLE_IN_PRINCIPLE,0.0,0.0,-0.0021558826808587795,False,False,,,,screen: never raised (t below screen_t or over the cap),0.015544715447154522,-0.000780269730129568,,,393.0,-0.055227297461205756,,,0,,,REJECT,False,0.0013756129507292115,,0.0,,
W00000,heldout,6,trending,True,P058,REAL,delayed,faint,UNDETECTABLE_IN_PRINCIPLE,0.4166666666666667,0.125,0.008524342391129024,False,False,,,,screen: never raised (t below screen_t or over the cap),0.04116363636363629,0.003410284653079465,,,310.0,0.20701752200325627,,,0,,,REJECT,False,-0.005114057738049559,,0.0,,
W00000,heldout,6,trending,True,P059,REAL,delayed,extremely_subtle,UNDETECTABLE_IN_PRINCIPLE,0.0,0.0,-0.012713397452884858,False,False,,,,screen: never raised (t below screen_t or over the cap),0.06608349900596422,-0.006413267287464497,,,492.0,-0.26727186647972584,,,0,,,REJECT,False,0.006300130165420361,,0.0,,
W00000,heldout,6,trending,True,P060,REAL,regime,obvious,DETECTABLE,1.0,0.625,0.024844854789975057,True,False,,4.0,3.0,"live: FAILED blocked by calibration,complexity,out_of_sample,replication",0.9,0.035358511625765685,1.0,True,31.0,2.3037475812802537,0.6666666666666666,FAILED,1,,"calibration,complexity,out_of_sample,replication",UNKNOWN,False,0.010513656835790627,,0.0,"surfaced, not promoted",
W00000,heldout,6,trending,True,P061,REAL,regime,moderate,DETECTABLE,1.0,0.625,0.0217848747087087,True,False,,4.0,3.0,"live: FAILED blocked by calibration,complexity,out_of_sample,replication,transfer",0.8208,0.02055312124069595,1.0,True,65.0,2.002929099959635,0.5833333333333334,FAILED,1,,"calibration,complexity,out_of_sample,replication,transfer",UNKNOWN,False,-0.0012317534680127487,,0.0,"surfaced, not promoted",
W00000,heldout,6,trending,True,P062,REAL,regime,subtle,NOT_REPRESENTABLE,0.875,0.20833333333333334,0.013604913223001672,False,False,,,3.0,screen: never raised (t below screen_t or over the cap),0.09367303609341826,0.004955840635736064,,,283.0,0.36013235718936587,,,0,,,REJECT,False,-0.008649072587265608,,0.0,,
W00000,heldout,6,trending,True,P063,REAL,regime,faint,UNDETECTABLE_IN_PRINCIPLE,0.16666666666666666,0.0,-0.0006684734175283465,False,False,,,,screen: never raised (t below screen_t or over the cap),0.09786492374727662,0.006111088673810716,,,260.0,0.4323480145887637,,,0,,,REJECT,False,0.0067795620913390624,,0.0,,
W00000,heldout,6,trending,True,P064,REAL,regime,extremely_subtle,UNDETECTABLE_IN_PRINCIPLE,0.041666666666666664,0.041666666666666664,0.004406672253478492,False,False,,,,screen: never raised (t below screen_t or over the cap),0.3260408163265306,-0.014536600347421769,,,588.0,-0.9177656336970904,,,0,,,REJECT,False,-0.01894327260090026,,0.0,,
W00000,heldout,6,trending,True,P065,REAL,changing,obvious,DETECTABLE,0.9583333333333334,0.9583333333333334,0.033222502358367434,True,False,,0.0,0.0,"live: FAILED blocked by calibration,complexity,replication,transfer",0.9255813953488372,0.041759187768614835,1.0,True,43.0,2.8442008345751786,0.8333333333333334,FAILED,5,,"calibration,complexity,replication,transfer",UNKNOWN,False,0.0085366854102474,,0.0,"surfaced, not promoted",
W00000,heldout,6,trending,True,P066,REAL,changing,moderate,DETECTABLE,1.0,1.0,0.05511094788365627,True,False,,0.0,0.0,"live: FAILED blocked by calibration,complexity,replication",1.0,0.052856037471770104,1.0,True,23.0,5.091751197487256,0.8333333333333334,FAILED,5,,"calibration,complexity,replication",UNKNOWN,False,-0.002254910411886163,,0.0,"surfaced, not promoted",
W00000,heldout,6,trending,True,P067,REAL,changing,subtle,DETECTABLE,0.5416666666666666,0.5416666666666666,0.021277191458668077,False,False,,,1.0,screen: never raised (t below screen_t or over the cap),0.49662921348314604,0.017174807162156802,,,115.0,1.6069395022422268,,,0,,,REJECT,False,-0.0041023842965112745,,0.0,,
W00000,heldout,6,trending,True,P068,REAL,changing,faint,UNDETECTABLE_IN_PRINCIPLE,0.041666666666666664,0.041666666666666664,0.0052754358994585885,False,False,,,,screen: never raised (t below screen_t or over the cap),0.09367303609341826,-0.004133390719525454,,,451.0,-0.4131469299484714,,,0,,,REJECT,False,-0.009408826618984043,,0.0,,
W00000,heldout,6,trending,True,P069,REAL,changing,extremely_subtle,UNDETECTABLE_IN_PRINCIPLE,0.041666666666666664,0.041666666666666664,0.008364082555101382,False,False,,,,screen: never raised (t below screen_t or over the cap),0.06608349900596422,-0.00448557046378717,,,459.0,-0.2406582579508245,,,0,,,REJECT,False,-0.012849653018888551,,0.0,,
W00000,heldout,6,trending,True,P070,REAL,lifecycle,obvious,DETECTABLE,1.0,1.0,0.06581372057515168,True,False,,0.0,0.0,"live: FAILED blocked by calibration,complexity,replication",1.0,0.07471778595448855,1.0,True,20.0,8.640692830463363,0.8333333333333334,FAILED,5,,"calibration,complexity,replication",UNKNOWN,False,0.00890406537933687,,0.0,"surfaced, not promoted",
W00000,heldout,6,trending,True,P071,REAL,lifecycle,moderate,DETECTABLE,1.0,1.0,0.05472740978860362,True,False,,0.0,0.0,"live: FAILED blocked by calibration,complexity,replication",1.0,0.04858167889434756,1.0,True,24.0,4.841918326838539,0.8333333333333334,FAILED,5,,"calibration,complexity,replication",UNKNOWN,False,-0.00614573089425606,,0.0,"surfaced, not promoted",
W00000,heldout,6,trending,True,P072,REAL,lifecycle,subtle,UNDETECTABLE_IN_PRINCIPLE,0.125,0.125,0.012654900307888017,True,False,,4.0,0.0,"quarantined: QUARANTINED blocked by calibration,complexity,identity,leakage,out_of_sample,replication,transfer",0.7532530120481927,0.016504575126250136,-1.0,True,61.0,2.6156912861767743,0.4166666666666667,QUARANTINED,1,,"calibration,complexity,identity,leakage,out_of_sample,replication,transfer",QUARANTINE,False,0.0038496748183621185,,0.0,"surfaced, not promoted",
W00000,heldout,6,trending,True,P073,REAL,lifecycle,faint,UNDETECTABLE_IN_PRINCIPLE,0.08333333333333333,0.0,-0.0024990479451125324,False,False,,,,screen: never raised (t below screen_t or over the cap),0.09367303609341826,0.004201685934413502,,,294.0,0.37966585203797504,,,0,,,REJECT,False,0.006700733879526034,,0.0,,
W00000,heldout,6,trending,True,P074,REAL,lifecycle,extremely_subtle,UNDETECTABLE_IN_PRINCIPLE,0.2916666666666667,0.2916666666666667,0.01619636682906446,False,False,,,,screen: never raised (t below screen_t or over the cap),0.04838951310861417,-0.004181581668050549,,,454.0,-0.2743736360512081,,,0,,,REJECT,False,-0.02037794849711501,,0.0,,
W00000,heldout,6,trending,True,P075,NOISE,coincidence,,,,0.0,0.0038294520909299096,False,False,,,,screen: never raised (t below screen_t or over the cap),0.3244444444444444,0.010546769371401088,,,187.0,1.0811779858333628,,,0,,,REJECT,False,0.006717317280471178,,0.0,,
W00000,heldout,6,trending,True,P076,NOISE,coincidence,,,,0.125,0.01124331095045338,False,False,,,,screen: never raised (t below screen_t or over the cap),0.23787985865724381,-0.01238841837330773,,,569.0,-1.0456852205346172,,,0,,,REJECT,False,-0.023631729323761112,,0.0,,
W00000,heldout,6,trending,True,P077,NOISE,coincidence,,,,0.0,-0.003933272437703554,False,False,,,,screen: never raised (t below screen_t or over the cap),0.04838951310861417,0.0037178974459158853,,,303.0,0.2944489233038517,,,0,,,REJECT,False,0.007651169883619439,,0.0,,
W00000,heldout,6,trending,True,P078,NOISE,coincidence,,,,0.0,-0.002916686345630876,False,False,,,,screen: never raised (t below screen_t or over the cap),0.04838951310861417,-0.002920307535929978,,,431.0,-0.3196462286464146,,,0,,,REJECT,False,-3.62119029910209e-06,,0.0,,
W00000,heldout,6,trending,True,P079,NOISE,coincidence,,,,0.0,-0.01843087550993529,False,False,,,,screen: never raised (t below screen_t or over the cap),0.36568888888888884,0.016453695086699582,,,123.0,1.1562834050330593,,,0,,,REJECT,False,0.03488457059663487,,0.0,,
W00000,heldout,6,trending,True,P080,NOISE,coincidence,,,,0.08333333333333333,0.008974463793248106,False,False,,,,screen: never raised (t below screen_t or over the cap),0.16873563218390797,0.008257547949256594,,,222.0,0.7896586950759888,,,0,,,REJECT,False,-0.0007169158439915124,,0.0,,
W00000,heldout,6,trending,True,P081,NOISE,coincidence,,,,0.0,-0.0052070225171418705,False,False,,,,screen: never raised (t below screen_t or over the cap),0.22594594594594597,0.01182863074724605,,,174.0,0.8283092307407428,,,0,,,REJECT,False,0.01703565326438792,,0.0,,
W00000,heldout,6,trending,True,P082,NOISE,coincidence,,,,0.041666666666666664,0.0020218813105342282,False,False,,,,screen: never raised (t below screen_t or over the cap),0.39091787439613523,0.01675571507069673,,,120.0,1.2066052456957699,,,0,,,REJECT,False,0.014733833760162502,,0.0,,
W00000,heldout,6,trending,True,P083,NOISE,coincidence,,,,0.20833333333333334,0.012532334769508803,False,False,,,,screen: never raised (t below screen_t or over the cap),0.26064981949458477,0.009446687820613864,,,207.0,0.7913809645896945,,,0,,,REJECT,False,-0.0030856469488949392,,0.0,,
W00000,heldout,6,trending,True,P084,NOISE,coincidence,,,,0.0,0.0032090487357864027,False,False,,,,screen: never raised (t below screen_t or over the cap),0.11626535626535606,0.007711145353103244,,,232.0,0.5753802378886805,,,0,,,REJECT,False,0.004502096617316841,,0.0,,
W00000,heldout,6,trending,True,P085,NOISE,coincidence,,,,0.0,-0.008763068413017761,False,False,,,,screen: never raised (t below screen_t or over the cap),0.3910679611650486,-0.01624996766939507,,,603.0,-1.0183888601067963,,,0,,,REJECT,False,-0.00748689925637731,,0.0,,
W00000,heldout,6,trending,True,P086,NOISE,coincidence,,,,0.041666666666666664,0.004237502059061663,False,False,,,,screen: never raised (t below screen_t or over the cap),0.23787985865724381,-0.01037714768322312,,,544.0,-0.8096001439832914,,,0,,,REJECT,False,-0.014614649742284783,,0.0,,
W00000,heldout,6,trending,True,P087,NOISE,coincidence,,,,0.0,-0.011232460082158665,False,False,,,,screen: never raised (t below screen_t or over the cap),0.5114792899408284,-0.013200112338937975,,,583.0,-1.3145190630860841,,,0,,,REJECT,False,-0.00196765225677931,,0.0,,
W00000,heldout,6,trending,True,P088,NOISE,coincidence,,,,0.08333333333333333,0.0032870134789228407,False,False,,,,screen: never raised (t below screen_t or over the cap),0.11063063063063061,0.0069065280673411555,,,246.0,0.41557981962182405,,,0,,,REJECT,False,0.003619514588418315,,0.0,,
W00000,heldout,6,trending,True,P089,NOISE,coincidence,,,,0.041666666666666664,0.0035465732522265937,False,False,,,,screen: never raised (t below screen_t or over the cap),0.11063063063063061,-0.0066017044268283365,,,493.0,-0.4473469557697836,,,0,,,REJECT,False,-0.010148277679054931,,0.0,,
W00000,heldout,6,trending,True,P090,NOISE,early_decay,,,,0.20833333333333334,0.014954850600508818,False,False,,,,screen: never raised (t below screen_t or over the cap),0.26388278388278386,0.010651675749517864,,,185.0,1.0930190506064115,,,0,,,REJECT,False,-0.004303174850990955,,0.0,,
W00000,heldout,6,trending,True,P091,NOISE,early_decay,,,,0.041666666666666664,0.004496127589528678,True,False,,3.0,,"quarantined: QUARANTINED blocked by calibration,complexity,identity,leakage,out_of_sample,replication,transfer",0.36,0.015592689040127807,1.0,True,117.0,0.9499650721312305,0.6666666666666666,QUARANTINED,2,,"calibration,complexity,identity,leakage,out_of_sample,replication,transfer",QUARANTINE,False,0.011096561450599129,,0.0,,
W00000,heldout,6,trending,True,P092,NOISE,early_decay,,,,0.0,-0.005436877526800134,False,False,,,,screen: never raised (t below screen_t or over the cap),0.16617142857142853,-0.006350871972974181,,,491.0,-0.6658541826432395,,,0,,,REJECT,False,-0.0009139944461740478,,0.0,,
W00000,heldout,6,trending,True,P093,NOISE,early_decay,,,,0.0,-0.006681848586710406,False,False,,,,screen: never raised (t below screen_t or over the cap),0.11626535626535606,-0.0073769613054381344,,,507.0,-0.5807206083940988,,,0,,,REJECT,False,-0.0006951127187277287,,0.0,,
W00000,heldout,6,trending,True,P094,NOISE,early_decay,,,,0.16666666666666666,0.009421579110133596,False,False,,,,screen: never raised (t below screen_t or over the cap),0.307906976744186,0.011188715079269884,,,179.0,1.1003428454007227,,,0,,,REJECT,False,0.0017671359691362881,,0.0,,
W00000,heldout,6,trending,True,P095,NOISE,early_decay,,,,0.08333333333333333,0.00957705847125622,False,False,,,,screen: never raised (t below screen_t or over the cap),0.21354231974921634,0.00698344120530725,,,240.0,0.7248833587908875,,,0,,,REJECT,False,-0.002593617265948969,,0.0,,
W00000,heldout,6,trending,True,P096,NOISE,early_decay,,,,0.0,-0.0049662978410871614,False,False,,,,screen: never raised (t below screen_t or over the cap),0.09379310344827585,0.004666673446714564,,,287.0,0.4718507495588771,,,0,,,REJECT,False,0.009632971287801726,,0.0,,
W00000,heldout,6,trending,True,P097,NOISE,early_decay,,,,0.0,-0.007850681344116282,False,False,,,,screen: never raised (t below screen_t or over the cap),0.11626535626535606,0.007139786281066374,,,237.0,0.593203273775545,,,0,,,REJECT,False,0.014990467625182656,,0.0,,
W00000,heldout,6,trending,True,P098,NOISE,early_decay,,,,0.0,0.003643862074559481,False,False,,,,screen: never raised (t below screen_t or over the cap),0.04838951310861417,-0.003197836908700624,,,436.0,-0.2836880267525703,,,0,,,REJECT,False,-0.0068416989832601055,,0.0,,
W00000,heldout,6,trending,True,P099,NOISE,early_decay,,,,0.041666666666666664,0.007030626597955033,False,False,,,,screen: never raised (t below screen_t or over the cap),0.11626535626535606,0.00804446187216079,,,226.0,0.48655634873516745,,,0,,,REJECT,False,0.0010138352742057582,,0.0,,
W00000,heldout,6,trending,True,P100,NOISE,fluke,,,,0.0,0.0002772178265354152,False,False,,,,screen: never raised (t below screen_t or over the cap),0.21354231974921634,0.007847244146654386,,,231.0,0.7565396771498432,,,0,,,REJECT,False,0.007570026320118971,,0.0,,
W00000,heldout,6,trending,True,P101,NOISE,fluke,,,,0.041666666666666664,0.005371010768004955,False,False,,,,screen: never raised (t below screen_t or over the cap),0.09379310344827585,0.004391586047153284,,,292.0,0.42442954301357433,,,0,,,REJECT,False,-0.0009794247208516705,,0.0,,
W00000,heldout,6,trending,True,P102,NOISE,fluke,,,,0.20833333333333334,0.012805109382616727,False,False,,,,screen: never raised (t below screen_t or over the cap),0.19058823529411772,0.006939175659492758,,,243.0,0.7246930365376691,,,0,,,REJECT,False,-0.005865933723123969,,0.0,,
W00000,heldout,6,trending,True,P103,NOISE,fluke,,,,0.0,0.0016527843502210468,False,False,,,,screen: never raised (t below screen_t or over the cap),0.07540983606557383,-0.004525015658516152,,,461.0,-0.32471402257741466,,,0,,,REJECT,False,-0.006177800008737198,,0.0,,
W00000,heldout,6,trending,True,P104,NOISE,fluke,,,,0.125,0.009242634946667789,False,False,,,,screen: never raised (t below screen_t or over the cap),0.0184564860426929,0.001402698998042906,,,350.0,0.09040212462408859,,,0,,,REJECT,False,-0.007839935948624883,,0.0,,
W00000,heldout,6,trending,True,P105,NOISE,fluke,,,,0.0,0.0010443582252513566,False,False,,,,screen: never raised (t below screen_t or over the cap),0.11626535626535606,-0.00612800917614581,,,488.0,-0.5172147613210435,,,0,,,REJECT,False,-0.007172367401397166,,0.0,,
W00000,heldout,6,trending,True,P106,NOISE,fluke,,,,0.0,-0.004983907490690094,False,False,,,,screen: never raised (t below screen_t or over the cap),0.11626535626535606,-0.007483944833357958,,,510.0,-0.5620803460186587,,,0,,,REJECT,False,-0.0025000373426678647,,0.0,,
W00000,heldout,6,trending,True,P107,NOISE,fluke,,,,0.0,0.0010238596493715388,False,False,,,,screen: never raised (t below screen_t or over the cap),0.04470588235294104,0.002325246221734023,,,333.0,0.2336240170213412,,,0,,,REJECT,False,0.0013013865723624843,,0.0,,
W00000,heldout,6,trending,True,P108,NOISE,fluke,,,,0.3333333333333333,0.017903724042361204,False,False,,,,screen: never raised (t below screen_t or over the cap),0.03323943661971829,-0.0024405523006053587,,,423.0,-0.19356331950619762,,,0,,,REJECT,False,-0.020344276342966563,,0.0,,
W00000,heldout,6,trending,True,P109,NOISE,fluke,,,,0.08333333333333333,0.011490747342793999,False,False,,,,screen: never raised (t below screen_t or over the cap),0.5372972972972972,-0.016221799654703772,,,601.0,-1.5593888818819945,,,0,,,REJECT,False,-0.02771254699749777,,0.0,,
W00000,heldout,6,trending,True,P110,NOISE,reversal,,,,0.0,-0.06357732229714963,False,False,,,,screen: never raised (t below screen_t or over the cap),0.0184564860426929,0.0018482125682218742,,,342.0,0.09236677575192265,,,0,,,REJECT,False,0.0654255348653715,,0.0,,
W00000,heldout,6,trending,True,P111,NOISE,reversal,,,,0.0,-0.046989952360482534,False,False,,,,screen: never raised (t below screen_t or over the cap),0.4217258883248731,-0.020643027106006462,,,618.0,-1.1739422856225012,,,0,,,REJECT,False,0.026346925254476072,,0.0,,
W00000,heldout,6,trending,True,P112,NOISE,reversal,,,,0.0,-0.059170690775960634,False,False,,,,screen: never raised (t below screen_t or over the cap),1.0,-0.03565495165107868,,,637.0,-2.9174307440827274,,,0,,,REJECT,False,0.023515739124881953,,0.0,,
W00000,heldout,6,trending,True,P113,NOISE,reversal,,,,0.0,-0.04352413196383331,False,False,,,,screen: never raised (t below screen_t or over the cap),0.012107765451664032,0.0005996542242512337,,,369.0,0.03777337583148587,,,0,,,REJECT,False,0.044123786188084546,,0.0,,
W00000,heldout,6,trending,True,P114,NOISE,reversal,,,,0.0,-0.04434755966310713,False,False,,,,screen: never raised (t below screen_t or over the cap),0.11063063063063061,-0.008574976603638373,,,524.0,-0.47485598311198624,,,0,,,REJECT,False,0.03577258305946876,,0.0,,
W00000,heldout,6,trending,True,P115,NOISE,reversal,,,,0.0,-0.043864730202322046,False,False,,,,screen: never raised (t below screen_t or over the cap),0.4866666666666667,-0.022379010561575652,,,623.0,-1.4524640840005747,,,0,,,REJECT,False,0.021485719640746394,,0.0,,
W00000,heldout,6,trending,True,P116,NOISE,reversal,,,,0.0,-0.050050575089961545,False,False,,,,screen: never raised (t below screen_t or over the cap),0.9069090909090909,-0.03708559370031317,,,638.0,-2.4147069338595033,,,0,,,REJECT,False,0.012964981389648376,,0.0,,
W00000,heldout,6,trending,True,P117,NOISE,reversal,,,,0.0,-0.04502580565186459,False,False,,,,screen: never raised (t below screen_t or over the cap),0.012107765451664032,0.0005356488340436671,,,372.0,0.030382181913026742,,,0,,,REJECT,False,0.04556145448590826,,0.0,,
W00000,heldout,6,trending,True,P118,NOISE,reversal,,,,0.0,-0.03619668832807669,False,False,,,,screen: never raised (t below screen_t or over the cap),0.17607038123167162,-0.011343768769510376,,,553.0,-0.7156879619695155,,,0,,,REJECT,False,0.024852919558566312,,0.0,,
W00000,heldout,6,trending,True,P119,NOISE,reversal,,,,0.0,-0.04383753738248284,False,False,,,,screen: never raised (t below screen_t or over the cap),0.5114792899408284,-0.023117385572911153,,,625.0,-1.5159626070301346,,,0,,,REJECT,False,0.020720151809571687,,0.0,,
W00000,heldout,6,trending,True,P120,NOISE,reversal,,,,0.0,-0.045215353498500616,False,False,,,,screen: never raised (t below screen_t or over the cap),0.6923076923076923,-0.027190418950938933,,,629.0,-1.667075536361543,,,0,,,REJECT,False,0.018024934547561683,,0.0,,
W00000,heldout,6,trending,True,P121,NOISE,reversal,,,,0.0,-0.0470848410061009,False,False,,,,screen: never raised (t below screen_t or over the cap),0.0184564860426929,-0.0013545796505523011,,,401.0,-0.08412723598282427,,,0,,,REJECT,False,0.0457302613555486,,0.0,,
W00000,heldout,6,trending,True,P122,NOISE,reversal,,,,0.0,-0.044976216437136354,False,False,,,,screen: never raised (t below screen_t or over the cap),0.92,-0.04500146261375121,,,639.0,-3.0808022818001004,,,0,,,REJECT,False,-2.5246176614854288e-05,,0.0,,
W00000,heldout,6,trending,True,P123,NOISE,reversal,,,,0.0,-0.04944054673068938,False,False,,,,screen: never raised (t below screen_t or over the cap),0.7021782178217821,-0.02874837215768178,,,632.0,-1.947623621387065,,,0,,,REJECT,False,0.0206921745730076,,0.0,,
W00000,heldout,6,trending,True,P124,NOISE,reversal,,,,0.0,-0.04136781043323659,False,False,,,,screen: never raised (t below screen_t or over the cap),0.9494736842105264,-0.030875337942340875,,,634.0,-2.598616083278367,,,0,,,REJECT,False,0.010492472490895716,,0.0,,
W00000,heldout,6,trending,True,P125,NOISE,delayed_coincidence,,,,0.0,0.0007342250588949164,False,False,,,,screen: never raised (t below screen_t or over the cap),0.15267605633802828,0.007225460328795674,,,236.0,0.6119293804944355,,,0,,,REJECT,False,0.006491235269900758,,0.0,,
W00000,heldout,6,trending,True,P126,NOISE,delayed_coincidence,,,,0.25,0.016953478137983133,True,False,,1.0,,"live: FAILED blocked by calibration,complexity,out_of_sample,replication,transfer",0.9817142857142858,0.02819988652384322,-1.0,True,33.0,3.220484928157573,0.75,FAILED,4,,"calibration,complexity,out_of_sample,replication,transfer",UNKNOWN,False,0.011246408385860086,,0.0,,
W00000,heldout,6,trending,True,P127,NOISE,delayed_coincidence,,,,0.16666666666666666,0.010465907091190801,False,False,,,,screen: never raised (t below screen_t or over the cap),0.7411235955056179,0.022733453155493466,,,78.0,1.9863391205033418,,,0,,,REJECT,False,0.012267546064302665,,0.0,,
W00000,heldout,6,trending,True,P128,NOISE,delayed_coincidence,,,,0.041666666666666664,0.006493534911961288,False,False,,,,screen: never raised (t below screen_t or over the cap),0.22594594594594597,0.010078268735068119,,,197.0,0.9536420297098384,,,0,,,REJECT,False,0.0035847338231068306,,0.0,,
W00000,heldout,6,trending,True,P129,NOISE,delayed_coincidence,,,,0.0,0.0021281907716873025,False,False,,,,screen: never raised (t below screen_t or over the cap),0.4866666666666667,-0.016601851301439374,,,604.0,-1.316856752019949,,,0,,,REJECT,False,-0.018730042073126677,,0.0,,
W00000,heldout,6,trending,True,P130,NOISE,delayed_coincidence,,,,0.3333333333333333,0.017202631844387733,False,False,,,,screen: never raised (t below screen_t or over the cap),0.3281327800829875,0.014803171309766272,,,141.0,1.0444727273855792,,,0,,,REJECT,False,-0.0023994605346214608,,0.0,,
W00000,heldout,6,trending,True,P131,NOISE,delayed_coincidence,,,,0.25,0.012473698455960205,False,False,,,,screen: never raised (t below screen_t or over the cap),0.16873563218390797,0.008510205772598423,,,217.0,0.7885173471098066,,,0,,,REJECT,False,-0.003963492683361783,,0.0,,
W00000,heldout,6,trending,True,P132,NOISE,delayed_coincidence,,,,0.2916666666666667,0.013572467766287037,False,False,,,,screen: never raised (t below screen_t or over the cap),0.04838951310861417,0.002345434633456267,,,331.0,0.26237261754046004,,,0,,,REJECT,False,-0.01122703313283077,,0.0,,
W00000,heldout,6,trending,True,P133,NOISE,delayed_coincidence,,,,0.041666666666666664,0.008387879889225415,False,False,,,,screen: never raised (t below screen_t or over the cap),0.17581395348837214,0.007929091182149794,,,229.0,0.6600362879431686,,,0,,,REJECT,False,-0.0004587887070756202,,0.0,,
W00000,heldout,6,trending,True,P134,NOISE,delayed_coincidence,,,,0.125,0.011773945110554516,False,False,,,,screen: never raised (t below screen_t or over the cap),0.5987301587301588,0.014000184717225861,,,148.0,1.4359700741858688,,,0,,,REJECT,False,0.0022262396066713448,,0.0,,
W00000,heldout,6,trending,True,P135,NOISE,delayed_coincidence,,,,0.08333333333333333,0.008091111992340376,False,False,,,,screen: never raised (t below screen_t or over the cap),0.26388278388278386,-0.01109201672780391,,,552.0,-0.9951160948322372,,,0,,,REJECT,False,-0.019183128720144285,,0.0,,
W00000,heldout,6,trending,True,P136,NOISE,delayed_coincidence,,,,0.125,0.012016447919251494,False,False,,,,screen: never raised (t below screen_t or over the cap),0.6509090909090909,0.02075226206943359,,,92.0,1.9702593757816158,,,0,,,REJECT,False,0.008735814150182097,,0.0,,
W00000,heldout,6,trending,True,P137,NOISE,delayed_coincidence,,,,0.25,0.01846002556069468,True,False,,4.0,,"quarantined: QUARANTINED blocked by calibration,complexity,identity,leakage,out_of_sample,replication,transfer",0.7532530120481927,0.02055931834380545,1.0,True,81.0,2.2420309166419283,0.4166666666666667,QUARANTINED,1,,"calibration,complexity,identity,leakage,out_of_sample,replication,transfer",QUARANTINE,False,0.00209929278311077,,0.0,,
W00000,heldout,6,trending,True,P138,NOISE,delayed_coincidence,,,,0.0,0.002210953219601468,False,False,,,,screen: never raised (t below screen_t or over the cap),0.0184564860426929,0.001762419014279648,,,343.0,0.11801051610849508,,,0,,,REJECT,False,-0.0004485342053218199,,0.0,,
W00000,heldout,6,trending,True,P139,NOISE,delayed_coincidence,,,,0.125,0.008666556572046373,False,False,,,,screen: never raised (t below screen_t or over the cap),0.3125,-0.014788294217525588,,,589.0,-0.9253447756507053,,,0,,,REJECT,False,-0.023454850789571963,,0.0,,
W00000,heldout,6,trending,True,P140,NOISE,interaction_decoy,,,,0.0,0.0004339217333183777,False,False,,,,screen: never raised (t below screen_t or over the cap),0.36,-0.012232767877017214,,,567.0,-0.9838163161757884,,,0,,,REJECT,False,-0.012666689610335593,,0.0,,
W00000,heldout,6,trending,True,P141,NOISE,interaction_decoy,,,,0.08333333333333333,0.005851888581902208,False,False,,,,screen: never raised (t below screen_t or over the cap),0.13906849315068492,0.009608658354732347,,,202.0,0.569728785054928,,,0,,,REJECT,False,0.0037567697728301385,,0.0,,
W00000,heldout,6,trending,True,P142,NOISE,interaction_decoy,,,,0.0,-0.009227680046292621,False,False,,,,screen: never raised (t below screen_t or over the cap),0.6203389830508474,0.017645571911452773,,,112.0,1.8880249719742705,,,0,,,REJECT,False,0.026873251957745394,,0.0,,
W00000,heldout,6,trending,True,P143,NOISE,interaction_decoy,,,,0.041666666666666664,0.002805823088850365,False,False,,,,screen: never raised (t below screen_t or over the cap),0.26388278388278386,-0.013461398322038964,,,585.0,-0.9337005067620322,,,0,,,REJECT,False,-0.016267221410889328,,0.0,,
W00000,heldout,6,trending,True,P144,NOISE,interaction_decoy,,,,0.041666666666666664,0.002883604267379513,False,False,,,,screen: never raised (t below screen_t or over the cap),0.11626535626535606,-0.005720565927486931,,,482.0,-0.5566243435906891,,,0,,,REJECT,False,-0.008604170194866444,,0.0,,
W00000,heldout,6,trending,True,P145,NOISE,interaction_decoy,,,,0.08333333333333333,0.009581799961752733,False,False,,,,screen: never raised (t below screen_t or over the cap),0.07613963039014382,0.004845230475168938,,,284.0,0.37311719073420185,,,0,,,REJECT,False,-0.004736569486583795,,0.0,,
W00000,heldout,6,trending,True,P146,NOISE,interaction_decoy,,,,0.041666666666666664,0.010266281622991877,True,False,,0.0,,"quarantined: QUARANTINED blocked by calibration,complexity,identity,leakage,out_of_sample,replication,transfer",0.4936263736263736,0.017763335989607488,1.0,False,46.0,1.343024796838255,0.5833333333333334,QUARANTINED,4,,"calibration,complexity,identity,leakage,out_of_sample,replication,transfer",QUARANTINE,False,0.007497054366615611,,0.0,,
W00000,heldout,6,trending,True,P147,NOISE,interaction_decoy,,,,0.0,0.0003231353522172595,False,False,,,,screen: never raised (t below screen_t or over the cap),0.07512195121951226,0.0034374645505814705,,,308.0,0.3458207257814785,,,0,,,REJECT,False,0.0031143291983642112,,0.0,,
W00000,heldout,6,trending,True,P148,NOISE,interaction_decoy,,,,0.0,-0.004236270981143801,False,False,,,,screen: never raised (t below screen_t or over the cap),0.13906849315068492,0.006592215212254726,,,250.0,0.6943482018307403,,,0,,,REJECT,False,0.010828486193398528,,0.0,,
W00000,heldout,6,trending,True,P149,NOISE,interaction_decoy,,,,0.2916666666666667,0.016066021155870462,True,False,,2.0,,"quarantined: QUARANTINED blocked by calibration,complexity,identity,leakage,out_of_sample,replication,transfer",0.9154716981132075,0.022162113899414065,-1.0,True,51.0,2.3088873573989357,0.4166666666666667,QUARANTINED,1,,"calibration,complexity,identity,leakage,out_of_sample,replication,transfer",QUARANTINE,False,0.0060960927435436026,,0.0,,
W00000,heldout,6,trending,True,P150,NOISE,xor_trap,,,,0.0,0.003405631006812169,True,False,,2.0,,"quarantined: QUARANTINED blocked by calibration,complexity,identity,leakage,out_of_sample,replication,transfer",0.7550617283950617,0.019602160341640786,1.0,True,262.0,2.2044460832626354,0.6666666666666666,QUARANTINED,2,,"calibration,complexity,identity,leakage,out_of_sample,replication,transfer",QUARANTINE,False,0.016196529334828617,,0.0,,
W00000,heldout,6,trending,True,P151,NOISE,xor_trap,,,,0.041666666666666664,0.0037254697653473015,False,False,,,,screen: never raised (t below screen_t or over the cap),0.11626535626535606,-0.008319721065466135,,,521.0,-0.5030356094826965,,,0,,,REJECT,False,-0.012045190830813436,,0.0,,
W00000,heldout,6,trending,True,P152,NOISE,xor_trap,,,,0.0,-0.012919942124781534,False,False,,,,screen: never raised (t below screen_t or over the cap),0.0184564860426929,0.0010360122687094186,,,358.0,0.08437016508715459,,,0,,,REJECT,False,0.013955954393490953,,0.0,,
W00000,heldout,6,trending,True,P153,NOISE,xor_trap,,,,0.0,-0.006446746750925174,False,False,,,,screen: never raised (t below screen_t or over the cap),0.04116363636363629,-0.002628210936512998,,,428.0,-0.15790033541991555,,,0,,,REJECT,False,0.0038185358144121762,,0.0,,
W00000,heldout,6,trending,True,P154,NOISE,xor_trap,,,,0.0,-0.00150934429505569,False,False,,,,screen: never raised (t below screen_t or over the cap),0.49662921348314604,0.014817743422189777,,,140.0,1.3417551779794528,,,0,,,REJECT,False,0.01632708771724547,,0.0,,
W00000,heldout,6,trending,True,P155,NOISE,xor_trap,,,,0.0,-0.00613226560122817,False,False,,,,screen: never raised (t below screen_t or over the cap),0.28212927756653994,0.007564029890907209,,,233.0,1.0026982523980748,,,0,,,REJECT,False,0.013696295492135378,,0.0,,
W00000,heldout,6,trending,True,P156,NOISE,xor_trap,,,,0.0,-0.0007660622049088966,False,False,,,,screen: never raised (t below screen_t or over the cap),0.36,-0.011891798220261984,,,562.0,-0.9407773956906175,,,0,,,REJECT,False,-0.011125736015353088,,0.0,,
W00000,heldout,6,trending,True,P157,NOISE,xor_trap,,,,0.2916666666666667,0.013705303254309485,False,False,,,,screen: never raised (t below screen_t or over the cap),0.11626535626535606,-0.007450239594275099,,,508.0,-0.6098037133117234,,,0,,,REJECT,False,-0.021155542848584584,,0.0,,
W00000,heldout,6,trending,True,P158,NOISE,xor_trap,,,,0.0,-0.0019507189830240356,True,False,,3.0,,"quarantined: QUARANTINED blocked by calibration,complexity,identity,leakage,out_of_sample,replication,transfer",0.22594594594594597,0.013101822715544248,-1.0,False,234.0,0.7639319192556547,0.4166666666666667,QUARANTINED,1,,"calibration,complexity,identity,leakage,out_of_sample,replication,transfer",QUARANTINE,False,0.015052541698568284,,0.0,,
W00000,heldout,6,trending,True,P159,NOISE,xor_trap,,,,0.0,0.0008242492073241206,False,False,,,,screen: never raised (t below screen_t or over the cap),0.4181818181818182,0.012486372155888992,,,165.0,1.2634816360053123,,,0,,,REJECT,False,0.011662122948564871,,0.0,,
W00000,heldout,6,trending,True,P160,NOISE,strong_nontransferable,,,,0.0,-0.001856096295120006,False,False,,,,screen: never raised (t below screen_t or over the cap),0.012107765451664032,0.0005626380910610518,,,371.0,0.04166840600733002,,,0,,,REJECT,False,0.0024187343861810577,,0.0,,
W00000,heldout,6,trending,True,P161,NOISE,strong_nontransferable,,,,0.20833333333333334,0.013246067500622544,False,False,,,,screen: never raised (t below screen_t or over the cap),0.5114792899408284,-0.013191578607326837,,,582.0,-1.506912533060761,,,0,,,REJECT,False,-0.02643764610794938,,0.0,,
W00000,heldout,6,trending,True,P162,NOISE,strong_nontransferable,,,,0.0,0.004380927854631022,False,False,,,,screen: never raised (t below screen_t or over the cap),0.21686900958466448,0.01042753810839736,,,190.0,0.808802459351827,,,0,,,REJECT,False,0.006046610253766339,,0.0,,
W00000,heldout,6,trending,True,P163,NOISE,strong_nontransferable,,,,0.16666666666666666,0.013451732722932534,False,False,,,,screen: never raised (t below screen_t or over the cap),0.4866666666666667,0.019827626216986305,,,98.0,1.3678308247390936,,,0,,,REJECT,False,0.006375893494053771,,0.0,,
W00000,heldout,6,trending,True,P164,NOISE,strong_nontransferable,,,,0.20833333333333334,0.00911694194678051,False,False,,,,screen: never raised (t below screen_t or over the cap),0.23787985865724381,0.011844662175636733,,,173.0,0.9156709067451934,,,0,,,REJECT,False,0.0027277202288562234,,0.0,,
W00000,heldout,6,trending,True,P165,NOISE,strong_nontransferable,,,,0.041666666666666664,0.005970475896250436,False,False,,,,screen: never raised (t below screen_t or over the cap),0.307906976744186,0.011688438246407085,,,175.0,1.1190669209439892,,,0,,,REJECT,False,0.0057179623501566485,,0.0,,
W00000,heldout,6,trending,True,P166,NOISE,strong_nontransferable,,,,0.0,-0.0018940048584718638,False,False,,,,screen: never raised (t below screen_t or over the cap),0.11063063063063061,-0.004576734564992357,,,462.0,-0.512429493898371,,,0,,,REJECT,False,-0.0026827297065204936,,0.0,,
W00000,heldout,6,trending,True,P167,NOISE,strong_nontransferable,,,,0.2916666666666667,0.015100124638326235,False,False,,,,screen: never raised (t below screen_t or over the cap),0.13155313351498632,0.008331554833325927,,,220.0,0.6144817377738482,,,0,,,REJECT,False,-0.006768569805000308,,0.0,,
W00000,heldout,6,trending,True,P168,NOISE,strong_nontransferable,,,,0.0,0.004195785133384597,False,False,,,,screen: never raised (t below screen_t or over the cap),0.13906849315068492,0.007952263318015906,,,227.0,0.7183612696655973,,,0,,,REJECT,False,0.003756478184631309,,0.0,,
W00000,heldout,6,trending,True,P169,NOISE,strong_nontransferable,,,,0.125,0.008997251330755506,False,False,,,,screen: never raised (t below screen_t or over the cap),0.5251612903225806,-0.0157929414251885,,,598.0,-1.4276787910343238,,,0,,,REJECT,False,-0.024790192755944004,,0.0,,
W00000,heldout,6,trending,True,P170,NOISE,strong_nontransferable,,,,0.20833333333333334,0.01369337960020043,False,False,,,,screen: never raised (t below screen_t or over the cap),0.03323943661971829,-0.0022476072560969063,,,420.0,-0.16643997142235484,,,0,,,REJECT,False,-0.015940986856297336,,0.0,,
W00000,heldout,6,trending,True,P171,NOISE,strong_nontransferable,,,,0.0,0.005903066808859412,False,False,,,,screen: never raised (t below screen_t or over the cap),0.04470588235294104,-0.0028373813097664624,,,430.0,-0.19085849018757206,,,0,,,REJECT,False,-0.008740448118625874,,0.0,,
W00000,heldout,6,trending,True,P172,NOISE,strong_nontransferable,,,,0.0,0.0021476994613627465,False,False,,,,screen: never raised (t below screen_t or over the cap),0.4866666666666667,-0.015046951384569907,,,591.0,-1.4381858034198196,,,0,,,REJECT,False,-0.017194650845932653,,0.0,,
W00000,heldout,6,trending,True,P173,NOISE,strong_nontransferable,,,,0.0,0.0029092707696780806,False,False,,,,screen: never raised (t below screen_t or over the cap),0.0,-3.690477102769041e-05,,,382.0,-0.004125488561975632,,,0,,,REJECT,False,-0.002946175540705771,,0.0,,
W00000,heldout,6,trending,True,P174,NOISE,strong_nontransferable,,,,0.2916666666666667,0.016930122659972752,True,False,,4.0,,"live: FAILED blocked by calibration,complexity,out_of_sample,replication,risk,transfer",0.9023728813559322,0.023074445146059348,1.0,True,66.0,2.1408316209770106,0.5,FAILED,1,,"calibration,complexity,out_of_sample,replication,risk,transfer",UNKNOWN,False,0.006144322486086595,,0.0,,
W00000,heldout,6,trending,True,P175,NOISE,strong_nontransferable,,,,0.08333333333333333,0.00841813394829537,True,False,,3.0,,"live: FAILED blocked by calibration,complexity,out_of_sample,replication,transfer",0.8794202898550725,0.020445632033383367,1.0,True,62.0,2.7319335197233525,0.5833333333333334,FAILED,2,,"calibration,complexity,out_of_sample,replication,transfer",UNKNOWN,False,0.012027498085087997,,0.0,,
W00000,heldout,6,trending,True,P176,NOISE,strong_nontransferable,,,,0.0,0.001557275862080068,False,False,,,,screen: never raised (t below screen_t or over the cap),0.22594594594594597,-0.01177778994506451,,,558.0,-0.8363361899578439,,,0,,,REJECT,False,-0.013335065807144577,,0.0,,
W00000,heldout,6,trending,True,P177,NOISE,strong_nontransferable,,,,0.041666666666666664,0.00735197908766693,False,False,,,,screen: never raised (t below screen_t or over the cap),0.3244444444444444,0.011454245388463624,,,178.0,0.9619518550467748,,,0,,,REJECT,False,0.004102266300796694,,0.0,,
W00000,heldout,6,trending,True,P178,NOISE,strong_nontransferable,,,,0.041666666666666664,0.005143976684220124,False,False,,,,screen: never raised (t below screen_t or over the cap),0.19147928994082852,-0.009787609763845795,,,539.0,-0.743259227367463,,,0,,,REJECT,False,-0.014931586448065918,,0.0,,
W00000,heldout,6,trending,True,P179,NOISE,strong_nontransferable,,,,0.0,0.0006789756533333225,False,False,,,,screen: never raised (t below screen_t or over the cap),0.11063063063063061,0.005470391077120329,,,275.0,0.46735554638987087,,,0,,,REJECT,False,0.004791415423787007,,0.0,,
W00000,heldout,6,trending,True,P180,NOISE,null,,,,0.0,0.0020686610056689556,False,False,,,,screen: never raised (t below screen_t or over the cap),0.09786492374727662,-0.005327343691217179,,,473.0,-0.47054030745491504,,,0,,,REJECT,False,-0.007396004696886135,,0.0,,
W00000,heldout,6,trending,True,P181,NOISE,null,,,,0.0,-0.004486699550427451,False,False,,,,screen: never raised (t below screen_t or over the cap),0.012107765451664032,-0.0004673733512702838,,,385.0,-0.02866372219112519,,,0,,,REJECT,False,0.0040193261991571675,,0.0,,
W00000,heldout,6,trending,True,P182,NOISE,null,,,,0.08333333333333333,0.007514346510137092,True,False,,3.0,,"quarantined: QUARANTINED blocked by calibration,complexity,identity,leakage,out_of_sample,replication,risk,transfer",0.49662921348314604,0.017796793298204258,1.0,True,106.0,1.3763025851237065,0.3333333333333333,QUARANTINED,1,,"calibration,complexity,identity,leakage,out_of_sample,replication,risk,transfer",QUARANTINE,False,0.010282446788067166,,0.0,,
W00000,heldout,6,trending,True,P183,NOISE,null,,,,0.0,-0.0023118009032877724,False,False,,,,screen: never raised (t below screen_t or over the cap),0.21686900958466448,0.008087208933106549,,,225.0,0.7492261800701363,,,0,,,REJECT,False,0.01039900983639432,,0.0,,
W00000,heldout,6,trending,True,P184,NOISE,null,,,,0.0,-0.008062275920142083,False,False,,,,screen: never raised (t below screen_t or over the cap),0.03323943661971829,-0.0021893179140801133,,,419.0,-0.19411299397548928,,,0,,,REJECT,False,0.00587295800606197,,0.0,,
W00000,heldout,6,trending,True,P185,NOISE,null,,,,0.0,0.006426032028540618,False,False,,,,screen: never raised (t below screen_t or over the cap),0.0692089249492901,0.005573775731650188,,,274.0,0.35336344952791593,,,0,,,REJECT,False,-0.0008522562968904298,,0.0,,
W00000,heldout,6,trending,True,P186,NOISE,null,,,,0.041666666666666664,0.005522504409096214,False,False,,,,screen: never raised (t below screen_t or over the cap),0.5669172932330828,-0.020909045466444065,,,619.0,-1.5513818930372614,,,0,,,REJECT,False,-0.026431549875540278,,0.0,,
W00000,heldout,6,trending,True,P187,NOISE,null,,,,0.0,0.004722637407781845,False,False,,,,screen: never raised (t below screen_t or over the cap),0.17581395348837214,0.0065099956355368915,,,252.0,0.5852017862057751,,,0,,,REJECT,False,0.0017873582277550468,,0.0,,
W00000,heldout,6,trending,True,P188,NOISE,null,,,,0.0,-0.0021575599266761684,False,False,,,,screen: never raised (t below screen_t or over the cap),0.11626535626535606,-0.006761857535333926,,,494.0,-0.5553005507157378,,,0,,,REJECT,False,-0.004604297608657758,,0.0,,
W00000,heldout,6,trending,True,P189,NOISE,null,,,,0.0,-0.012827436087786559,True,False,,4.0,,"live: FAILED blocked by calibration,complexity,out_of_sample,replication,reproducibility",0.7090909090909091,0.02058049585089521,-1.0,False,76.0,2.1227344511153867,0.5833333333333334,FAILED,1,,"calibration,complexity,out_of_sample,replication,reproducibility",UNKNOWN,False,0.033407931938681766,,0.0,,
W00000,heldout,6,trending,True,P190,NOISE,identity_null,,,,0.4166666666666667,0.015418580290294281,False,False,,,,screen: never raised (t below screen_t or over the cap),0.05710891089108916,0.0034194395326996307,,,309.0,0.3400512251291075,,,0,,,REJECT,False,-0.01199914075759465,,0.0,,
W00000,heldout,6,trending,True,P191,NOISE,identity_null,,,,0.0,-0.014713322163623109,False,False,,,,screen: never raised (t below screen_t or over the cap),0.2962452107279694,-0.011874163413084282,,,561.0,-1.028349511372571,,,0,,,REJECT,False,0.002839158750538827,,0.0,,
W00000,heldout,6,trending,True,P192,NOISE,identity_null,,,,0.041666666666666664,0.0027984120710103258,False,False,,,,screen: never raised (t below screen_t or over the cap),0.3910679611650486,0.01599687256864102,,,126.0,1.044008804052455,,,0,,,REJECT,False,0.013198460497630692,,0.0,,
W00000,heldout,6,trending,True,P193,NOISE,identity_null,,,,0.0,-0.0036943190664490482,False,False,,,,screen: never raised (t below screen_t or over the cap),0.512,0.019137658499755128,,,100.0,1.3085951252869188,,,0,,,REJECT,False,0.022831977566204177,,0.0,,
W00000,heldout,6,trending,True,P194,NOISE,identity_null,,,,0.25,0.016099654648554052,False,False,,,,screen: never raised (t below screen_t or over the cap),0.0184564860426929,-0.0016164153818646887,,,405.0,-0.12012085279696533,,,0,,,REJECT,False,-0.01771607003041874,,0.0,,
W00000,heldout,6,trending,True,P195,NOISE,identity_null,,,,0.3333333333333333,0.018259952444499166,False,False,,,,screen: never raised (t below screen_t or over the cap),0.49662921348314604,0.022396217908624894,,,80.0,1.3248517850242953,,,0,,,REJECT,False,0.0041362654641257275,,0.0,,
W00000,heldout,6,trending,True,P196,NOISE,identity_null,,,,0.0,-0.014797208156811199,True,False,,4.0,,"live: FAILED blocked by calibration,complexity,out_of_sample,replication,transfer",0.7411235955056179,0.024022316438613595,-1.0,False,57.0,2.1564584687250568,0.5833333333333334,FAILED,1,,"calibration,complexity,out_of_sample,replication,transfer",UNKNOWN,False,0.038819524595424794,,0.0,,
W00000,heldout,6,trending,True,P197,NOISE,identity_null,,,,0.041666666666666664,0.005395241046867817,False,False,,,,screen: never raised (t below screen_t or over the cap),0.22594594594594597,-0.009219267076570115,,,532.0,-0.9052048332224976,,,0,,,REJECT,False,-0.014614508123437932,,0.0,,
W00000,heldout,6,trending,True,P198,NOISE,identity_null,,,,0.0,-0.008528537164429402,False,False,,,,screen: never raised (t below screen_t or over the cap),0.06608349900596422,0.0037518850247665325,,,301.0,0.23890611313540244,,,0,,,REJECT,False,0.012280422189195934,,0.0,,
W00000,heldout,6,trending,True,P199,NOISE,identity_null,,,,0.0,0.0025519222715095708,False,False,,,,screen: never raised (t below screen_t or over the cap),0.008607594936708929,0.0003010438169590568,,,375.0,0.02760833382199114,,,0,,,REJECT,False,-0.002250878454550514,,0.0,,
W00000,heldout,6,trending,True,P200,NOISE,identity_null,,,,0.0,-0.015525675362154576,True,False,,3.0,,"quarantined: QUARANTINED blocked by calibration,complexity,identity,leakage,out_of_sample,replication,transfer",0.6923076923076923,0.018875877720812832,-1.0,False,75.0,1.5617949870091272,0.5833333333333334,QUARANTINED,2,,"calibration,complexity,identity,leakage,out_of_sample,replication,transfer",QUARANTINE,False,0.03440155308296741,,0.0,,
W00000,heldout,6,trending,True,P201,NOISE,identity_null,,,,1.0,0.05303169160345357,True,False,,0.0,,"live: FAILED blocked by calibration,complexity,replication",1.0,0.061723417513151836,1.0,True,22.0,4.28062627687523,0.8333333333333334,FAILED,5,,"calibration,complexity,replication",UNKNOWN,False,0.008691725909698265,,0.0,,
W00000,heldout,6,trending,True,P202,NOISE,identity_null,,,,0.75,0.025138070068509478,True,False,,0.0,,"quarantined: QUARANTINED blocked by calibration,complexity,identity,leakage,out_of_sample,replication,transfer",0.7866666666666666,0.018576824241629257,1.0,True,50.0,2.5039344518331506,0.75,QUARANTINED,4,,"calibration,complexity,identity,leakage,out_of_sample,replication,transfer",QUARANTINE,False,-0.006561245826880221,,0.0,,
W00000,heldout,6,trending,True,P203,NOISE,identity_null,,,,0.0,-0.0034224879981094736,False,False,,,,screen: never raised (t below screen_t or over the cap),0.13906849315068492,-0.009494274539846359,,,534.0,-0.6293892646930903,,,0,,,REJECT,False,-0.006071786541736885,,0.0,,
W00000,heldout,6,trending,True,P204,NOISE,identity_null,,,,0.20833333333333334,0.01065720251668344,False,False,,,,screen: never raised (t below screen_t or over the cap),0.22594594594594597,0.009110249411955484,,,210.0,0.8943287878898898,,,0,,,REJECT,False,-0.0015469531047279557,,0.0,,
W00000,heldout,6,trending,True,P205,NOISE,identity_null,,,,0.0,-0.019164942943699085,False,False,,,,screen: never raised (t below screen_t or over the cap),0.19619047619047625,0.00624549057502799,,,256.0,0.7370871169447532,,,0,,,REJECT,False,0.025410433518727075,,0.0,,
W00000,heldout,6,trending,True,P206,NOISE,identity_null,,,,0.0,-0.006246965343246987,False,False,,,,screen: never raised (t below screen_t or over the cap),0.3865437788018433,-0.011929867068394273,,,563.0,-1.1065173071430872,,,0,,,REJECT,False,-0.005682901725147286,,0.0,,
W00000,heldout,6,trending,True,P207,NOISE,identity_null,,,,0.08333333333333333,0.01358768446335431,True,False,,3.0,,"quarantined: QUARANTINED blocked by calibration,complexity,identity,leakage,out_of_sample,replication,transfer",0.7090909090909091,0.016422386876990037,1.0,True,99.0,1.8007243912660078,0.4166666666666667,QUARANTINED,1,,"calibration,complexity,identity,leakage,out_of_sample,replication,transfer",QUARANTINE,False,0.002834702413635726,,0.0,,
W00000,heldout,6,trending,True,P208,NOISE,identity_null,,,,0.0,0.005653531583533956,False,False,,,,screen: never raised (t below screen_t or over the cap),0.09786492374727662,0.005590098586299885,,,273.0,0.4259251576478768,,,0,,,REJECT,False,-6.343299723407091e-05,,0.0,,
W00000,heldout,6,trending,True,P209,NOISE,identity_null,,,,0.3333333333333333,0.014385667072995689,True,False,,3.0,,"live: FAILED blocked by calibration,complexity,out_of_sample,replication,transfer",1.0,0.029121489541476187,1.0,True,38.0,2.9420802117418927,0.75,FAILED,2,,"calibration,complexity,out_of_sample,replication,transfer",UNKNOWN,False,0.014735822468480498,,0.0,,
W00000,heldout,6,trending,True,P210,NOISE,identity_null,,,,0.0,0.0005436826458319567,True,False,,0.0,,"quarantined: QUARANTINED blocked by calibration,complexity,identity,leakage,out_of_sample,replication,transfer",0.36,0.013850958478376332,1.0,True,131.0,1.2390460994896617,0.6666666666666666,QUARANTINED,4,,"calibration,complexity,identity,leakage,out_of_sample,replication,transfer",QUARANTINE,False,0.013307275832544374,,0.0,,
W00000,heldout,6,trending,True,P211,NOISE,identity_null,,,,0.08333333333333333,0.01012137209147655,False,False,,,,screen: never raised (t below screen_t or over the cap),0.11626535626535606,0.0070659580074680095,,,238.0,0.5322837812229166,,,0,,,REJECT,False,-0.003055414084008541,,0.0,,
W00000,heldout,6,trending,True,P212,NOISE,identity_null,,,,0.7916666666666666,0.025382920504655283,False,False,,,,screen: never raised (t below screen_t or over the cap),0.11063063063063061,0.0070143326394354055,,,239.0,0.525974414497319,,,0,,,REJECT,False,-0.018368587865219877,,0.0,,
W00000,heldout,6,trending,True,P213,NOISE,identity_null,,,,0.9166666666666666,0.029429105707119093,True,False,,2.0,,"live: FAILED blocked by calibration,complexity,out_of_sample,replication",0.9154716981132075,0.03111429594292987,1.0,True,41.0,2.691280808704229,0.6666666666666666,FAILED,3,,"calibration,complexity,out_of_sample,replication",UNKNOWN,False,0.0016851902358107768,,0.0,,
W00000,heldout,6,trending,True,P214,NOISE,identity_null,,,,0.2916666666666667,0.014246002279987707,False,False,,,,screen: never raised (t below screen_t or over the cap),0.033634719710669114,0.0027534349848772344,,,323.0,0.1860978779493528,,,0,,,REJECT,False,-0.011492567295110473,,0.0,,
W00000,heldout,6,trending,True,P215,NOISE,identity_null,,,,0.0,-0.008158296400469467,False,False,,,,screen: never raised (t below screen_t or over the cap),0.21686900958466448,0.010196982497256757,,,194.0,0.8026429195077774,,,0,,,REJECT,False,0.018355278897726222,,0.0,,
W00000,heldout,6,trending,True,P216,NOISE,identity_null,,,,0.0,-0.02150106934830695,True,False,,0.0,,"live: FAILED blocked by calibration,complexity,out_of_sample,replication,risk,transfer",0.7257142857142858,0.02741951607521133,-1.0,False,64.0,2.2960022759356504,0.5,FAILED,5,,"calibration,complexity,out_of_sample,replication,risk,transfer",UNKNOWN,False,0.04892058542351828,,0.0,,
W00000,heldout,6,trending,True,P217,NOISE,identity_null,,,,0.0,0.0019123684364084816,False,False,,,,screen: never raised (t below screen_t or over the cap),0.06608349900596422,0.0034574509673418463,,,307.0,0.28232588110703927,,,0,,,REJECT,False,0.0015450825309333647,,0.0,,
W00000,heldout,6,trending,True,P218,NOISE,identity_null,,,,0.041666666666666664,0.003964589040586528,False,False,,,,screen: never raised (t below screen_t or over the cap),0.20197530864197533,-0.009326682098855288,,,533.0,-0.9151042732985755,,,0,,,REJECT,False,-0.013291271139441816,,0.0,,
W00000,heldout,6,trending,True,P219,NOISE,identity_null,,,,0.0,-0.0011003807928593073,False,False,,,,screen: never raised (t below screen_t or over the cap),0.5515328467153284,-0.024710968305403702,,,628.0,-1.4553775043798567,,,0,,,REJECT,False,-0.023610587512544395,,0.0,,
W00000,heldout,6,trending,True,P220,NOISE,autocorr_trap,,,,0.0,-0.001110385277028027,False,False,,,,screen: never raised (t below screen_t or over the cap),0.11626535626535606,0.008459468831419126,,,219.0,0.47681315692862986,,,0,,,REJECT,False,0.009569854108447153,,0.0,,
W00000,heldout,6,trending,True,P221,NOISE,autocorr_trap,,,,0.041666666666666664,0.005743185959333528,False,False,,,,screen: never raised (t below screen_t or over the cap),0.11063063063063061,0.0050853782012454385,,,282.0,0.4658916481767434,,,0,,,REJECT,False,-0.0006578077580880895,,0.0,,
W00000,heldout,6,trending,True,P222,NOISE,autocorr_trap,,,,0.625,0.02251914042406799,False,False,,,,screen: never raised (t below screen_t or over the cap),0.04116363636363629,0.0031810141605350672,,,313.0,0.19102542289906177,,,0,,,REJECT,False,-0.019338126263532922,,0.0,,
W00000,heldout,6,trending,True,P223,NOISE,autocorr_trap,,,,0.0,-0.00304368134400674,False,False,,,,screen: never raised (t below screen_t or over the cap),0.03323943661971829,0.001965393689586703,,,340.0,0.2161885383496101,,,0,,,REJECT,False,0.005009075033593443,,0.0,,
W00000,heldout,6,trending,True,P224,NOISE,autocorr_trap,,,,0.0,-0.021624799957444207,False,False,,,,screen: never raised (t below screen_t or over the cap),0.04838951310861417,0.003193665300544213,,,312.0,0.3153526558426977,,,0,,,REJECT,False,0.02481846525798842,,0.0,,
W00000,heldout,6,trending,True,P225,NOISE,autocorr_trap,,,,0.0,-0.022176785866680555,False,False,,,,screen: never raised (t below screen_t or over the cap),0.11063063063063061,0.0057527115352346,,,270.0,0.473050845975691,,,0,,,REJECT,False,0.027929497401915155,,0.0,,
W00000,heldout,6,trending,True,P226,NOISE,autocorr_trap,,,,0.0,-0.00792230533750218,False,False,,,,screen: never raised (t below screen_t or over the cap),0.6006400000000001,-0.01610325249021949,,,600.0,-1.6147827582348417,,,0,,,REJECT,False,-0.008180947152717308,,0.0,,
W00000,heldout,6,trending,True,P227,NOISE,autocorr_trap,,,,0.7916666666666666,0.02612284849502303,True,False,,0.0,,"live: FAILED blocked by calibration,complexity,out_of_sample,replication,transfer",1.0,0.03730869889265967,1.0,True,29.0,4.335597335703973,0.6666666666666666,FAILED,5,,"calibration,complexity,out_of_sample,replication,transfer",UNKNOWN,False,0.01118585039763664,,0.0,,
W00000,heldout,6,trending,True,P228,NOISE,autocorr_trap,,,,0.5833333333333334,0.022425787956618346,True,False,,1.0,,"live: FAILED blocked by calibration,complexity,out_of_sample,replication,transfer",0.768,0.025474869340937668,1.0,True,67.0,2.08899197681947,0.6666666666666666,FAILED,4,,"calibration,complexity,out_of_sample,replication,transfer",UNKNOWN,False,0.0030490813843193215,,0.0,,
W00000,heldout,6,trending,True,P229,NOISE,autocorr_trap,,,,0.5833333333333334,0.020473957042111284,False,False,,,,screen: never raised (t below screen_t or over the cap),0.06608349900596422,0.0033051994192246914,,,311.0,0.33250400512350015,,,0,,,REJECT,False,-0.017168757622886593,,0.0,,
W00000,heldout,6,trending,True,P230,NOISE,autocorr_trap,,,,0.0,-0.0017701494611376057,False,False,,,,screen: never raised (t below screen_t or over the cap),0.01475040257648963,-0.0005121158779086699,,,387.0,-0.04550944420107651,,,0,,,REJECT,False,0.0012580335832289358,,0.0,,
W00000,heldout,6,trending,True,P231,NOISE,autocorr_trap,,,,0.0,-0.021779928558373917,False,False,,,,screen: never raised (t below screen_t or over the cap),0.6025806451612903,0.022185569322204057,,,82.0,1.65813299875286,,,0,,,REJECT,False,0.04396549788057798,,0.0,,
W00000,heldout,6,trending,True,P232,NOISE,autocorr_trap,,,,0.0,-0.008480940618570432,False,False,,,,screen: never raised (t below screen_t or over the cap),0.015544715447154522,-0.0010379699904889406,,,396.0,-0.07905929452865611,,,0,,,REJECT,False,0.0074429706280814915,,0.0,,
W00000,heldout,6,trending,True,P233,NOISE,autocorr_trap,,,,0.75,0.025126033075894477,True,False,,0.0,,"quarantined: QUARANTINED blocked by calibration,complexity,identity,leakage,out_of_sample,replication,transfer",0.5179746835443038,0.01622985344272644,1.0,True,121.0,1.4810703477254876,0.5833333333333334,QUARANTINED,2,,"calibration,complexity,identity,leakage,out_of_sample,replication,transfer",QUARANTINE,False,-0.008896179633168036,,0.0,,
W00000,heldout,6,trending,True,P234,NOISE,autocorr_trap,,,,0.0,-0.0049669057795549715,False,False,,,,screen: never raised (t below screen_t or over the cap),0.5114792899408284,0.018780928440046862,,,102.0,1.4675376648433465,,,0,,,REJECT,False,0.023747834219601832,,0.0,,
W00000,heldout,6,trending,True,P235,NOISE,autocorr_trap,,,,0.0,0.0027037165901116164,True,False,,0.0,,"quarantined: QUARANTINED blocked by calibration,complexity,identity,leakage,out_of_sample,replication,transfer",0.11063063063063061,0.019960950224461958,-1.0,False,501.0,-0.4928949251901567,0.5833333333333334,QUARANTINED,3,,"calibration,complexity,identity,leakage,out_of_sample,replication,transfer",QUARANTINE,False,0.01725723363435034,,0.0,,
W00000,heldout,6,trending,True,P236,NOISE,autocorr_trap,,,,0.0,-0.0135856205989752,False,False,,,,screen: never raised (t below screen_t or over the cap),0.7090909090909091,0.020998039083277686,,,89.0,1.8374221159489206,,,0,,,REJECT,False,0.03458365968225289,,0.0,,
W00000,heldout,6,trending,True,P237,NOISE,autocorr_trap,,,,0.0,-0.00854075401342347,False,False,,,,screen: never raised (t below screen_t or over the cap),0.21686900958466448,-0.010120497963355457,,,541.0,-0.9238743078839533,,,0,,,REJECT,False,-0.001579743949931987,,0.0,,
W00000,heldout,6,trending,True,P238,NOISE,autocorr_trap,,,,0.0,0.0005753401251179808,False,False,,,,screen: never raised (t below screen_t or over the cap),0.09786492374727662,0.004457046686517807,,,291.0,0.42739531580995754,,,0,,,REJECT,False,0.0038817065613998263,,0.0,,
W00000,heldout,6,trending,True,P239,NOISE,autocorr_trap,,,,0.041666666666666664,0.005846933400936502,False,False,,,,screen: never raised (t below screen_t or over the cap),0.7056,-0.020054002618285938,,,616.0,-1.7072582748074285,,,0,,,REJECT,False,-0.02590093601922244,,0.0,,
W00000,heldout,6,trending,True,P240,NOISE,autocorr_trap,,,,0.041666666666666664,0.007014464761839714,False,False,,,,screen: never raised (t below screen_t or over the cap),0.04838951310861417,0.0028515442064820373,,,321.0,0.260863635417712,,,0,,,REJECT,False,-0.004162920555357677,,0.0,,
W00000,heldout,6,trending,True,P241,NOISE,autocorr_trap,,,,0.08333333333333333,0.009859897682294689,False,False,,,,screen: never raised (t below screen_t or over the cap),0.8916923076923077,-0.024297801607071567,,,627.0,-3.1625639742901184,,,0,,,REJECT,False,-0.03415769928936625,,0.0,,
W00000,heldout,6,trending,True,P242,NOISE,autocorr_trap,,,,0.041666666666666664,0.004648161996384068,False,False,,,,screen: never raised (t below screen_t or over the cap),0.04116363636363629,0.0022716414767842696,,,335.0,0.18947877996582244,,,0,,,REJECT,False,-0.002376520519599798,,0.0,,
W00000,heldout,6,trending,True,P243,NOISE,autocorr_trap,,,,0.041666666666666664,0.002062410725660225,False,False,,,,screen: never raised (t below screen_t or over the cap),0.5059649122807017,0.018056200916559906,,,109.0,1.5239901436284684,,,0,,,REJECT,False,0.015993790190899682,,0.0,,
W00000,heldout,6,trending,True,P244,NOISE,autocorr_trap,,,,0.5416666666666666,0.021062225343775488,False,False,,,,screen: never raised (t below screen_t or over the cap),0.012107765451664032,0.00043007794509497543,,,374.0,0.034026457492480344,,,0,,,REJECT,False,-0.020632147398680512,,0.0,,
W00000,heldout,6,trending,True,P245,NOISE,autocorr_trap,,,,0.0,-0.005212616565545573,False,False,,,,screen: never raised (t below screen_t or over the cap),0.06608349900596422,-0.0038334278799166954,,,448.0,-0.2936985757574836,,,0,,,REJECT,False,0.0013791886856288774,,0.0,,
W00000,heldout,6,trending,True,P246,NOISE,autocorr_trap,,,,0.0,-0.010959860512065227,False,False,,,,screen: never raised (t below screen_t or over the cap),0.09786492374727662,0.004038486547058628,,,298.0,0.474244145454898,,,0,,,REJECT,False,0.014998347059123856,,0.0,,
W00000,heldout,6,trending,True,P247,NOISE,autocorr_trap,,,,0.041666666666666664,0.005752100161341489,False,False,,,,screen: never raised (t below screen_t or over the cap),0.04838951310861417,-0.0030960665238838336,,,434.0,-0.24180283031547786,,,0,,,REJECT,False,-0.008848166685225322,,0.0,,
W00000,heldout,6,trending,True,P248,NOISE,autocorr_trap,,,,0.08333333333333333,0.006646287440064202,True,False,,0.0,,"quarantined: QUARANTINED blocked by calibration,complexity,identity,leakage,out_of_sample,replication,transfer",0.21463722397476337,0.01685405584138569,1.0,True,204.0,0.8926284088880257,0.5833333333333334,QUARANTINED,2,,"calibration,complexity,identity,leakage,out_of_sample,replication,transfer",QUARANTINE,False,0.010207768401321489,,0.0,,
W00000,heldout,6,trending,True,P249,NOISE,autocorr_trap,,,,0.0,-0.002936014470224602,False,False,,,,screen: never raised (t below screen_t or over the cap),0.22594594594594597,0.00932968214874641,,,208.0,0.7544020935246138,,,0,,,REJECT,False,0.012265696618971013,,0.0,,
W00000,heldout,6,trending,True,P250,NOISE,autocorr_trap,,,,0.0,0.006471258394807479,False,False,,,,screen: never raised (t below screen_t or over the cap),0.07512195121951226,0.004097384993290487,,,296.0,0.3465264317948798,,,0,,,REJECT,False,-0.002373873401516992,,0.0,,
W00000,heldout,6,trending,True,P251,NOISE,autocorr_trap,,,,0.0,-0.029170630964488103,True,False,,1.0,,"live: FAILED blocked by calibration,complexity,out_of_sample,replication",0.9069090909090909,0.0360171249833421,-1.0,False,32.0,2.5311442786967815,0.75,FAILED,4,,"calibration,complexity,out_of_sample,replication",UNKNOWN,False,0.0651877559478302,,0.0,,
W00000,heldout,6,trending,True,P252,NOISE,autocorr_trap,,,,0.0,-0.021859772838253223,False,False,,,,screen: never raised (t below screen_t or over the cap),0.9,-0.034273966527818056,,,636.0,-2.912022462556893,,,0,,,REJECT,False,-0.012414193689564833,,0.0,,
W00000,heldout,6,trending,True,P253,NOISE,autocorr_trap,,,,0.125,0.00843856223508901,False,False,,,,screen: never raised (t below screen_t or over the cap),0.35464435146443507,0.010993116748855503,,,182.0,0.9640185186099837,,,0,,,REJECT,False,0.0025545545137664934,,0.0,,
W00000,heldout,6,trending,True,P254,NOISE,autocorr_trap,,,,0.0,-0.04159709007980099,True,False,,0.0,,"live: FAILED blocked by calibration,complexity,replication",1.0,0.04523014293474669,-1.0,False,25.0,4.141261126326049,0.8333333333333334,FAILED,5,,"calibration,complexity,replication",UNKNOWN,False,0.08682723301454767,,0.0,,
W00000,heldout,6,trending,True,P255,NOISE,autocorr_trap,,,,0.125,0.010375641431356747,False,False,,,,screen: never raised (t below screen_t or over the cap),0.033634719710669114,0.0023422248426725467,,,332.0,0.19991790267417753,,,0,,,REJECT,False,-0.0080334165886842,,0.0,,
W00000,heldout,6,trending,True,P256,NOISE,autocorr_trap,,,,0.0,-0.0028113965689056616,False,False,,,,screen: never raised (t below screen_t or over the cap),0.11626535626535606,-0.0056922063721878136,,,481.0,-0.5832043019921985,,,0,,,REJECT,False,-0.002880809803282152,,0.0,,
W00000,heldout,6,trending,True,P257,NOISE,autocorr_trap,,,,0.0,-0.027061491494828296,True,False,,0.0,,"quarantined: QUARANTINED blocked by calibration,complexity,identity,leakage,out_of_sample,replication,transfer",1.0,0.014894786544870609,-1.0,False,28.0,3.9262718766101683,0.4166666666666667,QUARANTINED,1,,"calibration,complexity,identity,leakage,out_of_sample,replication,transfer",QUARANTINE,False,0.041956278039698904,,0.0,,
W00000,heldout,6,trending,True,P258,NOISE,autocorr_trap,,,,0.2916666666666667,0.01611715060900216,False,False,,,,screen: never raised (t below screen_t or over the cap),0.36568888888888884,0.015162333013887253,,,134.0,1.1923829364676684,,,0,,,REJECT,False,-0.0009548175951149089,,0.0,,
W00000,heldout,6,trending,True,P259,NOISE,autocorr_trap,,,,0.25,0.016867057845445156,False,False,,,,screen: never raised (t below screen_t or over the cap),0.6053333333333333,0.016449497546362712,,,124.0,1.8754198635925867,,,0,,,REJECT,False,-0.0004175602990824437,,0.0,,
W00000,heldout,6,trending,True,P260,NOISE,autocorr_trap,,,,0.0,-0.014141023378564958,False,False,,,,screen: never raised (t below screen_t or over the cap),0.39783251231527084,-0.015028349551644615,,,590.0,-1.2408952573209855,,,0,,,REJECT,False,-0.0008873261730796573,,0.0,,
W00000,heldout,6,trending,True,P261,NOISE,autocorr_trap,,,,0.08333333333333333,0.006180188145537684,True,False,,1.0,,"quarantined: QUARANTINED blocked by calibration,complexity,identity,leakage,out_of_sample,replication,transfer",0.04470588235294104,0.01784159281701135,1.0,True,422.0,-0.20259055476339752,0.4166666666666667,QUARANTINED,1,,"calibration,complexity,identity,leakage,out_of_sample,replication,transfer",QUARANTINE,False,0.011661404671473667,,0.0,,
W00000,heldout,6,trending,True,P262,NOISE,autocorr_trap,,,,0.875,0.028227738505147235,True,False,,0.0,,"live: FAILED blocked by calibration,complexity,out_of_sample,replication,risk,transfer",0.7147826086956521,0.02794732507542091,1.0,True,84.0,1.9837346613183995,0.5833333333333334,FAILED,5,,"calibration,complexity,out_of_sample,replication,risk,transfer",UNKNOWN,False,-0.00028041342972632416,,0.0,,
W00000,heldout,6,trending,True,P263,NOISE,autocorr_trap,,,,0.0,-0.007126628317542954,False,False,,,,screen: never raised (t below screen_t or over the cap),0.28212927756653994,-0.01162298397085798,,,556.0,-1.0005648714461715,,,0,,,REJECT,False,-0.004496355653315027,,0.0,,
W00000,heldout,6,trending,True,P264,NOISE,autocorr_trap,,,,0.0,-0.013839398640176468,False,False,,,,screen: never raised (t below screen_t or over the cap),0.09187368421052633,0.006608615650941174,,,249.0,0.3405941731536506,,,0,,,REJECT,False,0.020448014291117644,,0.0,,
W00000,heldout,6,trending,True,P265,NOISE,autocorr_trap,,,,0.0,-0.001119603626978453,False,False,,,,screen: never raised (t below screen_t or over the cap),0.04838951310861417,-0.0030162891119959734,,,433.0,-0.24948959486501496,,,0,,,REJECT,False,-0.0018966854850175205,,0.0,,
W00000,heldout,6,trending,True,P266,NOISE,autocorr_trap,,,,0.4166666666666667,0.01332745325156721,False,False,,,,screen: never raised (t below screen_t or over the cap),0.07613963039014382,0.004542333472438043,,,290.0,0.36669555116567953,,,0,,,REJECT,False,-0.008785119779129167,,0.0,,
W00000,heldout,6,trending,True,P267,NOISE,autocorr_trap,,,,0.08333333333333333,0.011286779311810928,True,False,,0.0,,"quarantined: QUARANTINED blocked by calibration,complexity,identity,leakage,out_of_sample,replication,transfer",0.5466666666666666,0.018498514793690305,1.0,True,116.0,1.469690416110032,0.5833333333333334,QUARANTINED,2,,"calibration,complexity,identity,leakage,out_of_sample,replication,transfer",QUARANTINE,False,0.007211735481879377,,0.0,,
W00000,heldout,6,trending,True,P268,NOISE,autocorr_trap,,,,0.0,-0.011570606993530106,False,False,,,,screen: never raised (t below screen_t or over the cap),0.7411235955056179,0.02313693393382521,,,73.0,1.9321365644061568,,,0,,,REJECT,False,0.03470754092735531,,0.0,,
W00000,heldout,6,trending,True,P269,NOISE,autocorr_trap,,,,0.0,-0.005607119946592998,True,False,,1.0,,"live: FAILED blocked by calibration,complexity,out_of_sample,replication,transfer",0.3260408163265306,0.020702721882235525,-1.0,False,171.0,1.0639524503349176,0.6666666666666666,FAILED,4,,"calibration,complexity,out_of_sample,replication,transfer",UNKNOWN,False,0.026309841828828524,,0.0,,
W00000,heldout,6,trending,True,P270,NOISE,regime_corr,,,,0.0,0.00028254463401759236,False,False,,,,screen: never raised (t below screen_t or over the cap),0.09786492374727662,-0.005894032875335187,,,486.0,-0.43984853406685753,,,0,,,REJECT,False,-0.0061765775093527795,,0.0,,
W00000,heldout,6,trending,True,P271,NOISE,regime_corr,,,,0.0,-0.013116853673025314,False,False,,,,screen: never raised (t below screen_t or over the cap),0.11626535626535606,0.008955679495418867,,,214.0,0.5087866316229105,,,0,,,REJECT,False,0.02207253316844418,,0.0,,
W00000,heldout,6,trending,True,P272,NOISE,regime_corr,,,,0.041666666666666664,-0.0027926659706559945,False,False,,,,screen: never raised (t below screen_t or over the cap),0.03323943661971829,0.0023477625265762025,,,330.0,0.13914007585259003,,,0,,,REJECT,False,0.005140428497232197,,0.0,,
W00000,heldout,6,trending,True,P273,NOISE,regime_corr,,,,0.0,0.0018779002015650516,True,False,,0.0,,"live: FAILED blocked by calibration,complexity,out_of_sample,replication,transfer",0.6918518518518518,0.0276300471595997,-1.0,False,95.0,1.9198430004656026,0.75,FAILED,5,,"calibration,complexity,out_of_sample,replication,transfer",UNKNOWN,False,0.025752146958034648,,0.0,,
W00000,heldout,6,trending,True,P274,NOISE,regime_corr,,,,0.0,-0.006807307230057687,False,False,,,,screen: never raised (t below screen_t or over the cap),0.21463722397476337,-0.00970476027303191,,,536.0,-0.8974246591010223,,,0,,,REJECT,False,-0.0028974530429742226,,0.0,,
W00000,heldout,6,trending,True,P275,NOISE,regime_corr,,,,0.0,-0.002774295846998114,False,False,,,,screen: never raised (t below screen_t or over the cap),0.39076923076923076,0.01879234063687185,,,101.0,1.2728339105791728,,,0,,,REJECT,False,0.021566636483869965,,0.0,,
W00000,heldout,6,trending,True,P276,NOISE,regime_corr,,,,0.0,0.0007674322024639834,False,False,,,,screen: never raised (t below screen_t or over the cap),0.11276283618581906,-0.006951393552096896,,,497.0,-0.5131977095087745,,,0,,,REJECT,False,-0.007718825754560879,,0.0,,
W00000,heldout,6,trending,True,P277,NOISE,regime_corr,,,,0.0,0.002436663524594003,False,False,,,,screen: never raised (t below screen_t or over the cap),0.5372972972972972,-0.015311140265018508,,,592.0,-1.5273204025676852,,,0,,,REJECT,False,-0.01774780378961251,,0.0,,
W00000,heldout,6,trending,True,P278,NOISE,regime_corr,,,,0.0,0.0008348041407049715,False,False,,,,screen: never raised (t below screen_t or over the cap),0.0184564860426929,-0.0013236629983982007,,,399.0,-0.10198663603662446,,,0,,,REJECT,False,-0.0021584671391031724,,0.0,,
W00000,heldout,6,trending,True,P279,NOISE,regime_corr,,,,0.041666666666666664,0.008004072269625077,False,False,,,,screen: never raised (t below screen_t or over the cap),0.0184564860426929,-0.0013849740219900042,,,403.0,-0.08501611441446394,,,0,,,REJECT,False,-0.009389046291615081,,0.0,,
W00000,heldout,6,trending,True,P280,NOISE,regime_corr,,,,0.0,-0.007054846037646231,False,False,,,,screen: never raised (t below screen_t or over the cap),0.05704142011834323,-0.003579154463107026,,,444.0,-0.29460372192123985,,,0,,,REJECT,False,0.0034756915745392048,,0.0,,
W00000,heldout,6,trending,True,P281,NOISE,regime_corr,,,,0.0,-0.016594217458288093,False,False,,,,screen: never raised (t below screen_t or over the cap),0.11063063063063061,0.005990490231790435,,,265.0,0.5061054778683883,,,0,,,REJECT,False,0.022584707690078528,,0.0,,
W00000,heldout,6,trending,True,P282,NOISE,regime_corr,,,,0.0,-0.004741687587866382,False,False,,,,screen: never raised (t below screen_t or over the cap),0.8794202898550725,-0.027856290335874057,,,631.0,-2.9092075044711594,,,0,,,REJECT,False,-0.023114602748007675,,0.0,,
W00000,heldout,6,trending,True,P283,NOISE,regime_corr,,,,0.0,-0.00889826332789023,False,False,,,,screen: never raised (t below screen_t or over the cap),0.01475040257648963,-0.0007045083690051523,,,392.0,-0.05538055327587308,,,0,,,REJECT,False,0.008193754958885078,,0.0,,
W00000,heldout,6,trending,True,P284,NOISE,regime_corr,,,,0.0,0.003721733234608446,False,False,,,,screen: never raised (t below screen_t or over the cap),0.03050610820244326,0.0017248774653128018,,,344.0,0.13701232544167863,,,0,,,REJECT,False,-0.001996855769295644,,0.0,,
W00000,heldout,6,trending,True,P285,NOISE,regime_corr,,,,0.0,0.003625136167800897,False,False,,,,screen: never raised (t below screen_t or over the cap),0.3244444444444444,-0.01135516290944083,,,554.0,-1.0863685148860485,,,0,,,REJECT,False,-0.014980299077241728,,0.0,,
W00000,heldout,6,trending,True,P286,NOISE,regime_corr,,,,0.0,-0.003959831840821928,False,False,,,,screen: never raised (t below screen_t or over the cap),0.319843137254902,0.011007025814140814,,,181.0,1.1974596471195111,,,0,,,REJECT,False,0.014966857654962742,,0.0,,
W00000,heldout,6,trending,True,P287,NOISE,regime_corr,,,,0.0,-0.006469348867586358,False,False,,,,screen: never raised (t below screen_t or over the cap),0.04838951310861417,-0.0034258818284158554,,,440.0,-0.2611424680857362,,,0,,,REJECT,False,0.003043467039170503,,0.0,,
W00000,heldout,6,trending,True,P288,NOISE,regime_corr,,,,0.041666666666666664,-0.00045620160649862123,False,False,,,,screen: never raised (t below screen_t or over the cap),0.03323943661971829,-0.0014403334447560256,,,404.0,-0.15287004853614736,,,0,,,REJECT,False,-0.0009841318382574045,,0.0,,
W00000,heldout,6,trending,True,P289,NOISE,regime_corr,,,,0.0,-0.004109094639485016,False,False,,,,screen: never raised (t below screen_t or over the cap),0.11626535626535606,-0.008085913298268965,,,519.0,-0.5538896743997559,,,0,,,REJECT,False,-0.003976818658783949,,0.0,,
W00000,heldout,6,trending,True,P290,NOISE,vol_corr,,,,0.0,-0.021798536348335264,False,False,,,,screen: never raised (t below screen_t or over the cap),0.319843137254902,0.01402897456108776,,,147.0,1.102013608957373,,,0,,,REJECT,False,0.03582751090942302,,0.0,,
W00000,heldout,6,trending,True,P291,NOISE,vol_corr,,,,0.0,-0.022170218102636596,False,False,,,,screen: never raised (t below screen_t or over the cap),0.7257142857142858,0.023880789746887232,,,68.0,1.7776146298929354,,,0,,,REJECT,False,0.04605100784952383,,0.0,,
W00000,heldout,6,trending,True,P292,NOISE,vol_corr,,,,0.0,-0.01752626124601728,False,False,,,,screen: never raised (t below screen_t or over the cap),0.26388278388278386,0.011043998293793544,,,180.0,0.8983325242884417,,,0,,,REJECT,False,0.028570259539810825,,0.0,,
W00000,heldout,6,trending,True,P293,NOISE,vol_corr,,,,0.0,-0.025558239431586013,True,False,,3.0,,"quarantined: QUARANTINED blocked by calibration,complexity,identity,leakage,out_of_sample,replication,transfer",0.6326956521739131,0.017497824412244744,-1.0,False,132.0,1.528030324316736,0.5833333333333334,QUARANTINED,2,,"calibration,complexity,identity,leakage,out_of_sample,replication,transfer",QUARANTINE,False,0.04305606384383076,,0.0,,
W00000,heldout,6,trending,True,P294,NOISE,vol_corr,,,,0.0,-0.01765453409017153,False,False,,,,screen: never raised (t below screen_t or over the cap),0.5179746835443038,0.015244726465952874,,,133.0,1.5245507774994225,,,0,,,REJECT,False,0.0328992605561244,,0.0,,
W00000,heldout,6,trending,True,P295,NOISE,vol_corr,,,,0.0,-0.01855769556696984,True,False,,3.0,,"live: FAILED blocked by calibration,complexity,out_of_sample,replication",0.7922077922077921,0.02048643599775301,-1.0,False,96.0,2.1741117851600116,0.6666666666666666,FAILED,2,,"calibration,complexity,out_of_sample,replication",UNKNOWN,False,0.03904413156472285,,0.0,,
W00000,heldout,6,trending,True,P296,NOISE,vol_corr,,,,0.0,-0.019760175730391502,True,False,,3.0,,"live: FAILED blocked by calibration,complexity,out_of_sample,replication",0.9,0.030918987514616268,-1.0,False,47.0,2.105075257237889,0.6666666666666666,FAILED,2,,"calibration,complexity,out_of_sample,replication",UNKNOWN,False,0.05067916324500777,,0.0,,
W00000,heldout,6,trending,True,P297,NOISE,vol_corr,,,,0.0,-0.01350932477501852,True,False,,3.0,,"live: FAILED blocked by calibration,complexity,out_of_sample,replication,transfer",0.5466666666666666,0.025348294626846436,-1.0,False,107.0,1.6213534352943253,0.5833333333333334,FAILED,2,,"calibration,complexity,out_of_sample,replication,transfer",UNKNOWN,False,0.038857619401864954,,0.0,,
W00000,heldout,6,trending,True,P298,NOISE,vol_corr,,,,0.0,-0.018731990806284068,True,False,,3.0,,"live: FAILED blocked by calibration,complexity,out_of_sample,replication,transfer",0.8836363636363637,0.026630928481478394,-1.0,False,52.0,2.370675986202638,0.5833333333333334,FAILED,2,,"calibration,complexity,out_of_sample,replication,transfer",UNKNOWN,False,0.04536291928776246,,0.0,,
W00000,heldout,6,trending,True,P299,NOISE,vol_corr,,,,0.0,-0.015354595533650628,False,False,,,,screen: never raised (t below screen_t or over the cap),0.5114792899408284,0.01872846208651402,,,105.0,1.3407484835771772,,,0,,,REJECT,False,0.03408305762016465,,0.0,,
W00000,heldout,6,trending,True,P300,NOISE,vol_corr,,,,0.0,-0.019895929238541235,False,False,,,,screen: never raised (t below screen_t or over the cap),0.768,0.02309284355299357,,,74.0,1.9046637510018027,,,0,,,REJECT,False,0.042988772791534804,,0.0,,
W00000,heldout,6,trending,True,P301,NOISE,vol_corr,,,,0.0,-0.018359512571683157,True,False,,3.0,,"quarantined: QUARANTINED blocked by calibration,complexity,identity,leakage,out_of_sample,replication,transfer",0.8557746478873239,0.01753379765297523,-1.0,False,70.0,2.536810706225319,0.4166666666666667,QUARANTINED,1,,"calibration,complexity,identity,leakage,out_of_sample,replication,transfer",QUARANTINE,False,0.03589331022465839,,0.0,,
W00000,heldout,6,trending,True,P302,NOISE,vol_corr,,,,0.0,-0.02229834821704786,False,False,,,,screen: never raised (t below screen_t or over the cap),0.490752688172043,0.014142743818889358,,,144.0,1.308094923312498,,,0,,,REJECT,False,0.03644109203593722,,0.0,,
W00000,heldout,6,trending,True,P303,NOISE,vol_corr,,,,0.0,-0.01909580957242737,False,False,,,,screen: never raised (t below screen_t or over the cap),0.5529411764705883,0.015844889684974217,,,127.0,1.322470650353269,,,0,,,REJECT,False,0.03494069925740159,,0.0,,
W00000,heldout,6,trending,True,P304,NOISE,vol_corr,,,,0.0,-0.016237595367238625,False,False,,,,screen: never raised (t below screen_t or over the cap),0.6127731092436974,0.020001127579201583,,,97.0,1.6572804373633743,,,0,,,REJECT,False,0.036238722946440205,,0.0,,
W00000,heldout,6,trending,True,P305,NOISE,vol_corr,,,,0.0,-0.02523694457871029,True,False,,4.0,,"live: FAILED blocked by calibration,complexity,out_of_sample,replication,risk",0.8063157894736842,0.030228299780425582,-1.0,False,53.0,2.2665157149384307,0.5833333333333334,FAILED,1,,"calibration,complexity,out_of_sample,replication,risk",UNKNOWN,False,0.05546524435913587,,0.0,,
W00000,heldout,6,trending,True,P306,NOISE,vol_corr,,,,0.0,-0.02165557193655116,False,False,,,,screen: never raised (t below screen_t or over the cap),0.22594594594594597,0.012058058997769239,,,170.0,0.7982073355799363,,,0,,,REJECT,False,0.0337136309343204,,0.0,,
W00000,heldout,6,trending,True,P307,NOISE,vol_corr,,,,0.0,-0.02269624150615183,False,False,,,,screen: never raised (t below screen_t or over the cap),0.3904761904761904,0.013221654593966736,,,157.0,1.2020256887308474,,,0,,,REJECT,False,0.03591789610011857,,0.0,,
W00000,heldout,6,trending,True,P308,NOISE,vol_corr,,,,0.0,-0.021263972346540976,True,False,,3.0,,"quarantined: QUARANTINED blocked by calibration,complexity,identity,leakage,out_of_sample,replication,transfer",0.7411235955056179,0.02006924446040657,-1.0,False,91.0,1.9602865708130504,0.4166666666666667,QUARANTINED,1,,"calibration,complexity,identity,leakage,out_of_sample,replication,transfer",QUARANTINE,False,0.04133321680694754,,0.0,,
W00000,heldout,6,trending,True,P309,NOISE,vol_corr,,,,0.0,-0.012534315398085315,False,False,,,,screen: never raised (t below screen_t or over the cap),0.11063063063063061,0.006929315122110702,,,244.0,0.5412116226941215,,,0,,,REJECT,False,0.019463630520196017,,0.0,,
W00000,heldout,6,trending,True,P310,NOISE,sample_size,,,,0.0,0.0,False,False,,,,screen: never raised (t below screen_t or over the cap),0.0,,,,658.0,,,,0,,,REJECT,False,,,0.0,,
W00000,heldout,6,trending,True,P311,NOISE,sample_size,,,,0.0,0.0,False,False,,,,screen: never raised (t below screen_t or over the cap),0.0,,,,659.0,,,,0,,,REJECT,False,,,0.0,,
W00000,heldout,6,trending,True,P312,NOISE,sample_size,,,,0.0,0.0,False,False,,,,screen: never raised (t below screen_t or over the cap),0.0,,,,650.0,,,,0,,,REJECT,False,,,0.0,,
W00000,heldout,6,trending,True,P313,NOISE,sample_size,,,,0.0,0.0,False,False,,,,screen: never raised (t below screen_t or over the cap),0.0,,,,649.0,,,,0,,,REJECT,False,,,0.0,,
W00000,heldout,6,trending,True,P314,NOISE,sample_size,,,,0.0,0.0,False,False,,,,screen: never raised (t below screen_t or over the cap),0.0,,,,641.0,,,,0,,,REJECT,False,,,0.0,,
W00000,heldout,6,trending,True,P315,NOISE,sample_size,,,,0.0,0.0,False,False,,,,screen: never raised (t below screen_t or over the cap),0.0,,,,652.0,,,,0,,,REJECT,False,,,0.0,,
W00000,heldout,6,trending,True,P316,NOISE,sample_size,,,,0.0,0.0,False,False,,,,screen: never raised (t below screen_t or over the cap),0.0,,,,654.0,,,,0,,,REJECT,False,,,0.0,,
W00000,heldout,6,trending,True,P317,NOISE,sample_size,,,,0.0,0.0,False,False,,,,screen: never raised (t below screen_t or over the cap),0.0,,,,645.0,,,,0,,,REJECT,False,,,0.0,,
W00000,heldout,6,trending,True,P318,NOISE,sample_size,,,,0.0,0.0,False,False,,,,screen: never raised (t below screen_t or over the cap),0.0,,,,642.0,,,,0,,,REJECT,False,,,0.0,,
W00000,heldout,6,trending,True,P319,NOISE,sample_size,,,,0.0,0.0,False,False,,,,screen: never raised (t below screen_t or over the cap),0.0,,,,657.0,,,,0,,,REJECT,False,,,0.0,,
W00000,heldout,6,trending,True,P320,NOISE,sample_size,,,,0.0,0.0,False,False,,,,screen: never raised (t below screen_t or over the cap),0.0,,,,640.0,,,,0,,,REJECT,False,,,0.0,,
W00000,heldout,6,trending,True,P321,NOISE,sample_size,,,,0.0,0.0,False,False,,,,screen: never raised (t below screen_t or over the cap),0.0,,,,644.0,,,,0,,,REJECT,False,,,0.0,,
W00000,heldout,6,trending,True,P322,NOISE,sample_size,,,,0.0,0.0,False,False,,,,screen: never raised (t below screen_t or over the cap),0.0,,,,643.0,,,,0,,,REJECT,False,,,0.0,,
W00000,heldout,6,trending,True,P323,NOISE,sample_size,,,,0.0,0.0,False,False,,,,screen: never raised (t below screen_t or over the cap),0.0,,,,647.0,,,,0,,,REJECT,False,,,0.0,,
W00000,heldout,6,trending,True,P324,NOISE,sample_size,,,,0.0,0.0,False,False,,,,screen: never raised (t below screen_t or over the cap),0.0,,,,653.0,,,,0,,,REJECT,False,,,0.0,,
W00000,heldout,6,trending,True,P325,NOISE,sample_size,,,,0.0,0.0,False,False,,,,screen: never raised (t below screen_t or over the cap),0.0,,,,651.0,,,,0,,,REJECT,False,,,0.0,,
W00000,heldout,6,trending,True,P326,NOISE,sample_size,,,,0.0,0.0,False,False,,,,screen: never raised (t below screen_t or over the cap),0.0,,,,648.0,,,,0,,,REJECT,False,,,0.0,,
W00000,heldout,6,trending,True,P327,NOISE,sample_size,,,,0.0,0.0,False,False,,,,screen: never raised (t below screen_t or over the cap),0.0,,,,646.0,,,,0,,,REJECT,False,,,0.0,,
W00000,heldout,6,trending,True,P328,NOISE,sample_size,,,,0.0,0.0,False,False,,,,screen: never raised (t below screen_t or over the cap),0.0,,,,656.0,,,,0,,,REJECT,False,,,0.0,,
W00000,heldout,6,trending,True,P329,NOISE,sample_size,,,,0.0,0.0,False,False,,,,screen: never raised (t below screen_t or over the cap),0.0,,,,655.0,,,,0,,,REJECT,False,,,0.0,,
W00000,heldout,6,trending,True,P330,NOISE,mt_winner,,,,0.041666666666666664,0.00010406239779746392,False,False,,,,screen: never raised (t below screen_t or over the cap),0.20197530864197533,0.012091205195477572,,,169.0,0.7317664602502351,,,0,,,REJECT,False,0.011987142797680109,,0.0,,
W00000,heldout,6,trending,True,P331,NOISE,mt_winner,,,,0.041666666666666664,0.0036324616965192026,False,False,,,,screen: never raised (t below screen_t or over the cap),0.22594594594594597,-0.010577002923078671,,,546.0,-0.8645935889821773,,,0,,,REJECT,False,-0.014209464619597875,,0.0,,
W00000,heldout,6,trending,True,P332,NOISE,mt_winner,,,,0.0,-0.010841158424250166,False,False,,,,screen: never raised (t below screen_t or over the cap),0.6653211009174311,-0.020413862344365596,,,617.0,-1.5273111351165514,,,0,,,REJECT,False,-0.00957270392011543,,0.0,,
W00000,heldout,6,trending,True,P333,NOISE,mt_winner,,,,0.0,-0.0024671245204526543,False,False,,,,screen: never raised (t below screen_t or over the cap),0.4077611940298508,0.01384169611687347,,,149.0,1.1535380389282244,,,0,,,REJECT,False,0.016308820637326124,,0.0,,
W00000,heldout,6,trending,True,P334,NOISE,mt_winner,,,,0.0,-0.019033670523902493,False,False,,,,screen: never raised (t below screen_t or over the cap),0.2733834586466165,-0.011745133609921354,,,557.0,-0.9321684795539327,,,0,,,REJECT,False,0.007288536913981139,,0.0,,
W00000,heldout,6,trending,True,P335,NOISE,mt_winner,,,,0.0,-0.0010888974048198995,False,False,,,,screen: never raised (t below screen_t or over the cap),0.04838951310861417,0.0038805771459615723,,,300.0,0.2898592690198486,,,0,,,REJECT,False,0.004969474550781472,,0.0,,
W00000,heldout,6,trending,True,P336,NOISE,mt_winner,,,,0.041666666666666664,-0.0024009704119789697,False,False,,,,screen: never raised (t below screen_t or over the cap),0.19619047619047625,0.010250285958429695,,,193.0,0.7058717507765202,,,0,,,REJECT,False,0.012651256370408665,,0.0,,
W00000,heldout,6,trending,True,P337,NOISE,mt_winner,,,,0.041666666666666664,0.003817992147759558,False,False,,,,screen: never raised (t below screen_t or over the cap),0.22424242424242435,-0.008224332688777425,,,520.0,-0.8248787066198736,,,0,,,REJECT,False,-0.012042324836536982,,0.0,,
W00000,heldout,6,trending,True,P338,NOISE,mt_winner,,,,0.0,-0.014392904632255767,False,False,,,,screen: never raised (t below screen_t or over the cap),0.19619047619047625,0.01038584214764815,,,191.0,0.7625266538468921,,,0,,,REJECT,False,0.024778746779903917,,0.0,,
W00000,heldout,6,trending,True,P339,NOISE,mt_winner,,,,0.0,-0.0019010501113279601,False,False,,,,screen: never raised (t below screen_t or over the cap),0.36568888888888884,-0.012747021481406995,,,573.0,-1.0407437283656453,,,0,,,REJECT,False,-0.010845971370079035,,0.0,,
W00000,heldout,6,trending,True,P340,NOISE,mt_winner,,,,0.0,-0.0032747417580254374,False,False,,,,screen: never raised (t below screen_t or over the cap),0.01380417335473516,-0.0005635667875956707,,,391.0,-0.059294749348531545,,,0,,,REJECT,False,0.0027111749704297667,,0.0,,
W00000,heldout,6,trending,True,P341,NOISE,mt_winner,,,,0.0,-0.008373718572561304,False,False,,,,screen: never raised (t below screen_t or over the cap),0.11626535626535606,0.006347087814298602,,,255.0,0.526376290657517,,,0,,,REJECT,False,0.014720806386859906,,0.0,,
W00000,heldout,6,trending,True,P342,NOISE,mt_winner,,,,0.0,-0.005711646923166424,False,False,,,,screen: never raised (t below screen_t or over the cap),0.07613963039014382,-0.00503591089162686,,,467.0,-0.30023792331806237,,,0,,,REJECT,False,0.0006757360315395641,,0.0,,
W00000,heldout,6,trending,True,P343,NOISE,mt_winner,,,,0.0,-0.004538468604056207,False,False,,,,screen: never raised (t below screen_t or over the cap),0.12884097035040432,-0.007802998230887204,,,514.0,-0.550504484882339,,,0,,,REJECT,False,-0.0032645296268309964,,0.0,,
W00000,heldout,6,trending,True,P344,NOISE,mt_winner,,,,0.0,0.006718715980949255,False,False,,,,screen: never raised (t below screen_t or over the cap),0.0184564860426929,-0.0010172440246762893,,,395.0,-0.08022997075694455,,,0,,,REJECT,False,-0.007735960005625544,,0.0,,
W00000,heldout,6,trending,True,P345,NOISE,mt_winner,,,,0.0,-0.004670690947307724,False,False,,,,screen: never raised (t below screen_t or over the cap),0.0184564860426929,0.0014907090888525154,,,347.0,0.10937546490846566,,,0,,,REJECT,False,0.00616140003616024,,0.0,,
W00000,heldout,6,trending,True,P346,NOISE,mt_winner,,,,0.125,0.00882590621916119,False,False,,,,screen: never raised (t below screen_t or over the cap),0.04838951310861417,-0.003488719873670554,,,441.0,-0.30154990551942845,,,0,,,REJECT,False,-0.012314626092831744,,0.0,,
W00000,heldout,6,trending,True,P347,NOISE,mt_winner,,,,0.0,-0.0011369596476527334,False,False,,,,screen: never raised (t below screen_t or over the cap),0.0184564860426929,0.0011790641706185268,,,355.0,0.09136225693755821,,,0,,,REJECT,False,0.00231602381827126,,0.0,,
W00000,heldout,6,trending,True,P348,NOISE,mt_winner,,,,0.125,0.008765656773639186,False,False,,,,screen: never raised (t below screen_t or over the cap),0.4866666666666667,0.013648809432735942,,,154.0,1.2915708914363864,,,0,,,REJECT,False,0.004883152659096756,,0.0,,
W00000,heldout,6,trending,True,P349,NOISE,mt_winner,,,,0.0,-0.001665687538299277,False,False,,,,screen: never raised (t below screen_t or over the cap),0.36,0.014072416041736924,,,145.0,1.0964004200255304,,,0,,,REJECT,False,0.0157381035800362,,0.0,,
W00000,heldout,6,trending,True,P350,NOISE,mt_winner,,,,0.041666666666666664,0.0061473126361611665,False,False,,,,screen: never raised (t below screen_t or over the cap),0.11626535626535606,-0.0069720933343369595,,,498.0,-0.6635120548047521,,,0,,,REJECT,False,-0.013119405970498127,,0.0,,
W00000,heldout,6,trending,True,P351,NOISE,mt_winner,,,,0.0,0.004406171503141883,False,False,,,,screen: never raised (t below screen_t or over the cap),0.0184564860426929,0.0005931377033560059,,,370.0,0.06739852499445201,,,0,,,REJECT,False,-0.003813033799785877,,0.0,,
W00000,heldout,6,trending,True,P352,NOISE,mt_winner,,,,0.041666666666666664,0.0014594093882038793,False,False,,,,screen: never raised (t below screen_t or over the cap),0.01475040257648963,0.00047908117263661953,,,373.0,0.045824261931634365,,,0,,,REJECT,False,-0.0009803282155672597,,0.0,,
W00000,heldout,6,trending,True,P353,NOISE,mt_winner,,,,0.0,0.0011355252944259342,False,False,,,,screen: never raised (t below screen_t or over the cap),0.0,6.899081768174664e-05,,,377.0,0.0048746964762730206,,,0,,,REJECT,False,-0.0010665344767441876,,0.0,,
W00000,heldout,6,trending,True,P354,NOISE,mt_winner,,,,0.0,0.00118882916048017,False,False,,,,screen: never raised (t below screen_t or over the cap),0.03323943661971829,-0.0021380853866013183,,,418.0,-0.1620756609666329,,,0,,,REJECT,False,-0.003326914547081488,,0.0,,
W00000,heldout,6,trending,True,P355,NOISE,mt_winner,,,,0.0,-0.00884069785153391,False,False,,,,screen: never raised (t below screen_t or over the cap),0.36568888888888884,-0.012159861948355166,,,565.0,-1.0596623772995293,,,0,,,REJECT,False,-0.003319164096821257,,0.0,,
W00000,heldout,6,trending,True,P356,NOISE,mt_winner,,,,0.0,-0.002088527312336407,False,False,,,,screen: never raised (t below screen_t or over the cap),0.04470588235294104,-0.002396452339587185,,,421.0,-0.24444645659966668,,,0,,,REJECT,False,-0.00030792502725077815,,0.0,,
W00000,heldout,6,trending,True,P357,NOISE,mt_winner,,,,0.0,-0.018941083088025366,False,False,,,,screen: never raised (t below screen_t or over the cap),0.11626535626535606,-0.006858945385885162,,,495.0,-0.4508597820802517,,,0,,,REJECT,False,0.012082137702140203,,0.0,,
W00000,heldout,6,trending,True,P358,NOISE,mt_winner,,,,0.25,0.01304312918310947,False,False,,,,screen: never raised (t below screen_t or over the cap),0.36,-0.009722817411545515,,,537.0,-1.1855636259566507,,,0,,,REJECT,False,-0.022765946594654987,,0.0,,
W00000,heldout,6,trending,True,P359,NOISE,mt_winner,,,,0.0,0.0029537852388745868,False,False,,,,screen: never raised (t below screen_t or over the cap),0.09187368421052633,0.0040864902665253,,,297.0,0.4293769398419762,,,0,,,REJECT,False,0.0011327050276507132,,0.0,,
W00000,heldout,6,trending,True,P360,NOISE,mt_winner,,,,0.041666666666666664,0.006114961923571362,False,False,,,,screen: never raised (t below screen_t or over the cap),0.5114792899408284,0.014463346798201826,,,143.0,1.3229769003983807,,,0,,,REJECT,False,0.008348384874630464,,0.0,,
W00000,heldout,6,trending,True,P361,NOISE,mt_winner,,,,0.0,0.001628101860205358,False,False,,,,screen: never raised (t below screen_t or over the cap),0.0184564860426929,0.0013343336668683037,,,351.0,0.11499059365217873,,,0,,,REJECT,False,-0.0002937681933370543,,0.0,,
W00000,heldout,6,trending,True,P362,NOISE,mt_winner,,,,0.0,0.0011379317255535547,False,False,,,,screen: never raised (t below screen_t or over the cap),0.11626535626535606,0.006686849708074871,,,247.0,0.6070222333742593,,,0,,,REJECT,False,0.0055489179825213165,,0.0,,
W00000,heldout,6,trending,True,P363,NOISE,mt_winner,,,,0.125,0.005321937808553132,False,False,,,,screen: never raised (t below screen_t or over the cap),0.09367303609341826,-0.004114333219810251,,,450.0,-0.3808315896544397,,,0,,,REJECT,False,-0.009436271028363384,,0.0,,
W00000,heldout,6,trending,True,P364,NOISE,mt_winner,,,,0.0,-0.003970914796313014,False,False,,,,screen: never raised (t below screen_t or over the cap),0.2152866242038216,-0.010545693943794732,,,545.0,-0.7082191249156443,,,0,,,REJECT,False,-0.006574779147481718,,0.0,,
W00000,heldout,6,trending,True,P365,NOISE,mt_winner,,,,0.0,0.005393895755048083,False,False,,,,screen: never raised (t below screen_t or over the cap),0.490752688172043,0.011966232043254532,,,172.0,1.2529661121445976,,,0,,,REJECT,False,0.006572336288206449,,0.0,,
W00000,heldout,6,trending,True,P366,NOISE,mt_winner,,,,0.0,-0.0007434033126716412,False,False,,,,screen: never raised (t below screen_t or over the cap),0.19619047619047625,-0.010197843352723945,,,542.0,-0.7215275813802944,,,0,,,REJECT,False,-0.009454440040052305,,0.0,,
W00000,heldout,6,trending,True,P367,NOISE,mt_winner,,,,0.0,0.0011623870775960099,False,False,,,,screen: never raised (t below screen_t or over the cap),0.11063063063063061,-0.005211664123612736,,,470.0,-0.44484322511106805,,,0,,,REJECT,False,-0.006374051201208746,,0.0,,
W00000,heldout,6,trending,True,P368,NOISE,mt_winner,,,,0.0,-0.0017923147662714058,False,False,,,,screen: never raised (t below screen_t or over the cap),0.09786492374727662,0.00595325571158023,,,266.0,0.41432006595908083,,,0,,,REJECT,False,0.007745570477851635,,0.0,,
W00000,heldout,6,trending,True,P369,NOISE,mt_winner,,,,0.041666666666666664,0.0011286438874832097,False,False,,,,screen: never raised (t below screen_t or over the cap),0.4424742268041236,-0.012924779822863608,,,578.0,-1.3072555279210307,,,0,,,REJECT,False,-0.014053423710346818,,0.0,,
W00000,heldout,6,trending,True,P370,NOISE,mt_winner,,,,0.041666666666666664,0.005222294734606414,False,False,,,,screen: never raised (t below screen_t or over the cap),0.7090909090909091,-0.018350262476589718,,,611.0,-1.739041076611448,,,0,,,REJECT,False,-0.02357255721119613,,0.0,,
W00000,heldout,6,trending,True,P371,NOISE,mt_winner,,,,0.0,-0.004361828595075925,False,False,,,,screen: never raised (t below screen_t or over the cap),0.4936263736263736,0.01698302109525729,,,118.0,1.2454389443713416,,,0,,,REJECT,False,0.021344849690333213,,0.0,,
W00000,heldout,6,trending,True,P372,NOISE,mt_winner,,,,0.0,0.00011578928183713741,False,False,,,,screen: never raised (t below screen_t or over the cap),0.36,0.015087824877329292,,,138.0,1.2759929651911142,,,0,,,REJECT,False,0.014972035595492155,,0.0,,
W00000,heldout,6,trending,True,P373,NOISE,mt_winner,,,,0.0,-0.007717310530868736,False,False,,,,screen: never raised (t below screen_t or over the cap),0.09786492374727662,-0.006187360249833296,,,490.0,-0.47596488073319254,,,0,,,REJECT,False,0.0015299502810354401,,0.0,,
W00000,heldout,6,trending,True,P374,NOISE,mt_winner,,,,0.0,-0.005083553141069484,False,False,,,,screen: never raised (t below screen_t or over the cap),0.04838951310861417,0.0036155971324726144,,,305.0,0.2292056070083487,,,0,,,REJECT,False,0.008699150273542098,,0.0,,
W00000,heldout,6,trending,True,P375,NOISE,mt_winner,,,,0.0,-0.00600848930268481,False,False,,,,screen: never raised (t below screen_t or over the cap),0.11626535626535606,0.0066791007018902615,,,248.0,0.6885522434875438,,,0,,,REJECT,False,0.012687590004575072,,0.0,,
W00000,heldout,6,trending,True,P376,NOISE,mt_winner,,,,0.0,-0.0003649414478927802,False,False,,,,screen: never raised (t below screen_t or over the cap),0.1965538461538462,0.008780833848006764,,,215.0,0.7671405287565694,,,0,,,REJECT,False,0.009145775295899545,,0.0,,
W00000,heldout,6,trending,True,P377,NOISE,mt_winner,,,,0.0,0.001959786997038207,False,False,,,,screen: never raised (t below screen_t or over the cap),0.49662921348314604,-0.015370206621213078,,,594.0,-1.5433794121692894,,,0,,,REJECT,False,-0.017329993618251285,,0.0,,
W00000,heldout,6,trending,True,P378,NOISE,mt_winner,,,,0.0,0.0025824217521380373,False,False,,,,screen: never raised (t below screen_t or over the cap),0.19147928994082852,-0.008889393704652415,,,527.0,-0.7397358831135666,,,0,,,REJECT,False,-0.011471815456790452,,0.0,,
W00000,heldout,6,trending,True,P379,NOISE,mt_winner,,,,0.375,0.016077339999707424,False,False,,,,screen: never raised (t below screen_t or over the cap),0.09786492374727662,-0.0050870834864241155,,,468.0,-0.3681981947639056,,,0,,,REJECT,False,-0.02116442348613154,,0.0,,
W00000,heldout,6,trending,True,P380,NOISE,mt_winner,,,,0.0,-0.0021512388648407747,False,False,,,,screen: never raised (t below screen_t or over the cap),0.11626535626535606,0.008242614965028205,,,223.0,0.5225819143812528,,,0,,,REJECT,False,0.01039385382986898,,0.0,,
W00000,heldout,6,trending,True,P381,NOISE,mt_winner,,,,0.0,0.0022912643920317485,False,False,,,,screen: never raised (t below screen_t or over the cap),0.015544715447154522,0.0009510677881319207,,,360.0,0.06754607157345038,,,0,,,REJECT,False,-0.0013401966038998278,,0.0,,
W00000,heldout,6,trending,True,P382,NOISE,mt_winner,,,,0.041666666666666664,0.0073709151235490395,True,False,,0.0,,"live: FAILED blocked by calibration,complexity,out_of_sample,replication",0.36,0.02501671708051829,-1.0,,150.0,1.1077976154176117,0.75,FAILED,5,,"calibration,complexity,out_of_sample,replication",UNKNOWN,False,0.01764580195696925,,0.0,,
W00000,heldout,6,trending,True,P383,NOISE,mt_winner,,,,0.0,-0.0014360035268836452,False,False,,,,screen: never raised (t below screen_t or over the cap),0.04838951310861417,-0.004300216999460149,,,457.0,-0.2771015994563415,,,0,,,REJECT,False,-0.002864213472576504,,0.0,,
W00000,heldout,6,trending,True,P384,NOISE,mt_winner,,,,0.08333333333333333,0.01144210796543678,False,False,,,,screen: never raised (t below screen_t or over the cap),0.11626535626535606,0.005347640779518992,,,277.0,0.4908465098562485,,,0,,,REJECT,False,-0.006094467185917789,,0.0,,
W00000,heldout,6,trending,True,P385,NOISE,mt_winner,,,,0.0,-0.004499516239736556,False,False,,,,screen: never raised (t below screen_t or over the cap),0.07512195121951226,-0.00357107936461859,,,443.0,-0.31732387808732154,,,0,,,REJECT,False,0.0009284368751179663,,0.0,,
W00000,heldout,6,trending,True,P386,NOISE,mt_winner,,,,0.0,-0.016094214337443014,False,False,,,,screen: never raised (t below screen_t or over the cap),0.14189944134078214,-0.007167982145355134,,,502.0,-0.6436032578045269,,,0,,,REJECT,False,0.00892623219208788,,0.0,,
W00000,heldout,6,trending,True,P387,NOISE,mt_winner,,,,0.0,0.006038514875576361,True,False,,3.0,,"quarantined: QUARANTINED blocked by calibration,complexity,identity,leakage,out_of_sample,replication,transfer",0.5372972972972972,0.021152856775488598,-1.0,,125.0,1.321822946335629,0.4166666666666667,QUARANTINED,1,,"calibration,complexity,identity,leakage,out_of_sample,replication,transfer",QUARANTINE,False,0.015114341899912238,,0.0,,
W00000,heldout,6,trending,True,P388,NOISE,mt_winner,,,,0.0,-0.007117980505410924,True,False,,0.0,,"quarantined: QUARANTINED blocked by calibration,complexity,identity,leakage,out_of_sample,replication,transfer",0.09786492374727662,0.018642232052459025,1.0,,269.0,0.3801934283316788,0.6666666666666666,QUARANTINED,2,,"calibration,complexity,identity,leakage,out_of_sample,replication,transfer",QUARANTINE,False,0.02576021255786995,,0.0,,
W00000,heldout,6,trending,True,P389,NOISE,mt_winner,,,,0.0,0.009289255914267613,False,False,,,,screen: never raised (t below screen_t or over the cap),0.7090909090909091,-0.02777796701731816,,,630.0,-1.9361823344429907,,,0,,,REJECT,False,-0.03706722293158578,,0.0,,
W00000,heldout,6,trending,True,P390,NOISE,mt_winner,,,,0.25,0.01316705298658674,False,False,,,,screen: never raised (t below screen_t or over the cap),0.11063063063063061,0.005615139318611573,,,272.0,0.4152423870847778,,,0,,,REJECT,False,-0.007551913667975167,,0.0,,
W00000,heldout,6,trending,True,P391,NOISE,mt_winner,,,,0.08333333333333333,0.003832214723834363,False,False,,,,screen: never raised (t below screen_t or over the cap),0.023391003460207616,-0.0016793769973094674,,,407.0,-0.1417092985540532,,,0,,,REJECT,False,-0.00551159172114383,,0.0,,
W00000,heldout,6,trending,True,P392,NOISE,mt_winner,,,,0.0,-0.009861913388309577,False,False,,,,screen: never raised (t below screen_t or over the cap),0.07613963039014382,-0.004920102766212686,,,465.0,-0.340212858169506,,,0,,,REJECT,False,0.004941810622096891,,0.0,,
W00000,heldout,6,trending,True,P393,NOISE,mt_winner,,,,0.0,-0.011461896088661962,False,False,,,,screen: never raised (t below screen_t or over the cap),0.4936263736263736,0.014045298823770702,,,146.0,1.321083449798103,,,0,,,REJECT,False,0.025507194912432665,,0.0,,
W00000,heldout,6,trending,True,P394,NOISE,mt_winner,,,,0.0,0.002463270208117102,False,False,,,,screen: never raised (t below screen_t or over the cap),0.09379310344827585,0.005225465387256989,,,280.0,0.45282672357491327,,,0,,,REJECT,False,0.002762195179139887,,0.0,,
W00000,heldout,6,trending,True,P395,NOISE,mt_winner,,,,0.0,-0.0003433690820742301,False,False,,,,screen: never raised (t below screen_t or over the cap),0.4936263736263736,-0.015656197018151297,,,596.0,-1.268372469851363,,,0,,,REJECT,False,-0.015312827936077066,,0.0,,
W00000,heldout,6,trending,True,P396,NOISE,mt_winner,,,,0.041666666666666664,0.0014034848020372651,False,False,,,,screen: never raised (t below screen_t or over the cap),0.5114792899408284,-0.021364506713064835,,,620.0,-1.4248563324951498,,,0,,,REJECT,False,-0.0227679915151021,,0.0,,
W00000,heldout,6,trending,True,P397,NOISE,mt_winner,,,,0.0,-0.0019036199867183518,False,False,,,,screen: never raised (t below screen_t or over the cap),0.09786492374727662,-0.004478419277602563,,,458.0,-0.456579888854196,,,0,,,REJECT,False,-0.0025747992908842117,,0.0,,
W00000,heldout,6,trending,True,P398,NOISE,mt_winner,,,,0.0,-0.013389167710710529,False,False,,,,screen: never raised (t below screen_t or over the cap),0.36,-0.012910818521075063,,,577.0,-0.9510969886861381,,,0,,,REJECT,False,0.0004783491896354665,,0.0,,
W00000,heldout,6,trending,True,P399,NOISE,mt_winner,,,,0.0,-0.019875872499910373,False,False,,,,screen: never raised (t below screen_t or over the cap),0.5114792899408284,0.022685390292888186,,,79.0,1.603449996227127,,,0,,,REJECT,False,0.04256126279279856,,0.0,,
W00000,heldout,6,trending,True,P400,NOISE,mt_winner,,,,0.041666666666666664,0.00280940622397607,False,False,,,,screen: never raised (t below screen_t or over the cap),0.11626535626535606,-0.006949682337048346,,,496.0,-0.5167120509696792,,,0,,,REJECT,False,-0.009759088561024417,,0.0,,
W00000,heldout,6,trending,True,P401,NOISE,mt_winner,,,,0.0,-0.010435878740923185,False,False,,,,screen: never raised (t below screen_t or over the cap),0.6225641025641026,-0.016236575562104172,,,602.0,-2.0016471530167674,,,0,,,REJECT,False,-0.005800696821180987,,0.0,,
W00000,heldout,6,trending,True,P402,NOISE,mt_winner,,,,0.0,-0.005510048979296286,True,False,,3.0,,"quarantined: QUARANTINED blocked by calibration,complexity,identity,leakage,out_of_sample,replication,transfer",0.6375221238938054,0.020285823964640376,1.0,,85.0,1.6251808852247178,0.4166666666666667,QUARANTINED,1,,"calibration,complexity,identity,leakage,out_of_sample,replication,transfer",QUARANTINE,False,0.025795872943936662,,0.0,,
W00000,heldout,6,trending,True,P403,NOISE,mt_winner,,,,0.0,-0.0028485390961797627,False,False,,,,screen: never raised (t below screen_t or over the cap),0.0184564860426929,0.0012557845632189535,,,353.0,0.09610316644021763,,,0,,,REJECT,False,0.004104323659398716,,0.0,,
W00000,heldout,6,trending,True,P404,NOISE,mt_winner,,,,0.0,-0.0008712042139983514,False,False,,,,screen: never raised (t below screen_t or over the cap),0.9494736842105264,-0.032857282562220036,,,635.0,-3.260777400607003,,,0,,,REJECT,False,-0.03198607834822168,,0.0,,
W00000,heldout,6,trending,True,P405,NOISE,mt_winner,,,,0.041666666666666664,0.004243869990721622,False,False,,,,screen: never raised (t below screen_t or over the cap),0.22594594594594597,0.009515328558165947,,,205.0,0.7695866203570813,,,0,,,REJECT,False,0.005271458567444326,,0.0,,
W00000,heldout,6,trending,True,P406,NOISE,mt_winner,,,,0.0,0.005091282592798604,False,False,,,,screen: never raised (t below screen_t or over the cap),0.16617142857142853,-0.007472457847613301,,,509.0,-0.6872250571010686,,,0,,,REJECT,False,-0.012563740440411905,,0.0,,
W00000,heldout,6,trending,True,P407,NOISE,mt_winner,,,,0.0,0.00094653805803277,False,False,,,,screen: never raised (t below screen_t or over the cap),0.21686900958466448,-0.009739923125889005,,,538.0,-0.7378187399044057,,,0,,,REJECT,False,-0.010686461183921775,,0.0,,
W00000,heldout,6,trending,True,P408,NOISE,mt_winner,,,,0.0,-0.005978240134019282,False,False,,,,screen: never raised (t below screen_t or over the cap),0.22594594594594597,-0.011075119928134092,,,550.0,-0.9384923574125575,,,0,,,REJECT,False,-0.00509687979411481,,0.0,,
W00000,heldout,6,trending,True,P409,NOISE,mt_winner,,,,0.0,0.005139255010674026,False,False,,,,screen: never raised (t below screen_t or over the cap),0.19619047619047625,0.010512729349503314,,,189.0,0.7885777424016185,,,0,,,REJECT,False,0.005373474338829288,,0.0,,
W00000,heldout,6,trending,True,P410,NOISE,mt_winner,,,,0.0,-0.01352004579643113,False,False,,,,screen: never raised (t below screen_t or over the cap),0.09379310344827585,-0.004604539842595345,,,463.0,-0.49002145257618956,,,0,,,REJECT,False,0.008915505953835785,,0.0,,
W00000,heldout,6,trending,True,P411,NOISE,mt_winner,,,,0.0,0.00794420572094046,False,False,,,,screen: never raised (t below screen_t or over the cap),0.01380417335473516,-0.0005423680601723269,,,389.0,-0.04158620777686211,,,0,,,REJECT,False,-0.008486573781112786,,0.0,,
W00000,heldout,6,trending,True,P412,NOISE,mt_winner,,,,0.0,-0.0022583483853946683,False,False,,,,screen: never raised (t below screen_t or over the cap),0.11626535626535606,0.005782066192929425,,,268.0,0.5970201924950091,,,0,,,REJECT,False,0.008040414578324093,,0.0,,
W00000,heldout,6,trending,True,P413,NOISE,mt_winner,,,,0.041666666666666664,0.006084813872768124,False,False,,,,screen: never raised (t below screen_t or over the cap),0.22594594594594597,0.01054603013885047,,,188.0,0.8491787962122037,,,0,,,REJECT,False,0.004461216266082347,,0.0,,
W00000,heldout,6,trending,True,P414,NOISE,mt_winner,,,,0.0,-0.003208215491201023,False,False,,,,screen: never raised (t below screen_t or over the cap),0.05320235756385061,-0.004105549490633353,,,449.0,-0.2824081321456271,,,0,,,REJECT,False,-0.0008973339994323305,,0.0,,
W00000,heldout,6,trending,True,P415,NOISE,mt_winner,,,,0.0,0.0013884559528845413,False,False,,,,screen: never raised (t below screen_t or over the cap),0.06608349900596422,0.0035973980094275992,,,306.0,0.3209141057105553,,,0,,,REJECT,False,0.0022089420565430578,,0.0,,
W00000,heldout,6,trending,True,P416,NOISE,mt_winner,,,,0.3333333333333333,0.01568097663346414,False,False,,,,screen: never raised (t below screen_t or over the cap),0.2962452107279694,0.00793625471892101,,,228.0,1.0183978579668538,,,0,,,REJECT,False,-0.007744721914543132,,0.0,,
W00000,heldout,6,trending,True,P417,NOISE,mt_winner,,,,0.25,0.014765283807988847,False,False,,,,screen: never raised (t below screen_t or over the cap),0.5326315789473683,0.015615624589465416,,,128.0,1.7058767639789953,,,0,,,REJECT,False,0.000850340781476569,,0.0,,
W00000,heldout,6,trending,True,P418,NOISE,mt_winner,,,,0.0,-0.005389706406866594,False,False,,,,screen: never raised (t below screen_t or over the cap),0.04470588235294104,-0.0032800600613875353,,,437.0,-0.21128113810176974,,,0,,,REJECT,False,0.002109646345479059,,0.0,,
W00000,heldout,6,trending,True,P419,NOISE,mt_winner,,,,0.0,0.00023435483020266382,False,False,,,,screen: never raised (t below screen_t or over the cap),0.07512195121951226,-0.00416251927829453,,,452.0,-0.34046628951963,,,0,,,REJECT,False,-0.004396874108497193,,0.0,,
W00000,heldout,6,trending,True,P420,NOISE,mt_winner,,,,0.0,0.005151545032634657,False,False,,,,screen: never raised (t below screen_t or over the cap),0.490752688172043,-0.017242983611847007,,,607.0,-1.4111377541649155,,,0,,,REJECT,False,-0.022394528644481663,,0.0,,
W00000,heldout,6,trending,True,P421,NOISE,mt_winner,,,,0.0,-0.0021670291064135893,False,False,,,,screen: never raised (t below screen_t or over the cap),0.11063063063063061,-0.007245513217863542,,,504.0,-0.5641174618235619,,,0,,,REJECT,False,-0.005078484111449953,,0.0,,
W00000,heldout,6,trending,True,P422,NOISE,mt_winner,,,,0.0,-0.01160862352182475,False,False,,,,screen: never raised (t below screen_t or over the cap),0.0184564860426929,-0.001361144063371511,,,402.0,-0.11152640138278988,,,0,,,REJECT,False,0.01024747945845324,,0.0,,
W00000,heldout,6,trending,True,P423,NOISE,mt_winner,,,,0.041666666666666664,0.008631171379255986,False,False,,,,screen: never raised (t below screen_t or over the cap),0.20197530864197533,0.011480242204660707,,,176.0,0.6842629326227455,,,0,,,REJECT,False,0.0028490708254047207,,0.0,,
W00000,heldout,6,trending,True,P424,NOISE,mt_winner,,,,0.0,-0.014583572103647139,False,False,,,,screen: never raised (t below screen_t or over the cap),0.19619047619047625,-0.009676743248149933,,,535.0,-0.7775868304964738,,,0,,,REJECT,False,0.004906828855497206,,0.0,,
W00000,heldout,6,trending,True,P425,NOISE,mt_winner,,,,0.041666666666666664,0.0031112380468784717,False,False,,,,screen: never raised (t below screen_t or over the cap),0.08475991649269299,0.0037088739100644696,,,304.0,0.3546388416625609,,,0,,,REJECT,False,0.000597635863185998,,0.0,,
W00000,heldout,6,trending,True,P426,NOISE,mt_winner,,,,0.16666666666666666,0.012920678602549382,False,False,,,,screen: never raised (t below screen_t or over the cap),0.21686900958466448,0.010150911032759335,,,195.0,0.7926622991291712,,,0,,,REJECT,False,-0.002769767569790046,,0.0,,
W00000,heldout,6,trending,True,P427,NOISE,mt_winner,,,,0.0,-0.0022942396922715903,False,False,,,,screen: never raised (t below screen_t or over the cap),0.03323943661971829,-0.0019235482861628128,,,412.0,-0.18387722304604073,,,0,,,REJECT,False,0.0003706914061087775,,0.0,,
W00000,heldout,6,trending,True,P428,NOISE,mt_winner,,,,0.0,6.273904795031623e-05,False,False,,,,screen: never raised (t below screen_t or over the cap),0.0184564860426929,-0.0013084391774200177,,,398.0,-0.0937676766730521,,,0,,,REJECT,False,-0.001371178225370334,,0.0,,
W00000,heldout,6,trending,True,P429,NOISE,mt_winner,,,,0.08333333333333333,0.003602663780766503,False,False,,,,screen: never raised (t below screen_t or over the cap),0.13906849315068492,-0.007559787325995715,,,511.0,-0.7562625780713818,,,0,,,REJECT,False,-0.011162451106762217,,0.0,,
W00000,heldout,6,trending,True,P430,NOISE,mt_winner,,,,0.041666666666666664,0.005650600184621289,False,False,,,,screen: never raised (t below screen_t or over the cap),0.14189944134078214,0.0065894946447592195,,,251.0,0.6478492236280015,,,0,,,REJECT,False,0.0009388944601379304,,0.0,,
W00000,heldout,6,trending,True,P431,NOISE,mt_winner,,,,0.08333333333333333,0.007541244612553486,True,False,,3.0,,"live: FAILED blocked by calibration,complexity,out_of_sample,replication,risk,transfer",0.028313043478260802,0.02543422659263747,1.0,,337.0,0.16188179208006753,0.5,FAILED,2,,"calibration,complexity,out_of_sample,replication,risk,transfer",UNKNOWN,False,0.017892981980083985,,0.0,,
W00000,heldout,6,trending,True,P432,NOISE,mt_winner,,,,0.08333333333333333,0.006813365631802212,False,False,,,,screen: never raised (t below screen_t or over the cap),0.0184564860426929,0.0010493704807044146,,,356.0,0.0966179861954194,,,0,,,REJECT,False,-0.0057639951510977975,,0.0,,
W00000,heldout,6,trending,True,P433,NOISE,mt_winner,,,,0.0,0.0011017975554394068,False,False,,,,screen: never raised (t below screen_t or over the cap),0.11063063063063061,0.0061443876069767756,,,258.0,0.4292302229147071,,,0,,,REJECT,False,0.0050425900515373686,,0.0,,
W00000,heldout,6,trending,True,P434,NOISE,mt_winner,,,,0.0,0.005475662320545122,False,False,,,,screen: never raised (t below screen_t or over the cap),0.06608349900596422,-0.003717510537260049,,,446.0,-0.2520447760259215,,,0,,,REJECT,False,-0.00919317285780517,,0.0,,
W00000,heldout,6,trending,True,P435,NOISE,mt_winner,,,,0.041666666666666664,0.0031675513884508143,False,False,,,,screen: never raised (t below screen_t or over the cap),0.01475040257648963,0.0008515423598125516,,,362.0,0.06724296758512502,,,0,,,REJECT,False,-0.0023160090286382627,,0.0,,
W00000,heldout,6,trending,True,P436,NOISE,mt_winner,,,,0.0,0.0012182291016592643,False,False,,,,screen: never raised (t below screen_t or over the cap),0.04470588235294104,-0.00339348196289041,,,439.0,-0.1845539429687618,,,0,,,REJECT,False,-0.004611711064549674,,0.0,,
W00000,heldout,6,trending,True,P437,NOISE,mt_winner,,,,0.0,0.004162543479917268,False,False,,,,screen: never raised (t below screen_t or over the cap),0.36568888888888884,-0.011579174876026,,,555.0,-1.0694111367042105,,,0,,,REJECT,False,-0.015741718355943266,,0.0,,
W00000,heldout,6,trending,True,P438,NOISE,mt_winner,,,,0.0,-0.0035441130530863858,False,False,,,,screen: never raised (t below screen_t or over the cap),0.0184564860426929,0.0013310130133029618,,,352.0,0.11731508723555976,,,0,,,REJECT,False,0.004875126066389348,,0.0,,
W00000,heldout,6,trending,True,P439,NOISE,mt_winner,,,,0.0,-0.006086986225083597,False,False,,,,screen: never raised (t below screen_t or over the cap),0.6350877192982456,-0.01691136104941271,,,605.0,-1.8915817914117719,,,0,,,REJECT,False,-0.010824374824329113,,0.0,,
W00000,heldout,6,trending,True,P440,NOISE,mt_winner,,,,0.0,-0.008080275091017629,True,False,,0.0,,"quarantined: QUARANTINED blocked by calibration,complexity,identity,leakage,out_of_sample,replication,transfer",0.6025806451612903,0.019391245896941328,1.0,,615.0,-1.8796393457375857,0.4166666666666667,QUARANTINED,1,,"calibration,complexity,identity,leakage,out_of_sample,replication,transfer",QUARANTINE,False,0.027471520987958957,,0.0,,
W00000,heldout,6,trending,True,P441,NOISE,mt_winner,,,,0.0,0.0023466144995440636,False,False,,,,screen: never raised (t below screen_t or over the cap),0.49662921348314604,0.016902829436394096,,,119.0,1.4771782818922923,,,0,,,REJECT,False,0.014556214936850033,,0.0,,
W00000,heldout,6,trending,True,P442,NOISE,mt_winner,,,,0.0,0.0036995772341319733,False,False,,,,screen: never raised (t below screen_t or over the cap),0.03323943661971829,-0.002135031496961981,,,417.0,-0.18153162401148296,,,0,,,REJECT,False,-0.005834608731093954,,0.0,,
W00000,heldout,6,trending,True,P443,NOISE,mt_winner,,,,0.0,0.0036004786101579123,False,False,,,,screen: never raised (t below screen_t or over the cap),0.10026905829596422,-0.00583308704069635,,,484.0,-0.4061209896872104,,,0,,,REJECT,False,-0.009433565650854263,,0.0,,
W00000,heldout,6,trending,True,P444,NOISE,mt_winner,,,,0.0,-0.005431282428322243,False,False,,,,screen: never raised (t below screen_t or over the cap),0.0184564860426929,0.0010436022250086552,,,357.0,0.0914019110415467,,,0,,,REJECT,False,0.006474884653330898,,0.0,,
W00000,heldout,6,trending,True,P445,NOISE,mt_winner,,,,0.0,-0.006584416635734769,False,False,,,,screen: never raised (t below screen_t or over the cap),0.2453046594982079,-0.008806955604324929,,,526.0,-0.8461045419893226,,,0,,,REJECT,False,-0.00222253896859016,,0.0,,
W00000,heldout,6,trending,True,P446,NOISE,mt_winner,,,,0.041666666666666664,0.00602730825778202,False,False,,,,screen: never raised (t below screen_t or over the cap),0.028313043478260802,0.001540825425328518,,,345.0,0.13764294718686318,,,0,,,REJECT,False,-0.004486482832453502,,0.0,,
W00000,heldout,6,trending,True,P447,NOISE,mt_winner,,,,0.0,0.007388828099001574,False,False,,,,screen: never raised (t below screen_t or over the cap),0.11626535626535606,0.006013895695027638,,,263.0,0.5196014695206429,,,0,,,REJECT,False,-0.0013749324039739365,,0.0,,
W00000,heldout,6,trending,True,P448,NOISE,mt_winner,,,,0.0,-0.0012743436848332251,False,False,,,,screen: never raised (t below screen_t or over the cap),0.06608349900596422,-0.003005694262381231,,,432.0,-0.3457450018320024,,,0,,,REJECT,False,-0.001731350577548006,,0.0,,
W00000,heldout,6,trending,True,P449,NOISE,mt_winner,,,,0.08333333333333333,0.01099133176224189,False,False,,,,screen: never raised (t below screen_t or over the cap),0.003659305993690909,-0.00015010353250144437,,,383.0,-0.014010922700708042,,,0,,,REJECT,False,-0.011141435294743334,,0.0,,
W00000,heldout,6,trending,True,P450,NOISE,threshold_illusion,,,,0.0,0.0060448657870630996,False,False,,,,screen: never raised (t below screen_t or over the cap),0.5337748344370861,-0.01305463374061111,,,581.0,-1.527504638691002,,,0,,,REJECT,False,-0.01909949952767421,,0.0,,
W00000,heldout,6,trending,True,P451,NOISE,threshold_illusion,,,,0.08333333333333333,0.004042791868945364,False,False,,,,screen: never raised (t below screen_t or over the cap),0.0184564860426929,-0.000557822294009136,,,390.0,-0.0906786862191647,,,0,,,REJECT,False,-0.0046006141629545,,0.0,,
W00000,heldout,6,trending,True,P452,NOISE,threshold_illusion,,,,0.0,0.004731760153709876,False,False,,,,screen: never raised (t below screen_t or over the cap),0.16545454545454552,0.0053118987873795875,,,278.0,0.8075706449082095,,,0,,,REJECT,False,0.0005801386336697113,,0.0,,
W00000,heldout,6,trending,True,P453,NOISE,threshold_illusion,,,,0.20833333333333334,0.005389694460695586,False,False,,,,screen: never raised (t below screen_t or over the cap),0.24342857142857144,0.003746391701130669,,,302.0,0.8984252394606932,,,0,,,REJECT,False,-0.0016433027595649172,,0.0,,
W00000,heldout,6,trending,True,P454,NOISE,threshold_illusion,,,,0.08333333333333333,0.0058085743387228305,False,False,,,,screen: never raised (t below screen_t or over the cap),0.11626535626535606,-0.005582410012437533,,,477.0,-0.5188153865546729,,,0,,,REJECT,False,-0.011390984351160365,,0.0,,
W00000,heldout,6,trending,True,P455,NOISE,threshold_illusion,,,,0.0,-0.007515669487646361,False,False,,,,screen: never raised (t below screen_t or over the cap),0.5669172932330828,-0.015333181401974871,,,593.0,-1.6569350527303235,,,0,,,REJECT,False,-0.007817511914328511,,0.0,,
W00000,heldout,6,trending,True,P456,NOISE,threshold_illusion,,,,0.0,-0.0028849381370924165,False,False,,,,screen: never raised (t below screen_t or over the cap),0.11063063063063061,0.0039047746170800535,,,299.0,0.4572923124989822,,,0,,,REJECT,False,0.00678971275417247,,0.0,,
W00000,heldout,6,trending,True,P457,NOISE,threshold_illusion,,,,0.0,-0.005622215840393117,False,False,,,,screen: never raised (t below screen_t or over the cap),0.03323943661971829,-0.0009976961927161132,,,394.0,-0.16590172135723072,,,0,,,REJECT,False,0.004624519647677004,,0.0,,
W00000,heldout,6,trending,True,P458,NOISE,threshold_illusion,,,,0.125,0.008761158066506507,False,False,,,,screen: never raised (t below screen_t or over the cap),0.11626535626535606,0.0053008088209531845,,,279.0,0.5599701400469924,,,0,,,REJECT,False,-0.003460349245553322,,0.0,,
W00000,heldout,6,trending,True,P459,NOISE,threshold_illusion,,,,0.7083333333333334,0.010942427464205191,True,False,,0.0,,"live: FAILED blocked by calibration,complexity,out_of_sample,replication,reproducibility,risk",0.9023728813559322,0.0159882566838615,1.0,True,114.0,2.739025786305413,0.5833333333333334,FAILED,5,,"calibration,complexity,out_of_sample,replication,reproducibility,risk",UNKNOWN,False,0.0050458292196563104,,0.0,,
W00000,heldout,6,trending,True,P460,NOISE,threshold_illusion,,,,0.0,-0.0033807783581509404,False,False,,,,screen: never raised (t below screen_t or over the cap),0.3865437788018433,-0.009206355482763828,,,531.0,-0.9921058582986755,,,0,,,REJECT,False,-0.005825577124612888,,0.0,,
W00000,heldout,6,trending,True,P461,NOISE,threshold_illusion,,,,0.0,0.00018052554278265117,False,False,,,,screen: never raised (t below screen_t or over the cap),0.056377952755905514,-0.002511490603314681,,,425.0,-0.2686193794480781,,,0,,,REJECT,False,-0.0026920161460973323,,0.0,,
W00000,heldout,6,trending,True,P462,NOISE,threshold_illusion,,,,0.0,-0.0020262384406736136,False,False,,,,screen: never raised (t below screen_t or over the cap),0.36,-0.009010574372301072,,,528.0,-1.1305230287320567,,,0,,,REJECT,False,-0.006984335931627459,,0.0,,
W00000,heldout,6,trending,True,P463,NOISE,threshold_illusion,,,,0.041666666666666664,-0.002520818716517712,False,False,,,,screen: never raised (t below screen_t or over the cap),0.015544715447154522,0.0006516786709885869,,,367.0,0.0765145526816226,,,0,,,REJECT,False,0.003172497387506299,,0.0,,
W00000,heldout,6,trending,True,P464,NOISE,threshold_illusion,,,,0.0,0.0031862255262616644,True,False,,0.0,,"live: FAILED blocked by calibration,complexity,out_of_sample,replication,reproducibility,risk",0.5529411764705883,0.011420043351634422,1.0,True,211.0,1.8407700872127386,0.5,FAILED,5,,"calibration,complexity,out_of_sample,replication,reproducibility,risk",UNKNOWN,False,0.008233817825372757,,0.0,,
W00000,heldout,6,trending,True,P465,NOISE,threshold_illusion,,,,0.0,0.0046849223034206465,False,False,,,,screen: never raised (t below screen_t or over the cap),0.04838951310861417,-0.002519784131992997,,,427.0,-0.2207302659707696,,,0,,,REJECT,False,-0.0072047064354136435,,0.0,,
W00000,heldout,6,trending,True,P466,NOISE,threshold_illusion,,,,0.5833333333333334,0.016435166415209142,False,False,,,,screen: never raised (t below screen_t or over the cap),0.11626535626535606,0.008299811195820905,,,221.0,0.5545173433543198,,,0,,,REJECT,False,-0.008135355219388237,,0.0,,
W00000,heldout,6,trending,True,P467,NOISE,threshold_illusion,,,,0.041666666666666664,0.00618735201894193,False,False,,,,screen: never raised (t below screen_t or over the cap),0.36,-0.010093840678051691,,,540.0,-0.9886737408663767,,,0,,,REJECT,False,-0.016281192696993622,,0.0,,
W00000,heldout,6,trending,True,P468,NOISE,threshold_illusion,,,,0.0,-0.006098922949488924,False,False,,,,screen: never raised (t below screen_t or over the cap),0.04838951310861417,0.002854241694963844,,,320.0,0.2821862992526117,,,0,,,REJECT,False,0.008953164644452768,,0.0,,
W00000,heldout,6,trending,True,P469,NOISE,threshold_illusion,,,,0.08333333333333333,0.00790068445477932,False,False,,,,screen: never raised (t below screen_t or over the cap),0.04470588235294104,-0.0021025978841562876,,,416.0,-0.19298717283127378,,,0,,,REJECT,False,-0.010003282338935608,,0.0,,
W00000,heldout,6,trending,True,P470,NOISE,threshold_illusion,,,,0.08333333333333333,0.006878329878944568,False,False,,,,screen: never raised (t below screen_t or over the cap),0.5466666666666666,-0.012302501154403622,,,568.0,-1.6603941744239727,,,0,,,REJECT,False,-0.01918083103334819,,0.0,,
W00000,heldout,6,trending,True,P471,NOISE,threshold_illusion,,,,0.0,0.00455788457340941,False,False,,,,screen: never raised (t below screen_t or over the cap),0.09367303609341826,0.004697984025376356,,,286.0,0.370085178277413,,,0,,,REJECT,False,0.00014009945196694594,,0.0,,
W00000,heldout,6,trending,True,P472,NOISE,threshold_illusion,,,,0.0,-0.008043367472733882,False,False,,,,screen: never raised (t below screen_t or over the cap),0.39764705882352946,-0.011058213200234979,,,549.0,-1.5004417107656787,,,0,,,REJECT,False,-0.003014845727501096,,0.0,,
W00000,heldout,6,trending,True,P473,NOISE,threshold_illusion,,,,0.041666666666666664,-0.0021219809345004513,True,False,,0.0,,"quarantined: QUARANTINED blocked by calibration,complexity,identity,leakage,out_of_sample,replication,reproducibility,risk,transfer",0.39062200956937787,0.01656217180809098,-1.0,True,156.0,1.197125799661789,0.5,QUARANTINED,2,,"calibration,complexity,identity,leakage,out_of_sample,replication,reproducibility,risk,transfer",QUARANTINE,False,0.018684152742591432,,0.0,,
W00000,heldout,6,trending,True,P474,NOISE,threshold_illusion,,,,0.0,-0.001218084929313071,False,False,,,,screen: never raised (t below screen_t or over the cap),0.7411235955056179,-0.007959554015304071,,,516.0,-1.7327575925466188,,,0,,,REJECT,False,-0.006741469085991,,0.0,,
W00000,heldout,6,trending,True,P475,NOISE,threshold_illusion,,,,0.0,-0.00015736173756033248,False,False,,,,screen: never raised (t below screen_t or over the cap),0.11063063063063061,0.0029368896838783964,,,318.0,0.5009016173043054,,,0,,,REJECT,False,0.003094251421438729,,0.0,,
W00000,heldout,6,trending,True,P476,NOISE,threshold_illusion,,,,0.0,-0.0029255534382537744,False,False,,,,screen: never raised (t below screen_t or over the cap),0.09379310344827585,-0.004165921008394746,,,453.0,-0.3601589156716189,,,0,,,REJECT,False,-0.0012403675701409718,,0.0,,
W00000,heldout,6,trending,True,P477,NOISE,threshold_illusion,,,,0.0,-0.002211800973523457,False,False,,,,screen: never raised (t below screen_t or over the cap),0.11626535626535606,-0.0055264658656524746,,,476.0,-0.5325972695314327,,,0,,,REJECT,False,-0.0033146648921290175,,0.0,,
W00000,heldout,6,trending,True,P478,NOISE,threshold_illusion,,,,0.0,0.0003248161134983865,False,False,,,,screen: never raised (t below screen_t or over the cap),0.10026905829596422,-0.002519337459111204,,,426.0,-0.4466589960885165,,,0,,,REJECT,False,-0.0028441535726095903,,0.0,,
W00000,heldout,6,trending,True,P479,NOISE,threshold_illusion,,,,0.0,-0.006049171266756096,False,False,,,,screen: never raised (t below screen_t or over the cap),0.21463722397476337,-0.007645799264935804,,,513.0,-0.8262525220181399,,,0,,,REJECT,False,-0.001596627998179708,,0.0,,
W00000,heldout,6,trending,True,P480,NOISE,threshold_illusion,,,,0.0,0.002013480420702639,False,False,,,,screen: never raised (t below screen_t or over the cap),0.13906849315068492,-0.00728829372659795,,,506.0,-0.5172643026515742,,,0,,,REJECT,False,-0.009301774147300589,,0.0,,
W00000,heldout,6,trending,True,P481,NOISE,threshold_illusion,,,,0.0,0.0014077130784535252,False,False,,,,screen: never raised (t below screen_t or over the cap),0.11063063063063061,-0.005345378205268092,,,475.0,-0.4478472994276456,,,0,,,REJECT,False,-0.0067530912837216175,,0.0,,
W00000,heldout,6,trending,True,P482,NOISE,threshold_illusion,,,,0.0,-0.003763490089646855,False,False,,,,screen: never raised (t below screen_t or over the cap),0.04838951310861417,0.002458385546433961,,,328.0,0.24941105057855048,,,0,,,REJECT,False,0.0062218756360808165,,0.0,,
W00000,heldout,6,trending,True,P483,NOISE,threshold_illusion,,,,0.041666666666666664,0.001436068261017464,False,False,,,,screen: never raised (t below screen_t or over the cap),0.3776146788990825,-0.012957782054113132,,,579.0,-1.1437509988787329,,,0,,,REJECT,False,-0.014393850315130595,,0.0,,
W00000,heldout,6,trending,True,P484,NOISE,threshold_illusion,,,,0.08333333333333333,0.0057465760748617156,False,False,,,,screen: never raised (t below screen_t or over the cap),0.04470588235294104,0.002630404364109995,,,324.0,0.28966780442956264,,,0,,,REJECT,False,-0.0031161717107517205,,0.0,,
W00000,heldout,6,trending,True,P485,NOISE,threshold_illusion,,,,0.0,-0.0008176294773877332,False,False,,,,screen: never raised (t below screen_t or over the cap),0.3244444444444444,-0.008376120467776416,,,523.0,-1.0293390724497353,,,0,,,REJECT,False,-0.007558490990388683,,0.0,,
W00000,heldout,6,trending,True,P486,NOISE,threshold_illusion,,,,0.0,-0.005757963416814102,False,False,,,,screen: never raised (t below screen_t or over the cap),0.5529411764705883,0.009638066592426386,,,201.0,1.4148788273494906,,,0,,,REJECT,False,0.015396030009240488,,0.0,,
W00000,heldout,6,trending,True,P487,NOISE,threshold_illusion,,,,0.0,0.0030710999789764592,False,False,,,,screen: never raised (t below screen_t or over the cap),0.8208,-0.015678975805865858,,,597.0,-1.9591605448543659,,,0,,,REJECT,False,-0.018750075784842318,,0.0,,
W00000,heldout,6,trending,True,P488,NOISE,threshold_illusion,,,,0.125,0.008919683954888001,False,False,,,,screen: never raised (t below screen_t or over the cap),0.04838951310861417,0.0029456703338972545,,,317.0,0.2573484929965285,,,0,,,REJECT,False,-0.005974013620990747,,0.0,,
W00000,heldout,6,trending,True,P489,NOISE,threshold_illusion,,,,0.0,0.0010832470336529921,False,False,,,,screen: never raised (t below screen_t or over the cap),0.26388278388278386,-0.007819796242041321,,,515.0,-0.8599293967945635,,,0,,,REJECT,False,-0.008903043275694314,,0.0,,
W00000,heldout,6,trending,True,P490,NOISE,near_pattern,,,,0.0,0.0021387950851512625,False,False,,,,screen: never raised (t below screen_t or over the cap),0.015544715447154522,0.0006038384857711687,,,368.0,0.06920914095451684,,,0,,,REJECT,False,-0.0015349565993800938,,0.0,,
W00000,heldout,6,trending,True,P491,NOISE,near_pattern,,,,0.0,-0.0012039174962997184,False,False,,,,screen: never raised (t below screen_t or over the cap),0.07613963039014382,0.006481437180840932,,,253.0,0.3319711240378917,,,0,,,REJECT,False,0.007685354677140651,,0.0,,
W00000,heldout,6,trending,True,P492,NOISE,near_pattern,,,,0.75,0.02555681645731924,False,False,,,,screen: never raised (t below screen_t or over the cap),0.6033057851239669,0.017378212023560713,,,113.0,1.7196006851061123,,,0,,,REJECT,False,-0.008178604433758528,,0.0,,
W00000,heldout,6,trending,True,P493,NOISE,near_pattern,,,,0.3333333333333333,0.015765460862815925,False,False,,,,screen: never raised (t below screen_t or over the cap),0.2494964028776978,-0.013009469648262995,,,580.0,-0.9097570464773835,,,0,,,REJECT,False,-0.02877493051107892,,0.0,,
W00000,heldout,6,trending,True,P494,NOISE,near_pattern,,,,0.0,-0.0033542088450999054,False,False,,,,screen: never raised (t below screen_t or over the cap),0.11626535626535606,0.006430889555256503,,,254.0,0.5672876444676909,,,0,,,REJECT,False,0.009785098400356409,,0.0,,
W00000,heldout,6,trending,True,P495,NOISE,near_pattern,,,,0.0,-0.005246338114277412,False,False,,,,screen: never raised (t below screen_t or over the cap),0.3056370656370655,-0.012440999117108609,,,571.0,-1.0587639350189724,,,0,,,REJECT,False,-0.007194661002831197,,0.0,,
W00000,heldout,6,trending,True,P496,NOISE,near_pattern,,,,0.0,-0.005203975281887795,False,False,,,,screen: never raised (t below screen_t or over the cap),0.11063063063063061,-0.007246293746676957,,,505.0,-0.4769736372982296,,,0,,,REJECT,False,-0.0020423184647891625,,0.0,,
W00000,heldout,6,trending,True,P497,NOISE,near_pattern,,,,0.041666666666666664,0.007885581941717606,False,False,,,,screen: never raised (t below screen_t or over the cap),0.03323943661971829,-0.0020284378174772466,,,415.0,-0.19057072133734218,,,0,,,REJECT,False,-0.009914019759194852,,0.0,,
W00000,heldout,6,trending,True,P498,NOISE,near_pattern,,,,0.0,-0.004723451785182207,False,False,,,,screen: never raised (t below screen_t or over the cap),0.2641198501872659,-0.012511277557176792,,,572.0,-0.9855753152493462,,,0,,,REJECT,False,-0.007787825771994585,,0.0,,
W00000,heldout,6,trending,True,P499,NOISE,near_pattern,,,,0.0,0.001195846669234653,False,False,,,,screen: never raised (t below screen_t or over the cap),0.3260408163265306,-0.012806291608459586,,,574.0,-0.8878410904916778,,,0,,,REJECT,False,-0.014002138277694238,,0.0,,
W00000,heldout,6,trending,True,P500,NOISE,near_pattern,,,,0.041666666666666664,0.007252290345542707,False,False,,,,screen: never raised (t below screen_t or over the cap),0.0184564860426929,0.00124962257109551,,,354.0,0.10593216065315302,,,0,,,REJECT,False,-0.006002667774447197,,0.0,,
W00000,heldout,6,trending,True,P501,NOISE,near_pattern,,,,0.0,-0.005367475455734187,False,False,,,,screen: never raised (t below screen_t or over the cap),0.0,-3.387039564517469e-05,,,381.0,-0.0023322951860164738,,,0,,,REJECT,False,0.005333605060089013,,0.0,,
W00000,heldout,6,trending,True,P502,NOISE,near_pattern,,,,0.0,0.006395163868717297,False,False,,,,screen: never raised (t below screen_t or over the cap),0.01475040257648963,0.0007269368806428478,,,365.0,0.05716298489528376,,,0,,,REJECT,False,-0.005668226988074449,,0.0,,
W00000,heldout,6,trending,True,P503,NOISE,near_pattern,,,,0.0,-0.001248764756179146,False,False,,,,screen: never raised (t below screen_t or over the cap),0.11741935483870969,-0.007640173111773285,,,512.0,-0.5235731665512684,,,0,,,REJECT,False,-0.006391408355594139,,0.0,,
W00000,heldout,6,trending,True,P504,NOISE,near_pattern,,,,0.0,-0.006766959306208428,False,False,,,,screen: never raised (t below screen_t or over the cap),0.11063063063063061,-0.005255780500491247,,,471.0,-0.48812364331114844,,,0,,,REJECT,False,0.0015111788057171806,,0.0,,
W00000,heldout,6,trending,True,P505,NOISE,near_pattern,,,,0.0,0.004321251376801097,False,False,,,,screen: never raised (t below screen_t or over the cap),0.4079999999999999,-0.01290156669366671,,,575.0,-1.361673734364478,,,0,,,REJECT,False,-0.017222818070467806,,0.0,,
W00000,heldout,6,trending,True,P506,NOISE,near_pattern,,,,0.0,0.003025920280996601,False,False,,,,screen: never raised (t below screen_t or over the cap),0.21686900958466448,-0.008340845826900256,,,522.0,-0.8223354096008014,,,0,,,REJECT,False,-0.011366766107896857,,0.0,,
W00000,heldout,6,trending,True,P507,NOISE,near_pattern,,,,0.041666666666666664,0.0060760396234083155,False,False,,,,screen: never raised (t below screen_t or over the cap),0.44205128205128197,-0.013308911884686803,,,584.0,-1.3963720669590556,,,0,,,REJECT,False,-0.01938495150809512,,0.0,,
W00000,heldout,6,trending,True,P508,NOISE,near_pattern,,,,0.0,-0.0026828390595819867,False,False,,,,screen: never raised (t below screen_t or over the cap),0.3865437788018433,-0.011863989267098807,,,560.0,-0.9940693259332783,,,0,,,REJECT,False,-0.00918115020751682,,0.0,,
W00000,heldout,6,trending,True,P509,NOISE,near_pattern,,,,0.0,0.0022768189202639955,False,False,,,,screen: never raised (t below screen_t or over the cap),0.19619047619047625,-0.007183565790127133,,,503.0,-0.7479734802667473,,,0,,,REJECT,False,-0.009460384710391128,,0.0,,
W00000,heldout,6,trending,True,P510,NOISE,near_pattern,,,,0.0,-0.00510457124349034,False,False,,,,screen: never raised (t below screen_t or over the cap),0.1557062146892656,-0.007111472732423463,,,500.0,-0.6182549682408658,,,0,,,REJECT,False,-0.0020069014889331225,,0.0,,
W00000,heldout,6,trending,True,P511,NOISE,near_pattern,,,,0.0,0.002643940343953344,False,False,,,,screen: never raised (t below screen_t or over the cap),0.09187368421052633,0.005394324593281263,,,276.0,0.3824322062742697,,,0,,,REJECT,False,0.0027503842493279192,,0.0,,
W00000,heldout,6,trending,True,P512,NOISE,near_pattern,,,,0.0,0.0030616716409807435,False,False,,,,screen: never raised (t below screen_t or over the cap),0.11063063063063061,-0.006135403010399665,,,489.0,-0.5175283151440234,,,0,,,REJECT,False,-0.009197074651380407,,0.0,,
W00000,heldout,6,trending,True,P513,NOISE,near_pattern,,,,0.0,-0.00407153091285226,False,False,,,,screen: never raised (t below screen_t or over the cap),0.04838951310861417,0.002030676097770856,,,339.0,0.2815813856677275,,,0,,,REJECT,False,0.006102207010623116,,0.0,,
W00000,heldout,6,trending,True,P514,NOISE,near_pattern,,,,0.0,-0.01056008651339673,False,False,,,,screen: never raised (t below screen_t or over the cap),0.11276283618581906,0.006137951875866743,,,259.0,0.46613476589630964,,,0,,,REJECT,False,0.016698038389263474,,0.0,,
W00000,heldout,6,trending,True,P515,NOISE,near_pattern,,,,0.25,0.015046124623334734,False,False,,,,screen: never raised (t below screen_t or over the cap),0.5179746835443038,0.018779769355801057,,,103.0,1.6263157958520946,,,0,,,REJECT,False,0.003733644732466323,,0.0,,
W00000,heldout,6,trending,True,P516,NOISE,near_pattern,,,,0.0,-0.012814114308083291,False,False,,,,screen: never raised (t below screen_t or over the cap),0.0184564860426929,0.0008385616218699044,,,364.0,0.09107141865488394,,,0,,,REJECT,False,0.013652675929953196,,0.0,,
W00000,heldout,6,trending,True,P517,NOISE,near_pattern,,,,0.0,0.004831055880604994,False,False,,,,screen: never raised (t below screen_t or over the cap),0.012107765451664032,-0.0005422153205222324,,,388.0,-0.03953771049061397,,,0,,,REJECT,False,-0.005373271201127227,,0.0,,
W00000,heldout,6,trending,True,P518,NOISE,near_pattern,,,,0.0,-0.010885714310323997,False,False,,,,screen: never raised (t below screen_t or over the cap),0.2778867924528302,-0.014112964895080293,,,586.0,-1.1965049202324376,,,0,,,REJECT,False,-0.0032272505847562964,,0.0,,
W00000,heldout,6,trending,True,P519,NOISE,near_pattern,,,,0.041666666666666664,0.0006378548108203785,False,False,,,,screen: never raised (t below screen_t or over the cap),0.12884097035040432,0.008994096473903479,,,212.0,0.6174316722179612,,,0,,,REJECT,False,0.008356241663083101,,0.0,,
W00000,heldout,6,trending,True,P520,NOISE,adversarial_near,moderate,,,0.041666666666666664,0.007475456598744007,False,False,,,,screen: never raised (t below screen_t or over the cap),0.512,-0.017250306701054152,,,608.0,-1.4619836013356842,,,0,P006,,REJECT,False,-0.02472576329979816,,0.0,,False
W00000,heldout,6,trending,True,P521,NOISE,adversarial_near,subtle,,,0.0,-0.002245723475935894,False,False,,,,screen: never raised (t below screen_t or over the cap),0.0184564860426929,0.000842543935160811,,,363.0,0.07246857053637626,,,0,P072,,REJECT,False,0.003088267411096705,,0.0,,False
W00000,heldout,6,trending,True,P522,NOISE,adversarial_near,moderate,,,0.041666666666666664,0.008834845483878797,True,False,,0.0,,"quarantined: QUARANTINED blocked by calibration,complexity,identity,leakage,out_of_sample,replication,transfer",0.5105882352941176,0.018166891228840052,-1.0,True,142.0,1.5035270452546405,0.5833333333333334,QUARANTINED,2,P001,"calibration,complexity,identity,leakage,out_of_sample,replication,transfer",QUARANTINE,False,0.009332045744961255,,0.0,,False
W00000,heldout,6,trending,True,P523,NOISE,adversarial_near,moderate,,,0.125,0.011235235811994931,False,False,,,,screen: never raised (t below screen_t or over the cap),0.0184564860426929,-0.001169901559509079,,,397.0,-0.09373215356148076,,,0,P071,,REJECT,False,-0.01240513737150401,,0.0,,False
W00000,heldout,6,trending,True,P524,NOISE,adversarial_near,faint,,,0.0,-0.00437224563715396,False,False,,,,screen: never raised (t below screen_t or over the cap),0.3520000000000001,-0.012393537501296625,,,570.0,-1.0868368014941028,,,0,P021,,REJECT,False,-0.008021291864142665,,0.0,,False
W00000,heldout,6,trending,True,P525,NOISE,adversarial_near,subtle,,,0.0,-0.007237720672179867,True,False,,1.0,,"quarantined: QUARANTINED blocked by calibration,complexity,identity,leakage,out_of_sample,replication,transfer",0.03323943661971829,0.012417378382339401,1.0,False,414.0,-0.16403633586027005,0.5833333333333334,QUARANTINED,2,P062,"calibration,complexity,identity,leakage,out_of_sample,replication,transfer",QUARANTINE,False,0.019655099054519266,,0.0,,False
W00000,heldout,6,trending,True,P526,NOISE,adversarial_near,moderate,,,0.0,0.00423244352117095,False,False,,,,screen: never raised (t below screen_t or over the cap),0.5766153846153848,-0.017935035868499205,,,610.0,-1.6275104790763666,,,0,P071,,REJECT,False,-0.022167479389670154,,0.0,,False
W00000,heldout,6,trending,True,P527,NOISE,adversarial_near,moderate,,,0.041666666666666664,-0.002081851415983063,False,False,,,,screen: never raised (t below screen_t or over the cap),0.19619047619047625,0.006078265768271862,,,261.0,0.7314569696200569,,,0,P001,,REJECT,False,0.008160117184254925,,0.0,,False
W00000,heldout,6,trending,True,P528,NOISE,adversarial_near,faint,,,0.0,-0.013260093588889613,True,False,,2.0,,"quarantined: QUARANTINED blocked by calibration,identity,leakage,out_of_sample,replication,transfer",0.5501449275362319,0.018297578892283846,-1.0,False,110.0,1.3949567560183453,0.5,QUARANTINED,1,P063,"calibration,identity,leakage,out_of_sample,replication,transfer",QUARANTINE,False,0.03155767248117346,,0.0,,False
W00000,heldout,6,trending,True,P529,NOISE,adversarial_near,faint,,,0.0,-0.0066476890996084404,False,False,,,,screen: never raised (t below screen_t or over the cap),0.07613963039014382,-0.004232748211771276,,,455.0,-0.37546200812656416,,,0,P063,,REJECT,False,0.002414940887837165,,0.0,,False
W00000,heldout,6,trending,True,P530,NOISE,adversarial_near,extremely_subtle,,,0.0,0.006539613161082478,False,False,,,,screen: never raised (t below screen_t or over the cap),0.09367303609341826,-0.00533070726535273,,,474.0,-0.41195790448490166,,,0,P059,,REJECT,False,-0.011870320426435207,,0.0,,False
W00000,heldout,6,trending,True,P531,NOISE,adversarial_near,subtle,,,0.0,0.005810811450116088,False,False,,,,screen: never raised (t below screen_t or over the cap),0.003659305993690909,0.0002611618361618717,,,376.0,0.02174106338864253,,,0,P057,,REJECT,False,-0.005549649613954217,,0.0,,False
W00000,heldout,6,trending,True,P532,NOISE,adversarial_near,moderate,,,0.0,0.0004723250115700493,False,False,,,,screen: never raised (t below screen_t or over the cap),0.11626535626535606,0.006010750597387315,,,264.0,0.509393666333585,,,0,P056,,REJECT,False,0.005538425585817266,,0.0,,False
W00000,heldout,6,trending,True,P533,NOISE,adversarial_near,extremely_subtle,,,0.041666666666666664,0.0025705501477598877,False,False,,,,screen: never raised (t below screen_t or over the cap),0.13906849315068492,-0.006993882401812868,,,499.0,-0.65176070172511,,,0,P023,,REJECT,False,-0.009564432549572755,,0.0,,False
W00000,heldout,6,trending,True,P534,NOISE,adversarial_near,faint,,,0.041666666666666664,0.007598015086818266,False,False,,,,screen: never raised (t below screen_t or over the cap),0.5372972972972972,0.01874115157693379,,,104.0,1.5040298533101861,,,0,P013,,REJECT,False,0.011143136490115524,,0.0,,False
W00000,heldout,6,trending,True,P535,NOISE,adversarial_near,faint,,,0.0,0.008765886601153391,False,False,,,,screen: never raised (t below screen_t or over the cap),0.06608349900596422,-0.003390269752277242,,,438.0,-0.31426710573766087,,,0,P003,,REJECT,False,-0.012156156353430633,,0.0,,False
W00000,heldout,6,trending,True,P536,NOISE,adversarial_near,extremely_subtle,,,0.0,-0.007279128494534933,False,False,,,,screen: never raised (t below screen_t or over the cap),0.6918518518518518,0.01816338878565793,,,108.0,1.6527152137901564,,,0,P069,,REJECT,False,0.025442517280192863,,0.0,,False
W00000,heldout,6,trending,True,P537,NOISE,adversarial_near,obvious,,,0.0,-0.0024170837963414155,False,False,,,,screen: never raised (t below screen_t or over the cap),0.026666666666666727,-0.001667555014158606,,,406.0,-0.12084206393864468,,,0,P060,,REJECT,False,0.0007495287821828096,,0.0,,False
W00000,heldout,6,trending,True,P538,NOISE,adversarial_near,subtle,,,0.0,0.00497208868840401,False,False,,,,screen: never raised (t below screen_t or over the cap),0.05704142011834323,0.0029872699596689145,,,316.0,0.27669287896262074,,,0,P012,,REJECT,False,-0.001984818728735096,,0.0,,False
W00000,heldout,6,trending,True,P539,NOISE,adversarial_near,obvious,,,0.041666666666666664,0.001932615960213955,False,False,,,,screen: never raised (t below screen_t or over the cap),0.21686900958466448,-0.009176667804618122,,,530.0,-0.8047387052784545,,,0,P055,,REJECT,False,-0.011109283764832077,,0.0,,False
W00000,heldout,6,trending,True,P540,NOISE,adversarial_near,faint,,,0.0,0.007854826907588555,True,False,,0.0,,"quarantined: QUARANTINED blocked by calibration,complexity,identity,leakage,out_of_sample,replication,risk,transfer",0.5466666666666666,0.013168143958437054,-1.0,True,135.0,1.3292825935109398,0.6666666666666666,QUARANTINED,3,P068,"calibration,complexity,identity,leakage,out_of_sample,replication,risk,transfer",QUARANTINE,False,0.005313317050848499,,0.0,,False
W00000,heldout,6,trending,True,P541,NOISE,adversarial_near,obvious,,,0.0,0.0023452843757052044,False,False,,,,screen: never raised (t below screen_t or over the cap),0.04838951310861417,0.002278062078642229,,,334.0,0.2099816807594126,,,0,P060,,REJECT,False,-6.722229706297538e-05,,0.0,,False
W00000,heldout,6,trending,True,P542,NOISE,adversarial_near,faint,,,0.0,0.0025187067902587576,False,False,,,,screen: never raised (t below screen_t or over the cap),0.012107765451664032,-0.0003539981026315364,,,384.0,-0.02795671405627778,,,0,P003,,REJECT,False,-0.002872704892890294,,0.0,,False
W00000,heldout,6,trending,True,P543,NOISE,adversarial_near,subtle,,,0.0,-0.003301920299380182,False,False,,,,screen: never raised (t below screen_t or over the cap),0.09187368421052633,0.00416601451691645,,,295.0,0.3958902498167544,,,0,P002,,REJECT,False,0.007467934816296632,,0.0,,False
W00000,heldout,6,trending,True,P544,NOISE,adversarial_near,subtle,,,0.0,-0.004035690643529059,False,False,,,,screen: never raised (t below screen_t or over the cap),0.11063063063063061,-0.005092260702396989,,,469.0,-0.47874108775950536,,,0,P062,,REJECT,False,-0.0010565700588679302,,0.0,,False
W00000,heldout,6,trending,True,P545,NOISE,adversarial_near,extremely_subtle,,,0.041666666666666664,-0.0008149381013376415,False,False,,,,screen: never raised (t below screen_t or over the cap),0.5262337662337662,0.020499037743293202,,,93.0,1.5495632722351906,,,0,P014,,REJECT,False,0.021313975844630843,,0.0,,False
W00000,heldout,6,trending,True,P546,NOISE,adversarial_near,extremely_subtle,,,0.0,0.008123592674031763,False,False,,,,screen: never raised (t below screen_t or over the cap),0.1557062146892656,0.010680520223564027,,,184.0,0.6468356943342103,,,0,P059,,REJECT,False,0.002556927549532264,,0.0,,False
W00000,heldout,6,trending,True,P547,NOISE,adversarial_near,obvious,,,0.0,-0.003818706163287746,False,False,,,,screen: never raised (t below screen_t or over the cap),0.16545454545454552,0.007265950084913486,,,235.0,0.649345937318835,,,0,P015,,REJECT,False,0.011084656248201232,,0.0,,False
W00000,heldout,6,trending,True,P548,NOISE,adversarial_near,faint,,,0.0,-0.010328011451249022,False,False,,,,screen: never raised (t below screen_t or over the cap),0.04838951310861417,0.0030333360183146807,,,314.0,0.2264334486624236,,,0,P021,,REJECT,False,0.013361347469563703,,0.0,,False
W00000,heldout,6,trending,True,P549,NOISE,adversarial_near,extremely_subtle,,,0.0,-0.00839053920487755,False,False,,,,screen: never raised (t below screen_t or over the cap),0.11626535626535606,0.008184481977727698,,,224.0,0.6087388181103613,,,0,P004,,REJECT,False,0.016575021182605246,,0.0,,False
W00000,heldout,6,trending,True,P550,NOISE,proxy,subtle,,,0.4583333333333333,0.018863949688589086,False,False,,,,screen: never raised (t below screen_t or over the cap),0.26189781021897807,0.0123669146599793,,,166.0,0.9404969675349439,,,0,P002,,REJECT,False,-0.006497035028609786,,0.0,,False
W00000,heldout,6,trending,True,P551,NOISE,proxy,faint,,,0.0,0.0003153890940111982,False,False,,,,screen: never raised (t below screen_t or over the cap),0.20197530864197533,0.009567242193250114,,,203.0,0.7347088171137875,,,0,P073,,REJECT,False,0.009251853099238917,,0.0,,False
W00000,heldout,6,trending,True,P552,NOISE,proxy,subtle,,,0.0,-0.00012844588866074417,False,False,,,,screen: never raised (t below screen_t or over the cap),0.26064981949458477,0.012757381328024509,,,161.0,1.0509382576359525,,,0,P057,,REJECT,False,0.012885827216685252,,0.0,,False
W00000,heldout,6,trending,True,P553,NOISE,proxy,faint,,,0.08333333333333333,0.00809894746749617,False,False,,,,screen: never raised (t below screen_t or over the cap),0.1744927536231884,0.008480770054331344,,,218.0,0.7617111315261019,,,0,P003,,REJECT,False,0.0003818225868351729,,0.0,,False
W00000,heldout,6,trending,True,P554,NOISE,proxy,faint,,,0.4166666666666667,0.01676901546915587,False,False,,,,screen: never raised (t below screen_t or over the cap),0.21686900958466448,0.009947563963208395,,,198.0,0.7034758580958688,,,0,P068,,REJECT,False,-0.006821451505947474,,0.0,,False
W00000,heldout,6,trending,True,P555,NOISE,proxy,moderate,,,0.875,0.029075184016294442,True,False,,0.0,,"live: FAILED blocked by calibration,complexity,out_of_sample,replication",0.92,0.029617226113721744,-1.0,True,34.0,3.164554043374025,0.75,FAILED,5,P001,"calibration,complexity,out_of_sample,replication",UNKNOWN,False,0.0005420420974273019,,0.0,,False
W00000,heldout,6,trending,True,P556,NOISE,proxy,obvious,,,0.8333333333333334,0.027863449947287913,False,False,,,,screen: never raised (t below screen_t or over the cap),0.03323943661971829,0.002420131722613572,,,329.0,0.2073240765677669,,,0,P010,,REJECT,False,-0.02544331822467434,,0.0,,False
W00000,heldout,6,trending,True,P557,NOISE,proxy,subtle,,,0.0,-0.002041041774806436,False,False,,,,screen: never raised (t below screen_t or over the cap),0.04116363636363629,0.0029156810906086905,,,319.0,0.2208097348056214,,,0,P057,,REJECT,False,0.004956722865415127,,0.0,,False
W00000,heldout,6,trending,True,P558,NOISE,proxy,moderate,,,0.0,-0.0027759689607898203,False,False,,,,screen: never raised (t below screen_t or over the cap),0.08552301255230121,0.004829832302332138,,,285.0,0.4011178895069007,,,0,P056,,REJECT,False,0.007605801263121958,,0.0,,False
W00000,heldout,6,trending,True,P559,NOISE,proxy,faint,,,0.08333333333333333,0.010125684512494085,False,False,,,,screen: never raised (t below screen_t or over the cap),0.1424719101123596,-0.008609672658593304,,,525.0,-0.6618088149424418,,,0,P021,,REJECT,False,-0.01873535717108739,,0.0,,False
W00000,heldout,6,trending,True,P560,NOISE,proxy,subtle,,,0.3333333333333333,0.014970688788339978,False,False,,,,screen: never raised (t below screen_t or over the cap),0.39783251231527084,0.016627000211991705,,,122.0,1.2186700295553785,,,0,P002,,REJECT,False,0.0016563114236517271,,0.0,,False
W00000,heldout,6,trending,True,P561,NOISE,proxy,moderate,,,0.9583333333333334,0.032558727596661306,True,False,,0.0,,"live: FAILED blocked by calibration,complexity,out_of_sample,replication,transfer",0.92,0.0383167745646683,1.0,True,36.0,2.2270871452621273,0.75,FAILED,5,P017,"calibration,complexity,out_of_sample,replication,transfer",UNKNOWN,False,0.005758046968006997,,0.0,,False
W00000,heldout,6,trending,True,P562,NOISE,proxy,faint,,,0.0,0.0027554769139921833,False,False,,,,screen: never raised (t below screen_t or over the cap),0.04838951310861417,-0.0038028613343170647,,,447.0,-0.2646358267067846,,,0,P063,,REJECT,False,-0.0065583382483092485,,0.0,,False
W00000,heldout,6,trending,True,P563,NOISE,proxy,subtle,,,0.125,0.008233263910941004,False,False,,,,screen: never raised (t below screen_t or over the cap),0.09109243697478986,0.00438264717977932,,,293.0,0.42228218205760065,,,0,P067,,REJECT,False,-0.0038506167311616844,,0.0,,False
W00000,heldout,6,trending,True,P564,NOISE,proxy,subtle,,,0.125,0.01114027582672899,False,False,,,,screen: never raised (t below screen_t or over the cap),0.3865437788018433,0.01310792103867342,,,159.0,1.1406261676558944,,,0,P002,,REJECT,False,0.0019676452119444295,,0.0,,False
W00000,heldout,6,trending,True,P565,NOISE,selection_bias,,,,0.0,-0.004849953767627448,False,False,,,,screen: never raised (t below screen_t or over the cap),0.0184564860426929,0.0019329673550287918,,,341.0,0.11310565196102652,,,0,,,REJECT,False,0.00678292112265624,,0.0,,
W00000,heldout,6,trending,True,P566,NOISE,selection_bias,,,,0.041666666666666664,0.013464556117213318,False,False,,,,screen: never raised (t below screen_t or over the cap),0.4217258883248731,-0.021650045200693413,,,621.0,-1.2826878230695014,,,0,,,REJECT,False,-0.03511460131790673,,0.0,,
W00000,heldout,6,trending,True,P567,NOISE,selection_bias,,,,0.0,0.00796167215830863,False,False,,,,screen: never raised (t below screen_t or over the cap),0.19619047619047625,-0.012903286950963044,,,576.0,-0.8233078436337449,,,0,,,REJECT,False,-0.020864959109271674,,0.0,,
W00000,heldout,6,trending,True,P568,NOISE,selection_bias,,,,0.0,-0.01000759970915517,False,False,,,,screen: never raised (t below screen_t or over the cap),0.4866666666666667,-0.018576504710403563,,,613.0,-1.3850333215500092,,,0,,,REJECT,False,-0.008568905001248394,,0.0,,
W00000,heldout,6,trending,True,P569,NOISE,selection_bias,,,,0.0,-0.0006972746057577998,False,False,,,,screen: never raised (t below screen_t or over the cap),0.03050610820244326,0.002610090097627027,,,325.0,0.14435438290907407,,,0,,,REJECT,False,0.0033073647033848266,,0.0,,
W00000,heldout,6,trending,True,P570,NOISE,selection_bias,,,,0.0,0.004843495120939069,False,False,,,,screen: never raised (t below screen_t or over the cap),0.11180487804878059,-0.009028380052884866,,,529.0,-0.5132793472806016,,,0,,,REJECT,False,-0.013871875173823935,,0.0,,
W00000,heldout,6,trending,True,P571,NOISE,selection_bias,,,,0.0,-0.0062037676039469625,False,False,,,,screen: never raised (t below screen_t or over the cap),0.19058823529411772,-0.010803339760221242,,,548.0,-0.7864498471925758,,,0,,,REJECT,False,-0.00459957215627428,,0.0,,
W00000,heldout,6,trending,True,P572,NOISE,selection_bias,,,,0.08333333333333333,0.004275964795006108,False,False,,,,screen: never raised (t below screen_t or over the cap),0.0184564860426929,-0.0017522741577878365,,,408.0,-0.10432333172657178,,,0,,,REJECT,False,-0.0060282389527939444,,0.0,,
W00000,heldout,6,trending,True,P573,NOISE,selection_bias,,,,0.0,0.0010729372207489425,False,False,,,,screen: never raised (t below screen_t or over the cap),0.3244444444444444,0.013757198222902,,,152.0,0.9555032747034108,,,0,,,REJECT,False,0.012684261002153058,,0.0,,
W00000,heldout,6,trending,True,P574,NOISE,selection_bias,,,,0.0,0.0010558184115092338,False,False,,,,screen: never raised (t below screen_t or over the cap),0.03323943661971829,0.002573834191762381,,,327.0,0.21160002671353711,,,0,,,REJECT,False,0.001518015780253147,,0.0,,
W00000,heldout,6,trending,True,P575,NOISE,survivor_bias,,,,0.125,0.01026131661775304,False,False,,,,screen: never raised (t below screen_t or over the cap),0.21686900958466448,0.008971565289741745,,,213.0,0.8381022962505736,,,0,,,REJECT,False,-0.001289751328011294,,0.0,,
W00000,heldout,6,trending,True,P576,NOISE,survivor_bias,,,,0.5416666666666666,0.017821349644758552,False,False,,,,screen: never raised (t below screen_t or over the cap),0.0184564860426929,0.0014098954233935368,,,349.0,0.11837943517788803,,,0,,,REJECT,False,-0.016411454221365016,,0.0,,
W00000,heldout,6,trending,True,P577,NOISE,survivor_bias,,,,0.0,-0.0004211144926750892,False,False,,,,screen: never raised (t below screen_t or over the cap),0.3244444444444444,0.012815488618464821,,,160.0,0.9121832884767166,,,0,,,REJECT,False,0.01323660311113991,,0.0,,
W00000,heldout,6,trending,True,P578,NOISE,survivor_bias,,,,0.08333333333333333,0.009233296081610278,True,False,,0.0,,"quarantined: QUARANTINED blocked by calibration,complexity,identity,leakage,out_of_sample,replication,transfer",0.36568888888888884,0.015037504158764961,-1.0,True,162.0,1.197942073970702,0.6666666666666666,QUARANTINED,5,,"calibration,complexity,identity,leakage,out_of_sample,replication,transfer",QUARANTINE,False,0.005804208077154684,,0.0,,
W00000,heldout,6,trending,True,P579,NOISE,survivor_bias,,,,0.4166666666666667,0.01707229414304064,False,False,,,,screen: never raised (t below screen_t or over the cap),0.5918110236220473,0.023821333188734695,,,69.0,1.8721906127694694,,,0,,,REJECT,False,0.0067490390456940545,,0.0,,
W00000,heldout,6,trending,True,P580,NOISE,survivor_bias,,,,0.3333333333333333,0.017205638817925962,True,False,,3.0,,"quarantined: QUARANTINED blocked by calibration,complexity,identity,leakage,out_of_sample,replication,transfer",0.8557746478873239,0.021070332940595057,-1.0,True,63.0,2.0212741307240556,0.4166666666666667,QUARANTINED,1,,"calibration,complexity,identity,leakage,out_of_sample,replication,transfer",QUARANTINE,False,0.0038646941226690955,,0.0,,
W00000,heldout,6,trending,True,P581,NOISE,survivor_bias,,,,0.08333333333333333,0.009174104861965772,False,False,,,,screen: never raised (t below screen_t or over the cap),0.5766153846153848,0.017768591373535925,,,111.0,1.5177107896054953,,,0,,,REJECT,False,0.008594486511570153,,0.0,,
W00000,heldout,6,trending,True,P582,NOISE,survivor_bias,,,,0.0,0.00026527049283832,False,False,,,,screen: never raised (t below screen_t or over the cap),0.04838951310861417,-0.0031443189750164913,,,435.0,-0.2312081680710027,,,0,,,REJECT,False,-0.0034095894678548115,,0.0,,
W00000,heldout,6,trending,True,P583,NOISE,survivor_bias,,,,0.08333333333333333,0.00819473482477208,False,False,,,,screen: never raised (t below screen_t or over the cap),0.44953367875647665,0.013142273028449725,,,158.0,1.2017304567462002,,,0,,,REJECT,False,0.0049475382036776455,,0.0,,
W00000,heldout,6,trending,True,P584,NOISE,survivor_bias,,,,0.041666666666666664,0.012452354412017945,False,False,,,,screen: never raised (t below screen_t or over the cap),0.1326775956284153,0.006968687814675523,,,241.0,0.6239461996400343,,,0,,,REJECT,False,-0.005483666597342422,,0.0,,
W00000,heldout,6,trending,True,P585,NOISE,survivor_bias,,,,0.9166666666666666,0.02986338765440238,False,False,,,,screen: never raised (t below screen_t or over the cap),0.3260408163265306,0.013548972673940396,,,155.0,1.016299042472183,,,0,,,REJECT,False,-0.016314414980461985,,0.0,,
W00000,heldout,6,trending,True,P586,NOISE,survivor_bias,,,,0.375,0.017317303606100783,True,False,,3.0,,"live: FAILED blocked by calibration,complexity,out_of_sample,replication",0.6923076923076923,0.030219526734641237,-1.0,True,58.0,1.8831490862473863,0.6666666666666666,FAILED,2,,"calibration,complexity,out_of_sample,replication",UNKNOWN,False,0.012902223128540453,,0.0,,
W00000,heldout,6,trending,True,P587,NOISE,survivor_bias,,,,0.125,0.010335629958017806,False,False,,,,screen: never raised (t below screen_t or over the cap),0.36,0.012683466931015741,,,163.0,1.1683777177967674,,,0,,,REJECT,False,0.0023478369729979347,,0.0,,
W00000,heldout,6,trending,True,P588,NOISE,survivor_bias,,,,0.041666666666666664,0.003362516754662127,False,False,,,,screen: never raised (t below screen_t or over the cap),0.11626535626535606,-0.00800810692373699,,,517.0,-0.5008695002086913,,,0,,,REJECT,False,-0.011370623678399118,,0.0,,
W00000,heldout,6,trending,True,P589,NOISE,survivor_bias,,,,0.08333333333333333,0.012775538366138315,True,False,,3.0,,"live: FAILED blocked by calibration,complexity,out_of_sample,replication,transfer",0.9494736842105264,0.024708651507298143,-1.0,True,44.0,2.9483021383544767,0.5833333333333334,FAILED,2,,"calibration,complexity,out_of_sample,replication,transfer",UNKNOWN,False,0.011933113141159827,,0.0,,
W00000,heldout,6,trending,True,P590,NOISE,survivor_bias,,,,0.6666666666666666,0.020753767481911503,True,False,,3.0,,"live: FAILED blocked by calibration,complexity,out_of_sample,replication",0.26064981949458477,0.02383695019227431,-1.0,True,168.0,0.8670729157660545,0.6666666666666666,FAILED,2,,"calibration,complexity,out_of_sample,replication",UNKNOWN,False,0.003083182710362807,,0.0,,
W00000,heldout,6,trending,True,P591,NOISE,survivor_bias,,,,0.0,0.0002152196689202942,False,False,,,,screen: never raised (t below screen_t or over the cap),0.5466666666666666,-0.017643314047788516,,,609.0,-1.5880483033030384,,,0,,,REJECT,False,-0.01785853371670881,,0.0,,
W00000,heldout,6,trending,True,P592,NOISE,survivor_bias,,,,0.041666666666666664,0.008398364844163177,False,False,,,,screen: never raised (t below screen_t or over the cap),0.012307692307692464,-0.000469604601217255,,,386.0,-0.03834650739353241,,,0,,,REJECT,False,-0.008867969445380432,,0.0,,
W00000,heldout,6,trending,True,P593,NOISE,survivor_bias,,,,0.20833333333333334,0.011662275853235758,False,False,,,,screen: never raised (t below screen_t or over the cap),0.09367303609341826,-0.00566709822984135,,,479.0,-0.37208762396453054,,,0,,,REJECT,False,-0.01732937408307711,,0.0,,
W00000,heldout,6,trending,True,P594,NOISE,survivor_bias,,,,0.08333333333333333,0.00781252505425688,False,False,,,,screen: never raised (t below screen_t or over the cap),0.11063063063063061,0.004593518273684927,,,288.0,0.5599569004695306,,,0,,,REJECT,False,-0.0032190067805719525,,0.0,,
W00000,heldout,6,trending,True,P595,NOISE,leak,,,,1.0,0.07456557205892014,True,True,0.0,0.0,,promoted,1.0,0.1849270584163748,1.0,True,16.0,12.342681611056008,1.0,PROMOTE,1,,,PROMOTE,False,0.11036148635745466,,0.0,false positive,
W00000,heldout,6,trending,True,P596,NOISE,leak,,,,1.0,0.11259681669189875,True,True,1.0,0.0,,promoted,1.0,0.2800676660159507,1.0,True,12.0,26.91287404826273,1.0,PROMOTE,2,,,PROMOTE,False,0.16747084932405193,,0.0,false positive,
W00000,heldout,6,trending,True,P597,NOISE,leak,,,,1.0,0.1743332092324258,True,True,1.0,0.0,,promoted,1.0,0.389492785254414,1.0,True,4.0,52.63957326716001,1.0,PROMOTE,2,,,PROMOTE,False,0.2151595760219882,,0.0,false positive,
W00000,heldout,6,trending,True,P598,NOISE,leak,,,,1.0,0.0626775219680958,True,True,1.0,0.0,,promoted,1.0,0.16480372548998307,1.0,True,15.0,16.39247891265496,1.0,PROMOTE,2,,,PROMOTE,False,0.10212620352188727,,0.0,false positive,
W00000,heldout,6,trending,True,P599,NOISE,leak,,,,1.0,0.12529743095268372,True,True,1.0,0.0,,promoted,1.0,0.29272973498935806,1.0,True,11.0,26.097697337149828,1.0,PROMOTE,2,,,PROMOTE,False,0.16743230403667433,,0.0,false positive,
W00000,heldout,6,trending,True,P600,NOISE,leak,,,,1.0,0.1748224423178304,True,True,1.0,0.0,,promoted,1.0,0.39929572437255784,1.0,True,1.0,49.883829682364954,1.0,PROMOTE,2,,,PROMOTE,False,0.22447328205472744,,0.0,false positive,
W00000,heldout,6,trending,True,P601,NOISE,leak,,,,1.0,0.07297211633524896,True,True,0.0,0.0,,promoted,1.0,0.1590785195161296,1.0,True,17.0,11.09881136864182,1.0,PROMOTE,1,,,PROMOTE,False,0.08610640318088066,,0.0,false positive,
W00000,heldout,6,trending,True,P602,NOISE,leak,,,,1.0,0.12499310244485948,True,False,,0.0,,live: FAILED blocked by risk,1.0,0.28618572626484395,1.0,True,9.0,32.44412923756246,0.9166666666666666,FAILED,5,,risk,UNKNOWN,False,0.16119262381998448,,0.0,,
W00000,heldout,6,trending,True,P603,NOISE,leak,,,,1.0,0.16754706505958986,True,True,0.0,0.0,,promoted,1.0,0.4024358096539588,1.0,True,5.0,50.81145025605593,1.0,PROMOTE,1,,,PROMOTE,False,0.23488874459436895,,0.0,false positive,
W00000,heldout,6,trending,True,P604,NOISE,leak,,,,1.0,0.08256112080742585,True,True,0.0,0.0,,promoted,1.0,0.17330492713109893,1.0,True,14.0,11.37696759188225,1.0,PROMOTE,1,,,PROMOTE,False,0.09074380632367308,,0.0,false positive,
W00000,heldout,6,trending,True,P605,NOISE,leak,,,,1.0,0.125270420872629,True,False,,0.0,,live: FAILED blocked by risk,1.0,0.28057130438877453,1.0,True,8.0,28.2241469158279,0.9166666666666666,FAILED,5,,risk,UNKNOWN,False,0.15530088351614554,,0.0,,
W00000,heldout,6,trending,True,P606,NOISE,leak,,,,1.0,0.17185357052823855,True,True,0.0,0.0,,promoted,1.0,0.401208614117127,1.0,True,2.0,57.380965771366476,1.0,PROMOTE,1,,,PROMOTE,False,0.22935504358888845,,0.0,false positive,
W00000,heldout,6,trending,True,P607,NOISE,leak,,,,1.0,0.06291987112752548,True,False,,0.0,,live: NEEDS_MORE_EVIDENCE blocked by replication,1.0,0.14051125250502103,1.0,True,18.0,10.808764956573144,0.9166666666666666,NEEDS_MORE_EVIDENCE,5,,replication,UNKNOWN,False,0.07759138137749555,,0.0,,
W00000,heldout,6,trending,True,P608,NOISE,leak,,,,1.0,0.13118255450050273,True,True,0.0,0.0,,promoted,1.0,0.30664552113565013,1.0,True,7.0,25.81502956313227,1.0,PROMOTE,1,,,PROMOTE,False,0.1754629666351474,,0.0,false positive,
W00000,heldout,6,trending,True,P609,NOISE,leak,,,,1.0,0.1698100624271041,True,True,0.0,0.0,,promoted,1.0,0.40574588713767307,1.0,True,3.0,51.12912123477087,1.0,PROMOTE,1,,,PROMOTE,False,0.23593582471056895,,0.0,false positive,
W00000,heldout,6,trending,True,P610,NOISE,leak,,,,1.0,0.07838952019252034,True,True,0.0,0.0,,promoted,1.0,0.18150129665521025,1.0,True,13.0,19.620373366805296,1.0,PROMOTE,1,,,PROMOTE,False,0.10311177646268992,,0.0,false positive,
W00000,heldout,6,trending,True,P611,NOISE,leak,,,,1.0,0.12588867778195298,True,False,,0.0,,live: FAILED blocked by risk,1.0,0.29500928954089906,1.0,True,6.0,36.85603631289669,0.9166666666666666,FAILED,5,,risk,UNKNOWN,False,0.16912061175894608,,0.0,,
W00000,heldout,6,trending,True,P612,NOISE,leak,,,,1.0,0.1750972750788819,True,True,0.0,0.0,,promoted,1.0,0.39710352108564073,1.0,True,0.0,48.752440694119784,1.0,PROMOTE,1,,,PROMOTE,False,0.22200624600675883,,0.0,false positive,
W00000,heldout,6,trending,True,P613,NOISE,leak,,,,1.0,0.05960313883322071,True,False,,0.0,,live: NEEDS_MORE_EVIDENCE blocked by replication,1.0,0.13828098657461182,1.0,True,19.0,14.861643726096961,0.9166666666666666,NEEDS_MORE_EVIDENCE,5,,replication,UNKNOWN,False,0.07867784774139111,,0.0,,
W00000,heldout,6,trending,True,P614,NOISE,leak,,,,1.0,0.1181065699514501,True,True,3.0,0.0,,promoted,1.0,0.2773073237819657,1.0,True,10.0,25.816426374063763,1.0,PROMOTE,4,,,PROMOTE,False,0.15920075383051563,,0.0,false positive,
W00000,heldout,6,trending,True,P615,NOISE,base_null,,,,,,False,False,,,,screen: never raised (t below screen_t or over the cap),0.6918518518518518,0.02147909484244037,,,87.0,1.6118446761912835,,,0,,,REJECT,False,,,0.0,,
W00000,heldout,6,trending,True,P616,NOISE,base_null,,,,,,False,False,,,,screen: never raised (t below screen_t or over the cap),0.5337748344370861,0.015580562123483799,,,130.0,1.4021987571678627,,,0,,,REJECT,False,,,0.0,,
W00000,heldout,6,trending,True,P617,NOISE,base_null,,,,,,True,False,,4.0,,"live: FAILED blocked by calibration,complexity,out_of_sample,replication,transfer",0.939047619047619,0.024395850708228924,-1.0,False,39.0,2.801077073841798,0.5833333333333334,FAILED,1,,"calibration,complexity,out_of_sample,replication,transfer",UNKNOWN,False,,,0.0,,
W00000,heldout,6,trending,True,P618,NOISE,base_null,,,,,,False,False,,,,screen: never raised (t below screen_t or over the cap),0.19619047619047625,0.009448285895041653,,,206.0,0.6630012405684743,,,0,,,REJECT,False,,,0.0,,
W00000,heldout,6,trending,True,P619,NOISE,base_null,,,,,,False,False,,,,screen: never raised (t below screen_t or over the cap),0.6248275862068966,-0.01592463500250385,,,599.0,-1.8499416661164279,,,0,,,REJECT,False,,,0.0,,
W00000,heldout,6,trending,True,P620,NOISE,base_null,,,,,,False,False,,,,screen: never raised (t below screen_t or over the cap),0.07613963039014382,-0.003662319954608473,,,445.0,-0.3419925105018566,,,0,,,REJECT,False,,,0.0,,
W00000,heldout,6,trending,True,P621,NOISE,base_null,,,,,,False,False,,,,screen: never raised (t below screen_t or over the cap),0.6918518518518518,0.02147909484244037,,,86.0,1.6118446761912835,,,0,,,REJECT,False,,,0.0,,
W00000,heldout,6,trending,True,P622,NOISE,base_null,,,,,,False,False,,,,screen: never raised (t below screen_t or over the cap),0.5337748344370861,0.015580562123483799,,,129.0,1.4021987571678627,,,0,,,REJECT,False,,,0.0,,
W00000,heldout,6,trending,True,P623,NOISE,base_null,,,,,,True,False,,0.0,,"quarantined: QUARANTINED blocked by calibration,complexity,identity,leakage,out_of_sample,replication,transfer",0.8334246575342465,0.016077970433626913,-1.0,False,71.0,1.9665938201868485,0.5833333333333334,QUARANTINED,2,,"calibration,complexity,identity,leakage,out_of_sample,replication,transfer",QUARANTINE,False,,,0.0,,
W00000,heldout,6,trending,True,P624,NOISE,base_null,,,,,,True,False,,4.0,,"live: FAILED blocked by calibration,complexity,out_of_sample,replication",0.939047619047619,0.02699630655112248,-1.0,False,37.0,2.2778764417551565,0.6666666666666666,FAILED,1,,"calibration,complexity,out_of_sample,replication",UNKNOWN,False,,,0.0,,
W00000,heldout,6,trending,True,P625,NOISE,base_null,,,,,,False,False,,,,screen: never raised (t below screen_t or over the cap),0.04838951310861417,-0.0035134696111885355,,,442.0,-0.2448041442541789,,,0,,,REJECT,False,,,0.0,,
W00000,heldout,6,trending,True,P626,NOISE,base_null,,,,,,False,False,,,,screen: never raised (t below screen_t or over the cap),0.09786492374727662,-0.005871349989499841,,,485.0,-0.3932014206769449,,,0,,,REJECT,False,,,0.0,,
W00000,heldout,6,trending,True,P627,NOISE,base_null,,,,,,False,False,,,,screen: never raised (t below screen_t or over the cap),0.0,0.0,,,378.0,0.0,,,0,,,REJECT,False,,,0.0,,
W00000,heldout,6,trending,True,P628,NOISE,base_null,,,,,,False,False,,,,screen: never raised (t below screen_t or over the cap),0.0,0.0,,,380.0,0.0,,,0,,,REJECT,False,,,0.0,,
W00000,heldout,6,trending,True,P629,NOISE,base_null,,,,,,False,False,,,,screen: never raised (t below screen_t or over the cap),0.0184564860426929,-0.0018959831098063207,,,411.0,-0.1475488743573326,,,0,,,REJECT,False,,,0.0,,
W00000,heldout,6,trending,True,P630,NOISE,base_null,,,,,,False,False,,,,screen: never raised (t below screen_t or over the cap),0.0,0.0,,,379.0,0.0,,,0,,,REJECT,False,,,0.0,,
W00000,heldout,6,trending,True,P631,NOISE,base_null,,,,,,True,False,,0.0,,"quarantined: QUARANTINED blocked by calibration,complexity,identity,leakage,out_of_sample,replication,transfer",0.319843137254902,0.021905617377885742,-1.0,False,151.0,0.9512976661917569,0.4166666666666667,QUARANTINED,1,,"calibration,complexity,identity,leakage,out_of_sample,replication,transfer",QUARANTINE,False,,,0.0,,
W00000,heldout,6,trending,True,P632,NOISE,base_null,,,,,,False,False,,,,screen: never raised (t below screen_t or over the cap),0.11063063063063061,-0.00567765269572118,,,480.0,-0.5175297826986468,,,0,,,REJECT,False,,,0.0,,
W00000,heldout,6,trending,True,P633,NOISE,base_null,,,,,,False,False,,,,screen: never raised (t below screen_t or over the cap),0.11063063063063061,0.005681419493566708,,,271.0,0.40485822332227334,,,0,,,REJECT,False,,,0.0,,
W00000,heldout,6,trending,True,P634,NOISE,base_null,,,,,,False,False,,,,screen: never raised (t below screen_t or over the cap),0.20197530864197533,0.00929470101374874,,,209.0,0.705389547529626,,,0,,,REJECT,False,,,0.0,,
W00000,heldout,6,trending,True,P635,NOISE,base_null,,,,,,False,False,,,,screen: never raised (t below screen_t or over the cap),0.03323943661971829,-0.0019292349862413127,,,413.0,-0.14245440094158543,,,0,,,REJECT,False,,,0.0,,
W00000,heldout,6,trending,True,P636,NOISE,base_null,,,,,,False,False,,,,screen: never raised (t below screen_t or over the cap),0.04411009174311942,-0.0024750528821077533,,,424.0,-0.19993875171226191,,,0,,,REJECT,False,,,0.0,,
W00000,heldout,6,trending,True,P637,NOISE,base_null,,,,,,False,False,,,,screen: never raised (t below screen_t or over the cap),0.03050610820244326,-0.0018007076266102762,,,409.0,-0.15522786137018646,,,0,,,REJECT,False,,,0.0,,
W00000,heldout,6,trending,True,P638,NOISE,base_null,,,,,,True,False,,4.0,,"quarantined: QUARANTINED blocked by calibration,complexity,identity,leakage,out_of_sample,replication,transfer",0.9,0.017122104268428084,-1.0,False,59.0,2.495869932078337,0.4166666666666667,QUARANTINED,1,,"calibration,complexity,identity,leakage,out_of_sample,replication,transfer",QUARANTINE,False,,,0.0,,
W00000,heldout,6,trending,True,P639,NOISE,base_null,,,,,,True,False,,4.0,,"quarantined: QUARANTINED blocked by calibration,complexity,identity,leakage,out_of_sample,replication,transfer",0.9,0.017122104268428084,-1.0,False,60.0,2.495869932078337,0.4166666666666667,QUARANTINED,1,,"calibration,complexity,identity,leakage,out_of_sample,replication,transfer",QUARANTINE,False,,,0.0,,
W00000,heldout,6,trending,True,P640,NOISE,base_null,,,,,,False,False,,,,screen: never raised (t below screen_t or over the cap),0.11626535626535606,-0.006000098978473922,,,487.0,-0.5421356217599966,,,0,,,REJECT,False,,,0.0,,
W00000,heldout,6,trending,True,P641,NOISE,base_null,,,,,,False,False,,,,screen: never raised (t below screen_t or over the cap),0.11063063063063061,0.007921927659848227,,,230.0,0.565835410892022,,,0,,,REJECT,False,,,0.0,,
W00000,heldout,6,trending,True,P642,NOISE,base_null,,,,,,False,False,,,,screen: never raised (t below screen_t or over the cap),0.0184564860426929,0.0015159406481145554,,,346.0,0.11889116558408504,,,0,,,REJECT,False,,,0.0,,
W00000,heldout,6,trending,True,P643,NOISE,base_null,,,,,,False,False,,,,screen: never raised (t below screen_t or over the cap),0.12884097035040432,-0.004622885416729117,,,464.0,-0.5883500881130664,,,0,,,REJECT,False,,,0.0,,
W00000,heldout,6,trending,True,P644,NOISE,base_null,,,,,,False,False,,,,screen: never raised (t below screen_t or over the cap),0.11063063063063061,0.006968571444218918,,,242.0,0.4400920401894892,,,0,,,REJECT,False,,,0.0,,
W00000,heldout,6,trending,True,P645,NOISE,base_null,,,,,,False,False,,,,screen: never raised (t below screen_t or over the cap),0.11063063063063061,-0.004974269029606404,,,466.0,-0.5144158903971942,,,0,,,REJECT,False,,,0.0,,
W00000,heldout,6,trending,True,P646,NOISE,base_null,,,,,,False,False,,,,screen: never raised (t below screen_t or over the cap),0.21686900958466448,0.0098419469627542,,,199.0,0.8545059680906866,,,0,,,REJECT,False,,,0.0,,
W00000,heldout,6,trending,True,P647,NOISE,base_null,,,,,,False,False,,,,screen: never raised (t below screen_t or over the cap),0.0184564860426929,0.0009189039977659519,,,361.0,0.07757737630818932,,,0,,,REJECT,False,,,0.0,,
W00000,heldout,6,trending,True,P648,NOISE,base_null,,,,,,True,False,,2.0,,"live: FAILED blocked by calibration,complexity,out_of_sample,replication,transfer",0.9023728813559322,0.030873957997751732,-1.0,False,48.0,2.2045134113316167,0.5833333333333334,FAILED,3,,"calibration,complexity,out_of_sample,replication,transfer",UNKNOWN,False,,,0.0,,
W00000,heldout,6,trending,True,P649,NOISE,base_null,,,,,,True,False,,0.0,,"quarantined: QUARANTINED blocked by calibration,complexity,identity,leakage,out_of_sample,replication,transfer",0.9154716981132075,0.01763473853247929,1.0,True,55.0,2.82571053106953,0.4166666666666667,QUARANTINED,1,,"calibration,complexity,identity,leakage,out_of_sample,replication,transfer",QUARANTINE,False,,,0.0,,
W00001,development,4,crisis,True,P000,REAL,linear,obvious,DETECTABLE,1.0,1.0,0.06597783704710314,True,False,,0.0,0.0,"live: FAILED blocked by calibration,replication",1.0,0.06191684178581612,-1.0,True,26.0,6.348116569349017,0.8333333333333334,FAILED,5,,"calibration,replication",UNKNOWN,False,-0.004060995261287018,,0.0,"surfaced, not promoted",
W00001,development,4,crisis,True,P001,REAL,linear,moderate,DETECTABLE,1.0,1.0,0.03841259112886191,True,False,,0.0,0.0,"live: FAILED blocked by calibration,complexity,out_of_sample,replication",0.9847619047619047,0.0321388685416334,-1.0,True,39.0,3.526076798693131,0.75,FAILED,5,,"calibration,complexity,out_of_sample,replication",UNKNOWN,False,-0.006273722587228511,,0.0,"surfaced, not promoted",
W00001,development,4,crisis,True,P002,REAL,linear,subtle,DETECTABLE,0.9583333333333334,0.9583333333333334,0.02528501840700043,True,False,,0.0,0.0,"live: FAILED blocked by calibration,complexity,out_of_sample,replication",0.8896551724137931,0.025509278804983365,1.0,True,41.0,2.727073472253881,0.6666666666666666,FAILED,5,,"calibration,complexity,out_of_sample,replication",UNKNOWN,False,0.00022426039798293523,,0.0,"surfaced, not promoted",
W00001,development,4,crisis,True,P003,REAL,linear,faint,DETECTABLE,0.5,0.5,0.015810134320003468,False,False,,,0.0,screen: never raised (t below screen_t or over the cap),0.013024793388429767,-0.0025943488024233186,,,429.0,-0.2892515585226573,,,0,,,REJECT,False,-0.018404483122426787,,0.0,,
W00001,development,4,crisis,True,P004,REAL,linear,extremely_subtle,UNDETECTABLE_IN_PRINCIPLE,0.0,0.0,-0.0006030664702733169,False,False,,,,screen: never raised (t below screen_t or over the cap),0.3529281767955801,-0.014871757414946396,,,606.0,-1.3435683761918435,,,0,,,REJECT,False,-0.01426869094467308,,0.0,,
W00001,development,4,crisis,True,P005,REAL,rare,obvious,DETECTABLE,1.0,0.9583333333333334,0.025305044498178494,True,False,,3.0,0.0,"quarantined: QUARANTINED blocked by calibration,complexity,identity,leakage,out_of_sample,replication,risk,transfer",0.8185074626865672,0.014534898201923054,1.0,True,47.0,2.284124593953783,0.3333333333333333,QUARANTINED,1,,"calibration,complexity,identity,leakage,out_of_sample,replication,risk,transfer",QUARANTINE,False,-0.01077014629625544,,0.0,"surfaced, not promoted",
W00001,development,4,crisis,True,P006,REAL,rare,moderate,DETECTABLE,1.0,0.6666666666666666,0.017476514395602258,True,False,,1.0,0.0,"live: FAILED blocked by calibration,complexity,out_of_sample,replication",0.8896551724137931,0.023625667840937208,1.0,True,61.0,2.840094517700577,0.6666666666666666,FAILED,4,,"calibration,complexity,out_of_sample,replication",UNKNOWN,False,0.00614915344533495,,0.0,"surfaced, not promoted",
W00001,development,4,crisis,True,P007,REAL,rare,subtle,NOT_REPRESENTABLE,0.5416666666666666,0.0,0.00018597189508965008,False,False,,,0.0,screen: never raised (t below screen_t or over the cap),0.05715617715617716,0.005460442180651892,,,226.0,0.46651956801861777,,,0,,,REJECT,False,0.005274470285562242,,0.0,,
W00001,development,4,crisis,True,P008,REAL,rare,faint,NOT_REPRESENTABLE,0.7916666666666666,0.0,0.0009964460051439278,False,False,,,0.0,screen: never raised (t below screen_t or over the cap),0.33148514851485156,-0.011262369421999374,,,572.0,-1.1361099038201483,,,0,,,REJECT,False,-0.012258815427143303,,0.0,,
W00001,development,4,crisis,True,P009,REAL,rare,extremely_subtle,UNDETECTABLE_IN_PRINCIPLE,0.0,0.0,0.0024338817849287636,False,False,,,,screen: never raised (t below screen_t or over the cap),0.33913043478260874,0.011675224533529205,,,118.0,1.2362502386759515,,,0,,,REJECT,False,0.009241342748600442,,0.0,,
W00001,development,4,crisis,True,P010,REAL,threshold,obvious,DETECTABLE,1.0,1.0,0.04007788911729887,True,False,,0.0,0.0,"live: FAILED blocked by calibration,replication,risk",0.9847619047619047,0.04091745361197951,-1.0,True,37.0,3.752938281053093,0.75,FAILED,5,,"calibration,replication,risk",UNKNOWN,False,0.0008395644946806377,,0.0,"surfaced, not promoted",
W00001,development,4,crisis,True,P011,REAL,threshold,moderate,DETECTABLE,0.9583333333333334,0.5,0.017374994501837354,True,False,,4.0,0.0,"live: FAILED blocked by calibration,complexity,out_of_sample,replication,transfer",0.8200000000000001,0.0237328506420844,-1.0,True,44.0,2.0804533606381956,0.5833333333333334,FAILED,1,,"calibration,complexity,out_of_sample,replication,transfer",UNKNOWN,False,0.006357856140247045,,0.0,"surfaced, not promoted",
W00001,development,4,crisis,True,P012,REAL,threshold,subtle,DETECTABLE,0.8333333333333334,0.7083333333333334,0.01646961130961537,False,False,,,0.0,screen: never raised (t below screen_t or over the cap),0.5213445378151261,0.012650483857764905,,,105.0,1.44447586559752,,,0,,,REJECT,False,-0.0038191274518504653,,0.0,,
W00001,development,4,crisis,True,P013,REAL,threshold,faint,UNDETECTABLE_IN_PRINCIPLE,0.4583333333333333,0.0,0.004238134233405114,False,False,,,2.0,screen: never raised (t below screen_t or over the cap),0.013024793388429767,-0.0032766224491026508,,,447.0,-0.2799184073331325,,,0,,,REJECT,False,-0.007514756682507765,,0.0,,
W00001,development,4,crisis,True,P014,REAL,threshold,extremely_subtle,UNDETECTABLE_IN_PRINCIPLE,0.0,0.0,0.0001277681725803597,False,False,,,,screen: never raised (t below screen_t or over the cap),0.013024793388429767,0.0038884412953709147,,,254.0,0.28146704850806153,,,0,,,REJECT,False,0.003760673122790555,,0.0,,
W00001,development,4,crisis,True,P015,REAL,conditional,obvious,DETECTABLE,1.0,1.0,0.06841529977155993,True,False,,0.0,0.0,"live: FAILED blocked by calibration,replication",1.0,0.0618553763214206,1.0,True,25.0,8.163302142999385,0.8333333333333334,FAILED,5,,"calibration,replication",UNKNOWN,False,-0.006559923450139324,,0.0,"surfaced, not promoted",
W00001,development,4,crisis,True,P016,NOISE,context,,,,0.0,-0.00828718351067678,False,False,,,,screen: never raised (t below screen_t or over the cap),0.013024793388429767,-0.0018808941623757458,,,406.0,-0.2556639708534343,,,0,P015,,REJECT,False,0.006406289348301035,,0.0,,False
W00001,development,4,crisis,True,P017,REAL,conditional,moderate,DETECTABLE,1.0,1.0,0.03861885320263441,True,False,,0.0,0.0,"live: FAILED blocked by calibration,complexity,replication",0.9573333333333334,0.04037660068348845,-1.0,True,32.0,3.4808140908323497,0.75,FAILED,5,,"calibration,complexity,replication",UNKNOWN,False,0.001757747480854041,,0.0,"surfaced, not promoted",
W00001,development,4,crisis,True,P018,NOISE,context,,,,0.875,0.0177896343810385,False,False,,,,screen: never raised (t below screen_t or over the cap),0.5485714285714285,0.01665503073453012,,,78.0,1.7317760575108265,,,0,P017,,REJECT,False,-0.001134603646508383,,0.0,,False
W00001,development,4,crisis,True,P019,REAL,conditional,subtle,NOT_REPRESENTABLE,0.7083333333333334,0.125,0.010328844419768364,True,False,,0.0,0.0,"quarantined: QUARANTINED blocked by calibration,complexity,identity,leakage,out_of_sample,replication,transfer",0.536551724137931,0.01485859224236277,1.0,True,80.0,1.927206932007026,0.5833333333333334,QUARANTINED,4,,"calibration,complexity,identity,leakage,out_of_sample,replication,transfer",QUARANTINE,False,0.004529747822594406,,0.0,"surfaced, not promoted",
W00001,development,4,crisis,True,P020,NOISE,context,,,,0.0,0.0007710319388609917,False,False,,,,screen: never raised (t below screen_t or over the cap),0.10368159203980121,0.003645478230211552,,,262.0,0.60103751839634,,,0,P019,,REJECT,False,0.00287444629135056,,0.0,,False
W00001,development,4,crisis,True,P021,REAL,conditional,faint,UNDETECTABLE_IN_PRINCIPLE,0.041666666666666664,0.08333333333333333,0.004956553293576461,False,False,,,,screen: never raised (t below screen_t or over the cap),0.176618911174785,0.007357747935597847,,,177.0,0.6600117627099574,,,0,,,REJECT,False,0.0024011946420213863,,0.0,,
W00001,development,4,crisis,True,P022,NOISE,context,,,,0.2916666666666667,0.012005077979337203,True,False,,1.0,,"quarantined: QUARANTINED blocked by calibration,complexity,identity,leakage,out_of_sample,replication,reproducibility,transfer",0.8185074626865672,0.014116385601177782,1.0,True,53.0,2.532445573729254,0.3333333333333333,QUARANTINED,1,P021,"calibration,complexity,identity,leakage,out_of_sample,replication,reproducibility,transfer",QUARANTINE,False,0.002111307621840579,,0.0,,False
W00001,development,4,crisis,True,P023,REAL,conditional,extremely_subtle,UNDETECTABLE_IN_PRINCIPLE,0.0,0.0,-0.001016480136700981,False,False,,,,screen: never raised (t below screen_t or over the cap),0.013024793388429767,0.0008253984869934783,,,328.0,0.08743748647537748,,,0,,,REJECT,False,0.0018418786236944593,,0.0,,
W00001,development,4,crisis,True,P024,NOISE,context,,,,0.125,0.006933354470868539,False,False,,,,screen: never raised (t below screen_t or over the cap),0.013024793388429767,0.002204357081369235,,,288.0,0.2266785764960597,,,0,P023,,REJECT,False,-0.004728997389499304,,0.0,,False
W00001,development,4,crisis,True,P025,REAL,interactive,obvious,NOT_REPRESENTABLE,1.0,0.041666666666666664,0.0013836618309937554,False,False,,,0.0,screen: never raised (t below screen_t or over the cap),0.0,,,,,,,,0,,,REJECT,False,,,0.0,,
W00001,development,4,crisis,True,P026,PART,interaction_component,obvious,,,0.041666666666666664,0.0013836618309937554,False,False,,,,screen: never raised (t below screen_t or over the cap),0.20773234200743496,0.007264850222275743,,,181.0,0.8474927131838716,,,0,P025,,REJECT,False,0.005881188391281988,,0.0,,False
W00001,development,4,crisis,True,P027,PART,interaction_component,obvious,,,0.5833333333333334,0.016766812921980106,False,False,,,,screen: never raised (t below screen_t or over the cap),0.06992805755395692,-0.005381278252084842,,,479.0,-0.4201499657535649,,,0,P025,,REJECT,False,-0.022148091174064948,,0.0,,False
W00001,development,4,crisis,True,P028,REAL,interactive,moderate,NOT_REPRESENTABLE,1.0,0.0,-0.00027757218375594483,False,False,,,0.0,screen: never raised (t below screen_t or over the cap),0.0,,,,,,,,0,,,REJECT,False,,,0.0,,
W00001,development,4,crisis,True,P029,PART,interaction_component,moderate,,,0.0,-0.00027757218375594483,False,False,,,,screen: never raised (t below screen_t or over the cap),0.04070640176600426,-0.003528905484763256,,,451.0,-0.36357427381246915,,,0,P028,,REJECT,False,-0.0032513333010073114,,0.0,,False
W00001,development,4,crisis,True,P030,PART,interaction_component,moderate,,,0.0,-0.0023072542003192576,False,False,,,,screen: never raised (t below screen_t or over the cap),0.013024793388429767,0.0015237706628555836,,,309.0,0.17481505071053235,,,0,P028,,REJECT,False,0.003831024863174841,,0.0,,False
W00001,development,4,crisis,True,P031,REAL,interactive,subtle,NOT_REPRESENTABLE,0.9583333333333334,0.0,-0.004614163876377621,False,False,,,0.0,screen: never raised (t below screen_t or over the cap),0.0,,,,,,,,0,,,REJECT,False,,,0.0,,
W00001,development,4,crisis,True,P032,PART,interaction_component,subtle,,,0.0,-0.004614163876377621,False,False,,,,screen: never raised (t below screen_t or over the cap),0.013024793388429767,-0.001529622253942653,,,395.0,-0.15975737437430332,,,0,P031,,REJECT,False,0.003084541622434968,,0.0,,False
W00001,development,4,crisis,True,P033,PART,interaction_component,subtle,,,0.0,-0.008886666591119212,False,False,,,,screen: never raised (t below screen_t or over the cap),0.41299363057324845,0.015440461279404571,,,88.0,1.1535682811619323,,,0,P031,,REJECT,False,0.024327127870523782,,0.0,,False
W00001,development,4,crisis,True,P034,REAL,interactive,faint,NOT_REPRESENTABLE,1.0,0.0,-0.0023059366040142147,False,False,,,0.0,screen: never raised (t below screen_t or over the cap),0.0,,,,,,,,0,,,REJECT,False,,,0.0,,
W00001,development,4,crisis,True,P035,PART,interaction_component,faint,,,0.0,-0.0023059366040142147,False,False,,,,screen: never raised (t below screen_t or over the cap),0.3529281767955801,-0.011903421248036339,,,579.0,-1.3119094978278625,,,0,P034,,REJECT,False,-0.009597484644022124,,0.0,,False
W00001,development,4,crisis,True,P036,PART,interaction_component,faint,,,0.0,-0.00627590640766065,False,False,,,,screen: never raised (t below screen_t or over the cap),0.3377114427860697,-0.011071818406429623,,,570.0,-1.3882684417525624,,,0,P034,,REJECT,False,-0.004795911998768973,,0.0,,False
W00001,development,4,crisis,True,P037,REAL,interactive,extremely_subtle,UNDETECTABLE_IN_PRINCIPLE,0.0,0.08333333333333333,0.0059610784436164715,False,False,,,0.0,screen: never raised (t below screen_t or over the cap),0.0,,,,,,,,0,,,REJECT,False,,,0.0,,
W00001,development,4,crisis,True,P038,PART,interaction_component,extremely_subtle,,,0.08333333333333333,0.0059610784436164715,False,False,,,,screen: never raised (t below screen_t or over the cap),0.2148987854251012,-0.011737759539744597,,,577.0,-0.9548377275054871,,,0,P037,,REJECT,False,-0.017698837983361068,,0.0,,False
W00001,development,4,crisis,True,P039,PART,interaction_component,extremely_subtle,,,0.0,0.0017108139889370911,False,False,,,,screen: never raised (t below screen_t or over the cap),0.19169550173010386,0.0077580444457475695,,,168.0,1.0712269993667973,,,0,P037,,REJECT,False,0.006047230456810478,,0.0,,False
W00001,development,4,crisis,True,P040,REAL,xor,obvious,NOT_REPRESENTABLE,1.0,0.0,-0.004313723038166594,False,False,,,0.0,screen: never raised (t below screen_t or over the cap),0.0,,,,,,,,0,,,REJECT,False,,,0.0,,
W00001,development,4,crisis,True,P041,PART,interaction_component,obvious,,,0.0,-0.004313723038166594,False,False,,,,screen: never raised (t below screen_t or over the cap),0.013024793388429767,-0.0017070287056525912,,,400.0,-0.16222805395706036,,,0,P040,,REJECT,False,0.002606694332514003,,0.0,,False
W00001,development,4,crisis,True,P042,PART,interaction_component,obvious,,,0.0,-0.0005612584175950078,False,False,,,,screen: never raised (t below screen_t or over the cap),0.1758404558404557,-0.005764964987556964,,,490.0,-0.6917816835816943,,,0,P040,,REJECT,False,-0.005203706569961957,,0.0,,False
W00001,development,4,crisis,True,P043,REAL,xor,moderate,NOT_REPRESENTABLE,1.0,0.0,0.0019626062866604705,False,False,,,0.0,screen: never raised (t below screen_t or over the cap),0.0,,,,,,,,0,,,REJECT,False,,,0.0,,
W00001,development,4,crisis,True,P044,PART,interaction_component,moderate,,,0.0,0.0019626062866604705,False,False,,,,screen: never raised (t below screen_t or over the cap),0.013024793388429767,-0.0034080968390579613,,,449.0,-0.32226319613566695,,,0,P043,,REJECT,False,-0.0053707031257184314,,0.0,,False
W00001,development,4,crisis,True,P045,PART,interaction_component,moderate,,,0.5416666666666666,0.0167256058310193,False,False,,,,screen: never raised (t below screen_t or over the cap),0.556923076923077,0.0204698689823839,,,60.0,1.8584161230897709,,,0,P043,,REJECT,False,0.003744263151364599,,0.0,,False
W00001,development,4,crisis,True,P046,REAL,xor,subtle,NOT_REPRESENTABLE,0.9166666666666666,0.0,0.0006284933669858765,False,False,,,0.0,screen: never raised (t below screen_t or over the cap),0.0,,,,,,,,0,,,REJECT,False,,,0.0,,
W00001,development,4,crisis,True,P047,PART,interaction_component,subtle,,,0.0,0.0006284933669858765,False,False,,,,screen: never raised (t below screen_t or over the cap),0.0,-0.0002377438783688901,,,360.0,-0.032958324466551094,,,0,P046,,REJECT,False,-0.0008662372453547666,,0.0,,False
W00001,development,4,crisis,True,P048,PART,interaction_component,subtle,,,0.0,-0.015297262047510956,True,False,,2.0,,"live: FAILED blocked by calibration,complexity,out_of_sample,replication,transfer",0.8896551724137931,0.02113620775797682,-1.0,False,52.0,2.5024689496717833,0.5833333333333334,FAILED,3,P046,"calibration,complexity,out_of_sample,replication,transfer",UNKNOWN,False,0.03643346980548778,,0.0,,False
W00001,development,4,crisis,True,P049,REAL,xor,faint,NOT_REPRESENTABLE,0.875,0.0,-0.0002205915137208272,False,False,,,0.0,screen: never raised (t below screen_t or over the cap),0.0,,,,,,,,0,,,REJECT,False,,,0.0,,
W00001,development,4,crisis,True,P050,PART,interaction_component,faint,,,0.0,-0.0002205915137208272,False,False,,,,screen: never raised (t below screen_t or over the cap),0.14608219178082194,-0.006230650581303121,,,494.0,-0.5827955468924567,,,0,P049,,REJECT,False,-0.006010059067582294,,0.0,,False
W00001,development,4,crisis,True,P051,PART,interaction_component,faint,,,0.0,-0.0017196105730051911,False,False,,,,screen: never raised (t below screen_t or over the cap),0.21133858267716543,0.009788443828079307,,,141.0,1.0222411700724148,,,0,P049,,REJECT,False,0.0115080544010845,,0.0,,False
W00001,development,4,crisis,True,P052,REAL,xor,extremely_subtle,UNDETECTABLE_IN_PRINCIPLE,0.0,0.0,0.004009764420902225,False,False,,,,screen: never raised (t below screen_t or over the cap),0.0,,,,,,,,0,,,REJECT,False,,,0.0,,
W00001,development,4,crisis,True,P053,PART,interaction_component,extremely_subtle,,,0.0,0.004009764420902225,False,False,,,,screen: never raised (t below screen_t or over the cap),0.4219354838709677,0.01537096008785277,,,89.0,1.488613168987067,,,0,P052,,REJECT,False,0.011361195666950544,,0.0,,False
W00001,development,4,crisis,True,P054,PART,interaction_component,extremely_subtle,,,0.0,-0.0035409000295212336,False,False,,,,screen: never raised (t below screen_t or over the cap),0.0,-0.0001251219939231718,,,357.0,-0.012960623284667355,,,0,P052,,REJECT,False,0.0034157780355980618,,0.0,,False
W00001,development,4,crisis,True,P055,REAL,delayed,obvious,NOT_REPRESENTABLE,1.0,0.0,-0.005156643889461448,False,False,,,0.0,screen: never raised (t below screen_t or over the cap),0.19169550173010386,0.007182346478123103,,,186.0,0.86793117155709,,,0,,,REJECT,False,0.01233899036758455,,0.0,,
W00001,development,4,crisis,True,P056,REAL,delayed,moderate,NOT_REPRESENTABLE,1.0,0.3333333333333333,0.013245695656180724,False,False,,,0.0,screen: never raised (t below screen_t or over the cap),0.3529281767955801,0.014362976811429173,,,96.0,1.5734914785177443,,,0,,,REJECT,False,0.001117281155248449,,0.0,,
W00001,development,4,crisis,True,P057,REAL,delayed,subtle,NOT_REPRESENTABLE,0.5833333333333334,0.125,0.007284264827077291,False,False,,,2.0,screen: never raised (t below screen_t or over the cap),0.013024793388429767,0.001087203832022321,,,320.0,0.10318504570955739,,,0,,,REJECT,False,-0.00619706099505497,,0.0,,
W00001,development,4,crisis,True,P058,REAL,delayed,faint,UNDETECTABLE_IN_PRINCIPLE,0.20833333333333334,0.0,-0.014299672587061213,False,False,,,,screen: never raised (t below screen_t or over the cap),0.1834482758620689,-0.008204716010033919,,,528.0,-0.8155588047704588,,,0,,,REJECT,False,0.006094956577027294,,0.0,,
W00001,development,4,crisis,True,P059,REAL,delayed,extremely_subtle,UNDETECTABLE_IN_PRINCIPLE,0.08333333333333333,0.041666666666666664,0.006592731911071244,False,False,,,,screen: never raised (t below screen_t or over the cap),0.2288524590163935,-0.007419170312639167,,,516.0,-0.9646405580617151,,,0,,,REJECT,False,-0.014011902223710411,,0.0,,
W00001,development,4,crisis,True,P060,REAL,regime,obvious,DETECTABLE,1.0,1.0,0.14434452786772842,True,True,0.0,0.0,0.0,promoted,1.0,0.11260897203938268,1.0,True,13.0,17.127667331897577,1.0,PROMOTE,1,,,PROMOTE,True,-0.03173555582834574,0.0,1.0,found,
W00001,development,4,crisis,True,P061,REAL,regime,moderate,DETECTABLE,1.0,1.0,0.08308438972387665,True,False,,0.0,0.0,"live: FAILED blocked by calibration,replication",1.0,0.07903950570271431,-1.0,True,22.0,8.116417363919757,0.8333333333333334,FAILED,5,,"calibration,replication",UNKNOWN,False,-0.004044884021162334,,0.0,"surfaced, not promoted",
W00001,development,4,crisis,True,P062,REAL,regime,subtle,DETECTABLE,1.0,1.0,0.046471838765390815,True,False,,0.0,0.0,"live: FAILED blocked by calibration,complexity,replication",1.0,0.04670747019424267,-1.0,True,31.0,6.128728240168334,0.75,FAILED,5,,"calibration,complexity,replication",UNKNOWN,False,0.00023563142885185684,,0.0,"surfaced, not promoted",
W00001,development,4,crisis,True,P063,REAL,regime,faint,DETECTABLE,1.0,1.0,0.04409783524904738,True,False,,0.0,0.0,"live: FAILED blocked by calibration,complexity,replication",1.0,0.03683748017411097,-1.0,True,35.0,4.212752014947929,0.75,FAILED,5,,"calibration,complexity,replication",UNKNOWN,False,-0.007260355074936414,,0.0,"surfaced, not promoted",
W00001,development,4,crisis,True,P064,REAL,regime,extremely_subtle,UNDETECTABLE_IN_PRINCIPLE,0.08333333333333333,0.08333333333333333,0.007267759642261495,False,False,,,,screen: never raised (t below screen_t or over the cap),0.15676880222841238,0.005284241562327208,,,228.0,0.7004165115537834,,,0,,,REJECT,False,-0.0019835180799342876,,0.0,,
W00001,development,4,crisis,True,P065,REAL,changing,obvious,DETECTABLE,1.0,1.0,0.0945065383534756,True,False,,0.0,0.0,"live: FAILED blocked by calibration,replication,risk",1.0,0.09404997677613551,1.0,True,21.0,7.820978894611829,0.8333333333333334,FAILED,5,,"calibration,replication,risk",UNKNOWN,False,-0.0004565615773400866,,0.0,"surfaced, not promoted",
W00001,development,4,crisis,True,P066,REAL,changing,moderate,DETECTABLE,1.0,1.0,0.056071183215920785,True,False,,0.0,0.0,"live: FAILED blocked by calibration,complexity,replication,transfer",1.0,0.04718525076770808,1.0,True,30.0,5.0032427213132555,0.8333333333333334,FAILED,5,,"calibration,complexity,replication,transfer",UNKNOWN,False,-0.008885932448212702,,0.0,"surfaced, not promoted",
W00001,development,4,crisis,True,P067,REAL,changing,subtle,UNDETECTABLE_IN_PRINCIPLE,0.041666666666666664,0.041666666666666664,0.009832518087782694,True,False,,0.0,0.0,"quarantined: QUARANTINED blocked by calibration,complexity,identity,leakage,out_of_sample,replication,transfer",0.1834482758620689,0.019106202472133557,-1.0,True,218.0,0.7268537169775906,0.5833333333333334,QUARANTINED,2,,"calibration,complexity,identity,leakage,out_of_sample,replication,transfer",QUARANTINE,False,0.009273684384350863,,0.0,"surfaced, not promoted",
W00001,development,4,crisis,True,P068,REAL,changing,faint,UNDETECTABLE_IN_PRINCIPLE,0.041666666666666664,0.041666666666666664,0.0033843123071934647,False,False,,,,screen: never raised (t below screen_t or over the cap),0.0,-8.712790187609398e-05,,,355.0,-0.00921126748208584,,,0,,,REJECT,False,-0.0034714402090695587,,0.0,,
W00001,development,4,crisis,True,P069,REAL,changing,extremely_subtle,UNDETECTABLE_IN_PRINCIPLE,0.041666666666666664,0.041666666666666664,0.00898735993028294,False,False,,,,screen: never raised (t below screen_t or over the cap),0.05699769053117787,-0.004133134688113715,,,460.0,-0.4048640573125592,,,0,,,REJECT,False,-0.013120494618396655,,0.0,,
W00001,development,4,crisis,True,P070,REAL,lifecycle,obvious,DETECTABLE,1.0,1.0,0.0691162499408029,True,False,,0.0,0.0,"live: FAILED blocked by calibration,replication",1.0,0.07674566505576225,-1.0,True,23.0,7.89570528883841,0.8333333333333334,FAILED,5,,"calibration,replication",UNKNOWN,False,0.007629415114959348,,0.0,"surfaced, not promoted",
W00001,development,4,crisis,True,P071,REAL,lifecycle,moderate,DETECTABLE,1.0,1.0,0.05134122015834097,True,False,,0.0,0.0,"live: FAILED blocked by calibration,complexity,replication",1.0,0.04244898225303145,1.0,True,34.0,4.008884248980819,0.75,FAILED,5,,"calibration,complexity,replication",UNKNOWN,False,-0.008892237905309519,,0.0,"surfaced, not promoted",
W00001,development,4,crisis,True,P072,REAL,lifecycle,subtle,DETECTABLE,0.9583333333333334,0.9583333333333334,0.025475542139665196,True,False,,0.0,0.0,"live: FAILED blocked by calibration,complexity,out_of_sample,replication",0.712,0.025521097509587788,-1.0,True,50.0,2.2320593218139733,0.75,FAILED,5,,"calibration,complexity,out_of_sample,replication",UNKNOWN,False,4.5555369922591765e-05,,0.0,"surfaced, not promoted",
W00001,development,4,crisis,True,P073,REAL,lifecycle,faint,UNDETECTABLE_IN_PRINCIPLE,0.25,0.125,0.00882951722543102,False,False,,,,screen: never raised (t below screen_t or over the cap),0.1868235294117646,0.006666597243764061,,,200.0,0.8211012222253152,,,0,,,REJECT,False,-0.002162919981666959,,0.0,,
W00001,development,4,crisis,True,P074,REAL,lifecycle,extremely_subtle,DETECTABLE,0.5,0.5,0.017136045908635815,False,False,,,4.0,screen: never raised (t below screen_t or over the cap),0.3529281767955801,0.010257069217988524,,,132.0,1.3827940956150995,,,0,,,REJECT,False,-0.006878976690647291,,0.0,,
W00001,development,4,crisis,True,P075,NOISE,coincidence,,,,0.0,-0.0018542001631952614,False,False,,,,screen: never raised (t below screen_t or over the cap),0.1449180327868853,0.007043400321185556,,,192.0,0.823816924583757,,,0,,,REJECT,False,0.008897600484380817,,0.0,,
W00001,development,4,crisis,True,P076,NOISE,coincidence,,,,0.0,-0.0032893334297640874,False,False,,,,screen: never raised (t below screen_t or over the cap),0.013024793388429767,0.0033342226926859064,,,267.0,0.3430877917317252,,,0,,,REJECT,False,0.006623556122449994,,0.0,,
W00001,development,4,crisis,True,P077,NOISE,coincidence,,,,0.0,-0.0027499197152947717,False,False,,,,screen: never raised (t below screen_t or over the cap),0.19157894736842107,0.007205562392976872,,,184.0,0.9496846559509936,,,0,,,REJECT,False,0.009955482108271643,,0.0,,
W00001,development,4,crisis,True,P078,NOISE,coincidence,,,,0.0,0.0003760433320283948,False,False,,,,screen: never raised (t below screen_t or over the cap),0.013024793388429767,-0.001972689991627141,,,409.0,-0.16630599164884874,,,0,,,REJECT,False,-0.002348733323655536,,0.0,,
W00001,development,4,crisis,True,P079,NOISE,coincidence,,,,0.0,-0.016413215340982584,False,False,,,,screen: never raised (t below screen_t or over the cap),0.3795121951219512,-0.013282077508588008,,,595.0,-1.3038697383484568,,,0,,,REJECT,False,0.003131137832394576,,0.0,,
W00001,development,4,crisis,True,P080,NOISE,coincidence,,,,0.0,-0.0010011756517883867,False,False,,,,screen: never raised (t below screen_t or over the cap),0.1868235294117646,-0.005416139912247098,,,480.0,-0.8281539939564448,,,0,,,REJECT,False,-0.0044149642604587105,,0.0,,
W00001,development,4,crisis,True,P081,NOISE,coincidence,,,,0.0,0.003978175475907937,False,False,,,,screen: never raised (t below screen_t or over the cap),0.006787479406919261,-0.0005886988067445031,,,369.0,-0.046540457227569665,,,0,,,REJECT,False,-0.00456687428265244,,0.0,,
W00001,development,4,crisis,True,P082,NOISE,coincidence,,,,0.0,0.004237760651288404,False,False,,,,screen: never raised (t below screen_t or over the cap),0.013024793388429767,0.0025007014572435704,,,282.0,0.31947221415511,,,0,,,REJECT,False,-0.001737059194044834,,0.0,,
W00001,development,4,crisis,True,P083,NOISE,coincidence,,,,0.0,-0.012968230775312735,False,False,,,,screen: never raised (t below screen_t or over the cap),0.5584,-0.01465184980072759,,,605.0,-1.7493175624858694,,,0,,,REJECT,False,-0.001683619025414855,,0.0,,
W00001,development,4,crisis,True,P084,NOISE,coincidence,,,,0.0,-0.006709493478902306,False,False,,,,screen: never raised (t below screen_t or over the cap),0.3529281767955801,0.011884313195371976,,,117.0,1.17061223571291,,,0,,,REJECT,False,0.018593806674274283,,0.0,,
W00001,development,4,crisis,True,P085,NOISE,coincidence,,,,0.20833333333333334,0.010604667031336855,True,False,,2.0,,"quarantined: QUARANTINED blocked by calibration,complexity,identity,leakage,out_of_sample,replication",0.3529281767955801,0.01175904258825877,1.0,True,115.0,1.4236414937640174,0.6666666666666666,QUARANTINED,3,,"calibration,complexity,identity,leakage,out_of_sample,replication",QUARANTINE,False,0.0011543755569219157,,0.0,,
W00001,development,4,crisis,True,P086,NOISE,coincidence,,,,0.0,-0.0009545731864302283,False,False,,,,screen: never raised (t below screen_t or over the cap),0.013024793388429767,0.0008073146329388159,,,329.0,0.08726089846110778,,,0,,,REJECT,False,0.0017618878193690441,,0.0,,
W00001,development,4,crisis,True,P087,NOISE,coincidence,,,,0.0,-0.0023504196113810698,False,False,,,,screen: never raised (t below screen_t or over the cap),0.29481481481481486,-0.008859368619006491,,,543.0,-1.1115295985407183,,,0,,,REJECT,False,-0.006508949007625421,,0.0,,
W00001,development,4,crisis,True,P088,NOISE,coincidence,,,,0.0,-0.0023096824234480335,False,False,,,,screen: never raised (t below screen_t or over the cap),0.12394805194805192,0.004351749243173164,,,244.0,0.6553389505328688,,,0,,,REJECT,False,0.006661431666621198,,0.0,,
W00001,development,4,crisis,True,P089,NOISE,coincidence,,,,0.0,0.003011180503360682,False,False,,,,screen: never raised (t below screen_t or over the cap),0.1868235294117646,-0.0068497575452795,,,503.0,-0.8436084313729522,,,0,,,REJECT,False,-0.009860938048640182,,0.0,,
W00001,development,4,crisis,True,P090,NOISE,early_decay,,,,0.0,-0.007394169011638098,False,False,,,,screen: never raised (t below screen_t or over the cap),0.013024793388429767,0.0016584382728921376,,,304.0,0.1638027127079687,,,0,,,REJECT,False,0.009052607284530237,,0.0,,
W00001,development,4,crisis,True,P091,NOISE,early_decay,,,,0.0,0.0025392340979497304,False,False,,,,screen: never raised (t below screen_t or over the cap),0.2288524590163935,0.007843329821207279,,,167.0,1.055277750947002,,,0,,,REJECT,False,0.0053040957232575485,,0.0,,
W00001,development,4,crisis,True,P092,NOISE,early_decay,,,,0.0,-0.0032820103416191697,False,False,,,,screen: never raised (t below screen_t or over the cap),0.4658646616541353,0.009977073530577973,,,139.0,1.67762277443517,,,0,,,REJECT,False,0.013259083872197142,,0.0,,
W00001,development,4,crisis,True,P093,NOISE,early_decay,,,,0.0,0.0045329483710665665,False,False,,,,screen: never raised (t below screen_t or over the cap),0.4859842519685039,-0.013956706877546743,,,600.0,-1.6466603099525505,,,0,,,REJECT,False,-0.01848965524861331,,0.0,,
W00001,development,4,crisis,True,P094,NOISE,early_decay,,,,0.2916666666666667,0.012334524426152264,False,False,,,,screen: never raised (t below screen_t or over the cap),0.09739557739557747,0.004352391306107206,,,243.0,0.4841767683500345,,,0,,,REJECT,False,-0.007982133120045058,,0.0,,
W00001,development,4,crisis,True,P095,NOISE,early_decay,,,,0.0,-0.00208887408251715,False,False,,,,screen: never raised (t below screen_t or over the cap),0.3529281767955801,-0.012359156342621191,,,583.0,-1.3324718760183598,,,0,,,REJECT,False,-0.010270282260104041,,0.0,,
W00001,development,4,crisis,True,P096,NOISE,early_decay,,,,0.08333333333333333,0.00791172603266985,False,False,,,,screen: never raised (t below screen_t or over the cap),0.19194244604316557,0.007346696454746282,,,179.0,0.9757318993118986,,,0,,,REJECT,False,-0.0005650295779235683,,0.0,,
W00001,development,4,crisis,True,P097,NOISE,early_decay,,,,0.125,0.009712936078939862,True,False,,0.0,,"live: FAILED blocked by calibration,complexity,out_of_sample,replication,transfer",0.6421505376344085,0.01637179758627584,-1.0,True,79.0,1.978922750975038,0.75,FAILED,5,,"calibration,complexity,out_of_sample,replication,transfer",UNKNOWN,False,0.006658861507335979,,0.0,,
W00001,development,4,crisis,True,P098,NOISE,early_decay,,,,0.0,-0.011252639258006798,False,False,,,,screen: never raised (t below screen_t or over the cap),0.2288524590163935,-0.010481880680262456,,,565.0,-0.9636012606250159,,,0,,,REJECT,False,0.0007707585777443418,,0.0,,
W00001,development,4,crisis,True,P099,NOISE,early_decay,,,,0.041666666666666664,0.0072331522798538776,False,False,,,,screen: never raised (t below screen_t or over the cap),0.013024793388429767,-0.002560455070034273,,,428.0,-0.2675547331498517,,,0,,,REJECT,False,-0.00979360734988815,,0.0,,
W00001,development,4,crisis,True,P100,NOISE,fluke,,,,0.0,0.0010976162867794236,False,False,,,,screen: never raised (t below screen_t or over the cap),0.6294736842105263,-0.019029999383874285,,,622.0,-1.67887562913847,,,0,,,REJECT,False,-0.020127615670653708,,0.0,,
W00001,development,4,crisis,True,P101,NOISE,fluke,,,,0.16666666666666666,0.010880620093767845,False,False,,,,screen: never raised (t below screen_t or over the cap),0.3377114427860697,0.012599568415835538,,,106.0,1.271877369956376,,,0,,,REJECT,False,0.0017189483220676934,,0.0,,
W00001,development,4,crisis,True,P102,NOISE,fluke,,,,0.041666666666666664,0.003295483552323885,False,False,,,,screen: never raised (t below screen_t or over the cap),0.2078490566037735,-0.008460467493035195,,,535.0,-1.088093332533948,,,0,,,REJECT,False,-0.01175595104535908,,0.0,,
W00001,development,4,crisis,True,P103,NOISE,fluke,,,,0.041666666666666664,0.002418296863195995,False,False,,,,screen: never raised (t below screen_t or over the cap),0.19157894736842107,0.006467309140323896,,,205.0,0.8934067729230772,,,0,,,REJECT,False,0.004049012277127901,,0.0,,
W00001,development,4,crisis,True,P104,NOISE,fluke,,,,0.0,0.003229569788948987,False,False,,,,screen: never raised (t below screen_t or over the cap),0.04070640176600426,-0.003532934976571811,,,453.0,-0.3530954865038087,,,0,,,REJECT,False,-0.006762504765520799,,0.0,,
W00001,development,4,crisis,True,P105,NOISE,fluke,,,,0.5,0.01496816029665192,False,False,,,,screen: never raised (t below screen_t or over the cap),0.4501408450704225,-0.01894564941466087,,,621.0,-1.286377903081326,,,0,,,REJECT,False,-0.03391380971131279,,0.0,,
W00001,development,4,crisis,True,P106,NOISE,fluke,,,,0.0,-0.0007225343300276885,False,False,,,,screen: never raised (t below screen_t or over the cap),0.05699769053117787,0.004823402028943602,,,233.0,0.4641100597457297,,,0,,,REJECT,False,0.005545936358971291,,0.0,,
W00001,development,4,crisis,True,P107,NOISE,fluke,,,,0.0,0.0005886553524399068,False,False,,,,screen: never raised (t below screen_t or over the cap),0.2195121951219512,-0.01001458325590715,,,554.0,-0.9270773328969929,,,0,,,REJECT,False,-0.010603238608347058,,0.0,,
W00001,development,4,crisis,True,P108,NOISE,fluke,,,,0.0,-0.008669988228150757,False,False,,,,screen: never raised (t below screen_t or over the cap),0.46202898550724636,-0.012681315813537042,,,587.0,-1.7979699029858773,,,0,,,REJECT,False,-0.004011327585386285,,0.0,,
W00001,development,4,crisis,True,P109,NOISE,fluke,,,,0.0,-0.00111604610251007,False,False,,,,screen: never raised (t below screen_t or over the cap),0.14666666666666672,0.005866466886776722,,,220.0,0.5651742139661495,,,0,,,REJECT,False,0.006982512989286792,,0.0,,
W00001,development,4,crisis,True,P110,NOISE,reversal,,,,0.0,-0.04265570174423695,False,False,,,,screen: never raised (t below screen_t or over the cap),0.013024793388429767,0.004202632773512516,,,247.0,0.2706837572623384,,,0,,,REJECT,False,0.04685833451774946,,0.0,,
W00001,development,4,crisis,True,P111,NOISE,reversal,,,,0.0,-0.03829499755351796,False,False,,,,screen: never raised (t below screen_t or over the cap),0.0,0.00021292359189584165,,,346.0,0.01823708210164973,,,0,,,REJECT,False,0.0385079211454138,,0.0,,
W00001,development,4,crisis,True,P112,NOISE,reversal,,,,0.0,-0.03842776265566867,False,False,,,,screen: never raised (t below screen_t or over the cap),0.9104,-0.029928868003869624,,,637.0,-2.6660081707914323,,,0,,,REJECT,False,0.008498894651799045,,0.0,,
W00001,development,4,crisis,True,P113,NOISE,reversal,,,,0.0,-0.035086724106958345,False,False,,,,screen: never raised (t below screen_t or over the cap),0.47815384615384615,-0.018569184098484626,,,620.0,-1.4841973939938908,,,0,,,REJECT,False,0.01651754000847372,,0.0,,
W00001,development,4,crisis,True,P114,NOISE,reversal,,,,0.0,-0.030392372964458517,False,False,,,,screen: never raised (t below screen_t or over the cap),0.9573333333333334,-0.027858129242044394,,,636.0,-3.4328904188711933,,,0,,,REJECT,False,0.0025342437224141236,,0.0,,
W00001,development,4,crisis,True,P115,NOISE,reversal,,,,0.0,-0.026434662384710726,False,False,,,,screen: never raised (t below screen_t or over the cap),0.31692307692307686,-0.012999215399613073,,,591.0,-1.1654417253234588,,,0,,,REJECT,False,0.013435446985097653,,0.0,,
W00001,development,4,crisis,True,P116,NOISE,reversal,,,,0.0,-0.03555155463366538,False,False,,,,screen: never raised (t below screen_t or over the cap),0.43503448275862067,-0.017311005026477644,,,615.0,-1.5217421588584843,,,0,,,REJECT,False,0.01824054960718774,,0.0,,
W00001,development,4,crisis,True,P117,NOISE,reversal,,,,0.0,-0.033967565657466746,False,False,,,,screen: never raised (t below screen_t or over the cap),0.1868235294117646,0.009652742947229731,,,143.0,0.7421651391716869,,,0,,,REJECT,False,0.04362030860469648,,0.0,,
W00001,development,4,crisis,True,P118,NOISE,reversal,,,,0.0,-0.017398287766422202,False,False,,,,screen: never raised (t below screen_t or over the cap),0.7112195121951219,-0.022156451372038144,,,633.0,-2.237615626137494,,,0,,,REJECT,False,-0.004758163605615942,,0.0,,
W00001,development,4,crisis,True,P119,NOISE,reversal,,,,0.0,-0.040343585386252635,False,False,,,,screen: never raised (t below screen_t or over the cap),0.013024793388429767,0.0039015540482344457,,,252.0,0.2732364594130037,,,0,,,REJECT,False,0.04424513943448708,,0.0,,
W00001,development,4,crisis,True,P120,NOISE,reversal,,,,0.0,-0.03977053004780946,False,False,,,,screen: never raised (t below screen_t or over the cap),0.4612949640287769,-0.01715650781147937,,,614.0,-1.417052536017484,,,0,,,REJECT,False,0.022614022236330092,,0.0,,
W00001,development,4,crisis,True,P121,NOISE,reversal,,,,0.0,-0.032490510671169794,False,False,,,,screen: never raised (t below screen_t or over the cap),0.8896551724137931,-0.03481153845774432,,,639.0,-2.346962619211136,,,0,,,REJECT,False,-0.002321027786574524,,0.0,,
W00001,development,4,crisis,True,P122,NOISE,reversal,,,,0.0,-0.02892017649624445,False,False,,,,screen: never raised (t below screen_t or over the cap),0.013024793388429767,-0.0029957308354013334,,,441.0,-0.20536428546433363,,,0,,,REJECT,False,0.025924445660843117,,0.0,,
W00001,development,4,crisis,True,P123,NOISE,reversal,,,,0.0,-0.023459608123048096,False,False,,,,screen: never raised (t below screen_t or over the cap),1.0,-0.03184108535918134,,,638.0,-3.4750210144161837,,,0,,,REJECT,False,-0.008381477236133247,,0.0,,
W00001,development,4,crisis,True,P124,NOISE,reversal,,,,0.0,-0.04250232388019396,False,False,,,,screen: never raised (t below screen_t or over the cap),0.013024793388429767,0.0017351448850558837,,,300.0,0.1303462073868239,,,0,,,REJECT,False,0.044237468765249845,,0.0,,
W00001,development,4,crisis,True,P125,NOISE,delayed_coincidence,,,,0.0,0.0022936765673424535,False,False,,,,screen: never raised (t below screen_t or over the cap),0.12326530612244901,0.005331272494385364,,,227.0,0.5930730110639187,,,0,,,REJECT,False,0.0030375959270429105,,0.0,,
W00001,development,4,crisis,True,P126,NOISE,delayed_coincidence,,,,0.041666666666666664,0.0025750554069360753,False,False,,,,screen: never raised (t below screen_t or over the cap),0.013024793388429767,0.0016430028774838679,,,305.0,0.18313609972340933,,,0,,,REJECT,False,-0.0009320525294522074,,0.0,,
W00001,development,4,crisis,True,P127,NOISE,delayed_coincidence,,,,0.0,0.0005348403981020852,False,False,,,,screen: never raised (t below screen_t or over the cap),0.013024793388429767,-0.0017208924651034296,,,401.0,-0.14283220143090297,,,0,,,REJECT,False,-0.0022557328632055148,,0.0,,
W00001,development,4,crisis,True,P128,NOISE,delayed_coincidence,,,,0.7083333333333334,0.016992107316091107,False,False,,,,screen: never raised (t below screen_t or over the cap),0.013024793388429767,0.002013461227386326,,,292.0,0.1958015718647151,,,0,,,REJECT,False,-0.014978646088704781,,0.0,,
W00001,development,4,crisis,True,P129,NOISE,delayed_coincidence,,,,0.0,0.00525828667739989,False,False,,,,screen: never raised (t below screen_t or over the cap),0.38385093167701867,-0.012756716914815891,,,588.0,-1.3708041063569572,,,0,,,REJECT,False,-0.01801500359221578,,0.0,,
W00001,development,4,crisis,True,P130,NOISE,delayed_coincidence,,,,0.041666666666666664,0.005894762104899524,False,False,,,,screen: never raised (t below screen_t or over the cap),0.013024793388429767,0.0019426850632691117,,,295.0,0.22865297571901902,,,0,,,REJECT,False,-0.003952077041630413,,0.0,,
W00001,development,4,crisis,True,P131,NOISE,delayed_coincidence,,,,0.08333333333333333,0.006817843278021859,False,False,,,,screen: never raised (t below screen_t or over the cap),0.1868235294117646,-0.0055819181947551755,,,487.0,-0.8558100541293451,,,0,,,REJECT,False,-0.012399761472777035,,0.0,,
W00001,development,4,crisis,True,P132,NOISE,delayed_coincidence,,,,0.041666666666666664,0.0067032566636434894,False,False,,,,screen: never raised (t below screen_t or over the cap),0.6948837209302325,-0.023065797013269163,,,634.0,-1.620179750923447,,,0,,,REJECT,False,-0.02976905367691265,,0.0,,
W00001,development,4,crisis,True,P133,NOISE,delayed_coincidence,,,,0.0,0.0023439949811772855,False,False,,,,screen: never raised (t below screen_t or over the cap),0.0,-0.0003902792492513907,,,362.0,-0.05367618285755309,,,0,,,REJECT,False,-0.0027342742304286762,,0.0,,
W00001,development,4,crisis,True,P134,NOISE,delayed_coincidence,,,,0.125,0.009512437790012885,False,False,,,,screen: never raised (t below screen_t or over the cap),0.1868235294117646,-0.010832168333808345,,,568.0,-0.827234183624925,,,0,,,REJECT,False,-0.020344606123821232,,0.0,,
W00001,development,4,crisis,True,P135,NOISE,delayed_coincidence,,,,0.0,0.0009510208669652779,True,False,,1.0,,"quarantined: QUARANTINED blocked by calibration,complexity,identity,leakage,out_of_sample,replication,transfer",0.32549019607843144,0.009172504879096235,-1.0,False,555.0,-1.2029947873545737,0.4166666666666667,QUARANTINED,1,,"calibration,complexity,identity,leakage,out_of_sample,replication,transfer",QUARANTINE,False,0.008221484012130957,,0.0,,
W00001,development,4,crisis,True,P136,NOISE,delayed_coincidence,,,,0.125,0.009089241124209816,False,False,,,,screen: never raised (t below screen_t or over the cap),0.3529281767955801,0.012408839420853024,,,108.0,1.3424236008820556,,,0,,,REJECT,False,0.0033195982966432083,,0.0,,
W00001,development,4,crisis,True,P137,NOISE,delayed_coincidence,,,,0.0,0.0005830798032480976,False,False,,,,screen: never raised (t below screen_t or over the cap),0.19194244604316557,-0.007024046121098693,,,510.0,-0.8700057343882104,,,0,,,REJECT,False,-0.00760712592434679,,0.0,,
W00001,development,4,crisis,True,P138,NOISE,delayed_coincidence,,,,0.5416666666666666,0.016981228281704928,False,False,,,,screen: never raised (t below screen_t or over the cap),0.013024793388429767,-0.0022310434654996825,,,416.0,-0.21892962166541788,,,0,,,REJECT,False,-0.01921227174720461,,0.0,,
W00001,development,4,crisis,True,P139,NOISE,delayed_coincidence,,,,0.0,-0.0015276708462862304,False,False,,,,screen: never raised (t below screen_t or over the cap),0.013024793388429767,-0.002320132139622233,,,420.0,-0.16411563287729886,,,0,,,REJECT,False,-0.0007924612933360026,,0.0,,
W00001,development,4,crisis,True,P140,NOISE,interaction_decoy,,,,0.041666666666666664,0.005083647222918867,False,False,,,,screen: never raised (t below screen_t or over the cap),0.04072234762979676,-0.0045696397737541306,,,468.0,-0.44052496763140725,,,0,,,REJECT,False,-0.009653286996672998,,0.0,,
W00001,development,4,crisis,True,P141,NOISE,interaction_decoy,,,,0.041666666666666664,0.001639487430687363,False,False,,,,screen: never raised (t below screen_t or over the cap),0.04070640176600426,-0.002983606594321564,,,440.0,-0.4021449320921221,,,0,,,REJECT,False,-0.004623094025008927,,0.0,,
W00001,development,4,crisis,True,P142,NOISE,interaction_decoy,,,,0.0,0.0007091021871448568,False,False,,,,screen: never raised (t below screen_t or over the cap),0.0,2.0195250221455296e-05,,,349.0,0.00268023473903705,,,0,,,REJECT,False,-0.0006889069369234015,,0.0,,
W00001,development,4,crisis,True,P143,NOISE,interaction_decoy,,,,0.25,0.011565744119961956,False,False,,,,screen: never raised (t below screen_t or over the cap),0.23364806866952792,0.0097467620669488,,,142.0,1.0152574296855499,,,0,,,REJECT,False,-0.0018189820530131566,,0.0,,
W00001,development,4,crisis,True,P144,NOISE,interaction_decoy,,,,0.0,-0.001719914625895652,False,False,,,,screen: never raised (t below screen_t or over the cap),0.9015384615384615,-0.01961339586116223,,,628.0,-2.7182566572175415,,,0,,,REJECT,False,-0.01789348123526658,,0.0,,
W00001,development,4,crisis,True,P145,NOISE,interaction_decoy,,,,0.0,0.0018891151109621726,False,False,,,,screen: never raised (t below screen_t or over the cap),0.7164556962025317,-0.020582961646624764,,,630.0,-1.871169705995784,,,0,,,REJECT,False,-0.022472076757586938,,0.0,,
W00001,development,4,crisis,True,P146,NOISE,interaction_decoy,,,,0.0,-0.0030197709913239246,False,False,,,,screen: never raised (t below screen_t or over the cap),0.1834482758620689,-0.005563195017600164,,,486.0,-0.7070217545061379,,,0,,,REJECT,False,-0.0025434240262762397,,0.0,,
W00001,development,4,crisis,True,P147,NOISE,interaction_decoy,,,,0.0,-0.004677119929402143,False,False,,,,screen: never raised (t below screen_t or over the cap),0.013024793388429767,-0.0016597014642305008,,,398.0,-0.2509275489208094,,,0,,,REJECT,False,0.0030174184651716425,,0.0,,
W00001,development,4,crisis,True,P148,NOISE,interaction_decoy,,,,0.0,0.007250257854120781,False,False,,,,screen: never raised (t below screen_t or over the cap),0.013024793388429767,-0.0006590495564006149,,,370.0,-0.0979805391260155,,,0,,,REJECT,False,-0.007909307410521395,,0.0,,
W00001,development,4,crisis,True,P149,NOISE,interaction_decoy,,,,0.0,-0.009758988751961427,False,False,,,,screen: never raised (t below screen_t or over the cap),0.2078490566037735,0.005988403310688062,,,216.0,0.7777948498045157,,,0,,,REJECT,False,0.01574739206264949,,0.0,,
W00001,development,4,crisis,True,P150,NOISE,xor_trap,,,,0.0,-0.0030151487606798802,False,False,,,,screen: never raised (t below screen_t or over the cap),0.1884967320261438,-0.008403722381441603,,,534.0,-0.8032343634138471,,,0,,,REJECT,False,-0.005388573620761722,,0.0,,
W00001,development,4,crisis,True,P151,NOISE,xor_trap,,,,0.0,0.0009880578549691468,False,False,,,,screen: never raised (t below screen_t or over the cap),0.0,-0.000392453846711438,,,363.0,-0.030613724270179714,,,0,,,REJECT,False,-0.0013805117016805848,,0.0,,
W00001,development,4,crisis,True,P152,NOISE,xor_trap,,,,0.0,-0.0017950006018552132,False,False,,,,screen: never raised (t below screen_t or over the cap),0.0,0.00030722474370858954,,,342.0,0.027152331187208178,,,0,,,REJECT,False,0.0021022253455638025,,0.0,,
W00001,development,4,crisis,True,P153,NOISE,xor_trap,,,,0.0,0.0003428000412987817,False,False,,,,screen: never raised (t below screen_t or over the cap),0.013024793388429767,0.002485031250012981,,,283.0,0.31184601844529997,,,0,,,REJECT,False,0.0021422312087141997,,0.0,,
W00001,development,4,crisis,True,P154,NOISE,xor_trap,,,,0.0,0.0009762962728828838,False,False,,,,screen: never raised (t below screen_t or over the cap),0.1868235294117646,0.0071244957803712206,,,187.0,0.811372324964265,,,0,,,REJECT,False,0.006148199507488337,,0.0,,
W00001,development,4,crisis,True,P155,NOISE,xor_trap,,,,0.08333333333333333,0.009030214591230329,False,False,,,,screen: never raised (t below screen_t or over the cap),0.1868235294117646,-0.008575849416828873,,,539.0,-0.7641692901345245,,,0,,,REJECT,False,-0.017606064008059204,,0.0,,
W00001,development,4,crisis,True,P156,NOISE,xor_trap,,,,0.0,-2.3010238304548368e-05,False,False,,,,screen: never raised (t below screen_t or over the cap),0.04070640176600426,0.0038283846277097355,,,257.0,0.395781308929025,,,0,,,REJECT,False,0.003851394866014284,,0.0,,
W00001,development,4,crisis,True,P157,NOISE,xor_trap,,,,0.0,-0.010335958204799003,True,False,,2.0,,"quarantined: QUARANTINED blocked by calibration,complexity,identity,leakage,out_of_sample,replication,risk",0.43608391608391606,0.011464799890072642,1.0,False,133.0,1.5839435611113066,0.4166666666666667,QUARANTINED,1,,"calibration,complexity,identity,leakage,out_of_sample,replication,risk",QUARANTINE,False,0.021800758094871645,,0.0,,
W00001,development,4,crisis,True,P158,NOISE,xor_trap,,,,0.0,-0.0017203151447473862,True,False,,0.0,,"quarantined: QUARANTINED blocked by calibration,complexity,identity,leakage,out_of_sample,replication,transfer",0.1868235294117646,0.012802523870536712,1.0,False,169.0,0.793138025194459,0.6666666666666666,QUARANTINED,3,,"calibration,complexity,identity,leakage,out_of_sample,replication,transfer",QUARANTINE,False,0.014522839015284098,,0.0,,
W00001,development,4,crisis,True,P159,NOISE,xor_trap,,,,0.0,-0.00031012156369007504,False,False,,,,screen: never raised (t below screen_t or over the cap),0.013024793388429767,0.0009529502329375106,,,323.0,0.08613538660060586,,,0,,,REJECT,False,0.0012630717966275857,,0.0,,
W00001,development,4,crisis,True,P160,NOISE,strong_nontransferable,,,,0.3333333333333333,0.01246505441967949,False,False,,,,screen: never raised (t below screen_t or over the cap),0.013024793388429767,-0.0035277039229064666,,,450.0,-0.3338658098009243,,,0,,,REJECT,False,-0.015992758342585955,,0.0,,
W00001,development,4,crisis,True,P161,NOISE,strong_nontransferable,,,,0.16666666666666666,0.010554479632384591,False,False,,,,screen: never raised (t below screen_t or over the cap),0.013024793388429767,0.004333594815465913,,,245.0,0.31607726655405916,,,0,,,REJECT,False,-0.006220884816918678,,0.0,,
W00001,development,4,crisis,True,P162,NOISE,strong_nontransferable,,,,0.041666666666666664,0.007088981436222399,True,False,,3.0,,"quarantined: QUARANTINED blocked by calibration,complexity,identity,leakage,out_of_sample,replication,transfer",0.3796319018404908,0.012692189111108955,1.0,True,94.0,1.1699696047959842,0.6666666666666666,QUARANTINED,2,,"calibration,complexity,identity,leakage,out_of_sample,replication,transfer",QUARANTINE,False,0.005603207674886556,,0.0,,
W00001,development,4,crisis,True,P163,NOISE,strong_nontransferable,,,,0.5833333333333334,0.01761085048021095,True,False,,0.0,,"live: FAILED blocked by calibration,complexity,out_of_sample,replication,risk,transfer",0.9847619047619047,0.020707075526352987,-1.0,True,54.0,3.2373710300077723,0.5833333333333334,FAILED,5,,"calibration,complexity,out_of_sample,replication,risk,transfer",UNKNOWN,False,0.0030962250461420357,,0.0,,
W00001,development,4,crisis,True,P164,NOISE,strong_nontransferable,,,,0.125,0.011567023199867346,False,False,,,,screen: never raised (t below screen_t or over the cap),0.46057142857142863,0.01394221279637009,,,97.0,1.4454097821692906,,,0,,,REJECT,False,0.0023751895965027445,,0.0,,
W00001,development,4,crisis,True,P165,NOISE,strong_nontransferable,,,,0.041666666666666664,0.0038657763088270937,False,False,,,,screen: never raised (t below screen_t or over the cap),0.1443478260869565,0.004796881477547421,,,234.0,0.5730188171902574,,,0,,,REJECT,False,0.0009311051687203274,,0.0,,
W00001,development,4,crisis,True,P166,NOISE,strong_nontransferable,,,,0.0,0.0004164878195629843,False,False,,,,screen: never raised (t below screen_t or over the cap),0.19157894736842107,-0.006656368349282071,,,501.0,-0.8695200244283849,,,0,,,REJECT,False,-0.007072856168845056,,0.0,,
W00001,development,4,crisis,True,P167,NOISE,strong_nontransferable,,,,0.041666666666666664,0.006994463091503444,False,False,,,,screen: never raised (t below screen_t or over the cap),0.29481481481481486,0.011130053970572318,,,120.0,1.0538682824639023,,,0,,,REJECT,False,0.004135590879068874,,0.0,,
W00001,development,4,crisis,True,P168,NOISE,strong_nontransferable,,,,0.041666666666666664,0.008637654754733931,False,False,,,,screen: never raised (t below screen_t or over the cap),0.013024793388429767,0.0015256783779575844,,,308.0,0.12975427907837256,,,0,,,REJECT,False,-0.007111976376776347,,0.0,,
W00001,development,4,crisis,True,P169,NOISE,strong_nontransferable,,,,0.08333333333333333,0.010732844884985271,False,False,,,,screen: never raised (t below screen_t or over the cap),0.013024793388429767,-0.0014847742072093828,,,394.0,-0.10395772124859985,,,0,,,REJECT,False,-0.012217619092194654,,0.0,,
W00001,development,4,crisis,True,P170,NOISE,strong_nontransferable,,,,0.0,-0.0025504612103768587,False,False,,,,screen: never raised (t below screen_t or over the cap),0.013024793388429767,-0.00229322026415546,,,419.0,-0.2609741191510659,,,0,,,REJECT,False,0.0002572409462213987,,0.0,,
W00001,development,4,crisis,True,P171,NOISE,strong_nontransferable,,,,0.20833333333333334,0.01011705166552367,False,False,,,,screen: never raised (t below screen_t or over the cap),0.19157894736842107,-0.006656979262187723,,,502.0,-0.820706739021905,,,0,,,REJECT,False,-0.016774030927711393,,0.0,,
W00001,development,4,crisis,True,P172,NOISE,strong_nontransferable,,,,0.0,0.0024432510685528674,False,False,,,,screen: never raised (t below screen_t or over the cap),0.29481481481481486,0.00961076980174047,,,144.0,1.184774210416472,,,0,,,REJECT,False,0.007167518733187604,,0.0,,
W00001,development,4,crisis,True,P173,NOISE,strong_nontransferable,,,,0.08333333333333333,0.008754414574396413,False,False,,,,screen: never raised (t below screen_t or over the cap),0.19157894736842107,0.009549858269470746,,,146.0,0.9353557374212131,,,0,,,REJECT,False,0.000795443695074333,,0.0,,
W00001,development,4,crisis,True,P174,NOISE,strong_nontransferable,,,,0.0,-0.0006527468361105656,False,False,,,,screen: never raised (t below screen_t or over the cap),0.12284263959390862,0.006304641751230133,,,208.0,0.6062541152646982,,,0,,,REJECT,False,0.006957388587340699,,0.0,,
W00001,development,4,crisis,True,P175,NOISE,strong_nontransferable,,,,0.08333333333333333,0.005815429096783184,False,False,,,,screen: never raised (t below screen_t or over the cap),0.1409625668449198,0.00565669207767161,,,224.0,0.6916319993760068,,,0,,,REJECT,False,-0.00015873701911157424,,0.0,,
W00001,development,4,crisis,True,P176,NOISE,strong_nontransferable,,,,0.20833333333333334,0.011923576576743311,False,False,,,,screen: never raised (t below screen_t or over the cap),0.013024793388429767,-0.0019499881719294287,,,408.0,-0.16362424524382857,,,0,,,REJECT,False,-0.01387356474867274,,0.0,,
W00001,development,4,crisis,True,P177,NOISE,strong_nontransferable,,,,0.0,-0.0002400466614045204,False,False,,,,screen: never raised (t below screen_t or over the cap),0.12326530612244901,0.005699387964738678,,,222.0,0.6075898980046581,,,0,,,REJECT,False,0.0059394346261431984,,0.0,,
W00001,development,4,crisis,True,P178,NOISE,strong_nontransferable,,,,0.375,0.014002267788621467,False,False,,,,screen: never raised (t below screen_t or over the cap),0.013024793388429767,0.002289406236489877,,,286.0,0.2643793286993308,,,0,,,REJECT,False,-0.01171286155213159,,0.0,,
W00001,development,4,crisis,True,P179,NOISE,strong_nontransferable,,,,0.25,0.010300636879956231,True,False,,2.0,,"live: FAILED blocked by calibration,complexity,out_of_sample,replication,transfer",0.8348387096774194,0.0195055698398853,1.0,True,58.0,2.5372527019444977,0.5833333333333334,FAILED,3,,"calibration,complexity,out_of_sample,replication,transfer",UNKNOWN,False,0.00920493295992907,,0.0,,
W00001,development,4,crisis,True,P180,NOISE,null,,,,0.0,-0.001380588958620799,False,False,,,,screen: never raised (t below screen_t or over the cap),0.05699769053117787,-0.004959600580624168,,,472.0,-0.4517133377325953,,,0,,,REJECT,False,-0.0035790116220033694,,0.0,,
W00001,development,4,crisis,True,P181,NOISE,null,,,,0.0,0.004779881978876681,False,False,,,,screen: never raised (t below screen_t or over the cap),0.3020952380952381,0.009565990331636742,,,145.0,1.195168221937574,,,0,,,REJECT,False,0.0047861083527600615,,0.0,,
W00001,development,4,crisis,True,P182,NOISE,null,,,,0.0,0.003844077730277935,False,False,,,,screen: never raised (t below screen_t or over the cap),0.04070640176600426,0.003745989733084265,,,260.0,0.41426001785173144,,,0,,,REJECT,False,-9.808799719366983e-05,,0.0,,
W00001,development,4,crisis,True,P183,NOISE,null,,,,0.0,-0.007693897893605887,False,False,,,,screen: never raised (t below screen_t or over the cap),0.1868235294117646,-0.0068709805838603755,,,504.0,-0.7798091288094782,,,0,,,REJECT,False,0.0008229173097455116,,0.0,,
W00001,development,4,crisis,True,P184,NOISE,null,,,,0.0,0.0007291527177876426,False,False,,,,screen: never raised (t below screen_t or over the cap),0.04072234762979676,-0.004283199586244513,,,465.0,-0.4630007079356668,,,0,,,REJECT,False,-0.005012352304032156,,0.0,,
W00001,development,4,crisis,True,P185,NOISE,null,,,,0.0,0.004922921356818022,False,False,,,,screen: never raised (t below screen_t or over the cap),0.06992805755395692,-0.004518793312750569,,,467.0,-0.5496240095394243,,,0,,,REJECT,False,-0.009441714669568592,,0.0,,
W00001,development,4,crisis,True,P186,NOISE,null,,,,0.0,-0.00010517758375865945,False,False,,,,screen: never raised (t below screen_t or over the cap),0.41299363057324845,-0.009910784845322262,,,552.0,-1.171740692674759,,,0,,,REJECT,False,-0.009805607261563603,,0.0,,
W00001,development,4,crisis,True,P187,NOISE,null,,,,0.0,-0.00944668927361744,False,False,,,,screen: never raised (t below screen_t or over the cap),0.29481481481481486,-0.010761821962393059,,,566.0,-1.0775454596955045,,,0,,,REJECT,False,-0.0013151326887756182,,0.0,,
W00001,development,4,crisis,True,P188,NOISE,null,,,,0.0,-0.004253138650932203,False,False,,,,screen: never raised (t below screen_t or over the cap),0.20592592592592596,0.00711599646358918,,,189.0,0.9134789970436509,,,0,,,REJECT,False,0.011369135114521384,,0.0,,
W00001,development,4,crisis,True,P189,NOISE,null,,,,0.7916666666666666,0.02070701256092997,True,False,,3.0,,"live: FAILED blocked by calibration,complexity,out_of_sample,replication",0.8273015873015873,0.02886586285090948,1.0,True,56.0,2.495299317651326,0.6666666666666666,FAILED,2,,"calibration,complexity,out_of_sample,replication",UNKNOWN,False,0.008158850289979511,,0.0,,
W00001,development,4,crisis,True,P190,NOISE,identity_null,,,,0.6666666666666666,0.01874279551176968,False,False,,,,screen: never raised (t below screen_t or over the cap),0.3377114427860697,0.010784178933013311,,,124.0,1.1972607162641709,,,0,,,REJECT,False,-0.007958616578756367,,0.0,,
W00001,development,4,crisis,True,P191,NOISE,identity_null,,,,0.0,-0.027553691593609462,True,False,,0.0,,"live: FAILED blocked by calibration,complexity,out_of_sample,replication,transfer",0.8896551724137931,0.022264291611888386,-1.0,False,51.0,2.5978690383199265,0.6666666666666666,FAILED,5,,"calibration,complexity,out_of_sample,replication,transfer",UNKNOWN,False,0.04981798320549785,,0.0,,
W00001,development,4,crisis,True,P192,NOISE,identity_null,,,,0.625,0.017514050401115224,True,False,,0.0,,"live: FAILED blocked by calibration,complexity,out_of_sample,replication,risk,transfer",0.556923076923077,0.02235040747428536,1.0,True,46.0,1.8201711868251873,0.75,FAILED,5,,"calibration,complexity,out_of_sample,replication,risk,transfer",UNKNOWN,False,0.004836357073170136,,0.0,,
W00001,development,4,crisis,True,P193,NOISE,identity_null,,,,0.08333333333333333,0.006848975174884822,False,False,,,,screen: never raised (t below screen_t or over the cap),0.29481481481481486,-0.010278090531286088,,,561.0,-0.9794192521750361,,,0,,,REJECT,False,-0.01712706570617091,,0.0,,
W00001,development,4,crisis,True,P194,NOISE,identity_null,,,,0.0,-0.009016637322951507,False,False,,,,screen: never raised (t below screen_t or over the cap),0.0,-0.0005086904549929105,,,365.0,-0.043727968150260164,,,0,,,REJECT,False,0.008507946867958596,,0.0,,
W00001,development,4,crisis,True,P195,NOISE,identity_null,,,,0.375,0.012662345734204349,False,False,,,,screen: never raised (t below screen_t or over the cap),0.23145299145299136,0.0088131402081989,,,155.0,0.9643161200597298,,,0,,,REJECT,False,-0.003849205526005449,,0.0,,
W00001,development,4,crisis,True,P196,NOISE,identity_null,,,,0.0,0.003936853380990594,False,False,,,,screen: never raised (t below screen_t or over the cap),0.0,0.00040394477291527675,,,338.0,0.0427894248964532,,,0,,,REJECT,False,-0.003532908608075317,,0.0,,
W00001,development,4,crisis,True,P197,NOISE,identity_null,,,,0.0,0.0009759743044238284,False,False,,,,screen: never raised (t below screen_t or over the cap),0.19157894736842107,-0.008490206842015513,,,536.0,-0.9661307749523874,,,0,,,REJECT,False,-0.009466181146439342,,0.0,,
W00001,development,4,crisis,True,P198,NOISE,identity_null,,,,0.16666666666666666,0.009040742884629232,False,False,,,,screen: never raised (t below screen_t or over the cap),0.022494529540481478,0.003196535603670836,,,270.0,0.3691754681892168,,,0,,,REJECT,False,-0.005844207280958396,,0.0,,
W00001,development,4,crisis,True,P199,NOISE,identity_null,,,,0.5,0.014955462609931726,True,False,,0.0,,"quarantined: QUARANTINED blocked by calibration,complexity,identity,leakage,out_of_sample,replication,risk,transfer",0.9104,0.014799855115377797,1.0,True,48.0,2.8722509586504477,0.3333333333333333,QUARANTINED,1,,"calibration,complexity,identity,leakage,out_of_sample,replication,risk,transfer",QUARANTINE,False,-0.00015560749455392937,,0.0,,
W00001,development,4,crisis,True,P200,NOISE,identity_null,,,,0.0,-0.020178899755973655,False,False,,,,screen: never raised (t below screen_t or over the cap),0.7028571428571428,-0.016128735619097945,,,608.0,-2.0378193598058156,,,0,,,REJECT,False,0.004050164136875711,,0.0,,
W00001,development,4,crisis,True,P201,NOISE,identity_null,,,,0.0,-0.010438483999178478,False,False,,,,screen: never raised (t below screen_t or over the cap),0.013024793388429767,-0.0026026220177045034,,,430.0,-0.24083532065137261,,,0,,,REJECT,False,0.007835861981473975,,0.0,,
W00001,development,4,crisis,True,P202,NOISE,identity_null,,,,0.0,0.0013499481419915872,False,False,,,,screen: never raised (t below screen_t or over the cap),0.12326530612244901,-0.005533677812787685,,,485.0,-0.5210454412694321,,,0,,,REJECT,False,-0.006883625954779272,,0.0,,
W00001,development,4,crisis,True,P203,NOISE,identity_null,,,,0.0,-0.014332548884907025,True,False,,0.0,,"quarantined: QUARANTINED blocked by calibration,complexity,identity,leakage,out_of_sample,replication,transfer",0.5514018691588785,0.017329583947527066,-1.0,False,93.0,1.7158586591540266,0.6666666666666666,QUARANTINED,5,,"calibration,complexity,identity,leakage,out_of_sample,replication,transfer",QUARANTINE,False,0.03166213283243409,,0.0,,
W00001,development,4,crisis,True,P204,NOISE,identity_null,,,,0.0,0.0008270051798860393,False,False,,,,screen: never raised (t below screen_t or over the cap),0.5148387096774194,-0.014145885757360255,,,601.0,-1.4498447440108013,,,0,,,REJECT,False,-0.014972890937246294,,0.0,,
W00001,development,4,crisis,True,P205,NOISE,identity_null,,,,0.0,0.0014145729535185482,False,False,,,,screen: never raised (t below screen_t or over the cap),0.04512585812356973,0.004499121657398519,,,240.0,0.43997306807779235,,,0,,,REJECT,False,0.003084548703879971,,0.0,,
W00001,development,4,crisis,True,P206,NOISE,identity_null,,,,0.041666666666666664,0.006454526610621681,False,False,,,,screen: never raised (t below screen_t or over the cap),0.013024793388429767,0.003343164580639435,,,266.0,0.3026974142185587,,,0,,,REJECT,False,-0.003111362029982246,,0.0,,
W00001,development,4,crisis,True,P207,NOISE,identity_null,,,,0.0,-0.010393523005342154,False,False,,,,screen: never raised (t below screen_t or over the cap),0.013024793388429767,-0.0026718361184799866,,,431.0,-0.29329710146218546,,,0,,,REJECT,False,0.007721686886862167,,0.0,,
W00001,development,4,crisis,True,P208,NOISE,identity_null,,,,0.5833333333333334,0.01726321391909974,False,False,,,,screen: never raised (t below screen_t or over the cap),0.20773234200743496,-0.008222468632421487,,,529.0,-0.8929942639475984,,,0,,,REJECT,False,-0.025485682551521227,,0.0,,
W00001,development,4,crisis,True,P209,NOISE,identity_null,,,,0.0,-0.008083523379395524,False,False,,,,screen: never raised (t below screen_t or over the cap),0.06992805755395692,0.003800318049979934,,,258.0,0.48408039553453597,,,0,,,REJECT,False,0.011883841429375458,,0.0,,
W00001,development,4,crisis,True,P210,NOISE,identity_null,,,,0.041666666666666664,0.004370991654379626,False,False,,,,screen: never raised (t below screen_t or over the cap),0.3377114427860697,0.007874462008193195,,,165.0,1.2336616294913054,,,0,,,REJECT,False,0.0035034703538135686,,0.0,,
W00001,development,4,crisis,True,P211,NOISE,identity_null,,,,0.041666666666666664,0.00530170301238776,False,False,,,,screen: never raised (t below screen_t or over the cap),0.013024793388429767,-0.002374298343675363,,,423.0,-0.2414830212753405,,,0,,,REJECT,False,-0.007676001356063123,,0.0,,
W00001,development,4,crisis,True,P212,NOISE,identity_null,,,,0.0,-0.00404207452656025,False,False,,,,screen: never raised (t below screen_t or over the cap),0.0,0.00039225463019954,,,339.0,0.03849978987463618,,,0,,,REJECT,False,0.00443432915675979,,0.0,,
W00001,development,4,crisis,True,P213,NOISE,identity_null,,,,0.0,0.00011798925241398384,False,False,,,,screen: never raised (t below screen_t or over the cap),0.05715617715617716,-0.0040355582738751394,,,456.0,-0.4199486049718618,,,0,,,REJECT,False,-0.004153547526289123,,0.0,,
W00001,development,4,crisis,True,P214,NOISE,identity_null,,,,0.0,-0.009344248969014394,False,False,,,,screen: never raised (t below screen_t or over the cap),0.6515555555555556,0.012691531299960812,,,104.0,1.9114715458778921,,,0,,,REJECT,False,0.022035780268975208,,0.0,,
W00001,development,4,crisis,True,P215,NOISE,identity_null,,,,0.041666666666666664,0.00887955958860273,False,False,,,,screen: never raised (t below screen_t or over the cap),0.2538116591928251,0.008788827451201353,,,157.0,1.0112232426569057,,,0,,,REJECT,False,-9.073213740137635e-05,,0.0,,
W00001,development,4,crisis,True,P216,NOISE,identity_null,,,,0.0,-0.021028258829848833,True,False,,0.0,,"live: FAILED blocked by calibration,complexity,out_of_sample,replication,transfer",0.9015384615384615,0.025264853934369877,-1.0,False,45.0,2.5340721098791907,0.5833333333333334,FAILED,5,,"calibration,complexity,out_of_sample,replication,transfer",UNKNOWN,False,0.04629311276421871,,0.0,,
W00001,development,4,crisis,True,P217,NOISE,identity_null,,,,0.0,-0.009635834306139273,False,False,,,,screen: never raised (t below screen_t or over the cap),0.3377114427860697,0.011885166492428434,,,116.0,1.1045103090404251,,,0,,,REJECT,False,0.021521000798567707,,0.0,,
W00001,development,4,crisis,True,P218,NOISE,identity_null,,,,0.0,-0.005561907057067116,False,False,,,,screen: never raised (t below screen_t or over the cap),0.3377114427860697,0.011124022356904462,,,121.0,1.3331052863840513,,,0,,,REJECT,False,0.016685929413971578,,0.0,,
W00001,development,4,crisis,True,P219,NOISE,identity_null,,,,0.0,-0.012742335178847231,False,False,,,,screen: never raised (t below screen_t or over the cap),0.19824175824175816,0.010265577527277747,,,131.0,1.03209183111683,,,0,,,REJECT,False,0.023007912706124976,,0.0,,
W00001,development,4,crisis,True,P220,NOISE,autocorr_trap,,,,0.041666666666666664,0.005694145767368941,False,False,,,,screen: never raised (t below screen_t or over the cap),0.12284263959390862,0.0065563902738712265,,,204.0,0.5325914634653336,,,0,,,REJECT,False,0.0008622445065022853,,0.0,,
W00001,development,4,crisis,True,P221,NOISE,autocorr_trap,,,,0.041666666666666664,0.001974758880156988,False,False,,,,screen: never raised (t below screen_t or over the cap),0.013024793388429767,-0.0019217932836979035,,,407.0,-0.19938713826459123,,,0,,,REJECT,False,-0.0038965521638548916,,0.0,,
W00001,development,4,crisis,True,P222,NOISE,autocorr_trap,,,,0.2916666666666667,0.011629356983909692,False,False,,,,screen: never raised (t below screen_t or over the cap),0.19169550173010386,-0.0072854132978238395,,,513.0,-0.891014980064257,,,0,,,REJECT,False,-0.01891477028173353,,0.0,,
W00001,development,4,crisis,True,P223,NOISE,autocorr_trap,,,,0.08333333333333333,0.007451441387657627,False,False,,,,screen: never raised (t below screen_t or over the cap),0.1868235294117646,0.008283194637241809,,,161.0,0.7385117635388015,,,0,,,REJECT,False,0.0008317532495841816,,0.0,,
W00001,development,4,crisis,True,P224,NOISE,autocorr_trap,,,,0.0,-0.002875348838661633,True,False,,0.0,,"quarantined: QUARANTINED blocked by calibration,complexity,identity,leakage,out_of_sample,replication,risk,transfer",0.32549019607843144,0.009876538828742704,-1.0,False,135.0,1.1458567879119932,0.5,QUARANTINED,5,,"calibration,complexity,identity,leakage,out_of_sample,replication,risk,transfer",QUARANTINE,False,0.012751887667404337,,0.0,,
W00001,development,4,crisis,True,P225,NOISE,autocorr_trap,,,,0.0,0.003228542184751954,False,False,,,,screen: never raised (t below screen_t or over the cap),0.17176470588235293,-0.00709383633582894,,,511.0,-0.7030042787297943,,,0,,,REJECT,False,-0.010322378520580894,,0.0,,
W00001,development,4,crisis,True,P226,NOISE,autocorr_trap,,,,0.0,-0.0007435978396899075,False,False,,,,screen: never raised (t below screen_t or over the cap),0.21133858267716543,-0.007795272637148465,,,522.0,-1.1147136850245651,,,0,,,REJECT,False,-0.0070516747974585575,,0.0,,
W00001,development,4,crisis,True,P227,NOISE,autocorr_trap,,,,0.0,-0.012508642078805692,False,False,,,,screen: never raised (t below screen_t or over the cap),0.1834482758620689,0.006004432359890788,,,215.0,0.72381673568001,,,0,,,REJECT,False,0.01851307443869648,,0.0,,
W00001,development,4,crisis,True,P228,NOISE,autocorr_trap,,,,0.0,0.0028721468876379704,False,False,,,,screen: never raised (t below screen_t or over the cap),0.1868235294117646,-0.008524997178702753,,,538.0,-0.7944571364256867,,,0,,,REJECT,False,-0.011397144066340724,,0.0,,
W00001,development,4,crisis,True,P229,NOISE,autocorr_trap,,,,0.0,-0.0044566882642298735,True,False,,0.0,,"quarantined: QUARANTINED blocked by calibration,complexity,identity,leakage,out_of_sample,replication",0.013024793388429767,0.019782005495958856,1.0,True,388.0,-0.1301945044943005,0.5833333333333334,QUARANTINED,2,,"calibration,complexity,identity,leakage,out_of_sample,replication",QUARANTINE,False,0.02423869376018873,,0.0,,
W00001,development,4,crisis,True,P230,NOISE,autocorr_trap,,,,0.08333333333333333,0.008854582920988289,False,False,,,,screen: never raised (t below screen_t or over the cap),0.2195121951219512,-0.00850610210335101,,,537.0,-1.1010000021959447,,,0,,,REJECT,False,-0.0173606850243393,,0.0,,
W00001,development,4,crisis,True,P231,NOISE,autocorr_trap,,,,0.0,0.002950284559213847,False,False,,,,screen: never raised (t below screen_t or over the cap),0.19824175824175816,0.010610171021828374,,,126.0,0.8278434654271081,,,0,,,REJECT,False,0.007659886462614527,,0.0,,
W00001,development,4,crisis,True,P232,NOISE,autocorr_trap,,,,0.0,-0.01510661761649891,True,False,,3.0,,"live: FAILED blocked by calibration,complexity,out_of_sample,replication,transfer",0.7983561643835617,0.023669651403709205,-1.0,False,49.0,2.1216892210255565,0.5833333333333334,FAILED,2,,"calibration,complexity,out_of_sample,replication,transfer",UNKNOWN,False,0.038776269020208115,,0.0,,
W00001,development,4,crisis,True,P233,NOISE,autocorr_trap,,,,0.0,-0.010292274931123413,False,False,,,,screen: never raised (t below screen_t or over the cap),0.12326530612244901,0.006122298740492416,,,212.0,0.5644907792448234,,,0,,,REJECT,False,0.016414573671615827,,0.0,,
W00001,development,4,crisis,True,P234,NOISE,autocorr_trap,,,,0.0,-0.0037815913986464205,False,False,,,,screen: never raised (t below screen_t or over the cap),0.013024793388429767,-0.0014114792646247598,,,393.0,-0.1497658386288566,,,0,,,REJECT,False,0.0023701121340216607,,0.0,,
W00001,development,4,crisis,True,P235,NOISE,autocorr_trap,,,,0.0,-0.007800621522713223,False,False,,,,screen: never raised (t below screen_t or over the cap),0.22927659574468096,-0.009837786701859863,,,551.0,-0.9459401533694268,,,0,,,REJECT,False,-0.00203716517914664,,0.0,,
W00001,development,4,crisis,True,P236,NOISE,autocorr_trap,,,,0.041666666666666664,0.009036866730993437,False,False,,,,screen: never raised (t below screen_t or over the cap),0.04070640176600426,-0.0027939269370229614,,,434.0,-0.43146980153236025,,,0,,,REJECT,False,-0.011830793668016398,,0.0,,
W00001,development,4,crisis,True,P237,NOISE,autocorr_trap,,,,0.0,-0.00727377299880164,False,False,,,,screen: never raised (t below screen_t or over the cap),0.19169550173010386,0.006368107444871152,,,206.0,0.9111101212396151,,,0,,,REJECT,False,0.013641880443672792,,0.0,,
W00001,development,4,crisis,True,P238,NOISE,autocorr_trap,,,,0.041666666666666664,0.008752270045087758,False,False,,,,screen: never raised (t below screen_t or over the cap),0.24857142857142855,0.0114939285896003,,,119.0,0.9793392237719343,,,0,,,REJECT,False,0.002741658544512542,,0.0,,
W00001,development,4,crisis,True,P239,NOISE,autocorr_trap,,,,0.20833333333333334,0.011179358807775696,False,False,,,,screen: never raised (t below screen_t or over the cap),0.19157894736842107,-0.010173130522919183,,,560.0,-0.9460098403093313,,,0,,,REJECT,False,-0.021352489330694877,,0.0,,
W00001,development,4,crisis,True,P240,NOISE,autocorr_trap,,,,0.08333333333333333,0.006522486647012108,False,False,,,,screen: never raised (t below screen_t or over the cap),0.19157894736842107,0.008521372871511446,,,159.0,0.7792934726198889,,,0,,,REJECT,False,0.0019988862244993376,,0.0,,
W00001,development,4,crisis,True,P241,NOISE,autocorr_trap,,,,0.0,0.006714593605032694,False,False,,,,screen: never raised (t below screen_t or over the cap),0.05715617715617716,0.0036483643067575233,,,261.0,0.5030448641170113,,,0,,,REJECT,False,-0.0030662292982751704,,0.0,,
W00001,development,4,crisis,True,P242,NOISE,autocorr_trap,,,,0.2916666666666667,0.01251805962416444,False,False,,,,screen: never raised (t below screen_t or over the cap),0.13983999999999996,0.006055115226647589,,,213.0,0.6400345213642435,,,0,,,REJECT,False,-0.006462944397516851,,0.0,,
W00001,development,4,crisis,True,P243,NOISE,autocorr_trap,,,,0.0,-0.002491153740825672,False,False,,,,screen: never raised (t below screen_t or over the cap),0.013024793388429767,-0.001116529404052602,,,384.0,-0.11467167974154643,,,0,,,REJECT,False,0.00137462433677307,,0.0,,
W00001,development,4,crisis,True,P244,NOISE,autocorr_trap,,,,0.0,-0.020227726664145802,True,False,,1.0,,"live: FAILED blocked by calibration,complexity,out_of_sample,replication,risk,transfer",0.6692134831460674,0.020062925664428567,-1.0,False,62.0,1.9254137160976121,0.5833333333333334,FAILED,4,,"calibration,complexity,out_of_sample,replication,risk,transfer",UNKNOWN,False,0.04029065232857437,,0.0,,
W00001,development,4,crisis,True,P245,NOISE,autocorr_trap,,,,0.0,-0.0018536764594649252,False,False,,,,screen: never raised (t below screen_t or over the cap),0.013024793388429767,-0.002407330297565402,,,424.0,-0.31059809861633997,,,0,,,REJECT,False,-0.0005536538381004769,,0.0,,
W00001,development,4,crisis,True,P246,NOISE,autocorr_trap,,,,0.0,-0.01362907636319296,False,False,,,,screen: never raised (t below screen_t or over the cap),0.1868235294117646,0.0071114151489112265,,,191.0,0.8079910424776142,,,0,,,REJECT,False,0.020740491512104185,,0.0,,
W00001,development,4,crisis,True,P247,NOISE,autocorr_trap,,,,0.0,-0.0011363336518191167,False,False,,,,screen: never raised (t below screen_t or over the cap),0.013024793388429767,0.002029349000018499,,,291.0,0.22850094967636625,,,0,,,REJECT,False,0.0031656826518376155,,0.0,,
W00001,development,4,crisis,True,P248,NOISE,autocorr_trap,,,,0.0,-0.007995211968199918,False,False,,,,screen: never raised (t below screen_t or over the cap),0.6421505376344085,-0.0169377981636758,,,613.0,-2.1818124455532515,,,0,,,REJECT,False,-0.008942586195475881,,0.0,,
W00001,development,4,crisis,True,P249,NOISE,autocorr_trap,,,,0.0,-0.012961812443216739,False,False,,,,screen: never raised (t below screen_t or over the cap),0.11458646616541346,-0.005709013499242022,,,489.0,-0.5360398625738125,,,0,,,REJECT,False,0.007252798943974717,,0.0,,
W00001,development,4,crisis,True,P250,NOISE,autocorr_trap,,,,0.0,-0.0011286701826530878,False,False,,,,screen: never raised (t below screen_t or over the cap),0.34241758241758236,-0.010151696533314936,,,559.0,-1.250030082342116,,,0,,,REJECT,False,-0.009023026350661848,,0.0,,
W00001,development,4,crisis,True,P251,NOISE,autocorr_trap,,,,0.0,-0.00183736221538538,False,False,,,,screen: never raised (t below screen_t or over the cap),0.19169550173010386,-0.006410444752572464,,,497.0,-0.9076226549828491,,,0,,,REJECT,False,-0.004573082537187084,,0.0,,
W00001,development,4,crisis,True,P252,NOISE,autocorr_trap,,,,0.041666666666666664,0.008099560346737382,False,False,,,,screen: never raised (t below screen_t or over the cap),0.4859842519685039,0.014862320986183786,,,92.0,1.5342859971425828,,,0,,,REJECT,False,0.006762760639446403,,0.0,,
W00001,development,4,crisis,True,P253,NOISE,autocorr_trap,,,,0.0,-0.0006262895349222125,False,False,,,,screen: never raised (t below screen_t or over the cap),0.013024793388429767,-0.001868833028032868,,,405.0,-0.1649708987608087,,,0,,,REJECT,False,-0.0012425434931106556,,0.0,,
W00001,development,4,crisis,True,P254,NOISE,autocorr_trap,,,,0.041666666666666664,0.007542993817981267,False,False,,,,screen: never raised (t below screen_t or over the cap),0.5485714285714285,-0.019380369449303325,,,623.0,-1.6715205939719353,,,0,,,REJECT,False,-0.026923363267284593,,0.0,,
W00001,development,4,crisis,True,P255,NOISE,autocorr_trap,,,,0.0,0.004420763427777691,False,False,,,,screen: never raised (t below screen_t or over the cap),0.7983561643835617,-0.01959365604288632,,,627.0,-2.3751226456922305,,,0,,,REJECT,False,-0.02401441947066401,,0.0,,
W00001,development,4,crisis,True,P256,NOISE,autocorr_trap,,,,0.0,-0.0024077605687597443,False,False,,,,screen: never raised (t below screen_t or over the cap),0.04512585812356973,-0.0040499732774256225,,,457.0,-0.410974154481046,,,0,,,REJECT,False,-0.0016422127086658782,,0.0,,
W00001,development,4,crisis,True,P257,NOISE,autocorr_trap,,,,0.0,-0.017065066868770677,False,False,,,,screen: never raised (t below screen_t or over the cap),0.384,-0.015719483765187114,,,607.0,-1.4367172747988577,,,0,,,REJECT,False,0.0013455831035835628,,0.0,,
W00001,development,4,crisis,True,P258,NOISE,autocorr_trap,,,,0.0,0.0008478816418896368,False,False,,,,screen: never raised (t below screen_t or over the cap),0.3020952380952381,-0.011349287133470443,,,573.0,-1.0954770603041113,,,0,,,REJECT,False,-0.01219716877536008,,0.0,,
W00001,development,4,crisis,True,P259,NOISE,autocorr_trap,,,,0.041666666666666664,0.0015676290688009962,False,False,,,,screen: never raised (t below screen_t or over the cap),0.013024793388429767,0.0019732913445007494,,,294.0,0.211602038404431,,,0,,,REJECT,False,0.00040566227569975317,,0.0,,
W00001,development,4,crisis,True,P260,NOISE,autocorr_trap,,,,0.041666666666666664,0.006142168352345449,False,False,,,,screen: never raised (t below screen_t or over the cap),0.3377114427860697,0.012211171932804521,,,111.0,1.1701275417586188,,,0,,,REJECT,False,0.006069003580459072,,0.0,,
W00001,development,4,crisis,True,P261,NOISE,autocorr_trap,,,,0.0,0.008040499692233053,False,False,,,,screen: never raised (t below screen_t or over the cap),0.19157894736842107,0.007448733462311008,,,175.0,1.037431711010465,,,0,,,REJECT,False,-0.0005917662299220455,,0.0,,
W00001,development,4,crisis,True,P262,NOISE,autocorr_trap,,,,0.0,-0.014380645772840513,False,False,,,,screen: never raised (t below screen_t or over the cap),0.1869706840390879,-0.007766768121234446,,,520.0,-0.8108128013978377,,,0,,,REJECT,False,0.006613877651606067,,0.0,,
W00001,development,4,crisis,True,P263,NOISE,autocorr_trap,,,,0.375,0.014271158930419211,False,False,,,,screen: never raised (t below screen_t or over the cap),0.3529281767955801,0.011025241781720485,,,122.0,1.2346758470248083,,,0,,,REJECT,False,-0.003245917148698726,,0.0,,
W00001,development,4,crisis,True,P264,NOISE,autocorr_trap,,,,0.0,0.0012677856786357195,False,False,,,,screen: never raised (t below screen_t or over the cap),0.3529281767955801,-0.014272015592202647,,,602.0,-1.3016013482940467,,,0,,,REJECT,False,-0.015539801270838366,,0.0,,
W00001,development,4,crisis,True,P265,NOISE,autocorr_trap,,,,0.0,-0.012574261725819344,True,False,,1.0,,"live: FAILED blocked by calibration,out_of_sample,replication,risk",0.8613333333333333,0.027297670750930696,-1.0,False,40.0,2.607198509433373,0.6666666666666666,FAILED,4,,"calibration,out_of_sample,replication,risk",UNKNOWN,False,0.03987193247675004,,0.0,,
W00001,development,4,crisis,True,P266,NOISE,autocorr_trap,,,,0.0,-0.00791811107116446,False,False,,,,screen: never raised (t below screen_t or over the cap),0.013024793388429767,0.0019036153578757542,,,298.0,0.1749751424068278,,,0,,,REJECT,False,0.009821726429040214,,0.0,,
W00001,development,4,crisis,True,P267,NOISE,autocorr_trap,,,,0.0,-0.0037091040354317786,False,False,,,,screen: never raised (t below screen_t or over the cap),0.1758404558404557,0.006285367511854378,,,209.0,0.7881566325994535,,,0,,,REJECT,False,0.009994471547286157,,0.0,,
W00001,development,4,crisis,True,P268,NOISE,autocorr_trap,,,,0.0,-0.0028580933570199582,False,False,,,,screen: never raised (t below screen_t or over the cap),0.19940959409594095,0.00681838969880133,,,197.0,1.0908803922149009,,,0,,,REJECT,False,0.009676483055821288,,0.0,,
W00001,development,4,crisis,True,P269,NOISE,autocorr_trap,,,,0.625,0.018115089541737336,True,False,,0.0,,"quarantined: QUARANTINED blocked by calibration,complexity,identity,leakage,out_of_sample,replication,transfer",0.5485714285714285,0.01778406696496536,1.0,True,70.0,1.8375665601557925,0.4166666666666667,QUARANTINED,1,,"calibration,complexity,identity,leakage,out_of_sample,replication,transfer",QUARANTINE,False,-0.00033102257677197766,,0.0,,
W00001,development,4,crisis,True,P270,NOISE,regime_corr,,,,0.0,-0.004248380542627422,False,False,,,,screen: never raised (t below screen_t or over the cap),0.013024793388429767,-0.0010452093073843316,,,381.0,-0.0960170838305539,,,0,,,REJECT,False,0.00320317123524309,,0.0,,
W00001,development,4,crisis,True,P271,NOISE,regime_corr,,,,0.041666666666666664,0.005544726308613931,False,False,,,,screen: never raised (t below screen_t or over the cap),0.19169550173010386,0.00833683270714447,,,160.0,0.8936251279509738,,,0,,,REJECT,False,0.0027921063985305392,,0.0,,
W00001,development,4,crisis,True,P272,NOISE,regime_corr,,,,0.125,0.006779763326756074,False,False,,,,screen: never raised (t below screen_t or over the cap),0.013024793388429767,0.0012163992393936507,,,317.0,0.12269496170881436,,,0,,,REJECT,False,-0.005563364087362423,,0.0,,
W00001,development,4,crisis,True,P273,NOISE,regime_corr,,,,0.0,-0.00833891101441861,False,False,,,,screen: never raised (t below screen_t or over the cap),0.50848,-0.014494634305028953,,,603.0,-1.7687233898738488,,,0,,,REJECT,False,-0.006155723290610343,,0.0,,
W00001,development,4,crisis,True,P274,NOISE,regime_corr,,,,0.0,0.0009750388622395899,False,False,,,,screen: never raised (t below screen_t or over the cap),0.1208080808080807,-0.005692157891575567,,,488.0,-0.6818413342135959,,,0,,,REJECT,False,-0.006667196753815156,,0.0,,
W00001,development,4,crisis,True,P275,NOISE,regime_corr,,,,0.0,-0.004470492957965732,False,False,,,,screen: never raised (t below screen_t or over the cap),0.3377114427860697,-0.012101417339096643,,,580.0,-1.2384291359099322,,,0,,,REJECT,False,-0.0076309243811309106,,0.0,,
W00001,development,4,crisis,True,P276,NOISE,regime_corr,,,,0.041666666666666664,0.002637515060479807,False,False,,,,screen: never raised (t below screen_t or over the cap),0.23478260869565215,0.010617894562748087,,,125.0,1.0660695867042995,,,0,,,REJECT,False,0.00798037950226828,,0.0,,
W00001,development,4,crisis,True,P277,NOISE,regime_corr,,,,0.08333333333333333,0.009659849031694145,False,False,,,,screen: never raised (t below screen_t or over the cap),0.1868235294117646,0.005838993936178816,,,221.0,0.7860995690170053,,,0,,,REJECT,False,-0.0038208550955153298,,0.0,,
W00001,development,4,crisis,True,P278,NOISE,regime_corr,,,,0.0,-0.008134645364618106,False,False,,,,screen: never raised (t below screen_t or over the cap),0.7423376623376623,-0.019528532669599252,,,626.0,-2.231809229964097,,,0,,,REJECT,False,-0.011393887304981146,,0.0,,
W00001,development,4,crisis,True,P279,NOISE,regime_corr,,,,0.0,0.0006261796887062329,False,False,,,,screen: never raised (t below screen_t or over the cap),0.086829268292683,0.004553789207535575,,,239.0,0.48614087278207596,,,0,,,REJECT,False,0.003927609518829342,,0.0,,
W00001,development,4,crisis,True,P280,NOISE,regime_corr,,,,0.0,-0.0020190713051475608,False,False,,,,screen: never raised (t below screen_t or over the cap),0.013024793388429767,-0.002811582302093607,,,435.0,-0.27723369115482893,,,0,,,REJECT,False,-0.0007925109969460463,,0.0,,
W00001,development,4,crisis,True,P281,NOISE,regime_corr,,,,0.0,-0.0053683738877312115,False,False,,,,screen: never raised (t below screen_t or over the cap),0.5485714285714285,-0.012170713770101094,,,582.0,-1.8507527388249208,,,0,,,REJECT,False,-0.006802339882369882,,0.0,,
W00001,development,4,crisis,True,P282,NOISE,regime_corr,,,,0.0,0.004400502088249969,False,False,,,,screen: never raised (t below screen_t or over the cap),0.05715617715617716,0.0038733663412746644,,,255.0,0.40145224697914533,,,0,,,REJECT,False,-0.0005271357469753043,,0.0,,
W00001,development,4,crisis,True,P283,NOISE,regime_corr,,,,0.0,0.001265466735723548,False,False,,,,screen: never raised (t below screen_t or over the cap),0.13540897097625326,0.005051496943035749,,,230.0,0.6185290331747695,,,0,,,REJECT,False,0.0037860302073122014,,0.0,,
W00001,development,4,crisis,True,P284,NOISE,regime_corr,,,,0.0,-0.0009857595299853571,False,False,,,,screen: never raised (t below screen_t or over the cap),0.013024793388429767,0.0013168333307189695,,,315.0,0.16692166049935162,,,0,,,REJECT,False,0.0023025928607043264,,0.0,,
W00001,development,4,crisis,True,P285,NOISE,regime_corr,,,,0.0,-0.0008300746577167001,False,False,,,,screen: never raised (t below screen_t or over the cap),0.2581818181818182,-0.009800667273191233,,,550.0,-0.9706924430044028,,,0,,,REJECT,False,-0.008970592615474532,,0.0,,
W00001,development,4,crisis,True,P286,NOISE,regime_corr,,,,0.0,-0.0008768683570290487,False,False,,,,screen: never raised (t below screen_t or over the cap),0.013024793388429767,-0.0022106745157760566,,,415.0,-0.2181311971125581,,,0,,,REJECT,False,-0.0013338061587470078,,0.0,,
W00001,development,4,crisis,True,P287,NOISE,regime_corr,,,,0.0,0.0006786011835415697,False,False,,,,screen: never raised (t below screen_t or over the cap),0.013024793388429767,-0.0008851248368778597,,,378.0,-0.11962608098749605,,,0,,,REJECT,False,-0.0015637260204194293,,0.0,,
W00001,development,4,crisis,True,P288,NOISE,regime_corr,,,,0.0,0.006116240045904329,False,False,,,,screen: never raised (t below screen_t or over the cap),0.2078490566037735,0.008028827574910413,,,163.0,0.982841775678643,,,0,,,REJECT,False,0.001912587529006084,,0.0,,
W00001,development,4,crisis,True,P289,NOISE,regime_corr,,,,0.0,-0.018807049396076633,False,False,,,,screen: never raised (t below screen_t or over the cap),0.9847619047619047,-0.020777321438107343,,,631.0,-3.423726420124133,,,0,,,REJECT,False,-0.001970272042030711,,0.0,,
W00001,development,4,crisis,True,P290,NOISE,vol_corr,,,,0.0,0.002976234635147445,False,False,,,,screen: never raised (t below screen_t or over the cap),0.37551515151515147,0.013349164442017059,,,100.0,1.485340893055019,,,0,,,REJECT,False,0.010372929806869614,,0.0,,
W00001,development,4,crisis,True,P291,NOISE,vol_corr,,,,0.0,0.003491411115152327,False,False,,,,screen: never raised (t below screen_t or over the cap),0.6323404255319149,0.019918711338056116,,,63.0,1.9336472217190759,,,0,,,REJECT,False,0.016427300222903788,,0.0,,
W00001,development,4,crisis,True,P292,NOISE,vol_corr,,,,0.041666666666666664,0.006006443865327122,False,False,,,,screen: never raised (t below screen_t or over the cap),0.4219354838709677,0.015488339899377035,,,87.0,1.569728028582875,,,0,,,REJECT,False,0.009481896034049912,,0.0,,
W00001,development,4,crisis,True,P293,NOISE,vol_corr,,,,0.0,0.007224209708664236,False,False,,,,screen: never raised (t below screen_t or over the cap),0.2078490566037735,0.010539117108969154,,,128.0,1.126383983850415,,,0,,,REJECT,False,0.0033149074003049174,,0.0,,
W00001,development,4,crisis,True,P294,NOISE,vol_corr,,,,0.16666666666666666,0.009438146336053535,False,False,,,,screen: never raised (t below screen_t or over the cap),0.4219354838709677,0.014458411228442936,,,95.0,1.8683539246309016,,,0,,,REJECT,False,0.0050202648923894,,0.0,,
W00001,development,4,crisis,True,P295,NOISE,vol_corr,,,,0.0,0.002075332243474244,False,False,,,,screen: never raised (t below screen_t or over the cap),0.33913043478260874,0.013170255020365063,,,101.0,1.482521689301062,,,0,,,REJECT,False,0.01109492277689082,,0.0,,
W00001,development,4,crisis,True,P296,NOISE,vol_corr,,,,0.3333333333333333,0.011811377882878267,True,False,,1.0,,"quarantined: QUARANTINED blocked by calibration,complexity,identity,leakage,out_of_sample,replication,transfer",0.5148387096774194,0.016986574607340068,1.0,True,65.0,2.0702810020081945,0.6666666666666666,QUARANTINED,4,,"calibration,complexity,identity,leakage,out_of_sample,replication,transfer",QUARANTINE,False,0.005175196724461801,,0.0,,
W00001,development,4,crisis,True,P297,NOISE,vol_corr,,,,0.0,0.00046613526381982347,True,False,,4.0,,"quarantined: QUARANTINED blocked by calibration,complexity,identity,leakage,out_of_sample,replication,transfer",0.46202898550724636,0.012557477655882745,1.0,True,90.0,2.049657701671476,0.4166666666666667,QUARANTINED,1,,"calibration,complexity,identity,leakage,out_of_sample,replication,transfer",QUARANTINE,False,0.012091342392062922,,0.0,,
W00001,development,4,crisis,True,P298,NOISE,vol_corr,,,,0.0,0.0012200359716081392,False,False,,,,screen: never raised (t below screen_t or over the cap),0.2078490566037735,0.009965694560161498,,,140.0,1.094661658807689,,,0,,,REJECT,False,0.008745658588553359,,0.0,,
W00001,development,4,crisis,True,P299,NOISE,vol_corr,,,,0.0,-0.0015618820028999317,False,False,,,,screen: never raised (t below screen_t or over the cap),0.3529281767955801,0.011971304482525813,,,114.0,1.5484966099829622,,,0,,,REJECT,False,0.013533186485425744,,0.0,,
W00001,development,4,crisis,True,P300,NOISE,vol_corr,,,,0.0,0.0022922867712607846,False,False,,,,screen: never raised (t below screen_t or over the cap),0.19003278688524583,0.009991520034396073,,,138.0,1.067930933449829,,,0,,,REJECT,False,0.0076992332631352885,,0.0,,
W00001,development,4,crisis,True,P301,NOISE,vol_corr,,,,0.0,0.005539003279339614,False,False,,,,screen: never raised (t below screen_t or over the cap),0.4501408450704225,0.01614699925720764,,,82.0,1.6525981395994414,,,0,,,REJECT,False,0.010607995977868025,,0.0,,
W00001,development,4,crisis,True,P302,NOISE,vol_corr,,,,0.0,0.007884173846839537,False,False,,,,screen: never raised (t below screen_t or over the cap),0.5584,0.019433892914258233,,,67.0,1.9357369781890963,,,0,,,REJECT,False,0.011549719067418696,,0.0,,
W00001,development,4,crisis,True,P303,NOISE,vol_corr,,,,0.0,0.005362122515198175,False,False,,,,screen: never raised (t below screen_t or over the cap),0.3377114427860697,0.01555017016802096,,,85.0,1.3712334004643405,,,0,,,REJECT,False,0.010188047652822784,,0.0,,
W00001,development,4,crisis,True,P304,NOISE,vol_corr,,,,0.125,0.008704131346525859,False,False,,,,screen: never raised (t below screen_t or over the cap),0.3377114427860697,0.013739528093083098,,,99.0,1.280499361706475,,,0,,,REJECT,False,0.005035396746557239,,0.0,,
W00001,development,4,crisis,True,P305,NOISE,vol_corr,,,,0.16666666666666666,0.010194884744872217,False,False,,,,screen: never raised (t below screen_t or over the cap),0.46202898550724636,0.01849531157471407,,,73.0,1.5544867155693378,,,0,,,REJECT,False,0.008300426829841851,,0.0,,
W00001,development,4,crisis,True,P306,NOISE,vol_corr,,,,0.0,-0.0050896251304592445,False,False,,,,screen: never raised (t below screen_t or over the cap),0.002105263157894721,-0.000683379276450069,,,372.0,-0.07539867487783265,,,0,,,REJECT,False,0.0044062458540091755,,0.0,,
W00001,development,4,crisis,True,P307,NOISE,vol_corr,,,,0.041666666666666664,0.007652572385336683,True,False,,2.0,,"quarantined: QUARANTINED blocked by calibration,complexity,identity,leakage,out_of_sample,replication,transfer",0.6910344827586207,0.012041122929953591,1.0,True,69.0,2.14255260950483,0.4166666666666667,QUARANTINED,1,,"calibration,complexity,identity,leakage,out_of_sample,replication,transfer",QUARANTINE,False,0.004388550544616908,,0.0,,
W00001,development,4,crisis,True,P308,NOISE,vol_corr,,,,0.08333333333333333,0.006182525013871344,True,False,,4.0,,"live: FAILED blocked by calibration,complexity,out_of_sample,replication,transfer",0.6872727272727273,0.016221577814633938,1.0,True,64.0,2.004790871300528,0.5833333333333334,FAILED,1,,"calibration,complexity,out_of_sample,replication,transfer",UNKNOWN,False,0.010039052800762595,,0.0,,
W00001,development,4,crisis,True,P309,NOISE,vol_corr,,,,0.041666666666666664,0.0028068278757411706,False,False,,,,screen: never raised (t below screen_t or over the cap),0.07262135922330104,0.006033861592449563,,,214.0,0.5423859431917601,,,0,,,REJECT,False,0.0032270337167083925,,0.0,,
W00001,development,4,crisis,True,P310,NOISE,sample_size,,,,0.0,0.0,False,False,,,,screen: never raised (t below screen_t or over the cap),0.0,,,,651.0,,,,0,,,REJECT,False,,,0.0,,
W00001,development,4,crisis,True,P311,NOISE,sample_size,,,,0.0,0.0,False,False,,,,screen: never raised (t below screen_t or over the cap),0.0,,,,647.0,,,,0,,,REJECT,False,,,0.0,,
W00001,development,4,crisis,True,P312,NOISE,sample_size,,,,0.0,0.0,False,False,,,,screen: never raised (t below screen_t or over the cap),0.0,,,,644.0,,,,0,,,REJECT,False,,,0.0,,
W00001,development,4,crisis,True,P313,NOISE,sample_size,,,,0.0,0.0,False,False,,,,screen: never raised (t below screen_t or over the cap),0.0,,,,645.0,,,,0,,,REJECT,False,,,0.0,,
W00001,development,4,crisis,True,P314,NOISE,sample_size,,,,0.0,0.0,False,False,,,,screen: never raised (t below screen_t or over the cap),0.0,,,,643.0,,,,0,,,REJECT,False,,,0.0,,
W00001,development,4,crisis,True,P315,NOISE,sample_size,,,,0.0,0.0,False,False,,,,screen: never raised (t below screen_t or over the cap),0.0,,,,652.0,,,,0,,,REJECT,False,,,0.0,,
W00001,development,4,crisis,True,P316,NOISE,sample_size,,,,0.0,0.0,False,False,,,,screen: never raised (t below screen_t or over the cap),0.0,,,,653.0,,,,0,,,REJECT,False,,,0.0,,
W00001,development,4,crisis,True,P317,NOISE,sample_size,,,,0.0,0.0,False,False,,,,screen: never raised (t below screen_t or over the cap),0.0,,,,654.0,,,,0,,,REJECT,False,,,0.0,,
W00001,development,4,crisis,True,P318,NOISE,sample_size,,,,0.0,0.0,False,False,,,,screen: never raised (t below screen_t or over the cap),0.0,,,,640.0,,,,0,,,REJECT,False,,,0.0,,
W00001,development,4,crisis,True,P319,NOISE,sample_size,,,,0.0,0.0,False,False,,,,screen: never raised (t below screen_t or over the cap),0.0,,,,657.0,,,,0,,,REJECT,False,,,0.0,,
W00001,development,4,crisis,True,P320,NOISE,sample_size,,,,0.0,0.0,False,False,,,,screen: never raised (t below screen_t or over the cap),0.0,,,,656.0,,,,0,,,REJECT,False,,,0.0,,
W00001,development,4,crisis,True,P321,NOISE,sample_size,,,,0.0,0.0,False,False,,,,screen: never raised (t below screen_t or over the cap),0.0,,,,650.0,,,,0,,,REJECT,False,,,0.0,,
W00001,development,4,crisis,True,P322,NOISE,sample_size,,,,0.0,0.0,False,False,,,,screen: never raised (t below screen_t or over the cap),0.0,,,,646.0,,,,0,,,REJECT,False,,,0.0,,
W00001,development,4,crisis,True,P323,NOISE,sample_size,,,,0.0,0.0,False,False,,,,screen: never raised (t below screen_t or over the cap),0.0,,,,655.0,,,,0,,,REJECT,False,,,0.0,,
W00001,development,4,crisis,True,P324,NOISE,sample_size,,,,0.0,0.0,False,False,,,,screen: never raised (t below screen_t or over the cap),0.0,,,,648.0,,,,0,,,REJECT,False,,,0.0,,
W00001,development,4,crisis,True,P325,NOISE,sample_size,,,,0.0,0.0,False,False,,,,screen: never raised (t below screen_t or over the cap),0.0,,,,649.0,,,,0,,,REJECT,False,,,0.0,,
W00001,development,4,crisis,True,P326,NOISE,sample_size,,,,0.0,0.0,False,False,,,,screen: never raised (t below screen_t or over the cap),0.0,,,,642.0,,,,0,,,REJECT,False,,,0.0,,
W00001,development,4,crisis,True,P327,NOISE,sample_size,,,,0.0,0.0,False,False,,,,screen: never raised (t below screen_t or over the cap),0.0,,,,659.0,,,,0,,,REJECT,False,,,0.0,,
W00001,development,4,crisis,True,P328,NOISE,sample_size,,,,0.0,0.0,False,False,,,,screen: never raised (t below screen_t or over the cap),0.0,,,,658.0,,,,0,,,REJECT,False,,,0.0,,
W00001,development,4,crisis,True,P329,NOISE,sample_size,,,,0.0,0.0,False,False,,,,screen: never raised (t below screen_t or over the cap),0.0,,,,641.0,,,,0,,,REJECT,False,,,0.0,,
W00001,development,4,crisis,True,P330,NOISE,mt_winner,,,,0.5,0.015435354705440316,False,False,,,,screen: never raised (t below screen_t or over the cap),0.04070640176600426,0.0037641547657720764,,,259.0,0.3724501869885895,,,0,,,REJECT,False,-0.01167119993966824,,0.0,,
W00001,development,4,crisis,True,P331,NOISE,mt_winner,,,,0.4166666666666667,0.012711910194983288,True,False,,0.0,,"live: FAILED blocked by calibration,complexity,out_of_sample,replication,transfer",0.7696,0.017805442387390222,-1.0,,71.0,2.431922870755653,0.5833333333333334,FAILED,5,,"calibration,complexity,out_of_sample,replication,transfer",UNKNOWN,False,0.005093532192406934,,0.0,,
W00001,development,4,crisis,True,P332,NOISE,mt_winner,,,,0.0,-0.011326988184756347,False,False,,,,screen: never raised (t below screen_t or over the cap),0.6988235294117646,0.020876597263632002,,,57.0,1.9216444579062344,,,0,,,REJECT,False,0.03220358544838835,,0.0,,
W00001,development,4,crisis,True,P333,NOISE,mt_winner,,,,0.0,0.0015950327344301154,False,False,,,,screen: never raised (t below screen_t or over the cap),0.04070640176600426,-0.003040072360810664,,,442.0,-0.42515979348431737,,,0,,,REJECT,False,-0.004635105095240779,,0.0,,
W00001,development,4,crisis,True,P334,NOISE,mt_winner,,,,0.0,0.0020325603872052784,False,False,,,,screen: never raised (t below screen_t or over the cap),0.2078490566037735,-0.008597954422591592,,,540.0,-0.9142084128505416,,,0,,,REJECT,False,-0.010630514809796869,,0.0,,
W00001,development,4,crisis,True,P335,NOISE,mt_winner,,,,0.4583333333333333,0.01539393032092541,True,False,,0.0,,"quarantined: QUARANTINED blocked by calibration,complexity,identity,leakage,out_of_sample,replication,transfer",0.9443478260869566,0.017277557219290345,-1.0,,42.0,2.8398017384241805,0.5833333333333334,QUARANTINED,2,,"calibration,complexity,identity,leakage,out_of_sample,replication,transfer",QUARANTINE,False,0.0018836268983649356,,0.0,,
W00001,development,4,crisis,True,P336,NOISE,mt_winner,,,,0.0,0.0021530527610186356,False,False,,,,screen: never raised (t below screen_t or over the cap),0.3529281767955801,0.01286039964512653,,,103.0,1.2277116988925212,,,0,,,REJECT,False,0.010707346884107894,,0.0,,
W00001,development,4,crisis,True,P337,NOISE,mt_winner,,,,0.20833333333333334,0.009268034288234544,False,False,,,,screen: never raised (t below screen_t or over the cap),0.0,7.857870920613408e-06,,,350.0,0.000927887618406541,,,0,,,REJECT,False,-0.00926017641731393,,0.0,,
W00001,development,4,crisis,True,P338,NOISE,mt_winner,,,,0.0,0.007401828186966278,False,False,,,,screen: never raised (t below screen_t or over the cap),0.1271204188481675,-0.004282972791252171,,,464.0,-0.6438573702713037,,,0,,,REJECT,False,-0.01168480097821845,,0.0,,
W00001,development,4,crisis,True,P339,NOISE,mt_winner,,,,0.0,0.0022127745344035932,False,False,,,,screen: never raised (t below screen_t or over the cap),0.5436521739130434,-0.01345229946137011,,,597.0,-1.6798351867871248,,,0,,,REJECT,False,-0.0156650739957737,,0.0,,
W00001,development,4,crisis,True,P340,NOISE,mt_winner,,,,0.0,0.00251507591366759,False,False,,,,screen: never raised (t below screen_t or over the cap),0.0,0.00028549099251884424,,,343.0,0.02021452971791126,,,0,,,REJECT,False,-0.0022295849211487456,,0.0,,
W00001,development,4,crisis,True,P341,NOISE,mt_winner,,,,0.0,-0.0025743975384984867,False,False,,,,screen: never raised (t below screen_t or over the cap),0.05699769053117787,-0.0038080435238373456,,,455.0,-0.43564090181329007,,,0,,,REJECT,False,-0.001233645985338859,,0.0,,
W00001,development,4,crisis,True,P342,NOISE,mt_winner,,,,0.0,-0.004415046569094543,False,False,,,,screen: never raised (t below screen_t or over the cap),0.013024793388429767,-0.0028852644165005548,,,438.0,-0.30127948928407394,,,0,,,REJECT,False,0.0015297821525939882,,0.0,,
W00001,development,4,crisis,True,P343,NOISE,mt_winner,,,,0.0,-0.011832355452589052,False,False,,,,screen: never raised (t below screen_t or over the cap),0.7028571428571428,-0.020050800004899172,,,629.0,-2.2370854923837387,,,0,,,REJECT,False,-0.00821844455231012,,0.0,,
W00001,development,4,crisis,True,P344,NOISE,mt_winner,,,,0.041666666666666664,0.00457235260312959,True,False,,3.0,,"quarantined: QUARANTINED blocked by calibration,complexity,identity,leakage,out_of_sample,replication,transfer",0.5148387096774194,0.014901212159087136,1.0,,83.0,1.62017316785178,0.5833333333333334,QUARANTINED,2,,"calibration,complexity,identity,leakage,out_of_sample,replication,transfer",QUARANTINE,False,0.010328859555957547,,0.0,,
W00001,development,4,crisis,True,P345,NOISE,mt_winner,,,,0.08333333333333333,0.007500470973650763,False,False,,,,screen: never raised (t below screen_t or over the cap),0.1868235294117646,-0.010150370508833051,,,558.0,-0.7357320057913749,,,0,,,REJECT,False,-0.017650841482483814,,0.0,,
W00001,development,4,crisis,True,P346,NOISE,mt_winner,,,,0.25,0.010540583597546664,True,False,,2.0,,"quarantined: QUARANTINED blocked by calibration,complexity,identity,leakage,out_of_sample,replication,transfer",0.5227118644067796,0.015945537260189106,1.0,,86.0,1.4780051802994678,0.4166666666666667,QUARANTINED,1,,"calibration,complexity,identity,leakage,out_of_sample,replication,transfer",QUARANTINE,False,0.0054049536626424415,,0.0,,
W00001,development,4,crisis,True,P347,NOISE,mt_winner,,,,0.041666666666666664,0.0056140164915429325,True,False,,0.0,,"quarantined: QUARANTINED blocked by calibration,complexity,identity,leakage,out_of_sample,replication,transfer",0.013024793388429767,0.01842612981124722,1.0,,316.0,0.17421267897538656,0.6666666666666666,QUARANTINED,2,,"calibration,complexity,identity,leakage,out_of_sample,replication,transfer",QUARANTINE,False,0.012812113319704289,,0.0,,
W00001,development,4,crisis,True,P348,NOISE,mt_winner,,,,0.0,-0.0009426243989293883,False,False,,,,screen: never raised (t below screen_t or over the cap),0.1868235294117646,0.007268795644796877,,,180.0,0.8017817072886216,,,0,,,REJECT,False,0.008211420043726266,,0.0,,
W00001,development,4,crisis,True,P349,NOISE,mt_winner,,,,0.0,-0.0072958312159183145,False,False,,,,screen: never raised (t below screen_t or over the cap),0.3377114427860697,-0.012169376475226146,,,581.0,-1.5853322551357858,,,0,,,REJECT,False,-0.004873545259307831,,0.0,,
W00001,development,4,crisis,True,P350,NOISE,mt_winner,,,,0.041666666666666664,0.0034886010574454794,False,False,,,,screen: never raised (t below screen_t or over the cap),0.0,0.0004476035062693784,,,337.0,0.0453581853618761,,,0,,,REJECT,False,-0.003040997551176101,,0.0,,
W00001,development,4,crisis,True,P351,NOISE,mt_winner,,,,0.0,-0.004598974743443657,False,False,,,,screen: never raised (t below screen_t or over the cap),0.013024793388429767,-0.0016412994080037824,,,397.0,-0.18874137073475838,,,0,,,REJECT,False,0.0029576753354398745,,0.0,,
W00001,development,4,crisis,True,P352,NOISE,mt_winner,,,,0.0,-0.007684631244409305,False,False,,,,screen: never raised (t below screen_t or over the cap),0.19169550173010386,-0.006930156687053102,,,507.0,-0.8303209453839998,,,0,,,REJECT,False,0.0007544745573562035,,0.0,,
W00001,development,4,crisis,True,P353,NOISE,mt_winner,,,,0.0,-0.0008391912171175688,False,False,,,,screen: never raised (t below screen_t or over the cap),0.0,6.385522492535767e-05,,,348.0,0.007248928792107111,,,0,,,REJECT,False,0.0009030464420429265,,0.0,,
W00001,development,4,crisis,True,P354,NOISE,mt_winner,,,,0.0,0.008022641128017583,False,False,,,,screen: never raised (t below screen_t or over the cap),0.1834482758620689,0.006978801921889599,,,196.0,0.7049281273457841,,,0,,,REJECT,False,-0.001043839206127984,,0.0,,
W00001,development,4,crisis,True,P355,NOISE,mt_winner,,,,0.0,-0.006237216877590697,False,False,,,,screen: never raised (t below screen_t or over the cap),0.21133858267716543,-0.008281444132109628,,,531.0,-0.9705318142987008,,,0,,,REJECT,False,-0.002044227254518931,,0.0,,
W00001,development,4,crisis,True,P356,NOISE,mt_winner,,,,0.16666666666666666,0.00986406536030026,True,False,,3.0,,"quarantined: QUARANTINED blocked by calibration,complexity,identity,leakage,out_of_sample,replication,risk",0.09739557739557747,0.015827758958991578,-1.0,,238.0,0.49298937691603956,0.4166666666666667,QUARANTINED,1,,"calibration,complexity,identity,leakage,out_of_sample,replication,risk",QUARANTINE,False,0.005963693598691318,,0.0,,
W00001,development,4,crisis,True,P357,NOISE,mt_winner,,,,0.0,-0.00557433574418232,True,False,,4.0,,"live: FAILED blocked by calibration,complexity,out_of_sample,replication,transfer",0.8079999999999999,0.018409994998754387,1.0,,55.0,2.4661033475387755,0.5833333333333334,FAILED,1,,"calibration,complexity,out_of_sample,replication,transfer",UNKNOWN,False,0.023984330742936707,,0.0,,
W00001,development,4,crisis,True,P358,NOISE,mt_winner,,,,0.0,-0.010479928434895355,False,False,,,,screen: never raised (t below screen_t or over the cap),0.013024793388429767,0.0038925962723653784,,,253.0,0.2858226932819235,,,0,,,REJECT,False,0.014372524707260734,,0.0,,
W00001,development,4,crisis,True,P359,NOISE,mt_winner,,,,0.0,-0.0023586472520872605,False,False,,,,screen: never raised (t below screen_t or over the cap),0.2078490566037735,0.009240239671767458,,,149.0,0.99285399754301,,,0,,,REJECT,False,0.01159888692385472,,0.0,,
W00001,development,4,crisis,True,P360,NOISE,mt_winner,,,,0.0,-0.0007406423898410544,False,False,,,,screen: never raised (t below screen_t or over the cap),0.2078490566037735,-0.007652083396776754,,,518.0,-0.9288228968581417,,,0,,,REJECT,False,-0.0069114410069357,,0.0,,
W00001,development,4,crisis,True,P361,NOISE,mt_winner,,,,0.0,-0.003166558218282477,False,False,,,,screen: never raised (t below screen_t or over the cap),0.1868235294117646,-0.0069205624115762365,,,506.0,-0.867991857492583,,,0,,,REJECT,False,-0.0037540041932937595,,0.0,,
W00001,development,4,crisis,True,P362,NOISE,mt_winner,,,,0.0,-0.004742634555720275,False,False,,,,screen: never raised (t below screen_t or over the cap),0.05715617715617716,-0.0041269897877266315,,,459.0,-0.48304664175153633,,,0,,,REJECT,False,0.0006156447679936438,,0.0,,
W00001,development,4,crisis,True,P363,NOISE,mt_winner,,,,0.0,-0.0014952505022212367,False,False,,,,screen: never raised (t below screen_t or over the cap),0.2581818181818182,-0.01080414512783301,,,567.0,-1.0419751086054438,,,0,,,REJECT,False,-0.009308894625611772,,0.0,,
W00001,development,4,crisis,True,P364,NOISE,mt_winner,,,,0.0,-0.0056052571157414735,False,False,,,,screen: never raised (t below screen_t or over the cap),0.013024793388429767,-0.002204960198257777,,,414.0,-0.25849787624207254,,,0,,,REJECT,False,0.0034002969174836964,,0.0,,
W00001,development,4,crisis,True,P365,NOISE,mt_winner,,,,0.0,-0.0019235325453324957,False,False,,,,screen: never raised (t below screen_t or over the cap),0.12326530612244901,0.005968574740949473,,,217.0,0.6065271502128466,,,0,,,REJECT,False,0.00789210728628197,,0.0,,
W00001,development,4,crisis,True,P366,NOISE,mt_winner,,,,0.0,0.003181397681034554,False,False,,,,screen: never raised (t below screen_t or over the cap),0.28921658986175114,-0.010369955384283258,,,563.0,-1.0777980615337892,,,0,,,REJECT,False,-0.013551353065317812,,0.0,,
W00001,development,4,crisis,True,P367,NOISE,mt_winner,,,,0.0,0.0005306834018056919,False,False,,,,screen: never raised (t below screen_t or over the cap),0.013024793388429767,-0.0020525482128841976,,,411.0,-0.16751287779928709,,,0,,,REJECT,False,-0.0025832316146898893,,0.0,,
W00001,development,4,crisis,True,P368,NOISE,mt_winner,,,,0.0,-0.007896338339315724,False,False,,,,screen: never raised (t below screen_t or over the cap),0.36,-0.010447784917845482,,,564.0,-1.5071307750241503,,,0,,,REJECT,False,-0.0025514465785297577,,0.0,,
W00001,development,4,crisis,True,P369,NOISE,mt_winner,,,,0.0,-0.01116698156341774,False,False,,,,screen: never raised (t below screen_t or over the cap),0.3377114427860697,0.010380569944883455,,,130.0,1.1198781257088946,,,0,,,REJECT,False,0.021547551508301198,,0.0,,
W00001,development,4,crisis,True,P370,NOISE,mt_winner,,,,0.041666666666666664,0.00294685337073709,True,False,,0.0,,"quarantined: QUARANTINED blocked by calibration,complexity,identity,leakage,out_of_sample,replication,transfer",0.1868235294117646,0.014394214335819944,1.0,,199.0,0.6686443604896599,0.6666666666666666,QUARANTINED,2,,"calibration,complexity,identity,leakage,out_of_sample,replication,transfer",QUARANTINE,False,0.011447360965082854,,0.0,,
W00001,development,4,crisis,True,P371,NOISE,mt_winner,,,,0.16666666666666666,0.010841337242836733,True,False,,1.0,,"quarantined: QUARANTINED blocked by calibration,complexity,identity,leakage,out_of_sample,replication",0.2078490566037735,0.018564848931626368,-1.0,,198.0,1.0860870243701168,0.5,QUARANTINED,1,,"calibration,complexity,identity,leakage,out_of_sample,replication",QUARANTINE,False,0.007723511688789635,,0.0,,
W00001,development,4,crisis,True,P372,NOISE,mt_winner,,,,0.08333333333333333,0.008201336993379276,False,False,,,,screen: never raised (t below screen_t or over the cap),0.21133858267716543,-0.011476756758534434,,,574.0,-0.8774666737897103,,,0,,,REJECT,False,-0.019678093751913713,,0.0,,
W00001,development,4,crisis,True,P373,NOISE,mt_winner,,,,0.08333333333333333,0.0062106303814219565,False,False,,,,screen: never raised (t below screen_t or over the cap),0.1868235294117646,0.006599594095887618,,,203.0,0.8279061506761469,,,0,,,REJECT,False,0.0003889637144656611,,0.0,,
W00001,development,4,crisis,True,P374,NOISE,mt_winner,,,,0.75,0.019300579205100386,True,False,,0.0,,"quarantined: QUARANTINED blocked by calibration,complexity,identity,leakage,out_of_sample,replication,transfer",0.9847619047619047,0.015124135927002775,1.0,,43.0,3.356695874651316,0.4166666666666667,QUARANTINED,1,,"calibration,complexity,identity,leakage,out_of_sample,replication,transfer",QUARANTINE,False,-0.004176443278097611,,0.0,,
W00001,development,4,crisis,True,P375,NOISE,mt_winner,,,,0.08333333333333333,0.009243836545627219,False,False,,,,screen: never raised (t below screen_t or over the cap),0.05715617715617716,-0.004871954490189734,,,470.0,-0.45854637292995143,,,0,,,REJECT,False,-0.014115791035816953,,0.0,,
W00001,development,4,crisis,True,P376,NOISE,mt_winner,,,,0.0,-0.0037670023972768635,False,False,,,,screen: never raised (t below screen_t or over the cap),0.29481481481481486,-0.009359787249739182,,,548.0,-1.0996912413003261,,,0,,,REJECT,False,-0.005592784852462319,,0.0,,
W00001,development,4,crisis,True,P377,NOISE,mt_winner,,,,0.3333333333333333,0.012776210318924529,False,False,,,,screen: never raised (t below screen_t or over the cap),0.1868235294117646,0.008897745118594425,,,154.0,0.7298610253028134,,,0,,,REJECT,False,-0.0038784652003301043,,0.0,,
W00001,development,4,crisis,True,P378,NOISE,mt_winner,,,,0.0,0.003098063506532872,False,False,,,,screen: never raised (t below screen_t or over the cap),0.0,0.00021829165311160192,,,345.0,0.024457919729364116,,,0,,,REJECT,False,-0.00287977185342127,,0.0,,
W00001,development,4,crisis,True,P379,NOISE,mt_winner,,,,0.0,0.0009892062361624512,False,False,,,,screen: never raised (t below screen_t or over the cap),0.013024793388429767,-0.0008001848322078398,,,374.0,-0.0920920818778984,,,0,,,REJECT,False,-0.001789391068370291,,0.0,,
W00001,development,4,crisis,True,P380,NOISE,mt_winner,,,,0.0,0.0019328197891224513,False,False,,,,screen: never raised (t below screen_t or over the cap),0.8185074626865672,-0.018275475905851546,,,619.0,-2.478079942163779,,,0,,,REJECT,False,-0.020208295694973996,,0.0,,
W00001,development,4,crisis,True,P381,NOISE,mt_winner,,,,0.0,-0.007041663573726881,False,False,,,,screen: never raised (t below screen_t or over the cap),0.19157894736842107,-0.0072216614105586885,,,512.0,-0.7813384443599968,,,0,,,REJECT,False,-0.0001799978368318073,,0.0,,
W00001,development,4,crisis,True,P382,NOISE,mt_winner,,,,0.0,0.0010171560004966207,False,False,,,,screen: never raised (t below screen_t or over the cap),0.013024793388429767,-0.0012429924786789281,,,390.0,-0.1345043872680572,,,0,,,REJECT,False,-0.002260148479175549,,0.0,,
W00001,development,4,crisis,True,P383,NOISE,mt_winner,,,,0.0,-0.005903543284694437,False,False,,,,screen: never raised (t below screen_t or over the cap),0.03157894736842115,0.004760609139687344,,,236.0,0.37671097253193797,,,0,,,REJECT,False,0.010664152424381781,,0.0,,
W00001,development,4,crisis,True,P384,NOISE,mt_winner,,,,0.0,0.0042852005604918685,False,False,,,,screen: never raised (t below screen_t or over the cap),0.1382010582010582,0.0058778183969002695,,,219.0,0.530955946186954,,,0,,,REJECT,False,0.001592617836408401,,0.0,,
W00001,development,4,crisis,True,P385,NOISE,mt_winner,,,,0.0,-0.005541305326056464,False,False,,,,screen: never raised (t below screen_t or over the cap),0.14666666666666672,-0.006310300418517767,,,496.0,-0.565387944402531,,,0,,,REJECT,False,-0.0007689950924613031,,0.0,,
W00001,development,4,crisis,True,P386,NOISE,mt_winner,,,,0.0,-0.006603744163746278,False,False,,,,screen: never raised (t below screen_t or over the cap),0.1725070422535212,-0.0069640228382968905,,,509.0,-0.7457913655023912,,,0,,,REJECT,False,-0.00036027867455061275,,0.0,,
W00001,development,4,crisis,True,P387,NOISE,mt_winner,,,,0.041666666666666664,0.0038193835755782,False,False,,,,screen: never raised (t below screen_t or over the cap),0.0,-0.0005308748950764719,,,366.0,-0.04785776638421931,,,0,,,REJECT,False,-0.004350258470654672,,0.0,,
W00001,development,4,crisis,True,P388,NOISE,mt_winner,,,,0.041666666666666664,0.0038165775599560336,False,False,,,,screen: never raised (t below screen_t or over the cap),0.013024793388429767,-0.0024389053083494483,,,426.0,-0.23391585866418768,,,0,,,REJECT,False,-0.006255482868305482,,0.0,,
W00001,development,4,crisis,True,P389,NOISE,mt_winner,,,,0.0,-0.007347483608592802,False,False,,,,screen: never raised (t below screen_t or over the cap),0.7112195121951219,-0.023235943235678624,,,635.0,-2.2738718763154195,,,0,,,REJECT,False,-0.01588845962708582,,0.0,,
W00001,development,4,crisis,True,P390,NOISE,mt_winner,,,,0.0,0.004633702273089089,False,False,,,,screen: never raised (t below screen_t or over the cap),0.07503649635036502,-0.004918847213419453,,,471.0,-0.5797370054411972,,,0,,,REJECT,False,-0.009552549486508542,,0.0,,
W00001,development,4,crisis,True,P391,NOISE,mt_winner,,,,0.041666666666666664,0.007958821338755775,True,False,,0.0,,"live: FAILED blocked by calibration,complexity,out_of_sample,replication,transfer",0.9573333333333334,0.019755076177595997,1.0,,59.0,2.9422511768927206,0.75,FAILED,5,,"calibration,complexity,out_of_sample,replication,transfer",UNKNOWN,False,0.011796254838840222,,0.0,,
W00001,development,4,crisis,True,P392,NOISE,mt_winner,,,,0.041666666666666664,0.008242355701699679,False,False,,,,screen: never raised (t below screen_t or over the cap),0.013024793388429767,0.0032595431676339937,,,269.0,0.375958133150702,,,0,,,REJECT,False,-0.004982812534065685,,0.0,,
W00001,development,4,crisis,True,P393,NOISE,mt_winner,,,,0.08333333333333333,0.007622605065520194,False,False,,,,screen: never raised (t below screen_t or over the cap),0.05715617715617716,0.004823674156046898,,,232.0,0.42479562946008853,,,0,,,REJECT,False,-0.002798930909473296,,0.0,,
W00001,development,4,crisis,True,P394,NOISE,mt_winner,,,,0.0,-0.0042306904314000785,False,False,,,,screen: never raised (t below screen_t or over the cap),0.0,-0.0001158127168180978,,,356.0,-0.01097644933583551,,,0,,,REJECT,False,0.004114877714581981,,0.0,,
W00001,development,4,crisis,True,P395,NOISE,mt_winner,,,,0.0,0.0004954483125954659,False,False,,,,screen: never raised (t below screen_t or over the cap),0.03859030837004396,0.0035908774021475853,,,264.0,0.45499891194865383,,,0,,,REJECT,False,0.0030954290895521194,,0.0,,
W00001,development,4,crisis,True,P396,NOISE,mt_winner,,,,0.0,0.005495121908415054,False,False,,,,screen: never raised (t below screen_t or over the cap),0.2288524590163935,0.00891028362717905,,,153.0,0.8803753177085636,,,0,,,REJECT,False,0.003415161718763996,,0.0,,
W00001,development,4,crisis,True,P397,NOISE,mt_winner,,,,0.0,-0.00806884947980214,False,False,,,,screen: never raised (t below screen_t or over the cap),0.1409625668449198,0.007187609845394349,,,185.0,0.6383096037635247,,,0,,,REJECT,False,0.01525645932519649,,0.0,,
W00001,development,4,crisis,True,P398,NOISE,mt_winner,,,,0.0,-0.009529136164065699,False,False,,,,screen: never raised (t below screen_t or over the cap),0.8016901408450705,-0.01784716590355495,,,617.0,-2.153629209950743,,,0,,,REJECT,False,-0.008318029739489252,,0.0,,
W00001,development,4,crisis,True,P399,NOISE,mt_winner,,,,0.0,-0.006590275245104464,False,False,,,,screen: never raised (t below screen_t or over the cap),0.2078490566037735,0.007023163658871567,,,195.0,0.808250678078636,,,0,,,REJECT,False,0.013613438903976031,,0.0,,
W00001,development,4,crisis,True,P400,NOISE,mt_winner,,,,0.0,0.0047576320711019675,True,False,,0.0,,"quarantined: QUARANTINED blocked by calibration,complexity,identity,leakage,out_of_sample,replication,risk,transfer",0.9319148936170213,0.017655778857393504,1.0,,66.0,2.7548112159848848,0.3333333333333333,QUARANTINED,1,,"calibration,complexity,identity,leakage,out_of_sample,replication,risk,transfer",QUARANTINE,False,0.012898146786291536,,0.0,,
W00001,development,4,crisis,True,P401,NOISE,mt_winner,,,,0.25,0.010846175074732775,True,False,,0.0,,"quarantined: QUARANTINED blocked by calibration,complexity,identity,leakage,out_of_sample,replication",0.14666666666666672,0.01617974128526622,-1.0,,241.0,0.5755596331697515,0.5,QUARANTINED,1,,"calibration,complexity,identity,leakage,out_of_sample,replication",QUARANTINE,False,0.005333566210533446,,0.0,,
W00001,development,4,crisis,True,P402,NOISE,mt_winner,,,,0.0,-0.0030970478068443187,False,False,,,,screen: never raised (t below screen_t or over the cap),0.013024793388429767,0.00148639022460062,,,310.0,0.17834111638560363,,,0,,,REJECT,False,0.004583438031444939,,0.0,,
W00001,development,4,crisis,True,P403,NOISE,mt_winner,,,,0.0,-0.0015185559845542122,False,False,,,,screen: never raised (t below screen_t or over the cap),0.11458646616541346,-0.00510788238203197,,,476.0,-0.6390128942390783,,,0,,,REJECT,False,-0.0035893263974777576,,0.0,,
W00001,development,4,crisis,True,P404,NOISE,mt_winner,,,,0.0,0.0022095321701581664,False,False,,,,screen: never raised (t below screen_t or over the cap),0.23364806866952792,-0.007876922629038718,,,524.0,-0.8314682132892367,,,0,,,REJECT,False,-0.010086454799196884,,0.0,,
W00001,development,4,crisis,True,P405,NOISE,mt_winner,,,,0.0,-0.005376767983387649,False,False,,,,screen: never raised (t below screen_t or over the cap),0.1868235294117646,-0.007843596594590274,,,523.0,-0.7012361981519653,,,0,,,REJECT,False,-0.002466828611202625,,0.0,,
W00001,development,4,crisis,True,P406,NOISE,mt_winner,,,,0.0,-0.006748161140735357,False,False,,,,screen: never raised (t below screen_t or over the cap),0.12182278481012654,-0.005256273711320536,,,478.0,-0.6288098953111637,,,0,,,REJECT,False,0.0014918874294148213,,0.0,,
W00001,development,4,crisis,True,P407,NOISE,mt_winner,,,,0.4166666666666667,0.014572535434296388,False,False,,,,screen: never raised (t below screen_t or over the cap),0.1725070422535212,-0.0081017654563737,,,527.0,-0.7093686583683514,,,0,,,REJECT,False,-0.022674300890670088,,0.0,,
W00001,development,4,crisis,True,P408,NOISE,mt_winner,,,,0.0,0.0004063908596866105,False,False,,,,screen: never raised (t below screen_t or over the cap),0.11458646616541346,0.0051296022336267955,,,229.0,0.5279396321387221,,,0,,,REJECT,False,0.004723211373940185,,0.0,,
W00001,development,4,crisis,True,P409,NOISE,mt_winner,,,,0.041666666666666664,0.005910213243141543,True,False,,1.0,,"quarantined: QUARANTINED blocked by calibration,complexity,identity,leakage,out_of_sample,replication,transfer",0.2421052631578947,0.01057553383581591,-1.0,,148.0,1.0936579212337898,0.5833333333333334,QUARANTINED,2,,"calibration,complexity,identity,leakage,out_of_sample,replication,transfer",QUARANTINE,False,0.004665320592674367,,0.0,,
W00001,development,4,crisis,True,P410,NOISE,mt_winner,,,,0.08333333333333333,0.006052750554023312,False,False,,,,screen: never raised (t below screen_t or over the cap),0.1409625668449198,0.00567885547186775,,,223.0,0.6731947743192467,,,0,,,REJECT,False,-0.0003738950821555618,,0.0,,
W00001,development,4,crisis,True,P411,NOISE,mt_winner,,,,0.0,-0.011502368349324289,False,False,,,,screen: never raised (t below screen_t or over the cap),0.46202898550724636,0.012352141339908362,,,109.0,1.4760502566562168,,,0,,,REJECT,False,0.023854509689232653,,0.0,,
W00001,development,4,crisis,True,P412,NOISE,mt_winner,,,,0.0,-0.002508847704075884,False,False,,,,screen: never raised (t below screen_t or over the cap),0.4219354838709677,-0.013345101408218651,,,596.0,-1.2406882986426035,,,0,,,REJECT,False,-0.010836253704142767,,0.0,,
W00001,development,4,crisis,True,P413,NOISE,mt_winner,,,,0.0,0.0018871120767590297,False,False,,,,screen: never raised (t below screen_t or over the cap),0.10368159203980121,0.004795278200024566,,,235.0,0.5896356885524925,,,0,,,REJECT,False,0.002908166123265537,,0.0,,
W00001,development,4,crisis,True,P414,NOISE,mt_winner,,,,0.0,-0.003849731331135366,False,False,,,,screen: never raised (t below screen_t or over the cap),0.1834482758620689,-0.006514345177533798,,,499.0,-0.7081594554998017,,,0,,,REJECT,False,-0.002664613846398432,,0.0,,
W00001,development,4,crisis,True,P415,NOISE,mt_winner,,,,0.041666666666666664,0.007053491144161829,False,False,,,,screen: never raised (t below screen_t or over the cap),0.013024793388429767,0.00318881047672126,,,271.0,0.3547663341907544,,,0,,,REJECT,False,-0.0038646806674405686,,0.0,,
W00001,development,4,crisis,True,P416,NOISE,mt_winner,,,,0.125,0.009303227747557378,False,False,,,,screen: never raised (t below screen_t or over the cap),0.013024793388429767,-0.0029513061244287875,,,439.0,-0.36535303161503757,,,0,,,REJECT,False,-0.012254533871986165,,0.0,,
W00001,development,4,crisis,True,P417,NOISE,mt_winner,,,,0.0,-0.006419505808919724,False,False,,,,screen: never raised (t below screen_t or over the cap),0.013024793388429767,0.001058060182206888,,,321.0,0.12286237522535173,,,0,,,REJECT,False,0.007477565991126612,,0.0,,
W00001,development,4,crisis,True,P418,NOISE,mt_winner,,,,0.0,-0.005730698362012293,False,False,,,,screen: never raised (t below screen_t or over the cap),0.21133858267716543,-0.00998321437379085,,,553.0,-0.9843492707046358,,,0,,,REJECT,False,-0.004252516011778557,,0.0,,
W00001,development,4,crisis,True,P419,NOISE,mt_winner,,,,0.0,-0.0001588216020547592,False,False,,,,screen: never raised (t below screen_t or over the cap),0.1868235294117646,-0.007338791470197448,,,514.0,-0.8584694790950204,,,0,,,REJECT,False,-0.007179969868142688,,0.0,,
W00001,development,4,crisis,True,P420,NOISE,mt_winner,,,,0.0,0.001736408364529076,False,False,,,,screen: never raised (t below screen_t or over the cap),0.013024793388429767,0.0017165032476263997,,,301.0,0.15698523624206043,,,0,,,REJECT,False,-1.9905116902676307e-05,,0.0,,
W00001,development,4,crisis,True,P421,NOISE,mt_winner,,,,0.0,-0.007823002722791371,False,False,,,,screen: never raised (t below screen_t or over the cap),0.013024793388429767,0.0011818094673448076,,,318.0,0.11622415791054921,,,0,,,REJECT,False,0.009004812190136179,,0.0,,
W00001,development,4,crisis,True,P422,NOISE,mt_winner,,,,0.0,-0.0005029259705087358,False,False,,,,screen: never raised (t below screen_t or over the cap),0.3225365853658537,0.012227875527750176,,,110.0,1.2323723990784479,,,0,,,REJECT,False,0.012730801498258911,,0.0,,
W00001,development,4,crisis,True,P423,NOISE,mt_winner,,,,0.0,-0.001760156899382229,False,False,,,,screen: never raised (t below screen_t or over the cap),0.5436521739130434,-0.013749852005661478,,,599.0,-1.7611388431706618,,,0,,,REJECT,False,-0.01198969510627925,,0.0,,
W00001,development,4,crisis,True,P424,NOISE,mt_winner,,,,0.041666666666666664,0.007199942016808473,True,False,,0.0,,"quarantined: QUARANTINED blocked by calibration,identity,leakage,out_of_sample,replication",0.19194244604316557,0.0209072165352893,-1.0,,151.0,0.8655670705079247,0.5833333333333334,QUARANTINED,1,,"calibration,identity,leakage,out_of_sample,replication",QUARANTINE,False,0.013707274518480826,,0.0,,
W00001,development,4,crisis,True,P425,NOISE,mt_winner,,,,0.0,0.004951213439480635,False,False,,,,screen: never raised (t below screen_t or over the cap),0.013024793388429767,0.00193716869618632,,,296.0,0.21763954177228395,,,0,,,REJECT,False,-0.0030140447432943154,,0.0,,
W00001,development,4,crisis,True,P426,NOISE,mt_winner,,,,0.0,-0.0032620497622690993,False,False,,,,screen: never raised (t below screen_t or over the cap),0.04072234762979676,0.004296807562462979,,,246.0,0.42181630442637014,,,0,,,REJECT,False,0.0075588573247320785,,0.0,,
W00001,development,4,crisis,True,P427,NOISE,mt_winner,,,,0.0,-0.005267805702338403,False,False,,,,screen: never raised (t below screen_t or over the cap),0.5469026548672566,-0.01615978986737754,,,609.0,-1.4680613854858335,,,0,,,REJECT,False,-0.010891984165039136,,0.0,,
W00001,development,4,crisis,True,P428,NOISE,mt_winner,,,,0.0,0.0011543515435162436,False,False,,,,screen: never raised (t below screen_t or over the cap),0.0,-0.00040420890363290773,,,364.0,-0.03619094564336836,,,0,,,REJECT,False,-0.0015585604471491513,,0.0,,
W00001,development,4,crisis,True,P429,NOISE,mt_winner,,,,0.0,0.002292112243954585,False,False,,,,screen: never raised (t below screen_t or over the cap),0.04512585812356973,0.004115289927466792,,,248.0,0.3906541917250414,,,0,,,REJECT,False,0.001823177683512207,,0.0,,
W00001,development,4,crisis,True,P430,NOISE,mt_winner,,,,0.0,-0.003945486351565591,False,False,,,,screen: never raised (t below screen_t or over the cap),0.013024793388429767,-0.000695382469975192,,,373.0,-0.11228330531529143,,,0,,,REJECT,False,0.0032501038815903986,,0.0,,
W00001,development,4,crisis,True,P431,NOISE,mt_winner,,,,0.0,-0.007770954574516782,False,False,,,,screen: never raised (t below screen_t or over the cap),0.1868235294117646,-0.009192356853665928,,,547.0,-0.7950448234694572,,,0,,,REJECT,False,-0.001421402279149146,,0.0,,
W00001,development,4,crisis,True,P432,NOISE,mt_winner,,,,0.0,-0.013792773451980603,False,False,,,,screen: never raised (t below screen_t or over the cap),0.5148387096774194,-0.012850448019909033,,,590.0,-1.6213483580091759,,,0,,,REJECT,False,0.0009423254320715703,,0.0,,
W00001,development,4,crisis,True,P433,NOISE,mt_winner,,,,0.0,-0.0035951929965729107,False,False,,,,screen: never raised (t below screen_t or over the cap),0.8079999999999999,-0.022141060355018005,,,632.0,-2.4410048768146044,,,0,,,REJECT,False,-0.018545867358445094,,0.0,,
W00001,development,4,crisis,True,P434,NOISE,mt_winner,,,,0.0,0.007125425313979956,False,False,,,,screen: never raised (t below screen_t or over the cap),0.0,0.00011916165124725708,,,347.0,0.010612647062674856,,,0,,,REJECT,False,-0.007006263662732699,,0.0,,
W00001,development,4,crisis,True,P435,NOISE,mt_winner,,,,0.0,-0.004951026828440902,False,False,,,,screen: never raised (t below screen_t or over the cap),0.05715617715617716,-0.005066950352458077,,,475.0,-0.4373082541236977,,,0,,,REJECT,False,-0.00011592352401717555,,0.0,,
W00001,development,4,crisis,True,P436,NOISE,mt_winner,,,,0.041666666666666664,0.008466454834464393,False,False,,,,screen: never raised (t below screen_t or over the cap),0.556923076923077,0.018062657056256537,,,74.0,1.682043640729444,,,0,,,REJECT,False,0.009596202221792144,,0.0,,
W00001,development,4,crisis,True,P437,NOISE,mt_winner,,,,0.041666666666666664,0.010078940660966144,False,False,,,,screen: never raised (t below screen_t or over the cap),0.04070640176600426,0.004447881637853257,,,242.0,0.43948939217374255,,,0,,,REJECT,False,-0.005631059023112887,,0.0,,
W00001,development,4,crisis,True,P438,NOISE,mt_winner,,,,0.0,-0.0005134069863072017,False,False,,,,screen: never raised (t below screen_t or over the cap),0.07021791767554475,-0.004123387682465562,,,458.0,-0.4163498443318637,,,0,,,REJECT,False,-0.0036099806961583606,,0.0,,
W00001,development,4,crisis,True,P439,NOISE,mt_winner,,,,0.0,-0.0026102120611772844,False,False,,,,screen: never raised (t below screen_t or over the cap),0.013024793388429767,0.002987156402668001,,,275.0,0.276520983728937,,,0,,,REJECT,False,0.005597368463845285,,0.0,,
W00001,development,4,crisis,True,P440,NOISE,mt_winner,,,,0.16666666666666666,0.010809864007298157,True,False,,2.0,,"quarantined: QUARANTINED blocked by calibration,complexity,identity,leakage,out_of_sample,replication,transfer",0.48403100775193797,0.011718826734153934,1.0,,98.0,1.6977915088042774,0.4166666666666667,QUARANTINED,1,,"calibration,complexity,identity,leakage,out_of_sample,replication,transfer",QUARANTINE,False,0.0009089627268557762,,0.0,,
W00001,development,4,crisis,True,P441,NOISE,mt_winner,,,,0.0,-0.005760899296613632,False,False,,,,screen: never raised (t below screen_t or over the cap),0.2472246696035243,-0.009018213269063935,,,545.0,-0.9105001975541057,,,0,,,REJECT,False,-0.003257313972450303,,0.0,,
W00001,development,4,crisis,True,P442,NOISE,mt_winner,,,,0.0,-0.0010411595124343923,False,False,,,,screen: never raised (t below screen_t or over the cap),0.2288524590163935,-0.00871953767202921,,,541.0,-1.0398745700612817,,,0,,,REJECT,False,-0.007678378159594817,,0.0,,
W00001,development,4,crisis,True,P443,NOISE,mt_winner,,,,0.0,-0.004426426672527962,False,False,,,,screen: never raised (t below screen_t or over the cap),0.0,-0.00034140447549052544,,,361.0,-0.04296702286562784,,,0,,,REJECT,False,0.0040850221970374365,,0.0,,
W00001,development,4,crisis,True,P444,NOISE,mt_winner,,,,0.0,-0.0034405993681782955,False,False,,,,screen: never raised (t below screen_t or over the cap),0.19169550173010386,-0.010100763414432556,,,556.0,-0.9104459122498537,,,0,,,REJECT,False,-0.0066601640462542605,,0.0,,
W00001,development,4,crisis,True,P445,NOISE,mt_winner,,,,0.16666666666666666,0.007753252506144082,True,False,,0.0,,"quarantined: QUARANTINED blocked by calibration,complexity,identity,leakage,out_of_sample,replication,transfer",0.21133858267716543,0.014842981811616973,-1.0,,190.0,0.8831686931659544,0.4166666666666667,QUARANTINED,1,,"calibration,complexity,identity,leakage,out_of_sample,replication,transfer",QUARANTINE,False,0.007089729305472891,,0.0,,
W00001,development,4,crisis,True,P446,NOISE,mt_winner,,,,0.0,-0.002522170235058311,False,False,,,,screen: never raised (t below screen_t or over the cap),0.19169550173010386,-0.00839768380365119,,,533.0,-0.891882322580096,,,0,,,REJECT,False,-0.005875513568592879,,0.0,,
W00001,development,4,crisis,True,P447,NOISE,mt_winner,,,,0.0,0.002739858753503163,False,False,,,,screen: never raised (t below screen_t or over the cap),0.19157894736842107,0.010081833348236868,,,134.0,0.9254528973979618,,,0,,,REJECT,False,0.007341974594733705,,0.0,,
W00001,development,4,crisis,True,P448,NOISE,mt_winner,,,,0.0,-0.008332454882302387,False,False,,,,screen: never raised (t below screen_t or over the cap),0.3529281767955801,-0.012533577394879813,,,584.0,-1.248970130240639,,,0,,,REJECT,False,-0.0042011225125774265,,0.0,,
W00001,development,4,crisis,True,P449,NOISE,mt_winner,,,,0.0,-0.0016102136691821388,False,False,,,,screen: never raised (t below screen_t or over the cap),0.23364806866952792,-0.011106729926289527,,,571.0,-1.1808401248298919,,,0,,,REJECT,False,-0.009496516257107387,,0.0,,
W00001,development,4,crisis,True,P450,NOISE,threshold_illusion,,,,0.0,-0.0024792796330609275,False,False,,,,screen: never raised (t below screen_t or over the cap),0.013024793388429767,0.0013471087788815561,,,313.0,0.20614350290093295,,,0,,,REJECT,False,0.0038263884119424836,,0.0,,
W00001,development,4,crisis,True,P451,NOISE,threshold_illusion,,,,0.0,0.003097903153601201,False,False,,,,screen: never raised (t below screen_t or over the cap),0.1868235294117646,0.004913713623863725,,,231.0,0.7453696263042392,,,0,,,REJECT,False,0.0018158104702625235,,0.0,,
W00001,development,4,crisis,True,P452,NOISE,threshold_illusion,,,,0.0,-0.006663563225552317,False,False,,,,screen: never raised (t below screen_t or over the cap),0.7642105263157895,0.008664706387903065,,,158.0,1.8618105486380212,,,0,,,REJECT,False,0.015328269613455382,,0.0,,
W00001,development,4,crisis,True,P453,NOISE,threshold_illusion,,,,0.0,-0.002487658888830418,False,False,,,,screen: never raised (t below screen_t or over the cap),0.013024793388429767,0.0009141738794931076,,,324.0,0.09379583719263979,,,0,,,REJECT,False,0.0034018327683235255,,0.0,,
W00001,development,4,crisis,True,P454,NOISE,threshold_illusion,,,,0.3333333333333333,0.010669485458555958,False,False,,,,screen: never raised (t below screen_t or over the cap),0.21133858267716543,-0.007904224853462871,,,525.0,-1.0045378443013877,,,0,,,REJECT,False,-0.018573710312018828,,0.0,,
W00001,development,4,crisis,True,P455,NOISE,threshold_illusion,,,,0.041666666666666664,0.006230063660640834,False,False,,,,screen: never raised (t below screen_t or over the cap),0.013024793388429767,0.0016767056894356758,,,303.0,0.21760606489512974,,,0,,,REJECT,False,-0.004553357971205158,,0.0,,
W00001,development,4,crisis,True,P456,NOISE,threshold_illusion,,,,0.20833333333333334,0.009631973165966022,True,False,,0.0,,"live: FAILED blocked by calibration,complexity,out_of_sample,replication,risk",0.8698305084745763,0.014891732412053578,-1.0,True,81.0,2.8758249043644453,0.5833333333333334,FAILED,5,,"calibration,complexity,out_of_sample,replication,risk",UNKNOWN,False,0.005259759246087556,,0.0,,
W00001,development,4,crisis,True,P457,NOISE,threshold_illusion,,,,0.0,-0.002661833995401378,False,False,,,,screen: never raised (t below screen_t or over the cap),0.013024793388429767,-0.0008570858535512094,,,376.0,-0.0824080532213175,,,0,,,REJECT,False,0.0018047481418501684,,0.0,,
W00001,development,4,crisis,True,P458,NOISE,threshold_illusion,,,,0.0,0.00045479504011994374,False,False,,,,screen: never raised (t below screen_t or over the cap),0.19157894736842107,0.007520849390063589,,,173.0,0.8488556385472867,,,0,,,REJECT,False,0.007066054349943645,,0.0,,
W00001,development,4,crisis,True,P459,NOISE,threshold_illusion,,,,0.0,-0.0036549671462075533,False,False,,,,screen: never raised (t below screen_t or over the cap),0.1868235294117646,0.004688249125011312,,,237.0,0.7517846363348525,,,0,,,REJECT,False,0.008343216271218866,,0.0,,
W00001,development,4,crisis,True,P460,NOISE,threshold_illusion,,,,0.3333333333333333,0.012751862577426321,False,False,,,,screen: never raised (t below screen_t or over the cap),0.04146118721461178,-0.0033084293866351144,,,448.0,-0.43946354334623144,,,0,,,REJECT,False,-0.016060291964061436,,0.0,,
W00001,development,4,crisis,True,P461,NOISE,threshold_illusion,,,,0.0,0.00035937889624655444,False,False,,,,screen: never raised (t below screen_t or over the cap),0.04512585812356973,0.0014705315803342778,,,311.0,0.32285145425388706,,,0,,,REJECT,False,0.0011111526840877233,,0.0,,
W00001,development,4,crisis,True,P462,NOISE,threshold_illusion,,,,0.0,0.004697591402452221,False,False,,,,screen: never raised (t below screen_t or over the cap),0.4219354838709677,-0.008826718858249705,,,542.0,-1.3305317981506624,,,0,,,REJECT,False,-0.013524310260701927,,0.0,,
W00001,development,4,crisis,True,P463,NOISE,threshold_illusion,,,,0.0,0.0009009671705240569,False,False,,,,screen: never raised (t below screen_t or over the cap),0.013024793388429767,-0.0008695805826944847,,,377.0,-0.14181593897794725,,,0,,,REJECT,False,-0.0017705477532185417,,0.0,,
W00001,development,4,crisis,True,P464,NOISE,threshold_illusion,,,,0.08333333333333333,0.005094876141552497,False,False,,,,screen: never raised (t below screen_t or over the cap),0.6041237113402063,0.010929572271863086,,,123.0,1.7842381220802577,,,0,,,REJECT,False,0.005834696130310589,,0.0,,
W00001,development,4,crisis,True,P465,NOISE,threshold_illusion,,,,0.0,0.0003937602031757756,False,False,,,,screen: never raised (t below screen_t or over the cap),0.20773234200743496,0.0063250393962221985,,,207.0,1.0073692352196795,,,0,,,REJECT,False,0.005931279193046423,,0.0,,
W00001,development,4,crisis,True,P466,NOISE,threshold_illusion,,,,0.0,-0.00931498131323829,False,False,,,,screen: never raised (t below screen_t or over the cap),0.1725070422535212,-0.0051114045443394485,,,477.0,-0.6864971326084633,,,0,,,REJECT,False,0.004203576768898841,,0.0,,
W00001,development,4,crisis,True,P467,NOISE,threshold_illusion,,,,0.0,-0.004240892162635767,False,False,,,,screen: never raised (t below screen_t or over the cap),0.013024793388429767,-0.0013454984243139734,,,392.0,-0.20795253544957845,,,0,,,REJECT,False,0.002895393738321794,,0.0,,
W00001,development,4,crisis,True,P468,NOISE,threshold_illusion,,,,0.0,-0.003970238167328681,False,False,,,,screen: never raised (t below screen_t or over the cap),0.5496296296296297,-0.011874604993596605,,,578.0,-1.9205671230341996,,,0,,,REJECT,False,-0.007904366826267923,,0.0,,
W00001,development,4,crisis,True,P469,NOISE,threshold_illusion,,,,0.0,-0.005106356373549923,False,False,,,,screen: never raised (t below screen_t or over the cap),0.013024793388429767,-0.0005802302380106261,,,368.0,-0.08341332848550793,,,0,,,REJECT,False,0.004526126135539297,,0.0,,
W00001,development,4,crisis,True,P470,NOISE,threshold_illusion,,,,0.0,-0.003942297930872316,False,False,,,,screen: never raised (t below screen_t or over the cap),0.04070640176600426,0.0031421799737457734,,,272.0,0.35612255902337225,,,0,,,REJECT,False,0.007084477904618089,,0.0,,
W00001,development,4,crisis,True,P471,NOISE,threshold_illusion,,,,0.0,-0.011265278417010898,False,False,,,,screen: never raised (t below screen_t or over the cap),0.46202898550724636,-0.008059532760058885,,,526.0,-1.4317135159279446,,,0,,,REJECT,False,0.003205745656952013,,0.0,,
W00001,development,4,crisis,True,P472,NOISE,threshold_illusion,,,,0.0,-0.0006584062871571485,False,False,,,,screen: never raised (t below screen_t or over the cap),0.013024793388429767,0.0013947529407480896,,,312.0,0.2526339738666236,,,0,,,REJECT,False,0.0020531592279052382,,0.0,,
W00001,development,4,crisis,True,P473,NOISE,threshold_illusion,,,,0.0,-0.005683106770288274,False,False,,,,screen: never raised (t below screen_t or over the cap),0.013024793388429767,0.0007598640668210477,,,332.0,0.07831706972100386,,,0,,,REJECT,False,0.006442970837109322,,0.0,,
W00001,development,4,crisis,True,P474,NOISE,threshold_illusion,,,,0.4166666666666667,0.008336573817328621,False,False,,,,screen: never raised (t below screen_t or over the cap),0.12326530612244901,-0.0031870668185003392,,,444.0,-0.5907003373890076,,,0,,,REJECT,False,-0.01152364063582896,,0.0,,
W00001,development,4,crisis,True,P475,NOISE,threshold_illusion,,,,0.0,0.0027764298413258505,False,False,,,,screen: never raised (t below screen_t or over the cap),0.013024793388429767,0.0008925966258426232,,,325.0,0.1286088772346278,,,0,,,REJECT,False,-0.0018838332154832273,,0.0,,
W00001,development,4,crisis,True,P476,NOISE,threshold_illusion,,,,0.0,-0.011308037957094605,False,False,,,,screen: never raised (t below screen_t or over the cap),0.5532075471698114,-0.012633656695907547,,,586.0,-1.620704590215509,,,0,,,REJECT,False,-0.001325618738812942,,0.0,,
W00001,development,4,crisis,True,P477,NOISE,threshold_illusion,,,,0.0,-8.506673702602679e-05,False,False,,,,screen: never raised (t below screen_t or over the cap),0.013024793388429767,-0.002343014582394387,,,422.0,-0.25734430666219427,,,0,,,REJECT,False,-0.00225794784536836,,0.0,,
W00001,development,4,crisis,True,P478,NOISE,threshold_illusion,,,,0.0,-0.009381708227438914,False,False,,,,screen: never raised (t below screen_t or over the cap),0.09085574572127142,0.0036051260077768488,,,263.0,0.483985375898928,,,0,,,REJECT,False,0.012986834235215763,,0.0,,
W00001,development,4,crisis,True,P479,NOISE,threshold_illusion,,,,0.0,-0.0013325844103571553,False,False,,,,screen: never raised (t below screen_t or over the cap),0.12394805194805192,-0.003199512520390857,,,445.0,-0.5775491641448159,,,0,,,REJECT,False,-0.0018669281100337017,,0.0,,
W00001,development,4,crisis,True,P480,NOISE,threshold_illusion,,,,0.0,-0.006820617980742204,False,False,,,,screen: never raised (t below screen_t or over the cap),0.0,-0.00018234449167603417,,,358.0,-0.02701357697285156,,,0,,,REJECT,False,0.00663827348906617,,0.0,,
W00001,development,4,crisis,True,P481,NOISE,threshold_illusion,,,,0.0,-0.00211293454779326,True,False,,0.0,,"quarantined: QUARANTINED blocked by calibration,complexity,identity,leakage,out_of_sample,replication,reproducibility,transfer",0.2078490566037735,0.008559789432060438,1.0,True,193.0,0.8537951171264928,0.3333333333333333,QUARANTINED,1,,"calibration,complexity,identity,leakage,out_of_sample,replication,reproducibility,transfer",QUARANTINE,False,0.010672723979853697,,0.0,,
W00001,development,4,crisis,True,P482,NOISE,threshold_illusion,,,,0.0,0.00018509743519152895,False,False,,,,screen: never raised (t below screen_t or over the cap),0.12926315789473686,-0.005436008425984906,,,482.0,-0.5993844475841134,,,0,,,REJECT,False,-0.005621105861176435,,0.0,,
W00001,development,4,crisis,True,P483,NOISE,threshold_illusion,,,,0.0,0.003952440888573733,False,False,,,,screen: never raised (t below screen_t or over the cap),0.013024793388429767,0.001924212312524598,,,297.0,0.21434970609903714,,,0,,,REJECT,False,-0.0020282285760491346,,0.0,,
W00001,development,4,crisis,True,P484,NOISE,threshold_illusion,,,,0.0,0.0021665284422429237,False,False,,,,screen: never raised (t below screen_t or over the cap),0.0,0.000341179760731114,,,341.0,0.06522917172164691,,,0,,,REJECT,False,-0.0018253486815118097,,0.0,,
W00001,development,4,crisis,True,P485,NOISE,threshold_illusion,,,,0.041666666666666664,-0.0003422706238548417,False,False,,,,screen: never raised (t below screen_t or over the cap),0.013024793388429767,0.0005527575943921059,,,335.0,0.06722952238587779,,,0,,,REJECT,False,0.0008950282182469476,,0.0,,
W00001,development,4,crisis,True,P486,NOISE,threshold_illusion,,,,0.041666666666666664,0.0018511099985894846,False,False,,,,screen: never raised (t below screen_t or over the cap),0.013024793388429767,0.0007662654924732726,,,331.0,0.08267834733537076,,,0,,,REJECT,False,-0.001084844506116212,,0.0,,
W00001,development,4,crisis,True,P487,NOISE,threshold_illusion,,,,0.0,-0.003095552351300898,False,False,,,,screen: never raised (t below screen_t or over the cap),0.2288524590163935,0.007354203077483246,,,178.0,0.9440399996060024,,,0,,,REJECT,False,0.010449755428784143,,0.0,,
W00001,development,4,crisis,True,P488,NOISE,threshold_illusion,,,,0.0,0.004657012681688561,False,False,,,,screen: never raised (t below screen_t or over the cap),0.1868235294117646,0.007117304644177702,,,188.0,0.7863841461190969,,,0,,,REJECT,False,0.002460291962489141,,0.0,,
W00001,development,4,crisis,True,P489,NOISE,threshold_illusion,,,,0.0,-0.010208974097414135,False,False,,,,screen: never raised (t below screen_t or over the cap),0.17176470588235293,-0.005919394173845016,,,492.0,-0.5607837267160419,,,0,,,REJECT,False,0.004289579923569119,,0.0,,
W00001,development,4,crisis,True,P490,NOISE,near_pattern,,,,0.0,-0.005253916664047792,False,False,,,,screen: never raised (t below screen_t or over the cap),0.19157894736842107,0.0075902460750625345,,,171.0,0.9417591296336556,,,0,,,REJECT,False,0.012844162739110328,,0.0,,
W00001,development,4,crisis,True,P491,NOISE,near_pattern,,,,0.041666666666666664,0.006707184974086438,False,False,,,,screen: never raised (t below screen_t or over the cap),0.1868235294117646,0.007419246686313108,,,176.0,0.7993403157622042,,,0,,,REJECT,False,0.00071206171222667,,0.0,,
W00001,development,4,crisis,True,P492,NOISE,near_pattern,,,,0.0,-0.004295971482680184,False,False,,,,screen: never raised (t below screen_t or over the cap),0.013024793388429767,0.0009981388887734255,,,322.0,0.11590684029596476,,,0,,,REJECT,False,0.0052941103714536095,,0.0,,
W00001,development,4,crisis,True,P493,NOISE,near_pattern,,,,0.0,-0.003127222008114514,False,False,,,,screen: never raised (t below screen_t or over the cap),0.8079999999999999,-0.018248522296914982,,,618.0,-2.248715902903607,,,0,,,REJECT,False,-0.015121300288800467,,0.0,,
W00001,development,4,crisis,True,P494,NOISE,near_pattern,,,,0.0,-0.001128032183399504,False,False,,,,screen: never raised (t below screen_t or over the cap),0.013024793388429767,-0.0028631501742793497,,,437.0,-0.33343352105416857,,,0,,,REJECT,False,-0.0017351179908798456,,0.0,,
W00001,development,4,crisis,True,P495,NOISE,near_pattern,,,,0.0,-0.0028857648807728634,False,False,,,,screen: never raised (t below screen_t or over the cap),0.2288524590163935,-0.008945782655240875,,,544.0,-0.977646168579769,,,0,,,REJECT,False,-0.006060017774468011,,0.0,,
W00001,development,4,crisis,True,P496,NOISE,near_pattern,,,,0.0,0.005629308700901552,False,False,,,,screen: never raised (t below screen_t or over the cap),0.2557466063348416,0.009999017244684882,,,136.0,1.1858075886652544,,,0,,,REJECT,False,0.004369708543783331,,0.0,,
W00001,development,4,crisis,True,P497,NOISE,near_pattern,,,,0.0,-0.004564331170533369,False,False,,,,screen: never raised (t below screen_t or over the cap),0.239825327510917,-0.008375982168484453,,,532.0,-1.0827159249871743,,,0,,,REJECT,False,-0.0038116509979510835,,0.0,,
W00001,development,4,crisis,True,P498,NOISE,near_pattern,,,,0.0,-0.010289027910649937,False,False,,,,screen: never raised (t below screen_t or over the cap),0.2581818181818182,-0.007771066816428862,,,521.0,-0.9834367471096109,,,0,,,REJECT,False,0.0025179610942210745,,0.0,,
W00001,development,4,crisis,True,P499,NOISE,near_pattern,,,,0.0,-0.01203732851031576,False,False,,,,screen: never raised (t below screen_t or over the cap),0.013024793388429767,0.003026341105543562,,,274.0,0.32658692414588003,,,0,,,REJECT,False,0.015063669615859322,,0.0,,
W00001,development,4,crisis,True,P500,NOISE,near_pattern,,,,0.125,0.007817507326172052,False,False,,,,screen: never raised (t below screen_t or over the cap),0.013024793388429767,-0.0012014976496470542,,,389.0,-0.08676823686415604,,,0,,,REJECT,False,-0.009019004975819107,,0.0,,
W00001,development,4,crisis,True,P501,NOISE,near_pattern,,,,0.0,-0.006258878731126189,True,False,,1.0,,"quarantined: QUARANTINED blocked by calibration,complexity,identity,leakage,out_of_sample,replication,transfer",0.5295726495726496,0.012025719850789502,-1.0,False,112.0,1.740636810828685,0.5,QUARANTINED,4,,"calibration,complexity,identity,leakage,out_of_sample,replication,transfer",QUARANTINE,False,0.018284598581915692,,0.0,,
W00001,development,4,crisis,True,P502,NOISE,near_pattern,,,,0.0,0.004577955859984573,False,False,,,,screen: never raised (t below screen_t or over the cap),0.013024793388429767,-0.0018353873928917408,,,403.0,-0.1719327882796465,,,0,,,REJECT,False,-0.006413343252876314,,0.0,,
W00001,development,4,crisis,True,P503,NOISE,near_pattern,,,,0.125,0.010119431864841063,False,False,,,,screen: never raised (t below screen_t or over the cap),0.013024793388429767,-0.001115696826388901,,,383.0,-0.16402125395960468,,,0,,,REJECT,False,-0.011235128691229964,,0.0,,
W00001,development,4,crisis,True,P504,NOISE,near_pattern,,,,0.0,0.002532341075009369,False,False,,,,screen: never raised (t below screen_t or over the cap),0.3377114427860697,0.009996668196582847,,,137.0,1.5155790972250673,,,0,,,REJECT,False,0.0074643271215734785,,0.0,,
W00001,development,4,crisis,True,P505,NOISE,near_pattern,,,,0.125,0.010370761875254231,False,False,,,,screen: never raised (t below screen_t or over the cap),0.14666666666666672,-0.00650280559595523,,,498.0,-0.6336310496528712,,,0,,,REJECT,False,-0.01687356747120946,,0.0,,
W00001,development,4,crisis,True,P506,NOISE,near_pattern,,,,0.0,-0.0011283612285645714,False,False,,,,screen: never raised (t below screen_t or over the cap),0.013024793388429767,-0.0020287182973642293,,,410.0,-0.1990295188131484,,,0,,,REJECT,False,-0.0009003570687996579,,0.0,,
W00001,development,4,crisis,True,P507,NOISE,near_pattern,,,,0.0,-0.004345204013912132,False,False,,,,screen: never raised (t below screen_t or over the cap),0.013024793388429767,0.0007737082345087298,,,330.0,0.07733419762023382,,,0,,,REJECT,False,0.005118912248420862,,0.0,,
W00001,development,4,crisis,True,P508,NOISE,near_pattern,,,,0.0,-0.0007852778850746164,False,False,,,,screen: never raised (t below screen_t or over the cap),0.013024793388429767,-0.0032683372180415393,,,446.0,-0.2979971740610908,,,0,,,REJECT,False,-0.002483059332966923,,0.0,,
W00001,development,4,crisis,True,P509,NOISE,near_pattern,,,,0.0,-0.006691446649515274,False,False,,,,screen: never raised (t below screen_t or over the cap),0.013024793388429767,-0.0011044671261972727,,,382.0,-0.13378346562665605,,,0,,,REJECT,False,0.0055869795233180015,,0.0,,
W00001,development,4,crisis,True,P510,NOISE,near_pattern,,,,0.0,-0.0015179731278520481,False,False,,,,screen: never raised (t below screen_t or over the cap),0.6199999999999999,-0.017712786067867803,,,616.0,-2.08415213447115,,,0,,,REJECT,False,-0.016194812940015756,,0.0,,
W00001,development,4,crisis,True,P511,NOISE,near_pattern,,,,0.0,0.0011497264835188944,False,False,,,,screen: never raised (t below screen_t or over the cap),0.013024793388429767,-0.0021953784976479485,,,413.0,-0.26753589401665573,,,0,,,REJECT,False,-0.003345104981166843,,0.0,,
W00001,development,4,crisis,True,P512,NOISE,near_pattern,,,,0.0,-0.0022967644180836464,False,False,,,,screen: never raised (t below screen_t or over the cap),0.013024793388429767,-0.0005698832008809718,,,367.0,-0.08758116601844465,,,0,,,REJECT,False,0.0017268812172026747,,0.0,,
W00001,development,4,crisis,True,P513,NOISE,near_pattern,,,,0.0,0.0010508246326543349,False,False,,,,screen: never raised (t below screen_t or over the cap),0.19476363636363636,0.007943879803386844,,,164.0,0.9149094802658339,,,0,,,REJECT,False,0.006893055170732509,,0.0,,
W00001,development,4,crisis,True,P514,NOISE,near_pattern,,,,0.0,-0.016858397166510598,True,False,,2.0,,"quarantined: QUARANTINED blocked by calibration,complexity,identity,leakage,out_of_sample,replication,transfer",0.6421505376344085,0.016939667247265214,-1.0,False,72.0,2.227460579583872,0.5833333333333334,QUARANTINED,3,,"calibration,complexity,identity,leakage,out_of_sample,replication,transfer",QUARANTINE,False,0.03379806441377581,,0.0,,
W00001,development,4,crisis,True,P515,NOISE,near_pattern,,,,0.0,-0.0017435332194188642,False,False,,,,screen: never raised (t below screen_t or over the cap),0.19169550173010386,-0.0065863300754488985,,,500.0,-0.8743903064221337,,,0,,,REJECT,False,-0.004842796856030034,,0.0,,
W00001,development,4,crisis,True,P516,NOISE,near_pattern,,,,0.25,0.01159556528122495,False,False,,,,screen: never raised (t below screen_t or over the cap),0.2538116591928251,0.009484357813635658,,,147.0,0.9774640889480577,,,0,,,REJECT,False,-0.0021112074675892923,,0.0,,
W00001,development,4,crisis,True,P517,NOISE,near_pattern,,,,0.0,0.0032660984927551933,False,False,,,,screen: never raised (t below screen_t or over the cap),0.1834482758620689,-0.00826833273759403,,,530.0,-0.7344965251716855,,,0,,,REJECT,False,-0.011534431230349224,,0.0,,
W00001,development,4,crisis,True,P518,NOISE,near_pattern,,,,0.041666666666666664,0.00646244209722987,False,False,,,,screen: never raised (t below screen_t or over the cap),0.3377114427860697,0.00785075272508251,,,166.0,1.0910070774837457,,,0,,,REJECT,False,0.0013883106278526408,,0.0,,
W00001,development,4,crisis,True,P519,NOISE,near_pattern,,,,0.25,0.008710008547516558,False,False,,,,screen: never raised (t below screen_t or over the cap),0.1725070422535212,0.00665386307626481,,,201.0,0.7072296499125952,,,0,,,REJECT,False,-0.0020561454712517482,,0.0,,
W00001,development,4,crisis,True,P520,NOISE,adversarial_near,moderate,,,0.0,0.0009062181478814688,False,False,,,,screen: never raised (t below screen_t or over the cap),0.013024793388429767,-0.0011793653255458003,,,386.0,-0.132337943969554,,,0,P071,,REJECT,False,-0.002085583473427269,,0.0,,False
W00001,development,4,crisis,True,P521,NOISE,adversarial_near,subtle,,,0.0,-0.00371025034381683,False,False,,,,screen: never raised (t below screen_t or over the cap),0.013024793388429767,0.0013461954381946972,,,314.0,0.1933894036460558,,,0,P057,,REJECT,False,0.005056445782011527,,0.0,,False
W00001,development,4,crisis,True,P522,NOISE,adversarial_near,extremely_subtle,,,0.0,-0.004405392444674221,False,False,,,,screen: never raised (t below screen_t or over the cap),0.013024793388429767,-0.0023348076828201836,,,421.0,-0.21904741634623442,,,0,P069,,REJECT,False,0.0020705847618540376,,0.0,,False
W00001,development,4,crisis,True,P523,NOISE,adversarial_near,extremely_subtle,,,0.0,-0.0022079366199619656,False,False,,,,screen: never raised (t below screen_t or over the cap),0.5951020408163266,-0.01092852223356211,,,569.0,-1.935021875710604,,,0,P064,,REJECT,False,-0.008720585613600144,,0.0,,False
W00001,development,4,crisis,True,P524,NOISE,adversarial_near,subtle,,,0.0,-0.004630715260423758,False,False,,,,screen: never raised (t below screen_t or over the cap),0.1409625668449198,-0.005862422902358666,,,491.0,-0.6475538894511573,,,0,P012,,REJECT,False,-0.0012317076419349083,,0.0,,False
W00001,development,4,crisis,True,P525,NOISE,adversarial_near,moderate,,,0.0,-0.0161972649814591,False,False,,,,screen: never raised (t below screen_t or over the cap),0.2472246696035243,-0.01155751244017722,,,575.0,-1.1133916094526801,,,0,P011,,REJECT,False,0.004639752541281881,,0.0,,False
W00001,development,4,crisis,True,P526,NOISE,adversarial_near,moderate,,,0.0,-0.0011447559898922189,False,False,,,,screen: never raised (t below screen_t or over the cap),0.4219354838709677,-0.013041199004298565,,,594.0,-1.3367576724240222,,,0,P071,,REJECT,False,-0.011896443014406346,,0.0,,False
W00001,development,4,crisis,True,P527,NOISE,adversarial_near,moderate,,,0.0,-0.004495259611163159,False,False,,,,screen: never raised (t below screen_t or over the cap),0.4219354838709677,-0.01347340769715244,,,598.0,-1.4537939679395258,,,0,P011,,REJECT,False,-0.00897814808598928,,0.0,,False
W00001,development,4,crisis,True,P528,NOISE,adversarial_near,extremely_subtle,,,0.0,-0.005706360304957368,False,False,,,,screen: never raised (t below screen_t or over the cap),0.013024793388429767,0.004048942855235826,,,249.0,0.33616723563754747,,,0,P074,,REJECT,False,0.009755303160193195,,0.0,,False
W00001,development,4,crisis,True,P529,NOISE,adversarial_near,moderate,,,0.0,-3.707320158620434e-05,False,False,,,,screen: never raised (t below screen_t or over the cap),0.12326530612244901,-0.004197964709741264,,,462.0,-0.492850971965116,,,0,P017,,REJECT,False,-0.00416089150815506,,0.0,,False
W00001,development,4,crisis,True,P530,NOISE,adversarial_near,faint,,,0.0,-0.0016507594279713776,False,False,,,,screen: never raised (t below screen_t or over the cap),0.013024793388429767,-0.0021233750836310294,,,412.0,-0.2962209356116192,,,0,P008,,REJECT,False,-0.0004726156556596518,,0.0,,False
W00001,development,4,crisis,True,P531,NOISE,adversarial_near,extremely_subtle,,,0.0,-0.00034141906828706576,False,False,,,,screen: never raised (t below screen_t or over the cap),0.5532075471698114,-0.01616972151196505,,,610.0,-1.8859621556903268,,,0,P014,,REJECT,False,-0.015828302443677986,,0.0,,False
W00001,development,4,crisis,True,P532,NOISE,adversarial_near,faint,,,0.0,0.005162278741523503,False,False,,,,screen: never raised (t below screen_t or over the cap),0.04072234762979676,0.0038502233607036196,,,256.0,0.4069289146384305,,,0,P013,,REJECT,False,-0.0013120553808198838,,0.0,,False
W00001,development,4,crisis,True,P533,NOISE,adversarial_near,extremely_subtle,,,0.0,-0.001217486756816066,False,False,,,,screen: never raised (t below screen_t or over the cap),0.0,-0.00019672953093680112,,,359.0,-0.020235640593475063,,,0,P069,,REJECT,False,0.001020757225879265,,0.0,,False
W00001,development,4,crisis,True,P534,NOISE,adversarial_near,obvious,,,0.0,0.0034707717226543293,True,False,,0.0,,"quarantined: QUARANTINED blocked by calibration,complexity,identity,leakage,out_of_sample,replication,transfer",0.013024793388429767,0.014335994199017826,-1.0,True,334.0,0.08181163139354833,0.6666666666666666,QUARANTINED,2,P010,"calibration,complexity,identity,leakage,out_of_sample,replication,transfer",QUARANTINE,False,0.010865222476363496,,0.0,,False
W00001,development,4,crisis,True,P535,NOISE,adversarial_near,obvious,,,0.08333333333333333,0.008549173744465934,False,False,,,,screen: never raised (t below screen_t or over the cap),0.1271204188481675,0.006269885095997796,,,210.0,0.6076272778524031,,,0,P010,,REJECT,False,-0.0022792886484681377,,0.0,,False
W00001,development,4,crisis,True,P536,NOISE,adversarial_near,faint,,,0.0,-0.004023618704451401,False,False,,,,screen: never raised (t below screen_t or over the cap),0.31961165048543694,-0.010281391257540351,,,562.0,-1.0492016836745548,,,0,P008,,REJECT,False,-0.00625777255308895,,0.0,,False
W00001,development,4,crisis,True,P537,NOISE,adversarial_near,subtle,,,0.25,0.010524389273832212,False,False,,,,screen: never raised (t below screen_t or over the cap),0.2288524590163935,0.007259734500618453,,,182.0,0.9086762124834563,,,0,P019,,REJECT,False,-0.003264654773213759,,0.0,,False
W00001,development,4,crisis,True,P538,NOISE,adversarial_near,moderate,,,0.0,0.0017240534089576897,False,False,,,,screen: never raised (t below screen_t or over the cap),0.013024793388429767,-0.0024305083371654046,,,425.0,-0.2658998392443438,,,0,P066,,REJECT,False,-0.004154561746123094,,0.0,,False
W00001,development,4,crisis,True,P539,NOISE,adversarial_near,subtle,,,0.0,-0.0028537593178841066,False,False,,,,screen: never raised (t below screen_t or over the cap),0.013024793388429767,-0.0011793508040274236,,,385.0,-0.10975731184750465,,,0,P012,,REJECT,False,0.001674408513856683,,0.0,,False
W00001,development,4,crisis,True,P540,NOISE,adversarial_near,extremely_subtle,,,0.08333333333333333,0.008485331604331807,False,False,,,,screen: never raised (t below screen_t or over the cap),0.8348387096774194,-0.01951934426129659,,,625.0,-2.2420207081691155,,,0,P014,,REJECT,False,-0.028004675865628395,,0.0,,False
W00001,development,4,crisis,True,P541,NOISE,adversarial_near,extremely_subtle,,,0.0,-0.004010062472151776,False,False,,,,screen: never raised (t below screen_t or over the cap),0.013024793388429767,0.0027906871003485767,,,279.0,0.2822641065292187,,,0,P069,,REJECT,False,0.006800749572500353,,0.0,,False
W00001,development,4,crisis,True,P542,NOISE,adversarial_near,extremely_subtle,,,0.041666666666666664,0.009159613315053581,False,False,,,,screen: never raised (t below screen_t or over the cap),0.1868235294117646,0.006623273919682204,,,202.0,0.7434249424208664,,,0,P069,,REJECT,False,-0.0025363393953713766,,0.0,,False
W00001,development,4,crisis,True,P543,NOISE,adversarial_near,moderate,,,0.0,0.0020386555443328673,False,False,,,,screen: never raised (t below screen_t or over the cap),0.0,0.0003796390714785325,,,340.0,0.04154041071369546,,,0,P017,,REJECT,False,-0.0016590164728543348,,0.0,,False
W00001,development,4,crisis,True,P544,NOISE,adversarial_near,subtle,,,0.16666666666666666,0.011398141687302913,False,False,,,,screen: never raised (t below screen_t or over the cap),0.013024793388429767,0.0035276952021457975,,,265.0,0.3648127051688045,,,0,P012,,REJECT,False,-0.007870446485157116,,0.0,,False
W00001,development,4,crisis,True,P545,NOISE,adversarial_near,extremely_subtle,,,0.0,0.0015458881993825621,False,False,,,,screen: never raised (t below screen_t or over the cap),0.013024793388429767,-0.0016649032132960984,,,399.0,-0.20825604611617862,,,0,P064,,REJECT,False,-0.0032107914126786605,,0.0,,False
W00001,development,4,crisis,True,P546,NOISE,adversarial_near,extremely_subtle,,,0.125,0.009424252345430803,True,False,,1.0,,"quarantined: QUARANTINED blocked by calibration,complexity,identity,leakage,out_of_sample,replication,risk,transfer",0.3529281767955801,0.008613883996798154,-1.0,True,107.0,1.439134825717039,0.5,QUARANTINED,2,P014,"calibration,complexity,identity,leakage,out_of_sample,replication,risk,transfer",QUARANTINE,False,-0.0008103683486326493,,0.0,,False
W00001,development,4,crisis,True,P547,NOISE,adversarial_near,faint,,,0.16666666666666666,0.01020260457335475,False,False,,,,screen: never raised (t below screen_t or over the cap),0.013024793388429767,0.0022803305931711204,,,287.0,0.2844810466120376,,,0,P013,,REJECT,False,-0.00792227398018363,,0.0,,False
W00001,development,4,crisis,True,P548,NOISE,adversarial_near,faint,,,0.0,-0.0015762987323636797,False,False,,,,screen: never raised (t below screen_t or over the cap),0.013024793388429767,0.0026345152907638614,,,280.0,0.2830836479232177,,,0,P063,,REJECT,False,0.004210814023127541,,0.0,,False
W00001,development,4,crisis,True,P549,NOISE,adversarial_near,subtle,,,0.0,-0.004546482146925561,False,False,,,,screen: never raised (t below screen_t or over the cap),0.013024793388429767,-0.0027722328323478984,,,433.0,-0.3068846603427914,,,0,P002,,REJECT,False,0.0017742493145776628,,0.0,,False
W00001,development,4,crisis,True,P550,NOISE,proxy,obvious,,,1.0,0.056581513943002044,True,False,,0.0,,"live: FAILED blocked by calibration,complexity,replication",1.0,0.060509087865450555,1.0,True,27.0,5.774138616073937,0.9166666666666666,FAILED,5,P065,"calibration,complexity,replication",UNKNOWN,False,0.00392757392244851,,0.0,,False
W00001,development,4,crisis,True,P551,NOISE,proxy,extremely_subtle,,,0.0,0.00011101347245737132,False,False,,,,screen: never raised (t below screen_t or over the cap),0.012541254125412404,-0.0006814403924486623,,,371.0,-0.08171730253724395,,,0,P023,,REJECT,False,-0.0007924538649060335,,0.0,,False
W00001,development,4,crisis,True,P552,NOISE,proxy,faint,,,0.7083333333333334,0.01865585594373576,False,False,,,,screen: never raised (t below screen_t or over the cap),0.7696,-0.019428385026179662,,,624.0,-2.1917229875604365,,,0,P003,,REJECT,False,-0.03808424096991542,,0.0,,False
W00001,development,4,crisis,True,P553,NOISE,proxy,moderate,,,1.0,0.044106606073770586,True,False,,0.0,,"live: FAILED blocked by calibration,complexity,replication",1.0,0.03909273603862177,1.0,True,36.0,4.935592205655736,0.8333333333333334,FAILED,5,P066,"calibration,complexity,replication",UNKNOWN,False,-0.005013870035148818,,0.0,,False
W00001,development,4,crisis,True,P554,NOISE,proxy,extremely_subtle,,,0.0,-0.0046384525373742175,False,False,,,,screen: never raised (t below screen_t or over the cap),0.013024793388429767,0.0027988816305891673,,,278.0,0.34231354322658863,,,0,P009,,REJECT,False,0.007437334167963385,,0.0,,False
W00001,development,4,crisis,True,P555,NOISE,proxy,moderate,,,1.0,0.050194105131157164,True,False,,0.0,,"live: FAILED blocked by calibration,complexity,replication",1.0,0.04144294001486037,-1.0,True,33.0,8.229599806996728,0.8333333333333334,FAILED,5,P061,"calibration,complexity,replication",UNKNOWN,False,-0.008751165116296797,,0.0,,False
W00001,development,4,crisis,True,P556,NOISE,proxy,moderate,,,0.3333333333333333,0.013339736167488118,False,False,,,,screen: never raised (t below screen_t or over the cap),0.556923076923077,0.01769916492204926,,,75.0,1.5998571732631817,,,0,P011,,REJECT,False,0.004359428754561141,,0.0,,False
W00001,development,4,crisis,True,P557,NOISE,proxy,moderate,,,0.6666666666666666,0.018808866259264742,True,False,,2.0,,"quarantined: QUARANTINED blocked by calibration,complexity,identity,leakage,out_of_sample,replication,transfer",0.1868235294117646,0.014613594606013304,1.0,True,170.0,0.7631116226834619,0.4166666666666667,QUARANTINED,1,P006,"calibration,complexity,identity,leakage,out_of_sample,replication,transfer",QUARANTINE,False,-0.004195271653251438,,0.0,,False
W00001,development,4,crisis,True,P558,NOISE,proxy,obvious,,,1.0,0.05505542921700785,True,False,,0.0,,"live: FAILED blocked by calibration,replication",1.0,0.0617570163229669,-1.0,True,24.0,6.264537495148823,0.8333333333333334,FAILED,5,P070,"calibration,replication",UNKNOWN,False,0.006701587105959049,,0.0,,False
W00001,development,4,crisis,True,P559,NOISE,proxy,extremely_subtle,,,0.125,0.00845749890457126,False,False,,,,screen: never raised (t below screen_t or over the cap),0.1834482758620689,0.005521757432006336,,,225.0,0.6549525675424192,,,0,P064,,REJECT,False,-0.002935741472564925,,0.0,,False
W00001,development,4,crisis,True,P560,NOISE,proxy,moderate,,,1.0,0.04227011797648537,True,False,,0.0,,"live: FAILED blocked by calibration,complexity,out_of_sample,replication",0.8896551724137931,0.033986521233293376,1.0,True,38.0,2.2732309200066987,0.75,FAILED,5,P071,"calibration,complexity,out_of_sample,replication",UNKNOWN,False,-0.008283596743191991,,0.0,,False
W00001,development,4,crisis,True,P561,NOISE,proxy,obvious,,,1.0,0.03914265371724944,True,False,,1.0,,"live: FAILED blocked by calibration,complexity,replication",0.9847619047619047,0.045307676096015354,-1.0,True,29.0,3.956719049393082,0.75,FAILED,4,P070,"calibration,complexity,replication",UNKNOWN,False,0.006165022378765914,,0.0,,False
W00001,development,4,crisis,True,P562,NOISE,proxy,obvious,,,1.0,0.04551199288846603,True,False,,1.0,,"live: FAILED blocked by calibration,replication",1.0,0.047379649727036004,-1.0,True,28.0,5.262785223524464,0.8333333333333334,FAILED,4,P070,"calibration,replication",UNKNOWN,False,0.0018676568385699727,,0.0,,False
W00001,development,4,crisis,True,P563,NOISE,proxy,extremely_subtle,,,0.041666666666666664,0.007562420259604417,False,False,,,,screen: never raised (t below screen_t or over the cap),0.1443478260869565,-0.005417703820394804,,,481.0,-0.664189372195748,,,0,P023,,REJECT,False,-0.012980124079999222,,0.0,,False
W00001,development,4,crisis,True,P564,NOISE,proxy,subtle,,,0.25,0.011024622416550523,True,False,,2.0,,"quarantined: QUARANTINED blocked by calibration,complexity,identity,leakage,out_of_sample,replication,transfer",0.1964963503649636,0.009461835849547752,-1.0,True,150.0,0.8702291882466545,0.6666666666666666,QUARANTINED,3,P067,"calibration,complexity,identity,leakage,out_of_sample,replication,transfer",QUARANTINE,False,-0.0015627865670027712,,0.0,,False
W00001,development,4,crisis,True,P565,NOISE,selection_bias,,,,0.0,-0.017087912055306728,False,False,,,,screen: never raised (t below screen_t or over the cap),0.1409625668449198,-0.007399034791831016,,,515.0,-0.6114848020358288,,,0,,,REJECT,False,0.009688877263475712,,0.0,,
W00001,development,4,crisis,True,P566,NOISE,selection_bias,,,,0.0,-0.010497726234042293,False,False,,,,screen: never raised (t below screen_t or over the cap),0.013024793388429767,0.002143223513620729,,,290.0,0.16727013695028264,,,0,,,REJECT,False,0.012640949747663022,,0.0,,
W00001,development,4,crisis,True,P567,NOISE,selection_bias,,,,0.0,-0.020774556629861052,False,False,,,,screen: never raised (t below screen_t or over the cap),0.3377114427860697,0.01707396501761338,,,76.0,1.298603008928885,,,0,,,REJECT,False,0.03784852164747443,,0.0,,
W00001,development,4,crisis,True,P568,NOISE,selection_bias,,,,0.0,-0.005375719871089036,False,False,,,,screen: never raised (t below screen_t or over the cap),0.013024793388429767,0.0008921623771374065,,,326.0,0.0811007209931,,,0,,,REJECT,False,0.006267882248226443,,0.0,,
W00001,development,4,crisis,True,P569,NOISE,selection_bias,,,,0.0,-0.010294329704072184,False,False,,,,screen: never raised (t below screen_t or over the cap),0.013024793388429767,-0.0025108782966445364,,,427.0,-0.22347261498560506,,,0,,,REJECT,False,0.0077834514074276474,,0.0,,
W00001,development,4,crisis,True,P570,NOISE,selection_bias,,,,0.0,0.0042874271699741605,False,False,,,,screen: never raised (t below screen_t or over the cap),0.013024793388429767,-0.0022848289799579646,,,417.0,-0.19542886480782248,,,0,,,REJECT,False,-0.006572256149932125,,0.0,,
W00001,development,4,crisis,True,P571,NOISE,selection_bias,,,,0.0,0.004346427326447785,False,False,,,,screen: never raised (t below screen_t or over the cap),0.03367032967032957,0.003988037221248741,,,250.0,0.39633993816945956,,,0,,,REJECT,False,-0.000358390105199044,,0.0,,
W00001,development,4,crisis,True,P572,NOISE,selection_bias,,,,0.0,-0.01915984911633425,False,False,,,,screen: never raised (t below screen_t or over the cap),0.16692737430167592,-0.006901266295756159,,,505.0,-0.6483721126873777,,,0,,,REJECT,False,0.012258582820578092,,0.0,,
W00001,development,4,crisis,True,P573,NOISE,selection_bias,,,,0.08333333333333333,0.0015850466224640051,False,False,,,,screen: never raised (t below screen_t or over the cap),0.013024793388429767,0.0033057994149233716,,,268.0,0.2047924276884854,,,0,,,REJECT,False,0.0017207527924593664,,0.0,,
W00001,development,4,crisis,True,P574,NOISE,selection_bias,,,,0.0,0.00367851274601574,False,False,,,,screen: never raised (t below screen_t or over the cap),0.013024793388429767,-0.0017904510824623965,,,402.0,-0.14305767234935654,,,0,,,REJECT,False,-0.005468963828478137,,0.0,,
W00001,development,4,crisis,True,P575,NOISE,survivor_bias,,,,0.0,0.00047239869863565455,False,False,,,,screen: never raised (t below screen_t or over the cap),0.09085574572127142,-0.004280535052323842,,,463.0,-0.4957631431997761,,,0,,,REJECT,False,-0.004752933750959496,,0.0,,
W00001,development,4,crisis,True,P576,NOISE,survivor_bias,,,,0.0,0.0006888086561445325,False,False,,,,screen: never raised (t below screen_t or over the cap),0.013024793388429767,0.0020115799654116806,,,293.0,0.17231712239266733,,,0,,,REJECT,False,0.001322771309267148,,0.0,,
W00001,development,4,crisis,True,P577,NOISE,survivor_bias,,,,0.5,0.01862727095615584,False,False,,,,screen: never raised (t below screen_t or over the cap),0.0,0.0008460658699895873,,,327.0,0.07360019313322934,,,0,,,REJECT,False,-0.017781205086166253,,0.0,,
W00001,development,4,crisis,True,P578,NOISE,survivor_bias,,,,0.0,0.000745790988820384,False,False,,,,screen: never raised (t below screen_t or over the cap),0.013024793388429767,0.0022922693414234585,,,285.0,0.20031060022060002,,,0,,,REJECT,False,0.0015464783526030743,,0.0,,
W00001,development,4,crisis,True,P579,NOISE,survivor_bias,,,,0.0,0.003348822689870709,False,False,,,,screen: never raised (t below screen_t or over the cap),0.0,0.0004921833577256063,,,336.0,0.04021749210164326,,,0,,,REJECT,False,-0.002856639332145103,,0.0,,
W00001,development,4,crisis,True,P580,NOISE,survivor_bias,,,,0.041666666666666664,0.00612783996869937,True,False,,2.0,,"live: FAILED blocked by calibration,complexity,out_of_sample,replication,transfer",0.485,0.018292341357897278,-1.0,True,77.0,1.44853937021196,0.5833333333333334,FAILED,3,,"calibration,complexity,out_of_sample,replication,transfer",UNKNOWN,False,0.012164501389197908,,0.0,,
W00001,development,4,crisis,True,P581,NOISE,survivor_bias,,,,0.041666666666666664,0.005572174290295103,False,False,,,,screen: never raised (t below screen_t or over the cap),0.1868235294117646,0.007206122208301524,,,183.0,0.6774610647269014,,,0,,,REJECT,False,0.001633947918006421,,0.0,,
W00001,development,4,crisis,True,P582,NOISE,survivor_bias,,,,0.0,-0.011708503333985985,False,False,,,,screen: never raised (t below screen_t or over the cap),0.5148387096774194,0.014904133850137669,,,91.0,1.4914558136815503,,,0,,,REJECT,False,0.026612637184123655,,0.0,,
W00001,development,4,crisis,True,P583,NOISE,survivor_bias,,,,0.0,-0.0030662687340358773,False,False,,,,screen: never raised (t below screen_t or over the cap),0.06992805755395692,-0.004317121803845303,,,466.0,-0.5514233059585865,,,0,,,REJECT,False,-0.0012508530698094257,,0.0,,
W00001,development,4,crisis,True,P584,NOISE,survivor_bias,,,,0.0,0.003140605004125109,True,False,,0.0,,"quarantined: QUARANTINED blocked by calibration,complexity,identity,leakage,out_of_sample,replication,transfer",0.06755980861244026,0.01534040800138853,-1.0,True,251.0,0.4322694327154869,0.4166666666666667,QUARANTINED,1,,"calibration,complexity,identity,leakage,out_of_sample,replication,transfer",QUARANTINE,False,0.01219980299726342,,0.0,,
W00001,development,4,crisis,True,P585,NOISE,survivor_bias,,,,0.0,-0.00022519305264157767,False,False,,,,screen: never raised (t below screen_t or over the cap),0.05715617715617716,-0.005517886002698091,,,484.0,-0.4479979855338935,,,0,,,REJECT,False,-0.005292692950056513,,0.0,,
W00001,development,4,crisis,True,P586,NOISE,survivor_bias,,,,0.0,0.0017284971244501549,False,False,,,,screen: never raised (t below screen_t or over the cap),0.19157894736842107,-0.007719336444525493,,,519.0,-0.9039581623957911,,,0,,,REJECT,False,-0.009447833568975647,,0.0,,
W00001,development,4,crisis,True,P587,NOISE,survivor_bias,,,,0.0,-0.009484860117887312,False,False,,,,screen: never raised (t below screen_t or over the cap),0.3883544303797468,-0.013040469901707819,,,593.0,-1.649443496589408,,,0,,,REJECT,False,-0.0035556097838205063,,0.0,,
W00001,development,4,crisis,True,P588,NOISE,survivor_bias,,,,0.041666666666666664,0.006318182034101067,False,False,,,,screen: never raised (t below screen_t or over the cap),0.3377114427860697,0.010406092210268114,,,129.0,1.2934069929671277,,,0,,,REJECT,False,0.004087910176167047,,0.0,,
W00001,development,4,crisis,True,P589,NOISE,survivor_bias,,,,0.041666666666666664,0.004449517437675904,False,False,,,,screen: never raised (t below screen_t or over the cap),0.013024793388429767,-0.002857964427405213,,,436.0,-0.2335170795553272,,,0,,,REJECT,False,-0.007307481865081117,,0.0,,
W00001,development,4,crisis,True,P590,NOISE,survivor_bias,,,,0.041666666666666664,0.008747868732147236,False,False,,,,screen: never raised (t below screen_t or over the cap),0.013024793388429767,0.0015401095433570378,,,307.0,0.170936523166478,,,0,,,REJECT,False,-0.007207759188790198,,0.0,,
W00001,development,4,crisis,True,P591,NOISE,survivor_bias,,,,0.0,-0.007350483909757404,False,False,,,,screen: never raised (t below screen_t or over the cap),0.4658646616541353,-0.013028184448414248,,,592.0,-1.6390872566846066,,,0,,,REJECT,False,-0.005677700538656845,,0.0,,
W00001,development,4,crisis,True,P592,NOISE,survivor_bias,,,,0.0,-0.01400541735541909,False,False,,,,screen: never raised (t below screen_t or over the cap),0.013024793388429767,-0.0027199648396699083,,,432.0,-0.24802901007440772,,,0,,,REJECT,False,0.01128545251574918,,0.0,,
W00001,development,4,crisis,True,P593,NOISE,survivor_bias,,,,0.4166666666666667,0.01380252011822432,False,False,,,,screen: never raised (t below screen_t or over the cap),0.43503448275862067,0.013163464702601768,,,102.0,1.1936115997244627,,,0,,,REJECT,False,-0.0006390554156225515,,0.0,,
W00001,development,4,crisis,True,P594,NOISE,survivor_bias,,,,0.041666666666666664,0.0014195525469401587,False,False,,,,screen: never raised (t below screen_t or over the cap),0.013024793388429767,-0.0022848367883066545,,,418.0,-0.31929667246601323,,,0,,,REJECT,False,-0.003704389335246813,,0.0,,
W00001,development,4,crisis,True,P595,NOISE,leak,,,,1.0,0.07202760922279314,True,True,0.0,0.0,,promoted,1.0,0.14914492357234646,1.0,True,17.0,18.390610328046538,1.0,PROMOTE,1,,,PROMOTE,False,0.07711731434955332,,0.0,false positive,
W00001,development,4,crisis,True,P596,NOISE,leak,,,,1.0,0.12579445556258442,True,False,,0.0,,"live: FAILED blocked by calibration,risk",1.0,0.22163697306933258,1.0,True,11.0,18.991190959170467,0.8333333333333334,FAILED,5,,"calibration,risk",UNKNOWN,False,0.09584251750674816,,0.0,,
W00001,development,4,crisis,True,P597,NOISE,leak,,,,1.0,0.19012011657577996,True,False,,0.0,,"live: FAILED blocked by calibration,risk",1.0,0.31990040592779195,1.0,True,2.0,40.73329578189912,0.9166666666666666,FAILED,5,,"calibration,risk",UNKNOWN,False,0.129780289352012,,0.0,,
W00001,development,4,crisis,True,P598,NOISE,leak,,,,1.0,0.07516419776241609,True,True,0.0,0.0,,promoted,1.0,0.14453658093499305,1.0,True,19.0,15.00769932449636,1.0,PROMOTE,1,,,PROMOTE,False,0.06937238317257696,,0.0,false positive,
W00001,development,4,crisis,True,P599,NOISE,leak,,,,1.0,0.13533077273127742,True,False,,0.0,,live: FAILED blocked by calibration,1.0,0.2287327403605398,1.0,True,9.0,31.530118240975153,0.9166666666666666,FAILED,5,,calibration,UNKNOWN,False,0.0934019676292624,,0.0,,
W00001,development,4,crisis,True,P600,NOISE,leak,,,,1.0,0.19684636282911924,True,False,,0.0,,"live: FAILED blocked by calibration,replication",1.0,0.32683988483172355,1.0,True,0.0,50.73971390824169,0.9166666666666666,FAILED,5,,"calibration,replication",UNKNOWN,False,0.1299935220026043,,0.0,,
W00001,development,4,crisis,True,P601,NOISE,leak,,,,1.0,0.07902088014418371,True,False,,0.0,,"live: FAILED blocked by calibration,risk",1.0,0.1391241968440735,1.0,True,14.0,17.34056830836933,0.9166666666666666,FAILED,5,,"calibration,risk",UNKNOWN,False,0.0601033166998898,,0.0,,
W00001,development,4,crisis,True,P602,NOISE,leak,,,,1.0,0.13250449044568105,True,False,,0.0,,"live: FAILED blocked by calibration,replication,risk",1.0,0.22830990630116133,1.0,True,7.0,28.733669543518978,0.8333333333333334,FAILED,5,,"calibration,replication,risk",UNKNOWN,False,0.09580541585548027,,0.0,,
W00001,development,4,crisis,True,P603,NOISE,leak,,,,1.0,0.1866153512673736,True,False,,0.0,,live: FAILED blocked by calibration,1.0,0.31462108105866904,1.0,True,5.0,41.26973192772611,0.9166666666666666,FAILED,5,,calibration,UNKNOWN,False,0.12800572979129543,,0.0,,
W00001,development,4,crisis,True,P604,NOISE,leak,,,,1.0,0.0843668342378942,True,True,0.0,0.0,,promoted,1.0,0.14814737259929134,1.0,True,15.0,21.90396685435767,1.0,PROMOTE,1,,,PROMOTE,False,0.06378053836139713,,0.0,false positive,
W00001,development,4,crisis,True,P605,NOISE,leak,,,,1.0,0.13047382621545126,True,False,,0.0,,"live: FAILED blocked by calibration,risk",1.0,0.2265827651162703,1.0,True,8.0,20.125980001296707,0.9166666666666666,FAILED,5,,"calibration,risk",UNKNOWN,False,0.09610893890081904,,0.0,,
W00001,development,4,crisis,True,P606,NOISE,leak,,,,1.0,0.180302619110101,True,False,,0.0,,"live: FAILED blocked by calibration,risk",1.0,0.3166085808826375,1.0,True,4.0,33.54037655432683,0.9166666666666666,FAILED,5,,"calibration,risk",UNKNOWN,False,0.13630596177253648,,0.0,,
W00001,development,4,crisis,True,P607,NOISE,leak,,,,1.0,0.07421657727511187,True,True,0.0,0.0,,promoted,1.0,0.1410242766135953,1.0,True,16.0,15.162848944686855,1.0,PROMOTE,1,,,PROMOTE,False,0.06680769933848342,,0.0,false positive,
W00001,development,4,crisis,True,P608,NOISE,leak,,,,1.0,0.1391288869398819,True,False,,0.0,,"live: FAILED blocked by calibration,risk",1.0,0.23508510875595628,1.0,True,6.0,24.05247901098582,0.9166666666666666,FAILED,5,,"calibration,risk",UNKNOWN,False,0.09595622181607438,,0.0,,
W00001,development,4,crisis,True,P609,NOISE,leak,,,,1.0,0.1920763035134488,True,False,,0.0,,"live: FAILED blocked by calibration,replication",1.0,0.32253681700074616,1.0,True,1.0,60.49853870341076,0.8333333333333334,FAILED,5,,"calibration,replication",UNKNOWN,False,0.13046051348729737,,0.0,,
W00001,development,4,crisis,True,P610,NOISE,leak,,,,1.0,0.06894807937435705,True,False,,0.0,,"live: FAILED blocked by calibration,replication",1.0,0.11107961283617199,1.0,True,20.0,9.816877782502111,0.9166666666666666,FAILED,5,,"calibration,replication",UNKNOWN,False,0.04213153346181493,,0.0,,
W00001,development,4,crisis,True,P611,NOISE,leak,,,,1.0,0.13535609216113198,True,True,0.0,0.0,,promoted,1.0,0.24349331003197883,1.0,True,10.0,31.554565021150076,1.0,PROMOTE,1,,,PROMOTE,False,0.10813721787084685,,0.0,false positive,
W00001,development,4,crisis,True,P612,NOISE,leak,,,,1.0,0.18679001241290485,True,False,,0.0,,"live: FAILED blocked by calibration,risk",1.0,0.31658294375455537,1.0,True,3.0,41.22271114483259,0.9166666666666666,FAILED,5,,"calibration,risk",UNKNOWN,False,0.1297929313416505,,0.0,,
W00001,development,4,crisis,True,P613,NOISE,leak,,,,1.0,0.07412185661275687,True,True,0.0,0.0,,promoted,1.0,0.13833969284570063,1.0,True,18.0,18.017915372435045,1.0,PROMOTE,1,,,PROMOTE,False,0.06421783623294376,,0.0,false positive,
W00001,development,4,crisis,True,P614,NOISE,leak,,,,1.0,0.1285831803370488,True,False,,0.0,,live: FAILED blocked by calibration,1.0,0.21885109600539598,1.0,True,12.0,19.212811058010328,0.9166666666666666,FAILED,5,,calibration,UNKNOWN,False,0.09026791566834719,,0.0,,
W00001,development,4,crisis,True,P615,NOISE,base_null,,,,,,False,False,,,,screen: never raised (t below screen_t or over the cap),0.384,0.01570881822936121,,,84.0,1.8018672368291295,,,0,,,REJECT,False,,,0.0,,
W00001,development,4,crisis,True,P616,NOISE,base_null,,,,,,False,False,,,,screen: never raised (t below screen_t or over the cap),0.2472246696035243,0.012060547765878171,,,113.0,1.2157427744484708,,,0,,,REJECT,False,,,0.0,,
W00001,development,4,crisis,True,P617,NOISE,base_null,,,,,,False,False,,,,screen: never raised (t below screen_t or over the cap),0.0,-7.284251964978505e-05,,,354.0,-0.008586533103389237,,,0,,,REJECT,False,,,0.0,,
W00001,development,4,crisis,True,P618,NOISE,base_null,,,,,,False,False,,,,screen: never raised (t below screen_t or over the cap),0.12438642297650127,0.0061687330001130025,,,211.0,0.6032347484159339,,,0,,,REJECT,False,,,0.0,,
W00001,development,4,crisis,True,P619,NOISE,base_null,,,,,,False,False,,,,screen: never raised (t below screen_t or over the cap),0.4219354838709677,-0.012818466276205698,,,589.0,-1.2910393506106148,,,0,,,REJECT,False,,,0.0,,
W00001,development,4,crisis,True,P620,NOISE,base_null,,,,,,False,False,,,,screen: never raised (t below screen_t or over the cap),0.14608219178082194,-0.0054714412807615465,,,483.0,-0.5167725853982506,,,0,,,REJECT,False,,,0.0,,
W00001,development,4,crisis,True,P621,NOISE,base_null,,,,,,False,False,,,,screen: never raised (t below screen_t or over the cap),0.013024793388429767,-0.0036772261484218083,,,454.0,-0.2730913204556748,,,0,,,REJECT,False,,,0.0,,
W00001,development,4,crisis,True,P622,NOISE,base_null,,,,,,False,False,,,,screen: never raised (t below screen_t or over the cap),0.19169550173010386,-0.009731773291739687,,,549.0,-0.7570016247327584,,,0,,,REJECT,False,,,0.0,,
W00001,development,4,crisis,True,P623,NOISE,base_null,,,,,,False,False,,,,screen: never raised (t below screen_t or over the cap),0.1868235294117646,-0.009122461049822506,,,546.0,-0.7564283276869517,,,0,,,REJECT,False,,,0.0,,
W00001,development,4,crisis,True,P624,NOISE,base_null,,,,,,False,False,,,,screen: never raised (t below screen_t or over the cap),0.31692307692307686,-0.012534880161696238,,,585.0,-1.062361521097274,,,0,,,REJECT,False,,,0.0,,
W00001,development,4,crisis,True,P625,NOISE,base_null,,,,,,True,False,,0.0,,"quarantined: QUARANTINED blocked by calibration,complexity,identity,leakage,out_of_sample,replication,risk,transfer",0.013024793388429767,0.013899433048612568,1.0,True,380.0,-0.12790070841433596,0.3333333333333333,QUARANTINED,1,,"calibration,complexity,identity,leakage,out_of_sample,replication,risk,transfer",QUARANTINE,False,,,0.0,,
W00001,development,4,crisis,True,P626,NOISE,base_null,,,,,,False,False,,,,screen: never raised (t below screen_t or over the cap),0.06214797136038186,-0.004184177584710347,,,461.0,-0.4916018138363559,,,0,,,REJECT,False,,,0.0,,
W00001,development,4,crisis,True,P627,NOISE,base_null,,,,,,False,False,,,,screen: never raised (t below screen_t or over the cap),0.0,0.0,,,351.0,0.0,,,0,,,REJECT,False,,,0.0,,
W00001,development,4,crisis,True,P628,NOISE,base_null,,,,,,False,False,,,,screen: never raised (t below screen_t or over the cap),0.0,0.0,,,353.0,0.0,,,0,,,REJECT,False,,,0.0,,
W00001,development,4,crisis,True,P629,NOISE,base_null,,,,,,False,False,,,,screen: never raised (t below screen_t or over the cap),0.4219354838709677,-0.014542849160828875,,,604.0,-1.2581838973909862,,,0,,,REJECT,False,,,0.0,,
W00001,development,4,crisis,True,P630,NOISE,base_null,,,,,,False,False,,,,screen: never raised (t below screen_t or over the cap),0.0,0.0,,,352.0,0.0,,,0,,,REJECT,False,,,0.0,,
W00001,development,4,crisis,True,P631,NOISE,base_null,,,,,,False,False,,,,screen: never raised (t below screen_t or over the cap),0.1382010582010582,0.007581947338044626,,,172.0,0.5999249761298039,,,0,,,REJECT,False,,,0.0,,
W00001,development,4,crisis,True,P632,NOISE,base_null,,,,,,False,False,,,,screen: never raised (t below screen_t or over the cap),0.013024793388429767,0.0015492375219331445,,,306.0,0.17185494247508717,,,0,,,REJECT,False,,,0.0,,
W00001,development,4,crisis,True,P633,NOISE,base_null,,,,,,False,False,,,,screen: never raised (t below screen_t or over the cap),0.1868235294117646,0.007476024160776751,,,174.0,0.6587993189315886,,,0,,,REJECT,False,,,0.0,,
W00001,development,4,crisis,True,P634,NOISE,base_null,,,,,,False,False,,,,screen: never raised (t below screen_t or over the cap),0.013024793388429767,0.0007310128393627213,,,333.0,0.0767788329547291,,,0,,,REJECT,False,,,0.0,,
W00001,development,4,crisis,True,P635,NOISE,base_null,,,,,,False,False,,,,screen: never raised (t below screen_t or over the cap),0.013024793388429767,0.0031323441877222358,,,273.0,0.3024758160224307,,,0,,,REJECT,False,,,0.0,,
W00001,development,4,crisis,True,P636,NOISE,base_null,,,,,,False,False,,,,screen: never raised (t below screen_t or over the cap),0.013024793388429767,-0.001021806179572038,,,379.0,-0.09290325686781004,,,0,,,REJECT,False,,,0.0,,
W00001,development,4,crisis,True,P637,NOISE,base_null,,,,,,False,False,,,,screen: never raised (t below screen_t or over the cap),0.04072892938496586,-0.0047276840696040545,,,469.0,-0.43218436186864323,,,0,,,REJECT,False,,,0.0,,
W00001,development,4,crisis,True,P638,NOISE,base_null,,,,,,False,False,,,,screen: never raised (t below screen_t or over the cap),0.09739557739557747,-0.004977938309223218,,,473.0,-0.6005118766993242,,,0,,,REJECT,False,,,0.0,,
W00001,development,4,crisis,True,P639,NOISE,base_null,,,,,,False,False,,,,screen: never raised (t below screen_t or over the cap),0.09739557739557747,-0.004977938309223218,,,474.0,-0.6005118766993242,,,0,,,REJECT,False,,,0.0,,
W00001,development,4,crisis,True,P640,NOISE,base_null,,,,,,True,False,,0.0,,"live: FAILED blocked by calibration,complexity,out_of_sample,replication",0.7292307692307692,0.02104798738508056,1.0,True,68.0,2.1793489159704458,0.75,FAILED,5,,"calibration,complexity,out_of_sample,replication",UNKNOWN,False,,,0.0,,
W00001,development,4,crisis,True,P641,NOISE,base_null,,,,,,False,False,,,,screen: never raised (t below screen_t or over the cap),0.013024793388429767,0.002861335918632135,,,276.0,0.3183606489805129,,,0,,,REJECT,False,,,0.0,,
W00001,development,4,crisis,True,P642,NOISE,base_null,,,,,,False,False,,,,screen: never raised (t below screen_t or over the cap),0.3529281767955801,0.008988501332232945,,,152.0,1.0152834694441324,,,0,,,REJECT,False,,,0.0,,
W00001,development,4,crisis,True,P643,NOISE,base_null,,,,,,False,False,,,,screen: never raised (t below screen_t or over the cap),0.10114143920595542,0.002423323439969427,,,284.0,0.6066790091289995,,,0,,,REJECT,False,,,0.0,,
W00001,development,4,crisis,True,P644,NOISE,base_null,,,,,,False,False,,,,screen: never raised (t below screen_t or over the cap),0.013024793388429767,0.0018863956463686105,,,299.0,0.20747524933427527,,,0,,,REJECT,False,,,0.0,,
W00001,development,4,crisis,True,P645,NOISE,base_null,,,,,,False,False,,,,screen: never raised (t below screen_t or over the cap),0.3796319018404908,-0.010105233827210292,,,557.0,-1.276771571730265,,,0,,,REJECT,False,,,0.0,,
W00001,development,4,crisis,True,P646,NOISE,base_null,,,,,,False,False,,,,screen: never raised (t below screen_t or over the cap),0.92,-0.01638308999478455,,,612.0,-2.9345278641893113,,,0,,,REJECT,False,,,0.0,,
W00001,development,4,crisis,True,P647,NOISE,base_null,,,,,,False,False,,,,screen: never raised (t below screen_t or over the cap),0.4219354838709677,-0.011571812154476058,,,576.0,-1.3505081397345868,,,0,,,REJECT,False,,,0.0,,
W00001,development,4,crisis,True,P648,NOISE,base_null,,,,,,False,False,,,,screen: never raised (t below screen_t or over the cap),0.13872340425531904,-0.0075966442268253775,,,517.0,-0.5285136258953518,,,0,,,REJECT,False,,,0.0,,
W00001,development,4,crisis,True,P649,NOISE,base_null,,,,,,False,False,,,,screen: never raised (t below screen_t or over the cap),0.013024793388429767,0.0016912271159359449,,,302.0,0.16486824242012954,,,0,,,REJECT,False,,,0.0,,
W00002,development,3,trending,True,P000,REAL,linear,obvious,DETECTABLE,1.0,1.0,0.08668844322088143,True,False,,0.0,0.0,"live: FAILED blocked by calibration,replication",1.0,0.09363809407343715,-1.0,True,12.0,7.704459048064124,0.8333333333333334,FAILED,5,,"calibration,replication",UNKNOWN,False,0.006949650852555722,,0.0,"surfaced, not promoted",
W00002,development,3,trending,True,P001,REAL,linear,moderate,DETECTABLE,1.0,1.0,0.05144747529992665,True,False,,0.0,0.0,"live: FAILED blocked by calibration,replication",1.0,0.04439099995050271,1.0,True,16.0,4.135508944872474,0.8333333333333334,FAILED,5,,"calibration,replication",UNKNOWN,False,-0.007056475349423941,,0.0,"surfaced, not promoted",
W00002,development,3,trending,True,P002,REAL,linear,subtle,DETECTABLE,0.8333333333333334,0.8333333333333334,0.023552978845303184,True,False,,3.0,4.0,"quarantined: QUARANTINED blocked by calibration,complexity,identity,leakage,out_of_sample,replication,transfer",0.9118518518518519,0.014661664042176297,-1.0,True,25.0,3.000218548684582,0.4166666666666667,QUARANTINED,1,,"calibration,complexity,identity,leakage,out_of_sample,replication,transfer",QUARANTINE,False,-0.008891314803126887,,0.0,"surfaced, not promoted",
W00002,development,3,trending,True,P003,REAL,linear,faint,UNDETECTABLE_IN_PRINCIPLE,0.2916666666666667,0.2916666666666667,0.014071389827928885,True,False,,2.0,,"quarantined: QUARANTINED blocked by calibration,complexity,identity,leakage,out_of_sample,replication,transfer",0.7651315789473685,0.016225402758514616,1.0,True,44.0,2.41667007442855,0.4166666666666667,QUARANTINED,1,,"calibration,complexity,identity,leakage,out_of_sample,replication,transfer",QUARANTINE,False,0.0021540129305857303,,0.0,"surfaced, not promoted",
W00002,development,3,trending,True,P004,REAL,linear,extremely_subtle,DETECTABLE,0.5,0.5,0.019266718611368902,False,False,,,4.0,screen: never raised (t below screen_t or over the cap),0.5405696202531645,0.021284279987267007,,,46.0,1.9272964510159751,,,0,,,REJECT,False,0.0020175613758981054,,0.0,,
W00002,development,3,trending,True,P005,REAL,rare,obvious,DETECTABLE,1.0,1.0,0.03504061671956065,True,False,,0.0,0.0,"live: FAILED blocked by calibration,out_of_sample,replication,transfer",0.790945945945946,0.030069077929652067,1.0,True,28.0,2.577827337985299,0.8333333333333334,FAILED,5,,"calibration,out_of_sample,replication,transfer",UNKNOWN,False,-0.004971538789908584,,0.0,"surfaced, not promoted",
W00002,development,3,trending,True,P006,REAL,rare,moderate,DETECTABLE,1.0,0.7083333333333334,0.019957053212959205,True,False,,4.0,0.0,"live: FAILED blocked by calibration,out_of_sample,replication",0.6737096774193548,0.01832702055968009,-1.0,True,59.0,2.0718168291040038,0.75,FAILED,1,,"calibration,out_of_sample,replication",UNKNOWN,False,-0.0016300326532791148,,0.0,"surfaced, not promoted",
W00002,development,3,trending,True,P007,REAL,rare,subtle,NOT_REPRESENTABLE,0.8333333333333334,0.16666666666666666,0.009761468218627372,False,False,,,0.0,screen: never raised (t below screen_t or over the cap),0.05208333333333337,-0.00483662063532897,,,423.0,-0.5641915630308167,,,0,,,REJECT,False,-0.014598088853956342,,0.0,,
W00002,development,3,trending,True,P008,REAL,rare,faint,UNDETECTABLE_IN_PRINCIPLE,0.0,0.0,0.00036667122448487383,False,False,,,,screen: never raised (t below screen_t or over the cap),0.06633159268929512,-0.005645600530483075,,,435.0,-0.5285429889649582,,,0,,,REJECT,False,-0.006012271754967949,,0.0,,
W00002,development,3,trending,True,P009,REAL,rare,extremely_subtle,NOT_REPRESENTABLE,0.6666666666666666,0.041666666666666664,0.008374807363154062,False,False,,,4.0,screen: never raised (t below screen_t or over the cap),0.06633159268929512,0.0057438959458362415,,,192.0,0.5546717017092672,,,0,,,REJECT,False,-0.0026309114173178206,,0.0,,
W00002,development,3,trending,True,P010,REAL,threshold,obvious,DETECTABLE,1.0,1.0,0.04136728817410696,True,False,,0.0,0.0,"live: FAILED blocked by calibration,out_of_sample,replication",0.9762,0.040096640229098354,-1.0,True,18.0,3.3073608342115124,0.8333333333333334,FAILED,5,,"calibration,out_of_sample,replication",UNKNOWN,False,-0.0012706479450086058,,0.0,"surfaced, not promoted",
W00002,development,3,trending,True,P011,REAL,threshold,moderate,DETECTABLE,0.9583333333333334,0.875,0.027016974740615703,True,False,,1.0,0.0,"live: FAILED blocked by calibration,out_of_sample,replication,transfer",0.8016666666666666,0.03371774106521835,-1.0,True,23.0,2.809096457221793,0.75,FAILED,4,,"calibration,out_of_sample,replication,transfer",UNKNOWN,False,0.006700766324602644,,0.0,"surfaced, not promoted",
W00002,development,3,trending,True,P012,REAL,threshold,subtle,NOT_REPRESENTABLE,0.7916666666666666,0.2916666666666667,0.013174066574742889,False,False,,,0.0,screen: never raised (t below screen_t or over the cap),0.05208333333333337,0.004928334263808898,,,213.0,0.4275357063234966,,,0,,,REJECT,False,-0.00824573231093399,,0.0,,
W00002,development,3,trending,True,P013,REAL,threshold,faint,UNDETECTABLE_IN_PRINCIPLE,0.08333333333333333,0.08333333333333333,0.010927817773574702,False,False,,,,screen: never raised (t below screen_t or over the cap),0.0052017543859649296,-0.0005404314158227175,,,326.0,-0.061451175316618124,,,0,,,REJECT,False,-0.01146824918939742,,0.0,,
W00002,development,3,trending,True,P014,REAL,threshold,extremely_subtle,NOT_REPRESENTABLE,0.7916666666666666,0.16666666666666666,0.014441722026659061,False,False,,,4.0,screen: never raised (t below screen_t or over the cap),0.29681818181818187,0.016177752544959123,,,74.0,1.406375054728553,,,0,,,REJECT,False,0.0017360305183000621,,0.0,,
W00002,development,3,trending,True,P015,REAL,conditional,obvious,DETECTABLE,1.0,1.0,0.0925450461333651,True,False,,0.0,0.0,"live: FAILED blocked by calibration,replication",1.0,0.09990261743004636,-1.0,True,10.0,9.754669661770892,0.8333333333333334,FAILED,5,,"calibration,replication",UNKNOWN,False,0.007357571296681256,,0.0,"surfaced, not promoted",
W00002,development,3,trending,True,P016,NOISE,context,,,,0.625,0.017688130540609946,True,False,,1.0,,"live: FAILED blocked by calibration,complexity,out_of_sample,replication,reproducibility,risk,transfer",0.6737096774193548,0.016726468036309866,1.0,True,63.0,1.9313073778853957,0.5833333333333334,FAILED,4,P015,"calibration,complexity,out_of_sample,replication,reproducibility,risk,transfer",UNKNOWN,False,-0.0009616625043000794,,0.0,,False
W00002,development,3,trending,True,P017,REAL,conditional,moderate,DETECTABLE,1.0,1.0,0.04518995234584272,True,False,,0.0,0.0,"live: FAILED blocked by calibration,complexity,replication",1.0,0.04944423756361759,1.0,True,15.0,4.213443991312803,0.75,FAILED,5,,"calibration,complexity,replication",UNKNOWN,False,0.004254285217774871,,0.0,"surfaced, not promoted",
W00002,development,3,trending,True,P018,NOISE,context,,,,0.25,0.011325540408303001,False,False,,,,screen: never raised (t below screen_t or over the cap),0.09724137931034482,0.00934355732790948,,,142.0,0.7270514488674102,,,0,P017,,REJECT,False,-0.0019819830803935214,,0.0,,False
W00002,development,3,trending,True,P019,REAL,conditional,subtle,DETECTABLE,0.9166666666666666,0.5,0.019144864612972042,True,False,,0.0,0.0,"quarantined: QUARANTINED blocked by calibration,complexity,identity,leakage,out_of_sample,replication,transfer",0.23185185185185186,0.0152094233850814,1.0,True,80.0,0.999968663988189,0.75,QUARANTINED,4,,"calibration,complexity,identity,leakage,out_of_sample,replication,transfer",QUARANTINE,False,-0.003935441227890642,,0.0,"surfaced, not promoted",
W00002,development,3,trending,True,P020,NOISE,context,,,,0.0,-0.03280213617644252,True,False,,0.0,,"live: FAILED blocked by calibration,replication,reproducibility,risk,transfer",0.9762,0.034446648460695485,-1.0,False,21.0,3.8286011140561604,0.5833333333333334,FAILED,5,P019,"calibration,replication,reproducibility,risk,transfer",UNKNOWN,False,0.06724878463713801,,0.0,,False
W00002,development,3,trending,True,P021,REAL,conditional,faint,NOT_REPRESENTABLE,0.75,0.2916666666666667,0.014943204510134476,False,False,,,3.0,screen: never raised (t below screen_t or over the cap),0.06633159268929512,-0.005417468433998485,,,433.0,-0.48437155982956354,,,0,,,REJECT,False,-0.020360672944132963,,0.0,,
W00002,development,3,trending,True,P022,NOISE,context,,,,0.2916666666666667,0.011895011712242014,False,False,,,,screen: never raised (t below screen_t or over the cap),0.01358223062381847,-0.0016930710918365843,,,352.0,-0.16056515509221467,,,0,P021,,REJECT,False,-0.013588082804078598,,0.0,,False
W00002,development,3,trending,True,P023,REAL,conditional,extremely_subtle,UNDETECTABLE_IN_PRINCIPLE,0.3333333333333333,0.16666666666666666,0.010409710375436839,False,False,,,,screen: never raised (t below screen_t or over the cap),0.1316216216216216,-0.008374030681235156,,,483.0,-0.7625716792620676,,,0,,,REJECT,False,-0.018783741056671993,,0.0,,
W00002,development,3,trending,True,P024,NOISE,context,,,,0.20833333333333334,0.009460434989648952,False,False,,,,screen: never raised (t below screen_t or over the cap),0.26958620689655177,0.008515106903670078,,,154.0,1.3547355642021,,,0,P023,,REJECT,False,-0.0009453280859788738,,0.0,,False
W00002,development,3,trending,True,P025,REAL,interactive,obvious,NOT_REPRESENTABLE,1.0,0.0,0.008324062093410413,False,False,,,0.0,screen: never raised (t below screen_t or over the cap),0.0,,,,,,,,0,,,REJECT,False,,,0.0,,
W00002,development,3,trending,True,P026,PART,interaction_component,obvious,,,0.0,0.008324062093410413,False,False,,,,screen: never raised (t below screen_t or over the cap),0.06633159268929512,0.003981364048955105,,,225.0,0.5204365450839914,,,0,P025,,REJECT,False,-0.004342698044455308,,0.0,,False
W00002,development,3,trending,True,P027,PART,interaction_component,obvious,,,0.0,0.0017316036919862064,False,False,,,,screen: never raised (t below screen_t or over the cap),0.06957507082152958,0.006556700769112966,,,178.0,0.5347363832611516,,,0,P025,,REJECT,False,0.00482509707712676,,0.0,,False
W00002,development,3,trending,True,P028,REAL,interactive,moderate,NOT_REPRESENTABLE,1.0,0.0,-0.0014732687746819887,False,False,,,0.0,screen: never raised (t below screen_t or over the cap),0.0,,,,,,,,0,,,REJECT,False,,,0.0,,
W00002,development,3,trending,True,P029,PART,interaction_component,moderate,,,0.0,-0.0014732687746819887,False,False,,,,screen: never raised (t below screen_t or over the cap),0.05842783505154647,-0.005324814415975765,,,429.0,-0.47755918637791966,,,0,P028,,REJECT,False,-0.0038515456412937764,,0.0,,False
W00002,development,3,trending,True,P030,PART,interaction_component,moderate,,,0.125,0.01041180895772524,True,False,,3.0,,"quarantined: QUARANTINED blocked by calibration,complexity,identity,leakage,out_of_sample,replication,transfer",0.6737096774193548,0.018873853092885057,1.0,True,39.0,1.9438410579358119,0.4166666666666667,QUARANTINED,1,P028,"calibration,complexity,identity,leakage,out_of_sample,replication,transfer",QUARANTINE,False,0.008462044135159818,,0.0,,False
W00002,development,3,trending,True,P031,REAL,interactive,subtle,NOT_REPRESENTABLE,0.9583333333333334,0.0,0.0026658524104624494,False,False,,,0.0,screen: never raised (t below screen_t or over the cap),0.0,,,,,,,,0,,,REJECT,False,,,0.0,,
W00002,development,3,trending,True,P032,PART,interaction_component,subtle,,,0.0,0.0026658524104624494,False,False,,,,screen: never raised (t below screen_t or over the cap),0.11396739130434785,0.0072623630630319624,,,170.0,0.749097725481878,,,0,P031,,REJECT,False,0.004596510652569513,,0.0,,False
W00002,development,3,trending,True,P033,PART,interaction_component,subtle,,,0.0,0.001076542202125262,False,False,,,,screen: never raised (t below screen_t or over the cap),0.010136363636363499,-0.0007629446036784837,,,334.0,-0.0720854569454125,,,0,P031,,REJECT,False,-0.0018394868058037458,,0.0,,False
W00002,development,3,trending,True,P034,REAL,interactive,faint,UNDETECTABLE_IN_PRINCIPLE,0.3333333333333333,0.0,0.00030301011649242995,False,False,,,,screen: never raised (t below screen_t or over the cap),0.0,,,,,,,,0,,,REJECT,False,,,0.0,,
W00002,development,3,trending,True,P035,PART,interaction_component,faint,,,0.0,0.00030301011649242995,False,False,,,,screen: never raised (t below screen_t or over the cap),0.06633159268929512,0.004979412246162607,,,212.0,0.5048388921564054,,,0,P034,,REJECT,False,0.004676402129670177,,0.0,,False
W00002,development,3,trending,True,P036,PART,interaction_component,faint,,,0.0,-0.0023501473916494073,False,False,,,,screen: never raised (t below screen_t or over the cap),0.05208333333333337,0.004893171446814448,,,214.0,0.3672679906870918,,,0,P034,,REJECT,False,0.007243318838463856,,0.0,,False
W00002,development,3,trending,True,P037,REAL,interactive,extremely_subtle,NOT_REPRESENTABLE,0.5416666666666666,0.0,-0.0060372429636631015,False,False,,,3.0,screen: never raised (t below screen_t or over the cap),0.0,,,,,,,,0,,,REJECT,False,,,0.0,,
W00002,development,3,trending,True,P038,PART,interaction_component,extremely_subtle,,,0.0,-0.0060372429636631015,False,False,,,,screen: never raised (t below screen_t or over the cap),0.23215083798882685,-0.015056300529202149,,,557.0,-1.1107250015876227,,,0,P037,,REJECT,False,-0.009019057565539047,,0.0,,False
W00002,development,3,trending,True,P039,PART,interaction_component,extremely_subtle,,,0.0,-0.0029311118492844563,False,False,,,,screen: never raised (t below screen_t or over the cap),0.06633159268929512,0.0042589372182233465,,,221.0,0.49375151935259093,,,0,P037,,REJECT,False,0.007190049067507803,,0.0,,False
W00002,development,3,trending,True,P040,REAL,xor,obvious,NOT_REPRESENTABLE,1.0,0.08333333333333333,0.010425322728336966,False,False,,,0.0,screen: never raised (t below screen_t or over the cap),0.0,,,,,,,,0,,,REJECT,False,,,0.0,,
W00002,development,3,trending,True,P041,PART,interaction_component,obvious,,,0.08333333333333333,0.010425322728336966,False,False,,,,screen: never raised (t below screen_t or over the cap),0.3653333333333333,-0.014156244744870483,,,551.0,-1.3763547229680217,,,0,P040,,REJECT,False,-0.02458156747320745,,0.0,,False
W00002,development,3,trending,True,P042,PART,interaction_component,obvious,,,0.0,0.0034943384220775843,False,False,,,,screen: never raised (t below screen_t or over the cap),0.03994541484716163,0.003259063068122514,,,236.0,0.30093955656662896,,,0,P040,,REJECT,False,-0.00023527535395507018,,0.0,,False
W00002,development,3,trending,True,P043,REAL,xor,moderate,NOT_REPRESENTABLE,1.0,0.4583333333333333,0.017460448193818538,False,False,,,0.0,screen: never raised (t below screen_t or over the cap),0.0,,,,,,,,0,,,REJECT,False,,,0.0,,
W00002,development,3,trending,True,P044,PART,interaction_component,moderate,,,0.4583333333333333,0.017460448193818538,False,False,,,,screen: never raised (t below screen_t or over the cap),0.20971794871794858,0.011590687273494327,,,115.0,1.0939670696356394,,,0,P043,,REJECT,False,-0.005869760920324211,,0.0,,False
W00002,development,3,trending,True,P045,PART,interaction_component,moderate,,,0.0,-0.00920542367175153,False,False,,,,screen: never raised (t below screen_t or over the cap),0.01955974842767294,-0.0024747775263951888,,,369.0,-0.25600223713819714,,,0,P043,,REJECT,False,0.006730646145356341,,0.0,,False
W00002,development,3,trending,True,P046,REAL,xor,subtle,NOT_REPRESENTABLE,1.0,0.0,-0.012877878410168615,False,False,,,0.0,screen: never raised (t below screen_t or over the cap),0.0,,,,,,,,0,,,REJECT,False,,,0.0,,
W00002,development,3,trending,True,P047,PART,interaction_component,subtle,,,0.0,-0.012877878410168615,True,False,,3.0,,"live: FAILED blocked by calibration,out_of_sample,replication",0.44297872340425537,0.018831051341426045,1.0,False,55.0,2.1066662947307586,0.75,FAILED,2,P046,"calibration,out_of_sample,replication",UNKNOWN,False,0.03170892975159466,,0.0,,False
W00002,development,3,trending,True,P048,PART,interaction_component,subtle,,,0.0,-0.011916511139141531,False,False,,,,screen: never raised (t below screen_t or over the cap),0.0052017543859649296,-0.0006858148503100514,,,332.0,-0.07499428405115793,,,0,P046,,REJECT,False,0.01123069628883148,,0.0,,False
W00002,development,3,trending,True,P049,REAL,xor,faint,NOT_REPRESENTABLE,0.9166666666666666,0.0,0.0010276916771137473,False,False,,,0.0,screen: never raised (t below screen_t or over the cap),0.0,,,,,,,,0,,,REJECT,False,,,0.0,,
W00002,development,3,trending,True,P050,PART,interaction_component,faint,,,0.0,0.0010276916771137473,False,False,,,,screen: never raised (t below screen_t or over the cap),0.06957507082152958,-0.007823972798154777,,,472.0,-0.6210269436119914,,,0,P049,,REJECT,False,-0.008851664475268525,,0.0,,False
W00002,development,3,trending,True,P051,PART,interaction_component,faint,,,0.0,-0.00870188096754586,False,False,,,,screen: never raised (t below screen_t or over the cap),0.06957507082152958,-0.007136719391747204,,,458.0,-0.6200724899920902,,,0,P049,,REJECT,False,0.001565161575798656,,0.0,,False
W00002,development,3,trending,True,P052,REAL,xor,extremely_subtle,UNDETECTABLE_IN_PRINCIPLE,0.0,0.0,0.0013788099999128803,False,False,,,,screen: never raised (t below screen_t or over the cap),0.0,,,,,,,,0,,,REJECT,False,,,0.0,,
W00002,development,3,trending,True,P053,PART,interaction_component,extremely_subtle,,,0.0,0.0013788099999128803,False,False,,,,screen: never raised (t below screen_t or over the cap),0.06633159268929512,-0.006162501752749017,,,444.0,-0.5128600217725607,,,0,P052,,REJECT,False,-0.0075413117526618965,,0.0,,False
W00002,development,3,trending,True,P054,PART,interaction_component,extremely_subtle,,,0.20833333333333334,0.008989896531292734,False,False,,,,screen: never raised (t below screen_t or over the cap),0.03994541484716163,-0.003537448658426312,,,390.0,-0.34569245902872825,,,0,P052,,REJECT,False,-0.012527345189719047,,0.0,,False
W00002,development,3,trending,True,P055,REAL,delayed,obvious,DETECTABLE,1.0,0.8333333333333334,0.024813835104271865,True,False,,0.0,0.0,"quarantined: QUARANTINED blocked by calibration,complexity,identity,leakage,out_of_sample,replication",0.2808633093525179,0.016791867452168766,1.0,True,75.0,1.276224472713124,0.75,QUARANTINED,5,,"calibration,complexity,identity,leakage,out_of_sample,replication",QUARANTINE,False,-0.008021967652103099,,0.0,"surfaced, not promoted",
W00002,development,3,trending,True,P056,REAL,delayed,moderate,NOT_REPRESENTABLE,1.0,0.08333333333333333,0.008333254227310823,False,False,,,0.0,screen: never raised (t below screen_t or over the cap),0.29681818181818187,-0.01280165565941438,,,539.0,-1.1770030418626507,,,0,,,REJECT,False,-0.0211349098867252,,0.0,,
W00002,development,3,trending,True,P057,REAL,delayed,subtle,DETECTABLE,1.0,0.9583333333333334,0.029421255591878494,True,False,,0.0,0.0,"live: FAILED blocked by calibration,complexity,out_of_sample,replication,transfer",0.2532550335570469,0.036778019889518516,-1.0,True,76.0,1.2656681017862583,0.5833333333333334,FAILED,5,,"calibration,complexity,out_of_sample,replication,transfer",UNKNOWN,False,0.007356764297640022,,0.0,"surfaced, not promoted",
W00002,development,3,trending,True,P058,REAL,delayed,faint,NOT_REPRESENTABLE,0.5,0.0,-0.008906656021534601,False,False,,,4.0,screen: never raised (t below screen_t or over the cap),1.0,-0.028544589082426464,,,591.0,-3.9232236883310816,,,0,,,REJECT,False,-0.019637933060891864,,0.0,,
W00002,development,3,trending,True,P059,REAL,delayed,extremely_subtle,UNDETECTABLE_IN_PRINCIPLE,0.08333333333333333,0.08333333333333333,0.0022122270949738276,False,False,,,,screen: never raised (t below screen_t or over the cap),0.04504514672686244,-0.004283808480263107,,,412.0,-0.3453224206626632,,,0,,,REJECT,False,-0.006496035575236935,,0.0,,
W00002,development,3,trending,True,P060,REAL,regime,obvious,NOT_REPRESENTABLE,1.0,0.16666666666666666,0.015502735033442617,True,False,,0.0,0.0,"quarantined: QUARANTINED blocked by calibration,complexity,failure_behavior,identity,leakage,out_of_sample,replication,risk,transfer",0.01086678832116772,0.0032450179889162247,1.0,True,362.0,-0.14578882555806855,0.6666666666666666,QUARANTINED,5,,"calibration,complexity,failure_behavior,identity,leakage,out_of_sample,replication,risk,transfer",QUARANTINE,False,-0.012257717044526393,,0.0,"surfaced, not promoted",
W00002,development,3,trending,True,P061,REAL,regime,moderate,NOT_REPRESENTABLE,1.0,0.20833333333333334,0.014142599977186997,True,False,,0.0,0.0,"quarantined: QUARANTINED blocked by calibration,complexity,identity,leakage,out_of_sample,replication,transfer",0.06957507082152958,0.012085217971161305,1.0,True,177.0,0.631396949697812,0.8333333333333334,QUARANTINED,5,,"calibration,complexity,identity,leakage,out_of_sample,replication,transfer",QUARANTINE,False,-0.002057382006025692,,0.0,"surfaced, not promoted",
W00002,development,3,trending,True,P062,REAL,regime,subtle,UNDETECTABLE_IN_PRINCIPLE,0.25,0.0,0.001532474462818042,True,False,,0.0,0.0,"quarantined: QUARANTINED blocked by calibration,complexity,identity,leakage,out_of_sample,replication,transfer",0.05208333333333337,0.0063942011796991735,1.0,True,191.0,0.46225343370644695,0.75,QUARANTINED,5,,"calibration,complexity,identity,leakage,out_of_sample,replication,transfer",QUARANTINE,False,0.004861726716881131,,0.0,"surfaced, not promoted",
W00002,development,3,trending,True,P063,REAL,regime,faint,UNDETECTABLE_IN_PRINCIPLE,0.2916666666666667,0.08333333333333333,0.005339503788896482,False,False,,,0.0,screen: never raised (t below screen_t or over the cap),0.19103448275862056,0.01078355343886872,,,123.0,1.1970692422207145,,,0,,,REJECT,False,0.005444049649972239,,0.0,,
W00002,development,3,trending,True,P064,REAL,regime,extremely_subtle,UNDETECTABLE_IN_PRINCIPLE,0.08333333333333333,0.041666666666666664,0.007112407943343259,False,False,,,,screen: never raised (t below screen_t or over the cap),0.3382710280373833,0.01459297862834863,,,84.0,1.6176631985415784,,,0,,,REJECT,False,0.007480570685005371,,0.0,,
W00002,development,3,trending,True,P065,REAL,changing,obvious,DETECTABLE,1.0,1.0,0.08176398082236762,True,False,,0.0,0.0,"live: FAILED blocked by calibration,replication,risk",1.0,0.09864132840067513,1.0,True,11.0,8.244545302706676,0.9166666666666666,FAILED,5,,"calibration,replication,risk",UNKNOWN,False,0.016877347578307514,,0.0,"surfaced, not promoted",
W00002,development,3,trending,True,P066,REAL,changing,moderate,DETECTABLE,1.0,1.0,0.0477273299253472,False,False,,,1.0,screen: never raised (t below screen_t or over the cap),0.26958620689655177,0.023174224517113373,,,37.0,1.2304016347463782,,,0,,,REJECT,False,-0.024553105408233827,,0.0,,
W00002,development,3,trending,True,P067,REAL,changing,subtle,DETECTABLE,1.0,1.0,0.03232354664730589,True,False,,0.0,0.0,"live: FAILED blocked by calibration,out_of_sample,replication",0.9762,0.03993002260050306,-1.0,True,17.0,3.7072222361843434,0.8333333333333334,FAILED,5,,"calibration,out_of_sample,replication",UNKNOWN,False,0.0076064759531971685,,0.0,"surfaced, not promoted",
W00002,development,3,trending,True,P068,REAL,changing,faint,UNDETECTABLE_IN_PRINCIPLE,0.3333333333333333,0.3333333333333333,0.015836982494158033,True,False,,1.0,2.0,"quarantined: QUARANTINED blocked by calibration,complexity,identity,leakage,out_of_sample,replication,transfer",0.4733908045977012,0.01506141716566183,1.0,True,56.0,1.9998538764872598,0.75,QUARANTINED,4,,"calibration,complexity,identity,leakage,out_of_sample,replication,transfer",QUARANTINE,False,-0.0007755653284962031,,0.0,"surfaced, not promoted",
W00002,development,3,trending,True,P069,REAL,changing,extremely_subtle,UNDETECTABLE_IN_PRINCIPLE,0.3333333333333333,0.3333333333333333,0.012682656246195996,False,False,,,,screen: never raised (t below screen_t or over the cap),0.01358223062381847,-0.0018724370966362036,,,357.0,-0.21264639065010948,,,0,,,REJECT,False,-0.0145550933428322,,0.0,,
W00002,development,3,trending,True,P070,REAL,lifecycle,obvious,DETECTABLE,1.0,1.0,0.07870452986481166,True,False,,0.0,0.0,"live: FAILED blocked by calibration,replication",1.0,0.07832258400093452,1.0,True,13.0,6.418671081648257,0.8333333333333334,FAILED,5,,"calibration,replication",UNKNOWN,False,-0.000381945863877145,,0.0,"surfaced, not promoted",
W00002,development,3,trending,True,P071,REAL,lifecycle,moderate,DETECTABLE,1.0,1.0,0.06477514728857962,True,False,,0.0,0.0,"live: FAILED blocked by calibration,replication",1.0,0.061611396101780215,1.0,True,14.0,4.6560551204084115,0.8333333333333334,FAILED,5,,"calibration,replication",UNKNOWN,False,-0.0031637511867994086,,0.0,"surfaced, not promoted",
W00002,development,3,trending,True,P072,REAL,lifecycle,subtle,UNDETECTABLE_IN_PRINCIPLE,0.375,0.375,0.015739540237326818,True,False,,0.0,,"quarantined: QUARANTINED blocked by calibration,complexity,identity,leakage,out_of_sample,replication,risk,transfer",0.1316216216216216,0.011041646133522601,1.0,True,146.0,0.8562245065459246,0.5,QUARANTINED,2,,"calibration,complexity,identity,leakage,out_of_sample,replication,risk,transfer",QUARANTINE,False,-0.004697894103804216,,0.0,"surfaced, not promoted",
W00002,development,3,trending,True,P073,REAL,lifecycle,faint,UNDETECTABLE_IN_PRINCIPLE,0.0,0.08333333333333333,0.008484139868033322,True,False,,0.0,,"quarantined: QUARANTINED blocked by calibration,complexity,identity,leakage,out_of_sample,replication,transfer",0.66,0.015994936956101886,1.0,True,69.0,1.9175798358072156,0.5833333333333334,QUARANTINED,2,,"calibration,complexity,identity,leakage,out_of_sample,replication,transfer",QUARANTINE,False,0.007510797088068564,,0.0,"surfaced, not promoted",
W00002,development,3,trending,True,P074,REAL,lifecycle,extremely_subtle,UNDETECTABLE_IN_PRINCIPLE,0.0,0.0,-0.003998925239962114,False,False,,,,screen: never raised (t below screen_t or over the cap),0.23215083798882685,0.011898431836740553,,,114.0,1.1336802935860775,,,0,,,REJECT,False,0.015897357076702666,,0.0,,
W00002,development,3,trending,True,P075,NOISE,coincidence,,,,0.0,-0.005867505867344132,False,False,,,,screen: never raised (t below screen_t or over the cap),0.17700934579439254,-0.010480876370400183,,,514.0,-0.8774446956450325,,,0,,,REJECT,False,-0.004613370503056051,,0.0,,
W00002,development,3,trending,True,P076,NOISE,coincidence,,,,0.0,0.004862548419867671,False,False,,,,screen: never raised (t below screen_t or over the cap),0.005862989323843548,0.0009222346336804632,,,295.0,0.08024107042360683,,,0,,,REJECT,False,-0.003940313786187208,,0.0,,
W00002,development,3,trending,True,P077,NOISE,coincidence,,,,0.0,-0.0010999341810501355,False,False,,,,screen: never raised (t below screen_t or over the cap),0.01358223062381847,0.0021004903576617995,,,268.0,0.18179591289634567,,,0,,,REJECT,False,0.0032004245387119348,,0.0,,
W00002,development,3,trending,True,P078,NOISE,coincidence,,,,0.0,-0.004277687560137582,False,False,,,,screen: never raised (t below screen_t or over the cap),0.16805309734513274,-0.009886971458306915,,,506.0,-1.0530233230157213,,,0,,,REJECT,False,-0.005609283898169333,,0.0,,
W00002,development,3,trending,True,P079,NOISE,coincidence,,,,0.0,0.0031034505814135447,False,False,,,,screen: never raised (t below screen_t or over the cap),0.17700934579439254,-0.008482522990466701,,,484.0,-1.141371663447902,,,0,,,REJECT,False,-0.011585973571880246,,0.0,,
W00002,development,3,trending,True,P080,NOISE,coincidence,,,,0.0,-0.008094280282051383,False,False,,,,screen: never raised (t below screen_t or over the cap),0.2532550335570469,-0.012140436288124723,,,532.0,-1.2677784679108184,,,0,,,REJECT,False,-0.00404615600607334,,0.0,,
W00002,development,3,trending,True,P081,NOISE,coincidence,,,,0.0,-0.0015302635180084107,False,False,,,,screen: never raised (t below screen_t or over the cap),0.06633159268929512,-0.005936049124833032,,,439.0,-0.5380763033363275,,,0,,,REJECT,False,-0.004405785606824621,,0.0,,
W00002,development,3,trending,True,P082,NOISE,coincidence,,,,0.0,0.0012163835824364078,False,False,,,,screen: never raised (t below screen_t or over the cap),0.01358223062381847,0.002266085694447195,,,260.0,0.21188740135103365,,,0,,,REJECT,False,0.0010497021120107874,,0.0,,
W00002,development,3,trending,True,P083,NOISE,coincidence,,,,0.041666666666666664,0.0023615017772783404,False,False,,,,screen: never raised (t below screen_t or over the cap),0.06633159268929512,0.005610565794254341,,,200.0,0.5302626560772967,,,0,,,REJECT,False,0.0032490640169760003,,0.0,,
W00002,development,3,trending,True,P084,NOISE,coincidence,,,,0.0,0.002438992094456759,False,False,,,,screen: never raised (t below screen_t or over the cap),0.4696739130434783,-0.023664446218774893,,,586.0,-1.7423069218752918,,,0,,,REJECT,False,-0.026103438313231652,,0.0,,
W00002,development,3,trending,True,P085,NOISE,coincidence,,,,0.0,0.0005084743883956062,False,False,,,,screen: never raised (t below screen_t or over the cap),0.6737096774193548,-0.019147031024296546,,,576.0,-2.084797553790046,,,0,,,REJECT,False,-0.01965550541269215,,0.0,,
W00002,development,3,trending,True,P086,NOISE,coincidence,,,,0.08333333333333333,0.010189578837611025,False,False,,,,screen: never raised (t below screen_t or over the cap),0.29681818181818187,-0.012731869523725403,,,537.0,-1.4667188676173144,,,0,,,REJECT,False,-0.02292144836133643,,0.0,,
W00002,development,3,trending,True,P087,NOISE,coincidence,,,,0.041666666666666664,0.008040258922071207,False,False,,,,screen: never raised (t below screen_t or over the cap),0.11524163568773238,-0.010484215234505323,,,515.0,-0.7525534868075607,,,0,,,REJECT,False,-0.01852447415657653,,0.0,,
W00002,development,3,trending,True,P088,NOISE,coincidence,,,,0.041666666666666664,-0.0002322360816777059,False,False,,,,screen: never raised (t below screen_t or over the cap),0.23185185185185186,-0.014697034106106344,,,555.0,-1.1389265399204678,,,0,,,REJECT,False,-0.014464798024428637,,0.0,,
W00002,development,3,trending,True,P089,NOISE,coincidence,,,,0.0,-0.0032264339578191867,False,False,,,,screen: never raised (t below screen_t or over the cap),0.03994541484716163,0.0030584767783377043,,,243.0,0.32117299079152356,,,0,,,REJECT,False,0.006284910736156891,,0.0,,
W00002,development,3,trending,True,P090,NOISE,early_decay,,,,0.125,0.008683056858472118,False,False,,,,screen: never raised (t below screen_t or over the cap),0.01358223062381847,0.0014858306374970764,,,287.0,0.14911462886722868,,,0,,,REJECT,False,-0.007197226220975041,,0.0,,
W00002,development,3,trending,True,P091,NOISE,early_decay,,,,0.0,-0.0017925343691811567,False,False,,,,screen: never raised (t below screen_t or over the cap),0.01955974842767294,0.002426877052484122,,,255.0,0.2501448401428039,,,0,,,REJECT,False,0.004219411421665278,,0.0,,
W00002,development,3,trending,True,P092,NOISE,early_decay,,,,0.0,-0.0012590785309577871,False,False,,,,screen: never raised (t below screen_t or over the cap),0.0,-1.6355868693862519e-06,,,318.0,-0.00012415554312176512,,,0,,,REJECT,False,0.0012574429440884009,,0.0,,
W00002,development,3,trending,True,P093,NOISE,early_decay,,,,0.0,-0.011696344124938859,False,False,,,,screen: never raised (t below screen_t or over the cap),0.11396739130434785,-0.0062392573252594286,,,445.0,-0.8849507840352417,,,0,,,REJECT,False,0.00545708679967943,,0.0,,
W00002,development,3,trending,True,P094,NOISE,early_decay,,,,0.0,0.0019123070724309905,False,False,,,,screen: never raised (t below screen_t or over the cap),0.06633159268929512,0.005387870852869736,,,205.0,0.5411771779397421,,,0,,,REJECT,False,0.003475563780438746,,0.0,,
W00002,development,3,trending,True,P095,NOISE,early_decay,,,,0.0,-0.004631586992785526,False,False,,,,screen: never raised (t below screen_t or over the cap),0.04504514672686244,-0.004432087971991239,,,416.0,-0.3749914324538618,,,0,,,REJECT,False,0.00019949902079428698,,0.0,,
W00002,development,3,trending,True,P096,NOISE,early_decay,,,,0.041666666666666664,0.004525310199446845,False,False,,,,screen: never raised (t below screen_t or over the cap),0.0052017543859649296,-0.0008645662376645102,,,336.0,-0.0745468930715939,,,0,,,REJECT,False,-0.005389876437111355,,0.0,,
W00002,development,3,trending,True,P097,NOISE,early_decay,,,,0.0,-0.004011475660286183,False,False,,,,screen: never raised (t below screen_t or over the cap),0.01358223062381847,-0.0017190374061095692,,,354.0,-0.21287586263108266,,,0,,,REJECT,False,0.0022924382541766137,,0.0,,
W00002,development,3,trending,True,P098,NOISE,early_decay,,,,0.08333333333333333,0.00594971473302396,False,False,,,,screen: never raised (t below screen_t or over the cap),0.01358223062381847,0.0015784544292769542,,,282.0,0.1848401860057705,,,0,,,REJECT,False,-0.004371260303747006,,0.0,,
W00002,development,3,trending,True,P099,NOISE,early_decay,,,,0.0,0.0038857137362855346,False,False,,,,screen: never raised (t below screen_t or over the cap),0.0009252971137519994,0.00016074369727603344,,,312.0,0.02045979986346554,,,0,,,REJECT,False,-0.003724970039009501,,0.0,,
W00002,development,3,trending,True,P100,NOISE,fluke,,,,0.0,0.004485636746229167,False,False,,,,screen: never raised (t below screen_t or over the cap),0.003273809523809401,-0.0008679729212239806,,,337.0,-0.052675230168539276,,,0,,,REJECT,False,-0.005353609667453148,,0.0,,
W00002,development,3,trending,True,P101,NOISE,fluke,,,,0.0,-0.0011927552933452584,False,False,,,,screen: never raised (t below screen_t or over the cap),0.04504514672686244,-0.0028803315709421407,,,377.0,-0.3758030939713084,,,0,,,REJECT,False,-0.0016875762775968822,,0.0,,
W00002,development,3,trending,True,P102,NOISE,fluke,,,,0.0,-0.00861420456221843,False,False,,,,screen: never raised (t below screen_t or over the cap),0.19961928934010142,-0.010892198464278136,,,519.0,-1.0582788923299458,,,0,,,REJECT,False,-0.0022779939020597054,,0.0,,
W00002,development,3,trending,True,P103,NOISE,fluke,,,,0.0,-0.009525627615430144,False,False,,,,screen: never raised (t below screen_t or over the cap),0.5557333333333334,-0.016521395264278982,,,564.0,-2.0389063974205492,,,0,,,REJECT,False,-0.0069957676488488375,,0.0,,
W00002,development,3,trending,True,P104,NOISE,fluke,,,,0.0,0.0009334243342745709,False,False,,,,screen: never raised (t below screen_t or over the cap),0.003273809523809401,-0.00038694011071210843,,,322.0,-0.03151756458359369,,,0,,,REJECT,False,-0.0013203644449866793,,0.0,,
W00002,development,3,trending,True,P105,NOISE,fluke,,,,0.20833333333333334,0.012708874340573348,False,False,,,,screen: never raised (t below screen_t or over the cap),0.06957507082152958,-0.007478435850589216,,,466.0,-0.5431221188855008,,,0,,,REJECT,False,-0.020187310191162565,,0.0,,
W00002,development,3,trending,True,P106,NOISE,fluke,,,,0.5,0.017594788809115566,True,False,,1.0,,"live: FAILED blocked by calibration,complexity,out_of_sample,replication,risk",0.9542307692307692,0.028836015446334518,1.0,True,26.0,3.341962069740939,0.6666666666666666,FAILED,4,,"calibration,complexity,out_of_sample,replication,risk",UNKNOWN,False,0.011241226637218951,,0.0,,
W00002,development,3,trending,True,P107,NOISE,fluke,,,,0.0,0.00502689676185132,False,False,,,,screen: never raised (t below screen_t or over the cap),0.01955974842767294,0.0030498443846885825,,,244.0,0.24618872264592548,,,0,,,REJECT,False,-0.0019770523771627376,,0.0,,
W00002,development,3,trending,True,P108,NOISE,fluke,,,,0.0,-0.006285395986364299,False,False,,,,screen: never raised (t below screen_t or over the cap),0.010136363636363499,-0.0007954830108530264,,,335.0,-0.10255211797845662,,,0,,,REJECT,False,0.005489912975511273,,0.0,,
W00002,development,3,trending,True,P109,NOISE,fluke,,,,0.0,-0.003281329912390584,False,False,,,,screen: never raised (t below screen_t or over the cap),0.06957507082152958,-0.006269332420704321,,,446.0,-0.6599985942857494,,,0,,,REJECT,False,-0.002988002508313737,,0.0,,
W00002,development,3,trending,True,P110,NOISE,reversal,,,,0.0,-0.02961105062245929,False,False,,,,screen: never raised (t below screen_t or over the cap),0.06957507082152958,0.006910432452372883,,,175.0,0.5870598601659003,,,0,,,REJECT,False,0.036521483074832176,,0.0,,
W00002,development,3,trending,True,P111,NOISE,reversal,,,,0.0,-0.035033094707945,False,False,,,,screen: never raised (t below screen_t or over the cap),0.06957507082152958,-0.007714111161117532,,,471.0,-0.5768921992623476,,,0,,,REJECT,False,0.02731898354682747,,0.0,,
W00002,development,3,trending,True,P112,NOISE,reversal,,,,0.0,-0.03532781115248692,False,False,,,,screen: never raised (t below screen_t or over the cap),0.0052017543859649296,0.0006632999616137392,,,299.0,0.05480703182038653,,,0,,,REJECT,False,0.03599111111410066,,0.0,,
W00002,development,3,trending,True,P113,NOISE,reversal,,,,0.0,-0.03672786627307376,False,False,,,,screen: never raised (t below screen_t or over the cap),0.6737096774193548,-0.025326599884866907,,,587.0,-2.2275435701744515,,,0,,,REJECT,False,0.011401266388206856,,0.0,,
W00002,development,3,trending,True,P114,NOISE,reversal,,,,0.0,-0.034742819627105216,False,False,,,,screen: never raised (t below screen_t or over the cap),1.0,-0.04142400727964035,,,594.0,-4.739919879766037,,,0,,,REJECT,False,-0.006681187652535135,,0.0,,
W00002,development,3,trending,True,P115,NOISE,reversal,,,,0.0,-0.05071433571788512,False,False,,,,screen: never raised (t below screen_t or over the cap),0.29681818181818187,0.02147128592283698,,,45.0,1.2332436475767916,,,0,,,REJECT,False,0.07218562164072209,,0.0,,
W00002,development,3,trending,True,P116,NOISE,reversal,,,,0.0,-0.04241477573410203,False,False,,,,screen: never raised (t below screen_t or over the cap),0.1316216216216216,-0.012022604741344145,,,531.0,-0.7486272986443077,,,0,,,REJECT,False,0.030392170992757886,,0.0,,
W00002,development,3,trending,True,P117,NOISE,reversal,,,,0.0,-0.043764674113486175,False,False,,,,screen: never raised (t below screen_t or over the cap),0.8656451612903225,-0.03361815019368375,,,593.0,-2.6080244412101683,,,0,,,REJECT,False,0.010146523919802426,,0.0,,
W00002,development,3,trending,True,P118,NOISE,reversal,,,,0.0,-0.031064379957051167,False,False,,,,screen: never raised (t below screen_t or over the cap),0.5405696202531645,-0.022786091509805595,,,584.0,-1.6577641704584332,,,0,,,REJECT,False,0.008278288447245572,,0.0,,
W00002,development,3,trending,True,P119,NOISE,reversal,,,,0.0,-0.03840324547489648,False,False,,,,screen: never raised (t below screen_t or over the cap),0.03994541484716163,-0.004232973942779383,,,409.0,-0.3698942086110241,,,0,,,REJECT,False,0.034170271532117096,,0.0,,
W00002,development,3,trending,True,P120,NOISE,reversal,,,,0.0,-0.04231174836949548,False,False,,,,screen: never raised (t below screen_t or over the cap),0.7406410256410256,-0.027218181799140706,,,590.0,-2.6353770332544824,,,0,,,REJECT,False,0.015093566570354773,,0.0,,
W00002,development,3,trending,True,P121,NOISE,reversal,,,,0.0,-0.04363227746715665,False,False,,,,screen: never raised (t below screen_t or over the cap),0.003273809523809401,-0.0003442301573990947,,,320.0,-0.0256723692763687,,,0,,,REJECT,False,0.043288047309757556,,0.0,,
W00002,development,3,trending,True,P122,NOISE,reversal,,,,0.0,-0.03787593761951143,False,False,,,,screen: never raised (t below screen_t or over the cap),0.06633159268929512,0.007582796154331883,,,163.0,0.5685702694260254,,,0,,,REJECT,False,0.04545873377384331,,0.0,,
W00002,development,3,trending,True,P123,NOISE,reversal,,,,0.0,-0.0440957520484062,False,False,,,,screen: never raised (t below screen_t or over the cap),0.01358223062381847,-0.00280875680324838,,,375.0,-0.15887652131064103,,,0,,,REJECT,False,0.04128699524515782,,0.0,,
W00002,development,3,trending,True,P124,NOISE,reversal,,,,0.0,-0.045850001574576124,False,False,,,,screen: never raised (t below screen_t or over the cap),0.06957507082152958,0.009913660403302993,,,134.0,0.5699545059136141,,,0,,,REJECT,False,0.05576366197787912,,0.0,,
W00002,development,3,trending,True,P125,NOISE,delayed_coincidence,,,,0.20833333333333334,0.01334077452113906,False,False,,,,screen: never raised (t below screen_t or over the cap),0.3876699029126214,0.018115137926577818,,,62.0,1.44540571172024,,,0,,,REJECT,False,0.0047743634054387574,,0.0,,
W00002,development,3,trending,True,P126,NOISE,delayed_coincidence,,,,0.3333333333333333,0.016479837329412397,False,False,,,,screen: never raised (t below screen_t or over the cap),0.4970833333333333,-0.02004990471161594,,,581.0,-1.7779765356735764,,,0,,,REJECT,False,-0.03652974204102834,,0.0,,
W00002,development,3,trending,True,P127,NOISE,delayed_coincidence,,,,0.16666666666666666,0.012850226352629807,False,False,,,,screen: never raised (t below screen_t or over the cap),0.24961783439490448,-0.017201363358637645,,,567.0,-1.2010917409212174,,,0,,,REJECT,False,-0.03005158971126745,,0.0,,
W00002,development,3,trending,True,P128,NOISE,delayed_coincidence,,,,0.041666666666666664,0.0019112993719349871,False,False,,,,screen: never raised (t below screen_t or over the cap),0.04504514672686244,-0.004389066615748283,,,415.0,-0.317639061892782,,,0,,,REJECT,False,-0.00630036598768327,,0.0,,
W00002,development,3,trending,True,P129,NOISE,delayed_coincidence,,,,0.0,0.0021318850456431013,False,False,,,,screen: never raised (t below screen_t or over the cap),0.01955974842767294,-0.003293478953819373,,,386.0,-0.283905229498907,,,0,,,REJECT,False,-0.0054253639994624745,,0.0,,
W00002,development,3,trending,True,P130,NOISE,delayed_coincidence,,,,0.5,0.019151808070715943,False,False,,,,screen: never raised (t below screen_t or over the cap),0.26958620689655177,0.016208143287918864,,,73.0,1.2083903662949622,,,0,,,REJECT,False,-0.0029436647827970792,,0.0,,
W00002,development,3,trending,True,P131,NOISE,delayed_coincidence,,,,0.041666666666666664,0.010495324661692118,False,False,,,,screen: never raised (t below screen_t or over the cap),0.2808633093525179,-0.019644061742318863,,,580.0,-1.3973971799985427,,,0,,,REJECT,False,-0.03013938640401098,,0.0,,
W00002,development,3,trending,True,P132,NOISE,delayed_coincidence,,,,0.0,-0.011358899659247414,False,False,,,,screen: never raised (t below screen_t or over the cap),0.29681818181818187,0.01650871289443423,,,68.0,1.513027430676215,,,0,,,REJECT,False,0.027867612553681642,,0.0,,
W00002,development,3,trending,True,P133,NOISE,delayed_coincidence,,,,0.08333333333333333,0.009927533247291575,False,False,,,,screen: never raised (t below screen_t or over the cap),0.01358223062381847,-0.0023910513335073658,,,366.0,-0.20019623106546927,,,0,,,REJECT,False,-0.01231858458079894,,0.0,,
W00002,development,3,trending,True,P134,NOISE,delayed_coincidence,,,,0.0,-0.003533293200967819,False,False,,,,screen: never raised (t below screen_t or over the cap),0.20971794871794858,-0.008891305007390216,,,490.0,-1.0736973203989126,,,0,,,REJECT,False,-0.005358011806422397,,0.0,,
W00002,development,3,trending,True,P135,NOISE,delayed_coincidence,,,,0.041666666666666664,0.007579948143763962,False,False,,,,screen: never raised (t below screen_t or over the cap),0.06957507082152958,-0.00713946403611132,,,459.0,-0.6454856605805104,,,0,,,REJECT,False,-0.014719412179875282,,0.0,,
W00002,development,3,trending,True,P136,NOISE,delayed_coincidence,,,,0.20833333333333334,0.011613004812891129,False,False,,,,screen: never raised (t below screen_t or over the cap),0.3653333333333333,0.01785510495320919,,,65.0,1.393562169957496,,,0,,,REJECT,False,0.00624210014031806,,0.0,,
W00002,development,3,trending,True,P137,NOISE,delayed_coincidence,,,,0.20833333333333334,0.013215951230643988,False,False,,,,screen: never raised (t below screen_t or over the cap),0.01358223062381847,0.0017968262364168597,,,278.0,0.14760401760680492,,,0,,,REJECT,False,-0.011419124994227129,,0.0,,
W00002,development,3,trending,True,P138,NOISE,delayed_coincidence,,,,0.375,0.014540500680193538,False,False,,,,screen: never raised (t below screen_t or over the cap),0.23215083798882685,-0.012923768876871355,,,540.0,-1.1036228179455578,,,0,,,REJECT,False,-0.027464269557064894,,0.0,,
W00002,development,3,trending,True,P139,NOISE,delayed_coincidence,,,,0.0,-0.001013004262988632,False,False,,,,screen: never raised (t below screen_t or over the cap),0.05176399026763989,0.004158992682441687,,,223.0,0.44633416305287443,,,0,,,REJECT,False,0.005171996945430319,,0.0,,
W00002,development,3,trending,True,P140,NOISE,interaction_decoy,,,,0.0,-0.006753947812807562,False,False,,,,screen: never raised (t below screen_t or over the cap),0.7024999999999999,-0.030766175806778262,,,592.0,-2.4208256507108916,,,0,,,REJECT,False,-0.0240122279939707,,0.0,,
W00002,development,3,trending,True,P141,NOISE,interaction_decoy,,,,0.16666666666666666,0.011442157215677103,False,False,,,,screen: never raised (t below screen_t or over the cap),0.06633159268929512,-0.003908604861006526,,,404.0,-0.4268601828984123,,,0,,,REJECT,False,-0.015350762076683629,,0.0,,
W00002,development,3,trending,True,P142,NOISE,interaction_decoy,,,,0.0,0.0028916720515665658,False,False,,,,screen: never raised (t below screen_t or over the cap),0.01358223062381847,-0.002638275252742517,,,372.0,-0.23209649648304043,,,0,,,REJECT,False,-0.005529947304309083,,0.0,,
W00002,development,3,trending,True,P143,NOISE,interaction_decoy,,,,0.0,-0.006939329007170869,False,False,,,,screen: never raised (t below screen_t or over the cap),0.09033653846153844,-0.006143545878600665,,,443.0,-0.6603361409437108,,,0,,,REJECT,False,0.0007957831285702044,,0.0,,
W00002,development,3,trending,True,P144,NOISE,interaction_decoy,,,,0.0,-0.0014562639749266932,False,False,,,,screen: never raised (t below screen_t or over the cap),0.03994541484716163,0.0029919870327113074,,,246.0,0.33203360707472357,,,0,,,REJECT,False,0.004448251007638001,,0.0,,
W00002,development,3,trending,True,P145,NOISE,interaction_decoy,,,,0.0,-0.0008999457430258279,False,False,,,,screen: never raised (t below screen_t or over the cap),0.013064220183486297,-0.001505676702179548,,,351.0,-0.12946714808017307,,,0,,,REJECT,False,-0.0006057309591537202,,0.0,,
W00002,development,3,trending,True,P146,NOISE,interaction_decoy,,,,0.041666666666666664,0.006089019703761968,False,False,,,,screen: never raised (t below screen_t or over the cap),0.16805309734513274,0.009080813539021237,,,148.0,1.0393962196973208,,,0,,,REJECT,False,0.0029917938352592693,,0.0,,
W00002,development,3,trending,True,P147,NOISE,interaction_decoy,,,,0.0,-0.010280953247956344,False,False,,,,screen: never raised (t below screen_t or over the cap),0.6737096774193548,0.016394834577899697,,,71.0,1.7457001746018153,,,0,,,REJECT,False,0.026675787825856043,,0.0,,
W00002,development,3,trending,True,P148,NOISE,interaction_decoy,,,,0.08333333333333333,0.007033494594473939,False,False,,,,screen: never raised (t below screen_t or over the cap),0.013064220183486297,-0.0010698204579572823,,,344.0,-0.12725979503882423,,,0,,,REJECT,False,-0.008103315052431222,,0.0,,
W00002,development,3,trending,True,P149,NOISE,interaction_decoy,,,,0.08333333333333333,0.007271262512543791,False,False,,,,screen: never raised (t below screen_t or over the cap),0.09724137931034482,-0.009450948577961749,,,500.0,-0.7724033971834742,,,0,,,REJECT,False,-0.01672221109050554,,0.0,,
W00002,development,3,trending,True,P150,NOISE,xor_trap,,,,0.0,0.004629941862627682,False,False,,,,screen: never raised (t below screen_t or over the cap),0.04504514672686244,-0.003318741439426509,,,387.0,-0.39003957875945333,,,0,,,REJECT,False,-0.007948683302054192,,0.0,,
W00002,development,3,trending,True,P151,NOISE,xor_trap,,,,0.0,0.0029141178033363136,False,False,,,,screen: never raised (t below screen_t or over the cap),0.11396739130434785,0.009919741351945177,,,133.0,0.7650528627783838,,,0,,,REJECT,False,0.007005623548608864,,0.0,,
W00002,development,3,trending,True,P152,NOISE,xor_trap,,,,0.0,-0.004865412631182867,False,False,,,,screen: never raised (t below screen_t or over the cap),0.013064220183486297,-0.001164266091078614,,,345.0,-0.11392306754480633,,,0,,,REJECT,False,0.0037011465401042528,,0.0,,
W00002,development,3,trending,True,P153,NOISE,xor_trap,,,,0.375,0.015990159101939082,True,False,,1.0,,"quarantined: QUARANTINED blocked by calibration,complexity,identity,leakage,out_of_sample,replication,transfer",0.6737096774193548,0.01699065050212781,1.0,True,40.0,1.9436689194762578,0.4166666666666667,QUARANTINED,1,,"calibration,complexity,identity,leakage,out_of_sample,replication,transfer",QUARANTINE,False,0.0010004914001887286,,0.0,,
W00002,development,3,trending,True,P154,NOISE,xor_trap,,,,0.041666666666666664,0.008670174589904364,False,False,,,,screen: never raised (t below screen_t or over the cap),0.005862989323843548,-0.000918769825023702,,,338.0,-0.08479878650043107,,,0,,,REJECT,False,-0.009588944414928066,,0.0,,
W00002,development,3,trending,True,P155,NOISE,xor_trap,,,,0.0,0.0021478401158401654,True,False,,1.0,,"quarantined: QUARANTINED blocked by calibration,complexity,identity,leakage,out_of_sample,replication,risk,transfer",0.21286458333333336,0.015385881847868037,1.0,False,319.0,1.0248369502920192,0.3333333333333333,QUARANTINED,1,,"calibration,complexity,identity,leakage,out_of_sample,replication,risk,transfer",QUARANTINE,False,0.013238041732027871,,0.0,,
W00002,development,3,trending,True,P156,NOISE,xor_trap,,,,0.0,-0.007419682895008872,True,False,,4.0,,"live: FAILED blocked by calibration,complexity,out_of_sample,replication",0.6737096774193548,0.02318457909344334,-1.0,False,437.0,2.3196155180126325,0.6666666666666666,FAILED,1,,"calibration,complexity,out_of_sample,replication",UNKNOWN,False,0.030604261988452213,,0.0,,
W00002,development,3,trending,True,P157,NOISE,xor_trap,,,,0.0,-0.014425957205416463,False,False,,,,screen: never raised (t below screen_t or over the cap),0.12673003802281357,0.009261597520788811,,,144.0,0.8421516234141907,,,0,,,REJECT,False,0.023687554726205276,,0.0,,
W00002,development,3,trending,True,P158,NOISE,xor_trap,,,,0.0,-0.004883423026064242,False,False,,,,screen: never raised (t below screen_t or over the cap),0.01358223062381847,-0.002133217325691328,,,361.0,-0.18303693273545757,,,0,,,REJECT,False,0.0027502057003729145,,0.0,,
W00002,development,3,trending,True,P159,NOISE,xor_trap,,,,0.08333333333333333,0.00902617584942595,True,False,,0.0,,"quarantined: QUARANTINED blocked by calibration,complexity,identity,leakage,out_of_sample,replication,transfer",0.24961783439490448,0.015317793819468626,1.0,False,92.0,1.2588076684780654,0.5833333333333334,QUARANTINED,3,,"calibration,complexity,identity,leakage,out_of_sample,replication,transfer",QUARANTINE,False,0.006291617970042676,,0.0,,
W00002,development,3,trending,True,P160,NOISE,strong_nontransferable,,,,0.16666666666666666,0.010862749831258716,False,False,,,,screen: never raised (t below screen_t or over the cap),0.06633159268929512,0.0056765128523358355,,,196.0,0.535806683976339,,,0,,,REJECT,False,-0.005186236978922881,,0.0,,
W00002,development,3,trending,True,P161,NOISE,strong_nontransferable,,,,0.0,0.00258858300634964,False,False,,,,screen: never raised (t below screen_t or over the cap),0.23215083798882685,-0.011222205914713457,,,523.0,-1.179143678010613,,,0,,,REJECT,False,-0.013810788921063097,,0.0,,
W00002,development,3,trending,True,P162,NOISE,strong_nontransferable,,,,0.0,-0.006087398644140571,False,False,,,,screen: never raised (t below screen_t or over the cap),0.21286458333333336,0.011914437501977848,,,113.0,0.9629303449599458,,,0,,,REJECT,False,0.01800183614611842,,0.0,,
W00002,development,3,trending,True,P163,NOISE,strong_nontransferable,,,,0.125,0.010543082261616344,False,False,,,,screen: never raised (t below screen_t or over the cap),0.32075221238938056,-0.013574462480750782,,,544.0,-1.6977723633645343,,,0,,,REJECT,False,-0.024117544742367124,,0.0,,
W00002,development,3,trending,True,P164,NOISE,strong_nontransferable,,,,0.0,-0.0009235420665240859,False,False,,,,screen: never raised (t below screen_t or over the cap),0.01358223062381847,0.002166454814863883,,,264.0,0.18314196179509298,,,0,,,REJECT,False,0.003089996881387969,,0.0,,
W00002,development,3,trending,True,P165,NOISE,strong_nontransferable,,,,0.041666666666666664,0.0037014271155630008,False,False,,,,screen: never raised (t below screen_t or over the cap),0.02893939393939393,-0.00251864710396027,,,370.0,-0.2652421118237492,,,0,,,REJECT,False,-0.00622007421952327,,0.0,,
W00002,development,3,trending,True,P166,NOISE,strong_nontransferable,,,,0.16666666666666666,0.012702518167082887,True,False,,3.0,,"quarantined: QUARANTINED blocked by calibration,complexity,identity,leakage,out_of_sample,replication,transfer",0.83265625,0.016985140801021224,1.0,True,36.0,2.8612634111210626,0.4166666666666667,QUARANTINED,1,,"calibration,complexity,identity,leakage,out_of_sample,replication,transfer",QUARANTINE,False,0.004282622633938337,,0.0,,
W00002,development,3,trending,True,P167,NOISE,strong_nontransferable,,,,0.0,0.008468466524501792,True,False,,2.0,,"quarantined: QUARANTINED blocked by calibration,complexity,identity,leakage,out_of_sample,replication",0.1316216216216216,0.016430080527872277,1.0,True,147.0,0.8663841006846366,0.5,QUARANTINED,1,,"calibration,complexity,identity,leakage,out_of_sample,replication",QUARANTINE,False,0.007961614003370485,,0.0,,
W00002,development,3,trending,True,P168,NOISE,strong_nontransferable,,,,0.0,0.0011509413607525088,False,False,,,,screen: never raised (t below screen_t or over the cap),0.1554025423728813,-0.009988605349594615,,,508.0,-0.9246935118960183,,,0,,,REJECT,False,-0.011139546710347123,,0.0,,
W00002,development,3,trending,True,P169,NOISE,strong_nontransferable,,,,0.041666666666666664,0.005812179990732431,False,False,,,,screen: never raised (t below screen_t or over the cap),0.06957507082152958,0.009290611463061982,,,143.0,0.6201721735323209,,,0,,,REJECT,False,0.003478431472329551,,0.0,,
W00002,development,3,trending,True,P170,NOISE,null,,,,0.0,-0.0002334588725821423,False,False,,,,screen: never raised (t below screen_t or over the cap),0.8656451612903225,-0.019215562768766903,,,577.0,-2.823308051718925,,,0,,,REJECT,False,-0.018982103896184762,,0.0,,
W00002,development,3,trending,True,P171,NOISE,null,,,,0.0,-0.005514715267458602,False,False,,,,screen: never raised (t below screen_t or over the cap),0.005862989323843548,-0.0006813872621496686,,,331.0,-0.06956316385005144,,,0,,,REJECT,False,0.004833328005308933,,0.0,,
W00002,development,3,trending,True,P172,NOISE,null,,,,0.041666666666666664,0.007010632198935223,False,False,,,,screen: never raised (t below screen_t or over the cap),0.01358223062381847,-0.002646260242956666,,,373.0,-0.2433147632594518,,,0,,,REJECT,False,-0.009656892441891888,,0.0,,
W00002,development,3,trending,True,P173,NOISE,null,,,,0.0,-0.00965712300382093,False,False,,,,screen: never raised (t below screen_t or over the cap),0.06957507082152958,0.008115826489912048,,,158.0,0.5733675628691531,,,0,,,REJECT,False,0.017772949493732978,,0.0,,
W00002,development,3,trending,True,P174,NOISE,null,,,,0.0,-0.013229103397494361,False,False,,,,screen: never raised (t below screen_t or over the cap),0.01358223062381847,0.002372185448991204,,,258.0,0.2207680910241602,,,0,,,REJECT,False,0.015601288846485565,,0.0,,
W00002,development,3,trending,True,P175,NOISE,null,,,,0.0,-0.012270277906082807,False,False,,,,screen: never raised (t below screen_t or over the cap),0.06957507082152958,-0.007277446802838872,,,462.0,-0.6430961601002984,,,0,,,REJECT,False,0.004992831103243936,,0.0,,
W00002,development,3,trending,True,P176,NOISE,null,,,,0.0,-0.004069492661249976,False,False,,,,screen: never raised (t below screen_t or over the cap),0.003273809523809401,0.00039632367605779706,,,304.0,0.033609407011694584,,,0,,,REJECT,False,0.004465816337307773,,0.0,,
W00002,development,3,trending,True,P177,NOISE,null,,,,0.0,0.005230161337289541,False,False,,,,screen: never raised (t below screen_t or over the cap),0.0052017543859649296,0.0008342266988672353,,,298.0,0.07031566217538245,,,0,,,REJECT,False,-0.004395934638422305,,0.0,,
W00002,development,3,trending,True,P178,NOISE,null,,,,0.0,0.0014802840508966158,False,False,,,,screen: never raised (t below screen_t or over the cap),0.06957507082152958,0.006344948935525618,,,184.0,0.4972871923331038,,,0,,,REJECT,False,0.004864664884629002,,0.0,,
W00002,development,3,trending,True,P179,NOISE,null,,,,0.0,-0.0022331599913114905,False,False,,,,screen: never raised (t below screen_t or over the cap),0.11396739130434785,0.007907390352316357,,,162.0,0.8351371148614012,,,0,,,REJECT,False,0.010140550343627847,,0.0,,
W00002,development,3,trending,True,P180,NOISE,null,,,,0.0,-0.002362020515688684,False,False,,,,screen: never raised (t below screen_t or over the cap),0.04504514672686244,-0.003035730050915675,,,380.0,-0.34385176687086155,,,0,,,REJECT,False,-0.000673709535226991,,0.0,,
W00002,development,3,trending,True,P181,NOISE,null,,,,0.0,-0.008115583862777737,False,False,,,,screen: never raised (t below screen_t or over the cap),0.39321782178217823,-0.016788026659273925,,,565.0,-1.4973598710969538,,,0,,,REJECT,False,-0.008672442796496187,,0.0,,
W00002,development,3,trending,True,P182,NOISE,null,,,,0.0,0.0032438615574208775,False,False,,,,screen: never raised (t below screen_t or over the cap),0.01358223062381847,0.0019354465498676587,,,272.0,0.14757282790756707,,,0,,,REJECT,False,-0.0013084150075532187,,0.0,,
W00002,development,3,trending,True,P183,NOISE,null,,,,0.0,-0.00022589417071155874,False,False,,,,screen: never raised (t below screen_t or over the cap),0.10643369175627249,-0.008687089870600517,,,488.0,-0.8672785472875231,,,0,,,REJECT,False,-0.008461195699888959,,0.0,,
W00002,development,3,trending,True,P184,NOISE,null,,,,0.2916666666666667,0.013603924950333806,True,False,,3.0,,"quarantined: QUARANTINED blocked by calibration,complexity,identity,leakage,out_of_sample,replication,transfer",0.29681818181818187,0.014255863806617064,1.0,True,86.0,1.467007957620267,0.4166666666666667,QUARANTINED,1,,"calibration,complexity,identity,leakage,out_of_sample,replication,transfer",QUARANTINE,False,0.0006519388562832573,,0.0,,
W00002,development,3,trending,True,P185,NOISE,null,,,,0.041666666666666664,0.0023380939875116526,False,False,,,,screen: never raised (t below screen_t or over the cap),0.01358223062381847,0.0012619010118808394,,,291.0,0.1573715197308964,,,0,,,REJECT,False,-0.0010761929756308132,,0.0,,
W00002,development,3,trending,True,P186,NOISE,null,,,,0.0,-0.008188386366174066,False,False,,,,screen: never raised (t below screen_t or over the cap),0.2808633093525179,0.012151343577741502,,,109.0,1.359138148455148,,,0,,,REJECT,False,0.020339729943915568,,0.0,,
W00002,development,3,trending,True,P187,NOISE,null,,,,0.08333333333333333,0.011711475522802316,False,False,,,,screen: never raised (t below screen_t or over the cap),0.01358223062381847,0.001893618548867937,,,275.0,0.16438464193197455,,,0,,,REJECT,False,-0.009817856973934379,,0.0,,
W00002,development,3,trending,True,P188,NOISE,null,,,,0.0,-0.005479743388959431,False,False,,,,screen: never raised (t below screen_t or over the cap),0.06957507082152958,0.005423094504805714,,,203.0,0.5817105060903424,,,0,,,REJECT,False,0.010902837893765146,,0.0,,
W00002,development,3,trending,True,P189,NOISE,null,,,,0.0,-0.0017889351027090608,False,False,,,,screen: never raised (t below screen_t or over the cap),0.17700934579439254,-0.010612766585526068,,,516.0,-1.0449492396898823,,,0,,,REJECT,False,-0.008823831482817008,,0.0,,
W00002,development,3,trending,True,P190,NOISE,null,,,,0.0,-0.010367273627534944,False,False,,,,screen: never raised (t below screen_t or over the cap),0.1554025423728813,-0.009079190382427327,,,492.0,-0.9677094761421865,,,0,,,REJECT,False,0.0012880832451076171,,0.0,,
W00002,development,3,trending,True,P191,NOISE,null,,,,0.0,0.006359476040015574,False,False,,,,screen: never raised (t below screen_t or over the cap),0.005862989323843548,0.0006313280512018071,,,300.0,0.06299172243047425,,,0,,,REJECT,False,-0.005728147988813767,,0.0,,
W00002,development,3,trending,True,P192,NOISE,null,,,,0.0,-0.006236625333313594,False,False,,,,screen: never raised (t below screen_t or over the cap),0.29681818181818187,-0.013022414795387738,,,541.0,-1.267893218214411,,,0,,,REJECT,False,-0.006785789462074144,,0.0,,
W00002,development,3,trending,True,P193,NOISE,null,,,,0.0,-0.010763582522040016,False,False,,,,screen: never raised (t below screen_t or over the cap),0.1316216216216216,-0.010361857011442488,,,513.0,-0.8595512330883835,,,0,,,REJECT,False,0.00040172551059752815,,0.0,,
W00002,development,3,trending,True,P194,NOISE,null,,,,0.0,-0.008625547895229034,False,False,,,,screen: never raised (t below screen_t or over the cap),0.027995689655172407,0.003025433023034041,,,245.0,0.2781156497095946,,,0,,,REJECT,False,0.011650980918263075,,0.0,,
W00002,development,3,trending,True,P195,NOISE,null,,,,0.0,-0.0014607626766825067,False,False,,,,screen: never raised (t below screen_t or over the cap),0.16805309734513274,-0.009176970921542627,,,495.0,-0.9398995607330902,,,0,,,REJECT,False,-0.00771620824486012,,0.0,,
W00002,development,3,trending,True,P196,NOISE,null,,,,0.0,-0.004157596312634427,False,False,,,,screen: never raised (t below screen_t or over the cap),0.01955974842767294,0.00237603888369442,,,257.0,0.25515069405074703,,,0,,,REJECT,False,0.006533635196328848,,0.0,,
W00002,development,3,trending,True,P197,NOISE,null,,,,0.0,-0.004377407141200767,False,False,,,,screen: never raised (t below screen_t or over the cap),0.29681818181818187,0.014428124994669944,,,87.0,1.482278514114854,,,0,,,REJECT,False,0.01880553213587071,,0.0,,
W00002,development,3,trending,True,P198,NOISE,null,,,,0.0,0.003825034279389874,False,False,,,,screen: never raised (t below screen_t or over the cap),0.06957507082152958,-0.007655189908558235,,,469.0,-0.6396708149303513,,,0,,,REJECT,False,-0.01148022418794811,,0.0,,
W00002,development,3,trending,True,P199,NOISE,null,,,,0.0,-0.006390311582362683,False,False,,,,screen: never raised (t below screen_t or over the cap),0.0038178633975483045,-0.0004905697928697661,,,325.0,-0.04537900663616158,,,0,,,REJECT,False,0.005899741789492917,,0.0,,
W00002,development,3,trending,True,P200,NOISE,null,,,,0.0,0.004403706334775466,False,False,,,,screen: never raised (t below screen_t or over the cap),0.06957507082152958,0.005652623552937941,,,197.0,0.710107139062562,,,0,,,REJECT,False,0.0012489172181624746,,0.0,,
W00002,development,3,trending,True,P201,NOISE,null,,,,0.0,0.0036349421969170703,False,False,,,,screen: never raised (t below screen_t or over the cap),0.01358223062381847,0.0021770249394326147,,,262.0,0.21197225330583808,,,0,,,REJECT,False,-0.0014579172574844556,,0.0,,
W00002,development,3,trending,True,P202,NOISE,null,,,,0.0,0.0065625905831344115,False,False,,,,screen: never raised (t below screen_t or over the cap),0.015387029288702836,-0.0022969889284450984,,,363.0,-0.2698567669962407,,,0,,,REJECT,False,-0.00885957951157951,,0.0,,
W00002,development,3,trending,True,P203,NOISE,null,,,,0.0,-0.0018632705582651153,False,False,,,,screen: never raised (t below screen_t or over the cap),0.04504514672686244,-0.0036150654968573614,,,393.0,-0.40624966757565095,,,0,,,REJECT,False,-0.0017517949385922461,,0.0,,
W00002,development,3,trending,True,P204,NOISE,null,,,,0.0,0.0026401664074859805,False,False,,,,screen: never raised (t below screen_t or over the cap),0.005862989323843548,0.000881826352143289,,,297.0,0.06620857304171653,,,0,,,REJECT,False,-0.0017583400553426915,,0.0,,
W00002,development,3,trending,True,P205,NOISE,null,,,,0.0,2.3951412890126915e-07,False,False,,,,screen: never raised (t below screen_t or over the cap),0.01358223062381847,-0.0023572269787051625,,,365.0,-0.18396576302276837,,,0,,,REJECT,False,-0.002357466492834064,,0.0,,
W00002,development,3,trending,True,P206,NOISE,null,,,,0.0,-0.02185610452741592,False,False,,,,screen: never raised (t below screen_t or over the cap),0.17700934579439254,0.012043587636732633,,,110.0,1.2207936459279516,,,0,,,REJECT,False,0.03389969216414855,,0.0,,
W00002,development,3,trending,True,P207,NOISE,null,,,,0.0,0.0071545934924516575,False,False,,,,screen: never raised (t below screen_t or over the cap),0.6737096774193548,0.017620187181951352,,,66.0,1.9044611387967973,,,0,,,REJECT,False,0.010465593689499696,,0.0,,
W00002,development,3,trending,True,P208,NOISE,null,,,,0.0,-0.001026771696001381,False,False,,,,screen: never raised (t below screen_t or over the cap),0.003273809523809401,0.00016169833747858853,,,311.0,0.018184832175143325,,,0,,,REJECT,False,0.0011884700334799695,,0.0,,
W00002,development,3,trending,True,P209,NOISE,null,,,,0.2916666666666667,0.01594102716720264,False,False,,,,screen: never raised (t below screen_t or over the cap),0.06633159268929512,0.004337497504453225,,,220.0,0.4948698167398317,,,0,,,REJECT,False,-0.011603529662749416,,0.0,,
W00002,development,3,trending,True,P210,NOISE,null,,,,0.0,-0.003981039010169927,False,False,,,,screen: never raised (t below screen_t or over the cap),0.1316216216216216,0.0073277852049303815,,,168.0,0.7701761354185835,,,0,,,REJECT,False,0.011308824215100308,,0.0,,
W00002,development,3,trending,True,P211,NOISE,null,,,,0.0,-0.00010121395985663974,False,False,,,,screen: never raised (t below screen_t or over the cap),0.1464135021097046,0.006786832123301112,,,176.0,0.790641783842586,,,0,,,REJECT,False,0.006888046083157752,,0.0,,
W00002,development,3,trending,True,P212,NOISE,null,,,,0.0,-0.003020768229837067,False,False,,,,screen: never raised (t below screen_t or over the cap),0.01955974842767294,-0.003567258406681262,,,392.0,-0.30154077626138803,,,0,,,REJECT,False,-0.0005464901768441948,,0.0,,
W00002,development,3,trending,True,P213,NOISE,null,,,,0.0,0.0023820258037273835,False,False,,,,screen: never raised (t below screen_t or over the cap),0.005862989323843548,-0.0009830972821691097,,,340.0,-0.08922903416649136,,,0,,,REJECT,False,-0.0033651230858964933,,0.0,,
W00002,development,3,trending,True,P214,NOISE,null,,,,0.0,-0.005885169796166581,False,False,,,,screen: never raised (t below screen_t or over the cap),0.41726804123711336,-0.018067106507728803,,,574.0,-1.4419874843310505,,,0,,,REJECT,False,-0.012181936711562223,,0.0,,
W00002,development,3,trending,True,P215,NOISE,null,,,,0.0,-0.005768582861539018,False,False,,,,screen: never raised (t below screen_t or over the cap),0.23185185185185186,-0.012318974922512604,,,533.0,-1.0306857528866826,,,0,,,REJECT,False,-0.006550392060973587,,0.0,,
W00002,development,3,trending,True,P216,NOISE,null,,,,0.0,-0.0006276249864022313,False,False,,,,screen: never raised (t below screen_t or over the cap),0.04504514672686244,-0.004241107491795626,,,410.0,-0.4630905472014503,,,0,,,REJECT,False,-0.0036134825053933946,,0.0,,
W00002,development,3,trending,True,P217,NOISE,null,,,,0.041666666666666664,0.011979957640310589,False,False,,,,screen: never raised (t below screen_t or over the cap),0.23215083798882685,0.012550584339131365,,,106.0,1.1803744866439287,,,0,,,REJECT,False,0.0005706266988207767,,0.0,,
W00002,development,3,trending,True,P218,NOISE,null,,,,0.0,0.002064293392205643,False,False,,,,screen: never raised (t below screen_t or over the cap),0.29681818181818187,-0.014922232138722402,,,556.0,-1.2330578168728688,,,0,,,REJECT,False,-0.016986525530928047,,0.0,,
W00002,development,3,trending,True,P219,NOISE,null,,,,0.0,-0.0015942871752255053,False,False,,,,screen: never raised (t below screen_t or over the cap),0.03994541484716163,-0.0032892155685336766,,,384.0,-0.2985809833228993,,,0,,,REJECT,False,-0.0016949283933081712,,0.0,,
W00002,development,3,trending,True,P220,NOISE,null,,,,0.0,0.0017741474439033314,False,False,,,,screen: never raised (t below screen_t or over the cap),0.06957507082152958,-0.006641522872432304,,,451.0,-0.6377630851718337,,,0,,,REJECT,False,-0.008415670316335635,,0.0,,
W00002,development,3,trending,True,P221,NOISE,null,,,,0.0,0.004015735529353315,False,False,,,,screen: never raised (t below screen_t or over the cap),0.11396739130434785,0.00545308958605506,,,202.0,0.7716075228491757,,,0,,,REJECT,False,0.001437354056701745,,0.0,,
W00002,development,3,trending,True,P222,NOISE,null,,,,0.08333333333333333,0.008769711665235762,False,False,,,,screen: never raised (t below screen_t or over the cap),0.8196969696969697,-0.026294220048980743,,,589.0,-2.71019581722191,,,0,,,REJECT,False,-0.035063931714216505,,0.0,,
W00002,development,3,trending,True,P223,NOISE,null,,,,0.0,-0.0033385215897026527,False,False,,,,screen: never raised (t below screen_t or over the cap),0.23215083798882685,-0.013962023583163286,,,549.0,-1.2203945417248458,,,0,,,REJECT,False,-0.010623501993460634,,0.0,,
W00002,development,3,trending,True,P224,NOISE,null,,,,0.0,-0.003507277222941094,False,False,,,,screen: never raised (t below screen_t or over the cap),0.11396739130434785,-0.008609096547277595,,,487.0,-0.9176281944759269,,,0,,,REJECT,False,-0.005101819324336501,,0.0,,
W00002,development,3,trending,True,P225,NOISE,null,,,,0.0,-0.00873432081403843,False,False,,,,screen: never raised (t below screen_t or over the cap),0.04504514672686244,0.004087450991670183,,,224.0,0.3766768899141212,,,0,,,REJECT,False,0.012821771805708614,,0.0,,
W00002,development,3,trending,True,P226,NOISE,null,,,,0.08333333333333333,0.01064005530070695,False,False,,,,screen: never raised (t below screen_t or over the cap),0.06633159268929512,-0.005139482180212485,,,428.0,-0.6531919125055585,,,0,,,REJECT,False,-0.015779537480919432,,0.0,,
W00002,development,3,trending,True,P227,NOISE,null,,,,0.041666666666666664,0.0005178856986119685,True,False,,0.0,,"quarantined: QUARANTINED blocked by calibration,complexity,identity,leakage,out_of_sample,replication,transfer",0.005862989323843548,0.010617503276401086,1.0,True,333.0,-0.0790628875432867,0.5833333333333334,QUARANTINED,3,,"calibration,complexity,identity,leakage,out_of_sample,replication,transfer",QUARANTINE,False,0.010099617577789119,,0.0,,
W00002,development,3,trending,True,P228,NOISE,null,,,,0.0,0.008119402651797157,False,False,,,,screen: never raised (t below screen_t or over the cap),0.0052017543859649296,-0.0003767333978667575,,,321.0,-0.048132390294709455,,,0,,,REJECT,False,-0.008496136049663915,,0.0,,
W00002,development,3,trending,True,P229,NOISE,null,,,,0.125,0.00787747392285553,False,False,,,,screen: never raised (t below screen_t or over the cap),0.06633159268929512,0.006273285008143503,,,186.0,0.4931842878500172,,,0,,,REJECT,False,-0.001604188914712026,,0.0,,
W00002,development,3,trending,True,P230,NOISE,null,,,,0.0,0.001185625029119971,False,False,,,,screen: never raised (t below screen_t or over the cap),0.027995689655172407,0.0021695126513671115,,,263.0,0.28554047815079203,,,0,,,REJECT,False,0.0009838876222471404,,0.0,,
W00002,development,3,trending,True,P231,NOISE,null,,,,0.0,-0.005551611930892117,False,False,,,,screen: never raised (t below screen_t or over the cap),0.04504514672686244,-0.004648878399154954,,,420.0,-0.3972542477953447,,,0,,,REJECT,False,0.0009027335317371632,,0.0,,
W00002,development,3,trending,True,P232,NOISE,null,,,,0.125,0.010456084403357139,False,False,,,,screen: never raised (t below screen_t or over the cap),0.17573394495412842,0.011115762749551061,,,121.0,0.9547084646130579,,,0,,,REJECT,False,0.0006596783461939228,,0.0,,
W00002,development,3,trending,True,P233,NOISE,null,,,,0.0,-0.001157847335970545,False,False,,,,screen: never raised (t below screen_t or over the cap),0.1316216216216216,-0.00914601871970605,,,494.0,-0.9908251387637842,,,0,,,REJECT,False,-0.007988171383735506,,0.0,,
W00002,development,3,trending,True,P234,NOISE,null,,,,0.0,-0.00849016444399602,False,False,,,,screen: never raised (t below screen_t or over the cap),0.027526881720430163,-0.002428734736583671,,,368.0,-0.3000897693571782,,,0,,,REJECT,False,0.006061429707412349,,0.0,,
W00002,development,3,trending,True,P235,NOISE,null,,,,0.0,0.007333085490439761,False,False,,,,screen: never raised (t below screen_t or over the cap),0.01955974842767294,-0.002935387037365622,,,378.0,-0.284153699574597,,,0,,,REJECT,False,-0.010268472527805383,,0.0,,
W00002,development,3,trending,True,P236,NOISE,null,,,,0.0,-0.0024763806439393517,False,False,,,,screen: never raised (t below screen_t or over the cap),0.01358223062381847,0.001815854843580711,,,277.0,0.1662414946227581,,,0,,,REJECT,False,0.004292235487520063,,0.0,,
W00002,development,3,trending,True,P237,NOISE,null,,,,0.0,-0.01035748443740006,False,False,,,,screen: never raised (t below screen_t or over the cap),0.03994541484716163,-0.003564052367535153,,,391.0,-0.35815390578876644,,,0,,,REJECT,False,0.0067934320698649076,,0.0,,
W00002,development,3,trending,True,P238,NOISE,null,,,,0.0,-0.007723232079105585,False,False,,,,screen: never raised (t below screen_t or over the cap),0.24961783439490448,0.014594611183053718,,,83.0,1.1809046034178845,,,0,,,REJECT,False,0.022317843262159305,,0.0,,
W00002,development,3,trending,True,P239,NOISE,null,,,,0.0,-0.006170543407769656,False,False,,,,screen: never raised (t below screen_t or over the cap),0.06957507082152958,0.006104924867067596,,,188.0,0.5836711522212734,,,0,,,REJECT,False,0.012275468274837251,,0.0,,
W00002,development,3,trending,True,P240,NOISE,null,,,,0.25,0.011915816849876432,False,False,,,,screen: never raised (t below screen_t or over the cap),0.06957507082152958,-0.004699563775681204,,,421.0,-0.6151283077895582,,,0,,,REJECT,False,-0.016615380625557636,,0.0,,
W00002,development,3,trending,True,P241,NOISE,null,,,,0.0,-0.004054641397595484,False,False,,,,screen: never raised (t below screen_t or over the cap),0.17700934579439254,-0.009512673348742395,,,502.0,-1.1406873969959448,,,0,,,REJECT,False,-0.005458031951146912,,0.0,,
W00002,development,3,trending,True,P242,NOISE,null,,,,0.0,-0.002240916198867714,False,False,,,,screen: never raised (t below screen_t or over the cap),0.5405696202531645,-0.01785232959442773,,,571.0,-1.8889541134829355,,,0,,,REJECT,False,-0.015611413395560016,,0.0,,
W00002,development,3,trending,True,P243,NOISE,null,,,,0.0,-0.012756494157610472,False,False,,,,screen: never raised (t below screen_t or over the cap),0.23185185185185186,0.009572803394961138,,,139.0,1.2409092939669304,,,0,,,REJECT,False,0.02232929755257161,,0.0,,
W00002,development,3,trending,True,P244,NOISE,null,,,,0.0,0.004313408253895832,False,False,,,,screen: never raised (t below screen_t or over the cap),0.16076419213973803,0.009902427260684576,,,136.0,0.9704826747419029,,,0,,,REJECT,False,0.005589019006788745,,0.0,,
W00002,development,3,trending,True,P245,NOISE,null,,,,0.08333333333333333,0.011117064043878973,False,False,,,,screen: never raised (t below screen_t or over the cap),0.01955974842767294,0.002179321424739422,,,261.0,0.3122172568613546,,,0,,,REJECT,False,-0.00893774261913955,,0.0,,
W00002,development,3,trending,True,P246,NOISE,null,,,,0.0,0.0057827861387500365,False,False,,,,screen: never raised (t below screen_t or over the cap),0.04504514672686244,-0.0028319248396543317,,,376.0,-0.3521536386095844,,,0,,,REJECT,False,-0.008614710978404369,,0.0,,
W00002,development,3,trending,True,P247,NOISE,null,,,,0.0,0.0008381841407579387,False,False,,,,screen: never raised (t below screen_t or over the cap),0.18333333333333324,-0.00954798227092557,,,503.0,-1.0677288975190562,,,0,,,REJECT,False,-0.010386166411683509,,0.0,,
W00002,development,3,trending,True,P248,NOISE,null,,,,0.0,-0.005784256393310064,False,False,,,,screen: never raised (t below screen_t or over the cap),0.05208333333333337,0.00422278078665872,,,222.0,0.442325129831991,,,0,,,REJECT,False,0.010007037179968783,,0.0,,
W00002,development,3,trending,True,P249,NOISE,null,,,,0.0,-0.0019155552169845495,False,False,,,,screen: never raised (t below screen_t or over the cap),0.003273809523809401,0.0005126747776705853,,,302.0,0.05323149767457053,,,0,,,REJECT,False,0.002428229994655135,,0.0,,
W00002,development,3,trending,True,P250,NOISE,null,,,,0.0,-0.0009304664546552897,False,False,,,,screen: never raised (t below screen_t or over the cap),0.1320867768595041,-0.010097963422696588,,,510.0,-0.8094765383068601,,,0,,,REJECT,False,-0.009167496968041297,,0.0,,
W00002,development,3,trending,True,P251,NOISE,null,,,,0.16666666666666666,0.0048852892369004456,True,False,,3.0,,"live: FAILED blocked by calibration,complexity,out_of_sample,replication",0.6737096774193548,0.024462009127584432,1.0,True,50.0,1.9161972053179754,0.6666666666666666,FAILED,2,,"calibration,complexity,out_of_sample,replication",UNKNOWN,False,0.019576719890683988,,0.0,,
W00002,development,3,trending,True,P252,NOISE,null,,,,0.0,0.001846279614403686,False,False,,,,screen: never raised (t below screen_t or over the cap),0.01955974842767294,-0.0020486860243348337,,,359.0,-0.2614360566973695,,,0,,,REJECT,False,-0.0038949656387385198,,0.0,,
W00002,development,3,trending,True,P253,NOISE,null,,,,0.0,-0.012466774486455596,False,False,,,,screen: never raised (t below screen_t or over the cap),0.14082987551867232,-0.011181026198973265,,,522.0,-0.9020877244151594,,,0,,,REJECT,False,0.001285748287482331,,0.0,,
W00002,development,3,trending,True,P254,NOISE,null,,,,0.0,0.0024317475617682133,False,False,,,,screen: never raised (t below screen_t or over the cap),0.06633159268929512,0.006511837719987201,,,181.0,0.5300838290378941,,,0,,,REJECT,False,0.004080090158218988,,0.0,,
W00002,development,3,trending,True,P255,NOISE,null,,,,0.0,-9.906352860906544e-05,False,False,,,,screen: never raised (t below screen_t or over the cap),0.23215083798882685,-0.011917673198211298,,,530.0,-1.1686645495348422,,,0,,,REJECT,False,-0.011818609669602232,,0.0,,
W00002,development,3,trending,True,P256,NOISE,null,,,,0.041666666666666664,0.00445012252206721,False,False,,,,screen: never raised (t below screen_t or over the cap),0.1449999999999999,0.010487478502185898,,,127.0,0.8902029044925054,,,0,,,REJECT,False,0.006037355980118689,,0.0,,
W00002,development,3,trending,True,P257,NOISE,null,,,,0.0,-0.007593619808813486,False,False,,,,screen: never raised (t below screen_t or over the cap),0.05208333333333337,0.003642598472346714,,,229.0,0.5059683243156348,,,0,,,REJECT,False,0.0112362182811602,,0.0,,
W00002,development,3,trending,True,P258,NOISE,null,,,,0.125,0.007458343341737249,True,False,,2.0,,"live: FAILED blocked by calibration,complexity,out_of_sample,replication",0.1316216216216216,0.024516815869979714,1.0,True,124.0,0.8448355178145653,0.6666666666666666,FAILED,3,,"calibration,complexity,out_of_sample,replication",UNKNOWN,False,0.017058472528242465,,0.0,,
W00002,development,3,trending,True,P259,NOISE,null,,,,0.0,-0.0028499257763480524,False,False,,,,screen: never raised (t below screen_t or over the cap),0.2808633093525179,-0.012664852196702325,,,536.0,-1.312597985954405,,,0,,,REJECT,False,-0.009814926420354274,,0.0,,
W00002,development,3,trending,True,P260,NOISE,null,,,,0.041666666666666664,0.006632533387319973,False,False,,,,screen: never raised (t below screen_t or over the cap),0.1316216216216216,-0.010329881007306585,,,512.0,-0.917526184946635,,,0,,,REJECT,False,-0.01696241439462656,,0.0,,
W00002,development,3,trending,True,P261,NOISE,null,,,,0.0,0.004654805722016815,False,False,,,,screen: never raised (t below screen_t or over the cap),0.23215083798882685,-0.0137473059087867,,,546.0,-1.226285765964843,,,0,,,REJECT,False,-0.018402111630803516,,0.0,,
W00002,development,3,trending,True,P262,NOISE,null,,,,0.0,-0.021549929890849546,True,False,,4.0,,"live: FAILED blocked by calibration,complexity,out_of_sample,replication,transfer",0.8016666666666666,0.020306356244724637,-1.0,False,58.0,2.3522853969873374,0.5833333333333334,FAILED,1,,"calibration,complexity,out_of_sample,replication,transfer",UNKNOWN,False,0.04185628613557418,,0.0,,
W00002,development,3,trending,True,P263,NOISE,null,,,,0.0,-0.009273953781167715,False,False,,,,screen: never raised (t below screen_t or over the cap),0.16030303030303028,-0.01083078554089123,,,518.0,-1.0277984006293934,,,0,,,REJECT,False,-0.0015568317597235148,,0.0,,
W00002,development,3,trending,True,P264,NOISE,null,,,,0.0,-0.0012347971146106074,False,False,,,,screen: never raised (t below screen_t or over the cap),0.003273809523809401,0.00022647369079975554,,,308.0,0.023737174908538803,,,0,,,REJECT,False,0.001461270805410363,,0.0,,
W00002,development,3,trending,True,P265,NOISE,null,,,,0.0,-0.012133668389595854,True,False,,0.0,,"quarantined: QUARANTINED blocked by complexity,identity,leakage,out_of_sample,replication,reproducibility",0.5868055555555556,0.014609784029820484,-1.0,False,60.0,1.623487126765188,0.5,QUARANTINED,1,,"complexity,identity,leakage,out_of_sample,replication,reproducibility",QUARANTINE,False,0.026743452419416336,,0.0,,
W00002,development,3,trending,True,P266,NOISE,null,,,,0.041666666666666664,0.008504288980258103,False,False,,,,screen: never raised (t below screen_t or over the cap),0.04504514672686244,0.003467415969977905,,,233.0,0.31586727650459284,,,0,,,REJECT,False,-0.005036873010280198,,0.0,,
W00002,development,3,trending,True,P267,NOISE,null,,,,0.041666666666666664,0.006284836233236438,False,False,,,,screen: never raised (t below screen_t or over the cap),0.24961783439490448,0.014857718069943515,,,81.0,1.2369899212100868,,,0,,,REJECT,False,0.008572881836707076,,0.0,,
W00002,development,3,trending,True,P268,NOISE,null,,,,0.0,0.0021742507384761483,False,False,,,,screen: never raised (t below screen_t or over the cap),0.16805309734513274,-0.007862815616287655,,,473.0,-0.9968430310797974,,,0,,,REJECT,False,-0.010037066354763802,,0.0,,
W00002,development,3,trending,True,P269,NOISE,null,,,,0.0,-0.0171909645271493,False,False,,,,screen: never raised (t below screen_t or over the cap),0.05473007712082267,0.00564271010553119,,,198.0,0.4607426390396223,,,0,,,REJECT,False,0.02283367463268049,,0.0,,
W00002,development,3,trending,True,P270,NOISE,null,,,,0.125,0.00855006191040209,False,False,,,,screen: never raised (t below screen_t or over the cap),0.03994541484716163,0.0031826592519157426,,,238.0,0.32454582219955974,,,0,,,REJECT,False,-0.005367402658486347,,0.0,,
W00002,development,3,trending,True,P271,NOISE,null,,,,0.041666666666666664,0.008051716978426084,False,False,,,,screen: never raised (t below screen_t or over the cap),0.24961783439490448,0.012563605160764935,,,105.0,1.4532617829570722,,,0,,,REJECT,False,0.004511888182338851,,0.0,,
W00002,development,3,trending,True,P272,NOISE,null,,,,0.0,-0.0079055589870829,False,False,,,,screen: never raised (t below screen_t or over the cap),0.1554025423728813,0.0092484763954922,,,145.0,0.8493148940682902,,,0,,,REJECT,False,0.0171540353825751,,0.0,,
W00002,development,3,trending,True,P273,NOISE,null,,,,0.041666666666666664,0.005012884741966013,True,False,,0.0,,"quarantined: QUARANTINED blocked by calibration,complexity,failure_behavior,identity,leakage,out_of_sample,replication,transfer",0.03994541484716163,0.007335137406122567,1.0,True,230.0,0.2859280393622743,0.75,QUARANTINED,5,,"calibration,complexity,failure_behavior,identity,leakage,out_of_sample,replication,transfer",QUARANTINE,False,0.002322252664156554,,0.0,,
W00002,development,3,trending,True,P274,NOISE,null,,,,0.041666666666666664,0.006512134161397254,False,False,,,,screen: never raised (t below screen_t or over the cap),0.09690938511326863,-0.007144279945379195,,,460.0,-0.7444899987523474,,,0,,,REJECT,False,-0.01365641410677645,,0.0,,
W00002,development,3,trending,True,P275,NOISE,null,,,,0.0,-0.0005772193903711943,False,False,,,,screen: never raised (t below screen_t or over the cap),0.05208333333333337,0.004796497778695397,,,216.0,0.44977022918739107,,,0,,,REJECT,False,0.005373717169066591,,0.0,,
W00002,development,3,trending,True,P276,NOISE,null,,,,0.0,0.003307449906324388,False,False,,,,screen: never raised (t below screen_t or over the cap),0.01358223062381847,-0.002049662931114804,,,360.0,-0.23251094814632456,,,0,,,REJECT,False,-0.005357112837439192,,0.0,,
W00002,development,3,trending,True,P277,NOISE,null,,,,0.0,-0.004388863301575036,False,False,,,,screen: never raised (t below screen_t or over the cap),0.005862989323843548,0.0009044207247375091,,,296.0,0.0809667172676113,,,0,,,REJECT,False,0.005293284026312545,,0.0,,
W00002,development,3,trending,True,P278,NOISE,null,,,,0.0,-0.008251323325062114,False,False,,,,screen: never raised (t below screen_t or over the cap),0.1316216216216216,-0.00797654585486901,,,475.0,-0.9017880497507835,,,0,,,REJECT,False,0.00027477747019310356,,0.0,,
W00002,development,3,trending,True,P279,NOISE,null,,,,0.0,0.002773311620418016,True,False,,1.0,,"quarantined: QUARANTINED blocked by calibration,complexity,identity,leakage,out_of_sample,replication",0.0,0.011803531406041873,-1.0,False,313.0,0.006686860887017352,0.5,QUARANTINED,1,,"calibration,complexity,identity,leakage,out_of_sample,replication",QUARANTINE,False,0.009030219785623857,,0.0,,
W00002,development,3,trending,True,P280,NOISE,null,,,,0.08333333333333333,0.005858862208868911,False,False,,,,screen: never raised (t below screen_t or over the cap),0.01358223062381847,-0.002760643285528608,,,374.0,-0.2069967400788048,,,0,,,REJECT,False,-0.008619505494397519,,0.0,,
W00002,development,3,trending,True,P281,NOISE,null,,,,0.0,0.004635228454021649,False,False,,,,screen: never raised (t below screen_t or over the cap),0.09033653846153844,-0.007882941162836832,,,474.0,-0.7464960069873217,,,0,,,REJECT,False,-0.01251816961685848,,0.0,,
W00002,development,3,trending,True,P282,NOISE,null,,,,0.0,-0.004087358625671373,False,False,,,,screen: never raised (t below screen_t or over the cap),0.17636574074074074,-0.010904820892184364,,,520.0,-1.0505077032167431,,,0,,,REJECT,False,-0.00681746226651299,,0.0,,
W00002,development,3,trending,True,P283,NOISE,null,,,,0.25,0.014744562993793049,False,False,,,,screen: never raised (t below screen_t or over the cap),0.06957507082152958,-0.007189422448163785,,,461.0,-0.5000397868702012,,,0,,,REJECT,False,-0.021933985441956835,,0.0,,
W00002,development,3,trending,True,P284,NOISE,null,,,,0.0,0.00371631341101261,False,False,,,,screen: never raised (t below screen_t or over the cap),0.06957507082152958,0.006296166698073757,,,185.0,0.6125280490383949,,,0,,,REJECT,False,0.0025798532870611474,,0.0,,
W00002,development,3,trending,True,P285,NOISE,null,,,,0.0,0.004260656952353133,False,False,,,,screen: never raised (t below screen_t or over the cap),0.03425925925925932,0.0034244319436304016,,,234.0,0.2738921855387001,,,0,,,REJECT,False,-0.0008362250087227312,,0.0,,
W00002,development,3,trending,True,P286,NOISE,null,,,,0.041666666666666664,0.011405095958786048,False,False,,,,screen: never raised (t below screen_t or over the cap),0.48110465116279066,-0.01795444601103352,,,573.0,-1.8143859956230324,,,0,,,REJECT,False,-0.029359541969819568,,0.0,,
W00002,development,3,trending,True,P287,NOISE,null,,,,0.16666666666666666,0.010556080624718083,False,False,,,,screen: never raised (t below screen_t or over the cap),0.23215083798882685,-0.010658421233627424,,,517.0,-1.035527908274044,,,0,,,REJECT,False,-0.02121450185834551,,0.0,,
W00002,development,3,trending,True,P288,NOISE,null,,,,0.0,-0.0017389636195804395,False,False,,,,screen: never raised (t below screen_t or over the cap),0.6955813953488372,-0.019124312687694656,,,575.0,-2.0380682825985774,,,0,,,REJECT,False,-0.017385349068114217,,0.0,,
W00002,development,3,trending,True,P289,NOISE,null,,,,0.0,0.007882522710207698,False,False,,,,screen: never raised (t below screen_t or over the cap),0.29681818181818187,0.010655539872168829,,,126.0,1.3106573575539189,,,0,,,REJECT,False,0.002773017161961131,,0.0,,
W00002,development,3,trending,True,P290,NOISE,null,,,,0.041666666666666664,0.01026402758603831,False,False,,,,screen: never raised (t below screen_t or over the cap),0.033286334056399136,0.0032296700431897474,,,237.0,0.28452352559843586,,,0,,,REJECT,False,-0.007034357542848563,,0.0,,
W00002,development,3,trending,True,P291,NOISE,null,,,,0.041666666666666664,0.0051050468262923004,False,False,,,,screen: never raised (t below screen_t or over the cap),0.05208333333333337,0.004391593002001093,,,219.0,0.4705757207327782,,,0,,,REJECT,False,-0.0007134538242912075,,0.0,,
W00002,development,3,trending,True,P292,NOISE,null,,,,0.0,-0.000632363542565407,False,False,,,,screen: never raised (t below screen_t or over the cap),0.05257692307692308,-0.0036838508386181634,,,397.0,-0.49350871825022913,,,0,,,REJECT,False,-0.0030514872960527564,,0.0,,
W00002,development,3,trending,True,P293,NOISE,null,,,,0.0,0.0032952116897842342,False,False,,,,screen: never raised (t below screen_t or over the cap),0.09690938511326863,0.00731352078791736,,,169.0,0.6527351130428865,,,0,,,REJECT,False,0.004018309098133126,,0.0,,
W00002,development,3,trending,True,P294,NOISE,null,,,,0.0,2.4019735879240313e-05,False,False,,,,screen: never raised (t below screen_t or over the cap),0.09690938511326863,0.008351946712818914,,,157.0,0.720422625348408,,,0,,,REJECT,False,0.008327926976939674,,0.0,,
W00002,development,3,trending,True,P295,NOISE,null,,,,0.0,-0.013208655452166219,True,False,,4.0,,"live: FAILED blocked by calibration,complexity,out_of_sample,replication,reproducibility,transfer",0.7024999999999999,0.020302148247503822,-1.0,False,38.0,2.2022356872647766,0.5,FAILED,1,,"calibration,complexity,out_of_sample,replication,reproducibility,transfer",UNKNOWN,False,0.03351080369967004,,0.0,,
W00002,development,3,trending,True,P296,NOISE,null,,,,0.0,-0.007222214162467214,False,False,,,,screen: never raised (t below screen_t or over the cap),0.05176399026763989,0.004681564480849998,,,218.0,0.34578392330577506,,,0,,,REJECT,False,0.011903778643317212,,0.0,,
W00002,development,3,trending,True,P297,NOISE,null,,,,0.0,0.0018534555053892556,False,False,,,,screen: never raised (t below screen_t or over the cap),0.06633159268929512,-0.0051001317451426775,,,427.0,-0.5285151036476322,,,0,,,REJECT,False,-0.006953587250531933,,0.0,,
W00002,development,3,trending,True,P298,NOISE,null,,,,0.041666666666666664,0.0027846141357564906,False,False,,,,screen: never raised (t below screen_t or over the cap),0.06957507082152958,-0.0065511150623184244,,,448.0,-0.5854376284089279,,,0,,,REJECT,False,-0.009335729198074915,,0.0,,
W00002,development,3,trending,True,P299,NOISE,null,,,,0.0,-0.0015150770497915258,False,False,,,,screen: never raised (t below screen_t or over the cap),0.03994541484716163,-0.0036180729929250477,,,394.0,-0.26973325795220965,,,0,,,REJECT,False,-0.0021029959431335217,,0.0,,
W00002,development,3,trending,True,P300,NOISE,identity_null,,,,0.0,-0.017562519393629177,True,False,,1.0,,"quarantined: QUARANTINED blocked by calibration,complexity,identity,leakage,out_of_sample,replication,transfer",0.01358223062381847,0.019571675311247632,-1.0,False,259.0,0.17260623278691659,0.6666666666666666,QUARANTINED,3,,"calibration,complexity,identity,leakage,out_of_sample,replication,transfer",QUARANTINE,False,0.037134194704876805,,0.0,,
W00002,development,3,trending,True,P301,NOISE,identity_null,,,,0.0,0.004991353504152477,False,False,,,,screen: never raised (t below screen_t or over the cap),0.23185185185185186,0.011111846323453078,,,122.0,1.1004079532761317,,,0,,,REJECT,False,0.006120492819300601,,0.0,,
W00002,development,3,trending,True,P302,NOISE,identity_null,,,,0.125,0.010884576621360215,False,False,,,,screen: never raised (t below screen_t or over the cap),0.1316216216216216,0.007964524722879895,,,160.0,0.8021616499579498,,,0,,,REJECT,False,-0.0029200518984803196,,0.0,,
W00002,development,3,trending,True,P303,NOISE,identity_null,,,,0.08333333333333333,0.010746215293274849,False,False,,,,screen: never raised (t below screen_t or over the cap),0.19103448275862056,0.010237237685118306,,,129.0,0.8899329107840617,,,0,,,REJECT,False,-0.0005089776081565432,,0.0,,
W00002,development,3,trending,True,P304,NOISE,identity_null,,,,0.0,-0.03003606606155009,True,False,,0.0,,"live: FAILED blocked by calibration,complexity,out_of_sample,replication",0.5761643835616439,0.021099638352738807,-1.0,False,49.0,1.9337752977779175,0.8333333333333334,FAILED,5,,"calibration,complexity,out_of_sample,replication",UNKNOWN,False,0.0511357044142889,,0.0,,
W00002,development,3,trending,True,P305,NOISE,identity_null,,,,0.0,-0.00313760967804106,False,False,,,,screen: never raised (t below screen_t or over the cap),0.041835585585585644,-0.0037854910117743334,,,401.0,-0.3698042373914245,,,0,,,REJECT,False,-0.0006478813337332735,,0.0,,
W00002,development,3,trending,True,P306,NOISE,identity_null,,,,0.2916666666666667,0.01595403329193218,True,False,,0.0,,"quarantined: QUARANTINED blocked by calibration,complexity,identity,leakage,out_of_sample,replication,transfer",0.17240909090909096,0.015027210520100018,1.0,True,88.0,0.8967531633504273,0.6666666666666666,QUARANTINED,5,,"calibration,complexity,identity,leakage,out_of_sample,replication,transfer",QUARANTINE,False,-0.0009268227718321614,,0.0,,
W00002,development,3,trending,True,P307,NOISE,identity_null,,,,0.20833333333333334,0.01027632774195147,False,False,,,,screen: never raised (t below screen_t or over the cap),0.2808633093525179,-0.013703854870275367,,,545.0,-1.3474637945143724,,,0,,,REJECT,False,-0.023980182612226838,,0.0,,
W00002,development,3,trending,True,P308,NOISE,identity_null,,,,0.25,0.009934675088298074,False,False,,,,screen: never raised (t below screen_t or over the cap),0.06957507082152958,-0.006794748669585182,,,452.0,-0.6211621974025464,,,0,,,REJECT,False,-0.016729423757883256,,0.0,,
W00002,development,3,trending,True,P309,NOISE,identity_null,,,,0.041666666666666664,0.0066759404910410524,False,False,,,,screen: never raised (t below screen_t or over the cap),0.12673003802281357,-0.00830484241413959,,,481.0,-0.7948983556281993,,,0,,,REJECT,False,-0.014980782905180644,,0.0,,
W00002,development,3,trending,True,P310,NOISE,identity_null,,,,0.0,-0.023009381127787585,False,False,,,,screen: never raised (t below screen_t or over the cap),0.3118695652173913,0.016274435378912377,,,72.0,1.2287464273959068,,,0,,,REJECT,False,0.03928381650669996,,0.0,,
W00002,development,3,trending,True,P311,NOISE,identity_null,,,,0.0,0.0058896248900676285,False,False,,,,screen: never raised (t below screen_t or over the cap),0.6447761194029851,-0.017400429034632903,,,568.0,-2.1513039974643586,,,0,,,REJECT,False,-0.02329005392470053,,0.0,,
W00002,development,3,trending,True,P312,NOISE,identity_null,,,,0.0,-0.0024091987949823087,False,False,,,,screen: never raised (t below screen_t or over the cap),0.01358223062381847,-0.0018190387115775697,,,355.0,-0.17826018797480428,,,0,,,REJECT,False,0.000590160083404739,,0.0,,
W00002,development,3,trending,True,P313,NOISE,identity_null,,,,0.16666666666666666,0.009868600547120614,True,False,,4.0,,"live: FAILED blocked by calibration,complexity,out_of_sample,replication,transfer",0.538875,0.02121456437454121,1.0,True,35.0,2.0464394927634575,0.5833333333333334,FAILED,1,,"calibration,complexity,out_of_sample,replication,transfer",UNKNOWN,False,0.011345963827420594,,0.0,,
W00002,development,3,trending,True,P314,NOISE,identity_null,,,,0.0,-0.009983069554534993,False,False,,,,screen: never raised (t below screen_t or over the cap),0.4696739130434783,-0.017569943500307772,,,569.0,-1.7542681278000258,,,0,,,REJECT,False,-0.007586873945772779,,0.0,,
W00002,development,3,trending,True,P315,NOISE,identity_null,,,,0.25,0.012612072155414366,False,False,,,,screen: never raised (t below screen_t or over the cap),0.003273809523809401,0.00027145406975337405,,,305.0,0.021943547785546476,,,0,,,REJECT,False,-0.012340618085660992,,0.0,,
W00002,development,3,trending,True,P316,NOISE,identity_null,,,,0.0,-0.00324483830436209,False,False,,,,screen: never raised (t below screen_t or over the cap),0.0052017543859649296,-0.0006681366421398272,,,330.0,-0.04714929813813033,,,0,,,REJECT,False,0.002576701662222263,,0.0,,
W00002,development,3,trending,True,P317,NOISE,identity_null,,,,0.7916666666666666,0.022965626613134612,True,False,,0.0,,"quarantined: QUARANTINED blocked by calibration,complexity,identity,leakage,out_of_sample,replication,risk,transfer",0.6737096774193548,0.01850295055518119,1.0,True,51.0,1.8722232990010654,0.5,QUARANTINED,2,,"calibration,complexity,identity,leakage,out_of_sample,replication,risk,transfer",QUARANTINE,False,-0.004462676057953422,,0.0,,
W00002,development,3,trending,True,P318,NOISE,identity_null,,,,0.08333333333333333,0.010146395857157122,False,False,,,,screen: never raised (t below screen_t or over the cap),0.1316216216216216,0.007562586779989,,,165.0,0.7952404105141282,,,0,,,REJECT,False,-0.002583809077168122,,0.0,,
W00002,development,3,trending,True,P319,NOISE,identity_null,,,,1.0,0.03623674389950693,True,False,,0.0,,"live: FAILED blocked by calibration,out_of_sample,replication,risk,transfer",0.8656451612903225,0.03424339228416656,1.0,True,20.0,2.9833358031980755,0.5833333333333334,FAILED,5,,"calibration,out_of_sample,replication,risk,transfer",UNKNOWN,False,-0.0019933516153403663,,0.0,,
W00002,development,3,trending,True,P320,NOISE,identity_null,,,,0.0,-0.011462763161584984,False,False,,,,screen: never raised (t below screen_t or over the cap),0.26958620689655177,0.014587237399137587,,,85.0,1.3437287869553034,,,0,,,REJECT,False,0.02605000056072257,,0.0,,
W00002,development,3,trending,True,P321,NOISE,identity_null,,,,0.0,0.00013015700188263483,False,False,,,,screen: never raised (t below screen_t or over the cap),0.003273809523809401,0.00017821126041883684,,,310.0,0.025462946138390716,,,0,,,REJECT,False,4.805425853620201e-05,,0.0,,
W00002,development,3,trending,True,P322,NOISE,identity_null,,,,0.0,-0.005294390414791641,False,False,,,,screen: never raised (t below screen_t or over the cap),0.06957507082152958,-0.007285244415866032,,,464.0,-0.48910560963843297,,,0,,,REJECT,False,-0.0019908540010743917,,0.0,,
W00002,development,3,trending,True,P323,NOISE,identity_null,,,,0.0,-0.0036243293715398205,False,False,,,,screen: never raised (t below screen_t or over the cap),0.09690938511326863,-0.008372430668877828,,,482.0,-0.6430105901744688,,,0,,,REJECT,False,-0.004748101297338008,,0.0,,
W00002,development,3,trending,True,P324,NOISE,identity_null,,,,0.0,0.003365084057084573,False,False,,,,screen: never raised (t below screen_t or over the cap),0.23215083798882685,-0.01000791384348293,,,509.0,-1.234144956607037,,,0,,,REJECT,False,-0.013372997900567504,,0.0,,
W00002,development,3,trending,True,P325,NOISE,identity_null,,,,0.9583333333333334,0.03160713633747426,True,False,,0.0,,"live: FAILED blocked by calibration,complexity,out_of_sample,replication,transfer",0.89375,0.027642098899957626,1.0,True,24.0,2.4018881752152197,0.5833333333333334,FAILED,5,,"calibration,complexity,out_of_sample,replication,transfer",UNKNOWN,False,-0.003965037437516632,,0.0,,
W00002,development,3,trending,True,P326,NOISE,identity_null,,,,0.0,-0.00021581960780276958,False,False,,,,screen: never raised (t below screen_t or over the cap),0.005862989323843548,-0.0005892955347164275,,,328.0,-0.08737490396861741,,,0,,,REJECT,False,-0.0003734759269136579,,0.0,,
W00002,development,3,trending,True,P327,NOISE,identity_null,,,,0.041666666666666664,0.001555263756442763,False,False,,,,screen: never raised (t below screen_t or over the cap),0.06633159268929512,-0.004632056201237411,,,417.0,-0.43550231736273814,,,0,,,REJECT,False,-0.006187319957680174,,0.0,,
W00002,development,3,trending,True,P328,NOISE,identity_null,,,,0.08333333333333333,0.010170368918570812,False,False,,,,screen: never raised (t below screen_t or over the cap),0.11524163568773238,0.01035103313291752,,,128.0,0.8168507506703278,,,0,,,REJECT,False,0.00018066421434670757,,0.0,,
W00002,development,3,trending,True,P329,NOISE,identity_null,,,,0.25,0.013883748665630686,False,False,,,,screen: never raised (t below screen_t or over the cap),0.06957507082152958,-0.005910614187054575,,,438.0,-0.5770562063451866,,,0,,,REJECT,False,-0.01979436285268526,,0.0,,
W00002,development,3,trending,True,P330,NOISE,autocorr_trap,,,,0.0,-0.005579134992256821,False,False,,,,screen: never raised (t below screen_t or over the cap),0.29681818181818187,-0.014446892360180708,,,553.0,-1.2360384395399318,,,0,,,REJECT,False,-0.008867757367923886,,0.0,,
W00002,development,3,trending,True,P331,NOISE,autocorr_trap,,,,0.25,0.013761117365994937,False,False,,,,screen: never raised (t below screen_t or over the cap),0.013064220183486297,-0.0014532495797530687,,,350.0,-0.1726032463528213,,,0,,,REJECT,False,-0.015214366945748006,,0.0,,
W00002,development,3,trending,True,P332,NOISE,autocorr_trap,,,,0.041666666666666664,-0.004843067699685932,False,False,,,,screen: never raised (t below screen_t or over the cap),0.32075221238938056,0.012952674669604258,,,99.0,1.4444703560188736,,,0,,,REJECT,False,0.017795742369290192,,0.0,,
W00002,development,3,trending,True,P333,NOISE,autocorr_trap,,,,0.2916666666666667,0.012629328028203353,False,False,,,,screen: never raised (t below screen_t or over the cap),0.013064220183486297,0.0009921957798847414,,,292.0,0.10840705160528998,,,0,,,REJECT,False,-0.011637132248318612,,0.0,,
W00002,development,3,trending,True,P334,NOISE,autocorr_trap,,,,0.0,-0.01685545378251185,False,False,,,,screen: never raised (t below screen_t or over the cap),0.09690938511326863,0.005865343154287328,,,189.0,0.6509661194582673,,,0,,,REJECT,False,0.022720796936799178,,0.0,,
W00002,development,3,trending,True,P335,NOISE,autocorr_trap,,,,0.0,-0.00501718290586216,False,False,,,,screen: never raised (t below screen_t or over the cap),0.3118695652173913,0.014127912581580415,,,89.0,1.5095180227455551,,,0,,,REJECT,False,0.019145095487442573,,0.0,,
W00002,development,3,trending,True,P336,NOISE,autocorr_trap,,,,0.0,0.004830118156754732,True,False,,1.0,,"quarantined: QUARANTINED blocked by calibration,complexity,identity,leakage,out_of_sample,replication,transfer",0.17636574074074074,0.016378466221551022,1.0,True,150.0,1.0229461542505147,0.4166666666666667,QUARANTINED,1,,"calibration,complexity,identity,leakage,out_of_sample,replication,transfer",QUARANTINE,False,0.01154834806479629,,0.0,,
W00002,development,3,trending,True,P337,NOISE,autocorr_trap,,,,0.0,-0.027436321216731663,False,False,,,,screen: never raised (t below screen_t or over the cap),0.4173958333333333,0.019427507661355148,,,53.0,1.678134174568749,,,0,,,REJECT,False,0.04686382887808681,,0.0,,
W00002,development,3,trending,True,P338,NOISE,autocorr_trap,,,,0.0,0.002348604990018855,False,False,,,,screen: never raised (t below screen_t or over the cap),0.05208333333333337,0.005188553856550593,,,211.0,0.471121146093197,,,0,,,REJECT,False,0.002839948866531738,,0.0,,
W00002,development,3,trending,True,P339,NOISE,autocorr_trap,,,,0.0,-0.013893264832426254,False,False,,,,screen: never raised (t below screen_t or over the cap),0.05842783505154647,-0.004809283031780298,,,422.0,-0.5438250576463957,,,0,,,REJECT,False,0.009083981800645955,,0.0,,
W00002,development,3,trending,True,P340,NOISE,autocorr_trap,,,,0.041666666666666664,0.007016166670497923,True,False,,0.0,,"quarantined: QUARANTINED blocked by calibration,complexity,identity,leakage,out_of_sample,replication,risk,transfer",0.06957507082152958,0.01631903573977243,1.0,True,171.0,0.5761462973628942,0.5,QUARANTINED,3,,"calibration,complexity,identity,leakage,out_of_sample,replication,risk,transfer",QUARANTINE,False,0.009302869069274508,,0.0,,
W00002,development,3,trending,True,P341,NOISE,autocorr_trap,,,,0.0,-0.01333857953109902,False,False,,,,screen: never raised (t below screen_t or over the cap),0.5868055555555556,0.021757468078490882,,,41.0,1.7491611537587408,,,0,,,REJECT,False,0.035096047609589905,,0.0,,
W00002,development,3,trending,True,P342,NOISE,autocorr_trap,,,,0.041666666666666664,0.004877064970139907,False,False,,,,screen: never raised (t below screen_t or over the cap),0.32075221238938056,0.01940137121533647,,,54.0,1.4178377433215545,,,0,,,REJECT,False,0.014524306245196565,,0.0,,
W00002,development,3,trending,True,P343,NOISE,autocorr_trap,,,,0.2916666666666667,0.014546896360236948,False,False,,,,screen: never raised (t below screen_t or over the cap),0.24961783439490448,0.015323549435036998,,,78.0,1.368080510141292,,,0,,,REJECT,False,0.0007766530748000502,,0.0,,
W00002,development,3,trending,True,P344,NOISE,autocorr_trap,,,,0.0,-0.005980209325931675,False,False,,,,screen: never raised (t below screen_t or over the cap),0.2532550335570469,0.01347132659820649,,,94.0,1.3718200582114766,,,0,,,REJECT,False,0.019451535924138164,,0.0,,
W00002,development,3,trending,True,P345,NOISE,autocorr_trap,,,,0.08333333333333333,0.01014839263891885,False,False,,,,screen: never raised (t below screen_t or over the cap),0.04504514672686244,0.004883151088133197,,,215.0,0.367465878127697,,,0,,,REJECT,False,-0.005265241550785652,,0.0,,
W00002,development,3,trending,True,P346,NOISE,autocorr_trap,,,,0.0,-0.011147403484748209,False,False,,,,screen: never raised (t below screen_t or over the cap),0.5225308641975308,-0.017937183519172395,,,572.0,-1.507851964163646,,,0,,,REJECT,False,-0.006789780034424186,,0.0,,
W00002,development,3,trending,True,P347,NOISE,autocorr_trap,,,,0.0,-0.00546982011565746,True,False,,0.0,,"quarantined: QUARANTINED blocked by calibration,complexity,identity,leakage,out_of_sample,replication,transfer",0.29681818181818187,0.010962647777284371,-1.0,False,103.0,1.3888795718681783,0.5833333333333334,QUARANTINED,5,,"calibration,complexity,identity,leakage,out_of_sample,replication,transfer",QUARANTINE,False,0.01643246789294183,,0.0,,
W00002,development,3,trending,True,P348,NOISE,autocorr_trap,,,,0.0,0.010314984424240056,False,False,,,,screen: never raised (t below screen_t or over the cap),0.013064220183486297,-0.0010624712088241894,,,343.0,-0.10296574252548088,,,0,,,REJECT,False,-0.011377455633064245,,0.0,,
W00002,development,3,trending,True,P349,NOISE,autocorr_trap,,,,0.16666666666666666,0.01192793790344721,False,False,,,,screen: never raised (t below screen_t or over the cap),0.3223611111111111,0.015018175823474866,,,79.0,1.3535619982741371,,,0,,,REJECT,False,0.0030902379200276556,,0.0,,
W00002,development,3,trending,True,P350,NOISE,autocorr_trap,,,,0.5416666666666666,0.018359427753346463,False,False,,,,screen: never raised (t below screen_t or over the cap),0.013064220183486297,0.0015497119734398934,,,285.0,0.1213298984897255,,,0,,,REJECT,False,-0.01680971577990657,,0.0,,
W00002,development,3,trending,True,P351,NOISE,autocorr_trap,,,,0.0,-0.0036549024260255033,False,False,,,,screen: never raised (t below screen_t or over the cap),0.01358223062381847,-0.0025605813905261177,,,371.0,-0.20414674265195046,,,0,,,REJECT,False,0.0010943210354993856,,0.0,,
W00002,development,3,trending,True,P352,NOISE,autocorr_trap,,,,0.0,-0.018865053950839483,True,False,,4.0,,"live: FAILED blocked by calibration,complexity,out_of_sample,replication",0.8075,0.02757286700491384,-1.0,False,27.0,2.670544907616362,0.6666666666666666,FAILED,1,,"calibration,complexity,out_of_sample,replication",UNKNOWN,False,0.046437920955753324,,0.0,,
W00002,development,3,trending,True,P353,NOISE,autocorr_trap,,,,0.0,-0.004984301425156591,False,False,,,,screen: never raised (t below screen_t or over the cap),0.04504514672686244,-0.003683323372038083,,,396.0,-0.4175032578755825,,,0,,,REJECT,False,0.0013009780531185082,,0.0,,
W00002,development,3,trending,True,P354,NOISE,autocorr_trap,,,,0.0,-0.009333738355220424,False,False,,,,screen: never raised (t below screen_t or over the cap),0.01358223062381847,0.001926400798790473,,,274.0,0.18648165489653631,,,0,,,REJECT,False,0.011260139154010897,,0.0,,
W00002,development,3,trending,True,P355,NOISE,regime_corr,,,,0.16666666666666666,0.01140504035619684,False,False,,,,screen: never raised (t below screen_t or over the cap),0.04771186440677966,-0.004265648311106596,,,411.0,-0.3444640100250965,,,0,,,REJECT,False,-0.015670688667303437,,0.0,,
W00002,development,3,trending,True,P356,NOISE,regime_corr,,,,0.0,0.0057983683929878045,False,False,,,,screen: never raised (t below screen_t or over the cap),0.10324999999999995,0.007929078905128506,,,161.0,0.8294542902980817,,,0,,,REJECT,False,0.0021307105121407014,,0.0,,
W00002,development,3,trending,True,P357,NOISE,regime_corr,,,,0.0,-0.00739754148116628,False,False,,,,screen: never raised (t below screen_t or over the cap),0.09690938511326863,0.0057061033295259245,,,193.0,0.5670027410340254,,,0,,,REJECT,False,0.013103644810692205,,0.0,,
W00002,development,3,trending,True,P358,NOISE,regime_corr,,,,0.0,-0.009989839121870797,False,False,,,,screen: never raised (t below screen_t or over the cap),0.6766304347826086,-0.01774461375964237,,,570.0,-2.0545859070163686,,,0,,,REJECT,False,-0.007754774637771572,,0.0,,
W00002,development,3,trending,True,P359,NOISE,regime_corr,,,,0.041666666666666664,-0.0007063078913650796,False,False,,,,screen: never raised (t below screen_t or over the cap),0.9762,-0.025750943214443156,,,588.0,-3.2811309151795442,,,0,,,REJECT,False,-0.025044635323078077,,0.0,,
W00002,development,3,trending,True,P360,NOISE,regime_corr,,,,0.0,-0.00921365373818007,False,False,,,,screen: never raised (t below screen_t or over the cap),0.06957507082152958,-0.0065981354041616536,,,449.0,-0.6062402381176806,,,0,,,REJECT,False,0.002615518334018416,,0.0,,
W00002,development,3,trending,True,P361,NOISE,regime_corr,,,,0.0,0.004720589770247434,False,False,,,,screen: never raised (t below screen_t or over the cap),0.20767857142857138,-0.01158903440453457,,,528.0,-1.2174016988413818,,,0,,,REJECT,False,-0.016309624174782003,,0.0,,
W00002,development,3,trending,True,P362,NOISE,regime_corr,,,,0.0,-0.008582853633601695,False,False,,,,screen: never raised (t below screen_t or over the cap),0.23215083798882685,-0.011469618897306022,,,526.0,-1.0810482991566184,,,0,,,REJECT,False,-0.002886765263704327,,0.0,,
W00002,development,3,trending,True,P363,NOISE,regime_corr,,,,0.0,-0.003720027353700062,False,False,,,,screen: never raised (t below screen_t or over the cap),0.10643369175627249,-0.008175725428201275,,,477.0,-0.6921701491380546,,,0,,,REJECT,False,-0.004455698074501213,,0.0,,
W00002,development,3,trending,True,P364,NOISE,regime_corr,,,,0.0,-0.003953535818470538,False,False,,,,screen: never raised (t below screen_t or over the cap),0.03994541484716163,-0.0031799471153138303,,,383.0,-0.35629039951242064,,,0,,,REJECT,False,0.0007735887031567077,,0.0,,
W00002,development,3,trending,True,P365,NOISE,regime_corr,,,,0.041666666666666664,0.007638716652678985,False,False,,,,screen: never raised (t below screen_t or over the cap),0.09690938511326863,0.007580724022730467,,,164.0,0.6797545162273427,,,0,,,REJECT,False,-5.7992629948517595e-05,,0.0,,
W00002,development,3,trending,True,P366,NOISE,regime_corr,,,,0.041666666666666664,0.004960584687102972,False,False,,,,screen: never raised (t below screen_t or over the cap),0.013064220183486297,0.0018933130714426927,,,276.0,0.13326596088889348,,,0,,,REJECT,False,-0.0030672716156602796,,0.0,,
W00002,development,3,trending,True,P367,NOISE,regime_corr,,,,0.0,-0.006530442951301392,False,False,,,,screen: never raised (t below screen_t or over the cap),0.09033653846153844,-0.007540416056649124,,,468.0,-0.6251997138118957,,,0,,,REJECT,False,-0.0010099731053477322,,0.0,,
W00002,development,3,trending,True,P368,NOISE,regime_corr,,,,0.08333333333333333,0.007665840120740498,False,False,,,,screen: never raised (t below screen_t or over the cap),0.0,4.402795466240672e-05,,,314.0,0.0038353977061930263,,,0,,,REJECT,False,-0.007621812166078091,,0.0,,
W00002,development,3,trending,True,P369,NOISE,regime_corr,,,,0.0,-0.0045247389570317684,False,False,,,,screen: never raised (t below screen_t or over the cap),0.01358223062381847,0.0019339589972227067,,,273.0,0.19024135927991462,,,0,,,REJECT,False,0.006458697954254475,,0.0,,
W00002,development,3,trending,True,P370,NOISE,regime_corr,,,,0.0,0.00011248710245985258,False,False,,,,screen: never raised (t below screen_t or over the cap),0.06633159268929512,-0.003879953149041493,,,403.0,-0.47438742370247017,,,0,,,REJECT,False,-0.003992440251501346,,0.0,,
W00002,development,3,trending,True,P371,NOISE,regime_corr,,,,0.08333333333333333,0.00861421626828609,False,False,,,,screen: never raised (t below screen_t or over the cap),0.05208333333333337,-0.003674553542528325,,,395.0,-0.3856829531604135,,,0,,,REJECT,False,-0.012288769810814415,,0.0,,
W00002,development,3,trending,True,P372,NOISE,regime_corr,,,,0.041666666666666664,0.006580623558550907,False,False,,,,screen: never raised (t below screen_t or over the cap),0.04504514672686244,-0.003344009402810655,,,388.0,-0.33444272139866843,,,0,,,REJECT,False,-0.009924632961361562,,0.0,,
W00002,development,3,trending,True,P373,NOISE,regime_corr,,,,0.0,0.003957333069431571,False,False,,,,screen: never raised (t below screen_t or over the cap),0.23215083798882685,0.009834791157073641,,,137.0,1.1682997508077704,,,0,,,REJECT,False,0.00587745808764207,,0.0,,
W00002,development,3,trending,True,P374,NOISE,regime_corr,,,,0.0,0.0027652210256906206,False,False,,,,screen: never raised (t below screen_t or over the cap),0.06957507082152958,0.005367273903029268,,,206.0,0.49621377080272927,,,0,,,REJECT,False,0.0026020528773386476,,0.0,,
W00002,development,3,trending,True,P375,NOISE,vol_corr,,,,0.0,-0.0027953145277955617,False,False,,,,screen: never raised (t below screen_t or over the cap),0.26958620689655177,0.016399299554692548,,,70.0,1.2013537364942237,,,0,,,REJECT,False,0.01919461408248811,,0.0,,
W00002,development,3,trending,True,P376,NOISE,vol_corr,,,,0.0,0.0029291928536719757,False,False,,,,screen: never raised (t below screen_t or over the cap),0.26958620689655177,0.01686732824499715,,,67.0,1.3221864332015898,,,0,,,REJECT,False,0.013938135391325173,,0.0,,
W00002,development,3,trending,True,P377,NOISE,vol_corr,,,,0.08333333333333333,0.005162157615735709,False,False,,,,screen: never raised (t below screen_t or over the cap),0.23215083798882685,0.013860734697677124,,,91.0,1.1882226097700566,,,0,,,REJECT,False,0.008698577081941414,,0.0,,
W00002,development,3,trending,True,P378,NOISE,vol_corr,,,,0.0,-0.0018540961954741592,True,False,,3.0,,"quarantined: QUARANTINED blocked by calibration,complexity,identity,leakage,out_of_sample,replication,transfer",0.3382710280373833,0.0019484862107256404,1.0,True,82.0,1.336696856354863,0.4166666666666667,QUARANTINED,1,,"calibration,complexity,identity,leakage,out_of_sample,replication,transfer",QUARANTINE,False,0.0038025824061997996,,0.0,,
W00002,development,3,trending,True,P379,NOISE,vol_corr,,,,0.08333333333333333,0.003481504508083836,False,False,,,,screen: never raised (t below screen_t or over the cap),0.06957507082152958,0.00582658053775198,,,190.0,0.5913544930978726,,,0,,,REJECT,False,0.0023450760296681436,,0.0,,
W00002,development,3,trending,True,P380,NOISE,vol_corr,,,,0.0,-0.0041622341109768144,False,False,,,,screen: never raised (t below screen_t or over the cap),0.01358223062381847,0.0019791166760829704,,,269.0,0.1416717391202607,,,0,,,REJECT,False,0.006141350787059785,,0.0,,
W00002,development,3,trending,True,P381,NOISE,vol_corr,,,,0.0,-0.004103891956754481,False,False,,,,screen: never raised (t below screen_t or over the cap),0.05208333333333337,-0.005362734498575217,,,431.0,-0.4568556143009222,,,0,,,REJECT,False,-0.0012588425418207354,,0.0,,
W00002,development,3,trending,True,P382,NOISE,vol_corr,,,,0.0,-0.0005358016679771091,False,False,,,,screen: never raised (t below screen_t or over the cap),0.01358223062381847,0.002742183749887661,,,248.0,0.18372377964943346,,,0,,,REJECT,False,0.0032779854178647703,,0.0,,
W00002,development,3,trending,True,P383,NOISE,vol_corr,,,,0.0,-0.004923104592809946,False,False,,,,screen: never raised (t below screen_t or over the cap),0.06957507082152958,0.006952371295815607,,,173.0,0.5587405112849289,,,0,,,REJECT,False,0.011875475888625553,,0.0,,
W00002,development,3,trending,True,P384,NOISE,vol_corr,,,,0.0,-0.007186660553883484,False,False,,,,screen: never raised (t below screen_t or over the cap),0.01358223062381847,0.0019522325095587822,,,271.0,0.15903030272873647,,,0,,,REJECT,False,0.009138893063442267,,0.0,,
W00002,development,3,trending,True,P385,NOISE,vol_corr,,,,0.0,-0.0024236271626163633,False,False,,,,screen: never raised (t below screen_t or over the cap),0.23185185185185186,0.012792913237105963,,,102.0,1.0628481747493654,,,0,,,REJECT,False,0.015216540399722325,,0.0,,
W00002,development,3,trending,True,P386,NOISE,vol_corr,,,,0.0,-0.0013349353581239476,False,False,,,,screen: never raised (t below screen_t or over the cap),0.1316216216216216,0.011317161125087405,,,119.0,0.8326618127672449,,,0,,,REJECT,False,0.012652096483211353,,0.0,,
W00002,development,3,trending,True,P387,NOISE,vol_corr,,,,0.0,-0.008587237598133256,False,False,,,,screen: never raised (t below screen_t or over the cap),0.06957507082152958,0.005329229757145892,,,207.0,0.6916360196872199,,,0,,,REJECT,False,0.013916467355279148,,0.0,,
W00002,development,3,trending,True,P388,NOISE,vol_corr,,,,0.0,-0.0018769257687957237,False,False,,,,screen: never raised (t below screen_t or over the cap),0.24961783439490448,0.01310377731319079,,,96.0,1.1619735134286153,,,0,,,REJECT,False,0.014980703081986513,,0.0,,
W00002,development,3,trending,True,P389,NOISE,vol_corr,,,,0.0,-0.004394619912377578,False,False,,,,screen: never raised (t below screen_t or over the cap),0.01358223062381847,0.0019554270875654645,,,270.0,0.22458809298912713,,,0,,,REJECT,False,0.006350046999943042,,0.0,,
W00002,development,3,trending,True,P390,NOISE,vol_corr,,,,0.0,0.0011035667993960472,False,False,,,,screen: never raised (t below screen_t or over the cap),0.17700934579439254,0.009906608016204355,,,135.0,0.935267045934477,,,0,,,REJECT,False,0.008803041216808307,,0.0,,
W00002,development,3,trending,True,P391,NOISE,vol_corr,,,,0.0,-0.015213743769938436,False,False,,,,screen: never raised (t below screen_t or over the cap),0.3876699029126214,-0.015604382667221417,,,562.0,-1.555745734490571,,,0,,,REJECT,False,-0.000390638897282981,,0.0,,
W00002,development,3,trending,True,P392,NOISE,vol_corr,,,,0.0,-0.005197407519261188,False,False,,,,screen: never raised (t below screen_t or over the cap),0.06256510416666672,0.005422951673320409,,,204.0,0.4672572052422299,,,0,,,REJECT,False,0.010620359192581596,,0.0,,
W00002,development,3,trending,True,P393,NOISE,vol_corr,,,,0.0,-0.011678740703999659,False,False,,,,screen: never raised (t below screen_t or over the cap),0.19464646464646462,0.01299143211032705,,,98.0,1.0676735112720144,,,0,,,REJECT,False,0.024670172814326707,,0.0,,
W00002,development,3,trending,True,P394,NOISE,vol_corr,,,,0.0,-0.008608455976365913,False,False,,,,screen: never raised (t below screen_t or over the cap),0.04504514672686244,-0.003740102633118636,,,399.0,-0.2932203258589706,,,0,,,REJECT,False,0.004868353343247277,,0.0,,
W00002,development,3,trending,True,P395,NOISE,sample_size,,,,0.0,0.0,False,False,,,,screen: never raised (t below screen_t or over the cap),0.0,,,,597.0,,,,0,,,REJECT,False,,,0.0,,
W00002,development,3,trending,True,P396,NOISE,sample_size,,,,0.0,0.0,False,False,,,,screen: never raised (t below screen_t or over the cap),0.0,,,,610.0,,,,0,,,REJECT,False,,,0.0,,
W00002,development,3,trending,True,P397,NOISE,sample_size,,,,0.0,0.0,False,False,,,,screen: never raised (t below screen_t or over the cap),0.0,,,,600.0,,,,0,,,REJECT,False,,,0.0,,
W00002,development,3,trending,True,P398,NOISE,sample_size,,,,0.0,0.0,False,False,,,,screen: never raised (t below screen_t or over the cap),0.0,,,,606.0,,,,0,,,REJECT,False,,,0.0,,
W00002,development,3,trending,True,P399,NOISE,sample_size,,,,0.0,0.0,False,False,,,,screen: never raised (t below screen_t or over the cap),0.0,,,,613.0,,,,0,,,REJECT,False,,,0.0,,
W00002,development,3,trending,True,P400,NOISE,sample_size,,,,0.0,0.0,False,False,,,,screen: never raised (t below screen_t or over the cap),0.0,,,,603.0,,,,0,,,REJECT,False,,,0.0,,
W00002,development,3,trending,True,P401,NOISE,sample_size,,,,0.0,0.0,False,False,,,,screen: never raised (t below screen_t or over the cap),0.0,,,,595.0,,,,0,,,REJECT,False,,,0.0,,
W00002,development,3,trending,True,P402,NOISE,sample_size,,,,0.0,0.0,False,False,,,,screen: never raised (t below screen_t or over the cap),0.0,,,,609.0,,,,0,,,REJECT,False,,,0.0,,
W00002,development,3,trending,True,P403,NOISE,sample_size,,,,0.0,0.0,False,False,,,,screen: never raised (t below screen_t or over the cap),0.0,,,,599.0,,,,0,,,REJECT,False,,,0.0,,
W00002,development,3,trending,True,P404,NOISE,sample_size,,,,0.0,0.0,False,False,,,,screen: never raised (t below screen_t or over the cap),0.0,,,,614.0,,,,0,,,REJECT,False,,,0.0,,
W00002,development,3,trending,True,P405,NOISE,sample_size,,,,0.0,0.0,False,False,,,,screen: never raised (t below screen_t or over the cap),0.0,,,,608.0,,,,0,,,REJECT,False,,,0.0,,
W00002,development,3,trending,True,P406,NOISE,sample_size,,,,0.0,0.0,False,False,,,,screen: never raised (t below screen_t or over the cap),0.0,,,,611.0,,,,0,,,REJECT,False,,,0.0,,
W00002,development,3,trending,True,P407,NOISE,sample_size,,,,0.0,0.0,False,False,,,,screen: never raised (t below screen_t or over the cap),0.0,,,,604.0,,,,0,,,REJECT,False,,,0.0,,
W00002,development,3,trending,True,P408,NOISE,sample_size,,,,0.0,0.0,False,False,,,,screen: never raised (t below screen_t or over the cap),0.0,,,,598.0,,,,0,,,REJECT,False,,,0.0,,
W00002,development,3,trending,True,P409,NOISE,sample_size,,,,0.0,0.0,False,False,,,,screen: never raised (t below screen_t or over the cap),0.0,,,,602.0,,,,0,,,REJECT,False,,,0.0,,
W00002,development,3,trending,True,P410,NOISE,sample_size,,,,0.0,0.0,False,False,,,,screen: never raised (t below screen_t or over the cap),0.0,,,,607.0,,,,0,,,REJECT,False,,,0.0,,
W00002,development,3,trending,True,P411,NOISE,sample_size,,,,0.0,0.0,False,False,,,,screen: never raised (t below screen_t or over the cap),0.0,,,,612.0,,,,0,,,REJECT,False,,,0.0,,
W00002,development,3,trending,True,P412,NOISE,sample_size,,,,0.0,0.0,False,False,,,,screen: never raised (t below screen_t or over the cap),0.0,,,,605.0,,,,0,,,REJECT,False,,,0.0,,
W00002,development,3,trending,True,P413,NOISE,sample_size,,,,0.0,0.0,False,False,,,,screen: never raised (t below screen_t or over the cap),0.0,,,,601.0,,,,0,,,REJECT,False,,,0.0,,
W00002,development,3,trending,True,P414,NOISE,sample_size,,,,0.0,0.0,False,False,,,,screen: never raised (t below screen_t or over the cap),0.0,,,,596.0,,,,0,,,REJECT,False,,,0.0,,
W00002,development,3,trending,True,P415,NOISE,mt_winner,,,,0.0,-0.0011319008207638878,False,False,,,,screen: never raised (t below screen_t or over the cap),0.09690938511326863,0.008401389843111007,,,156.0,0.6639829436507705,,,0,,,REJECT,False,0.009533290663874894,,0.0,,
W00002,development,3,trending,True,P416,NOISE,mt_winner,,,,0.041666666666666664,0.005519857970657696,True,False,,0.0,,"quarantined: QUARANTINED blocked by calibration,complexity,identity,leakage,out_of_sample,replication",0.09690938511326863,0.016693292539590916,1.0,,467.0,-0.6893183930541358,0.75,QUARANTINED,3,,"calibration,complexity,identity,leakage,out_of_sample,replication",QUARANTINE,False,0.01117343456893322,,0.0,,
W00002,development,3,trending,True,P417,NOISE,mt_winner,,,,0.125,0.012164472412545731,True,False,,0.0,,"quarantined: QUARANTINED blocked by calibration,identity,leakage,out_of_sample,replication,transfer",0.4561827956989247,0.01842132385034688,-1.0,,43.0,1.319458454704948,0.6666666666666666,QUARANTINED,5,,"calibration,identity,leakage,out_of_sample,replication,transfer",QUARANTINE,False,0.0062568514378011485,,0.0,,
W00002,development,3,trending,True,P418,NOISE,mt_winner,,,,0.08333333333333333,0.007067867700746154,False,False,,,,screen: never raised (t below screen_t or over the cap),0.06633159268929512,-0.006104910171689626,,,442.0,-0.5769276577425893,,,0,,,REJECT,False,-0.01317277787243578,,0.0,,
W00002,development,3,trending,True,P419,NOISE,mt_winner,,,,0.0,0.004962809765186098,False,False,,,,screen: never raised (t below screen_t or over the cap),0.16030303030303028,-0.011451908971209901,,,525.0,-1.0361999798997286,,,0,,,REJECT,False,-0.016414718736395998,,0.0,,
W00002,development,3,trending,True,P420,NOISE,mt_winner,,,,0.041666666666666664,0.0035292720953135036,False,False,,,,screen: never raised (t below screen_t or over the cap),0.04504514672686244,0.004695292583743904,,,217.0,0.319009485389063,,,0,,,REJECT,False,0.0011660204884304005,,0.0,,
W00002,development,3,trending,True,P421,NOISE,mt_winner,,,,0.0,0.0026932382159774236,False,False,,,,screen: never raised (t below screen_t or over the cap),0.1554025423728813,-0.008011691045353375,,,476.0,-0.9829319287575572,,,0,,,REJECT,False,-0.0107049292613308,,0.0,,
W00002,development,3,trending,True,P422,NOISE,mt_winner,,,,0.0,-0.003401761105474254,False,False,,,,screen: never raised (t below screen_t or over the cap),0.048288834951456305,-0.0041159567736918645,,,406.0,-0.40997844378221704,,,0,,,REJECT,False,-0.0007141956682176105,,0.0,,
W00002,development,3,trending,True,P423,NOISE,mt_winner,,,,0.08333333333333333,0.007400230028704148,False,False,,,,screen: never raised (t below screen_t or over the cap),0.01955974842767294,-0.0036999609246795018,,,398.0,-0.23070862269668563,,,0,,,REJECT,False,-0.01110019095338365,,0.0,,
W00002,development,3,trending,True,P424,NOISE,mt_winner,,,,0.0,-0.003496633324788641,True,False,,0.0,,"quarantined: QUARANTINED blocked by calibration,complexity,identity,leakage,out_of_sample,replication,transfer",0.09690938511326863,0.013150323410321102,-1.0,,174.0,0.645869615123776,0.5833333333333334,QUARANTINED,3,,"calibration,complexity,identity,leakage,out_of_sample,replication,transfer",QUARANTINE,False,0.01664695673510974,,0.0,,
W00002,development,3,trending,True,P425,NOISE,mt_winner,,,,0.16666666666666666,0.011817701074548166,False,False,,,,screen: never raised (t below screen_t or over the cap),0.1316216216216216,0.008822758780600015,,,151.0,0.8365229187835254,,,0,,,REJECT,False,-0.002994942293948151,,0.0,,
W00002,development,3,trending,True,P426,NOISE,mt_winner,,,,0.0,-0.0010034313346735152,False,False,,,,screen: never raised (t below screen_t or over the cap),0.033286334056399136,0.0031778510262312487,,,239.0,0.28472007118426507,,,0,,,REJECT,False,0.004181282360904764,,0.0,,
W00002,development,3,trending,True,P427,NOISE,mt_winner,,,,0.0,0.0028013360841701437,False,False,,,,screen: never raised (t below screen_t or over the cap),0.06633159268929512,-0.005364958420553512,,,432.0,-0.46042648477863296,,,0,,,REJECT,False,-0.008166294504723656,,0.0,,
W00002,development,3,trending,True,P428,NOISE,mt_winner,,,,0.0,-0.011729325307910602,False,False,,,,screen: never raised (t below screen_t or over the cap),0.09906028368794328,0.007376512571285798,,,167.0,0.8592917685616323,,,0,,,REJECT,False,0.0191058378791964,,0.0,,
W00002,development,3,trending,True,P429,NOISE,mt_winner,,,,0.4166666666666667,0.015445882216399125,True,False,,0.0,,"live: FAILED blocked by calibration,complexity,out_of_sample,replication,risk",0.6737096774193548,0.018686600065717863,-1.0,,52.0,2.4505953188483764,0.5833333333333334,FAILED,5,,"calibration,complexity,out_of_sample,replication,risk",UNKNOWN,False,0.0032407178493187375,,0.0,,
W00002,development,3,trending,True,P430,NOISE,mt_winner,,,,0.0,-0.008387222879470555,False,False,,,,screen: never raised (t below screen_t or over the cap),0.29681818181818187,-0.01552870935479539,,,561.0,-1.4049783448679727,,,0,,,REJECT,False,-0.007141486475324834,,0.0,,
W00002,development,3,trending,True,P431,NOISE,mt_winner,,,,0.0,0.0019920764668507804,False,False,,,,screen: never raised (t below screen_t or over the cap),0.04504514672686244,0.0030881242905239636,,,241.0,0.3531760470286099,,,0,,,REJECT,False,0.0010960478236731832,,0.0,,
W00002,development,3,trending,True,P432,NOISE,mt_winner,,,,0.0,-0.00029384752419285375,False,False,,,,screen: never raised (t below screen_t or over the cap),0.49819277108433724,-0.014371996109537044,,,552.0,-1.9851399560850405,,,0,,,REJECT,False,-0.01407814858534419,,0.0,,
W00002,development,3,trending,True,P433,NOISE,mt_winner,,,,0.0,-0.010939138400220504,False,False,,,,screen: never raised (t below screen_t or over the cap),0.05208333333333337,0.005636363143893708,,,199.0,0.41203381495293695,,,0,,,REJECT,False,0.01657550154411421,,0.0,,
W00002,development,3,trending,True,P434,NOISE,mt_winner,,,,0.0,0.0020472371557633097,False,False,,,,screen: never raised (t below screen_t or over the cap),0.04504514672686244,0.0031655153194284358,,,240.0,0.35441371638485375,,,0,,,REJECT,False,0.001118278163665126,,0.0,,
W00002,development,3,trending,True,P435,NOISE,mt_winner,,,,0.0,-0.0022920057665851866,False,False,,,,screen: never raised (t below screen_t or over the cap),0.06633159268929512,-0.004360497455551504,,,414.0,-0.46652522213046,,,0,,,REJECT,False,-0.0020684916889663176,,0.0,,
W00002,development,3,trending,True,P436,NOISE,mt_winner,,,,0.125,0.01015514534568402,False,False,,,,screen: never raised (t below screen_t or over the cap),0.17406392694063932,0.008670282887423664,,,153.0,1.0388809560029317,,,0,,,REJECT,False,-0.0014848624582603567,,0.0,,
W00002,development,3,trending,True,P437,NOISE,mt_winner,,,,0.041666666666666664,0.001853495875184668,False,False,,,,screen: never raised (t below screen_t or over the cap),0.23215083798882685,-0.011524139766546482,,,527.0,-1.1173060321193033,,,0,,,REJECT,False,-0.01337763564173115,,0.0,,
W00002,development,3,trending,True,P438,NOISE,mt_winner,,,,0.16666666666666666,0.01127257987744326,False,False,,,,screen: never raised (t below screen_t or over the cap),0.003273809523809401,0.0002559099811336729,,,306.0,0.022377546134152035,,,0,,,REJECT,False,-0.011016669896309587,,0.0,,
W00002,development,3,trending,True,P439,NOISE,mt_winner,,,,0.0,-0.0017552786291990838,False,False,,,,screen: never raised (t below screen_t or over the cap),0.013064220183486297,-0.0010438877945078695,,,342.0,-0.12370002886650837,,,0,,,REJECT,False,0.0007113908346912143,,0.0,,
W00002,development,3,trending,True,P440,NOISE,mt_winner,,,,0.0,-0.0015325684745534204,False,False,,,,screen: never raised (t below screen_t or over the cap),0.6447761194029851,-0.011237902239726927,,,524.0,-2.049997986886275,,,0,,,REJECT,False,-0.009705333765173506,,0.0,,
W00002,development,3,trending,True,P441,NOISE,mt_winner,,,,0.0,-0.004200561209881719,False,False,,,,screen: never raised (t below screen_t or over the cap),0.04504514672686244,-0.003953974275621552,,,405.0,-0.3647786867522121,,,0,,,REJECT,False,0.00024658693426016665,,0.0,,
W00002,development,3,trending,True,P442,NOISE,mt_winner,,,,0.0,0.001249667772660894,False,False,,,,screen: never raised (t below screen_t or over the cap),0.01358223062381847,0.002454677870277755,,,253.0,0.24139174208004666,,,0,,,REJECT,False,0.001205010097616861,,0.0,,
W00002,development,3,trending,True,P443,NOISE,mt_winner,,,,0.0,-0.0041426409956213045,False,False,,,,screen: never raised (t below screen_t or over the cap),0.01358223062381847,-0.0018539252599737432,,,356.0,-0.17026390217840923,,,0,,,REJECT,False,0.0022887157356475613,,0.0,,
W00002,development,3,trending,True,P444,NOISE,mt_winner,,,,0.041666666666666664,0.0065141174141585345,True,False,,0.0,,"quarantined: QUARANTINED blocked by calibration,complexity,identity,leakage,out_of_sample,replication,transfer",0.4726136363636364,0.01743743744085113,-1.0,,47.0,1.67423795629879,0.6666666666666666,QUARANTINED,5,,"calibration,complexity,identity,leakage,out_of_sample,replication,transfer",QUARANTINE,False,0.010923320026692596,,0.0,,
W00002,development,3,trending,True,P445,NOISE,mt_winner,,,,0.08333333333333333,0.0034596182735586226,False,False,,,,screen: never raised (t below screen_t or over the cap),0.05176399026763989,-0.0038011827220219563,,,402.0,-0.427182567551583,,,0,,,REJECT,False,-0.007260800995580579,,0.0,,
W00002,development,3,trending,True,P446,NOISE,mt_winner,,,,0.0,-0.001289371616095805,False,False,,,,screen: never raised (t below screen_t or over the cap),0.04504514672686244,0.0035979653160944647,,,231.0,0.3063305349093982,,,0,,,REJECT,False,0.004887336932190269,,0.0,,
W00002,development,3,trending,True,P447,NOISE,mt_winner,,,,0.0,-0.006557176459963024,False,False,,,,screen: never raised (t below screen_t or over the cap),0.06633159268929512,-0.0057610667992901154,,,436.0,-0.489740557647428,,,0,,,REJECT,False,0.0007961096606729084,,0.0,,
W00002,development,3,trending,True,P448,NOISE,mt_winner,,,,0.041666666666666664,0.004127685051717443,True,False,,0.0,,"quarantined: QUARANTINED blocked by calibration,complexity,identity,leakage,out_of_sample,replication,transfer",0.09690938511326863,0.01641505886993868,-1.0,,195.0,0.7464392038006884,0.4166666666666667,QUARANTINED,1,,"calibration,complexity,identity,leakage,out_of_sample,replication,transfer",QUARANTINE,False,0.012287373818221238,,0.0,,
W00002,development,3,trending,True,P449,NOISE,mt_winner,,,,0.0,-0.007434007188394714,True,False,,0.0,,"quarantined: QUARANTINED blocked by calibration,complexity,identity,leakage,out_of_sample,replication,transfer",0.003273809523809401,0.011644749878743256,-1.0,,303.0,0.03720538970434889,0.6666666666666666,QUARANTINED,2,,"calibration,complexity,identity,leakage,out_of_sample,replication,transfer",QUARANTINE,False,0.01907875706713797,,0.0,,
W00002,development,3,trending,True,P450,NOISE,mt_winner,,,,0.0,-0.00014291892352863994,False,False,,,,screen: never raised (t below screen_t or over the cap),0.0052017543859649296,-0.0006569797633015351,,,329.0,-0.0491267171908106,,,0,,,REJECT,False,-0.0005140608397728951,,0.0,,
W00002,development,3,trending,True,P451,NOISE,mt_winner,,,,0.0,0.002017400363239211,False,False,,,,screen: never raised (t below screen_t or over the cap),0.013064220183486297,0.001354261544475155,,,289.0,0.1181013462108563,,,0,,,REJECT,False,-0.0006631388187640563,,0.0,,
W00002,development,3,trending,True,P452,NOISE,mt_winner,,,,0.0,0.0058271283293856845,False,False,,,,screen: never raised (t below screen_t or over the cap),0.11396739130434785,0.009482931071036815,,,140.0,0.8017887514053387,,,0,,,REJECT,False,0.003655802741651131,,0.0,,
W00002,development,3,trending,True,P453,NOISE,mt_winner,,,,0.0,-0.0015779950941269276,False,False,,,,screen: never raised (t below screen_t or over the cap),0.012692307692307558,0.000925283464188853,,,294.0,0.11499194756306667,,,0,,,REJECT,False,0.0025032785583157806,,0.0,,
W00002,development,3,trending,True,P454,NOISE,mt_winner,,,,0.0,0.0006113154542601563,False,False,,,,screen: never raised (t below screen_t or over the cap),0.05223918575063602,-0.005340363595649933,,,430.0,-0.4440640656002998,,,0,,,REJECT,False,-0.00595167904991009,,0.0,,
W00002,development,3,trending,True,P455,NOISE,mt_winner,,,,0.0,-0.017822099522003455,False,False,,,,screen: never raised (t below screen_t or over the cap),0.23215083798882685,-0.015469787761356213,,,560.0,-1.395381937478505,,,0,,,REJECT,False,0.0023523117606472424,,0.0,,
W00002,development,3,trending,True,P456,NOISE,mt_winner,,,,0.08333333333333333,0.0071690827121336665,False,False,,,,screen: never raised (t below screen_t or over the cap),0.09690938511326863,-0.0074272293818264945,,,465.0,-0.578440325259552,,,0,,,REJECT,False,-0.014596312093960161,,0.0,,
W00002,development,3,trending,True,P457,NOISE,mt_winner,,,,0.0,0.0029640403089346394,False,False,,,,screen: never raised (t below screen_t or over the cap),0.19103448275862056,0.01016052057100092,,,130.0,0.9714225004524483,,,0,,,REJECT,False,0.00719648026206628,,0.0,,
W00002,development,3,trending,True,P458,NOISE,mt_winner,,,,0.2916666666666667,0.01244167042793347,False,False,,,,screen: never raised (t below screen_t or over the cap),0.24961783439490448,0.011577081051225124,,,116.0,1.171067604669337,,,0,,,REJECT,False,-0.0008645893767083457,,0.0,,
W00002,development,3,trending,True,P459,NOISE,mt_winner,,,,0.0,-0.012185819460115556,False,False,,,,screen: never raised (t below screen_t or over the cap),0.5868055555555556,-0.020657527990109115,,,582.0,-2.300178118888518,,,0,,,REJECT,False,-0.008471708529993559,,0.0,,
W00002,development,3,trending,True,P460,NOISE,mt_winner,,,,0.0,0.0006287510284527058,False,False,,,,screen: never raised (t below screen_t or over the cap),0.005862989323843548,0.0006293121192391116,,,301.0,0.07433917423379137,,,0,,,REJECT,False,5.610907864057879e-07,,0.0,,
W00002,development,3,trending,True,P461,NOISE,mt_winner,,,,0.0,-0.0004713575547675066,False,False,,,,screen: never raised (t below screen_t or over the cap),0.05208333333333337,-0.006006520711586527,,,441.0,-0.46121323544000703,,,0,,,REJECT,False,-0.0055351631568190205,,0.0,,
W00002,development,3,trending,True,P462,NOISE,mt_winner,,,,0.0,-0.0069787276218645925,False,False,,,,screen: never raised (t below screen_t or over the cap),0.05208333333333337,0.003416177623977168,,,235.0,0.3853739840811225,,,0,,,REJECT,False,0.01039490524584176,,0.0,,
W00002,development,3,trending,True,P463,NOISE,mt_winner,,,,0.0,-0.0030148061123390583,False,False,,,,screen: never raised (t below screen_t or over the cap),0.06633159268929512,-0.0046441463540641825,,,419.0,-0.5344368026196744,,,0,,,REJECT,False,-0.0016293402417251242,,0.0,,
W00002,development,3,trending,True,P464,NOISE,mt_winner,,,,0.0,-0.006184329699939088,False,False,,,,screen: never raised (t below screen_t or over the cap),0.01086678832116772,-0.0013263633205974346,,,346.0,-0.10628353831444143,,,0,,,REJECT,False,0.004857966379341654,,0.0,,
W00002,development,3,trending,True,P465,NOISE,mt_winner,,,,0.125,0.009508113006433857,False,False,,,,screen: never raised (t below screen_t or over the cap),0.11524163568773238,0.009080278251339724,,,149.0,0.863275023198771,,,0,,,REJECT,False,-0.00042783475509413325,,0.0,,
W00002,development,3,trending,True,P466,NOISE,mt_winner,,,,0.0,-0.00227549501490143,False,False,,,,screen: never raised (t below screen_t or over the cap),0.013064220183486297,-0.0009997499002032395,,,341.0,-0.12219675520754836,,,0,,,REJECT,False,0.0012757451146981906,,0.0,,
W00002,development,3,trending,True,P467,NOISE,mt_winner,,,,0.0,0.006404761092461495,True,False,,0.0,,"quarantined: QUARANTINED blocked by calibration,complexity,identity,leakage,out_of_sample,replication,transfer",0.39321782178217823,0.012721298955157724,1.0,,95.0,1.6659754777325073,0.75,QUARANTINED,3,,"calibration,complexity,identity,leakage,out_of_sample,replication,transfer",QUARANTINE,False,0.006316537862696229,,0.0,,
W00002,development,3,trending,True,P468,NOISE,mt_winner,,,,0.0,0.002865741948088896,False,False,,,,screen: never raised (t below screen_t or over the cap),0.003273809523809401,0.00022644531733406748,,,309.0,0.021808577724627097,,,0,,,REJECT,False,-0.0026392966307548283,,0.0,,
W00002,development,3,trending,True,P469,NOISE,mt_winner,,,,0.0,-0.00047136785649819907,False,False,,,,screen: never raised (t below screen_t or over the cap),0.013064220183486297,0.0015716070809527194,,,283.0,0.1483216978237213,,,0,,,REJECT,False,0.0020429749374509185,,0.0,,
W00002,development,3,trending,True,P470,NOISE,mt_winner,,,,0.2916666666666667,0.015837770393457178,False,False,,,,screen: never raised (t below screen_t or over the cap),0.01358223062381847,0.00244126043723758,,,254.0,0.19865951203565108,,,0,,,REJECT,False,-0.013396509956219597,,0.0,,
W00002,development,3,trending,True,P471,NOISE,mt_winner,,,,0.0,0.0035040581825330538,False,False,,,,screen: never raised (t below screen_t or over the cap),0.1316216216216216,-0.012384800348140823,,,534.0,-0.9705269023288533,,,0,,,REJECT,False,-0.01588885853067388,,0.0,,
W00002,development,3,trending,True,P472,NOISE,mt_winner,,,,0.0,-0.00317545919135762,False,False,,,,screen: never raised (t below screen_t or over the cap),0.19103448275862056,-0.009767160162056143,,,504.0,-0.9101811746193829,,,0,,,REJECT,False,-0.006591700970698523,,0.0,,
W00002,development,3,trending,True,P473,NOISE,mt_winner,,,,0.041666666666666664,0.009344281289656144,False,False,,,,screen: never raised (t below screen_t or over the cap),0.29681818181818187,0.013019059536812483,,,97.0,1.4642896958353062,,,0,,,REJECT,False,0.003674778247156339,,0.0,,
W00002,development,3,trending,True,P474,NOISE,mt_winner,,,,0.0,0.0034970938402459116,False,False,,,,screen: never raised (t below screen_t or over the cap),0.013064220183486297,-0.0013458878039638855,,,347.0,-0.11169179592105535,,,0,,,REJECT,False,-0.004842981644209797,,0.0,,
W00002,development,3,trending,True,P475,NOISE,threshold_illusion,,,,0.041666666666666664,0.002084991558371942,False,False,,,,screen: never raised (t below screen_t or over the cap),0.04504514672686244,0.0024024773662936205,,,256.0,0.37625045223253556,,,0,,,REJECT,False,0.0003174858079216785,,0.0,,
W00002,development,3,trending,True,P476,NOISE,threshold_illusion,,,,0.08333333333333333,0.005122274018060775,False,False,,,,screen: never raised (t below screen_t or over the cap),0.17700934579439254,0.006976480845999444,,,172.0,0.9525627841783653,,,0,,,REJECT,False,0.0018542068279386696,,0.0,,
W00002,development,3,trending,True,P477,NOISE,threshold_illusion,,,,0.3333333333333333,0.008682890199605445,False,False,,,,screen: never raised (t below screen_t or over the cap),0.01358223062381847,0.0015141876291291378,,,286.0,0.19851128197344675,,,0,,,REJECT,False,-0.007168702570476308,,0.0,,
W00002,development,3,trending,True,P478,NOISE,threshold_illusion,,,,0.0,5.0113035559546084e-05,False,False,,,,screen: never raised (t below screen_t or over the cap),0.16076419213973803,0.006542777132425459,,,179.0,0.880319377639069,,,0,,,REJECT,False,0.006492664096865913,,0.0,,
W00002,development,3,trending,True,P479,NOISE,threshold_illusion,,,,0.0,-0.009012406175968097,False,False,,,,screen: never raised (t below screen_t or over the cap),0.16647577092511012,-0.009280763982027707,,,497.0,-0.9395192140932399,,,0,,,REJECT,False,-0.00026835780605961,,0.0,,
W00002,development,3,trending,True,P480,NOISE,threshold_illusion,,,,0.0,0.0002429112947118247,False,False,,,,screen: never raised (t below screen_t or over the cap),0.01358223062381847,-0.002010779706893784,,,358.0,-0.20314026228510287,,,0,,,REJECT,False,-0.0022536910016056084,,0.0,,
W00002,development,3,trending,True,P481,NOISE,threshold_illusion,,,,0.0,-0.00697486844175936,False,False,,,,screen: never raised (t below screen_t or over the cap),0.09690938511326863,0.005226524616006256,,,209.0,0.6328685859592816,,,0,,,REJECT,False,0.012201393057765617,,0.0,,
W00002,development,3,trending,True,P482,NOISE,threshold_illusion,,,,0.0,-0.004672322563414212,False,False,,,,screen: never raised (t below screen_t or over the cap),0.05842783505154647,-0.003781871751928234,,,400.0,-0.3692380013067509,,,0,,,REJECT,False,0.0008904508114859775,,0.0,,
W00002,development,3,trending,True,P483,NOISE,threshold_illusion,,,,0.6666666666666666,0.016484293633521666,True,False,,1.0,,"live: FAILED blocked by calibration,out_of_sample,replication,reproducibility",0.6737096774193548,0.020415121228335446,1.0,True,61.0,2.073528989529269,0.6666666666666666,FAILED,4,,"calibration,out_of_sample,replication,reproducibility",UNKNOWN,False,0.003930827594813779,,0.0,,
W00002,development,3,trending,True,P484,NOISE,threshold_illusion,,,,0.16666666666666666,0.008840987168162794,False,False,,,,screen: never raised (t below screen_t or over the cap),0.09724137931034482,0.0064774932719481315,,,182.0,0.7733865721908549,,,0,,,REJECT,False,-0.0023634938962146627,,0.0,,
W00002,development,3,trending,True,P485,NOISE,threshold_illusion,,,,0.0,-0.004483373591709216,False,False,,,,screen: never raised (t below screen_t or over the cap),0.01955974842767294,0.0026916998235582135,,,250.0,0.23747602123151962,,,0,,,REJECT,False,0.0071750734152674295,,0.0,,
W00002,development,3,trending,True,P486,NOISE,threshold_illusion,,,,0.08333333333333333,0.005902264481427256,False,False,,,,screen: never raised (t below screen_t or over the cap),0.01358223062381847,0.0012748305390964942,,,290.0,0.18575071633003196,,,0,,,REJECT,False,-0.004627433942330761,,0.0,,
W00002,development,3,trending,True,P487,NOISE,threshold_illusion,,,,0.041666666666666664,0.006626029039526668,False,False,,,,screen: never raised (t below screen_t or over the cap),0.29681818181818187,0.012296560283697078,,,107.0,1.4275427963140306,,,0,,,REJECT,False,0.00567053124417041,,0.0,,
W00002,development,3,trending,True,P488,NOISE,threshold_illusion,,,,0.125,0.008391444980537857,False,False,,,,screen: never raised (t below screen_t or over the cap),0.09724137931034482,-0.005963176646147927,,,440.0,-0.773966234124673,,,0,,,REJECT,False,-0.014354621626685785,,0.0,,
W00002,development,3,trending,True,P489,NOISE,threshold_illusion,,,,0.0,-0.0037068552035459832,False,False,,,,screen: never raised (t below screen_t or over the cap),0.01358223062381847,0.0015603013235793162,,,284.0,0.18653774250074012,,,0,,,REJECT,False,0.005267156527125299,,0.0,,
W00002,development,3,trending,True,P490,NOISE,threshold_illusion,,,,0.0,0.0016795914668638783,False,False,,,,screen: never raised (t below screen_t or over the cap),0.06957507082152958,-0.0046328785985807475,,,418.0,-0.5743085426156833,,,0,,,REJECT,False,-0.006312470065444626,,0.0,,
W00002,development,3,trending,True,P491,NOISE,threshold_illusion,,,,0.0,-0.006776628397593376,False,False,,,,screen: never raised (t below screen_t or over the cap),0.06633159268929512,-0.005098978853120051,,,426.0,-0.5818876901603972,,,0,,,REJECT,False,0.0016776495444733247,,0.0,,
W00002,development,3,trending,True,P492,NOISE,threshold_illusion,,,,0.16666666666666666,0.004189594644952457,True,False,,4.0,,"live: FAILED blocked by calibration,complexity,failure_behavior,out_of_sample,replication,reproducibility,risk,transfer",0.6737096774193548,0.010219602339937009,1.0,True,132.0,2.1178879372128865,0.3333333333333333,FAILED,1,,"calibration,complexity,failure_behavior,out_of_sample,replication,reproducibility,risk,transfer",UNKNOWN,False,0.006030007694984551,,0.0,,
W00002,development,3,trending,True,P493,NOISE,threshold_illusion,,,,0.041666666666666664,0.0035280398376870024,False,False,,,,screen: never raised (t below screen_t or over the cap),0.6889772727272727,-0.01457387442017083,,,554.0,-2.5529193999452593,,,0,,,REJECT,False,-0.018101914257857833,,0.0,,
W00002,development,3,trending,True,P494,NOISE,threshold_illusion,,,,0.0,-0.010741507764424646,False,False,,,,screen: never raised (t below screen_t or over the cap),0.16805309734513274,-0.008515522757677696,,,485.0,-0.9596371973670412,,,0,,,REJECT,False,0.00222598500674695,,0.0,,
W00002,development,3,trending,True,P495,NOISE,near_pattern,,,,0.0,0.00365323163981087,False,False,,,,screen: never raised (t below screen_t or over the cap),0.23215083798882685,-0.012427146193711991,,,535.0,-1.1485097011889802,,,0,,,REJECT,False,-0.01608037783352286,,0.0,,
W00002,development,3,trending,True,P496,NOISE,near_pattern,,,,0.0,0.002977494494416047,True,False,,3.0,,"quarantined: QUARANTINED blocked by calibration,complexity,identity,leakage,out_of_sample,replication,risk,transfer",0.6826666666666666,0.01949387606212564,1.0,True,42.0,2.4588994908901523,0.5833333333333334,QUARANTINED,2,,"calibration,complexity,identity,leakage,out_of_sample,replication,risk,transfer",QUARANTINE,False,0.016516381567709595,,0.0,,
W00002,development,3,trending,True,P497,NOISE,near_pattern,,,,0.0,0.0018365578356607495,False,False,,,,screen: never raised (t below screen_t or over the cap),0.04504514672686244,0.003077319825609326,,,242.0,0.3423781007993294,,,0,,,REJECT,False,0.0012407619899485764,,0.0,,
W00002,development,3,trending,True,P498,NOISE,near_pattern,,,,0.0,-0.003591409346050191,False,False,,,,screen: never raised (t below screen_t or over the cap),0.01358223062381847,-0.001705249903640016,,,353.0,-0.1360317995229272,,,0,,,REJECT,False,0.001886159442410175,,0.0,,
W00002,development,3,trending,True,P499,NOISE,near_pattern,,,,0.125,0.010153683838269168,False,False,,,,screen: never raised (t below screen_t or over the cap),0.01358223062381847,0.0021016795324518833,,,267.0,0.15155597231609494,,,0,,,REJECT,False,-0.008052004305817284,,0.0,,
W00002,development,3,trending,True,P500,NOISE,near_pattern,,,,0.0,-0.007361690936519769,False,False,,,,screen: never raised (t below screen_t or over the cap),0.4696739130434783,-0.013094938068222928,,,542.0,-1.7943925753499343,,,0,,,REJECT,False,-0.005733247131703159,,0.0,,
W00002,development,3,trending,True,P501,NOISE,near_pattern,,,,0.0,0.005307036497579635,True,False,,0.0,,"quarantined: QUARANTINED blocked by calibration,complexity,identity,leakage,out_of_sample,replication,transfer",0.17700934579439254,0.009747553472569788,1.0,True,152.0,0.8943232483088625,0.6666666666666666,QUARANTINED,5,,"calibration,complexity,identity,leakage,out_of_sample,replication,transfer",QUARANTINE,False,0.004440516974990153,,0.0,,
W00002,development,3,trending,True,P502,NOISE,near_pattern,,,,0.041666666666666664,0.0017003959284764198,False,False,,,,screen: never raised (t below screen_t or over the cap),0.6737096774193548,-0.02202708991918395,,,583.0,-1.9990611625830519,,,0,,,REJECT,False,-0.023727485847660372,,0.0,,
W00002,development,3,trending,True,P503,NOISE,near_pattern,,,,0.0,0.004360440941049084,False,False,,,,screen: never raised (t below screen_t or over the cap),0.09690938511326863,0.006532422309193264,,,180.0,0.5732900251303026,,,0,,,REJECT,False,0.00217198136814418,,0.0,,
W00002,development,3,trending,True,P504,NOISE,near_pattern,,,,0.0,-0.021707211795349686,True,False,,4.0,,"live: FAILED blocked by calibration,complexity,out_of_sample,replication",0.6737096774193548,0.0241158601895897,-1.0,False,29.0,2.3234231468412796,0.6666666666666666,FAILED,1,,"calibration,complexity,out_of_sample,replication",UNKNOWN,False,0.04582307198493939,,0.0,,
W00002,development,3,trending,True,P505,NOISE,near_pattern,,,,0.3333333333333333,0.013781824341271525,True,False,,2.0,,"live: FAILED blocked by calibration,complexity,out_of_sample,replication",0.6447761194029851,0.025245236025594954,1.0,True,33.0,1.8486990170809299,0.6666666666666666,FAILED,3,,"calibration,complexity,out_of_sample,replication",UNKNOWN,False,0.01146341168432343,,0.0,,
W00002,development,3,trending,True,P506,NOISE,near_pattern,,,,0.0,-0.0010287859536101272,False,False,,,,screen: never raised (t below screen_t or over the cap),0.05223918575063602,0.003965875080530812,,,226.0,0.4881372311091115,,,0,,,REJECT,False,0.004994661034140939,,0.0,,
W00002,development,3,trending,True,P507,NOISE,near_pattern,,,,0.0,-0.0012031792115858345,False,False,,,,screen: never raised (t below screen_t or over the cap),0.04504514672686244,-0.003136865316320625,,,381.0,-0.39191386399372463,,,0,,,REJECT,False,-0.0019336861047347905,,0.0,,
W00002,development,3,trending,True,P508,NOISE,near_pattern,,,,0.041666666666666664,0.0035727940244197672,False,False,,,,screen: never raised (t below screen_t or over the cap),0.003273809523809401,-0.000569201755880433,,,327.0,-0.05073123117087511,,,0,,,REJECT,False,-0.0041419957803002,,0.0,,
W00002,development,3,trending,True,P509,NOISE,near_pattern,,,,0.0,0.0009627760122787333,False,False,,,,screen: never raised (t below screen_t or over the cap),0.01358223062381847,0.002968748449380887,,,247.0,0.22204171647957804,,,0,,,REJECT,False,0.0020059724371021535,,0.0,,
W00002,development,3,trending,True,P510,NOISE,adversarial_near,extremely_subtle,,,0.0,-0.0065728332892840005,False,False,,,,screen: never raised (t below screen_t or over the cap),0.1554025423728813,-0.009313119836857453,,,498.0,-1.0116073610389578,,,0,P009,,REJECT,False,-0.0027402865475734525,,0.0,,False
W00002,development,3,trending,True,P511,NOISE,adversarial_near,subtle,,,0.0,-0.007242585977509846,False,False,,,,screen: never raised (t below screen_t or over the cap),0.09724137931034482,-0.006946618033591645,,,454.0,-0.7903509885167079,,,0,P002,,REJECT,False,0.0002959679439182008,,0.0,,False
W00002,development,3,trending,True,P512,NOISE,adversarial_near,obvious,,,0.0,-0.00796303827933955,False,False,,,,screen: never raised (t below screen_t or over the cap),0.25828767123287677,-0.013864305815507849,,,548.0,-1.4393482488170193,,,0,P070,,REJECT,False,-0.005901267536168299,,0.0,,False
W00002,development,3,trending,True,P513,NOISE,adversarial_near,moderate,,,0.041666666666666664,0.007180053336065036,False,False,,,,screen: never raised (t below screen_t or over the cap),0.47185393258426966,0.017889910459614855,,,64.0,1.7538803699109582,,,0,P001,,REJECT,False,0.01070985712354982,,0.0,,False
W00002,development,3,trending,True,P514,NOISE,adversarial_near,extremely_subtle,,,0.0,-0.0015977582853671092,False,False,,,,screen: never raised (t below screen_t or over the cap),0.405,-0.015825453955821134,,,563.0,-1.3957163541761437,,,0,P059,,REJECT,False,-0.014227695670454024,,0.0,,False
W00002,development,3,trending,True,P515,NOISE,adversarial_near,faint,,,0.20833333333333334,0.012206558697996422,True,False,,3.0,,"quarantined: QUARANTINED blocked by calibration,complexity,identity,leakage,out_of_sample,replication,transfer",0.29681818181818187,0.01793191846992531,1.0,True,77.0,1.2253088810649586,0.4166666666666667,QUARANTINED,1,P068,"calibration,complexity,identity,leakage,out_of_sample,replication,transfer",QUARANTINE,False,0.0057253597719288864,,0.0,,False
W00002,development,3,trending,True,P516,NOISE,adversarial_near,extremely_subtle,,,0.0,-0.012633412011283231,False,False,,,,screen: never raised (t below screen_t or over the cap),0.01358223062381847,0.003485641736791445,,,232.0,0.24289295843072187,,,0,P004,,REJECT,False,0.016119053748074676,,0.0,,False
W00002,development,3,trending,True,P517,NOISE,adversarial_near,subtle,,,0.0,0.003785224181991023,False,False,,,,screen: never raised (t below screen_t or over the cap),0.17700934579439254,0.008442378746739587,,,155.0,1.052168474357704,,,0,P007,,REJECT,False,0.004657154564748564,,0.0,,False
W00002,development,3,trending,True,P518,NOISE,adversarial_near,extremely_subtle,,,0.0,-7.173584718239209e-05,False,False,,,,screen: never raised (t below screen_t or over the cap),0.01358223062381847,0.0016773569395749366,,,279.0,0.21022103385646082,,,0,P069,,REJECT,False,0.0017490927867573286,,0.0,,False
W00002,development,3,trending,True,P519,NOISE,adversarial_near,extremely_subtle,,,0.0,-0.008008453108081683,False,False,,,,screen: never raised (t below screen_t or over the cap),0.013064220183486297,0.0014707414120949114,,,288.0,0.12464321784349981,,,0,P009,,REJECT,False,0.009479194520176594,,0.0,,False
W00002,development,3,trending,True,P520,NOISE,adversarial_near,faint,,,0.0,0.0034726955717187167,False,False,,,,screen: never raised (t below screen_t or over the cap),0.05842783505154647,0.005224561145506956,,,210.0,0.4595482918214496,,,0,P068,,REJECT,False,0.0017518655737882396,,0.0,,False
W00002,development,3,trending,True,P521,NOISE,adversarial_near,extremely_subtle,,,0.0,-0.004985814402327375,False,False,,,,screen: never raised (t below screen_t or over the cap),0.06957507082152958,-0.006504290599468221,,,447.0,-0.47360370354733,,,0,P074,,REJECT,False,-0.0015184761971408457,,0.0,,False
W00002,development,3,trending,True,P522,NOISE,adversarial_near,faint,,,0.0,0.00499691588548005,False,False,,,,screen: never raised (t below screen_t or over the cap),0.01955974842767294,0.0021431966769991373,,,265.0,0.2619700280155782,,,0,P068,,REJECT,False,-0.0028537192084809124,,0.0,,False
W00002,development,3,trending,True,P523,NOISE,adversarial_near,moderate,,,0.0,-0.0024609244333596287,False,False,,,,screen: never raised (t below screen_t or over the cap),0.14220833333333338,-0.009201673210672334,,,496.0,-1.001089823105103,,,0,P017,,REJECT,False,-0.006740748777312705,,0.0,,False
W00002,development,3,trending,True,P524,NOISE,adversarial_near,faint,,,0.0,0.007016093931675285,False,False,,,,screen: never raised (t below screen_t or over the cap),0.09724137931034482,-0.008919282137456519,,,491.0,-0.6235965889792257,,,0,P013,,REJECT,False,-0.015935376069131806,,0.0,,False
W00002,development,3,trending,True,P525,NOISE,proxy,extremely_subtle,,,0.08333333333333333,0.005532804943824298,False,False,,,,screen: never raised (t below screen_t or over the cap),0.4237894736842105,-0.019367276419264612,,,579.0,-1.6856952574656325,,,0,P059,,REJECT,False,-0.02490008136308891,,0.0,,False
W00002,development,3,trending,True,P526,NOISE,proxy,extremely_subtle,,,0.041666666666666664,0.0005868222559662135,False,False,,,,screen: never raised (t below screen_t or over the cap),0.01358223062381847,-0.0023551345069053875,,,364.0,-0.2306545445222973,,,0,P009,,REJECT,False,-0.002941956762871601,,0.0,,False
W00002,development,3,trending,True,P527,NOISE,proxy,faint,,,0.375,0.016309768467780976,True,False,,4.0,,"live: FAILED blocked by calibration,out_of_sample,replication,transfer",0.7322500000000001,0.02592522915091216,1.0,True,30.0,2.1411179381800363,0.6666666666666666,FAILED,1,P073,"calibration,out_of_sample,replication,transfer",UNKNOWN,False,0.009615460683131183,,0.0,,False
W00002,development,3,trending,True,P528,NOISE,proxy,faint,,,0.08333333333333333,0.006531259798985286,False,False,,,,screen: never raised (t below screen_t or over the cap),0.12673003802281357,-0.009115479918779701,,,493.0,-0.7385137435212632,,,0,P008,,REJECT,False,-0.015646739717764986,,0.0,,False
W00002,development,3,trending,True,P529,NOISE,proxy,faint,,,0.0,-0.012788449786290375,False,False,,,,screen: never raised (t below screen_t or over the cap),0.09724137931034482,-0.008181920144087196,,,478.0,-0.7451851841854956,,,0,P058,,REJECT,False,0.004606529642203179,,0.0,,False
W00002,development,3,trending,True,P530,NOISE,proxy,extremely_subtle,,,0.041666666666666664,0.0051774337329130405,False,False,,,,screen: never raised (t below screen_t or over the cap),0.5405696202531645,-0.015087158994646854,,,558.0,-1.7668968094887556,,,0,P009,,REJECT,False,-0.020264592727559896,,0.0,,False
W00002,development,3,trending,True,P531,NOISE,proxy,moderate,,,1.0,0.038139338483101776,True,False,,0.0,,"live: FAILED blocked by calibration,out_of_sample,replication",0.9762,0.035937963419824984,1.0,True,22.0,3.7017135784359074,0.75,FAILED,5,P001,"calibration,out_of_sample,replication",UNKNOWN,False,-0.002201375063276792,,0.0,,False
W00002,development,3,trending,True,P532,NOISE,proxy,extremely_subtle,,,0.08333333333333333,0.0037448258171759665,False,False,,,,screen: never raised (t below screen_t or over the cap),0.16805309734513274,-0.009386941981687213,,,499.0,-0.9137776678997517,,,0,P059,,REJECT,False,-0.01313176779886318,,0.0,,False
W00002,development,3,trending,True,P533,NOISE,proxy,extremely_subtle,,,0.041666666666666664,0.0028250987505865984,False,False,,,,screen: never raised (t below screen_t or over the cap),0.005862989323843548,0.000934372243203474,,,293.0,0.06991871745901389,,,0,P059,,REJECT,False,-0.0018907265073831244,,0.0,,False
W00002,development,3,trending,True,P534,NOISE,proxy,moderate,,,0.25,0.015040794522230998,True,False,,0.0,,"quarantined: QUARANTINED blocked by calibration,complexity,identity,leakage,out_of_sample,replication,transfer",0.01358223062381847,0.007574744121391299,1.0,True,266.0,0.22156241681020533,0.75,QUARANTINED,5,P061,"calibration,complexity,identity,leakage,out_of_sample,replication,transfer",QUARANTINE,False,-0.007466050400839698,,0.0,,False
W00002,development,3,trending,True,P535,NOISE,proxy,moderate,,,1.0,0.04472999076580243,True,False,,0.0,,"live: FAILED blocked by calibration,out_of_sample,replication",1.0,0.03690044156072563,1.0,True,19.0,4.061900594611309,0.75,FAILED,5,P001,"calibration,out_of_sample,replication",UNKNOWN,False,-0.007829549205076801,,0.0,,False
W00002,development,3,trending,True,P536,NOISE,proxy,faint,,,0.041666666666666664,0.00929272543336951,False,False,,,,screen: never raised (t below screen_t or over the cap),0.29681818181818187,0.012246377384435791,,,108.0,1.5272322150734021,,,0,P068,,REJECT,False,0.002953651951066281,,0.0,,False
W00002,development,3,trending,True,P537,NOISE,proxy,subtle,,,0.3333333333333333,0.016840650998341047,False,False,,,,screen: never raised (t below screen_t or over the cap),0.09690938511326863,-0.008584332259022331,,,486.0,-0.6334303912717909,,,0,P057,,REJECT,False,-0.02542498325736338,,0.0,,False
W00002,development,3,trending,True,P538,NOISE,proxy,subtle,,,0.7083333333333334,0.021441141892880978,True,False,,1.0,,"live: FAILED blocked by calibration,out_of_sample,replication,transfer",0.49819277108433724,0.021971994856136573,-1.0,True,31.0,1.8094214793662522,0.75,FAILED,4,P067,"calibration,out_of_sample,replication,transfer",UNKNOWN,False,0.0005308529632555951,,0.0,,False
W00002,development,3,trending,True,P539,NOISE,proxy,subtle,,,0.041666666666666664,0.005124680841090972,False,False,,,,screen: never raised (t below screen_t or over the cap),0.23215083798882685,-0.011172695673099087,,,521.0,-1.0322462425062942,,,0,P007,,REJECT,False,-0.01629737651419006,,0.0,,False
W00002,development,3,trending,True,P540,NOISE,selection_bias,,,,0.16666666666666666,0.013454373171067954,False,False,,,,screen: never raised (t below screen_t or over the cap),0.23215083798882685,-0.015198904039882777,,,559.0,-1.0953438125420965,,,0,,,REJECT,False,-0.02865327721095073,,0.0,,
W00002,development,3,trending,True,P541,NOISE,selection_bias,,,,0.0,-0.005631796509234018,False,False,,,,screen: never raised (t below screen_t or over the cap),0.04504514672686244,-0.004168659759567206,,,407.0,-0.3787742711783337,,,0,,,REJECT,False,0.0014631367496668124,,0.0,,
W00002,development,3,trending,True,P542,NOISE,selection_bias,,,,0.0,0.007611878717533033,False,False,,,,screen: never raised (t below screen_t or over the cap),0.6325,-0.022878210121490383,,,585.0,-2.0975965026225087,,,0,,,REJECT,False,-0.030490088839023415,,0.0,,
W00002,development,3,trending,True,P543,NOISE,selection_bias,,,,0.0,0.0021128235456592255,False,False,,,,screen: never raised (t below screen_t or over the cap),0.06957507082152958,-0.006614045209016484,,,450.0,-0.5518945378243812,,,0,,,REJECT,False,-0.00872686875467571,,0.0,,
W00002,development,3,trending,True,P544,NOISE,selection_bias,,,,0.0,-0.007596670169558888,False,False,,,,screen: never raised (t below screen_t or over the cap),0.05208333333333337,-0.00483909332994964,,,424.0,-0.5333095006486659,,,0,,,REJECT,False,0.002757576839609248,,0.0,,
W00002,development,3,trending,True,P545,NOISE,selection_bias,,,,0.125,0.010755147931106919,False,False,,,,screen: never raised (t below screen_t or over the cap),0.01358223062381847,0.0026144662859119983,,,251.0,0.23989671306141366,,,0,,,REJECT,False,-0.00814068164519492,,0.0,,
W00002,development,3,trending,True,P546,NOISE,selection_bias,,,,0.041666666666666664,0.007589586430996769,False,False,,,,screen: never raised (t below screen_t or over the cap),0.06957507082152958,-0.008778275652030765,,,489.0,-0.6407906820150381,,,0,,,REJECT,False,-0.016367862083027533,,0.0,,
W00002,development,3,trending,True,P547,NOISE,selection_bias,,,,0.0,-0.02074558938170992,False,False,,,,screen: never raised (t below screen_t or over the cap),0.6033333333333333,0.024461757841681364,,,34.0,1.9566152202948233,,,0,,,REJECT,False,0.045207347223391287,,0.0,,
W00002,development,3,trending,True,P548,NOISE,selection_bias,,,,0.0,-0.0037730963516469326,False,False,,,,screen: never raised (t below screen_t or over the cap),0.013064220183486297,-0.001403565576406085,,,348.0,-0.10127197501675948,,,0,,,REJECT,False,0.0023695307752408475,,0.0,,
W00002,development,3,trending,True,P549,NOISE,selection_bias,,,,0.0,0.0071991929651784295,False,False,,,,screen: never raised (t below screen_t or over the cap),0.09690938511326863,0.008048284123730487,,,159.0,0.7039949114314937,,,0,,,REJECT,False,0.0008490911585520575,,0.0,,
W00002,development,3,trending,True,P550,NOISE,survivor_bias,,,,0.0,-0.002357688194198772,False,False,,,,screen: never raised (t below screen_t or over the cap),0.01358223062381847,0.0025190235665777383,,,252.0,0.2313964908997175,,,0,,,REJECT,False,0.00487671176077651,,0.0,,
W00002,development,3,trending,True,P551,NOISE,survivor_bias,,,,0.041666666666666664,0.006702952226427658,True,False,,1.0,,"live: FAILED blocked by calibration,complexity,out_of_sample,replication,transfer",0.656015625,0.020288448223573004,-1.0,True,48.0,2.1933057917882053,0.5833333333333334,FAILED,4,,"calibration,complexity,out_of_sample,replication,transfer",UNKNOWN,False,0.013585495997145347,,0.0,,
W00002,development,3,trending,True,P552,NOISE,survivor_bias,,,,0.0,0.0003851138492962038,False,False,,,,screen: never raised (t below screen_t or over the cap),0.09690938511326863,0.00941381584840062,,,141.0,0.7510195357368903,,,0,,,REJECT,False,0.009028701999104416,,0.0,,
W00002,development,3,trending,True,P553,NOISE,survivor_bias,,,,0.0,-0.0019740864998338153,True,False,,0.0,,"quarantined: QUARANTINED blocked by calibration,complexity,identity,leakage,out_of_sample,replication,risk,transfer",0.17700934579439254,0.015660422768060317,-1.0,True,501.0,-1.026814559876191,0.5,QUARANTINED,2,,"calibration,complexity,identity,leakage,out_of_sample,replication,risk,transfer",QUARANTINE,False,0.017634509267894134,,0.0,,
W00002,development,3,trending,True,P554,NOISE,survivor_bias,,,,0.0,-0.0016887302848119885,False,False,,,,screen: never raised (t below screen_t or over the cap),0.48110465116279066,-0.016810773951706603,,,566.0,-1.7329378188469973,,,0,,,REJECT,False,-0.015122043666894614,,0.0,,
W00002,development,3,trending,True,P555,NOISE,survivor_bias,,,,0.25,0.015258394886255548,False,False,,,,screen: never raised (t below screen_t or over the cap),0.09690938511326863,-0.0076583519627100305,,,470.0,-0.7060369533255569,,,0,,,REJECT,False,-0.02291674684896558,,0.0,,
W00002,development,3,trending,True,P556,NOISE,survivor_bias,,,,0.0,0.006059439590991075,False,False,,,,screen: never raised (t below screen_t or over the cap),0.2808633093525179,0.01371852835889975,,,93.0,1.3890128110632853,,,0,,,REJECT,False,0.0076590887679086755,,0.0,,
W00002,development,3,trending,True,P557,NOISE,survivor_bias,,,,0.3333333333333333,0.01527797373499092,False,False,,,,screen: never raised (t below screen_t or over the cap),0.23215083798882685,0.01136210383117231,,,117.0,1.1325418812515888,,,0,,,REJECT,False,-0.003915869903818611,,0.0,,
W00002,development,3,trending,True,P558,NOISE,survivor_bias,,,,0.0,-0.0038698621256598896,False,False,,,,screen: never raised (t below screen_t or over the cap),0.23185185185185186,0.009596955995739842,,,138.0,0.9494370013110899,,,0,,,REJECT,False,0.013466818121399732,,0.0,,
W00002,development,3,trending,True,P559,NOISE,survivor_bias,,,,0.041666666666666664,0.00548590849745833,False,False,,,,screen: never raised (t below screen_t or over the cap),0.09724137931034482,-0.007105526751479019,,,456.0,-0.6783186566783872,,,0,,,REJECT,False,-0.012591435248937348,,0.0,,
W00002,development,3,trending,True,P560,NOISE,leak,,,,1.0,0.09762953010154019,True,False,,0.0,,"live: FAILED blocked by calibration,replication,risk",1.0,0.17337885640364128,1.0,True,6.0,13.817129974442832,0.8333333333333334,FAILED,5,,"calibration,replication,risk",UNKNOWN,False,0.0757493263021011,,0.0,,
W00002,development,3,trending,True,P561,NOISE,leak,,,,1.0,0.14365560218215218,True,False,,0.0,,live: FAILED blocked by calibration,1.0,0.2671714621399062,1.0,True,5.0,25.616665654557917,0.9166666666666666,FAILED,5,,calibration,UNKNOWN,False,0.12351585995775405,,0.0,,
W00002,development,3,trending,True,P562,NOISE,leak,,,,1.0,0.19985534430357121,True,False,,0.0,,"live: FAILED blocked by calibration,failure_behavior,replication,risk",1.0,0.38097938101451995,1.0,True,0.0,46.97796973920332,0.8333333333333334,FAILED,5,,"calibration,failure_behavior,replication,risk",UNKNOWN,False,0.18112403671094873,,0.0,,
W00002,development,3,trending,True,P563,NOISE,leak,,,,1.0,0.08611218801215452,True,False,,0.0,,"live: FAILED blocked by calibration,replication",1.0,0.1593908488766815,1.0,True,8.0,13.635885426352766,0.9166666666666666,FAILED,5,,"calibration,replication",UNKNOWN,False,0.07327866086452699,,0.0,,
W00002,development,3,trending,True,P564,NOISE,leak,,,,1.0,0.1417297479068894,True,True,0.0,0.0,,promoted,1.0,0.22838331653158014,1.0,True,4.0,24.592667344138384,1.0,PROMOTE,1,,,PROMOTE,False,0.08665356862469076,,0.0,false positive,
W00002,development,3,trending,True,P565,NOISE,leak,,,,1.0,0.20708772488896343,True,False,,0.0,,"live: FAILED blocked by calibration,risk",1.0,0.37259459383811,1.0,True,2.0,39.92320027153299,0.9166666666666666,FAILED,5,,"calibration,risk",UNKNOWN,False,0.16550686894914657,,0.0,,
W00002,development,3,trending,True,P566,NOISE,leak,,,,1.0,0.07501079877353395,True,True,0.0,0.0,,promoted,1.0,0.1355823033169982,1.0,True,9.0,15.996542234420984,1.0,PROMOTE,1,,,PROMOTE,False,0.060571504543464244,,0.0,false positive,
W00002,development,3,trending,True,P567,NOISE,leak,,,,1.0,0.14982038500317704,True,False,,0.0,,"live: FAILED blocked by calibration,failure_behavior,risk",1.0,0.2710538169305348,1.0,True,3.0,26.534281724848174,0.9166666666666666,FAILED,5,,"calibration,failure_behavior,risk",UNKNOWN,False,0.12123343192735778,,0.0,,
W00002,development,3,trending,True,P568,NOISE,leak,,,,1.0,0.19950679064018878,True,True,0.0,0.0,,promoted,1.0,0.3302765071648372,1.0,True,1.0,54.0029165849432,1.0,PROMOTE,1,,,PROMOTE,False,0.13076971652464842,,0.0,false positive,
W00002,development,3,trending,True,P569,NOISE,leak,,,,1.0,0.08702077753890018,True,True,2.0,0.0,,promoted,1.0,0.14866851288174693,1.0,True,7.0,16.246163649611443,1.0,PROMOTE,3,,,PROMOTE,False,0.061647735342846746,,0.0,false positive,
W00002,development,3,trending,True,P570,NOISE,base_null,,,,,,False,False,,,,screen: never raised (t below screen_t or over the cap),0.20971794871794858,0.012927660246734862,,,100.0,1.0329757847998569,,,0,,,REJECT,False,,,0.0,,
W00002,development,3,trending,True,P571,NOISE,base_null,,,,,,False,False,,,,screen: never raised (t below screen_t or over the cap),0.013064220183486297,-0.0014530371741245385,,,349.0,-0.11883565458860895,,,0,,,REJECT,False,,,0.0,,
W00002,development,3,trending,True,P572,NOISE,base_null,,,,,,False,False,,,,screen: never raised (t below screen_t or over the cap),0.12673003802281357,-0.007058093456151271,,,455.0,-0.8202816180438912,,,0,,,REJECT,False,,,0.0,,
W00002,development,3,trending,True,P573,NOISE,base_null,,,,,,False,False,,,,screen: never raised (t below screen_t or over the cap),0.04504514672686244,-0.004218900095834477,,,408.0,-0.4166955022108945,,,0,,,REJECT,False,,,0.0,,
W00002,development,3,trending,True,P574,NOISE,base_null,,,,,,False,False,,,,screen: never raised (t below screen_t or over the cap),0.01358223062381847,-0.0023965164117519255,,,367.0,-0.18445079174571205,,,0,,,REJECT,False,,,0.0,,
W00002,development,3,trending,True,P575,NOISE,base_null,,,,,,False,False,,,,screen: never raised (t below screen_t or over the cap),0.23185185185185186,0.01197619319182508,,,112.0,1.2873076073733383,,,0,,,REJECT,False,,,0.0,,
W00002,development,3,trending,True,P576,NOISE,base_null,,,,,,False,False,,,,screen: never raised (t below screen_t or over the cap),0.003273809523809401,-0.0004602084380810889,,,323.0,-0.03857005437556897,,,0,,,REJECT,False,,,0.0,,
W00002,development,3,trending,True,P577,NOISE,base_null,,,,,,False,False,,,,screen: never raised (t below screen_t or over the cap),0.19103448275862056,0.012918330022931412,,,101.0,1.244431766130559,,,0,,,REJECT,False,,,0.0,,
W00002,development,3,trending,True,P578,NOISE,base_null,,,,,,False,False,,,,screen: never raised (t below screen_t or over the cap),0.03994541484716163,0.0037274851012253363,,,227.0,0.33615798986625567,,,0,,,REJECT,False,,,0.0,,
W00002,development,3,trending,True,P579,NOISE,base_null,,,,,,False,False,,,,screen: never raised (t below screen_t or over the cap),0.23185185185185186,-0.013824429522874715,,,547.0,-1.1083612421578335,,,0,,,REJECT,False,,,0.0,,
W00002,development,3,trending,True,P580,NOISE,base_null,,,,,,False,False,,,,screen: never raised (t below screen_t or over the cap),0.04504514672686244,0.0036835262736557572,,,228.0,0.3567518645416174,,,0,,,REJECT,False,,,0.0,,
W00002,development,3,trending,True,P581,NOISE,base_null,,,,,,False,False,,,,screen: never raised (t below screen_t or over the cap),0.23215083798882685,0.019014193166357107,,,57.0,1.158653194191454,,,0,,,REJECT,False,,,0.0,,
W00002,development,3,trending,True,P582,NOISE,base_null,,,,,,False,False,,,,screen: never raised (t below screen_t or over the cap),0.0,0.0,,,315.0,0.0,,,0,,,REJECT,False,,,0.0,,
W00002,development,3,trending,True,P583,NOISE,base_null,,,,,,False,False,,,,screen: never raised (t below screen_t or over the cap),0.0,0.0,,,317.0,0.0,,,0,,,REJECT,False,,,0.0,,
W00002,development,3,trending,True,P584,NOISE,base_null,,,,,,False,False,,,,screen: never raised (t below screen_t or over the cap),0.003273809523809401,-0.0004602084380810889,,,324.0,-0.03857005437556897,,,0,,,REJECT,False,,,0.0,,
W00002,development,3,trending,True,P585,NOISE,base_null,,,,,,False,False,,,,screen: never raised (t below screen_t or over the cap),0.0,0.0,,,316.0,0.0,,,0,,,REJECT,False,,,0.0,,
W00002,development,3,trending,True,P586,NOISE,base_null,,,,,,False,False,,,,screen: never raised (t below screen_t or over the cap),0.05223918575063602,-0.003167388404463234,,,382.0,-0.4922945646277845,,,0,,,REJECT,False,,,0.0,,
W00002,development,3,trending,True,P587,NOISE,base_null,,,,,,False,False,,,,screen: never raised (t below screen_t or over the cap),0.06957507082152958,0.0055646018487498505,,,201.0,0.527703558170255,,,0,,,REJECT,False,,,0.0,,
W00002,development,3,trending,True,P588,NOISE,base_null,,,,,,False,False,,,,screen: never raised (t below screen_t or over the cap),0.06633159268929512,0.005271318687352977,,,208.0,0.4449601095905671,,,0,,,REJECT,False,,,0.0,,
W00002,development,3,trending,True,P589,NOISE,base_null,,,,,,False,False,,,,screen: never raised (t below screen_t or over the cap),0.06633159268929512,0.00644772160003626,,,183.0,0.5884155468978975,,,0,,,REJECT,False,,,0.0,,
W00002,development,3,trending,True,P590,NOISE,base_null,,,,,,False,False,,,,screen: never raised (t below screen_t or over the cap),0.11524163568773238,0.006251208615635884,,,187.0,0.8486499234748358,,,0,,,REJECT,False,,,0.0,,
W00002,development,3,trending,True,P591,NOISE,base_null,,,,,,False,False,,,,screen: never raised (t below screen_t or over the cap),0.23215083798882685,0.012037796748714413,,,111.0,1.1211481590059755,,,0,,,REJECT,False,,,0.0,,
W00002,development,3,trending,True,P592,NOISE,base_null,,,,,,False,False,,,,screen: never raised (t below screen_t or over the cap),0.23185185185185186,0.011217462731027195,,,120.0,1.0713151940386014,,,0,,,REJECT,False,,,0.0,,
W00002,development,3,trending,True,P593,NOISE,base_null,,,,,,False,False,,,,screen: never raised (t below screen_t or over the cap),0.11524163568773238,-0.008199091268486447,,,480.0,-0.7700848903394418,,,0,,,REJECT,False,,,0.0,,
W00002,development,3,trending,True,P594,NOISE,base_null,,,,,,False,False,,,,screen: never raised (t below screen_t or over the cap),0.11524163568773238,-0.008199091268486447,,,479.0,-0.7700848903394418,,,0,,,REJECT,False,,,0.0,,
W00002,development,3,trending,True,P595,NOISE,base_null,,,,,,True,False,,2.0,,"quarantined: QUARANTINED blocked by calibration,complexity,identity,leakage,out_of_sample,replication,transfer",0.09690938511326863,0.008418965968335563,-1.0,False,166.0,0.6687770095261011,0.6666666666666666,QUARANTINED,3,,"calibration,complexity,identity,leakage,out_of_sample,replication,transfer",QUARANTINE,False,,,0.0,,
W00002,development,3,trending,True,P596,NOISE,base_null,,,,,,False,False,,,,screen: never raised (t below screen_t or over the cap),0.06957507082152958,-0.007135585310993953,,,457.0,-0.6236002750507083,,,0,,,REJECT,False,,,0.0,,
W00002,development,3,trending,True,P597,NOISE,base_null,,,,,,False,False,,,,screen: never raised (t below screen_t or over the cap),0.32075221238938056,-0.013992120465337654,,,550.0,-1.361218838402124,,,0,,,REJECT,False,,,0.0,,
W00002,development,3,trending,True,P598,NOISE,base_null,,,,,,False,False,,,,screen: never raised (t below screen_t or over the cap),0.04504514672686244,0.00273261154896709,,,249.0,0.4362326725997833,,,0,,,REJECT,False,,,0.0,,
W00002,development,3,trending,True,P599,NOISE,base_null,,,,,,False,False,,,,screen: never raised (t below screen_t or over the cap),0.5738513513513513,-0.01923693177944996,,,578.0,-2.0347897287504124,,,0,,,REJECT,False,,,0.0,,
W00002,development,3,trending,True,P600,NOISE,base_null,,,,,,False,False,,,,screen: never raised (t below screen_t or over the cap),0.2808633093525179,-0.013426607960951464,,,543.0,-1.3666424893528637,,,0,,,REJECT,False,,,0.0,,
W00002,development,3,trending,True,P601,NOISE,base_null,,,,,,False,False,,,,screen: never raised (t below screen_t or over the cap),0.06957507082152958,-0.005574055609149808,,,434.0,-0.483896433797545,,,0,,,REJECT,False,,,0.0,,
W00002,development,3,trending,True,P602,NOISE,base_null,,,,,,False,False,,,,screen: never raised (t below screen_t or over the cap),0.003273809523809401,0.00024379175596400682,,,307.0,0.02489712030514271,,,0,,,REJECT,False,,,0.0,,
W00002,development,3,trending,True,P603,NOISE,base_null,,,,,,False,False,,,,screen: never raised (t below screen_t or over the cap),0.06957507082152958,-0.007282930019584244,,,463.0,-0.588288337195375,,,0,,,REJECT,False,,,0.0,,
W00002,development,3,trending,True,P604,NOISE,base_null,,,,,,False,False,,,,screen: never raised (t below screen_t or over the cap),0.22650000000000003,0.010714250637611333,,,125.0,1.2350601701084647,,,0,,,REJECT,False,,,0.0,,
